detail,event_count,file_path,matched_media_id,matched_slug,media_type,plex_guid,sidecar_path,status,title
title-only movie match,219,F:\MediaStack\data\media\movies\Back to the Future (1985)\Back to the Future (1985) [Bluray-1080p] {imdb-tt0088763}.mp4,1564,back-to-the-future,movie,imdb://tt0088763,F:\MediaStack\data\media\movies\Back to the Future (1985)\Back to the Future (1985) [Bluray-1080p] {imdb-tt0088763}.leapfrog.json,written,Back to the Future
title-only movie match,181,"F:\MediaStack\data\media\movies\Yours, Mine & Ours (2005)\Yours Mine and Ours (2005) [WEBDL-1080p] {imdb-tt0443295}.mkv",3649,yours-mine-ours,movie,imdb://tt0443295,"F:\MediaStack\data\media\movies\Yours, Mine & Ours (2005)\Yours Mine and Ours (2005) [WEBDL-1080p] {imdb-tt0443295}.leapfrog.json",written,"Yours, Mine & Ours"
title-only movie match,127,F:\MediaStack\data\media\movies\Zathura - A Space Adventure (2005)\Zathura A Space Adventure (2005) [Bluray-1080p] {imdb-tt0406375}.mkv,3276,zathura-a-space-adventure,movie,imdb://tt0406375,F:\MediaStack\data\media\movies\Zathura - A Space Adventure (2005)\Zathura A Space Adventure (2005) [Bluray-1080p] {imdb-tt0406375}.leapfrog.json,written,Zathura: A Space Adventure
title-only movie match,134,F:\MediaStack\data\media\movies\Zero Dark Thirty (2012)\Zero Dark Thirty (2012) [Bluray-1080p Proper] {imdb-tt1790885}.mkv,1523,zero-dark-thirty,movie,imdb://tt1790885,F:\MediaStack\data\media\movies\Zero Dark Thirty (2012)\Zero Dark Thirty (2012) [Bluray-1080p Proper] {imdb-tt1790885}.leapfrog.json,written,Zero Dark Thirty
title-only movie match,146,F:\MediaStack\data\media\movies\Zookeeper (2011)\Zookeeper (2011) [Bluray-1080p] {imdb-tt1222817}.mkv,1368,zookeeper,movie,imdb://tt1222817,F:\MediaStack\data\media\movies\Zookeeper (2011)\Zookeeper (2011) [Bluray-1080p] {imdb-tt1222817}.leapfrog.json,written,Zookeeper
title-only movie match,78,F:\MediaStack\data\media\movies\The Zookeeper's Wife (2017)\The Zookeepers Wife (2017) [Bluray-1080p] {imdb-tt1730768}.mkv,148998,the-zookeepers-wife,movie,imdb://tt1730768,F:\MediaStack\data\media\movies\The Zookeeper's Wife (2017)\The Zookeepers Wife (2017) [Bluray-1080p] {imdb-tt1730768}.leapfrog.json,written,The Zookeeper's Wife
title-only movie match,151,F:\MediaStack\data\media\movies\Zoolander (2001)\Zoolander (2001) [Bluray-1080p] {imdb-tt0196229}.mp4,1232,zoolander,movie,imdb://tt0196229,F:\MediaStack\data\media\movies\Zoolander (2001)\Zoolander (2001) [Bluray-1080p] {imdb-tt0196229}.leapfrog.json,written,Zoolander
title-only movie match,190,F:\MediaStack\data\media\movies\Zoolander 2 (2016)\Zoolander 2 (2016) [Bluray-1080p] {imdb-tt1608290}.mkv,3076,zoolander-no-2-the-magnum-edition,movie,imdb://tt1608290,F:\MediaStack\data\media\movies\Zoolander 2 (2016)\Zoolander 2 (2016) [Bluray-1080p] {imdb-tt1608290}.leapfrog.json,written,Zoolander 2
title-only movie match,90,F:\MediaStack\data\media\movies\Wonder (2017)\Wonder (2017) [Bluray-720p] {imdb-tt2543472}.mkv,212002,wonder,movie,imdb://tt2543472,F:\MediaStack\data\media\movies\Wonder (2017)\Wonder (2017) [Bluray-720p] {imdb-tt2543472}.leapfrog.json,written,Wonder
title-only movie match,256,F:\MediaStack\data\media\movies\The World Is Not Enough (1999)\The World Is Not Enough (1999) [WEBDL-1080p] {imdb-tt0143145}.mkv,660406,the-world-is-not-enough,movie,imdb://tt0143145,F:\MediaStack\data\media\movies\The World Is Not Enough (1999)\The World Is Not Enough (1999) [WEBDL-1080p] {imdb-tt0143145}.leapfrog.json,written,The World Is Not Enough
title-only movie match,157,F:\MediaStack\data\media\movies\World War Z (2013)\World War Z (2013) [Bluray-1080p] {imdb-tt0816711}.mkv,1008,world-war-z,movie,imdb://tt0816711,F:\MediaStack\data\media\movies\World War Z (2013)\World War Z (2013) [Bluray-1080p] {imdb-tt0816711}.leapfrog.json,written,World War Z
title-only movie match,365,F:\MediaStack\data\media\movies\Wrath of Man (2021)\Wrath of Man (2021) [Bluray-1080p] {imdb-tt11083552}.mkv,691186,wrath-of-man,movie,imdb://tt11083552,F:\MediaStack\data\media\movies\Wrath of Man (2021)\Wrath of Man (2021) [Bluray-1080p] {imdb-tt11083552}.leapfrog.json,written,Wrath of Man
title-only movie match,226,F:\MediaStack\data\media\movies\xXx (2002)\xXx (2002) [Bluray-1080p] {imdb-tt0295701}.mkv,3776,xxx,movie,imdb://tt0295701,F:\MediaStack\data\media\movies\xXx (2002)\xXx (2002) [Bluray-1080p] {imdb-tt0295701}.leapfrog.json,written,xXx
title-only movie match,347,F:\MediaStack\data\media\movies\xXx - Return of Xander Cage (2017)\xXx Return of Xander Cage (2017) [Bluray-1080p] {imdb-tt1293847}.mkv,33515,xxx-return-of-xander-cage,movie,imdb://tt1293847,F:\MediaStack\data\media\movies\xXx - Return of Xander Cage (2017)\xXx Return of Xander Cage (2017) [Bluray-1080p] {imdb-tt1293847}.leapfrog.json,written,xXx: Return of Xander Cage
title-only movie match,132,F:\MediaStack\data\media\movies\Yesterday (2019)\Yesterday (2019) [Bluray-1080p] {imdb-tt8079248}.mkv,674723,yesterday,movie,imdb://tt8079248,F:\MediaStack\data\media\movies\Yesterday (2019)\Yesterday (2019) [Bluray-1080p] {imdb-tt8079248}.leapfrog.json,written,Yesterday
title-only movie match,106,F:\MediaStack\data\media\movies\Wicked - For Good (2025)\Wicked For Good (2025) [Bluray-1080p] {imdb-tt19847976}.mp4,703970,wicked-for-good,movie,imdb://tt19847976,F:\MediaStack\data\media\movies\Wicked - For Good (2025)\Wicked For Good (2025) [Bluray-1080p] {imdb-tt19847976}.leapfrog.json,written,Wicked: For Good
title-only movie match,141,F:\MediaStack\data\media\movies\The Wild Robot (2024)\The Wild Robot (2024) [Bluray-1080p] {imdb-tt29623480}.mkv,700464,the-wild-robot,movie,imdb://tt29623480,F:\MediaStack\data\media\movies\The Wild Robot (2024)\The Wild Robot (2024) [Bluray-1080p] {imdb-tt29623480}.leapfrog.json,written,The Wild Robot
title-only movie match,124,F:\MediaStack\data\media\movies\Wish Dragon (2021)\Wish Dragon (2021) [WEBDL-1080p] {imdb-tt5562070}.mkv,684067,wish-dragon,movie,imdb://tt5562070,F:\MediaStack\data\media\movies\Wish Dragon (2021)\Wish Dragon (2021) [WEBDL-1080p] {imdb-tt5562070}.leapfrog.json,written,Wish Dragon
title-only movie match,88,F:\MediaStack\data\media\movies\Witness (1985)\Witness (1985) [Bluray-1080p] {imdb-tt0090329}.mkv,2652,witness,movie,imdb://tt0090329,F:\MediaStack\data\media\movies\Witness (1985)\Witness (1985) [Bluray-1080p] {imdb-tt0090329}.leapfrog.json,written,Witness
title-only movie match,235,F:\MediaStack\data\media\movies\What Women Want (2000)\What Women Want (2000) [Bluray-1080p] {imdb-tt0207201}.mkv,3386,what-women-want,movie,imdb://tt0207201,F:\MediaStack\data\media\movies\What Women Want (2000)\What Women Want (2000) [Bluray-1080p] {imdb-tt0207201}.leapfrog.json,written,What Women Want
title-only movie match,91,F:\MediaStack\data\media\movies\What's Eating Gilbert Grape (1993)\Whats Eating Gilbert Grape (1993) [Bluray-1080p] {imdb-tt0108550}.mkv,3148,whats-eating-gilbert-grape,movie,imdb://tt0108550,F:\MediaStack\data\media\movies\What's Eating Gilbert Grape (1993)\Whats Eating Gilbert Grape (1993) [Bluray-1080p] {imdb-tt0108550}.leapfrog.json,written,What's Eating Gilbert Grape
title-only movie match,86,F:\MediaStack\data\media\movies\When a Stranger Calls (1979)\When a Stranger Calls (1979) [Bluray-1080p] {imdb-tt0080130}.mp4,3499,when-a-stranger-calls-2006,movie,imdb://tt0080130,F:\MediaStack\data\media\movies\When a Stranger Calls (1979)\When a Stranger Calls (1979) [Bluray-1080p] {imdb-tt0080130}.leapfrog.json,written,When a Stranger Calls
title-only movie match,86,F:\MediaStack\data\media\movies\When a Stranger Calls (2006)\When a Stranger Calls (2006) [Bluray-720p] {imdb-tt0455857}.mkv,3499,when-a-stranger-calls-2006,movie,imdb://tt0455857,F:\MediaStack\data\media\movies\When a Stranger Calls (2006)\When a Stranger Calls (2006) [Bluray-720p] {imdb-tt0455857}.leapfrog.json,written,When a Stranger Calls
title-only movie match,87,F:\MediaStack\data\media\movies\Where the Crawdads Sing (2022)\Where the Crawdads Sing (2022) [Bluray-1080p] {imdb-tt9411972}.mp4,691773,where-the-crawdads-sing,movie,imdb://tt9411972,F:\MediaStack\data\media\movies\Where the Crawdads Sing (2022)\Where the Crawdads Sing (2022) [Bluray-1080p] {imdb-tt9411972}.leapfrog.json,written,Where the Crawdads Sing
title-only movie match,337,F:\MediaStack\data\media\movies\Whiskey Tango Foxtrot (2016)\Whiskey Tango Foxtrot (2016) [Bluray-1080p] {imdb-tt3553442}.mkv,3300,whiskey-tango-foxtrot,movie,imdb://tt3553442,F:\MediaStack\data\media\movies\Whiskey Tango Foxtrot (2016)\Whiskey Tango Foxtrot (2016) [Bluray-1080p] {imdb-tt3553442}.leapfrog.json,written,Whiskey Tango Foxtrot
title-only movie match,166,F:\MediaStack\data\media\movies\White House Down (2013)\White House Down (2013) [Bluray-1080p] {imdb-tt2334879}.mp4,1480,white-house-down,movie,imdb://tt2334879,F:\MediaStack\data\media\movies\White House Down (2013)\White House Down (2013) [Bluray-1080p] {imdb-tt2334879}.leapfrog.json,written,White House Down
title-only movie match,93,F:\MediaStack\data\media\movies\White Noise (2005)\White Noise (2005) [Bluray-1080p] {imdb-tt0375210}.mp4,692738,white-noise-d70c7,movie,imdb://tt0375210,F:\MediaStack\data\media\movies\White Noise (2005)\White Noise (2005) [Bluray-1080p] {imdb-tt0375210}.leapfrog.json,written,White Noise
title-only movie match,104,F:\MediaStack\data\media\movies\Wicked (2024)\Wicked (2024) [Bluray-1080p] {imdb-tt1262426}.mkv,700214,wicked-c5192,movie,imdb://tt1262426,F:\MediaStack\data\media\movies\Wicked (2024)\Wicked (2024) [Bluray-1080p] {imdb-tt1262426}.leapfrog.json,written,Wicked
title-only movie match,218,F:\MediaStack\data\media\movies\Warrior (2011)\Warrior (2011) [Bluray-1080p] {imdb-tt1291584}.mp4,2232,warrior,movie,imdb://tt1291584,F:\MediaStack\data\media\movies\Warrior (2011)\Warrior (2011) [Bluray-1080p] {imdb-tt1291584}.leapfrog.json,written,Warrior
title-only movie match,244,F:\MediaStack\data\media\movies\Waterworld (1995)\Waterworld (1995) [Bluray-1080p] {imdb-tt0114898}.mp4,2899,waterworld,movie,imdb://tt0114898,F:\MediaStack\data\media\movies\Waterworld (1995)\Waterworld (1995) [Bluray-1080p] {imdb-tt0114898}.leapfrog.json,written,Waterworld
title-only movie match,160,F:\MediaStack\data\media\movies\Wayne's World (1992)\Waynes World (1992) [Bluray-1080p] {imdb-tt0105793}.mkv,2230,waynes-world,movie,imdb://tt0105793,F:\MediaStack\data\media\movies\Wayne's World (1992)\Waynes World (1992) [Bluray-1080p] {imdb-tt0105793}.leapfrog.json,written,Wayne's World
title-only movie match,238,F:\MediaStack\data\media\movies\Wayne's World 2 (1993)\Waynes World 2 (1993) [Bluray-1080p] {imdb-tt0108525}.mkv,3792,waynes-world-2,movie,imdb://tt0108525,F:\MediaStack\data\media\movies\Wayne's World 2 (1993)\Waynes World 2 (1993) [Bluray-1080p] {imdb-tt0108525}.leapfrog.json,written,Wayne's World 2
title-only movie match,239,F:\MediaStack\data\media\movies\We Were Soldiers (2002)\We Were Soldiers (2002) [Bluray-1080p] {imdb-tt0277434}.mkv,1618,we-were-soldiers,movie,imdb://tt0277434,F:\MediaStack\data\media\movies\We Were Soldiers (2002)\We Were Soldiers (2002) [Bluray-1080p] {imdb-tt0277434}.leapfrog.json,written,We Were Soldiers
title-only movie match,178,F:\MediaStack\data\media\movies\Welcome to Marwen (2018)\Welcome to Marwen (2018) [Bluray-1080p] {imdb-tt3289724}.mkv,672633,welcome-to-marwen,movie,imdb://tt3289724,F:\MediaStack\data\media\movies\Welcome to Marwen (2018)\Welcome to Marwen (2018) [Bluray-1080p] {imdb-tt3289724}.leapfrog.json,written,Welcome to Marwen
title-only movie match,128,F:\MediaStack\data\media\movies\Vanilla Sky (2001)\Vanilla Sky (2001) [Bluray-1080p Proper] {imdb-tt0259711}.mkv,1833,vanilla-sky,movie,imdb://tt0259711,F:\MediaStack\data\media\movies\Vanilla Sky (2001)\Vanilla Sky (2001) [Bluray-1080p Proper] {imdb-tt0259711}.leapfrog.json,written,Vanilla Sky
title-only movie match,199,F:\MediaStack\data\media\movies\Venom (2018)\Venom (2018) [Bluray-1080p] {imdb-tt1270797}.mp4,670817,venom,movie,imdb://tt1270797,F:\MediaStack\data\media\movies\Venom (2018)\Venom (2018) [Bluray-1080p] {imdb-tt1270797}.leapfrog.json,written,Venom
title-only movie match,166,F:\MediaStack\data\media\movies\Venom - Let There Be Carnage (2021)\Venom Let There Be Carnage (2021) [Bluray-1080p] {imdb-tt7097896}.mp4,691703,venom-let-there-be-carnage,movie,imdb://tt7097896,F:\MediaStack\data\media\movies\Venom - Let There Be Carnage (2021)\Venom Let There Be Carnage (2021) [Bluray-1080p] {imdb-tt7097896}.leapfrog.json,written,Venom: Let There Be Carnage
title-only movie match,202,F:\MediaStack\data\media\movies\Venom - The Last Dance (2024)\Venom The Last Dance (2024) [WEBDL-1080p Proper] {imdb-tt16366836}.mkv,701662,venom-the-last-dance,movie,imdb://tt16366836,F:\MediaStack\data\media\movies\Venom - The Last Dance (2024)\Venom The Last Dance (2024) [WEBDL-1080p Proper] {imdb-tt16366836}.leapfrog.json,written,Venom: The Last Dance
title-only movie match,149,F:\MediaStack\data\media\movies\Vertical Limit (2000)\Vertical Limit (2000) [Bluray-1080p] {imdb-tt0190865}.mp4,10082,vertical-limit,movie,imdb://tt0190865,F:\MediaStack\data\media\movies\Vertical Limit (2000)\Vertical Limit (2000) [Bluray-1080p] {imdb-tt0190865}.leapfrog.json,written,Vertical Limit
title-only movie match,73,F:\MediaStack\data\media\movies\Vivo (2021)\Vivo (2021) [WEBRip-1080p] {imdb-tt6338498}.mp4,684259,vivo,movie,imdb://tt6338498,F:\MediaStack\data\media\movies\Vivo (2021)\Vivo (2021) [WEBRip-1080p] {imdb-tt6338498}.leapfrog.json,written,Vivo
title-only movie match,123,F:\MediaStack\data\media\movies\Unbroken (2014)\Unbroken (2014) [Bluray-1080p] {imdb-tt1809398}.mp4,1688,unbroken,movie,imdb://tt1809398,F:\MediaStack\data\media\movies\Unbroken (2014)\Unbroken (2014) [Bluray-1080p] {imdb-tt1809398}.leapfrog.json,written,Unbroken
title-only movie match,194,F:\MediaStack\data\media\movies\Uncharted (2022)\Uncharted (2022) [Bluray-1080p] {imdb-tt1464335}.mkv,689402,uncharted,movie,imdb://tt1464335,F:\MediaStack\data\media\movies\Uncharted (2022)\Uncharted (2022) [Bluray-1080p] {imdb-tt1464335}.leapfrog.json,written,Uncharted
title-only movie match,225,F:\MediaStack\data\media\movies\Uncle Buck (1989)\Uncle Buck (1989) [Bluray-1080p] {imdb-tt0098554}.mkv,2730,uncle-buck,movie,imdb://tt0098554,F:\MediaStack\data\media\movies\Uncle Buck (1989)\Uncle Buck (1989) [Bluray-1080p] {imdb-tt0098554}.leapfrog.json,written,Uncle Buck
title-only movie match,151,F:\MediaStack\data\media\movies\Uncle Drew (2018)\Uncle Drew (2018) [Bluray-1080p] {imdb-tt7334528}.mp4,669784,uncle-drew,movie,imdb://tt7334528,F:\MediaStack\data\media\movies\Uncle Drew (2018)\Uncle Drew (2018) [Bluray-1080p] {imdb-tt7334528}.leapfrog.json,written,Uncle Drew
title-only movie match,176,F:\MediaStack\data\media\movies\United 93 (2006)\United 93 (2006) [Bluray-1080p] {imdb-tt0475276}.mkv,2993,united-93,movie,imdb://tt0475276,F:\MediaStack\data\media\movies\United 93 (2006)\United 93 (2006) [Bluray-1080p] {imdb-tt0475276}.leapfrog.json,written,United 93
title-only movie match,121,F:\MediaStack\data\media\movies\Unstoppable (2010)\Unstoppable (2010) [Bluray-1080p] {imdb-tt0477080}.mkv,700376,unstoppable-c1739,movie,imdb://tt0477080,F:\MediaStack\data\media\movies\Unstoppable (2010)\Unstoppable (2010) [Bluray-1080p] {imdb-tt0477080}.leapfrog.json,written,Unstoppable
title-only movie match,145,F:\MediaStack\data\media\movies\The Untouchables (1987)\The Untouchables (1987) [Bluray-1080p] {imdb-tt0094226}.mkv,1047,the-untouchables,movie,imdb://tt0094226,F:\MediaStack\data\media\movies\The Untouchables (1987)\The Untouchables (1987) [Bluray-1080p] {imdb-tt0094226}.leapfrog.json,written,The Untouchables
title-only movie match,156,F:\MediaStack\data\media\movies\The Trial of the Chicago 7 (2020)\The Trial of the Chicago 7 (2020) [WEBDL-1080p] {imdb-tt1070874}.mkv,681451,the-trial-of-the-chicago-7,movie,imdb://tt1070874,F:\MediaStack\data\media\movies\The Trial of the Chicago 7 (2020)\The Trial of the Chicago 7 (2020) [WEBDL-1080p] {imdb-tt1070874}.leapfrog.json,written,The Trial of the Chicago 7
title-only movie match,151,F:\MediaStack\data\media\movies\Trolls (2016)\Trolls (2016) [Bluray-1080p Proper] {imdb-tt1679335}.mp4,80414,trolls,movie,imdb://tt1679335,F:\MediaStack\data\media\movies\Trolls (2016)\Trolls (2016) [Bluray-1080p Proper] {imdb-tt1679335}.leapfrog.json,written,Trolls
title-only movie match,532,F:\MediaStack\data\media\movies\Tropic Thunder (2008)\Tropic Thunder (2008) [Bluray-1080p] {imdb-tt0942385}.mp4,1865,tropic-thunder,movie,imdb://tt0942385,F:\MediaStack\data\media\movies\Tropic Thunder (2008)\Tropic Thunder (2008) [Bluray-1080p] {imdb-tt0942385}.leapfrog.json,written,Tropic Thunder
title-only movie match,88,F:\MediaStack\data\media\movies\The Truman Show (1998)\The Truman Show (1998) [Bluray-1080p] {imdb-tt0120382}.mp4,2213,the-truman-show,movie,imdb://tt0120382,F:\MediaStack\data\media\movies\The Truman Show (1998)\The Truman Show (1998) [Bluray-1080p] {imdb-tt0120382}.leapfrog.json,written,The Truman Show
title-only movie match,79,F:\MediaStack\data\media\movies\Twilight (1998)\Twilight (1998) [Bluray-1080p] {imdb-tt0119594}.mkv,1545,twilight,movie,imdb://tt0119594,F:\MediaStack\data\media\movies\Twilight (1998)\Twilight (1998) [Bluray-1080p] {imdb-tt0119594}.leapfrog.json,written,Twilight
title-only movie match,79,F:\MediaStack\data\media\movies\Twilight (2008)\Twilight (2008) [Bluray-1080p] {imdb-tt1099212}.mkv,1545,twilight,movie,imdb://tt1099212,F:\MediaStack\data\media\movies\Twilight (2008)\Twilight (2008) [Bluray-1080p] {imdb-tt1099212}.leapfrog.json,written,Twilight
title-only movie match,123,F:\MediaStack\data\media\movies\The Twilight Saga - Breaking Dawn - Part 1 (2011)\The Twilight Saga Breaking Dawn Part 1 (2011) [Bluray-1080p] {imdb-tt1324999}.mkv,1539,the-twilight-saga-breaking-dawn-part-1,movie,imdb://tt1324999,F:\MediaStack\data\media\movies\The Twilight Saga - Breaking Dawn - Part 1 (2011)\The Twilight Saga Breaking Dawn Part 1 (2011) [Bluray-1080p] {imdb-tt1324999}.leapfrog.json,written,The Twilight Saga: Breaking Dawn - Part 1
title-only movie match,109,F:\MediaStack\data\media\movies\The Twilight Saga - Eclipse (2010)\The Twilight Saga Eclipse (2010) [Bluray-1080p] {imdb-tt1325004}.mkv,1549,the-twilight-saga-eclipse,movie,imdb://tt1325004,F:\MediaStack\data\media\movies\The Twilight Saga - Eclipse (2010)\The Twilight Saga Eclipse (2010) [Bluray-1080p] {imdb-tt1325004}.leapfrog.json,written,The Twilight Saga: Eclipse
title-only movie match,78,F:\MediaStack\data\media\movies\The Twilight Saga - New Moon (2009)\The Twilight Saga New Moon (2009) [Bluray-1080p] {imdb-tt1259571}.mkv,1546,the-twilight-saga-new-moon,movie,imdb://tt1259571,F:\MediaStack\data\media\movies\The Twilight Saga - New Moon (2009)\The Twilight Saga New Moon (2009) [Bluray-1080p] {imdb-tt1259571}.leapfrog.json,written,The Twilight Saga: New Moon
title-only movie match,216,F:\MediaStack\data\media\movies\Top Gun (1986)\Top Gun (1986) [Bluray-1080p Proper] {imdb-tt0092099}.mp4,1326,top-gun,movie,imdb://tt0092099,F:\MediaStack\data\media\movies\Top Gun (1986)\Top Gun (1986) [Bluray-1080p Proper] {imdb-tt0092099}.leapfrog.json,written,Top Gun
title-only movie match,118,F:\MediaStack\data\media\movies\Top Gun - Maverick (2022)\Top Gun Maverick (2022) [Bluray-1080p] {imdb-tt1745960}.mp4,680774,top-gun-maverick,movie,imdb://tt1745960,F:\MediaStack\data\media\movies\Top Gun - Maverick (2022)\Top Gun Maverick (2022) [Bluray-1080p] {imdb-tt1745960}.leapfrog.json,written,Top Gun: Maverick
title-only movie match,108,F:\MediaStack\data\media\movies\The Tourist (2010)\The Tourist (2010) [Bluray-1080p] {imdb-tt1243957}.mkv,1142,the-tourist,movie,imdb://tt1243957,F:\MediaStack\data\media\movies\The Tourist (2010)\The Tourist (2010) [Bluray-1080p] {imdb-tt1243957}.leapfrog.json,written,The Tourist
title-only movie match,193,F:\MediaStack\data\media\movies\Tower Heist (2011)\Tower Heist (2011) [WEBDL-1080p] {imdb-tt0471042}.mkv,1989,tower-heist,movie,imdb://tt0471042,F:\MediaStack\data\media\movies\Tower Heist (2011)\Tower Heist (2011) [WEBDL-1080p] {imdb-tt0471042}.leapfrog.json,written,Tower Heist
title-only movie match,212,F:\MediaStack\data\media\movies\Transformers (2007)\Transformers (2007) [Bluray-1080p] {imdb-tt0418279}.mp4,2003,transformers,movie,imdb://tt0418279,F:\MediaStack\data\media\movies\Transformers (2007)\Transformers (2007) [Bluray-1080p] {imdb-tt0418279}.leapfrog.json,written,Transformers
title-only movie match,131,F:\MediaStack\data\media\movies\Transformers One (2024)\Transformers One (2024) [Bluray-1080p Proper] {imdb-tt8864596}.mkv,699800,transformers-one,movie,imdb://tt8864596,F:\MediaStack\data\media\movies\Transformers One (2024)\Transformers One (2024) [Bluray-1080p Proper] {imdb-tt8864596}.leapfrog.json,written,Transformers One
title-only movie match,225,F:\MediaStack\data\media\movies\Transformers - Age of Extinction (2014)\Transformers Age of Extinction (2014) [WEBDL-1080p] {imdb-tt2109248}.mkv,1537,transformers-age-of-extinction,movie,imdb://tt2109248,F:\MediaStack\data\media\movies\Transformers - Age of Extinction (2014)\Transformers Age of Extinction (2014) [WEBDL-1080p] {imdb-tt2109248}.leapfrog.json,written,Transformers: Age of Extinction
title-only movie match,264,F:\MediaStack\data\media\movies\Transformers - Dark of the Moon (2011)\Transformers Dark of the Moon (2011) [Bluray-1080p] {imdb-tt1399103}.mp4,1491,transformers-dark-of-the-moon,movie,imdb://tt1399103,F:\MediaStack\data\media\movies\Transformers - Dark of the Moon (2011)\Transformers Dark of the Moon (2011) [Bluray-1080p] {imdb-tt1399103}.leapfrog.json,written,Transformers: Dark of the Moon
title-only movie match,176,F:\MediaStack\data\media\movies\Transformers - Revenge of the Fallen (2009)\Transformers Revenge of the Fallen (2009) [Bluray-1080p] {imdb-tt1055369}.mp4,1267,transformers-revenge-of-the-fallen,movie,imdb://tt1055369,F:\MediaStack\data\media\movies\Transformers - Revenge of the Fallen (2009)\Transformers Revenge of the Fallen (2009) [Bluray-1080p] {imdb-tt1055369}.leapfrog.json,written,Transformers: Revenge of the Fallen
title-only movie match,160,F:\MediaStack\data\media\movies\Transformers - Rise of the Beasts (2023)\Transformers Rise of the Beasts (2023) [Bluray-1080p] {imdb-tt5090568}.mp4,694727,transformers-rise-of-the-beasts,movie,imdb://tt5090568,F:\MediaStack\data\media\movies\Transformers - Rise of the Beasts (2023)\Transformers Rise of the Beasts (2023) [Bluray-1080p] {imdb-tt5090568}.leapfrog.json,written,Transformers: Rise of the Beasts
title-only movie match,230,F:\MediaStack\data\media\movies\Transformers - The Last Knight (2017)\Transformers The Last Knight (2017) [Bluray-1080p Proper] {imdb-tt3371366}.mkv,174690,transformers-the-last-knight,movie,imdb://tt3371366,F:\MediaStack\data\media\movies\Transformers - The Last Knight (2017)\Transformers The Last Knight (2017) [Bluray-1080p Proper] {imdb-tt3371366}.leapfrog.json,written,Transformers: The Last Knight
title-only movie match,222,F:\MediaStack\data\media\movies\The Transporter Refueled (2015)\The Transporter Refueled (2015) [Bluray-1080p] {imdb-tt2938956}.mkv,2406,the-transporter-refueled,movie,imdb://tt2938956,F:\MediaStack\data\media\movies\The Transporter Refueled (2015)\The Transporter Refueled (2015) [Bluray-1080p] {imdb-tt2938956}.leapfrog.json,written,The Transporter Refueled
title-only movie match,194,F:\MediaStack\data\media\movies\Timeline (2003)\Timeline (2003) [Bluray-1080p Proper] {imdb-tt0300556}.mp4,3737,timeline,movie,imdb://tt0300556,F:\MediaStack\data\media\movies\Timeline (2003)\Timeline (2003) [Bluray-1080p Proper] {imdb-tt0300556}.leapfrog.json,written,Timeline
title-only movie match,109,F:\MediaStack\data\media\movies\Tinker Tailor Soldier Spy (2011)\Tinker Tailor Soldier Spy (2011) [Bluray-1080p] {imdb-tt1340800}.mkv,1396,tinker-tailor-soldier-spy,movie,imdb://tt1340800,F:\MediaStack\data\media\movies\Tinker Tailor Soldier Spy (2011)\Tinker Tailor Soldier Spy (2011) [Bluray-1080p] {imdb-tt1340800}.leapfrog.json,written,Tinker Tailor Soldier Spy
title-only movie match,52,F:\MediaStack\data\media\movies\To Kill a Mockingbird (1962)\To Kill a Mockingbird (1962) [Bluray-1080p] {imdb-tt0056592}.mkv,3111,to-kill-a-mockingbird-1962,movie,imdb://tt0056592,F:\MediaStack\data\media\movies\To Kill a Mockingbird (1962)\To Kill a Mockingbird (1962) [Bluray-1080p] {imdb-tt0056592}.leapfrog.json,written,To Kill a Mockingbird
title-only movie match,213,F:\MediaStack\data\media\movies\Tommy Boy (1995)\Tommy Boy (1995) [Bluray-1080p] {imdb-tt0114694}.mkv,2481,tommy-boy,movie,imdb://tt0114694,F:\MediaStack\data\media\movies\Tommy Boy (1995)\Tommy Boy (1995) [Bluray-1080p] {imdb-tt0114694}.leapfrog.json,written,Tommy Boy
title-only movie match,242,F:\MediaStack\data\media\movies\Tomorrow Never Dies (1997)\Tomorrow Never Dies (1997) [Bluray-1080p] {imdb-tt0120347}.mp4,3328,tomorrow-never-dies,movie,imdb://tt0120347,F:\MediaStack\data\media\movies\Tomorrow Never Dies (1997)\Tomorrow Never Dies (1997) [Bluray-1080p] {imdb-tt0120347}.leapfrog.json,written,Tomorrow Never Dies
title-only movie match,96,F:\MediaStack\data\media\movies\The Terminal (2004)\The Terminal (2004) [Bluray-1080p] {imdb-tt0362227}.mkv,2141,the-terminal,movie,imdb://tt0362227,F:\MediaStack\data\media\movies\The Terminal (2004)\The Terminal (2004) [Bluray-1080p] {imdb-tt0362227}.leapfrog.json,written,The Terminal
title-only movie match,155,F:\MediaStack\data\media\movies\The Terminator (1984)\The Terminator (1984) [Bluray-1080p] {imdb-tt0088247}.mkv,1397,the-terminator,movie,imdb://tt0088247,F:\MediaStack\data\media\movies\The Terminator (1984)\The Terminator (1984) [Bluray-1080p] {imdb-tt0088247}.leapfrog.json,written,The Terminator
title-only movie match,149,F:\MediaStack\data\media\movies\Terminator Genisys (2015)\Terminator Genisys (2015) [Bluray-1080p] {imdb-tt1340138}.mp4,2325,terminator-genisys,movie,imdb://tt1340138,F:\MediaStack\data\media\movies\Terminator Genisys (2015)\Terminator Genisys (2015) [Bluray-1080p] {imdb-tt1340138}.leapfrog.json,written,Terminator Genisys
title-only movie match,122,F:\MediaStack\data\media\movies\The Thomas Crown Affair (1968)\The Thomas Crown Affair (1968) [Bluray-1080p] {imdb-tt0063688}.mkv,2547,the-thomas-crown-affair-1999,movie,imdb://tt0063688,F:\MediaStack\data\media\movies\The Thomas Crown Affair (1968)\The Thomas Crown Affair (1968) [Bluray-1080p] {imdb-tt0063688}.leapfrog.json,written,The Thomas Crown Affair
title-only movie match,275,F:\MediaStack\data\media\movies\Takers (2010)\Takers (2010) [Bluray-1080p] {imdb-tt1135084}.mkv,659732,takers,movie,imdb://tt1135084,F:\MediaStack\data\media\movies\Takers (2010)\Takers (2010) [Bluray-1080p] {imdb-tt1135084}.leapfrog.json,written,Takers
title-only movie match,208,F:\MediaStack\data\media\movies\Talladega Nights - The Ballad of Ricky Bobby (2006)\Talladega Nights The Ballad of Ricky Bobby (2006) [Bluray-1080p] {imdb-tt0415306}.mp4,2630,talladega-nights-the-ballad-of-ricky-bobby,movie,imdb://tt0415306,F:\MediaStack\data\media\movies\Talladega Nights - The Ballad of Ricky Bobby (2006)\Talladega Nights The Ballad of Ricky Bobby (2006) [Bluray-1080p] {imdb-tt0415306}.leapfrog.json,written,Talladega Nights: The Ballad of Ricky Bobby
title-only movie match,166,F:\MediaStack\data\media\movies\Tarzan (1999)\Tarzan (1999) [Bluray-1080p] {imdb-tt0120855}.mkv,3819,tarzan-2013,movie,imdb://tt0120855,F:\MediaStack\data\media\movies\Tarzan (1999)\Tarzan (1999) [Bluray-1080p] {imdb-tt0120855}.leapfrog.json,written,Tarzan
title-only movie match,364,F:\MediaStack\data\media\movies\Ted (2012)\Ted (2012) [Bluray-1080p] {imdb-tt1637725}.mkv,1593,ted-unrated,movie,imdb://tt1637725,F:\MediaStack\data\media\movies\Ted (2012)\Ted (2012) [Bluray-1080p] {imdb-tt1637725}.leapfrog.json,written,Ted
title-only movie match,93,F:\MediaStack\data\media\movies\Teenage Mutant Ninja Turtles (2014)\Teenage Mutant Ninja Turtles (2014) [Bluray-1080p] {imdb-tt1291150}.mp4,1603,teenage-mutant-ninja-turtles,movie,imdb://tt1291150,F:\MediaStack\data\media\movies\Teenage Mutant Ninja Turtles (2014)\Teenage Mutant Ninja Turtles (2014) [Bluray-1080p] {imdb-tt1291150}.leapfrog.json,written,Teenage Mutant Ninja Turtles
title-only movie match,167,F:\MediaStack\data\media\movies\Teenage Mutant Ninja Turtles - Mutant Mayhem (2023)\Teenage Mutant Ninja Turtles Mutant Mayhem (2023) [Bluray-1080p] {imdb-tt8589698}.mkv,695478,teenage-mutant-ninja-turtles-mutant-mayhem,movie,imdb://tt8589698,F:\MediaStack\data\media\movies\Teenage Mutant Ninja Turtles - Mutant Mayhem (2023)\Teenage Mutant Ninja Turtles Mutant Mayhem (2023) [Bluray-1080p] {imdb-tt8589698}.leapfrog.json,written,Teenage Mutant Ninja Turtles: Mutant Mayhem
title-only movie match,132,F:\MediaStack\data\media\movies\Teenage Mutant Ninja Turtles - Out of the Shadows (2016)\Teenage Mutant Ninja Turtles Out of the Shadows (2016) [Bluray-1080p] {imdb-tt3949660}.mp4,3675,teenage-mutant-ninja-turtles-out-of-the-shadows,movie,imdb://tt3949660,F:\MediaStack\data\media\movies\Teenage Mutant Ninja Turtles - Out of the Shadows (2016)\Teenage Mutant Ninja Turtles Out of the Shadows (2016) [Bluray-1080p] {imdb-tt3949660}.leapfrog.json,written,Teenage Mutant Ninja Turtles: Out of the Shadows
title-only movie match,105,F:\MediaStack\data\media\movies\Stranger Than Fiction (2006)\Stranger Than Fiction (2006) [WEBDL-1080p] {imdb-tt0420223}.mkv,2229,stranger-than-fiction-2006,movie,imdb://tt0420223,F:\MediaStack\data\media\movies\Stranger Than Fiction (2006)\Stranger Than Fiction (2006) [WEBDL-1080p] {imdb-tt0420223}.leapfrog.json,written,Stranger Than Fiction
title-only movie match,178,F:\MediaStack\data\media\movies\Stripes (1981)\Stripes (1981) [Bluray-1080p] {imdb-tt0083131}.mkv,2178,stripes,movie,imdb://tt0083131,F:\MediaStack\data\media\movies\Stripes (1981)\Stripes (1981) [Bluray-1080p] {imdb-tt0083131}.leapfrog.json,written,Stripes
title-only movie match,342,F:\MediaStack\data\media\movies\Stronger (2017)\Stronger (2017) [Bluray-1080p Proper] {imdb-tt3881784}.mkv,206679,stronger,movie,imdb://tt3881784,F:\MediaStack\data\media\movies\Stronger (2017)\Stronger (2017) [Bluray-1080p Proper] {imdb-tt3881784}.leapfrog.json,written,Stronger
title-only movie match,117,F:\MediaStack\data\media\movies\Stuart Little (1999)\Stuart Little (1999) [Bluray-1080p] {imdb-tt0164912}.mkv,3656,stuart-little,movie,imdb://tt0164912,F:\MediaStack\data\media\movies\Stuart Little (1999)\Stuart Little (1999) [Bluray-1080p] {imdb-tt0164912}.leapfrog.json,written,Stuart Little
title-only movie match,105,F:\MediaStack\data\media\movies\The Sum of All Fears (2002)\The Sum of All Fears (2002) [Bluray-1080p] {imdb-tt0164184}.mkv,2022,the-sum-of-all-fears,movie,imdb://tt0164184,F:\MediaStack\data\media\movies\The Sum of All Fears (2002)\The Sum of All Fears (2002) [Bluray-1080p] {imdb-tt0164184}.leapfrog.json,written,The Sum of All Fears
title-only movie match,253,F:\MediaStack\data\media\movies\Super 8 (2011)\Super 8 (2011) [Bluray-1080p] {imdb-tt1650062}.mkv,2504,super-8,movie,imdb://tt1650062,F:\MediaStack\data\media\movies\Super 8 (2011)\Super 8 (2011) [Bluray-1080p] {imdb-tt1650062}.leapfrog.json,written,Super 8
title-only movie match,154,F:\MediaStack\data\media\movies\The Super Mario Bros. Movie (2023)\The Super Mario Bros. Movie (2023) [Bluray-1080p] {imdb-tt6718170}.mkv,695648,the-super-mario-bros-movie,movie,imdb://tt6718170,F:\MediaStack\data\media\movies\The Super Mario Bros. Movie (2023)\The Super Mario Bros. Movie (2023) [Bluray-1080p] {imdb-tt6718170}.leapfrog.json,written,The Super Mario Bros. Movie
title-only movie match,132,F:\MediaStack\data\media\movies\State of Play (2009)\State of Play (2009) [Bluray-1080p] {imdb-tt0473705}.mkv,3267,state-of-play,movie,imdb://tt0473705,F:\MediaStack\data\media\movies\State of Play (2009)\State of Play (2009) [Bluray-1080p] {imdb-tt0473705}.leapfrog.json,written,State of Play
title-only movie match,216,F:\MediaStack\data\media\movies\Steel Magnolias (1989)\Steel Magnolias (1989) [Bluray-1080p] {imdb-tt0098384}.mkv,2249,steel-magnolias-1989,movie,imdb://tt0098384,F:\MediaStack\data\media\movies\Steel Magnolias (1989)\Steel Magnolias (1989) [Bluray-1080p] {imdb-tt0098384}.leapfrog.json,written,Steel Magnolias
title-only movie match,383,F:\MediaStack\data\media\movies\Step Brothers (2008)\Step Brothers (2008) [Bluray-1080p] {imdb-tt0838283}.mkv,2476,step-brothers,movie,imdb://tt0838283,F:\MediaStack\data\media\movies\Step Brothers (2008)\Step Brothers (2008) [Bluray-1080p] {imdb-tt0838283}.leapfrog.json,written,Step Brothers
title-only movie match,127,F:\MediaStack\data\media\movies\Stillwater (2021)\Stillwater (2021) [Bluray-1080p] {imdb-tt10696896}.mkv,689508,stillwater-2ce45,movie,imdb://tt10696896,F:\MediaStack\data\media\movies\Stillwater (2021)\Stillwater (2021) [Bluray-1080p] {imdb-tt10696896}.leapfrog.json,written,Stillwater
title-only movie match,263,F:\MediaStack\data\media\movies\The Sting (1973)\The Sting (1973) [Bluray-1080p] {imdb-tt0070735}.mkv,2795,the-sting,movie,imdb://tt0070735,F:\MediaStack\data\media\movies\The Sting (1973)\The Sting (1973) [Bluray-1080p] {imdb-tt0070735}.leapfrog.json,written,The Sting
title-only movie match,178,F:\MediaStack\data\media\movies\The SpongeBob Movie - Sponge Out of Water (2015)\The SpongeBob Movie Sponge Out of Water (2015) [Bluray-1080p] {imdb-tt2279373}.mkv,1749,the-spongebob-movie-sponge-out-of-water,movie,imdb://tt2279373,F:\MediaStack\data\media\movies\The SpongeBob Movie - Sponge Out of Water (2015)\The SpongeBob Movie Sponge Out of Water (2015) [Bluray-1080p] {imdb-tt2279373}.leapfrog.json,written,The SpongeBob Movie: Sponge Out of Water
title-only movie match,148,F:\MediaStack\data\media\movies\St. Vincent (2014)\St. Vincent (2014) [Bluray-1080p] {imdb-tt2170593}.mkv,1667,st-vincent,movie,imdb://tt2170593,F:\MediaStack\data\media\movies\St. Vincent (2014)\St. Vincent (2014) [Bluray-1080p] {imdb-tt2170593}.leapfrog.json,written,St. Vincent
title-only movie match,272,F:\MediaStack\data\media\movies\Stand by Me (1986)\Stand by Me (1986) [Bluray-1080p] {imdb-tt0092005}.mkv,2507,stand-by-me-1986,movie,imdb://tt0092005,F:\MediaStack\data\media\movies\Stand by Me (1986)\Stand by Me (1986) [Bluray-1080p] {imdb-tt0092005}.leapfrog.json,written,Stand by Me
title-only movie match,126,F:\MediaStack\data\media\movies\Star Trek (2009)\Star Trek (2009) [Bluray-1080p] {imdb-tt0796366}.mp4,1328,star-trek,movie,imdb://tt0796366,F:\MediaStack\data\media\movies\Star Trek (2009)\Star Trek (2009) [Bluray-1080p] {imdb-tt0796366}.leapfrog.json,written,Star Trek
title-only movie match,171,F:\MediaStack\data\media\movies\Star Trek Beyond (2016)\Star Trek Beyond (2016) [Bluray-1080p] {imdb-tt2660888}.mkv,3732,star-trek-beyond,movie,imdb://tt2660888,F:\MediaStack\data\media\movies\Star Trek Beyond (2016)\Star Trek Beyond (2016) [Bluray-1080p] {imdb-tt2660888}.leapfrog.json,written,Star Trek Beyond
title-only movie match,135,F:\MediaStack\data\media\movies\Star Trek Into Darkness (2013)\Star Trek Into Darkness (2013) [Bluray-1080p] {imdb-tt1408101}.mkv,1004,star-trek-into-darkness,movie,imdb://tt1408101,F:\MediaStack\data\media\movies\Star Trek Into Darkness (2013)\Star Trek Into Darkness (2013) [Bluray-1080p] {imdb-tt1408101}.leapfrog.json,written,Star Trek Into Darkness
title-only movie match,113,F:\MediaStack\data\media\movies\Star Trek IV - The Voyage Home (1986)\Star Trek IV The Voyage Home (1986) [Bluray-1080p] {imdb-tt0092007}.mkv,3022,star-trek-iv-the-voyage-home,movie,imdb://tt0092007,F:\MediaStack\data\media\movies\Star Trek IV - The Voyage Home (1986)\Star Trek IV The Voyage Home (1986) [Bluray-1080p] {imdb-tt0092007}.leapfrog.json,written,Star Trek IV: The Voyage Home
title-only movie match,100,F:\MediaStack\data\media\movies\Star Trek - First Contact (1996)\Star Trek First Contact (1996) [Bluray-1080p] {imdb-tt0117731}.mkv,2885,star-trek-viii-first-contact,movie,imdb://tt0117731,F:\MediaStack\data\media\movies\Star Trek - First Contact (1996)\Star Trek First Contact (1996) [Bluray-1080p] {imdb-tt0117731}.leapfrog.json,written,Star Trek: First Contact
title-only movie match,96,F:\MediaStack\data\media\movies\Star Trek - Generations (1994)\Star Trek Generations (1994) [Bluray-1080p] {imdb-tt0111280}.mkv,658471,star-trek-generations,movie,imdb://tt0111280,F:\MediaStack\data\media\movies\Star Trek - Generations (1994)\Star Trek Generations (1994) [Bluray-1080p] {imdb-tt0111280}.leapfrog.json,written,Star Trek: Generations
title-only movie match,65,F:\MediaStack\data\media\movies\Star Trek - Nemesis (2002)\Star Trek Nemesis (2002) [Bluray-1080p] {imdb-tt0253754}.mkv,3296,star-trek-x-nemesis,movie,imdb://tt0253754,F:\MediaStack\data\media\movies\Star Trek - Nemesis (2002)\Star Trek Nemesis (2002) [Bluray-1080p] {imdb-tt0253754}.leapfrog.json,written,Star Trek: Nemesis
title-only movie match,106,F:\MediaStack\data\media\movies\Spanglish (2004)\Spanglish (2004) [WEBDL-1080p] {imdb-tt0371246}.mp4,3427,spanglish,movie,imdb://tt0371246,F:\MediaStack\data\media\movies\Spanglish (2004)\Spanglish (2004) [WEBDL-1080p] {imdb-tt0371246}.leapfrog.json,written,Spanglish
title-only movie match,219,F:\MediaStack\data\media\movies\The Spectacular Now (2013)\The Spectacular Now (2013) [Bluray-1080p] {imdb-tt1714206}.mkv,1514,the-spectacular-now,movie,imdb://tt1714206,F:\MediaStack\data\media\movies\The Spectacular Now (2013)\The Spectacular Now (2013) [Bluray-1080p] {imdb-tt1714206}.leapfrog.json,written,The Spectacular Now
title-only movie match,123,F:\MediaStack\data\media\movies\Spectre (2015)\Spectre (2015) [Bluray-1080p Proper] {imdb-tt2379713}.mp4,2519,spectre,movie,imdb://tt2379713,F:\MediaStack\data\media\movies\Spectre (2015)\Spectre (2015) [Bluray-1080p Proper] {imdb-tt2379713}.leapfrog.json,written,Spectre
title-only movie match,52,F:\MediaStack\data\media\movies\Spencer (2021)\Spencer (2021) [WEBRip-1080p] {imdb-tt12536294}.mp4,687119,spencer,movie,imdb://tt12536294,F:\MediaStack\data\media\movies\Spencer (2021)\Spencer (2021) [WEBRip-1080p] {imdb-tt12536294}.leapfrog.json,written,Spencer
title-only movie match,164,F:\MediaStack\data\media\movies\Spider-Man (2002)\Spider-Man (2002) [Bluray-1080p Proper] {imdb-tt0145487}.mkv,1351,spider-man,movie,imdb://tt0145487,F:\MediaStack\data\media\movies\Spider-Man (2002)\Spider-Man (2002) [Bluray-1080p Proper] {imdb-tt0145487}.leapfrog.json,written,Spider-Man
title-only movie match,93,F:\MediaStack\data\media\movies\Spider-Man 2 (2004)\Spider-Man 2 (2004) [Bluray-1080p] {imdb-tt0316654}.mkv,1312,spider-man-2,movie,imdb://tt0316654,F:\MediaStack\data\media\movies\Spider-Man 2 (2004)\Spider-Man 2 (2004) [Bluray-1080p] {imdb-tt0316654}.leapfrog.json,written,Spider-Man 2
title-only movie match,141,F:\MediaStack\data\media\movies\Spider-Man 3 (2007)\Spider-Man 3 (2007) [Bluray-1080p] {imdb-tt0413300}.mkv,1218,spider-man-3,movie,imdb://tt0413300,F:\MediaStack\data\media\movies\Spider-Man 3 (2007)\Spider-Man 3 (2007) [Bluray-1080p] {imdb-tt0413300}.leapfrog.json,written,Spider-Man 3
title-only movie match,183,F:\MediaStack\data\media\movies\Spider-Man - Across the Spider-Verse (2023)\Spider-Man Across the Spider-Verse (2023) [Bluray-1080p] {imdb-tt9362722}.mkv,695372,spider-man-across-the-spider-verse,movie,imdb://tt9362722,F:\MediaStack\data\media\movies\Spider-Man - Across the Spider-Verse (2023)\Spider-Man Across the Spider-Verse (2023) [Bluray-1080p] {imdb-tt9362722}.leapfrog.json,written,Spider-Man: Across the Spider-Verse
title-only movie match,123,F:\MediaStack\data\media\movies\Spider-Man - Far From Home (2019)\Spider-Man Far From Home (2019) [Bluray-1080p] {imdb-tt6320628}.mkv,674622,spider-man-far-from-home,movie,imdb://tt6320628,F:\MediaStack\data\media\movies\Spider-Man - Far From Home (2019)\Spider-Man Far From Home (2019) [Bluray-1080p] {imdb-tt6320628}.leapfrog.json,written,Spider-Man: Far from Home
title-only movie match,160,F:\MediaStack\data\media\movies\Spider-Man - Into the Spider-Verse (2018)\Spider-Man Into the Spider-Verse (2018) [Bluray-1080p Proper] {imdb-tt4633694}.mkv,671694,spider-man-into-the-spider-verse,movie,imdb://tt4633694,F:\MediaStack\data\media\movies\Spider-Man - Into the Spider-Verse (2018)\Spider-Man Into the Spider-Verse (2018) [Bluray-1080p Proper] {imdb-tt4633694}.leapfrog.json,written,Spider-Man: Into the Spider-Verse
title-only movie match,132,F:\MediaStack\data\media\movies\Spider-Man - No Way Home (2021)\Spider-Man No Way Home (2021) [Bluray-1080p] {imdb-tt10872600}.mp4,691702,spider-man-no-way-home,movie,imdb://tt10872600,F:\MediaStack\data\media\movies\Spider-Man - No Way Home (2021)\Spider-Man No Way Home (2021) [Bluray-1080p] {imdb-tt10872600}.leapfrog.json,written,Spider-Man: No Way Home
title-only movie match,160,F:\MediaStack\data\media\movies\The Spiderwick Chronicles (2008)\The Spiderwick Chronicles (2008) [Bluray-1080p] {imdb-tt0416236}.mkv,2149,the-spiderwick-chronicles,movie,imdb://tt0416236,F:\MediaStack\data\media\movies\The Spiderwick Chronicles (2008)\The Spiderwick Chronicles (2008) [Bluray-1080p] {imdb-tt0416236}.leapfrog.json,written,The Spiderwick Chronicles
title-only movie match,150,F:\MediaStack\data\media\movies\Spirited (2022)\Spirited (2022) [WEBDL-1080p] {imdb-tt10999120}.mkv,692315,spirited-2c121,movie,imdb://tt10999120,F:\MediaStack\data\media\movies\Spirited (2022)\Spirited (2022) [WEBDL-1080p] {imdb-tt10999120}.leapfrog.json,written,Spirited
title-only movie match,88,F:\MediaStack\data\media\movies\Sneakers (1992)\Sneakers (1992) [Bluray-1080p Proper] {imdb-tt0105435}.mkv,2668,sneakers,movie,imdb://tt0105435,F:\MediaStack\data\media\movies\Sneakers (1992)\Sneakers (1992) [Bluray-1080p Proper] {imdb-tt0105435}.leapfrog.json,written,Sneakers
title-only movie match,169,F:\MediaStack\data\media\movies\Snowden (2016)\Snowden (2016) [Bluray-1080p] {imdb-tt3774114}.mkv,4028,snowden,movie,imdb://tt3774114,F:\MediaStack\data\media\movies\Snowden (2016)\Snowden (2016) [Bluray-1080p] {imdb-tt3774114}.leapfrog.json,written,Snowden
title-only movie match,268,F:\MediaStack\data\media\movies\Snowpiercer (2013)\Snowpiercer (2013) [Bluray-1080p] {imdb-tt1706620}.mp4,1184,snowpiercer,movie,imdb://tt1706620,F:\MediaStack\data\media\movies\Snowpiercer (2013)\Snowpiercer (2013) [Bluray-1080p] {imdb-tt1706620}.leapfrog.json,written,Snowpiercer
title-only movie match,136,F:\MediaStack\data\media\movies\So I Married an Axe Murderer (1993)\So I Married an Axe Murderer (1993) [Bluray-1080p] {imdb-tt0108174}.mp4,2736,so-i-married-an-axe-murderer,movie,imdb://tt0108174,F:\MediaStack\data\media\movies\So I Married an Axe Murderer (1993)\So I Married an Axe Murderer (1993) [Bluray-1080p] {imdb-tt0108174}.leapfrog.json,written,So I Married an Axe Murderer
title-only movie match,138,F:\MediaStack\data\media\movies\The Social Network (2010)\The Social Network (2010) [Bluray-1080p] {imdb-tt1285016}.mkv,1446,the-social-network,movie,imdb://tt1285016,F:\MediaStack\data\media\movies\The Social Network (2010)\The Social Network (2010) [Bluray-1080p] {imdb-tt1285016}.leapfrog.json,written,The Social Network
title-only movie match,152,F:\MediaStack\data\media\movies\Sonic the Hedgehog (2020)\Sonic the Hedgehog (2020) [Bluray-1080p] {imdb-tt3794354}.mkv,677999,sonic-the-hedgehog-a5845,movie,imdb://tt3794354,F:\MediaStack\data\media\movies\Sonic the Hedgehog (2020)\Sonic the Hedgehog (2020) [Bluray-1080p] {imdb-tt3794354}.leapfrog.json,written,Sonic the Hedgehog
title-only movie match,182,F:\MediaStack\data\media\movies\Sonic the Hedgehog 2 (2022)\Sonic the Hedgehog 2 (2022) [Bluray-1080p] {imdb-tt12412888}.mkv,689921,sonic-the-hedgehog-2,movie,imdb://tt12412888,F:\MediaStack\data\media\movies\Sonic the Hedgehog 2 (2022)\Sonic the Hedgehog 2 (2022) [Bluray-1080p] {imdb-tt12412888}.leapfrog.json,written,Sonic the Hedgehog 2
title-only movie match,155,F:\MediaStack\data\media\movies\Sonic the Hedgehog 3 (2024)\Sonic the Hedgehog 3 (2024) [Bluray-1080p Proper] {imdb-tt18259086}.mp4,700466,sonic-the-hedgehog-3,movie,imdb://tt18259086,F:\MediaStack\data\media\movies\Sonic the Hedgehog 3 (2024)\Sonic the Hedgehog 3 (2024) [Bluray-1080p Proper] {imdb-tt18259086}.leapfrog.json,written,Sonic the Hedgehog 3
title-only movie match,230,F:\MediaStack\data\media\movies\Soul Surfer (2011)\Soul Surfer (2011) [Bluray-1080p] {imdb-tt1596346}.mkv,2696,soul-surfer,movie,imdb://tt1596346,F:\MediaStack\data\media\movies\Soul Surfer (2011)\Soul Surfer (2011) [Bluray-1080p] {imdb-tt1596346}.leapfrog.json,written,Soul Surfer
title-only movie match,66,F:\MediaStack\data\media\movies\Source Code (2011)\Source Code (2011) [Bluray-1080p Proper] {imdb-tt0945513}.mkv,1339,source-code,movie,imdb://tt0945513,F:\MediaStack\data\media\movies\Source Code (2011)\Source Code (2011) [Bluray-1080p Proper] {imdb-tt0945513}.leapfrog.json,written,Source Code
title-only movie match,330,F:\MediaStack\data\media\movies\Southpaw (2015)\Southpaw (2015) [Bluray-1080p Proper] {imdb-tt1798684}.mp4,2324,southpaw,movie,imdb://tt1798684,F:\MediaStack\data\media\movies\Southpaw (2015)\Southpaw (2015) [Bluray-1080p Proper] {imdb-tt1798684}.leapfrog.json,written,Southpaw
title-only movie match,104,F:\MediaStack\data\media\movies\Sing (2016)\Sing (2016) [Bluray-1080p] {imdb-tt3470600}.mkv,174604,sing,movie,imdb://tt3470600,F:\MediaStack\data\media\movies\Sing (2016)\Sing (2016) [Bluray-1080p] {imdb-tt3470600}.leapfrog.json,written,Sing
title-only movie match,307,F:\MediaStack\data\media\movies\Sixteen Candles (1984)\Sixteen Candles (1984) [Bluray-1080p] {imdb-tt0088128}.Clean.mkv,2658,sixteen-candles,movie,imdb://tt0088128,F:\MediaStack\data\media\movies\Sixteen Candles (1984)\Sixteen Candles (1984) [Bluray-1080p] {imdb-tt0088128}.Clean.leapfrog.json,written,Sixteen Candles
title-only movie match,387,F:\MediaStack\data\media\movies\Sky High (2005)\Sky High (2005) [Bluray-1080p] {imdb-tt0405325}.mkv,683058,sky-high-58b6e,movie,imdb://tt0405325,F:\MediaStack\data\media\movies\Sky High (2005)\Sky High (2005) [Bluray-1080p] {imdb-tt0405325}.leapfrog.json,written,Sky High
title-only movie match,124,F:\MediaStack\data\media\movies\Skyfall (2012)\Skyfall (2012) [Bluray-1080p] {imdb-tt1074638}.mkv,1713,skyfall-2,movie,imdb://tt1074638,F:\MediaStack\data\media\movies\Skyfall (2012)\Skyfall (2012) [Bluray-1080p] {imdb-tt1074638}.leapfrog.json,written,Skyfall
title-only movie match,65,F:\MediaStack\data\media\movies\Sleepless in Seattle (1993)\Sleepless in Seattle (1993) [Bluray-1080p] {imdb-tt0108160}.mkv,1653,sleepless-in-seattle,movie,imdb://tt0108160,F:\MediaStack\data\media\movies\Sleepless in Seattle (1993)\Sleepless in Seattle (1993) [Bluray-1080p] {imdb-tt0108160}.leapfrog.json,written,Sleepless in Seattle
title-only movie match,331,F:\MediaStack\data\media\movies\Smokey and the Bandit (1977)\Smokey and the Bandit (1977) [Bluray-1080p] {imdb-tt0076729}.mp4,3032,smokey-and-the-bandit,movie,imdb://tt0076729,F:\MediaStack\data\media\movies\Smokey and the Bandit (1977)\Smokey and the Bandit (1977) [Bluray-1080p] {imdb-tt0076729}.leapfrog.json,written,Smokey and the Bandit
title-only movie match,252,F:\MediaStack\data\media\movies\The Smurfs (2011)\The Smurfs (2011) [Bluray-1080p] {imdb-tt0472181}.mp4,3700,the-smurfs-2011,movie,imdb://tt0472181,F:\MediaStack\data\media\movies\The Smurfs (2011)\The Smurfs (2011) [Bluray-1080p] {imdb-tt0472181}.leapfrog.json,written,The Smurfs
title-only movie match,43,F:\MediaStack\data\media\movies\The Smurfs 2 (2013)\The Smurfs 2 (2013) [Bluray-1080p] {imdb-tt2017020}.mp4,1353,the-smurfs-2,movie,imdb://tt2017020,F:\MediaStack\data\media\movies\The Smurfs 2 (2013)\The Smurfs 2 (2013) [Bluray-1080p] {imdb-tt2017020}.leapfrog.json,written,The Smurfs 2
title-only movie match,218,F:\MediaStack\data\media\movies\She's the Man (2006)\Shes the Man (2006) [Bluray-1080p] {imdb-tt0454945}.mp4,2626,shes-the-man,movie,imdb://tt0454945,F:\MediaStack\data\media\movies\She's the Man (2006)\Shes the Man (2006) [Bluray-1080p] {imdb-tt0454945}.leapfrog.json,written,She's the Man
title-only movie match,106,F:\MediaStack\data\media\movies\Sherlock Gnomes (2018)\Sherlock Gnomes (2018) [Bluray-1080p] {imdb-tt2296777}.mkv,657775,sherlock-gnomes,movie,imdb://tt2296777,F:\MediaStack\data\media\movies\Sherlock Gnomes (2018)\Sherlock Gnomes (2018) [Bluray-1080p] {imdb-tt2296777}.leapfrog.json,written,Sherlock Gnomes
title-only movie match,182,F:\MediaStack\data\media\movies\Shooter (2007)\Shooter (2007) [Bluray-1080p] {imdb-tt0822854}.mkv,2026,shooter,movie,imdb://tt0822854,F:\MediaStack\data\media\movies\Shooter (2007)\Shooter (2007) [Bluray-1080p] {imdb-tt0822854}.leapfrog.json,written,Shooter
title-only movie match,247,F:\MediaStack\data\media\movies\Short Circuit (1986)\Short Circuit (1986) [Bluray-1080p Proper] {imdb-tt0091949}.mkv,2655,short-circuit,movie,imdb://tt0091949,F:\MediaStack\data\media\movies\Short Circuit (1986)\Short Circuit (1986) [Bluray-1080p Proper] {imdb-tt0091949}.leapfrog.json,written,Short Circuit
title-only movie match,127,F:\MediaStack\data\media\movies\Shrek (2001)\Shrek (2001) [Bluray-1080p] {imdb-tt0126029}.mkv,1415,shrek,movie,imdb://tt0126029,F:\MediaStack\data\media\movies\Shrek (2001)\Shrek (2001) [Bluray-1080p] {imdb-tt0126029}.leapfrog.json,written,Shrek
title-only movie match,133,F:\MediaStack\data\media\movies\Shrek 2 (2004)\Shrek 2 (2004) [Bluray-1080p] {imdb-tt0298148}.mkv,1820,shrek-2,movie,imdb://tt0298148,F:\MediaStack\data\media\movies\Shrek 2 (2004)\Shrek 2 (2004) [Bluray-1080p] {imdb-tt0298148}.leapfrog.json,written,Shrek 2
title-only movie match,160,F:\MediaStack\data\media\movies\Shrek Forever After (2010)\Shrek Forever After (2010) [Bluray-1080p] {imdb-tt0892791}.mkv,1447,shrek-forever-after,movie,imdb://tt0892791,F:\MediaStack\data\media\movies\Shrek Forever After (2010)\Shrek Forever After (2010) [Bluray-1080p] {imdb-tt0892791}.leapfrog.json,written,Shrek Forever After
title-only movie match,155,F:\MediaStack\data\media\movies\Shrek the Third (2007)\Shrek the Third (2007) [Bluray-1080p] {imdb-tt0413267}.mkv,1829,shrek-the-third,movie,imdb://tt0413267,F:\MediaStack\data\media\movies\Shrek the Third (2007)\Shrek the Third (2007) [Bluray-1080p] {imdb-tt0413267}.leapfrog.json,written,Shrek the Third
title-only movie match,184,F:\MediaStack\data\media\movies\Shutter Island (2010)\Shutter Island (2010) [Bluray-1080p Proper] {imdb-tt1130884}.mkv,2008,shutter-island,movie,imdb://tt1130884,F:\MediaStack\data\media\movies\Shutter Island (2010)\Shutter Island (2010) [Bluray-1080p Proper] {imdb-tt1130884}.leapfrog.json,written,Shutter Island
title-only movie match,97,F:\MediaStack\data\media\movies\Silence (2016)\Silence (2016) [Bluray-1080p] {imdb-tt0490215}.mkv,46838,silence,movie,imdb://tt0490215,F:\MediaStack\data\media\movies\Silence (2016)\Silence (2016) [Bluray-1080p] {imdb-tt0490215}.leapfrog.json,written,Silence
title-only movie match,105,F:\MediaStack\data\media\movies\Silverado (1985)\Silverado (1985) [Bluray-1080p] {imdb-tt0090022}.mp4,3480,silverado,movie,imdb://tt0090022,F:\MediaStack\data\media\movies\Silverado (1985)\Silverado (1985) [Bluray-1080p] {imdb-tt0090022}.leapfrog.json,written,Silverado
title-only movie match,409,F:\MediaStack\data\media\movies\Shaft (1971)\Shaft (1971) [Bluray-1080p] {imdb-tt0067741}.mkv,1110,shaft,movie,imdb://tt0067741,F:\MediaStack\data\media\movies\Shaft (1971)\Shaft (1971) [Bluray-1080p] {imdb-tt0067741}.leapfrog.json,written,Shaft
title-only movie match,409,F:\MediaStack\data\media\movies\Shaft (2000)\Shaft (2000) [Bluray-1080p] {imdb-tt0162650}.mkv,1110,shaft,movie,imdb://tt0162650,F:\MediaStack\data\media\movies\Shaft (2000)\Shaft (2000) [Bluray-1080p] {imdb-tt0162650}.leapfrog.json,written,Shaft
title-only movie match,409,F:\MediaStack\data\media\movies\Shaft (2019)\Shaft (2019) [Bluray-1080p] {imdb-tt4463894}.mkv,1110,shaft,movie,imdb://tt4463894,F:\MediaStack\data\media\movies\Shaft (2019)\Shaft (2019) [Bluray-1080p] {imdb-tt4463894}.leapfrog.json,written,Shaft
title-only movie match,125,F:\MediaStack\data\media\movies\Shakespeare in Love (1998)\Shakespeare in Love (1998) [WEBDL-1080p] {imdb-tt0138097}.mkv,1035,shakespeare-in-love-2,movie,imdb://tt0138097,F:\MediaStack\data\media\movies\Shakespeare in Love (1998)\Shakespeare in Love (1998) [WEBDL-1080p] {imdb-tt0138097}.leapfrog.json,written,Shakespeare in Love
title-only movie match,131,F:\MediaStack\data\media\movies\Shark Tale (2004)\Shark Tale (2004) [Bluray-1080p] {imdb-tt0307453}.mkv,3327,shark-tale,movie,imdb://tt0307453,F:\MediaStack\data\media\movies\Shark Tale (2004)\Shark Tale (2004) [Bluray-1080p] {imdb-tt0307453}.leapfrog.json,written,Shark Tale
title-only movie match,224,F:\MediaStack\data\media\movies\Shaun of the Dead (2004)\Shaun of the Dead (2004) [Bluray-1080p] {imdb-tt0365748}.mkv,2009,shaun-of-the-dead,movie,imdb://tt0365748,F:\MediaStack\data\media\movies\Shaun of the Dead (2004)\Shaun of the Dead (2004) [Bluray-1080p] {imdb-tt0365748}.leapfrog.json,written,Shaun of the Dead
title-only movie match,130,F:\MediaStack\data\media\movies\The Score (2001)\The Score (2001) [Bluray-1080p] {imdb-tt0227445}.mkv,663782,the-score,movie,imdb://tt0227445,F:\MediaStack\data\media\movies\The Score (2001)\The Score (2001) [Bluray-1080p] {imdb-tt0227445}.leapfrog.json,written,The Score
title-only movie match,228,F:\MediaStack\data\media\movies\Scrooged (1988)\Scrooged (1988) [Bluray-1080p] {imdb-tt0096061}.mp4,2307,scrooged,movie,imdb://tt0096061,F:\MediaStack\data\media\movies\Scrooged (1988)\Scrooged (1988) [Bluray-1080p] {imdb-tt0096061}.leapfrog.json,written,Scrooged
title-only movie match,57,F:\MediaStack\data\media\movies\Searching for Bobby Fischer (1993)\Searching for Bobby Fischer (1993) [Bluray-1080p] {imdb-tt0108065}.mkv,2903,searching-for-bobby-fischer,movie,imdb://tt0108065,F:\MediaStack\data\media\movies\Searching for Bobby Fischer (1993)\Searching for Bobby Fischer (1993) [Bluray-1080p] {imdb-tt0108065}.leapfrog.json,written,Searching for Bobby Fischer
title-only movie match,139,F:\MediaStack\data\media\movies\Secret Headquarters (2022)\Secret Headquarters (2022) [WEBRip-1080p] {imdb-tt14001894}.mp4,691215,secret-headquarters,movie,imdb://tt14001894,F:\MediaStack\data\media\movies\Secret Headquarters (2022)\Secret Headquarters (2022) [WEBRip-1080p] {imdb-tt14001894}.leapfrog.json,written,Secret Headquarters
title-only movie match,207,F:\MediaStack\data\media\movies\The Secret Life of Pets (2016)\The Secret Life of Pets (2016) [Bluray-1080p] {imdb-tt2709768}.mkv,3944,the-secret-life-of-pets,movie,imdb://tt2709768,F:\MediaStack\data\media\movies\The Secret Life of Pets (2016)\The Secret Life of Pets (2016) [Bluray-1080p] {imdb-tt2709768}.leapfrog.json,written,The Secret Life of Pets
title-only movie match,114,F:\MediaStack\data\media\movies\Selma (2014)\Selma (2014) [Bluray-1080p] {imdb-tt1020072}.mkv,1728,selma,movie,imdb://tt1020072,F:\MediaStack\data\media\movies\Selma (2014)\Selma (2014) [Bluray-1080p] {imdb-tt1020072}.leapfrog.json,written,Selma
title-only movie match,149,F:\MediaStack\data\media\movies\Sahara (2005)\Sahara (2005) [Bluray-1080p] {imdb-tt0318649}.mkv,1199,sahara-2005,movie,imdb://tt0318649,F:\MediaStack\data\media\movies\Sahara (2005)\Sahara (2005) [Bluray-1080p] {imdb-tt0318649}.leapfrog.json,written,Sahara
title-only movie match,138,F:\MediaStack\data\media\movies\The Saint (1997)\The Saint (1997) [Bluray-1080p] {imdb-tt0120053}.mkv,2711,the-saint,movie,imdb://tt0120053,F:\MediaStack\data\media\movies\The Saint (1997)\The Saint (1997) [Bluray-1080p] {imdb-tt0120053}.leapfrog.json,written,The Saint
title-only movie match,87,F:\MediaStack\data\media\movies\Salt (2010)\Salt (2010) [WEBDL-1080p] {imdb-tt0944835}.mkv,1240,salt,movie,imdb://tt0944835,F:\MediaStack\data\media\movies\Salt (2010)\Salt (2010) [WEBDL-1080p] {imdb-tt0944835}.leapfrog.json,written,Salt
title-only movie match,33,F:\MediaStack\data\media\movies\Same Kind of Different as Me (2017)\Same Kind of Different as Me (2017) [Bluray-1080p] {imdb-tt1230168}.mp4,156166,same-kind-of-different-as-me,movie,imdb://tt1230168,F:\MediaStack\data\media\movies\Same Kind of Different as Me (2017)\Same Kind of Different as Me (2017) [Bluray-1080p] {imdb-tt1230168}.leapfrog.json,written,Same Kind of Different as Me
title-only movie match,330,F:\MediaStack\data\media\movies\Saving Private Ryan (1998)\Saving Private Ryan (1998) [Bluray-1080p] {imdb-tt0120815}.mkv,1316,saving-private-ryan,movie,imdb://tt0120815,F:\MediaStack\data\media\movies\Saving Private Ryan (1998)\Saving Private Ryan (1998) [Bluray-1080p] {imdb-tt0120815}.leapfrog.json,written,Saving Private Ryan
title-only movie match,257,F:\MediaStack\data\media\movies\Saw (2004)\Saw (2004) [WEBDL-480p] {imdb-tt0387564}.mkv,3059,saw,movie,imdb://tt0387564,F:\MediaStack\data\media\movies\Saw (2004)\Saw (2004) [WEBDL-480p] {imdb-tt0387564}.leapfrog.json,written,Saw
title-only movie match,479,F:\MediaStack\data\media\movies\Saw II (2005)\Saw II (2005) [Bluray-1080p] {imdb-tt0432348}.mkv,5164,saw-ii,movie,imdb://tt0432348,F:\MediaStack\data\media\movies\Saw II (2005)\Saw II (2005) [Bluray-1080p] {imdb-tt0432348}.leapfrog.json,written,Saw II
title-only movie match,117,F:\MediaStack\data\media\movies\Schindler's List (1993)\Schindlers List (1993) [Bluray-1080p] {imdb-tt0108052}.mkv,1500,schindlers-list,movie,imdb://tt0108052,F:\MediaStack\data\media\movies\Schindler's List (1993)\Schindlers List (1993) [Bluray-1080p] {imdb-tt0108052}.leapfrog.json,written,Schindler's List
title-only movie match,60,F:\MediaStack\data\media\movies\School of Rock (2003)\School of Rock (2003) [Bluray-1080p] {imdb-tt0332379}.mkv,1424,school-of-rock,movie,imdb://tt0332379,F:\MediaStack\data\media\movies\School of Rock (2003)\School of Rock (2003) [Bluray-1080p] {imdb-tt0332379}.leapfrog.json,written,School of Rock
title-only movie match,77,F:\MediaStack\data\media\movies\Room (2015)\Room (2015) [Bluray-1080p] {imdb-tt3170832}.mkv,2569,room-2015,movie,imdb://tt3170832,F:\MediaStack\data\media\movies\Room (2015)\Room (2015) [Bluray-1080p] {imdb-tt3170832}.leapfrog.json,written,Room
title-only movie match,113,F:\MediaStack\data\media\movies\Rudy (1993)\Rudy (1993) [Bluray-1080p] {imdb-tt0108002}.mkv,1562,rudy,movie,imdb://tt0108002,F:\MediaStack\data\media\movies\Rudy (1993)\Rudy (1993) [Bluray-1080p] {imdb-tt0108002}.leapfrog.json,written,Rudy
title-only movie match,296,F:\MediaStack\data\media\movies\RV (2006)\RV (2006) [Bluray-1080p] {imdb-tt0449089}.mkv,3021,rv,movie,imdb://tt0449089,F:\MediaStack\data\media\movies\RV (2006)\RV (2006) [Bluray-1080p] {imdb-tt0449089}.leapfrog.json,written,RV
title-only movie match,168,F:\MediaStack\data\media\movies\RoboCop (1987)\RoboCop (1987) [Bluray-1080p] {imdb-tt0093870}.mp4,1160,robocop-2014,movie,imdb://tt0093870,F:\MediaStack\data\media\movies\RoboCop (1987)\RoboCop (1987) [Bluray-1080p] {imdb-tt0093870}.leapfrog.json,written,RoboCop
title-only movie match,168,F:\MediaStack\data\media\movies\RoboCop (2014)\RoboCop (2014) [Bluray-1080p] {imdb-tt1234721}.mp4,1160,robocop-2014,movie,imdb://tt1234721,F:\MediaStack\data\media\movies\RoboCop (2014)\RoboCop (2014) [Bluray-1080p] {imdb-tt1234721}.leapfrog.json,written,RoboCop
title-only movie match,244,F:\MediaStack\data\media\movies\Rocketman (2019)\Rocketman (2019) [Bluray-1080p] {imdb-tt2066051}.mkv,675039,rocketman-134a1,movie,imdb://tt2066051,F:\MediaStack\data\media\movies\Rocketman (2019)\Rocketman (2019) [Bluray-1080p] {imdb-tt2066051}.leapfrog.json,written,Rocketman
title-only movie match,244,F:\MediaStack\data\media\movies\RocketMan (1997)\RocketMan (1997) [Bluray-1080p] {imdb-tt0120029}.mkv,675039,rocketman-134a1,movie,imdb://tt0120029,F:\MediaStack\data\media\movies\RocketMan (1997)\RocketMan (1997) [Bluray-1080p] {imdb-tt0120029}.leapfrog.json,written,RocketMan
title-only movie match,188,F:\MediaStack\data\media\movies\Rocky (1976)\Rocky (1976) [Bluray-1080p] {imdb-tt0075148}.mkv,1520,rocky,movie,imdb://tt0075148,F:\MediaStack\data\media\movies\Rocky (1976)\Rocky (1976) [Bluray-1080p] {imdb-tt0075148}.leapfrog.json,written,Rocky
title-only movie match,94,F:\MediaStack\data\media\movies\Rocky Balboa (2006)\Rocky Balboa (2006) [Bluray-1080p] {imdb-tt0479143}.mp4,1834,rocky-balboa,movie,imdb://tt0479143,F:\MediaStack\data\media\movies\Rocky Balboa (2006)\Rocky Balboa (2006) [Bluray-1080p] {imdb-tt0479143}.leapfrog.json,written,Rocky Balboa
title-only movie match,66,F:\MediaStack\data\media\movies\Rocky II (1979)\Rocky II (1979) [Bluray-1080p] {imdb-tt0079817}.mkv,1816,rocky-ii,movie,imdb://tt0079817,F:\MediaStack\data\media\movies\Rocky II (1979)\Rocky II (1979) [Bluray-1080p] {imdb-tt0079817}.leapfrog.json,written,Rocky II
title-only movie match,170,F:\MediaStack\data\media\movies\Rocky III (1982)\Rocky III (1982) [Bluray-1080p] {imdb-tt0084602}.mp4,1830,rocky-iii,movie,imdb://tt0084602,F:\MediaStack\data\media\movies\Rocky III (1982)\Rocky III (1982) [Bluray-1080p] {imdb-tt0084602}.leapfrog.json,written,Rocky III
title-only movie match,190,F:\MediaStack\data\media\movies\Rocky IV (1985)\Rocky IV (1985) [Bluray-1080p] {imdb-tt0089927}.mp4,1765,rocky-iv,movie,imdb://tt0089927,F:\MediaStack\data\media\movies\Rocky IV (1985)\Rocky IV (1985) [Bluray-1080p] {imdb-tt0089927}.leapfrog.json,written,Rocky IV
title-only movie match,257,F:\MediaStack\data\media\movies\Rocky V (1990)\Rocky V (1990) [Bluray-1080p] {imdb-tt0100507}.mp4,1831,rocky-v,movie,imdb://tt0100507,F:\MediaStack\data\media\movies\Rocky V (1990)\Rocky V (1990) [Bluray-1080p] {imdb-tt0100507}.leapfrog.json,written,Rocky V
title-only movie match,53,F:\MediaStack\data\media\movies\Roman Holiday (1953)\Roman Holiday (1953) [Bluray-1080p] {imdb-tt0046250}.mkv,2216,roman-holiday,movie,imdb://tt0046250,F:\MediaStack\data\media\movies\Roman Holiday (1953)\Roman Holiday (1953) [Bluray-1080p] {imdb-tt0046250}.leapfrog.json,written,Roman Holiday
title-only movie match,58,"F:\MediaStack\data\media\movies\Roman J. Israel, Esq. (2017)\Roman J. Israel Esq. (2017) [Bluray-1080p] {imdb-tt6000478}.mkv",215384,roman-j-israel-esq,movie,imdb://tt6000478,"F:\MediaStack\data\media\movies\Roman J. Israel, Esq. (2017)\Roman J. Israel Esq. (2017) [Bluray-1080p] {imdb-tt6000478}.leapfrog.json",written,"Roman J. Israel, Esq."
title-only movie match,150,F:\MediaStack\data\media\movies\Revolutionary Road (2008)\Revolutionary Road (2008) [Bluray-1080p] {imdb-tt0959337}.mp4,2900,revolutionary-road,movie,imdb://tt0959337,F:\MediaStack\data\media\movies\Revolutionary Road (2008)\Revolutionary Road (2008) [Bluray-1080p] {imdb-tt0959337}.leapfrog.json,written,Revolutionary Road
title-only movie match,377,F:\MediaStack\data\media\movies\Ride Along (2014)\Ride Along (2014) [Bluray-1080p] {imdb-tt1408253}.mkv,1073,ride-along-with-gag-reel,movie,imdb://tt1408253,F:\MediaStack\data\media\movies\Ride Along (2014)\Ride Along (2014) [Bluray-1080p] {imdb-tt1408253}.leapfrog.json,written,Ride Along
title-only movie match,338,F:\MediaStack\data\media\movies\Ride Along 2 (2016)\Ride Along 2 (2016) [Bluray-1080p] {imdb-tt2869728}.mkv,2742,ride-along-2,movie,imdb://tt2869728,F:\MediaStack\data\media\movies\Ride Along 2 (2016)\Ride Along 2 (2016) [Bluray-1080p] {imdb-tt2869728}.leapfrog.json,written,Ride Along 2
title-only movie match,99,F:\MediaStack\data\media\movies\The Ring (2002)\The Ring (2002) [Bluray-1080p Proper] {imdb-tt0298130}.mkv,2156,the-ring,movie,imdb://tt0298130,F:\MediaStack\data\media\movies\The Ring (2002)\The Ring (2002) [Bluray-1080p Proper] {imdb-tt0298130}.leapfrog.json,written,The Ring
title-only movie match,176,F:\MediaStack\data\media\movies\A River Runs Through It (1992)\A River Runs Through It (1992) [Bluray-1080p] {imdb-tt0105265}.mp4,2855,a-river-runs-through-it,movie,imdb://tt0105265,F:\MediaStack\data\media\movies\A River Runs Through It (1992)\A River Runs Through It (1992) [Bluray-1080p] {imdb-tt0105265}.leapfrog.json,written,A River Runs Through It
title-only movie match,175,F:\MediaStack\data\media\movies\Robin Hood (1973)\Robin Hood (1973) [Bluray-1080p] {imdb-tt0070608}.mkv,1488,robin-hood,movie,imdb://tt0070608,F:\MediaStack\data\media\movies\Robin Hood (1973)\Robin Hood (1973) [Bluray-1080p] {imdb-tt0070608}.leapfrog.json,written,Robin Hood
title-only movie match,175,F:\MediaStack\data\media\movies\Robin Hood (2010)\Robin Hood (2010) [Bluray-1080p] {imdb-tt0955308}.mkv,1488,robin-hood,movie,imdb://tt0955308,F:\MediaStack\data\media\movies\Robin Hood (2010)\Robin Hood (2010) [Bluray-1080p] {imdb-tt0955308}.leapfrog.json,written,Robin Hood
title-only movie match,175,F:\MediaStack\data\media\movies\Robin Hood (2018)\Robin Hood (2018) [Bluray-1080p] {imdb-tt4532826}.mkv,1488,robin-hood,movie,imdb://tt4532826,F:\MediaStack\data\media\movies\Robin Hood (2018)\Robin Hood (2018) [Bluray-1080p] {imdb-tt4532826}.leapfrog.json,written,Robin Hood
title-only movie match,117,F:\MediaStack\data\media\movies\Red Eye (2005)\Red Eye (2005) [Bluray-1080p] {imdb-tt0421239}.mkv,3438,red-eye,movie,imdb://tt0421239,F:\MediaStack\data\media\movies\Red Eye (2005)\Red Eye (2005) [Bluray-1080p] {imdb-tt0421239}.leapfrog.json,written,Red Eye
title-only movie match,234,F:\MediaStack\data\media\movies\Red Notice (2021)\Red Notice (2021) [WEBDL-720p] {imdb-tt7991608}.mkv,685492,red-notice,movie,imdb://tt7991608,F:\MediaStack\data\media\movies\Red Notice (2021)\Red Notice (2021) [WEBDL-720p] {imdb-tt7991608}.leapfrog.json,written,Red Notice
title-only movie match,188,F:\MediaStack\data\media\movies\Rent (2005)\Rent (2005) [Bluray-1080p] {imdb-tt0294870}.mp4,3778,rent-2005,movie,imdb://tt0294870,F:\MediaStack\data\media\movies\Rent (2005)\Rent (2005) [Bluray-1080p] {imdb-tt0294870}.leapfrog.json,written,Rent
title-only movie match,135,F:\MediaStack\data\media\movies\Rescue Dawn (2007)\Rescue Dawn (2007) [DVD] {imdb-tt0462504}.avi,3640,rescue-dawn,movie,imdb://tt0462504,F:\MediaStack\data\media\movies\Rescue Dawn (2007)\Rescue Dawn (2007) [DVD] {imdb-tt0462504}.leapfrog.json,written,Rescue Dawn
title-only movie match,248,F:\MediaStack\data\media\movies\Rambo (2008)\Rambo (2008) [Bluray-1080p] {imdb-tt0462499}.mp4,2348,rambo,movie,imdb://tt0462499,F:\MediaStack\data\media\movies\Rambo (2008)\Rambo (2008) [Bluray-1080p] {imdb-tt0462499}.leapfrog.json,written,Rambo
title-only movie match,160,F:\MediaStack\data\media\movies\Rambo III (1988)\Rambo III (1988) [Bluray-1080p] {imdb-tt0095956}.mkv,2366,rambo-iii,movie,imdb://tt0095956,F:\MediaStack\data\media\movies\Rambo III (1988)\Rambo III (1988) [Bluray-1080p] {imdb-tt0095956}.leapfrog.json,written,Rambo III
title-only movie match,128,F:\MediaStack\data\media\movies\Rambo - First Blood Part II (1985)\Rambo First Blood Part II (1985) [WEBDL-1080p] {imdb-tt0089880}.mkv,2365,rambo-first-blood-ii,movie,imdb://tt0089880,F:\MediaStack\data\media\movies\Rambo - First Blood Part II (1985)\Rambo First Blood Part II (1985) [WEBDL-1080p] {imdb-tt0089880}.leapfrog.json,written,Rambo: First Blood Part II
title-only movie match,225,F:\MediaStack\data\media\movies\Rambo - Last Blood (2019)\Rambo Last Blood (2019) [Bluray-1080p] {imdb-tt1206885}.mkv,675813,rambo-last-blood,movie,imdb://tt1206885,F:\MediaStack\data\media\movies\Rambo - Last Blood (2019)\Rambo Last Blood (2019) [Bluray-1080p] {imdb-tt1206885}.leapfrog.json,written,Rambo: Last Blood
title-only movie match,272,F:\MediaStack\data\media\movies\Rango (2011)\Rango (2011) [Bluray-1080p] {imdb-tt1192628}.mp4,2987,rango,movie,imdb://tt1192628,F:\MediaStack\data\media\movies\Rango (2011)\Rango (2011) [Bluray-1080p] {imdb-tt1192628}.leapfrog.json,written,Rango
title-only movie match,187,F:\MediaStack\data\media\movies\Rat Race (2001)\Rat Race (2001) [Bluray-1080p] {imdb-tt0250687}.mkv,2838,rat-race,movie,imdb://tt0250687,F:\MediaStack\data\media\movies\Rat Race (2001)\Rat Race (2001) [Bluray-1080p] {imdb-tt0250687}.leapfrog.json,written,Rat Race
title-only movie match,194,F:\MediaStack\data\media\movies\Real Steel (2011)\Real Steel (2011) [Bluray-1080p] {imdb-tt0433035}.mp4,1506,real-steel,movie,imdb://tt0433035,F:\MediaStack\data\media\movies\Real Steel (2011)\Real Steel (2011) [Bluray-1080p] {imdb-tt0433035}.leapfrog.json,written,Real Steel
title-only movie match,96,F:\MediaStack\data\media\movies\Rebecca (1940)\Rebecca (1940) [Bluray-1080p] {imdb-tt0032976}.mkv,681037,rebecca,movie,imdb://tt0032976,F:\MediaStack\data\media\movies\Rebecca (1940)\Rebecca (1940) [Bluray-1080p] {imdb-tt0032976}.leapfrog.json,written,Rebecca
title-only movie match,96,F:\MediaStack\data\media\movies\RED (2010)\RED (2010) [Bluray-1080p] {imdb-tt1245526}.mkv,1203,red,movie,imdb://tt1245526,F:\MediaStack\data\media\movies\RED (2010)\RED (2010) [Bluray-1080p] {imdb-tt1245526}.leapfrog.json,written,RED
title-only movie match,52,F:\MediaStack\data\media\movies\The Pursuit of Happyness (2006)\The Pursuit of Happyness (2006) [Bluray-1080p] {imdb-tt0454921}.mkv,1453,the-pursuit-of-happyness-2006,movie,imdb://tt0454921,F:\MediaStack\data\media\movies\The Pursuit of Happyness (2006)\The Pursuit of Happyness (2006) [Bluray-1080p] {imdb-tt0454921}.leapfrog.json,written,The Pursuit of Happyness
title-only movie match,166,F:\MediaStack\data\media\movies\Puss in Boots - The Last Wish (2022)\Puss in Boots The Last Wish (2022) [Bluray-1080p] {imdb-tt3915174}.mkv,694683,puss-in-boots-the-last-wish,movie,imdb://tt3915174,F:\MediaStack\data\media\movies\Puss in Boots - The Last Wish (2022)\Puss in Boots The Last Wish (2022) [Bluray-1080p] {imdb-tt3915174}.leapfrog.json,written,Puss in Boots: The Last Wish
title-only movie match,202,F:\MediaStack\data\media\movies\Quantum of Solace (2008)\Quantum of Solace (2008) [Bluray-1080p] {imdb-tt0830515}.mkv,1704,quantum-of-solace,movie,imdb://tt0830515,F:\MediaStack\data\media\movies\Quantum of Solace (2008)\Quantum of Solace (2008) [Bluray-1080p] {imdb-tt0830515}.leapfrog.json,written,Quantum of Solace
title-only movie match,34,F:\MediaStack\data\media\movies\A Quiet Place (2018)\A Quiet Place (2018) [Bluray-1080p] {imdb-tt6644200}.mkv,659202,a-quiet-place,movie,imdb://tt6644200,F:\MediaStack\data\media\movies\A Quiet Place (2018)\A Quiet Place (2018) [Bluray-1080p] {imdb-tt6644200}.leapfrog.json,written,A Quiet Place
title-only movie match,64,F:\MediaStack\data\media\movies\A Quiet Place Part II (2021)\A Quiet Place Part II (2021) [Bluray-1080p] {imdb-tt8332922}.mkv,678031,a-quiet-place-part-ii,movie,imdb://tt8332922,F:\MediaStack\data\media\movies\A Quiet Place Part II (2021)\A Quiet Place Part II (2021) [Bluray-1080p] {imdb-tt8332922}.leapfrog.json,written,A Quiet Place Part II
title-only movie match,65,F:\MediaStack\data\media\movies\A Quiet Place - Day One (2024)\A Quiet Place Day One (2024) [Bluray-1080p] {imdb-tt13433802}.mkv,698771,a-quiet-place-day-one,movie,imdb://tt13433802,F:\MediaStack\data\media\movies\A Quiet Place - Day One (2024)\A Quiet Place Day One (2024) [Bluray-1080p] {imdb-tt13433802}.leapfrog.json,written,A Quiet Place: Day One
title-only movie match,143,F:\MediaStack\data\media\movies\The Rainmaker (1997)\The Rainmaker (1997) [Bluray-1080p] {imdb-tt0119978}.mkv,3057,john-grishams-the-rainmaker,movie,imdb://tt0119978,F:\MediaStack\data\media\movies\The Rainmaker (1997)\The Rainmaker (1997) [Bluray-1080p] {imdb-tt0119978}.leapfrog.json,written,The Rainmaker
title-only movie match,199,F:\MediaStack\data\media\movies\Prey (2022)\Prey (2022) [Bluray-1080p] {imdb-tt11866324}.mkv,684582,prey-e5189,movie,imdb://tt11866324,F:\MediaStack\data\media\movies\Prey (2022)\Prey (2022) [Bluray-1080p] {imdb-tt11866324}.leapfrog.json,written,Prey
title-only movie match,119,F:\MediaStack\data\media\movies\Pride & Prejudice (2005)\Pride and Prejudice (2005) [Bluray-1080p] {imdb-tt0414387}.mkv,2473,pride-prejudice,movie,imdb://tt0414387,F:\MediaStack\data\media\movies\Pride & Prejudice (2005)\Pride and Prejudice (2005) [Bluray-1080p] {imdb-tt0414387}.leapfrog.json,written,Pride & Prejudice
title-only movie match,242,F:\MediaStack\data\media\movies\Primal Fear (1996)\Primal Fear (1996) [Bluray-1080p] {imdb-tt0117381}.mkv,3039,primal-fear,movie,imdb://tt0117381,F:\MediaStack\data\media\movies\Primal Fear (1996)\Primal Fear (1996) [Bluray-1080p] {imdb-tt0117381}.leapfrog.json,written,Primal Fear
title-only movie match,269,F:\MediaStack\data\media\movies\Project Almanac (2015)\Project Almanac (2015) [Bluray-1080p] {imdb-tt2436386}.mkv,1752,project-almanac,movie,imdb://tt2436386,F:\MediaStack\data\media\movies\Project Almanac (2015)\Project Almanac (2015) [Bluray-1080p] {imdb-tt2436386}.leapfrog.json,written,Project Almanac
title-only movie match,103,F:\MediaStack\data\media\movies\The Power of the Dog (2021)\The Power of the Dog (2021) [Bluray-1080p] {imdb-tt10293406}.mkv,685944,the-power-of-the-dog,movie,imdb://tt10293406,F:\MediaStack\data\media\movies\The Power of the Dog (2021)\The Power of the Dog (2021) [Bluray-1080p] {imdb-tt10293406}.leapfrog.json,written,The Power of the Dog
title-only movie match,134,F:\MediaStack\data\media\movies\Pixels (2015)\Pixels (2015) [Bluray-1080p] {imdb-tt2120120}.mp4,2196,pixels,movie,imdb://tt2120120,F:\MediaStack\data\media\movies\Pixels (2015)\Pixels (2015) [Bluray-1080p] {imdb-tt2120120}.leapfrog.json,written,Pixels
title-only movie match,274,F:\MediaStack\data\media\movies\The Place Beyond the Pines (2013)\The Place Beyond the Pines (2013) [Bluray-1080p] {imdb-tt1817273}.mkv,1477,the-place-beyond-the-pines,movie,imdb://tt1817273,F:\MediaStack\data\media\movies\The Place Beyond the Pines (2013)\The Place Beyond the Pines (2013) [Bluray-1080p] {imdb-tt1817273}.leapfrog.json,written,The Place Beyond the Pines
title-only movie match,88,F:\MediaStack\data\media\movies\Playing with Fire (2019)\Playing with Fire (2019) [Bluray-1080p] {imdb-tt9134216}.mp4,677375,playing-with-fire,movie,imdb://tt9134216,F:\MediaStack\data\media\movies\Playing with Fire (2019)\Playing with Fire (2019) [Bluray-1080p] {imdb-tt9134216}.leapfrog.json,written,Playing with Fire
title-only movie match,486,F:\MediaStack\data\media\movies\Point Break (1991)\Point Break (1991) [Bluray-1080p] {imdb-tt0102685}.mkv,2482,point-break-1991,movie,imdb://tt0102685,F:\MediaStack\data\media\movies\Point Break (1991)\Point Break (1991) [Bluray-1080p] {imdb-tt0102685}.leapfrog.json,written,Point Break
title-only movie match,50,F:\MediaStack\data\media\movies\Pokémon the Movie - I Choose You! (2017)\Pokemon the Movie I Choose You! (2017) [Bluray-1080p] {imdb-tt6595896}.mkv,655074,pokemon-the-movie-i-choose-you,movie,imdb://tt6595896,F:\MediaStack\data\media\movies\Pokémon the Movie - I Choose You! (2017)\Pokemon the Movie I Choose You! (2017) [Bluray-1080p] {imdb-tt6595896}.leapfrog.json,written,Pokémon the Movie: I Choose You!
title-only movie match,138,F:\MediaStack\data\media\movies\Peter Rabbit (2018)\Peter Rabbit (2018) [Bluray-1080p] {imdb-tt5117670}.mkv,199512,Peter-rabbit,movie,imdb://tt5117670,F:\MediaStack\data\media\movies\Peter Rabbit (2018)\Peter Rabbit (2018) [Bluray-1080p] {imdb-tt5117670}.leapfrog.json,written,Peter Rabbit
title-only movie match,88,F:\MediaStack\data\media\movies\The Pianist (2002)\The Pianist (2002) [Bluray-1080p] {imdb-tt0253474}.mkv,1333,the-pianist,movie,imdb://tt0253474,F:\MediaStack\data\media\movies\The Pianist (2002)\The Pianist (2002) [Bluray-1080p] {imdb-tt0253474}.leapfrog.json,written,The Pianist
title-only movie match,258,F:\MediaStack\data\media\movies\Pitch Perfect (2012)\Pitch Perfect (2012) [Bluray-1080p] {imdb-tt1981677}.mkv,1227,pitch-perfect,movie,imdb://tt1981677,F:\MediaStack\data\media\movies\Pitch Perfect (2012)\Pitch Perfect (2012) [Bluray-1080p] {imdb-tt1981677}.leapfrog.json,written,Pitch Perfect
title-only movie match,146,F:\MediaStack\data\media\movies\Pitch Perfect 2 (2015)\Pitch Perfect 2 (2015) [Bluray-1080p] {imdb-tt2848292}.mkv,2030,pitch-perfect-2,movie,imdb://tt2848292,F:\MediaStack\data\media\movies\Pitch Perfect 2 (2015)\Pitch Perfect 2 (2015) [Bluray-1080p] {imdb-tt2848292}.leapfrog.json,written,Pitch Perfect 2
title-only movie match,232,F:\MediaStack\data\media\movies\Pitch Perfect 3 (2017)\Pitch Perfect 3 (2017) [Bluray-1080p] {imdb-tt4765284}.mkv,184467,pitch-perfect-3,movie,imdb://tt4765284,F:\MediaStack\data\media\movies\Pitch Perfect 3 (2017)\Pitch Perfect 3 (2017) [Bluray-1080p] {imdb-tt4765284}.leapfrog.json,written,Pitch Perfect 3
title-only movie match,132,F:\MediaStack\data\media\movies\Passengers (2016)\Passengers (2016) [Bluray-1080p] {imdb-tt1355644}.mkv,140412,passengers,movie,imdb://tt1355644,F:\MediaStack\data\media\movies\Passengers (2016)\Passengers (2016) [Bluray-1080p] {imdb-tt1355644}.leapfrog.json,written,Passengers
title-only movie match,201,F:\MediaStack\data\media\movies\The Patriot (2000)\The Patriot (2000) [Bluray-1080p] {imdb-tt0187393}.mkv,1379,the-patriot,movie,imdb://tt0187393,F:\MediaStack\data\media\movies\The Patriot (2000)\The Patriot (2000) [Bluray-1080p] {imdb-tt0187393}.leapfrog.json,written,The Patriot
title-only movie match,109,F:\MediaStack\data\media\movies\Patriot Games (1992)\Patriot Games (1992) [Bluray-1080p] {imdb-tt0105112}.mkv,1348,patriot-games,movie,imdb://tt0105112,F:\MediaStack\data\media\movies\Patriot Games (1992)\Patriot Games (1992) [Bluray-1080p] {imdb-tt0105112}.leapfrog.json,written,Patriot Games
title-only movie match,327,F:\MediaStack\data\media\movies\Paul (2011)\Paul (2011) [Bluray-1080p] {imdb-tt1092026}.mkv,3521,paul,movie,imdb://tt1092026,F:\MediaStack\data\media\movies\Paul (2011)\Paul (2011) [Bluray-1080p] {imdb-tt1092026}.leapfrog.json,written,Paul
title-only movie match,113,F:\MediaStack\data\media\movies\Paul Blart - Mall Cop (2009)\Paul Blart Mall Cop (2009) [WEBDL-1080p] {imdb-tt1114740}.mkv,1020,paul-blart-mall-cop,movie,imdb://tt1114740,F:\MediaStack\data\media\movies\Paul Blart - Mall Cop (2009)\Paul Blart Mall Cop (2009) [WEBDL-1080p] {imdb-tt1114740}.leapfrog.json,written,Paul Blart: Mall Cop
title-only movie match,85,F:\MediaStack\data\media\movies\Paul Blart - Mall Cop 2 (2015)\Paul Blart Mall Cop 2 (2015) [Bluray-1080p] {imdb-tt3450650}.mp4,1779,paul-blart-mall-cop-2,movie,imdb://tt3450650,F:\MediaStack\data\media\movies\Paul Blart - Mall Cop 2 (2015)\Paul Blart Mall Cop 2 (2015) [Bluray-1080p] {imdb-tt3450650}.leapfrog.json,written,Paul Blart: Mall Cop 2
title-only movie match,128,F:\MediaStack\data\media\movies\Paycheck (2003)\Paycheck (2003) [Bluray-1080p] {imdb-tt0338337}.mkv,3371,paycheck,movie,imdb://tt0338337,F:\MediaStack\data\media\movies\Paycheck (2003)\Paycheck (2003) [Bluray-1080p] {imdb-tt0338337}.leapfrog.json,written,Paycheck
title-only movie match,215,F:\MediaStack\data\media\movies\The Peanut Butter Falcon (2019)\The Peanut Butter Falcon (2019) [Bluray-1080p] {imdb-tt4364194}.mkv,675244,the-peanut-butter-falcon,movie,imdb://tt4364194,F:\MediaStack\data\media\movies\The Peanut Butter Falcon (2019)\The Peanut Butter Falcon (2019) [Bluray-1080p] {imdb-tt4364194}.leapfrog.json,written,The Peanut Butter Falcon
title-only movie match,139,F:\MediaStack\data\media\movies\Penguins of Madagascar (2014)\Penguins of Madagascar (2014) [Bluray-1080p] {imdb-tt1911658}.mkv,1671,penguins-of-madagascar,movie,imdb://tt1911658,F:\MediaStack\data\media\movies\Penguins of Madagascar (2014)\Penguins of Madagascar (2014) [Bluray-1080p] {imdb-tt1911658}.leapfrog.json,written,Penguins of Madagascar
title-only movie match,140,F:\MediaStack\data\media\movies\The Perks of Being a Wallflower (2012)\The Perks of Being a Wallflower (2012) [Bluray-1080p] {imdb-tt1659337}.mp4,1040,the-perks-of-being-a-wallflower,movie,imdb://tt1659337,F:\MediaStack\data\media\movies\The Perks of Being a Wallflower (2012)\The Perks of Being a Wallflower (2012) [Bluray-1080p] {imdb-tt1659337}.leapfrog.json,written,The Perks of Being a Wallflower
title-only movie match,157,F:\MediaStack\data\media\movies\Out of Africa (1985)\Out of Africa (1985) [Bluray-1080p] {imdb-tt0089755}.mkv,3199,out-of-africa,movie,imdb://tt0089755,F:\MediaStack\data\media\movies\Out of Africa (1985)\Out of Africa (1985) [Bluray-1080p] {imdb-tt0089755}.leapfrog.json,written,Out of Africa
title-only movie match,180,F:\MediaStack\data\media\movies\Over the Hedge (2006)\Over the Hedge (2006) [Bluray-1080p] {imdb-tt0327084}.mkv,2869,over-the-hedge,movie,imdb://tt0327084,F:\MediaStack\data\media\movies\Over the Hedge (2006)\Over the Hedge (2006) [Bluray-1080p] {imdb-tt0327084}.leapfrog.json,written,Over the Hedge
title-only movie match,152,F:\MediaStack\data\media\movies\Pacific Rim - Uprising (2018)\Pacific Rim Uprising (2018) [Bluray-1080p] {imdb-tt2557478}.mkv,659200,pacific-rim-uprising,movie,imdb://tt2557478,F:\MediaStack\data\media\movies\Pacific Rim - Uprising (2018)\Pacific Rim Uprising (2018) [Bluray-1080p] {imdb-tt2557478}.leapfrog.json,written,Pacific Rim: Uprising
title-only movie match,87,F:\MediaStack\data\media\movies\Paddington 2 (2017)\Paddington 2 (2017) [Bluray-1080p] {imdb-tt4468740}.mkv,180769,paddington-2,movie,imdb://tt4468740,F:\MediaStack\data\media\movies\Paddington 2 (2017)\Paddington 2 (2017) [Bluray-1080p] {imdb-tt4468740}.leapfrog.json,written,Paddington 2
title-only movie match,60,F:\MediaStack\data\media\movies\Paddington in Peru (2024)\Paddington in Peru (2024) [Bluray-1080p] {imdb-tt5822536}.mkv,701686,paddington-in-peru,movie,imdb://tt5822536,F:\MediaStack\data\media\movies\Paddington in Peru (2024)\Paddington in Peru (2024) [Bluray-1080p] {imdb-tt5822536}.leapfrog.json,written,Paddington in Peru
title-only movie match,229,F:\MediaStack\data\media\movies\Papillon (1973)\Papillon (1973) [Bluray-1080p] {imdb-tt0070511}.mkv,670323,papillon-dd166,movie,imdb://tt0070511,F:\MediaStack\data\media\movies\Papillon (1973)\Papillon (1973) [Bluray-1080p] {imdb-tt0070511}.leapfrog.json,written,Papillon
title-only movie match,266,F:\MediaStack\data\media\movies\Olympus Has Fallen (2013)\Olympus Has Fallen (2013) [Bluray-1080p] {imdb-tt2302755}.mkv,1340,olympus-has-fallen,movie,imdb://tt2302755,F:\MediaStack\data\media\movies\Olympus Has Fallen (2013)\Olympus Has Fallen (2013) [Bluray-1080p] {imdb-tt2302755}.leapfrog.json,written,Olympus Has Fallen
title-only movie match,525,F:\MediaStack\data\media\movies\Once Upon a Time. in Hollywood (2019)\Once Upon a Time. in Hollywood (2019) [Bluray-1080p] {imdb-tt7131622}.mkv,674633,once-upon-a-time-in-hollywood,movie,imdb://tt7131622,F:\MediaStack\data\media\movies\Once Upon a Time. in Hollywood (2019)\Once Upon a Time. in Hollywood (2019) [Bluray-1080p] {imdb-tt7131622}.leapfrog.json,written,Once Upon a Time... in Hollywood
title-only movie match,235,F:\MediaStack\data\media\movies\Only the Brave (2017)\Only the Brave (2017) [Bluray-1080p] {imdb-tt3829920}.mkv,655599,only-the-brave-2017,movie,imdb://tt3829920,F:\MediaStack\data\media\movies\Only the Brave (2017)\Only the Brave (2017) [Bluray-1080p] {imdb-tt3829920}.leapfrog.json,written,Only the Brave
title-only movie match,86,F:\MediaStack\data\media\movies\Oppenheimer (2023)\Oppenheimer (2023) [Bluray-1080p] {imdb-tt15398776}.mkv,696203,oppenheimer,movie,imdb://tt15398776,F:\MediaStack\data\media\movies\Oppenheimer (2023)\Oppenheimer (2023) [Bluray-1080p] {imdb-tt15398776}.leapfrog.json,written,Oppenheimer
title-only movie match,125,F:\MediaStack\data\media\movies\Orion and the Dark (2024)\Orion and the Dark (2024) [WEBRip-1080p] {imdb-tt28066777}.mkv,696798,orion-and-the-dark,movie,imdb://tt28066777,F:\MediaStack\data\media\movies\Orion and the Dark (2024)\Orion and the Dark (2024) [WEBRip-1080p] {imdb-tt28066777}.leapfrog.json,written,Orion and the Dark
title-only movie match,137,F:\MediaStack\data\media\movies\Notting Hill (1999)\Notting Hill (1999) [Bluray-1080p] {imdb-tt0125439}.mkv,2018,notting-hill,movie,imdb://tt0125439,F:\MediaStack\data\media\movies\Notting Hill (1999)\Notting Hill (1999) [Bluray-1080p] {imdb-tt0125439}.leapfrog.json,written,Notting Hill
title-only movie match,58,F:\MediaStack\data\media\movies\Oblivion (2013)\Oblivion (2013) [Bluray-1080p] {imdb-tt1483013}.mp4,1443,oblivion,movie,imdb://tt1483013,F:\MediaStack\data\media\movies\Oblivion (2013)\Oblivion (2013) [Bluray-1080p] {imdb-tt1483013}.leapfrog.json,written,Oblivion
title-only movie match,98,F:\MediaStack\data\media\movies\October Sky (1999)\October Sky (1999) [Bluray-1080p] {imdb-tt0132477}.mkv,1766,october-sky,movie,imdb://tt0132477,F:\MediaStack\data\media\movies\October Sky (1999)\October Sky (1999) [Bluray-1080p] {imdb-tt0132477}.leapfrog.json,written,October Sky
title-only movie match,183,F:\MediaStack\data\media\movies\Old (2021)\Old (2021) [Bluray-1080p] {imdb-tt10954652}.mkv,693731,old,movie,imdb://tt10954652,F:\MediaStack\data\media\movies\Old (2021)\Old (2021) [Bluray-1080p] {imdb-tt10954652}.leapfrog.json,written,Old
title-only movie match,180,F:\MediaStack\data\media\movies\Old School (2003)\Old School (2003) [Bluray-1080p] {imdb-tt0302886}.mkv,3124,old-school,movie,imdb://tt0302886,F:\MediaStack\data\media\movies\Old School (2003)\Old School (2003) [Bluray-1080p] {imdb-tt0302886}.leapfrog.json,written,Old School
title-only movie match,221,F:\MediaStack\data\media\movies\Oldboy (2003)\Oldboy (2003) [Bluray-1080p] {imdb-tt0364569}.mp4,1102,oldboy,movie,imdb://tt0364569,F:\MediaStack\data\media\movies\Oldboy (2003)\Oldboy (2003) [Bluray-1080p] {imdb-tt0364569}.leapfrog.json,written,Oldboy
title-only movie match,77,F:\MediaStack\data\media\movies\News of the World (2020)\News of the World (2020) [Bluray-1080p] {imdb-tt6878306}.mkv,693598,news-of-the-world,movie,imdb://tt6878306,F:\MediaStack\data\media\movies\News of the World (2020)\News of the World (2020) [Bluray-1080p] {imdb-tt6878306}.leapfrog.json,written,News of the World
title-only movie match,109,F:\MediaStack\data\media\movies\The Next Karate Kid (1994)\The Next Karate Kid (1994) [Bluray-1080p] {imdb-tt0110657}.mp4,2356,the-next-karate-kid,movie,imdb://tt0110657,F:\MediaStack\data\media\movies\The Next Karate Kid (1994)\The Next Karate Kid (1994) [Bluray-1080p] {imdb-tt0110657}.leapfrog.json,written,The Next Karate Kid
title-only movie match,213,F:\MediaStack\data\media\movies\No Time to Die (2021)\No Time to Die (2021) [Bluray-1080p] {imdb-tt2382320}.mp4,678009,no-time-to-die,movie,imdb://tt2382320,F:\MediaStack\data\media\movies\No Time to Die (2021)\No Time to Die (2021) [Bluray-1080p] {imdb-tt2382320}.leapfrog.json,written,No Time to Die
title-only movie match,104,F:\MediaStack\data\media\movies\Noah (2014)\Noah (2014) [Bluray-1080p] {imdb-tt1959490}.mp4,1182,noah,movie,imdb://tt1959490,F:\MediaStack\data\media\movies\Noah (2014)\Noah (2014) [Bluray-1080p] {imdb-tt1959490}.leapfrog.json,written,Noah
title-only movie match,254,F:\MediaStack\data\media\movies\Nocturnal Animals (2016)\Nocturnal Animals (2016) [Bluray-1080p] {imdb-tt4550098}.mkv,177281,nocturnal-animals,movie,imdb://tt4550098,F:\MediaStack\data\media\movies\Nocturnal Animals (2016)\Nocturnal Animals (2016) [Bluray-1080p] {imdb-tt4550098}.leapfrog.json,written,Nocturnal Animals
title-only movie match,93,F:\MediaStack\data\media\movies\Norm of the North (2016)\Norm of the North (2016) [Bluray-1080p] {imdb-tt1594972}.mkv,2740,norm-of-the-north,movie,imdb://tt1594972,F:\MediaStack\data\media\movies\Norm of the North (2016)\Norm of the North (2016) [Bluray-1080p] {imdb-tt1594972}.leapfrog.json,written,Norm of the North
title-only movie match,134,F:\MediaStack\data\media\movies\Mystery Men (1999)\Mystery Men (1999) [Bluray-1080p] {imdb-tt0132347}.mp4,3043,mystery-men,movie,imdb://tt0132347,F:\MediaStack\data\media\movies\Mystery Men (1999)\Mystery Men (1999) [Bluray-1080p] {imdb-tt0132347}.leapfrog.json,written,Mystery Men
title-only movie match,93,F:\MediaStack\data\media\movies\Nacho Libre (2006)\Nacho Libre (2006) [Bluray-1080p] {imdb-tt0457510}.mkv,2204,nacho-libre,movie,imdb://tt0457510,F:\MediaStack\data\media\movies\Nacho Libre (2006)\Nacho Libre (2006) [Bluray-1080p] {imdb-tt0457510}.leapfrog.json,written,Nacho Libre
title-only movie match,185,F:\MediaStack\data\media\movies\The Naked Gun (2025)\The Naked Gun (2025) [Bluray-1080p] {imdb-tt3402138}.mkv,702915,the-naked-gun,movie,imdb://tt3402138,F:\MediaStack\data\media\movies\The Naked Gun (2025)\The Naked Gun (2025) [Bluray-1080p] {imdb-tt3402138}.leapfrog.json,written,The Naked Gun
title-only movie match,206,F:\MediaStack\data\media\movies\The Naked Gun 2½ - The Smell of Fear (1991)\The Naked Gun 2½ The Smell of Fear (1991) [Bluray-720p] {imdb-tt0102510}.mkv,660693,the-naked-gun-212-the-smell-of-fear,movie,imdb://tt0102510,F:\MediaStack\data\media\movies\The Naked Gun 2½ - The Smell of Fear (1991)\The Naked Gun 2½ The Smell of Fear (1991) [Bluray-720p] {imdb-tt0102510}.leapfrog.json,written,The Naked Gun 2½: The Smell of Fear
title-only movie match,157,F:\MediaStack\data\media\movies\The Naked Gun - From the Files of Police Squad! (1988)\The Naked Gun From the Files of Police Squad! (1988) [WEBDL-1080p] {imdb-tt0095705}.mkv,3417,the-naked-gun-from-the-files-of-the-police-squad,movie,imdb://tt0095705,F:\MediaStack\data\media\movies\The Naked Gun - From the Files of Police Squad! (1988)\The Naked Gun From the Files of Police Squad! (1988) [WEBDL-1080p] {imdb-tt0095705}.leapfrog.json,written,The Naked Gun: From the Files of Police Squad!
title-only movie match,142,F:\MediaStack\data\media\movies\Nanny McPhee (2005)\Nanny McPhee (2005) [Bluray-1080p] {imdb-tt0396752}.mkv,3292,nanny-mcphee,movie,imdb://tt0396752,F:\MediaStack\data\media\movies\Nanny McPhee (2005)\Nanny McPhee (2005) [Bluray-1080p] {imdb-tt0396752}.leapfrog.json,written,Nanny McPhee
title-only movie match,223,F:\MediaStack\data\media\movies\Napoleon (2023)\Napoleon (2023) [WEBDL-1080p] {imdb-tt13287846}.mkv,696623,napoleon-23c41,movie,imdb://tt13287846,F:\MediaStack\data\media\movies\Napoleon (2023)\Napoleon (2023) [WEBDL-1080p] {imdb-tt13287846}.leapfrog.json,written,Napoleon
title-only movie match,144,F:\MediaStack\data\media\movies\The Net (1995)\The Net (1995) [Bluray-1080p] {imdb-tt0113957}.mp4,1335,the-net,movie,imdb://tt0113957,F:\MediaStack\data\media\movies\The Net (1995)\The Net (1995) [Bluray-1080p] {imdb-tt0113957}.leapfrog.json,written,The Net
title-only movie match,92,F:\MediaStack\data\media\movies\My Best Friend's Wedding (1997)\My Best Friends Wedding (1997) [Bluray-1080p] {imdb-tt0119738}.mkv,1378,my-best-friends-wedding,movie,imdb://tt0119738,F:\MediaStack\data\media\movies\My Best Friend's Wedding (1997)\My Best Friends Wedding (1997) [Bluray-1080p] {imdb-tt0119738}.leapfrog.json,written,My Best Friend's Wedding
title-only movie match,88,F:\MediaStack\data\media\movies\Moonrise Kingdom (2012)\Moonrise Kingdom (2012) [Bluray-1080p] {imdb-tt1748122}.mp4,2364,moonrise-kingdom,movie,imdb://tt1748122,F:\MediaStack\data\media\movies\Moonrise Kingdom (2012)\Moonrise Kingdom (2012) [Bluray-1080p] {imdb-tt1748122}.leapfrog.json,written,Moonrise Kingdom
title-only movie match,149,F:\MediaStack\data\media\movies\Morbius (2022)\Morbius (2022) [Bluray-1080p] {imdb-tt5108870}.mp4,693159,morbius,movie,imdb://tt5108870,F:\MediaStack\data\media\movies\Morbius (2022)\Morbius (2022) [Bluray-1080p] {imdb-tt5108870}.leapfrog.json,written,Morbius
title-only movie match,159,F:\MediaStack\data\media\movies\Morning Glory (2010)\Morning Glory (2010) [Bluray-1080p] {imdb-tt1126618}.mp4,3821,morning-glory,movie,imdb://tt1126618,F:\MediaStack\data\media\movies\Morning Glory (2010)\Morning Glory (2010) [Bluray-1080p] {imdb-tt1126618}.leapfrog.json,written,Morning Glory
title-only movie match,160,F:\MediaStack\data\media\movies\Mr. Baseball (1992)\Mr. Baseball (1992) [Bluray-1080p] {imdb-tt0104926}.mkv,14263,mr-baseball,movie,imdb://tt0104926,F:\MediaStack\data\media\movies\Mr. Baseball (1992)\Mr. Baseball (1992) [Bluray-1080p] {imdb-tt0104926}.leapfrog.json,written,Mr. Baseball
title-only movie match,77,F:\MediaStack\data\media\movies\Mr. Bean's Holiday (2007)\Mr. Beans Holiday (2007) [Bluray-1080p] {imdb-tt0453451}.mp4,3245,mr-beans-holiday,movie,imdb://tt0453451,F:\MediaStack\data\media\movies\Mr. Bean's Holiday (2007)\Mr. Beans Holiday (2007) [Bluray-1080p] {imdb-tt0453451}.leapfrog.json,written,Mr. Bean's Holiday
title-only movie match,184,F:\MediaStack\data\media\movies\Mr. Deeds (2002)\Mr. Deeds (2002) [Bluray-1080p] {imdb-tt0280590}.mp4,1690,mr-deeds,movie,imdb://tt0280590,F:\MediaStack\data\media\movies\Mr. Deeds (2002)\Mr. Deeds (2002) [Bluray-1080p] {imdb-tt0280590}.leapfrog.json,written,Mr. Deeds
title-only movie match,81,F:\MediaStack\data\media\movies\Mr. Peabody & Sherman (2014)\Mr. Peabody and Sherman (2014) [Bluray-1080p] {imdb-tt0864835}.mp4,1543,mr-peabody-and-sherman,movie,imdb://tt0864835,F:\MediaStack\data\media\movies\Mr. Peabody & Sherman (2014)\Mr. Peabody and Sherman (2014) [Bluray-1080p] {imdb-tt0864835}.leapfrog.json,written,Mr. Peabody & Sherman
title-only movie match,246,F:\MediaStack\data\media\movies\The Mummy (1999)\The Mummy (1999) [Bluray-1080p] {imdb-tt0120616}.mkv,2721,the-mummy-1999,movie,imdb://tt0120616,F:\MediaStack\data\media\movies\The Mummy (1999)\The Mummy (1999) [Bluray-1080p] {imdb-tt0120616}.leapfrog.json,written,The Mummy
title-only movie match,246,F:\MediaStack\data\media\movies\The Mummy (2017)\The Mummy (2017) [Bluray-1080p] {imdb-tt2345759}.mkv,2721,the-mummy-1999,movie,imdb://tt2345759,F:\MediaStack\data\media\movies\The Mummy (2017)\The Mummy (2017) [Bluray-1080p] {imdb-tt2345759}.leapfrog.json,written,The Mummy
title-only movie match,178,F:\MediaStack\data\media\movies\Mission - Impossible II (2000)\Mission Impossible II (2000) [Bluray-1080p] {imdb-tt0120755}.mkv,1707,mission-impossible-ii,movie,imdb://tt0120755,F:\MediaStack\data\media\movies\Mission - Impossible II (2000)\Mission Impossible II (2000) [Bluray-1080p] {imdb-tt0120755}.leapfrog.json,written,Mission: Impossible II
title-only movie match,150,F:\MediaStack\data\media\movies\Mission - Impossible III (2006)\Mission Impossible III (2006) [Bluray-1080p] {imdb-tt0317919}.mkv,1291,mission-impossible-iii,movie,imdb://tt0317919,F:\MediaStack\data\media\movies\Mission - Impossible III (2006)\Mission Impossible III (2006) [Bluray-1080p] {imdb-tt0317919}.leapfrog.json,written,Mission: Impossible III
title-only movie match,219,F:\MediaStack\data\media\movies\The Mitchells vs. the Machines (2021)\The Mitchells vs. the Machines (2021) [WEBRip-1080p] {imdb-tt7979580}.mp4,683297,the-mitchells-vs-the-machines,movie,imdb://tt7979580,F:\MediaStack\data\media\movies\The Mitchells vs. the Machines (2021)\The Mitchells vs. the Machines (2021) [WEBRip-1080p] {imdb-tt7979580}.leapfrog.json,written,The Mitchells vs. the Machines
title-only movie match,184,F:\MediaStack\data\media\movies\The Money Pit (1986)\The Money Pit (1986) [WEBDL-1080p] {imdb-tt0091541}.mkv,2793,the-money-pit,movie,imdb://tt0091541,F:\MediaStack\data\media\movies\The Money Pit (1986)\The Money Pit (1986) [WEBDL-1080p] {imdb-tt0091541}.leapfrog.json,written,The Money Pit
title-only movie match,43,F:\MediaStack\data\media\movies\Moneyball (2011)\Moneyball (2011) [Bluray-1080p] {imdb-tt1210166}.mkv,1222,moneyball,movie,imdb://tt1210166,F:\MediaStack\data\media\movies\Moneyball (2011)\Moneyball (2011) [Bluray-1080p] {imdb-tt1210166}.leapfrog.json,written,Moneyball
title-only movie match,187,F:\MediaStack\data\media\movies\Monster House (2006)\Monster House (2006) [Bluray-1080p] {imdb-tt0385880}.mkv,2367,monster-house,movie,imdb://tt0385880,F:\MediaStack\data\media\movies\Monster House (2006)\Monster House (2006) [Bluray-1080p] {imdb-tt0385880}.leapfrog.json,written,Monster House
title-only movie match,52,F:\MediaStack\data\media\movies\Monster Trucks (2016)\Monster Trucks (2016) [Bluray-1080p] {imdb-tt3095734}.mp4,133144,monster-trucks,movie,imdb://tt3095734,F:\MediaStack\data\media\movies\Monster Trucks (2016)\Monster Trucks (2016) [Bluray-1080p] {imdb-tt3095734}.leapfrog.json,written,Monster Trucks
title-only movie match,138,F:\MediaStack\data\media\movies\Monty Python and the Holy Grail (1975)\Monty Python and the Holy Grail (1975) [Bluray-1080p] {imdb-tt0071853}.mkv,2321,monty-python-and-the-holy-grail,movie,imdb://tt0071853,F:\MediaStack\data\media\movies\Monty Python and the Holy Grail (1975)\Monty Python and the Holy Grail (1975) [Bluray-1080p] {imdb-tt0071853}.leapfrog.json,written,Monty Python and the Holy Grail
title-only movie match,162,F:\MediaStack\data\media\movies\Minions (2015)\Minions (2015) [Bluray-1080p] {imdb-tt2293640}.mkv,2402,minions,movie,imdb://tt2293640,F:\MediaStack\data\media\movies\Minions (2015)\Minions (2015) [Bluray-1080p] {imdb-tt2293640}.leapfrog.json,written,Minions
title-only movie match,153,F:\MediaStack\data\media\movies\Minions - The Rise of Gru (2022)\Minions The Rise of Gru (2022) [Bluray-1080p] {imdb-tt5113044}.mkv,691278,minions-the-rise-of-gru,movie,imdb://tt5113044,F:\MediaStack\data\media\movies\Minions - The Rise of Gru (2022)\Minions The Rise of Gru (2022) [Bluray-1080p] {imdb-tt5113044}.leapfrog.json,written,Minions: The Rise of Gru
title-only movie match,107,F:\MediaStack\data\media\movies\Miracles from Heaven (2016)\Miracles from Heaven (2016) [Bluray-1080p] {imdb-tt4257926}.mkv,2944,miracles-from-heaven,movie,imdb://tt4257926,F:\MediaStack\data\media\movies\Miracles from Heaven (2016)\Miracles from Heaven (2016) [Bluray-1080p] {imdb-tt4257926}.leapfrog.json,written,Miracles from Heaven
title-only movie match,113,F:\MediaStack\data\media\movies\Mission - Impossible (1996)\Mission Impossible (1996) [Bluray-1080p] {imdb-tt0117060}.mkv,1709,mission-impossible,movie,imdb://tt0117060,F:\MediaStack\data\media\movies\Mission - Impossible (1996)\Mission Impossible (1996) [Bluray-1080p] {imdb-tt0117060}.leapfrog.json,written,Mission: Impossible
title-only movie match,197,F:\MediaStack\data\media\movies\Mission - Impossible - Dead Reckoning Part One (2023)\Mission Impossible Dead Reckoning Part One (2023) [Bluray-1080p] {imdb-tt9603212}.mkv,695578,mission-impossible-dead-reckoning-part-one,movie,imdb://tt9603212,F:\MediaStack\data\media\movies\Mission - Impossible - Dead Reckoning Part One (2023)\Mission Impossible Dead Reckoning Part One (2023) [Bluray-1080p] {imdb-tt9603212}.leapfrog.json,written,Mission: Impossible - Dead Reckoning
title-only movie match,171,F:\MediaStack\data\media\movies\Mission - Impossible - Fallout (2018)\Mission Impossible Fallout (2018) [Bluray-1080p] {imdb-tt4912910}.mkv,670559,mission-impossible-fallout,movie,imdb://tt4912910,F:\MediaStack\data\media\movies\Mission - Impossible - Fallout (2018)\Mission Impossible Fallout (2018) [Bluray-1080p] {imdb-tt4912910}.leapfrog.json,written,Mission: Impossible - Fallout
title-only movie match,111,F:\MediaStack\data\media\movies\Mission - Impossible - Rogue Nation (2015)\Mission Impossible Rogue Nation (2015) [Bluray-1080p] {imdb-tt2381249}.mkv,2399,mission-impossible-rogue-nation,movie,imdb://tt2381249,F:\MediaStack\data\media\movies\Mission - Impossible - Rogue Nation (2015)\Mission Impossible Rogue Nation (2015) [Bluray-1080p] {imdb-tt2381249}.leapfrog.json,written,Mission: Impossible - Rogue Nation
title-only movie match,201,F:\MediaStack\data\media\movies\Mission - Impossible - The Final Reckoning (2025)\Mission Impossible The Final Reckoning (2025) [Bluray-1080p] {imdb-tt9603208}.mkv,702489,mission-impossible-the-final-reckoning,movie,imdb://tt9603208,F:\MediaStack\data\media\movies\Mission - Impossible - The Final Reckoning (2025)\Mission Impossible The Final Reckoning (2025) [Bluray-1080p] {imdb-tt9603208}.leapfrog.json,written,Mission: Impossible - The Final Reckoning
title-only movie match,121,F:\MediaStack\data\media\movies\Meet Joe Black (1998)\Meet Joe Black (1998) [Bluray-1080p] {imdb-tt0119643}.mkv,2256,meet-joe-black,movie,imdb://tt0119643,F:\MediaStack\data\media\movies\Meet Joe Black (1998)\Meet Joe Black (1998) [Bluray-1080p] {imdb-tt0119643}.leapfrog.json,written,Meet Joe Black
title-only movie match,165,F:\MediaStack\data\media\movies\Meet the Fockers (2004)\Meet the Fockers (2004) [Bluray-1080p] {imdb-tt0290002}.mkv,1191,meet-the-fockers,movie,imdb://tt0290002,F:\MediaStack\data\media\movies\Meet the Fockers (2004)\Meet the Fockers (2004) [Bluray-1080p] {imdb-tt0290002}.leapfrog.json,written,Meet the Fockers
title-only movie match,128,F:\MediaStack\data\media\movies\Meet the Parents (2000)\Meet the Parents (2000) [Bluray-1080p] {imdb-tt0212338}.mp4,1029,meet-the-parents,movie,imdb://tt0212338,F:\MediaStack\data\media\movies\Meet the Parents (2000)\Meet the Parents (2000) [Bluray-1080p] {imdb-tt0212338}.leapfrog.json,written,Meet the Parents
title-only movie match,133,F:\MediaStack\data\media\movies\Megan Leavey (2017)\Megan Leavey (2017) [WEBRip-1080p] {imdb-tt4899370}.mkv,220740,megan-leavey,movie,imdb://tt4899370,F:\MediaStack\data\media\movies\Megan Leavey (2017)\Megan Leavey (2017) [WEBRip-1080p] {imdb-tt4899370}.leapfrog.json,written,Megan Leavey
title-only movie match,248,F:\MediaStack\data\media\movies\Memento (2000)\Memento (2000) [Bluray-1080p] {imdb-tt0209144}.mp4,1659,memento,movie,imdb://tt0209144,F:\MediaStack\data\media\movies\Memento (2000)\Memento (2000) [Bluray-1080p] {imdb-tt0209144}.leapfrog.json,written,Memento
title-only movie match,160,F:\MediaStack\data\media\movies\Men in Black (1997)\Men in Black (1997) [Bluray-1080p] {imdb-tt0119654}.mp4,1032,men-in-black,movie,imdb://tt0119654,F:\MediaStack\data\media\movies\Men in Black (1997)\Men in Black (1997) [Bluray-1080p] {imdb-tt0119654}.leapfrog.json,written,Men in Black
title-only movie match,164,F:\MediaStack\data\media\movies\Men in Black II (2002)\Men in Black II (2002) [Bluray-1080p] {imdb-tt0120912}.mp4,1450,men-in-black-ii,movie,imdb://tt0120912,F:\MediaStack\data\media\movies\Men in Black II (2002)\Men in Black II (2002) [Bluray-1080p] {imdb-tt0120912}.leapfrog.json,written,Men in Black II
title-only movie match,141,F:\MediaStack\data\media\movies\Men in Black - International (2019)\Men in Black International (2019) [Bluray-1080p] {imdb-tt2283336}.mp4,674645,men-in-black-international,movie,imdb://tt2283336,F:\MediaStack\data\media\movies\Men in Black - International (2019)\Men in Black International (2019) [Bluray-1080p] {imdb-tt2283336}.leapfrog.json,written,Men in Black: International
title-only movie match,160,F:\MediaStack\data\media\movies\Men in Black 3 (2012)\Men in Black 3 (2012) [Bluray-1080p] {imdb-tt1409024}.mp4,1032,men-in-black,movie,imdb://tt1409024,F:\MediaStack\data\media\movies\Men in Black 3 (2012)\Men in Black 3 (2012) [Bluray-1080p] {imdb-tt1409024}.leapfrog.json,written,Men in Black³
title-only movie match,77,F:\MediaStack\data\media\movies\Midnight in Paris (2011)\Midnight in Paris (2011) [Bluray-1080p] {imdb-tt1605783}.mkv,2051,midnight-in-paris,movie,imdb://tt1605783,F:\MediaStack\data\media\movies\Midnight in Paris (2011)\Midnight in Paris (2011) [Bluray-1080p] {imdb-tt1605783}.leapfrog.json,written,Midnight in Paris
title-only movie match,244,F:\MediaStack\data\media\movies\Midway (2019)\Midway (2019) [Bluray-1080p] {imdb-tt6924650}.mkv,676300,midway-6d417,movie,imdb://tt6924650,F:\MediaStack\data\media\movies\Midway (2019)\Midway (2019) [Bluray-1080p] {imdb-tt6924650}.leapfrog.json,written,Midway
title-only movie match,105,F:\MediaStack\data\media\movies\The Manchurian Candidate (2004)\The Manchurian Candidate (2004) [Bluray-1080p] {imdb-tt0368008}.mkv,2962,the-manchurian-candidate-2004,movie,imdb://tt0368008,F:\MediaStack\data\media\movies\The Manchurian Candidate (2004)\The Manchurian Candidate (2004) [Bluray-1080p] {imdb-tt0368008}.leapfrog.json,written,The Manchurian Candidate
title-only movie match,137,F:\MediaStack\data\media\movies\Margin Call (2011)\Margin Call (2011) [Bluray-1080p] {imdb-tt1615147}.mkv,2646,margin-call,movie,imdb://tt1615147,F:\MediaStack\data\media\movies\Margin Call (2011)\Margin Call (2011) [Bluray-1080p] {imdb-tt1615147}.leapfrog.json,written,Margin Call
title-only movie match,166,F:\MediaStack\data\media\movies\The Mask of Zorro (1998)\The Mask of Zorro (1998) [Bluray-1080p] {imdb-tt0120746}.mkv,2669,the-mask-of-zorro,movie,imdb://tt0120746,F:\MediaStack\data\media\movies\The Mask of Zorro (1998)\The Mask of Zorro (1998) [Bluray-1080p] {imdb-tt0120746}.leapfrog.json,written,The Mask of Zorro
title-only movie match,146,F:\MediaStack\data\media\movies\Matilda (1996)\Matilda (1996) [Bluray-1080p] {imdb-tt0117008}.mp4,2705,matilda-1996,movie,imdb://tt0117008,F:\MediaStack\data\media\movies\Matilda (1996)\Matilda (1996) [Bluray-1080p] {imdb-tt0117008}.leapfrog.json,written,Matilda
title-only movie match,145,F:\MediaStack\data\media\movies\Madagascar (2005)\Madagascar (2005) [Bluray-1080p] {imdb-tt0351283}.mkv,1309,madagascar,movie,imdb://tt0351283,F:\MediaStack\data\media\movies\Madagascar (2005)\Madagascar (2005) [Bluray-1080p] {imdb-tt0351283}.leapfrog.json,written,Madagascar
title-only movie match,177,F:\MediaStack\data\media\movies\Madagascar 3 - Europe's Most Wanted (2012)\Madagascar 3 Europes Most Wanted (2012) [Bluray-1080p] {imdb-tt1277953}.mkv,2381,madagascar-3-europes-most-wanted,movie,imdb://tt1277953,F:\MediaStack\data\media\movies\Madagascar 3 - Europe's Most Wanted (2012)\Madagascar 3 Europes Most Wanted (2012) [Bluray-1080p] {imdb-tt1277953}.leapfrog.json,written,Madagascar 3: Europe's Most Wanted
title-only movie match,99,F:\MediaStack\data\media\movies\Madagascar - Escape 2 Africa (2008)\Madagascar Escape 2 Africa (2008) [Bluray-1080p] {imdb-tt0479952}.mp4,1256,madagascar-escape-2-africa,movie,imdb://tt0479952,F:\MediaStack\data\media\movies\Madagascar - Escape 2 Africa (2008)\Madagascar Escape 2 Africa (2008) [Bluray-1080p] {imdb-tt0479952}.leapfrog.json,written,Madagascar: Escape 2 Africa
title-only movie match,198,F:\MediaStack\data\media\movies\Made of Honor (2008)\Made of Honor (2008) [WEBDL-1080p] {imdb-tt0866439}.mkv,1235,made-of-honor,movie,imdb://tt0866439,F:\MediaStack\data\media\movies\Made of Honor (2008)\Made of Honor (2008) [WEBDL-1080p] {imdb-tt0866439}.leapfrog.json,written,Made of Honor
title-only movie match,149,F:\MediaStack\data\media\movies\Maid in Manhattan (2002)\Maid in Manhattan (2002) [Bluray-1080p] {imdb-tt0252076}.mkv,3352,maid-in-manhattan,movie,imdb://tt0252076,F:\MediaStack\data\media\movies\Maid in Manhattan (2002)\Maid in Manhattan (2002) [Bluray-1080p] {imdb-tt0252076}.leapfrog.json,written,Maid in Manhattan
title-only movie match,205,F:\MediaStack\data\media\movies\Mamma Mia! (2008)\Mamma Mia! (2008) [Bluray-1080p] {imdb-tt0795421}.mp4,1691,mamma-mia,movie,imdb://tt0795421,F:\MediaStack\data\media\movies\Mamma Mia! (2008)\Mamma Mia! (2008) [Bluray-1080p] {imdb-tt0795421}.leapfrog.json,written,Mamma Mia!
title-only movie match,79,F:\MediaStack\data\media\movies\A Man Called Otto (2022)\A Man Called Otto (2022) [WEBDL-1080p] {imdb-tt7405458}.mkv,693293,a-man-called-otto,movie,imdb://tt7405458,F:\MediaStack\data\media\movies\A Man Called Otto (2022)\A Man Called Otto (2022) [WEBDL-1080p] {imdb-tt7405458}.leapfrog.json,written,A Man Called Otto
title-only movie match,37,F:\MediaStack\data\media\movies\A Man for All Seasons (1966)\A Man for All Seasons (1966) [Bluray-1080p] {imdb-tt0060665}.mkv,1134,a-man-for-all-seasons,movie,imdb://tt0060665,F:\MediaStack\data\media\movies\A Man for All Seasons (1966)\A Man for All Seasons (1966) [Bluray-1080p] {imdb-tt0060665}.leapfrog.json,written,A Man for All Seasons
title-only movie match,183,F:\MediaStack\data\media\movies\The Man in the Iron Mask (1998)\The Man in the Iron Mask (1998) [Bluray-1080p] {imdb-tt0120744}.mkv,2983,the-man-in-the-iron-mask,movie,imdb://tt0120744,F:\MediaStack\data\media\movies\The Man in the Iron Mask (1998)\The Man in the Iron Mask (1998) [Bluray-1080p] {imdb-tt0120744}.leapfrog.json,written,The Man in the Iron Mask
title-only movie match,338,F:\MediaStack\data\media\movies\The Longest Yard (2005)\The Longest Yard (2005) [Bluray-1080p] {imdb-tt0398165}.mp4,636656,the-longest-yard-2005,movie,imdb://tt0398165,F:\MediaStack\data\media\movies\The Longest Yard (2005)\The Longest Yard (2005) [Bluray-1080p] {imdb-tt0398165}.leapfrog.json,written,The Longest Yard
title-only movie match,184,F:\MediaStack\data\media\movies\Lord of War (2005)\Lord of War (2005) [Bluray-1080p] {imdb-tt0399295}.mkv,3056,lord-of-war,movie,imdb://tt0399295,F:\MediaStack\data\media\movies\Lord of War (2005)\Lord of War (2005) [Bluray-1080p] {imdb-tt0399295}.leapfrog.json,written,Lord of War
title-only movie match,311,F:\MediaStack\data\media\movies\The Lost City (2022)\The Lost City (2022) [Bluray-1080p] {imdb-tt13320622}.mkv,689460,the-lost-city,movie,imdb://tt13320622,F:\MediaStack\data\media\movies\The Lost City (2022)\The Lost City (2022) [Bluray-1080p] {imdb-tt13320622}.leapfrog.json,written,The Lost City
title-only movie match,58,F:\MediaStack\data\media\movies\Lost in Translation (2003)\Lost in Translation (2003) [Bluray-1080p] {imdb-tt0335266}.mkv,2840,lost-in-translation,movie,imdb://tt0335266,F:\MediaStack\data\media\movies\Lost in Translation (2003)\Lost in Translation (2003) [Bluray-1080p] {imdb-tt0335266}.leapfrog.json,written,Lost in Translation
title-only movie match,114,F:\MediaStack\data\media\movies\The Lost World - Jurassic Park (1997)\The Lost World Jurassic Park (1997) [Bluray-1080p] {imdb-tt0119567}.mkv,1647,the-lost-world-jurassic-park,movie,imdb://tt0119567,F:\MediaStack\data\media\movies\The Lost World - Jurassic Park (1997)\The Lost World Jurassic Park (1997) [Bluray-1080p] {imdb-tt0119567}.leapfrog.json,written,The Lost World: Jurassic Park
title-only movie match,159,F:\MediaStack\data\media\movies\Love and Monsters (2020)\Love and Monsters (2020) [Bluray-1080p] {imdb-tt2222042}.mkv,689055,love-and-monsters,movie,imdb://tt2222042,F:\MediaStack\data\media\movies\Love and Monsters (2020)\Love and Monsters (2020) [Bluray-1080p] {imdb-tt2222042}.leapfrog.json,written,Love and Monsters
title-only movie match,69,"F:\MediaStack\data\media\movies\Lyle, Lyle, Crocodile (2022)\Lyle Lyle Crocodile (2022) [WEBDL-1080p] {imdb-tt14668630}.mkv",694205,lyle-lyle-crocodile,movie,imdb://tt14668630,"F:\MediaStack\data\media\movies\Lyle, Lyle, Crocodile (2022)\Lyle Lyle Crocodile (2022) [WEBDL-1080p] {imdb-tt14668630}.leapfrog.json",written,"Lyle, Lyle, Crocodile"
title-only movie match,139,F:\MediaStack\data\media\movies\The Little Rascals (1994)\The Little Rascals (1994) [Bluray-1080p] {imdb-tt0110366}.mp4,3036,the-little-rascals,movie,imdb://tt0110366,F:\MediaStack\data\media\movies\The Little Rascals (1994)\The Little Rascals (1994) [Bluray-1080p] {imdb-tt0110366}.leapfrog.json,written,The Little Rascals
title-only movie match,197,F:\MediaStack\data\media\movies\London Has Fallen (2016)\London Has Fallen (2016) [Bluray-1080p] {imdb-tt3300542}.mkv,3239,london-has-fallen,movie,imdb://tt3300542,F:\MediaStack\data\media\movies\London Has Fallen (2016)\London Has Fallen (2016) [Bluray-1080p] {imdb-tt3300542}.leapfrog.json,written,London Has Fallen
title-only movie match,375,F:\MediaStack\data\media\movies\Lone Survivor (2013)\Lone Survivor (2013) [Bluray-1080p] {imdb-tt1091191}.mp4,1161,lone-survivor,movie,imdb://tt1091191,F:\MediaStack\data\media\movies\Lone Survivor (2013)\Lone Survivor (2013) [Bluray-1080p] {imdb-tt1091191}.leapfrog.json,written,Lone Survivor
title-only movie match,129,F:\MediaStack\data\media\movies\Limitless (2011)\Limitless (2011) [Bluray-1080P] {Imdb-Tt1219289}.Clean.mp4,1656,limitless,movie,local://25184,F:\MediaStack\data\media\movies\Limitless (2011)\Limitless (2011) [Bluray-1080P] {Imdb-Tt1219289}.Clean.leapfrog.json,written,Limitless
title-only movie match,39,F:\MediaStack\data\media\movies\Lion (2016)\Lion (2016) [Bluray-1080p] {imdb-tt3741834}.mkv,173924,lion,movie,imdb://tt3741834,F:\MediaStack\data\media\movies\Lion (2016)\Lion (2016) [Bluray-1080p] {imdb-tt3741834}.leapfrog.json,written,Lion
title-only movie match,133,F:\MediaStack\data\media\movies\The Last Unicorn (1982)\The Last Unicorn (1982) [Bluray-1080p] {imdb-tt0084237}.mkv,3799,the-last-unicorn,movie,imdb://tt0084237,F:\MediaStack\data\media\movies\The Last Unicorn (1982)\The Last Unicorn (1982) [Bluray-1080p] {imdb-tt0084237}.leapfrog.json,written,The Last Unicorn
title-only movie match,174,F:\MediaStack\data\media\movies\A League of Their Own (1992)\A League of Their Own (1992) [Bluray-1080p] {imdb-tt0104694}.mkv,2227,a-league-of-their-own-1992,movie,imdb://tt0104694,F:\MediaStack\data\media\movies\A League of Their Own (1992)\A League of Their Own (1992) [Bluray-1080p] {imdb-tt0104694}.leapfrog.json,written,A League of Their Own
title-only movie match,375,F:\MediaStack\data\media\movies\Legend (1985)\Legend (1985) [Bluray-1080p] {imdb-tt0089469}.mkv,2804,legend-2015,movie,imdb://tt0089469,F:\MediaStack\data\media\movies\Legend (1985)\Legend (1985) [Bluray-1080p] {imdb-tt0089469}.leapfrog.json,written,Legend
title-only movie match,266,F:\MediaStack\data\media\movies\The Legend of Zorro (2005)\The Legend of Zorro (2005) [Bluray-1080p] {imdb-tt0386140}.mkv,2684,the-legend-of-zorro,movie,imdb://tt0386140,F:\MediaStack\data\media\movies\The Legend of Zorro (2005)\The Legend of Zorro (2005) [Bluray-1080p] {imdb-tt0386140}.leapfrog.json,written,The Legend of Zorro
title-only movie match,155,F:\MediaStack\data\media\movies\Legends of the Fall (1994)\Legends of the Fall (1994) [Bluray-1080p] {imdb-tt0110322}.mkv,2773,legends-of-the-fall,movie,imdb://tt0110322,F:\MediaStack\data\media\movies\Legends of the Fall (1994)\Legends of the Fall (1994) [Bluray-1080p] {imdb-tt0110322}.leapfrog.json,written,Legends of the Fall
title-only movie match,187,F:\MediaStack\data\media\movies\Leo (2023)\Leo (2023) [WEBDL-1080p] {imdb-tt5755238}.mkv,696233,leo,movie,imdb://tt5755238,F:\MediaStack\data\media\movies\Leo (2023)\Leo (2023) [WEBDL-1080p] {imdb-tt5755238}.leapfrog.json,written,Leo
title-only movie match,196,F:\MediaStack\data\media\movies\Léon - The Professional (1994)\Leon The Professional (1994) [Bluray-1080p] {imdb-tt0110413}.mp4,2692,leon-the-professional,movie,imdb://tt0110413,F:\MediaStack\data\media\movies\Léon - The Professional (1994)\Leon The Professional (1994) [Bluray-1080p] {imdb-tt0110413}.leapfrog.json,written,Léon: The Professional
title-only movie match,140,F:\MediaStack\data\media\movies\Les Misérables (2012)\Les Miserables (2012) [Bluray-1080p] {imdb-tt1707386}.mkv,1275,les-miserables,movie,imdb://tt1707386,F:\MediaStack\data\media\movies\Les Misérables (2012)\Les Miserables (2012) [Bluray-1080p] {imdb-tt1707386}.leapfrog.json,written,Les Misérables
title-only movie match,123,F:\MediaStack\data\media\movies\Kung Fu Panda 2 (2011)\Kung Fu Panda 2 (2011) [Bluray-1080p] {imdb-tt1302011}.mp4,2222,kung-fu-panda-2,movie,imdb://tt1302011,F:\MediaStack\data\media\movies\Kung Fu Panda 2 (2011)\Kung Fu Panda 2 (2011) [Bluray-1080p] {imdb-tt1302011}.leapfrog.json,written,Kung Fu Panda 2
title-only movie match,146,F:\MediaStack\data\media\movies\Kung Fu Panda 3 (2016)\Kung Fu Panda 3 (2016) [Bluray-1080p] {imdb-tt2267968}.mkv,3159,kung-fu-panda-3,movie,imdb://tt2267968,F:\MediaStack\data\media\movies\Kung Fu Panda 3 (2016)\Kung Fu Panda 3 (2016) [Bluray-1080p] {imdb-tt2267968}.leapfrog.json,written,Kung Fu Panda 3
title-only movie match,136,F:\MediaStack\data\media\movies\Kung Fu Panda 4 (2024)\Kung Fu Panda 4 (2024) [Bluray-1080p] {imdb-tt21692408}.mp4,698199,kung-fu-panda-4,movie,imdb://tt21692408,F:\MediaStack\data\media\movies\Kung Fu Panda 4 (2024)\Kung Fu Panda 4 (2024) [Bluray-1080p] {imdb-tt21692408}.leapfrog.json,written,Kung Fu Panda 4
title-only movie match,83,F:\MediaStack\data\media\movies\La La Land (2016)\La La Land (2016) [Bluray-1080p] {imdb-tt3783958}.mkv,162758,la-la-land,movie,imdb://tt3783958,F:\MediaStack\data\media\movies\La La Land (2016)\La La Land (2016) [Bluray-1080p] {imdb-tt3783958}.leapfrog.json,written,La La Land
title-only movie match,74,F:\MediaStack\data\media\movies\Labor Day (2013)\Labor Day (2013) [Bluray-1080p] {imdb-tt1967545}.mkv,1076,labor-day,movie,imdb://tt1967545,F:\MediaStack\data\media\movies\Labor Day (2013)\Labor Day (2013) [Bluray-1080p] {imdb-tt1967545}.leapfrog.json,written,Labor Day
title-only movie match,106,F:\MediaStack\data\media\movies\Lara Croft - Tomb Raider (2001)\Lara Croft Tomb Raider (2001) [Bluray-1080p] {imdb-tt0146316}.mkv,3374,lara-croft-tomb-raider,movie,imdb://tt0146316,F:\MediaStack\data\media\movies\Lara Croft - Tomb Raider (2001)\Lara Croft Tomb Raider (2001) [Bluray-1080p] {imdb-tt0146316}.leapfrog.json,written,Lara Croft: Tomb Raider
title-only movie match,246,F:\MediaStack\data\media\movies\Killers (2010)\Killers (2010) [Bluray-1080p] {imdb-tt1103153}.mp4,2912,killers,movie,imdb://tt1103153,F:\MediaStack\data\media\movies\Killers (2010)\Killers (2010) [Bluray-1080p] {imdb-tt1103153}.leapfrog.json,written,Killers
title-only movie match,121,F:\MediaStack\data\media\movies\Kindergarten Cop (1990)\Kindergarten Cop (1990) [Bluray-1080p] {imdb-tt0099938}.mkv,2788,kindergarten-cop,movie,imdb://tt0099938,F:\MediaStack\data\media\movies\Kindergarten Cop (1990)\Kindergarten Cop (1990) [Bluray-1080p] {imdb-tt0099938}.leapfrog.json,written,Kindergarten Cop
title-only movie match,56,F:\MediaStack\data\media\movies\The King's Speech (2010)\The Kings Speech (2010) [Bluray-1080p] {imdb-tt1504320}.mkv,1245,the-kings-speech,movie,imdb://tt1504320,F:\MediaStack\data\media\movies\The King's Speech (2010)\The Kings Speech (2010) [Bluray-1080p] {imdb-tt1504320}.leapfrog.json,written,The King's Speech
title-only movie match,170,F:\MediaStack\data\media\movies\Kiss the Girls (1997)\Kiss the Girls (1997) [Bluray-1080p Proper] {imdb-tt0119468}.mkv,664192,kiss-the-girls,movie,imdb://tt0119468,F:\MediaStack\data\media\movies\Kiss the Girls (1997)\Kiss the Girls (1997) [Bluray-1080p Proper] {imdb-tt0119468}.leapfrog.json,written,Kiss the Girls
title-only movie match,74,F:\MediaStack\data\media\movies\Klaus (2019)\Klaus (2019) [WEBDL-1080p] {imdb-tt4729430}.mkv,676311,klaus,movie,imdb://tt4729430,F:\MediaStack\data\media\movies\Klaus (2019)\Klaus (2019) [WEBDL-1080p] {imdb-tt4729430}.leapfrog.json,written,Klaus
title-only movie match,112,F:\MediaStack\data\media\movies\A Knight's Tale (2001)\A Knights Tale (2001) [Bluray-1080p] {imdb-tt0183790}.mkv,2031,a-knights-tale,movie,imdb://tt0183790,F:\MediaStack\data\media\movies\A Knight's Tale (2001)\A Knights Tale (2001) [Bluray-1080p] {imdb-tt0183790}.leapfrog.json,written,A Knight's Tale
title-only movie match,186,F:\MediaStack\data\media\movies\Knives Out (2019)\Knives Out (2019) [Bluray-1080p] {imdb-tt8946378}.mkv,677022,knives-out,movie,imdb://tt8946378,F:\MediaStack\data\media\movies\Knives Out (2019)\Knives Out (2019) [Bluray-1080p] {imdb-tt8946378}.leapfrog.json,written,Knives Out
title-only movie match,87,F:\MediaStack\data\media\movies\Knock at the Cabin (2023)\Knock at the Cabin (2023) [Bluray-1080p] {imdb-tt15679400}.mp4,694759,knock-at-the-cabin,movie,imdb://tt15679400,F:\MediaStack\data\media\movies\Knock at the Cabin (2023)\Knock at the Cabin (2023) [Bluray-1080p] {imdb-tt15679400}.leapfrog.json,written,Knock at the Cabin
title-only movie match,701,F:\MediaStack\data\media\movies\Knocked Up (2007)\Knocked Up (2007) [Bluray-1080p] {imdb-tt0478311}.mp4,2964,knocked-up,movie,imdb://tt0478311,F:\MediaStack\data\media\movies\Knocked Up (2007)\Knocked Up (2007) [Bluray-1080p] {imdb-tt0478311}.leapfrog.json,written,Knocked Up
title-only movie match,74,F:\MediaStack\data\media\movies\Knowing (2009)\Knowing (2009) [Bluray-1080p] {imdb-tt0448011}.mkv,3698,knowing,movie,imdb://tt0448011,F:\MediaStack\data\media\movies\Knowing (2009)\Knowing (2009) [Bluray-1080p] {imdb-tt0448011}.leapfrog.json,written,Knowing
title-only movie match,182,F:\MediaStack\data\media\movies\KPop Demon Hunters (2025)\KPop Demon Hunters (2025) [WEBDL-1080p] {imdb-tt14205554}.mkv,702256,kpop-demon-hunters,movie,imdb://tt14205554,F:\MediaStack\data\media\movies\KPop Demon Hunters (2025)\KPop Demon Hunters (2025) [WEBDL-1080p] {imdb-tt14205554}.leapfrog.json,written,KPop Demon Hunters
title-only movie match,188,F:\MediaStack\data\media\movies\Krampus (2015)\Krampus (2015) [Bluray-1080p] {imdb-tt3850590}.mkv,2744,krampus-2015,movie,imdb://tt3850590,F:\MediaStack\data\media\movies\Krampus (2015)\Krampus (2015) [Bluray-1080p] {imdb-tt3850590}.leapfrog.json,written,Krampus
title-only movie match,196,F:\MediaStack\data\media\movies\Kraven the Hunter (2024)\Kraven the Hunter (2024) [Bluray-1080p] {imdb-tt8790086}.mp4,701661,kraven-the-hunter,movie,imdb://tt8790086,F:\MediaStack\data\media\movies\Kraven the Hunter (2024)\Kraven the Hunter (2024) [Bluray-1080p] {imdb-tt8790086}.leapfrog.json,written,Kraven the Hunter
title-only movie match,141,F:\MediaStack\data\media\movies\Kung Fu Panda (2008)\Kung Fu Panda (2008) [Bluray-1080p] {imdb-tt0441773}.mkv,2180,kung-fu-panda,movie,imdb://tt0441773,F:\MediaStack\data\media\movies\Kung Fu Panda (2008)\Kung Fu Panda (2008) [Bluray-1080p] {imdb-tt0441773}.leapfrog.json,written,Kung Fu Panda
title-only movie match,120,F:\MediaStack\data\media\movies\Jurassic Park (1993)\Jurassic Park (1993) [Bluray-1080p] {imdb-tt0107290}.mp4,1354,jurassic-park,movie,imdb://tt0107290,F:\MediaStack\data\media\movies\Jurassic Park (1993)\Jurassic Park (1993) [Bluray-1080p] {imdb-tt0107290}.leapfrog.json,written,Jurassic Park
title-only movie match,85,F:\MediaStack\data\media\movies\Jurassic Park III (2001)\Jurassic Park III (2001) [Bluray-1080p] {imdb-tt0163025}.mp4,1649,jurassic-park-iii,movie,imdb://tt0163025,F:\MediaStack\data\media\movies\Jurassic Park III (2001)\Jurassic Park III (2001) [Bluray-1080p] {imdb-tt0163025}.leapfrog.json,written,Jurassic Park III
title-only movie match,116,F:\MediaStack\data\media\movies\Jurassic World (2015)\Jurassic World (2015) [Bluray-1080p] {imdb-tt0369610}.mkv,2162,jurassic-world,movie,imdb://tt0369610,F:\MediaStack\data\media\movies\Jurassic World (2015)\Jurassic World (2015) [Bluray-1080p] {imdb-tt0369610}.leapfrog.json,written,Jurassic World
title-only movie match,155,F:\MediaStack\data\media\movies\Jurassic World Dominion (2022)\Jurassic World Dominion (2022) [Bluray-1080p] {imdb-tt8041270}.mp4,690653,jurassic-world-dominion,movie,imdb://tt8041270,F:\MediaStack\data\media\movies\Jurassic World Dominion (2022)\Jurassic World Dominion (2022) [Bluray-1080p] {imdb-tt8041270}.leapfrog.json,written,Jurassic World: Dominion
title-only movie match,126,F:\MediaStack\data\media\movies\Jurassic World - Fallen Kingdom (2018)\Jurassic World Fallen Kingdom (2018) [Bluray-1080p] {imdb-tt4881806}.mp4,659191,jurassic-world-fallen-kingdom,movie,imdb://tt4881806,F:\MediaStack\data\media\movies\Jurassic World - Fallen Kingdom (2018)\Jurassic World Fallen Kingdom (2018) [Bluray-1080p] {imdb-tt4881806}.leapfrog.json,written,Jurassic World: Fallen Kingdom
title-only movie match,146,F:\MediaStack\data\media\movies\Jurassic World Rebirth (2025)\Jurassic World Rebirth (2025) [Bluray-1080p] {imdb-tt31036941}.mp4,702666,jurassic-world-rebirth,movie,imdb://tt31036941,F:\MediaStack\data\media\movies\Jurassic World Rebirth (2025)\Jurassic World Rebirth (2025) [Bluray-1080p] {imdb-tt31036941}.leapfrog.json,written,Jurassic World: Rebirth
title-only movie match,380,F:\MediaStack\data\media\movies\Just Go with It (2011)\Just Go with It (2011) [Bluray-1080p] {imdb-tt1564367}.mp4,2831,just-go-with-it,movie,imdb://tt1564367,F:\MediaStack\data\media\movies\Just Go with It (2011)\Just Go with It (2011) [Bluray-1080p] {imdb-tt1564367}.leapfrog.json,written,Just Go with It
title-only movie match,111,F:\MediaStack\data\media\movies\Just Like Heaven (2005)\Just Like Heaven (2005) [WEBDL-1080p] {imdb-tt0425123}.mkv,2882,just-like-heaven,movie,imdb://tt0425123,F:\MediaStack\data\media\movies\Just Like Heaven (2005)\Just Like Heaven (2005) [WEBDL-1080p] {imdb-tt0425123}.leapfrog.json,written,Just Like Heaven
title-only movie match,57,F:\MediaStack\data\media\movies\The Karate Kid Part II (1986)\The Karate Kid Part II (1986) [Bluray-1080p] {imdb-tt0091326}.mkv,2354,the-karate-kid-part-ii,movie,imdb://tt0091326,F:\MediaStack\data\media\movies\The Karate Kid Part II (1986)\The Karate Kid Part II (1986) [Bluray-1080p] {imdb-tt0091326}.leapfrog.json,written,The Karate Kid Part II
title-only movie match,155,F:\MediaStack\data\media\movies\The Karate Kid Part III (1989)\The Karate Kid Part III (1989) [Bluray-1080p] {imdb-tt0097647}.mkv,2355,the-karate-kid-part-iii,movie,imdb://tt0097647,F:\MediaStack\data\media\movies\The Karate Kid Part III (1989)\The Karate Kid Part III (1989) [Bluray-1080p] {imdb-tt0097647}.leapfrog.json,written,The Karate Kid Part III
title-only movie match,107,F:\MediaStack\data\media\movies\Karate Kid - Legends (2025)\Karate Kid Legends (2025) [Bluray-1080p] {imdb-tt1674782}.mp4,702913,karate-kid-legends,movie,imdb://tt1674782,F:\MediaStack\data\media\movies\Karate Kid - Legends (2025)\Karate Kid Legends (2025) [Bluray-1080p] {imdb-tt1674782}.leapfrog.json,written,Karate Kid: Legends
title-only movie match,177,F:\MediaStack\data\media\movies\The Kid (2000)\The Kid (2000) [Bluray-1080p] {imdb-tt0219854}.mp4,672166,the-kid,movie,imdb://tt0219854,F:\MediaStack\data\media\movies\The Kid (2000)\The Kid (2000) [Bluray-1080p] {imdb-tt0219854}.leapfrog.json,written,The Kid
title-only movie match,113,F:\MediaStack\data\media\movies\Julie & Julia (2009)\Julie and Julia (2009) [Bluray-1080p] {imdb-tt1135503}.mkv,1337,julie-julia,movie,imdb://tt1135503,F:\MediaStack\data\media\movies\Julie & Julia (2009)\Julie and Julia (2009) [Bluray-1080p] {imdb-tt1135503}.leapfrog.json,written,Julie & Julia
title-only movie match,64,F:\MediaStack\data\media\movies\Jumanji (1995)\Jumanji (1995) [Bluray-1080p] {imdb-tt0113497}.mp4,2052,jumanji-1995,movie,imdb://tt0113497,F:\MediaStack\data\media\movies\Jumanji (1995)\Jumanji (1995) [Bluray-1080p] {imdb-tt0113497}.leapfrog.json,written,Jumanji
title-only movie match,176,F:\MediaStack\data\media\movies\Jumanji - The Next Level (2019)\Jumanji The Next Level (2019) [Bluray-1080p Proper] {imdb-tt7975244}.mkv,677016,jumanji-the-next-level,movie,imdb://tt7975244,F:\MediaStack\data\media\movies\Jumanji - The Next Level (2019)\Jumanji The Next Level (2019) [Bluray-1080p Proper] {imdb-tt7975244}.leapfrog.json,written,Jumanji: The Next Level
title-only movie match,235,F:\MediaStack\data\media\movies\Jumanji - Welcome to the Jungle (2017)\Jumanji Welcome to the Jungle (2017) [Bluray-1080p] {imdb-tt2283362}.mkv,184403,jumanji-welcome-to-the-jungle,movie,imdb://tt2283362,F:\MediaStack\data\media\movies\Jumanji - Welcome to the Jungle (2017)\Jumanji Welcome to the Jungle (2017) [Bluray-1080p] {imdb-tt2283362}.leapfrog.json,written,Jumanji: Welcome to the Jungle
title-only movie match,110,F:\MediaStack\data\media\movies\Jungle (2017)\Jungle (2017) [Bluray-1080p] {imdb-tt3758172}.mkv,203780,jungle,movie,imdb://tt3758172,F:\MediaStack\data\media\movies\Jungle (2017)\Jungle (2017) [Bluray-1080p] {imdb-tt3758172}.leapfrog.json,written,Jungle
title-only movie match,152,F:\MediaStack\data\media\movies\Jacob's Ladder (1990)\Jacobs Ladder (1990) [Bluray-1080p] {imdb-tt0099871}.mkv,675435,jacobs-ladder-2621e,movie,imdb://tt0099871,F:\MediaStack\data\media\movies\Jacob's Ladder (1990)\Jacobs Ladder (1990) [Bluray-1080p] {imdb-tt0099871}.leapfrog.json,written,Jacob's Ladder
title-only movie match,103,F:\MediaStack\data\media\movies\Jason Bourne (2016)\Jason Bourne (2016) [Bluray-1080p] {imdb-tt4196776}.mkv,3945,jason-bourne,movie,imdb://tt4196776,F:\MediaStack\data\media\movies\Jason Bourne (2016)\Jason Bourne (2016) [Bluray-1080p] {imdb-tt4196776}.leapfrog.json,written,Jason Bourne
title-only movie match,196,F:\MediaStack\data\media\movies\Jaws (1975)\Jaws (1975) [Bluray-1080p] {imdb-tt0073195}.Clean.mp4,2508,jaws,movie,imdb://tt0073195,F:\MediaStack\data\media\movies\Jaws (1975)\Jaws (1975) [Bluray-1080p] {imdb-tt0073195}.Clean.leapfrog.json,written,Jaws
title-only movie match,259,F:\MediaStack\data\media\movies\Jaws 2 (1978)\Jaws 2 (1978) [Bluray-1080p] {imdb-tt0077766}.mkv,3187,jaws-2,movie,imdb://tt0077766,F:\MediaStack\data\media\movies\Jaws 2 (1978)\Jaws 2 (1978) [Bluray-1080p] {imdb-tt0077766}.leapfrog.json,written,Jaws 2
title-only movie match,152,F:\MediaStack\data\media\movies\Jerry Maguire (1996)\Jerry Maguire (1996) [Bluray-1080p] {imdb-tt0116695}.mkv,2014,jerry-maguire,movie,imdb://tt0116695,F:\MediaStack\data\media\movies\Jerry Maguire (1996)\Jerry Maguire (1996) [Bluray-1080p] {imdb-tt0116695}.leapfrog.json,written,Jerry Maguire
title-only movie match,73,F:\MediaStack\data\media\movies\Jobs (2013)\Jobs (2013) [Bluray-1080p] {imdb-tt2357129}.mp4,1331,jobs,movie,imdb://tt2357129,F:\MediaStack\data\media\movies\Jobs (2013)\Jobs (2013) [Bluray-1080p] {imdb-tt2357129}.leapfrog.json,written,Jobs
title-only movie match,278,F:\MediaStack\data\media\movies\Joe Dirt (2001)\Joe Dirt (2001) [Bluray-1080p] {imdb-tt0245686}.mp4,3228,joe-dirt-2001,movie,imdb://tt0245686,F:\MediaStack\data\media\movies\Joe Dirt (2001)\Joe Dirt (2001) [Bluray-1080p] {imdb-tt0245686}.leapfrog.json,written,Joe Dirt
title-only movie match,73,F:\MediaStack\data\media\movies\Johnny English (2003)\Johnny English (2003) [Bluray-1080p] {imdb-tt0274166}.mkv,2737,johnny-english,movie,imdb://tt0274166,F:\MediaStack\data\media\movies\Johnny English (2003)\Johnny English (2003) [Bluray-1080p] {imdb-tt0274166}.leapfrog.json,written,Johnny English
title-only movie match,222,F:\MediaStack\data\media\movies\Johnny English Reborn (2011)\Johnny English Reborn (2011) [Bluray-1080p] {imdb-tt1634122}.mkv,1021,johnny-english-reborn,movie,imdb://tt1634122,F:\MediaStack\data\media\movies\Johnny English Reborn (2011)\Johnny English Reborn (2011) [Bluray-1080p] {imdb-tt1634122}.leapfrog.json,written,Johnny English Reborn
title-only movie match,97,F:\MediaStack\data\media\movies\Johnny English Strikes Again (2018)\Johnny English Strikes Again (2018) [Bluray-1080p] {imdb-tt6921996}.mkv,671023,johnny-english-strikes-again,movie,imdb://tt6921996,F:\MediaStack\data\media\movies\Johnny English Strikes Again (2018)\Johnny English Strikes Again (2018) [Bluray-1080p] {imdb-tt6921996}.leapfrog.json,written,Johnny English Strikes Again
title-only movie match,232,F:\MediaStack\data\media\movies\It Ends with Us (2024)\It Ends with Us (2024) [Bluray-1080p] {imdb-tt10655524}.mkv,699318,it-ends-with-us,movie,imdb://tt10655524,F:\MediaStack\data\media\movies\It Ends with Us (2024)\It Ends with Us (2024) [Bluray-1080p] {imdb-tt10655524}.leapfrog.json,written,It Ends with Us
title-only movie match,88,F:\MediaStack\data\media\movies\The Italian Job (2003)\The Italian Job (2003) [Bluray-1080p] {imdb-tt0317740}.mp4,1644,the-italian-job-2003,movie,imdb://tt0317740,F:\MediaStack\data\media\movies\The Italian Job (2003)\The Italian Job (2003) [Bluray-1080p] {imdb-tt0317740}.leapfrog.json,written,The Italian Job
title-only movie match,296,F:\MediaStack\data\media\movies\Jack and Jill (2011)\Jack and Jill (2011) [Bluray-1080p] {imdb-tt0810913}.mp4,3470,jack-and-jill,movie,imdb://tt0810913,F:\MediaStack\data\media\movies\Jack and Jill (2011)\Jack and Jill (2011) [Bluray-1080p] {imdb-tt0810913}.leapfrog.json,written,Jack and Jill
title-only movie match,157,F:\MediaStack\data\media\movies\Jack Reacher (2012)\Jack Reacher (2012) [Bluray-1080p] {imdb-tt0790724}.mp4,1231,jack-reacher,movie,imdb://tt0790724,F:\MediaStack\data\media\movies\Jack Reacher (2012)\Jack Reacher (2012) [Bluray-1080p] {imdb-tt0790724}.leapfrog.json,written,Jack Reacher
title-only movie match,137,F:\MediaStack\data\media\movies\Jack Reacher - Never Go Back (2016)\Jack Reacher Never Go Back (2016) [Bluray-1080p] {imdb-tt3393786}.mkv,178940,jack-reacher-never-go-back,movie,imdb://tt3393786,F:\MediaStack\data\media\movies\Jack Reacher - Never Go Back (2016)\Jack Reacher Never Go Back (2016) [Bluray-1080p] {imdb-tt3393786}.leapfrog.json,written,Jack Reacher: Never Go Back
title-only movie match,103,F:\MediaStack\data\media\movies\Jack Ryan - Shadow Recruit (2014)\Jack Ryan Shadow Recruit (2014) [Bluray-1080p Proper] {imdb-tt1205537}.mkv,1390,jack-ryan-shadow-recruit,movie,imdb://tt1205537,F:\MediaStack\data\media\movies\Jack Ryan - Shadow Recruit (2014)\Jack Ryan Shadow Recruit (2014) [Bluray-1080p Proper] {imdb-tt1205537}.leapfrog.json,written,Jack Ryan: Shadow Recruit
title-only movie match,30,F:\MediaStack\data\media\movies\Inside Job (2010)\Inside Job (2010) [Bluray-1080p] {imdb-tt1645089}.mp4,1994,inside-job-2010,movie,imdb://tt1645089,F:\MediaStack\data\media\movies\Inside Job (2010)\Inside Job (2010) [Bluray-1080p] {imdb-tt1645089}.leapfrog.json,written,Inside Job
title-only movie match,88,F:\MediaStack\data\media\movies\Insidious (2011)\Insidious (2011) [Bluray-1080p] {imdb-tt1591095}.mkv,1733,insidious,movie,imdb://tt1591095,F:\MediaStack\data\media\movies\Insidious (2011)\Insidious (2011) [Bluray-1080p] {imdb-tt1591095}.leapfrog.json,written,Insidious
title-only movie match,67,F:\MediaStack\data\media\movies\Insidious - Chapter 2 (2013)\Insidious Chapter 2 (2013) [Bluray-1080p] {imdb-tt2226417}.mp4,1406,insidious-chapter-2,movie,imdb://tt2226417,F:\MediaStack\data\media\movies\Insidious - Chapter 2 (2013)\Insidious Chapter 2 (2013) [Bluray-1080p] {imdb-tt2226417}.leapfrog.json,written,Insidious: Chapter 2
title-only movie match,71,F:\MediaStack\data\media\movies\Insidious - Chapter 3 (2015)\Insidious Chapter 3 (2015) [Bluray-1080p] {imdb-tt3195644}.mkv,2114,insidious-chapter-3,movie,imdb://tt3195644,F:\MediaStack\data\media\movies\Insidious - Chapter 3 (2015)\Insidious Chapter 3 (2015) [Bluray-1080p] {imdb-tt3195644}.leapfrog.json,written,Insidious: Chapter 3
title-only movie match,63,F:\MediaStack\data\media\movies\IF (2024)\IF (2024) [Bluray-1080p] {imdb-tt11152168}.mkv,698356,if,movie,imdb://tt11152168,F:\MediaStack\data\media\movies\IF (2024)\IF (2024) [Bluray-1080p] {imdb-tt11152168}.leapfrog.json,written,IF
title-only movie match,77,F:\MediaStack\data\media\movies\Imagine That (2009)\Imagine That (2009) [WEBDL-1080p] {imdb-tt0780567}.mkv,658114,imagine-that,movie,imdb://tt0780567,F:\MediaStack\data\media\movies\Imagine That (2009)\Imagine That (2009) [WEBDL-1080p] {imdb-tt0780567}.leapfrog.json,written,Imagine That
title-only movie match,100,F:\MediaStack\data\media\movies\The Imitation Game (2014)\The Imitation Game (2014) [Bluray-1080p] {imdb-tt2084970}.mp4,1698,the-imitation-game,movie,imdb://tt2084970,F:\MediaStack\data\media\movies\The Imitation Game (2014)\The Imitation Game (2014) [Bluray-1080p] {imdb-tt2084970}.leapfrog.json,written,The Imitation Game
title-only movie match,139,F:\MediaStack\data\media\movies\The Impossible (2012)\The Impossible (2012) [Bluray-1080p] {imdb-tt1649419}.Clean.mkv,1017,the-impossible,movie,imdb://tt1649419,F:\MediaStack\data\media\movies\The Impossible (2012)\The Impossible (2012) [Bluray-1080p] {imdb-tt1649419}.Clean.leapfrog.json,written,The Impossible
title-only movie match,319,F:\MediaStack\data\media\movies\In the Name of the Father (1993)\In the Name of the Father (1993) [Bluray-1080p] {imdb-tt0107207}.mkv,3485,in-the-name-of-the-father,movie,imdb://tt0107207,F:\MediaStack\data\media\movies\In the Name of the Father (1993)\In the Name of the Father (1993) [Bluray-1080p] {imdb-tt0107207}.leapfrog.json,written,In the Name of the Father
title-only movie match,127,F:\MediaStack\data\media\movies\The Indian in the Cupboard (1995)\The Indian in the Cupboard (1995) [Bluray-1080p] {imdb-tt0113419}.mp4,3156,the-indian-in-the-cupboard,movie,imdb://tt0113419,F:\MediaStack\data\media\movies\The Indian in the Cupboard (1995)\The Indian in the Cupboard (1995) [Bluray-1080p] {imdb-tt0113419}.leapfrog.json,written,The Indian in the Cupboard
title-only movie match,154,F:\MediaStack\data\media\movies\Infinite (2021)\Infinite (2021) [Bluray-1080p] {imdb-tt6654210}.mkv,686139,infinite,movie,imdb://tt6654210,F:\MediaStack\data\media\movies\Infinite (2021)\Infinite (2021) [Bluray-1080p] {imdb-tt6654210}.leapfrog.json,written,Infinite
title-only movie match,95,F:\MediaStack\data\media\movies\The Hunger Games (2012)\The Hunger Games (2012) [Bluray-1080p] {imdb-tt1392170}.mkv,1455,the-hunger-games,movie,imdb://tt1392170,F:\MediaStack\data\media\movies\The Hunger Games (2012)\The Hunger Games (2012) [Bluray-1080p] {imdb-tt1392170}.leapfrog.json,written,The Hunger Games
title-only movie match,100,F:\MediaStack\data\media\movies\The Hunger Games - Catching Fire (2013)\The Hunger Games Catching Fire (2013) [Bluray-1080p Proper] {imdb-tt1951264}.mp4,1058,the-hunger-games-catching-fire,movie,imdb://tt1951264,F:\MediaStack\data\media\movies\The Hunger Games - Catching Fire (2013)\The Hunger Games Catching Fire (2013) [Bluray-1080p Proper] {imdb-tt1951264}.leapfrog.json,written,The Hunger Games: Catching Fire
title-only movie match,30,F:\MediaStack\data\media\movies\The Hunger Games - Mockingjay - Part 1 (2014)\The Hunger Games Mockingjay Part 1 (2014) [Bluray-1080p] {imdb-tt1951265}.mkv,1672,the-hunger-games-mockingjay-part-1,movie,imdb://tt1951265,F:\MediaStack\data\media\movies\The Hunger Games - Mockingjay - Part 1 (2014)\The Hunger Games Mockingjay Part 1 (2014) [Bluray-1080p] {imdb-tt1951265}.leapfrog.json,written,The Hunger Games: Mockingjay - Part 1
title-only movie match,82,F:\MediaStack\data\media\movies\The Hunger Games - Mockingjay - Part 2 (2015)\The Hunger Games Mockingjay Part 2 (2015) [Bluray-1080p] {imdb-tt1951266}.mkv,2566,the-hunger-games-mockingjay-part-2,movie,imdb://tt1951266,F:\MediaStack\data\media\movies\The Hunger Games - Mockingjay - Part 2 (2015)\The Hunger Games Mockingjay Part 2 (2015) [Bluray-1080p] {imdb-tt1951266}.leapfrog.json,written,The Hunger Games: Mockingjay - Part 2
title-only movie match,139,F:\MediaStack\data\media\movies\The Hunger Games - The Ballad of Songbirds & Snakes (2023)\The Hunger Games The Ballad of Songbirds and Snakes (2023) [Bluray-1080p] {imdb-tt10545296}.mkv,696496,the-hunger-games-the-ballad-of-songbirds-snakes,movie,imdb://tt10545296,F:\MediaStack\data\media\movies\The Hunger Games - The Ballad of Songbirds & Snakes (2023)\The Hunger Games The Ballad of Songbirds and Snakes (2023) [Bluray-1080p] {imdb-tt10545296}.leapfrog.json,written,The Hunger Games: The Ballad of Songbirds & Snakes
title-only movie match,349,F:\MediaStack\data\media\movies\The Hunt (2012)\The Hunt (2012) [Bluray-1080p] {imdb-tt2106476}.mkv,678532,the-hunt-f2fec,movie,imdb://tt2106476,F:\MediaStack\data\media\movies\The Hunt (2012)\The Hunt (2012) [Bluray-1080p] {imdb-tt2106476}.leapfrog.json,written,The Hunt
title-only movie match,137,F:\MediaStack\data\media\movies\The Hunt for Red October (1990)\The Hunt for Red October (1990) [Bluray-1080p] {imdb-tt0099810}.mkv,1811,the-hunt-for-red-october,movie,imdb://tt0099810,F:\MediaStack\data\media\movies\The Hunt for Red October (1990)\The Hunt for Red October (1990) [Bluray-1080p] {imdb-tt0099810}.leapfrog.json,written,The Hunt for Red October
title-only movie match,276,"F:\MediaStack\data\media\movies\I Love You, Man (2009)\I Love You Man (2009) [Bluray-1080p] {imdb-tt1155056}.mkv",3093,i-love-you-man,movie,imdb://tt1155056,"F:\MediaStack\data\media\movies\I Love You, Man (2009)\I Love You Man (2009) [Bluray-1080p] {imdb-tt1155056}.leapfrog.json",written,"I Love You, Man"
title-only movie match,186,F:\MediaStack\data\media\movies\Hot Rod (2007)\Hot Rod (2007) [Bluray-1080p] {imdb-tt0787475}.mkv,2488,hot-rod,movie,imdb://tt0787475,F:\MediaStack\data\media\movies\Hot Rod (2007)\Hot Rod (2007) [Bluray-1080p] {imdb-tt0787475}.leapfrog.json,written,Hot Rod
title-only movie match,31,F:\MediaStack\data\media\movies\Hotel for Dogs (2009)\Hotel for Dogs (2009) [Bluray-720p] {imdb-tt0785006}.mp4,1643,hotel-for-dogs,movie,imdb://tt0785006,F:\MediaStack\data\media\movies\Hotel for Dogs (2009)\Hotel for Dogs (2009) [Bluray-720p] {imdb-tt0785006}.leapfrog.json,written,Hotel for Dogs
title-only movie match,130,F:\MediaStack\data\media\movies\Hotel Rwanda (2004)\Hotel Rwanda (2004) [WEBDL-1080p] {imdb-tt0395169}.mkv,2590,hotel-rwanda,movie,imdb://tt0395169,F:\MediaStack\data\media\movies\Hotel Rwanda (2004)\Hotel Rwanda (2004) [WEBDL-1080p] {imdb-tt0395169}.leapfrog.json,written,Hotel Rwanda
title-only movie match,183,F:\MediaStack\data\media\movies\Hotel Transylvania (2012)\Hotel Transylvania (2012) [Bluray-1080p] {imdb-tt0837562}.mkv,1815,hotel-transylvania,movie,imdb://tt0837562,F:\MediaStack\data\media\movies\Hotel Transylvania (2012)\Hotel Transylvania (2012) [Bluray-1080p] {imdb-tt0837562}.leapfrog.json,written,Hotel Transylvania
title-only movie match,141,F:\MediaStack\data\media\movies\Hotel Transylvania 2 (2015)\Hotel Transylvania 2 (2015) [Bluray-1080p] {imdb-tt2510894}.mkv,2466,hotel-transylvania-2,movie,imdb://tt2510894,F:\MediaStack\data\media\movies\Hotel Transylvania 2 (2015)\Hotel Transylvania 2 (2015) [Bluray-1080p] {imdb-tt2510894}.leapfrog.json,written,Hotel Transylvania 2
title-only movie match,136,F:\MediaStack\data\media\movies\Hotel Transylvania 3 - Summer Vacation (2018)\Hotel Transylvania 3 Summer Vacation (2018) [Bluray-1080p] {imdb-tt5220122}.mp4,670108,hotel-transylvania-3-summer-vacation,movie,imdb://tt5220122,F:\MediaStack\data\media\movies\Hotel Transylvania 3 - Summer Vacation (2018)\Hotel Transylvania 3 Summer Vacation (2018) [Bluray-1080p] {imdb-tt5220122}.leapfrog.json,written,Hotel Transylvania 3: Summer Vacation
title-only movie match,88,F:\MediaStack\data\media\movies\Hotel Transylvania - Transformania (2022)\Hotel Transylvania Transformania (2022) [Bluray-1080p] {imdb-tt9848626}.mkv,686675,hotel-transylvania-transformania,movie,imdb://tt9848626,F:\MediaStack\data\media\movies\Hotel Transylvania - Transformania (2022)\Hotel Transylvania Transformania (2022) [Bluray-1080p] {imdb-tt9848626}.leapfrog.json,written,Hotel Transylvania: Transformania
title-only movie match,96,F:\MediaStack\data\media\movies\The Hours (2002)\The Hours (2002) [Bluray-1080p] {imdb-tt0274558}.mkv,3760,the-hours,movie,imdb://tt0274558,F:\MediaStack\data\media\movies\The Hours (2002)\The Hours (2002) [Bluray-1080p] {imdb-tt0274558}.leapfrog.json,written,The Hours
title-only movie match,123,F:\MediaStack\data\media\movies\The House with a Clock in Its Walls (2018)\The House with a Clock in Its Walls (2018) [Bluray-1080p] {imdb-tt2119543}.mkv,670589,the-house-with-a-clock-in-its-walls,movie,imdb://tt2119543,F:\MediaStack\data\media\movies\The House with a Clock in Its Walls (2018)\The House with a Clock in Its Walls (2018) [Bluray-1080p] {imdb-tt2119543}.leapfrog.json,written,The House with a Clock in Its Walls
title-only movie match,124,F:\MediaStack\data\media\movies\How the Grinch Stole Christmas (2000)\How the Grinch Stole Christmas (2000) [Bluray-1080p] {imdb-tt0170016}.mkv,2309,dr-seuss-how-the-grinch-stole-christmas,movie,imdb://tt0170016,F:\MediaStack\data\media\movies\How the Grinch Stole Christmas (2000)\How the Grinch Stole Christmas (2000) [Bluray-1080p] {imdb-tt0170016}.leapfrog.json,written,How the Grinch Stole Christmas
title-only movie match,124,F:\MediaStack\data\media\movies\How the Grinch Stole Christmas! (1966)\How the Grinch Stole Christmas! (1966) [Bluray-1080p] {imdb-tt0060345}.mkv,2309,dr-seuss-how-the-grinch-stole-christmas,movie,imdb://tt0060345,F:\MediaStack\data\media\movies\How the Grinch Stole Christmas! (1966)\How the Grinch Stole Christmas! (1966) [Bluray-1080p] {imdb-tt0060345}.leapfrog.json,written,How the Grinch Stole Christmas!
title-only movie match,56,F:\MediaStack\data\media\movies\How to Train Your Dragon 2 (2014)\How to Train Your Dragon 2 (2014) [Bluray-1080p] {imdb-tt1646971}.mkv,1571,how-to-train-your-dragon-2,movie,imdb://tt1646971,F:\MediaStack\data\media\movies\How to Train Your Dragon 2 (2014)\How to Train Your Dragon 2 (2014) [Bluray-1080p] {imdb-tt1646971}.leapfrog.json,written,How to Train Your Dragon 2
title-only movie match,124,F:\MediaStack\data\media\movies\How to Train Your Dragon - The Hidden World (2019)\How to Train Your Dragon The Hidden World (2019) [Bluray-1080p] {imdb-tt2386490}.mkv,671693,how-to-train-your-dragon-the-hidden-world,movie,imdb://tt2386490,F:\MediaStack\data\media\movies\How to Train Your Dragon - The Hidden World (2019)\How to Train Your Dragon The Hidden World (2019) [Bluray-1080p] {imdb-tt2386490}.leapfrog.json,written,How to Train Your Dragon: The Hidden World
title-only movie match,164,F:\MediaStack\data\media\movies\Hubie Halloween (2020)\Hubie Halloween (2020) [WEBDL-1080p] {imdb-tt10682266}.mkv,681321,hubie-halloween,movie,imdb://tt10682266,F:\MediaStack\data\media\movies\Hubie Halloween (2020)\Hubie Halloween (2020) [WEBDL-1080p] {imdb-tt10682266}.leapfrog.json,written,Hubie Halloween
title-only movie match,123,F:\MediaStack\data\media\movies\The Holiday (2006)\The Holiday (2006) [Bluray-1080p] {imdb-tt0457939}.mkv,1600,the-holiday-2006,movie,imdb://tt0457939,F:\MediaStack\data\media\movies\The Holiday (2006)\The Holiday (2006) [Bluray-1080p] {imdb-tt0457939}.leapfrog.json,written,The Holiday
title-only movie match,204,F:\MediaStack\data\media\movies\Holmes & Watson (2018)\Holmes and Watson (2018) [WEBDL-1080p] {imdb-tt1255919}.mkv,671767,holmes-watson,movie,imdb://tt1255919,F:\MediaStack\data\media\movies\Holmes & Watson (2018)\Holmes and Watson (2018) [WEBDL-1080p] {imdb-tt1255919}.leapfrog.json,written,Holmes & Watson
title-only movie match,234,F:\MediaStack\data\media\movies\Home for the Holidays (1995)\Home for the Holidays (1995) [Bluray-1080p] {imdb-tt0113321}.mp4,2297,home-for-the-holidays,movie,imdb://tt0113321,F:\MediaStack\data\media\movies\Home for the Holidays (1995)\Home for the Holidays (1995) [Bluray-1080p] {imdb-tt0113321}.leapfrog.json,written,Home for the Holidays
title-only movie match,198,F:\MediaStack\data\media\movies\Hot Fuzz (2007)\Hot Fuzz (2007) [Bluray-1080p] {imdb-tt0425112}.mp4,2099,hot-fuzz,movie,imdb://tt0425112,F:\MediaStack\data\media\movies\Hot Fuzz (2007)\Hot Fuzz (2007) [Bluray-1080p] {imdb-tt0425112}.leapfrog.json,written,Hot Fuzz
title-only movie match,160,F:\MediaStack\data\media\movies\The Help (2011)\The Help (2011) [Bluray-1080p] {imdb-tt1454029}.mkv,1445,the-help,movie,imdb://tt1454029,F:\MediaStack\data\media\movies\The Help (2011)\The Help (2011) [Bluray-1080p] {imdb-tt1454029}.leapfrog.json,written,The Help
title-only movie match,167,F:\MediaStack\data\media\movies\Hercules (1997)\Hercules (1997) [Bluray-1080p] {imdb-tt0119282}.mp4,1572,hercules-2014,movie,imdb://tt0119282,F:\MediaStack\data\media\movies\Hercules (1997)\Hercules (1997) [Bluray-1080p] {imdb-tt0119282}.leapfrog.json,written,Hercules
title-only movie match,167,F:\MediaStack\data\media\movies\Hercules (2014)\Hercules (2014) [Bluray-1080p] {imdb-tt1267297}.mp4,1572,hercules-2014,movie,imdb://tt1267297,F:\MediaStack\data\media\movies\Hercules (2014)\Hercules (2014) [Bluray-1080p] {imdb-tt1267297}.leapfrog.json,written,Hercules
title-only movie match,147,F:\MediaStack\data\media\movies\Here (2024)\Here (2024) [Bluray-1080p] {imdb-tt18272208}.mkv,700505,here,movie,imdb://tt18272208,F:\MediaStack\data\media\movies\Here (2024)\Here (2024) [Bluray-1080p] {imdb-tt18272208}.leapfrog.json,written,Here
title-only movie match,259,F:\MediaStack\data\media\movies\Highlander (1986)\Highlander (1986) [Bluray-1080p] {imdb-tt0091203}.mkv,2926,highlander,movie,imdb://tt0091203,F:\MediaStack\data\media\movies\Highlander (1986)\Highlander (1986) [Bluray-1080p] {imdb-tt0091203}.leapfrog.json,written,Highlander
title-only movie match,138,F:\MediaStack\data\media\movies\Hitch (2005)\Hitch (2005) [Bluray-1080p] {imdb-tt0386588}.mp4,1030,hitch,movie,imdb://tt0386588,F:\MediaStack\data\media\movies\Hitch (2005)\Hitch (2005) [Bluray-1080p] {imdb-tt0386588}.leapfrog.json,written,Hitch
title-only movie match,138,F:\MediaStack\data\media\movies\Harry and the Hendersons (1987)\Harry and the Hendersons (1987) [Bluray-1080p] {imdb-tt0093148}.mp4,2954,harry-and-the-hendersons,movie,imdb://tt0093148,F:\MediaStack\data\media\movies\Harry and the Hendersons (1987)\Harry and the Hendersons (1987) [Bluray-1080p] {imdb-tt0093148}.leapfrog.json,written,Harry and the Hendersons
title-only movie match,455,F:\MediaStack\data\media\movies\Hellboy (2004)\Hellboy (2004) [Bluray-1080p] {imdb-tt0167190}.mkv,671725,hellboy-0d5fa,movie,imdb://tt0167190,F:\MediaStack\data\media\movies\Hellboy (2004)\Hellboy (2004) [Bluray-1080p] {imdb-tt0167190}.leapfrog.json,written,Hellboy
title-only movie match,338,F:\MediaStack\data\media\movies\Grown Ups 2 (2013)\Grown Ups 2 (2013) [Bluray-1080p] {imdb-tt2191701}.mp4,3018,grown-ups-2,movie,imdb://tt2191701,F:\MediaStack\data\media\movies\Grown Ups 2 (2013)\Grown Ups 2 (2013) [Bluray-1080p] {imdb-tt2191701}.leapfrog.json,written,Grown Ups 2
title-only movie match,291,F:\MediaStack\data\media\movies\Hacksaw Ridge (2016)\Hacksaw Ridge (2016) [Bluray-1080p] {imdb-tt2119532}.mkv,4079,hacksaw-ridge,movie,imdb://tt2119532,F:\MediaStack\data\media\movies\Hacksaw Ridge (2016)\Hacksaw Ridge (2016) [Bluray-1080p] {imdb-tt2119532}.leapfrog.json,written,Hacksaw Ridge
title-only movie match,205,F:\MediaStack\data\media\movies\Hancock (2008)\Hancock (2008) [Bluray-1080p] {imdb-tt0448157}.mkv,2661,hancock,movie,imdb://tt0448157,F:\MediaStack\data\media\movies\Hancock (2008)\Hancock (2008) [Bluray-1080p] {imdb-tt0448157}.leapfrog.json,written,Hancock
title-only movie match,181,F:\MediaStack\data\media\movies\Happy Gilmore (1996)\Happy Gilmore (1996) [Bluray-1080p] {imdb-tt0116483}.mkv,2071,happy-gilmore,movie,imdb://tt0116483,F:\MediaStack\data\media\movies\Happy Gilmore (1996)\Happy Gilmore (1996) [Bluray-1080p] {imdb-tt0116483}.leapfrog.json,written,Happy Gilmore
title-only movie match,132,F:\MediaStack\data\media\movies\Goosebumps (2015)\Goosebumps (2015) [Bluray-1080p] {imdb-tt1051904}.mkv,2512,goosebumps,movie,imdb://tt1051904,F:\MediaStack\data\media\movies\Goosebumps (2015)\Goosebumps (2015) [Bluray-1080p] {imdb-tt1051904}.leapfrog.json,written,Goosebumps
title-only movie match,114,F:\MediaStack\data\media\movies\Goosebumps 2 - Haunted Halloween (2018)\Goosebumps 2 Haunted Halloween (2018) [Bluray-1080p] {imdb-tt5664636}.mkv,670930,goosebumps-2-haunted-halloween,movie,imdb://tt5664636,F:\MediaStack\data\media\movies\Goosebumps 2 - Haunted Halloween (2018)\Goosebumps 2 Haunted Halloween (2018) [Bluray-1080p] {imdb-tt5664636}.leapfrog.json,written,Goosebumps 2: Haunted Halloween
title-only movie match,199,F:\MediaStack\data\media\movies\The Gray Man (2022)\The Gray Man (2022) [WEBDL-1080p Proper] {imdb-tt1649418}.mkv,690713,the-gray-man-4f2e0,movie,imdb://tt1649418,F:\MediaStack\data\media\movies\The Gray Man (2022)\The Gray Man (2022) [WEBDL-1080p Proper] {imdb-tt1649418}.leapfrog.json,written,The Gray Man
title-only movie match,209,F:\MediaStack\data\media\movies\Grease (1978)\Grease (1978) [Bluray-1080p] {imdb-tt0077631}.mkv,2451,grease,movie,imdb://tt0077631,F:\MediaStack\data\media\movies\Grease (1978)\Grease (1978) [Bluray-1080p] {imdb-tt0077631}.leapfrog.json,written,Grease
title-only movie match,129,F:\MediaStack\data\media\movies\The Great Debaters (2007)\The Great Debaters (2007) [Bluray-1080p] {imdb-tt0427309}.mp4,3654,the-great-debaters,movie,imdb://tt0427309,F:\MediaStack\data\media\movies\The Great Debaters (2007)\The Great Debaters (2007) [Bluray-1080p] {imdb-tt0427309}.leapfrog.json,written,The Great Debaters
title-only movie match,265,F:\MediaStack\data\media\movies\Green Book (2018)\Green Book (2018) [Bluray-1080p] {imdb-tt6966692}.mkv,671481,green-book,movie,imdb://tt6966692,F:\MediaStack\data\media\movies\Green Book (2018)\Green Book (2018) [Bluray-1080p] {imdb-tt6966692}.leapfrog.json,written,Green Book
title-only movie match,160,F:\MediaStack\data\media\movies\Green Zone (2010)\Green Zone (2010) [Bluray-1080p] {imdb-tt0947810}.mp4,1375,green-zone,movie,imdb://tt0947810,F:\MediaStack\data\media\movies\Green Zone (2010)\Green Zone (2010) [Bluray-1080p] {imdb-tt0947810}.leapfrog.json,written,Green Zone
title-only movie match,33,F:\MediaStack\data\media\movies\Greyhound (2020)\Greyhound (2020) [WEBDL-1080p Proper] {imdb-tt6048922}.mkv,679881,greyhound,movie,imdb://tt6048922,F:\MediaStack\data\media\movies\Greyhound (2020)\Greyhound (2020) [WEBDL-1080p Proper] {imdb-tt6048922}.leapfrog.json,written,Greyhound
title-only movie match,235,F:\MediaStack\data\media\movies\Gridiron Gang (2006)\Gridiron Gang (2006) [Bluray-1080p] {imdb-tt0421206}.mp4,4046,gridiron-gang,movie,imdb://tt0421206,F:\MediaStack\data\media\movies\Gridiron Gang (2006)\Gridiron Gang (2006) [Bluray-1080p] {imdb-tt0421206}.leapfrog.json,written,Gridiron Gang
title-only movie match,41,F:\MediaStack\data\media\movies\The Grinch (2018)\The Grinch (2018) [Bluray-1080p] {imdb-tt2709692}.mkv,671163,the-grinch,movie,imdb://tt2709692,F:\MediaStack\data\media\movies\The Grinch (2018)\The Grinch (2018) [Bluray-1080p] {imdb-tt2709692}.leapfrog.json,written,The Grinch
title-only movie match,71,F:\MediaStack\data\media\movies\Groundhog Day (1993)\Groundhog Day (1993) [Bluray-1080p] {imdb-tt0107048}.mkv,1505,groundhog-day,movie,imdb://tt0107048,F:\MediaStack\data\media\movies\Groundhog Day (1993)\Groundhog Day (1993) [Bluray-1080p] {imdb-tt0107048}.leapfrog.json,written,Groundhog Day
title-only movie match,280,F:\MediaStack\data\media\movies\Grown Ups (2010)\Grown Ups (2010) [Bluray-1080p] {imdb-tt1375670}.mkv,1013,grown-ups,movie,imdb://tt1375670,F:\MediaStack\data\media\movies\Grown Ups (2010)\Grown Ups (2010) [Bluray-1080p] {imdb-tt1375670}.leapfrog.json,written,Grown Ups
title-only movie match,151,F:\MediaStack\data\media\movies\The Godfather (1972)\The Godfather (1972) [Bluray-1080p Proper] {imdb-tt0068646}.mkv,1381,the-godfather,movie,imdb://tt0068646,F:\MediaStack\data\media\movies\The Godfather (1972)\The Godfather (1972) [Bluray-1080p Proper] {imdb-tt0068646}.leapfrog.json,written,The Godfather
title-only movie match,103,F:\MediaStack\data\media\movies\The Godfather Part II (1974)\The Godfather Part II (1974) [Bluray-1080p] {imdb-tt0071562}.mkv,1302,the-godfather-part-ii,movie,imdb://tt0071562,F:\MediaStack\data\media\movies\The Godfather Part II (1974)\The Godfather Part II (1974) [Bluray-1080p] {imdb-tt0071562}.leapfrog.json,written,The Godfather Part II
title-only movie match,165,F:\MediaStack\data\media\movies\The Godfather Part III (1990)\The Godfather Part III (1990) [Bluray-1080p] {imdb-tt0099674}.mkv,2063,the-godfather-part-iii,movie,imdb://tt0099674,F:\MediaStack\data\media\movies\The Godfather Part III (1990)\The Godfather Part III (1990) [Bluray-1080p] {imdb-tt0099674}.leapfrog.json,written,The Godfather Part III
title-only movie match,112,F:\MediaStack\data\media\movies\Godzilla (2014)\Godzilla (2014) [Bluray-1080p] {imdb-tt0831387}.mkv,1157,godzilla-1998,movie,imdb://tt0831387,F:\MediaStack\data\media\movies\Godzilla (2014)\Godzilla (2014) [Bluray-1080p] {imdb-tt0831387}.leapfrog.json,written,Godzilla
title-only movie match,82,F:\MediaStack\data\media\movies\Godzilla Minus One (2023)\Godzilla Minus One (2023) [Bluray-1080p Proper] {imdb-tt23289160}.mkv,698599,godzilla-minus-one,movie,imdb://tt23289160,F:\MediaStack\data\media\movies\Godzilla Minus One (2023)\Godzilla Minus One (2023) [Bluray-1080p Proper] {imdb-tt23289160}.leapfrog.json,written,Godzilla Minus One
title-only movie match,164,F:\MediaStack\data\media\movies\The Golden Child (1986)\The Golden Child (1986) [Bluray-1080p] {imdb-tt0091129}.mkv,9000,the-golden-child,movie,imdb://tt0091129,F:\MediaStack\data\media\movies\The Golden Child (1986)\The Golden Child (1986) [Bluray-1080p] {imdb-tt0091129}.leapfrog.json,written,The Golden Child
title-only movie match,206,F:\MediaStack\data\media\movies\GoldenEye (1995)\GoldenEye (1995) [Bluray-1080p] {imdb-tt0113189}.mkv,3270,goldeneye,movie,imdb://tt0113189,F:\MediaStack\data\media\movies\GoldenEye (1995)\GoldenEye (1995) [Bluray-1080p] {imdb-tt0113189}.leapfrog.json,written,GoldenEye
title-only movie match,163,F:\MediaStack\data\media\movies\Ghost (1990)\Ghost (1990) [Bluray-1080p] {imdb-tt0099653}.mkv,1247,ghost,movie,imdb://tt0099653,F:\MediaStack\data\media\movies\Ghost (1990)\Ghost (1990) [Bluray-1080p] {imdb-tt0099653}.leapfrog.json,written,Ghost
title-only movie match,137,F:\MediaStack\data\media\movies\Ghost Town (2008)\Ghost Town (2008) [Bluray-1080p] {imdb-tt0995039}.mkv,2860,ghost-town,movie,imdb://tt0995039,F:\MediaStack\data\media\movies\Ghost Town (2008)\Ghost Town (2008) [Bluray-1080p] {imdb-tt0995039}.leapfrog.json,written,Ghost Town
title-only movie match,141,F:\MediaStack\data\media\movies\Ghostbusters - Frozen Empire (2024)\Ghostbusters Frozen Empire (2024) [Bluray-1080p] {imdb-tt21235248}.mkv,698312,ghostbusters-frozen-empire,movie,imdb://tt21235248,F:\MediaStack\data\media\movies\Ghostbusters - Frozen Empire (2024)\Ghostbusters Frozen Empire (2024) [Bluray-1080p] {imdb-tt21235248}.leapfrog.json,written,Ghostbusters: Frozen Empire
title-only movie match,192,F:\MediaStack\data\media\movies\The Girl on the Train (2016)\The Girl on the Train (2016) [Bluray-1080p] {imdb-tt3631112}.mkv,180803,the-girl-on-the-train,movie,imdb://tt3631112,F:\MediaStack\data\media\movies\The Girl on the Train (2016)\The Girl on the Train (2016) [Bluray-1080p] {imdb-tt3631112}.leapfrog.json,written,The Girl on the Train
title-only movie match,323,"F:\MediaStack\data\media\movies\Girl, Interrupted (1999)\Girl Interrupted (1999) [Bluray-1080p] {imdb-tt0172493}.mkv",3711,girl-interrupted,movie,imdb://tt0172493,"F:\MediaStack\data\media\movies\Girl, Interrupted (1999)\Girl Interrupted (1999) [Bluray-1080p] {imdb-tt0172493}.leapfrog.json",written,"Girl, Interrupted"
title-only movie match,140,F:\MediaStack\data\media\movies\Gladiator (2000)\Gladiator (2000) [Bluray-1080p] {imdb-tt0172495}.mkv,1010,gladiator,movie,imdb://tt0172495,F:\MediaStack\data\media\movies\Gladiator (2000)\Gladiator (2000) [Bluray-1080p] {imdb-tt0172495}.leapfrog.json,written,Gladiator
title-only movie match,222,F:\MediaStack\data\media\movies\Gladiator II (2024)\Gladiator II (2024) [Bluray-1080p] {imdb-tt9218128}.mp4,700192,gladiator-ii,movie,imdb://tt9218128,F:\MediaStack\data\media\movies\Gladiator II (2024)\Gladiator II (2024) [Bluray-1080p] {imdb-tt9218128}.leapfrog.json,written,Gladiator II
title-only movie match,132,F:\MediaStack\data\media\movies\Fun with Dick and Jane (1977)\Fun with Dick and Jane (1977) [Bluray-1080p] {imdb-tt0076059}.mp4,1377,fun-with-dick-and-jane,movie,imdb://tt0076059,F:\MediaStack\data\media\movies\Fun with Dick and Jane (1977)\Fun with Dick and Jane (1977) [Bluray-1080p] {imdb-tt0076059}.leapfrog.json,written,Fun with Dick and Jane
title-only movie match,132,F:\MediaStack\data\media\movies\Fun with Dick and Jane (2005)\Fun with Dick and Jane (2005) [WEBDL-1080p] {imdb-tt0369441}.mkv,1377,fun-with-dick-and-jane,movie,imdb://tt0369441,F:\MediaStack\data\media\movies\Fun with Dick and Jane (2005)\Fun with Dick and Jane (2005) [WEBDL-1080p] {imdb-tt0369441}.leapfrog.json,written,Fun with Dick and Jane
title-only movie match,155,F:\MediaStack\data\media\movies\G.I. Joe - Retaliation (2013)\G.I. Joe Retaliation (2013) [Bluray-1080p] {imdb-tt1583421}.mkv,1283,g-i-joe-retaliation,movie,imdb://tt1583421,F:\MediaStack\data\media\movies\G.I. Joe - Retaliation (2013)\G.I. Joe Retaliation (2013) [Bluray-1080p] {imdb-tt1583421}.leapfrog.json,written,G.I. Joe: Retaliation
title-only movie match,303,F:\MediaStack\data\media\movies\G.I. Joe - The Rise of Cobra (2009)\G.I. Joe The Rise of Cobra (2009) [Bluray-1080p] {imdb-tt1046173}.mkv,3062,g-i-joe-the-rise-of-cobra,movie,imdb://tt1046173,F:\MediaStack\data\media\movies\G.I. Joe - The Rise of Cobra (2009)\G.I. Joe The Rise of Cobra (2009) [Bluray-1080p] {imdb-tt1046173}.leapfrog.json,written,G.I. Joe: The Rise of Cobra
title-only movie match,193,F:\MediaStack\data\media\movies\Galaxy Quest (1999)\Galaxy Quest (1999) [Bluray-1080p] {imdb-tt0177789}.mp4,1784,galaxy-quest,movie,imdb://tt0177789,F:\MediaStack\data\media\movies\Galaxy Quest (1999)\Galaxy Quest (1999) [Bluray-1080p] {imdb-tt0177789}.leapfrog.json,written,Galaxy Quest
title-only movie match,152,F:\MediaStack\data\media\movies\The Game (1997)\The Game (1997) [Bluray-1080p] {imdb-tt0119174}.mkv,2576,the-game,movie,imdb://tt0119174,F:\MediaStack\data\media\movies\The Game (1997)\The Game (1997) [Bluray-1080p] {imdb-tt0119174}.leapfrog.json,written,The Game
title-only movie match,120,F:\MediaStack\data\media\movies\Gattaca (1997)\Gattaca (1997) [Bluray-1080p] {imdb-tt0119177}.mp4,1464,gattaca,movie,imdb://tt0119177,F:\MediaStack\data\media\movies\Gattaca (1997)\Gattaca (1997) [Bluray-1080p] {imdb-tt0119177}.leapfrog.json,written,Gattaca
title-only movie match,180,F:\MediaStack\data\media\movies\Gemini Man (2019)\Gemini Man (2019) [Bluray-1080p] {imdb-tt1025100}.mp4,675814,gemini-man,movie,imdb://tt1025100,F:\MediaStack\data\media\movies\Gemini Man (2019)\Gemini Man (2019) [Bluray-1080p] {imdb-tt1025100}.leapfrog.json,written,Gemini Man
title-only movie match,357,F:\MediaStack\data\media\movies\The Gentlemen (2020)\The Gentlemen (2020) [WEBDL-1080p] {imdb-tt8367814}.mkv,677049,the-gentlemen,movie,imdb://tt8367814,F:\MediaStack\data\media\movies\The Gentlemen (2020)\The Gentlemen (2020) [WEBDL-1080p] {imdb-tt8367814}.leapfrog.json,written,The Gentlemen
title-only movie match,91,F:\MediaStack\data\media\movies\Free State of Jones (2016)\Free State of Jones (2016) [Bluray-1080p] {imdb-tt1124037}.mkv,3677,free-state-of-jones,movie,imdb://tt1124037,F:\MediaStack\data\media\movies\Free State of Jones (2016)\Free State of Jones (2016) [Bluray-1080p] {imdb-tt1124037}.leapfrog.json,written,Free State of Jones
title-only movie match,140,F:\MediaStack\data\media\movies\Freedom Writers (2007)\Freedom Writers (2007) [Bluray-1080p] {imdb-tt0463998}.mp4,2246,freedom-writers,movie,imdb://tt0463998,F:\MediaStack\data\media\movies\Freedom Writers (2007)\Freedom Writers (2007) [Bluray-1080p] {imdb-tt0463998}.leapfrog.json,written,Freedom Writers
title-only movie match,145,F:\MediaStack\data\media\movies\Friday Night Lights (2004)\Friday Night Lights (2004) [Bluray-1080p] {imdb-tt0390022}.Clean.mp4,3451,friday-night-lights,movie,imdb://tt0390022,F:\MediaStack\data\media\movies\Friday Night Lights (2004)\Friday Night Lights (2004) [Bluray-1080p] {imdb-tt0390022}.Clean.leapfrog.json,written,Friday Night Lights
title-only movie match,190,F:\MediaStack\data\media\movies\Fried Green Tomatoes (1991)\Fried Green Tomatoes (1991) [Bluray-1080p] {imdb-tt0101921}.mkv,2975,fried-green-tomatoes,movie,imdb://tt0101921,F:\MediaStack\data\media\movies\Fried Green Tomatoes (1991)\Fried Green Tomatoes (1991) [Bluray-1080p] {imdb-tt0101921}.leapfrog.json,written,Fried Green Tomatoes
title-only movie match,63,F:\MediaStack\data\media\movies\The Friend (2025)\The Friend (2025) [Bluray-1080p] {imdb-tt18108824}.mkv,702610,the-friend,movie,imdb://tt18108824,F:\MediaStack\data\media\movies\The Friend (2025)\The Friend (2025) [Bluray-1080p] {imdb-tt18108824}.leapfrog.json,written,The Friend
title-only movie match,74,F:\MediaStack\data\media\movies\Fly Me to the Moon (2024)\Fly Me to the Moon (2024) [WEBDL-1080p] {imdb-tt1896747}.mkv,699977,fly-me-to-the-moon-1df6d,movie,imdb://tt1896747,F:\MediaStack\data\media\movies\Fly Me to the Moon (2024)\Fly Me to the Moon (2024) [WEBDL-1080p] {imdb-tt1896747}.leapfrog.json,written,Fly Me to the Moon
title-only movie match,250,F:\MediaStack\data\media\movies\Forrest Gump (1994)\Forrest Gump (1994) [Bluray-1080p] {imdb-tt0109830}.mkv,1311,forrest-gump,movie,imdb://tt0109830,F:\MediaStack\data\media\movies\Forrest Gump (1994)\Forrest Gump (1994) [Bluray-1080p] {imdb-tt0109830}.leapfrog.json,written,Forrest Gump
title-only movie match,79,F:\MediaStack\data\media\movies\The Founder (2016)\The Founder (2016) [Bluray-1080p] {imdb-tt4276820}.mkv,161581,the-founder,movie,imdb://tt4276820,F:\MediaStack\data\media\movies\The Founder (2016)\The Founder (2016) [Bluray-1080p] {imdb-tt4276820}.leapfrog.json,written,The Founder
title-only movie match,163,F:\MediaStack\data\media\movies\The Four Feathers (2002)\The Four Feathers (2002) [Bluray-1080p] {imdb-tt0240510}.mkv,3134,the-four-feathers,movie,imdb://tt0240510,F:\MediaStack\data\media\movies\The Four Feathers (2002)\The Four Feathers (2002) [Bluray-1080p] {imdb-tt0240510}.leapfrog.json,written,The Four Feathers
title-only movie match,426,F:\MediaStack\data\media\movies\The Fighter (2010)\The Fighter (2010) [Bluray-1080p] {imdb-tt0964517}.mkv,1104,the-fighter,movie,imdb://tt0964517,F:\MediaStack\data\media\movies\The Fighter (2010)\The Fighter (2010) [Bluray-1080p] {imdb-tt0964517}.leapfrog.json,written,The Fighter
title-only movie match,51,F:\MediaStack\data\media\movies\Finch (2021)\Finch (2021) [WEBDL-1080p] {imdb-tt3420504}.mkv,685419,finch,movie,imdb://tt3420504,F:\MediaStack\data\media\movies\Finch (2021)\Finch (2021) [WEBDL-1080p] {imdb-tt3420504}.leapfrog.json,written,Finch
title-only movie match,122,F:\MediaStack\data\media\movies\The Firm (1993)\The Firm (1993) [Bluray-1080p] {imdb-tt0106918}.mkv,2138,the-firm,movie,imdb://tt0106918,F:\MediaStack\data\media\movies\The Firm (1993)\The Firm (1993) [Bluray-1080p] {imdb-tt0106918}.leapfrog.json,written,The Firm
title-only movie match,176,F:\MediaStack\data\media\movies\Flatliners (2017)\Flatliners (2017) [Bluray-1080p] {imdb-tt2039338}.mkv,208961,flatliners-2017,movie,imdb://tt2039338,F:\MediaStack\data\media\movies\Flatliners (2017)\Flatliners (2017) [Bluray-1080p] {imdb-tt2039338}.leapfrog.json,written,Flatliners
title-only movie match,109,F:\MediaStack\data\media\movies\Fletch (1985)\Fletch (1985) [Bluray-1080p] {imdb-tt0089155}.mkv,2732,fletch,movie,imdb://tt0089155,F:\MediaStack\data\media\movies\Fletch (1985)\Fletch (1985) [Bluray-1080p] {imdb-tt0089155}.leapfrog.json,written,Fletch
title-only movie match,228,F:\MediaStack\data\media\movies\Flight (2012)\Flight (2012) [Bluray-1080p] {imdb-tt1907668}.mkv,1323,flight,movie,imdb://tt1907668,F:\MediaStack\data\media\movies\Flight (2012)\Flight (2012) [Bluray-1080p] {imdb-tt1907668}.leapfrog.json,written,Flight
title-only movie match,204,F:\MediaStack\data\media\movies\Fargo (1996)\Fargo (1996) [Bluray-1080p] {imdb-tt0116282}.mkv,2086,fargo-1996,movie,imdb://tt0116282,F:\MediaStack\data\media\movies\Fargo (1996)\Fargo (1996) [Bluray-1080p] {imdb-tt0116282}.leapfrog.json,written,Fargo
title-only movie match,223,F:\MediaStack\data\media\movies\Fast & Furious (2009)\Fast and Furious (2009) [Bluray-1080p] {imdb-tt1013752}.mp4,1284,fast-furious,movie,imdb://tt1013752,F:\MediaStack\data\media\movies\Fast & Furious (2009)\Fast and Furious (2009) [Bluray-1080p] {imdb-tt1013752}.leapfrog.json,written,Fast & Furious
title-only movie match,224,F:\MediaStack\data\media\movies\Fast & Furious 6 (2013)\Fast and Furious 6 (2013) [Bluray-1080p] {imdb-tt1905041}.mp4,1296,fast-furious-6,movie,imdb://tt1905041,F:\MediaStack\data\media\movies\Fast & Furious 6 (2013)\Fast and Furious 6 (2013) [Bluray-1080p] {imdb-tt1905041}.leapfrog.json,written,Fast & Furious 6
title-only movie match,235,F:\MediaStack\data\media\movies\Fast & Furious Presents - Hobbs & Shaw (2019)\Fast and Furious Presents Hobbs and Shaw (2019) [Bluray-1080p] {imdb-tt6806448}.mkv,674626,fast-furious-presents-hobbs-shaw,movie,imdb://tt6806448,F:\MediaStack\data\media\movies\Fast & Furious Presents - Hobbs & Shaw (2019)\Fast and Furious Presents Hobbs and Shaw (2019) [Bluray-1080p] {imdb-tt6806448}.leapfrog.json,written,Fast & Furious Presents: Hobbs & Shaw
title-only movie match,246,F:\MediaStack\data\media\movies\The Fast and the Furious (2001)\The Fast and the Furious (2001) [Bluray-1080p] {imdb-tt0232500}.mkv,1272,the-fast-and-the-furious,movie,imdb://tt0232500,F:\MediaStack\data\media\movies\The Fast and the Furious (2001)\The Fast and the Furious (2001) [Bluray-1080p] {imdb-tt0232500}.leapfrog.json,written,The Fast and the Furious
title-only movie match,208,F:\MediaStack\data\media\movies\The Fast and the Furious - Tokyo Drift (2006)\The Fast and the Furious Tokyo Drift (2006) [Bluray-1080p] {imdb-tt0463985}.mkv,1702,the-fast-and-the-furious-tokyo-drift,movie,imdb://tt0463985,F:\MediaStack\data\media\movies\The Fast and the Furious - Tokyo Drift (2006)\The Fast and the Furious Tokyo Drift (2006) [Bluray-1080p] {imdb-tt0463985}.leapfrog.json,written,The Fast and the Furious: Tokyo Drift
title-only movie match,224,F:\MediaStack\data\media\movies\Fast Times at Ridgemont High (1982)\Fast Times at Ridgemont High (1982) [Bluray-1080p] {imdb-tt0083929}.mkv,2238,fast-times-at-ridgemont-high,movie,imdb://tt0083929,F:\MediaStack\data\media\movies\Fast Times at Ridgemont High (1982)\Fast Times at Ridgemont High (1982) [Bluray-1080p] {imdb-tt0083929}.leapfrog.json,written,Fast Times at Ridgemont High
title-only movie match,236,F:\MediaStack\data\media\movies\Fast X (2023)\Fast X (2023) [Bluray-1080p] {imdb-tt5433140}.mkv,672020,fast-furious-10,movie,imdb://tt5433140,F:\MediaStack\data\media\movies\Fast X (2023)\Fast X (2023) [Bluray-1080p] {imdb-tt5433140}.leapfrog.json,written,Fast X
title-only movie match,166,F:\MediaStack\data\media\movies\Fences (2016)\Fences (2016) [WEBDL-1080p] {imdb-tt2671706}.mkv,205463,fences,movie,imdb://tt2671706,F:\MediaStack\data\media\movies\Fences (2016)\Fences (2016) [WEBDL-1080p] {imdb-tt2671706}.leapfrog.json,written,Fences
title-only movie match,198,F:\MediaStack\data\media\movies\Ferris Bueller's Day Off (1986)\Ferris Buellers Day Off (1986) [Bluray-1080p] {imdb-tt0091042}.mkv,2033,ferris-buellers-day-off,movie,imdb://tt0091042,F:\MediaStack\data\media\movies\Ferris Bueller's Day Off (1986)\Ferris Buellers Day Off (1986) [Bluray-1080p] {imdb-tt0091042}.leapfrog.json,written,Ferris Bueller's Day Off
title-only movie match,253,F:\MediaStack\data\media\movies\The Fifth Element (1997)\The Fifth Element (1997) [Bluray-1080p] {imdb-tt0119116}.Clean.mp4,2731,the-fifth-element,movie,imdb://tt0119116,F:\MediaStack\data\media\movies\The Fifth Element (1997)\The Fifth Element (1997) [Bluray-1080p] {imdb-tt0119116}.Clean.leapfrog.json,written,The Fifth Element
title-only movie match,158,F:\MediaStack\data\media\movies\The Expendables 2 (2012)\The Expendables 2 (2012) [Bluray-1080p Proper] {imdb-tt1764651}.mkv,1070,the-expendables-2,movie,imdb://tt1764651,F:\MediaStack\data\media\movies\The Expendables 2 (2012)\The Expendables 2 (2012) [Bluray-1080p Proper] {imdb-tt1764651}.leapfrog.json,written,The Expendables 2
title-only movie match,246,F:\MediaStack\data\media\movies\The Expendables 3 (2014)\The Expendables 3 (2014) [Bluray-1080p] {imdb-tt2333784}.mp4,1592,the-expendables-3,movie,imdb://tt2333784,F:\MediaStack\data\media\movies\The Expendables 3 (2014)\The Expendables 3 (2014) [Bluray-1080p] {imdb-tt2333784}.leapfrog.json,written,The Expendables 3
title-only movie match,190,F:\MediaStack\data\media\movies\The Fabelmans (2022)\The Fabelmans (2022) [Bluray-1080p] {imdb-tt14208870}.mkv,693440,the-fabelmans,movie,imdb://tt14208870,F:\MediaStack\data\media\movies\The Fabelmans (2022)\The Fabelmans (2022) [Bluray-1080p] {imdb-tt14208870}.leapfrog.json,written,The Fabelmans
title-only movie match,188,F:\MediaStack\data\media\movies\Failure to Launch (2006)\Failure to Launch (2006) [WEBDL-1080p] {imdb-tt0427229}.mkv,660069,failure-to-launch,movie,imdb://tt0427229,F:\MediaStack\data\media\movies\Failure to Launch (2006)\Failure to Launch (2006) [WEBDL-1080p] {imdb-tt0427229}.leapfrog.json,written,Failure to Launch
title-only movie match,347,F:\MediaStack\data\media\movies\The Fall Guy (2024)\The Fall Guy (2024) [Bluray-1080p] {imdb-tt1684562}.mp4,697884,the-fall-guy-47625,movie,imdb://tt1684562,F:\MediaStack\data\media\movies\The Fall Guy (2024)\The Fall Guy (2024) [Bluray-1080p] {imdb-tt1684562}.leapfrog.json,written,The Fall Guy
title-only movie match,120,F:\MediaStack\data\media\movies\The Family Man (2000)\The Family Man (2000) [Bluray-1080p] {imdb-tt0218967}.mkv,2413,the-family-man,movie,imdb://tt0218967,F:\MediaStack\data\media\movies\The Family Man (2000)\The Family Man (2000) [Bluray-1080p] {imdb-tt0218967}.leapfrog.json,written,The Family Man
title-only movie match,276,F:\MediaStack\data\media\movies\The Family Plan (2023)\The Family Plan (2023) [WEBDL-1080p] {imdb-tt16431870}.mkv,696403,the-family-plan,movie,imdb://tt16431870,F:\MediaStack\data\media\movies\The Family Plan (2023)\The Family Plan (2023) [WEBDL-1080p] {imdb-tt16431870}.leapfrog.json,written,The Family Plan
title-only movie match,199,F:\MediaStack\data\media\movies\The Family Plan 2 (2025)\The Family Plan 2 (2025) [WEBRip-1080p] {imdb-tt34276058}.mp4,703452,the-family-plan-2,movie,imdb://tt34276058,F:\MediaStack\data\media\movies\The Family Plan 2 (2025)\The Family Plan 2 (2025) [WEBRip-1080p] {imdb-tt34276058}.leapfrog.json,written,The Family Plan 2
title-only movie match,234,F:\MediaStack\data\media\movies\Fantasy Island (2020)\Fantasy Island (2020) [Bluray-1080p] {imdb-tt0983946}.mkv,677822,fantasy-island-ce666,movie,imdb://tt0983946,F:\MediaStack\data\media\movies\Fantasy Island (2020)\Fantasy Island (2020) [Bluray-1080p] {imdb-tt0983946}.leapfrog.json,written,Fantasy Island
title-only movie match,307,F:\MediaStack\data\media\movies\Far and Away (1992)\Far and Away (1992) [Bluray-1080p] {imdb-tt0104231}.mp4,2850,far-and-away,movie,imdb://tt0104231,F:\MediaStack\data\media\movies\Far and Away (1992)\Far and Away (1992) [Bluray-1080p] {imdb-tt0104231}.leapfrog.json,written,Far and Away
title-only movie match,132,F:\MediaStack\data\media\movies\Enemy at the Gates (2001)\Enemy at the Gates (2001) [Bluray-1080p] {imdb-tt0215750}.mkv,2499,enemy-at-the-gates,movie,imdb://tt0215750,F:\MediaStack\data\media\movies\Enemy at the Gates (2001)\Enemy at the Gates (2001) [Bluray-1080p] {imdb-tt0215750}.leapfrog.json,written,Enemy at the Gates
title-only movie match,251,F:\MediaStack\data\media\movies\The Equalizer (2014)\The Equalizer (2014) [Bluray-1080p] {imdb-tt0455944}.mp4,1623,the-equalizer,movie,imdb://tt0455944,F:\MediaStack\data\media\movies\The Equalizer (2014)\The Equalizer (2014) [Bluray-1080p] {imdb-tt0455944}.leapfrog.json,written,The Equalizer
title-only movie match,180,F:\MediaStack\data\media\movies\The Equalizer 2 (2018)\The Equalizer 2 (2018) [Bluray-1080p] {imdb-tt3766354}.mp4,670501,the-equalizer-2,movie,imdb://tt3766354,F:\MediaStack\data\media\movies\The Equalizer 2 (2018)\The Equalizer 2 (2018) [Bluray-1080p] {imdb-tt3766354}.leapfrog.json,written,The Equalizer 2
title-only movie match,110,F:\MediaStack\data\media\movies\The Equalizer 3 (2023)\The Equalizer 3 (2023) [Bluray-1080p] {imdb-tt17024450}.mp4,695787,the-equalizer-3,movie,imdb://tt17024450,F:\MediaStack\data\media\movies\The Equalizer 3 (2023)\The Equalizer 3 (2023) [Bluray-1080p] {imdb-tt17024450}.leapfrog.json,written,The Equalizer 3
title-only movie match,196,F:\MediaStack\data\media\movies\Erin Brockovich (2000)\Erin Brockovich (2000) [Bluray-1080p] {imdb-tt0195685}.mp4,2039,erin-brockovich-5,movie,imdb://tt0195685,F:\MediaStack\data\media\movies\Erin Brockovich (2000)\Erin Brockovich (2000) [Bluray-1080p] {imdb-tt0195685}.leapfrog.json,written,Erin Brockovich
title-only movie match,80,F:\MediaStack\data\media\movies\Escape from Alcatraz (1979)\Escape from Alcatraz (1979) [Bluray-1080p] {imdb-tt0079116}.mp4,3184,escape-from-alcatraz,movie,imdb://tt0079116,F:\MediaStack\data\media\movies\Escape from Alcatraz (1979)\Escape from Alcatraz (1979) [Bluray-1080p] {imdb-tt0079116}.leapfrog.json,written,Escape from Alcatraz
title-only movie match,218,F:\MediaStack\data\media\movies\Escape Plan (2013)\Escape Plan (2013) [Bluray-1080p] {imdb-tt1211956}.mkv,1705,escape-plan,movie,imdb://tt1211956,F:\MediaStack\data\media\movies\Escape Plan (2013)\Escape Plan (2013) [Bluray-1080p] {imdb-tt1211956}.leapfrog.json,written,Escape Plan
title-only movie match,196,F:\MediaStack\data\media\movies\Escape Room - Tournament of Champions (2021)\Escape Room Tournament of Champions (2021) [Bluray-1080p] {imdb-tt9844522}.mp4,687562,escape-room-tournament-of-champions,movie,imdb://tt9844522,F:\MediaStack\data\media\movies\Escape Room - Tournament of Champions (2021)\Escape Room Tournament of Champions (2021) [Bluray-1080p] {imdb-tt9844522}.leapfrog.json,written,Escape Room: Tournament of Champions
title-only movie match,175,F:\MediaStack\data\media\movies\Eternal Sunshine of the Spotless Mind (2004)\Eternal Sunshine of the Spotless Mind (2004) [Bluray-1080p Proper] {imdb-tt0338013}.mkv,2023,eternal-sunshine-of-the-spotless-mind,movie,imdb://tt0338013,F:\MediaStack\data\media\movies\Eternal Sunshine of the Spotless Mind (2004)\Eternal Sunshine of the Spotless Mind (2004) [Bluray-1080p Proper] {imdb-tt0338013}.leapfrog.json,written,Eternal Sunshine of the Spotless Mind
title-only movie match,97,F:\MediaStack\data\media\movies\Evan Almighty (2007)\Evan Almighty (2007) [Bluray-1080p] {imdb-tt0413099}.mp4,3177,evan-almighty,movie,imdb://tt0413099,F:\MediaStack\data\media\movies\Evan Almighty (2007)\Evan Almighty (2007) [Bluray-1080p] {imdb-tt0413099}.leapfrog.json,written,Evan Almighty
title-only movie match,54,F:\MediaStack\data\media\movies\Everest (2015)\Everest (2015) [Bluray-1080p] {imdb-tt2719848}.mkv,2468,everest,movie,imdb://tt2719848,F:\MediaStack\data\media\movies\Everest (2015)\Everest (2015) [Bluray-1080p] {imdb-tt2719848}.leapfrog.json,written,Everest
title-only movie match,94,F:\MediaStack\data\media\movies\Ex Machina (2015)\Ex Machina (2015) [Bluray-1080p] {imdb-tt0470752}.mp4,1776,ex-machina,movie,imdb://tt0470752,F:\MediaStack\data\media\movies\Ex Machina (2015)\Ex Machina (2015) [Bluray-1080p] {imdb-tt0470752}.leapfrog.json,written,Ex Machina
title-only movie match,217,F:\MediaStack\data\media\movies\The Expendables (2010)\The Expendables (2010) [Bluray-1080p] {imdb-tt1320253}.mkv,1069,the-expendables,movie,imdb://tt1320253,F:\MediaStack\data\media\movies\The Expendables (2010)\The Expendables (2010) [Bluray-1080p] {imdb-tt1320253}.leapfrog.json,written,The Expendables
title-only movie match,96,F:\MediaStack\data\media\movies\Eagle Eye (2008)\Eagle Eye (2008) [Bluray-1080p] {imdb-tt1059786}.mkv,1444,eagle-eye,movie,imdb://tt1059786,F:\MediaStack\data\media\movies\Eagle Eye (2008)\Eagle Eye (2008) [Bluray-1080p] {imdb-tt1059786}.leapfrog.json,written,Eagle Eye
title-only movie match,128,F:\MediaStack\data\media\movies\Eat Pray Love (2010)\Eat Pray Love (2010) [Bluray-1080p] {imdb-tt0879870}.mp4,2526,eat-pray-love,movie,imdb://tt0879870,F:\MediaStack\data\media\movies\Eat Pray Love (2010)\Eat Pray Love (2010) [Bluray-1080p] {imdb-tt0879870}.leapfrog.json,written,Eat Pray Love
title-only movie match,69,F:\MediaStack\data\media\movies\Emma (1996)\Emma (1996) [Bluray-1080p] {imdb-tt0116191}.mkv,678010,emma-d8330,movie,imdb://tt0116191,F:\MediaStack\data\media\movies\Emma (1996)\Emma (1996) [Bluray-1080p] {imdb-tt0116191}.leapfrog.json,written,Emma
title-only movie match,69,F:\MediaStack\data\media\movies\Emma. (2020)\Emma. (2020) [Bluray-1080p] {imdb-tt9214832}.mkv,678010,emma-d8330,movie,imdb://tt9214832,F:\MediaStack\data\media\movies\Emma. (2020)\Emma. (2020) [Bluray-1080p] {imdb-tt9214832}.leapfrog.json,written,Emma.
title-only movie match,39,F:\MediaStack\data\media\movies\Ender's Game (2013)\Enders Game (2013) [Bluray-1080p Proper] {imdb-tt1731141}.mkv,1244,enders-game,movie,imdb://tt1731141,F:\MediaStack\data\media\movies\Ender's Game (2013)\Enders Game (2013) [Bluray-1080p Proper] {imdb-tt1731141}.leapfrog.json,written,Ender's Game
title-only movie match,90,F:\MediaStack\data\media\movies\Enemy (2014)\Enemy (2014) [Bluray-1080p] {imdb-tt2316411}.mkv,1100,enemy,movie,imdb://tt2316411,F:\MediaStack\data\media\movies\Enemy (2014)\Enemy (2014) [Bluray-1080p] {imdb-tt2316411}.leapfrog.json,written,Enemy
title-only movie match,93,F:\MediaStack\data\media\movies\Dolittle (2020)\Dolittle (2020) [Bluray-1080p] {imdb-tt6673612}.mkv,677019,dolittle,movie,imdb://tt6673612,F:\MediaStack\data\media\movies\Dolittle (2020)\Dolittle (2020) [Bluray-1080p] {imdb-tt6673612}.leapfrog.json,written,Dolittle
title-only movie match,93,F:\MediaStack\data\media\movies\Dora and the Lost City of Gold (2019)\Dora and the Lost City of Gold (2019) [Bluray-1080p] {imdb-tt7547410}.mkv,675102,dora-and-the-lost-city-of-gold,movie,imdb://tt7547410,F:\MediaStack\data\media\movies\Dora and the Lost City of Gold (2019)\Dora and the Lost City of Gold (2019) [Bluray-1080p] {imdb-tt7547410}.leapfrog.json,written,Dora and the Lost City of Gold
title-only movie match,137,F:\MediaStack\data\media\movies\Double Jeopardy (1999)\Double Jeopardy (1999) [Bluray-1080p] {imdb-tt0150377}.mkv,2709,double-jeopardy,movie,imdb://tt0150377,F:\MediaStack\data\media\movies\Double Jeopardy (1999)\Double Jeopardy (1999) [Bluray-1080p] {imdb-tt0150377}.leapfrog.json,written,Double Jeopardy
title-only movie match,131,F:\MediaStack\data\media\movies\Downfall (2004)\Downfall (2004) [Bluray-1080p] {imdb-tt0363163}.mkv,2853,downfall,movie,imdb://tt0363163,F:\MediaStack\data\media\movies\Downfall (2004)\Downfall (2004) [Bluray-1080p] {imdb-tt0363163}.leapfrog.json,written,Downfall
title-only movie match,156,F:\MediaStack\data\media\movies\Dr. Strangelove or - How I Learned to Stop Worrying and Love the Bomb (1964)\Dr. Strangelove or How I Learned to Stop Worrying and Love the Bomb (1964) [Bluray-1080p] {imdb-tt0057012}.mp4,3028,dr-strangelove-or-how-i-learned-to-stop-worrying-and-love-the-bomb,movie,imdb://tt0057012,F:\MediaStack\data\media\movies\Dr. Strangelove or - How I Learned to Stop Worrying and Love the Bomb (1964)\Dr. Strangelove or How I Learned to Stop Worrying and Love the Bomb (1964) [Bluray-1080p] {imdb-tt0057012}.leapfrog.json,written,Dr. Strangelove or: How I Learned to Stop Worrying and Love the Bomb
title-only movie match,85,F:\MediaStack\data\media\movies\Drive (2011)\Drive (2011) [Bluray-1080p] {imdb-tt0780504}.mkv,1249,drive,movie,imdb://tt0780504,F:\MediaStack\data\media\movies\Drive (2011)\Drive (2011) [Bluray-1080p] {imdb-tt0780504}.leapfrog.json,written,Drive
title-only movie match,150,F:\MediaStack\data\media\movies\The Duchess (2008)\The Duchess (2008) [Bluray-1080p] {imdb-tt0864761}.mkv,659887,the-duchess,movie,imdb://tt0864761,F:\MediaStack\data\media\movies\The Duchess (2008)\The Duchess (2008) [Bluray-1080p] {imdb-tt0864761}.leapfrog.json,written,The Duchess
title-only movie match,231,F:\MediaStack\data\media\movies\Dumb and Dumber To (2014)\Dumb and Dumber To (2014) [Bluray-1080p] {imdb-tt2096672}.mp4,1666,dumb-and-dumber-to,movie,imdb://tt2096672,F:\MediaStack\data\media\movies\Dumb and Dumber To (2014)\Dumb and Dumber To (2014) [Bluray-1080p] {imdb-tt2096672}.leapfrog.json,written,Dumb and Dumber To
title-only movie match,241,F:\MediaStack\data\media\movies\Disturbia (2007)\Disturbia (2007) [Bluray-1080p] {imdb-tt0486822}.mkv,2766,disturbia,movie,imdb://tt0486822,F:\MediaStack\data\media\movies\Disturbia (2007)\Disturbia (2007) [Bluray-1080p] {imdb-tt0486822}.leapfrog.json,written,Disturbia
title-only movie match,154,F:\MediaStack\data\media\movies\Dog (2022)\Dog (2022) [Bluray-1080p] {imdb-tt11252248}.mkv,691682,dog,movie,imdb://tt11252248,F:\MediaStack\data\media\movies\Dog (2022)\Dog (2022) [Bluray-1080p] {imdb-tt11252248}.leapfrog.json,written,Dog
title-only movie match,52,F:\MediaStack\data\media\movies\A Dog's Way Home (2019)\A Dogs Way Home (2019) [Bluray-1080p] {imdb-tt7616798}.mkv,672129,a-dogs-way-home,movie,imdb://tt7616798,F:\MediaStack\data\media\movies\A Dog's Way Home (2019)\A Dogs Way Home (2019) [Bluray-1080p] {imdb-tt7616798}.leapfrog.json,written,A Dog's Way Home
title-only movie match,442,F:\MediaStack\data\media\movies\The Deer Hunter (1978)\The Deer Hunter (1978) [Bluray-1080p] {imdb-tt0077416}.mp4,3155,the-deer-hunter,movie,imdb://tt0077416,F:\MediaStack\data\media\movies\The Deer Hunter (1978)\The Deer Hunter (1978) [Bluray-1080p] {imdb-tt0077416}.leapfrog.json,written,The Deer Hunter
title-only movie match,111,F:\MediaStack\data\media\movies\Defiance (2008)\Defiance (2008) [WEBDL-1080p] {imdb-tt1034303}.mkv,1462,defiance,movie,imdb://tt1034303,F:\MediaStack\data\media\movies\Defiance (2008)\Defiance (2008) [WEBDL-1080p] {imdb-tt1034303}.leapfrog.json,written,Defiance
title-only movie match,157,"F:\MediaStack\data\media\movies\Definitely, Maybe (2008)\Definitely Maybe (2008) [Bluray-1080p] {imdb-tt0832266}.mkv",2017,definitely-maybe,movie,imdb://tt0832266,"F:\MediaStack\data\media\movies\Definitely, Maybe (2008)\Definitely Maybe (2008) [Bluray-1080p] {imdb-tt0832266}.leapfrog.json",written,"Definitely, Maybe"
title-only movie match,85,F:\MediaStack\data\media\movies\Despicable Me (2010)\Despicable Me (2010) [Bluray-1080p Proper] {imdb-tt1323594}.mkv,1729,despicable-me,movie,imdb://tt1323594,F:\MediaStack\data\media\movies\Despicable Me (2010)\Despicable Me (2010) [Bluray-1080p Proper] {imdb-tt1323594}.leapfrog.json,written,Despicable Me
title-only movie match,131,F:\MediaStack\data\media\movies\Despicable Me 3 (2017)\Despicable Me 3 (2017) [Bluray-1080p] {imdb-tt3469046}.mkv,168658,despicable-me-3,movie,imdb://tt3469046,F:\MediaStack\data\media\movies\Despicable Me 3 (2017)\Despicable Me 3 (2017) [Bluray-1080p] {imdb-tt3469046}.leapfrog.json,written,Despicable Me 3
title-only movie match,140,F:\MediaStack\data\media\movies\Despicable Me 4 (2024)\Despicable Me 4 (2024) [Bluray-1080p] {imdb-tt7510222}.mkv,699648,despicable-me-4,movie,imdb://tt7510222,F:\MediaStack\data\media\movies\Despicable Me 4 (2024)\Despicable Me 4 (2024) [Bluray-1080p] {imdb-tt7510222}.leapfrog.json,written,Despicable Me 4
title-only movie match,159,F:\MediaStack\data\media\movies\Devotion (2022)\Devotion (2022) [WEBRip-1080p] {imdb-tt7693316}.mp4,693024,devotion,movie,imdb://tt7693316,F:\MediaStack\data\media\movies\Devotion (2022)\Devotion (2022) [WEBRip-1080p] {imdb-tt7693316}.leapfrog.json,written,Devotion
title-only movie match,148,F:\MediaStack\data\media\movies\Dante's Peak (1997)\Dantes Peak (1997) [Bluray-1080p] {imdb-tt0118928}.mkv,2920,dantes-peak,movie,imdb://tt0118928,F:\MediaStack\data\media\movies\Dante's Peak (1997)\Dantes Peak (1997) [Bluray-1080p] {imdb-tt0118928}.leapfrog.json,written,Dante's Peak
title-only movie match,92,F:\MediaStack\data\media\movies\The Dark Tower (2017)\The Dark Tower (2017) [Bluray-1080p Proper] {imdb-tt1648190}.mkv,184407,the-dark-tower,movie,imdb://tt1648190,F:\MediaStack\data\media\movies\The Dark Tower (2017)\The Dark Tower (2017) [Bluray-1080p Proper] {imdb-tt1648190}.leapfrog.json,written,The Dark Tower
title-only movie match,113,F:\MediaStack\data\media\movies\Darkest Hour (2017)\Darkest Hour (2017) [Bluray-1080p] {imdb-tt4555426}.mkv,208315,darkest-hour,movie,imdb://tt4555426,F:\MediaStack\data\media\movies\Darkest Hour (2017)\Darkest Hour (2017) [Bluray-1080p] {imdb-tt4555426}.leapfrog.json,written,Darkest Hour
title-only movie match,67,F:\MediaStack\data\media\movies\Dear John (2010)\Dear John (2010) [Bluray-1080p] {imdb-tt0989757}.mp4,2878,dear-john,movie,imdb://tt0989757,F:\MediaStack\data\media\movies\Dear John (2010)\Dear John (2010) [Bluray-1080p] {imdb-tt0989757}.leapfrog.json,written,Dear John
title-only movie match,111,F:\MediaStack\data\media\movies\Deep Impact (1998)\Deep Impact (1998) [WEBDL-1080p] {imdb-tt0120647}.mkv,3026,deep-impact,movie,imdb://tt0120647,F:\MediaStack\data\media\movies\Deep Impact (1998)\Deep Impact (1998) [WEBDL-1080p] {imdb-tt0120647}.leapfrog.json,written,Deep Impact
title-only movie match,195,F:\MediaStack\data\media\movies\Deepwater Horizon (2016)\Deepwater Horizon (2016) [Bluray-1080p Proper] {imdb-tt1860357}.mkv,659299,deepwater-horizon,movie,imdb://tt1860357,F:\MediaStack\data\media\movies\Deepwater Horizon (2016)\Deepwater Horizon (2016) [Bluray-1080p Proper] {imdb-tt1860357}.leapfrog.json,written,Deepwater Horizon
title-only movie match,206,F:\MediaStack\data\media\movies\Creed III (2023)\Creed III (2023) [Bluray-1080p] {imdb-tt11145118}.mkv,694399,creed-iii,movie,imdb://tt11145118,F:\MediaStack\data\media\movies\Creed III (2023)\Creed III (2023) [Bluray-1080p] {imdb-tt11145118}.leapfrog.json,written,Creed III
title-only movie match,245,F:\MediaStack\data\media\movies\Crocodile Dundee (1986)\Crocodile Dundee (1986) [Bluray-1080p] {imdb-tt0090555}.mp4,2791,crocodile-dundee,movie,imdb://tt0090555,F:\MediaStack\data\media\movies\Crocodile Dundee (1986)\Crocodile Dundee (1986) [Bluray-1080p] {imdb-tt0090555}.leapfrog.json,written,Crocodile Dundee
title-only movie match,195,F:\MediaStack\data\media\movies\Crocodile Dundee II (1988)\Crocodile Dundee II (1988) [Bluray-1080p] {imdb-tt0092493}.mp4,2816,crocodile-dundee-ii,movie,imdb://tt0092493,F:\MediaStack\data\media\movies\Crocodile Dundee II (1988)\Crocodile Dundee II (1988) [Bluray-1080p] {imdb-tt0092493}.leapfrog.json,written,Crocodile Dundee II
title-only movie match,71,"F:\MediaStack\data\media\movies\Crouching Tiger, Hidden Dragon (2000)\Crouching Tiger Hidden Dragon (2000) [Bluray-1080p] {imdb-tt0190332}.mp4",1810,crouching-tiger-hidden-dragon,movie,imdb://tt0190332,"F:\MediaStack\data\media\movies\Crouching Tiger, Hidden Dragon (2000)\Crouching Tiger Hidden Dragon (2000) [Bluray-1080p] {imdb-tt0190332}.leapfrog.json",written,"Crouching Tiger, Hidden Dragon"
title-only movie match,128,F:\MediaStack\data\media\movies\The Da Vinci Code (2006)\The Da Vinci Code (2006) [Bluray-1080p] {imdb-tt0382625}.mkv,2132,the-da-vinci-code,movie,imdb://tt0382625,F:\MediaStack\data\media\movies\The Da Vinci Code (2006)\The Da Vinci Code (2006) [Bluray-1080p] {imdb-tt0382625}.leapfrog.json,written,The Da Vinci Code
title-only movie match,151,F:\MediaStack\data\media\movies\Daddy Day Care (2003)\Daddy Day Care (2003) [WEBRip-1080p] {imdb-tt0317303}.mp4,3539,daddy-day-care,movie,imdb://tt0317303,F:\MediaStack\data\media\movies\Daddy Day Care (2003)\Daddy Day Care (2003) [WEBRip-1080p] {imdb-tt0317303}.leapfrog.json,written,Daddy Day Care
title-only movie match,170,F:\MediaStack\data\media\movies\Daddy's Home (2015)\Daddys Home (2015) [Bluray-1080p] {imdb-tt1528854}.mkv,2567,daddys-home,movie,imdb://tt1528854,F:\MediaStack\data\media\movies\Daddy's Home (2015)\Daddys Home (2015) [Bluray-1080p] {imdb-tt1528854}.leapfrog.json,written,Daddy's Home
title-only movie match,118,F:\MediaStack\data\media\movies\Daddy's Home 2 (2017)\Daddys Home 2 (2017) [Bluray-1080p] {imdb-tt5657846}.mkv,218365,daddys-home-2,movie,imdb://tt5657846,F:\MediaStack\data\media\movies\Daddy's Home 2 (2017)\Daddys Home 2 (2017) [Bluray-1080p] {imdb-tt5657846}.leapfrog.json,written,Daddy's Home 2
title-only movie match,466,F:\MediaStack\data\media\movies\Dallas Buyers Club (2013)\Dallas Buyers Club (2013) [Bluray-1080p] {imdb-tt0790636}.mp4,1334,dallas-buyers-club,movie,imdb://tt0790636,F:\MediaStack\data\media\movies\Dallas Buyers Club (2013)\Dallas Buyers Club (2013) [Bluray-1080p] {imdb-tt0790636}.leapfrog.json,written,Dallas Buyers Club
title-only movie match,162,F:\MediaStack\data\media\movies\The Contractor (2022)\The Contractor (2022) [Bluray-1080p] {imdb-tt10323676}.mp4,691640,the-contractor-6cfcf,movie,imdb://tt10323676,F:\MediaStack\data\media\movies\The Contractor (2022)\The Contractor (2022) [Bluray-1080p] {imdb-tt10323676}.leapfrog.json,written,The Contractor
title-only movie match,188,F:\MediaStack\data\media\movies\Cowboys & Aliens (2011)\Cowboys and Aliens (2011) [Bluray-1080p] {imdb-tt0409847}.mp4,1554,cowboys-aliens,movie,imdb://tt0409847,F:\MediaStack\data\media\movies\Cowboys & Aliens (2011)\Cowboys and Aliens (2011) [Bluray-1080p] {imdb-tt0409847}.leapfrog.json,written,Cowboys & Aliens
title-only movie match,78,F:\MediaStack\data\media\movies\Close Encounters of the Third Kind (1977)\Close Encounters of the Third Kind (1977) [Bluray-1080p] {imdb-tt0075860}.mp4,2844,close-encounters-of-the-third-kind-directors-cut,movie,imdb://tt0075860,F:\MediaStack\data\media\movies\Close Encounters of the Third Kind (1977)\Close Encounters of the Third Kind (1977) [Bluray-1080p] {imdb-tt0075860}.leapfrog.json,written,Close Encounters of the Third Kind
title-only movie match,160,F:\MediaStack\data\media\movies\Cloudy with a Chance of Meatballs (2009)\Cloudy with a Chance of Meatballs (2009) [Bluray-1080p] {imdb-tt0844471}.mkv,2896,cloudy-with-a-chance-of-meatballs,movie,imdb://tt0844471,F:\MediaStack\data\media\movies\Cloudy with a Chance of Meatballs (2009)\Cloudy with a Chance of Meatballs (2009) [Bluray-1080p] {imdb-tt0844471}.leapfrog.json,written,Cloudy with a Chance of Meatballs
title-only movie match,65,F:\MediaStack\data\media\movies\Cloudy with a Chance of Meatballs 2 (2013)\Cloudy with a Chance of Meatballs 2 (2013) [Bluray-1080p] {imdb-tt1985966}.mkv,1429,cloudy-with-a-chance-of-meatballs-2,movie,imdb://tt1985966,F:\MediaStack\data\media\movies\Cloudy with a Chance of Meatballs 2 (2013)\Cloudy with a Chance of Meatballs 2 (2013) [Bluray-1080p] {imdb-tt1985966}.leapfrog.json,written,Cloudy with a Chance of Meatballs 2
title-only movie match,289,F:\MediaStack\data\media\movies\Cloverfield (2008)\Cloverfield (2008) [Bluray-1080p] {imdb-tt1060277}.mkv,2631,cloverfield,movie,imdb://tt1060277,F:\MediaStack\data\media\movies\Cloverfield (2008)\Cloverfield (2008) [Bluray-1080p] {imdb-tt1060277}.leapfrog.json,written,Cloverfield
title-only movie match,127,F:\MediaStack\data\media\movies\The Cloverfield Paradox (2018)\The Cloverfield Paradox (2018) [Bluray-1080p Proper] {imdb-tt2548396}.mkv,656083,the-cloverfield-paradox-2018,movie,imdb://tt2548396,F:\MediaStack\data\media\movies\The Cloverfield Paradox (2018)\The Cloverfield Paradox (2018) [Bluray-1080p Proper] {imdb-tt2548396}.leapfrog.json,written,The Cloverfield Paradox
title-only movie match,201,F:\MediaStack\data\media\movies\Clueless (1995)\Clueless (1995) [Bluray-1080p] {imdb-tt0112697}.mkv,2612,clueless,movie,imdb://tt0112697,F:\MediaStack\data\media\movies\Clueless (1995)\Clueless (1995) [Bluray-1080p] {imdb-tt0112697}.leapfrog.json,written,Clueless
title-only movie match,240,F:\MediaStack\data\media\movies\Coherence (2014)\Coherence (2014) [Bluray-1080p] {imdb-tt2866360}.mkv,657920,coherence,movie,imdb://tt2866360,F:\MediaStack\data\media\movies\Coherence (2014)\Coherence (2014) [Bluray-1080p] {imdb-tt2866360}.leapfrog.json,written,Coherence
title-only movie match,184,F:\MediaStack\data\media\movies\Collateral (2004)\Collateral (2004) [Bluray-1080p] {imdb-tt0369339}.mkv,2493,collateral,movie,imdb://tt0369339,F:\MediaStack\data\media\movies\Collateral (2004)\Collateral (2004) [Bluray-1080p] {imdb-tt0369339}.leapfrog.json,written,Collateral
title-only movie match,102,F:\MediaStack\data\media\movies\Concussion (2015)\Concussion (2015) [Bluray-1080p] {imdb-tt3322364}.mkv,2565,concussion,movie,imdb://tt3322364,F:\MediaStack\data\media\movies\Concussion (2015)\Concussion (2015) [Bluray-1080p] {imdb-tt3322364}.leapfrog.json,written,Concussion
title-only movie match,220,F:\MediaStack\data\media\movies\The Chronicles of Riddick (2004)\The Chronicles of Riddick (2004) [Bluray-1080p] {imdb-tt0296572}.mkv,1486,the-chronicles-of-riddick-theatrical,movie,imdb://tt0296572,F:\MediaStack\data\media\movies\The Chronicles of Riddick (2004)\The Chronicles of Riddick (2004) [Bluray-1080p] {imdb-tt0296572}.leapfrog.json,written,The Chronicles of Riddick
title-only movie match,128,F:\MediaStack\data\media\movies\Cinderella (1950)\Cinderella (1950) [Bluray-1080p] {imdb-tt0042332}.mp4,684477,cinderella-a14c5,movie,imdb://tt0042332,F:\MediaStack\data\media\movies\Cinderella (1950)\Cinderella (1950) [Bluray-1080p] {imdb-tt0042332}.leapfrog.json,written,Cinderella
title-only movie match,128,F:\MediaStack\data\media\movies\Cinderella (2015)\Cinderella (2015) [Bluray-1080p] {imdb-tt1661199}.mp4,684477,cinderella-a14c5,movie,imdb://tt1661199,F:\MediaStack\data\media\movies\Cinderella (2015)\Cinderella (2015) [Bluray-1080p] {imdb-tt1661199}.leapfrog.json,written,Cinderella
title-only movie match,221,F:\MediaStack\data\media\movies\Cinderella Man (2005)\Cinderella Man (2005) [Bluray-1080p] {imdb-tt0352248}.mkv,1003,cinderella-man,movie,imdb://tt0352248,F:\MediaStack\data\media\movies\Cinderella Man (2005)\Cinderella Man (2005) [Bluray-1080p] {imdb-tt0352248}.leapfrog.json,written,Cinderella Man
title-only movie match,57,F:\MediaStack\data\media\movies\The Circle (2017)\The Circle (2017) [Bluray-1080p] {imdb-tt4287320}.mkv,176891,the-circle,movie,imdb://tt4287320,F:\MediaStack\data\media\movies\The Circle (2017)\The Circle (2017) [Bluray-1080p] {imdb-tt4287320}.leapfrog.json,written,The Circle
title-only movie match,205,F:\MediaStack\data\media\movies\Civil War (2024)\Civil War (2024) [Bluray-1080p] {imdb-tt17279496}.mkv,697931,civil-war,movie,imdb://tt17279496,F:\MediaStack\data\media\movies\Civil War (2024)\Civil War (2024) [Bluray-1080p] {imdb-tt17279496}.leapfrog.json,written,Civil War
title-only movie match,119,F:\MediaStack\data\media\movies\Clear and Present Danger (1994)\Clear and Present Danger (1994) [Bluray-1080p] {imdb-tt0109444}.mkv,1401,clear-and-present-danger,movie,imdb://tt0109444,F:\MediaStack\data\media\movies\Clear and Present Danger (1994)\Clear and Present Danger (1994) [Bluray-1080p] {imdb-tt0109444}.leapfrog.json,written,Clear and Present Danger
title-only movie match,265,F:\MediaStack\data\media\movies\Click (2006)\Click (2006) [Bluray-1080p] {imdb-tt0389860}.mp4,1854,click,movie,imdb://tt0389860,F:\MediaStack\data\media\movies\Click (2006)\Click (2006) [Bluray-1080p] {imdb-tt0389860}.leapfrog.json,written,Click
title-only movie match,243,F:\MediaStack\data\media\movies\Cliffhanger (1993)\Cliffhanger (1993) [Bluray-1080p] {imdb-tt0106582}.mkv,1356,cliffhanger,movie,imdb://tt0106582,F:\MediaStack\data\media\movies\Cliffhanger (1993)\Cliffhanger (1993) [Bluray-1080p] {imdb-tt0106582}.leapfrog.json,written,Cliffhanger
title-only movie match,216,F:\MediaStack\data\media\movies\Chef (2014)\Chef (2014) [Bluray-1080p] {imdb-tt2883512}.mkv,1538,chef,movie,imdb://tt2883512,F:\MediaStack\data\media\movies\Chef (2014)\Chef (2014) [Bluray-1080p] {imdb-tt2883512}.leapfrog.json,written,Chef
title-only movie match,28,F:\MediaStack\data\media\movies\Children of Heaven (1997)\Children of Heaven (1997) [Bluray-1080p] {imdb-tt0118849}.mkv,3848,children-of-heaven,movie,imdb://tt0118849,F:\MediaStack\data\media\movies\Children of Heaven (1997)\Children of Heaven (1997) [Bluray-1080p] {imdb-tt0118849}.leapfrog.json,written,Children of Heaven
title-only movie match,92,F:\MediaStack\data\media\movies\Chinatown (1974)\Chinatown (1974) [Bluray-1080p] {imdb-tt0071315}.mkv,2284,chinatown,movie,imdb://tt0071315,F:\MediaStack\data\media\movies\Chinatown (1974)\Chinatown (1974) [Bluray-1080p] {imdb-tt0071315}.leapfrog.json,written,Chinatown
title-only movie match,78,F:\MediaStack\data\media\movies\Chocolat (2000)\Chocolat (2000) [Bluray-1080p] {imdb-tt0241303}.mp4,1582,chocolat,movie,imdb://tt0241303,F:\MediaStack\data\media\movies\Chocolat (2000)\Chocolat (2000) [Bluray-1080p] {imdb-tt0241303}.leapfrog.json,written,Chocolat
title-only movie match,54,F:\MediaStack\data\media\movies\Christmas with the Kranks (2004)\Christmas with the Kranks (2004) [Bluray-1080p] {imdb-tt0388419}.mkv,1617,christmas-with-the-kranks,movie,imdb://tt0388419,F:\MediaStack\data\media\movies\Christmas with the Kranks (2004)\Christmas with the Kranks (2004) [Bluray-1080p] {imdb-tt0388419}.leapfrog.json,written,Christmas with the Kranks
title-only movie match,230,F:\MediaStack\data\media\movies\Casino Royale (2006)\Casino Royale (2006) [Bluray-1080p Proper] {imdb-tt0381061}.mp4,1714,casino-royale-2006,movie,imdb://tt0381061,F:\MediaStack\data\media\movies\Casino Royale (2006)\Casino Royale (2006) [Bluray-1080p Proper] {imdb-tt0381061}.leapfrog.json,written,Casino Royale
title-only movie match,92,F:\MediaStack\data\media\movies\Catch Me If You Can (2002)\Catch Me If You Can (2002) [Bluray-1080p] {imdb-tt0264464}.mkv,1786,catch-me-if-you-can,movie,imdb://tt0264464,F:\MediaStack\data\media\movies\Catch Me If You Can (2002)\Catch Me If You Can (2002) [Bluray-1080p] {imdb-tt0264464}.leapfrog.json,written,Catch Me If You Can
title-only movie match,417,F:\MediaStack\data\media\movies\Caught Stealing (2025)\Caught Stealing (2025) [Bluray-1080p] {imdb-tt1493274}.mkv,703535,caught-stealing,movie,imdb://tt1493274,F:\MediaStack\data\media\movies\Caught Stealing (2025)\Caught Stealing (2025) [Bluray-1080p] {imdb-tt1493274}.leapfrog.json,written,Caught Stealing
title-only movie match,345,F:\MediaStack\data\media\movies\Chappie (2015)\Chappie (2015) [Bluray-1080p] {imdb-tt1823672}.mp4,1758,chappie,movie,imdb://tt1823672,F:\MediaStack\data\media\movies\Chappie (2015)\Chappie (2015) [Bluray-1080p] {imdb-tt1823672}.leapfrog.json,written,Chappie
title-only movie match,109,F:\MediaStack\data\media\movies\Charade (1963)\Charade (1963) [Bluray-1080p] {imdb-tt0056923}.mp4,3823,charade-2,movie,imdb://tt0056923,F:\MediaStack\data\media\movies\Charade (1963)\Charade (1963) [Bluray-1080p] {imdb-tt0056923}.leapfrog.json,written,Charade
title-only movie match,213,F:\MediaStack\data\media\movies\Charlie Wilson's War (2007)\Charlie Wilsons War (2007) [Bluray-1080p] {imdb-tt0472062}.mkv,2334,charlie-wilsons-war,movie,imdb://tt0472062,F:\MediaStack\data\media\movies\Charlie Wilson's War (2007)\Charlie Wilsons War (2007) [Bluray-1080p] {imdb-tt0472062}.leapfrog.json,written,Charlie Wilson's War
title-only movie match,339,F:\MediaStack\data\media\movies\Charlie's Angels - Full Throttle (2003)\Charlies Angels Full Throttle (2003) [Bluray-1080p] {imdb-tt0305357}.mkv,660233,charlies-angels-full-throttle,movie,imdb://tt0305357,F:\MediaStack\data\media\movies\Charlie's Angels - Full Throttle (2003)\Charlies Angels Full Throttle (2003) [Bluray-1080p] {imdb-tt0305357}.leapfrog.json,written,Charlie's Angels: Full Throttle
title-only movie match,233,F:\MediaStack\data\media\movies\The Cabin in the Woods (2012)\The Cabin in the Woods (2012) [Bluray-1080p] {imdb-tt1259521}.mp4,2153,the-cabin-in-the-woods,movie,imdb://tt1259521,F:\MediaStack\data\media\movies\The Cabin in the Woods (2012)\The Cabin in the Woods (2012) [Bluray-1080p] {imdb-tt1259521}.leapfrog.json,written,The Cabin in the Woods
title-only movie match,149,F:\MediaStack\data\media\movies\The Call (2013)\The Call (2013) [Bluray-1080p] {imdb-tt1911644}.mp4,1438,the-call-2013,movie,imdb://tt1911644,F:\MediaStack\data\media\movies\The Call (2013)\The Call (2013) [Bluray-1080p] {imdb-tt1911644}.leapfrog.json,written,The Call
title-only movie match,95,F:\MediaStack\data\media\movies\Captain Phillips (2013)\Captain Phillips (2013) [Bluray-1080p] {imdb-tt1535109}.mkv,1338,captain-phillips,movie,imdb://tt1535109,F:\MediaStack\data\media\movies\Captain Phillips (2013)\Captain Phillips (2013) [Bluray-1080p] {imdb-tt1535109}.leapfrog.json,written,Captain Phillips
title-only movie match,130,F:\MediaStack\data\media\movies\Captain Underpants - The First Epic Movie (2017)\Captain Underpants The First Epic Movie (2017) [Bluray-1080p] {imdb-tt2091256}.mkv,136597,captain-underpants-the-first-epic-movie,movie,imdb://tt2091256,F:\MediaStack\data\media\movies\Captain Underpants - The First Epic Movie (2017)\Captain Underpants The First Epic Movie (2017) [Bluray-1080p] {imdb-tt2091256}.leapfrog.json,written,Captain Underpants: The First Epic Movie
title-only movie match,117,F:\MediaStack\data\media\movies\Bruce Almighty (2003)\Bruce Almighty (2003) [Bluray-1080p] {imdb-tt0315327}.mkv,1358,bruce-almighty,movie,imdb://tt0315327,F:\MediaStack\data\media\movies\Bruce Almighty (2003)\Bruce Almighty (2003) [Bluray-1080p] {imdb-tt0315327}.leapfrog.json,written,Bruce Almighty
title-only movie match,466,F:\MediaStack\data\media\movies\Bullet Train (2022)\Bullet Train (2022) [Bluray-1080p] {imdb-tt12593682}.mkv,691820,bullet-train,movie,imdb://tt12593682,F:\MediaStack\data\media\movies\Bullet Train (2022)\Bullet Train (2022) [Bluray-1080p] {imdb-tt12593682}.leapfrog.json,written,Bullet Train
title-only movie match,161,F:\MediaStack\data\media\movies\Bumblebee (2018)\Bumblebee (2018) [Bluray-1080p] {imdb-tt4701182}.mp4,671707,bumblebee,movie,imdb://tt4701182,F:\MediaStack\data\media\movies\Bumblebee (2018)\Bumblebee (2018) [Bluray-1080p] {imdb-tt4701182}.leapfrog.json,written,Bumblebee
title-only movie match,224,F:\MediaStack\data\media\movies\The Butler (2013)\The Butler (2013) [Bluray-1080p] {imdb-tt1327773}.mkv,1483,lee-daniels-the-butler,movie,imdb://tt1327773,F:\MediaStack\data\media\movies\The Butler (2013)\The Butler (2013) [Bluray-1080p] {imdb-tt1327773}.leapfrog.json,written,The Butler
title-only movie match,129,F:\MediaStack\data\media\movies\The Bourne Identity (2002)\The Bourne Identity (2002) [Bluray-1080p] {imdb-tt0258463}.mkv,1236,the-bourne-identity,movie,imdb://tt0258463,F:\MediaStack\data\media\movies\The Bourne Identity (2002)\The Bourne Identity (2002) [Bluray-1080p] {imdb-tt0258463}.leapfrog.json,written,The Bourne Identity
title-only movie match,66,F:\MediaStack\data\media\movies\The Bourne Supremacy (2004)\The Bourne Supremacy (2004) [Bluray-1080p] {imdb-tt0372183}.mkv,1263,the-bourne-supremacy,movie,imdb://tt0372183,F:\MediaStack\data\media\movies\The Bourne Supremacy (2004)\The Bourne Supremacy (2004) [Bluray-1080p] {imdb-tt0372183}.leapfrog.json,written,The Bourne Supremacy
title-only movie match,83,F:\MediaStack\data\media\movies\The Bourne Ultimatum (2007)\The Bourne Ultimatum (2007) [Bluray-1080p] {imdb-tt0440963}.mkv,1265,the-bourne-ultimatum,movie,imdb://tt0440963,F:\MediaStack\data\media\movies\The Bourne Ultimatum (2007)\The Bourne Ultimatum (2007) [Bluray-1080p] {imdb-tt0440963}.leapfrog.json,written,The Bourne Ultimatum
title-only movie match,67,F:\MediaStack\data\media\movies\The Boys in the Boat (2023)\The Boys in the Boat (2023) [Bluray-1080p] {imdb-tt1856080}.mkv,697145,the-boys-in-the-boat,movie,imdb://tt1856080,F:\MediaStack\data\media\movies\The Boys in the Boat (2023)\The Boys in the Boat (2023) [Bluray-1080p] {imdb-tt1856080}.leapfrog.json,written,The Boys in the Boat
title-only movie match,258,F:\MediaStack\data\media\movies\Bram Stoker's Dracula (1992)\Bram Stokers Dracula (1992) [WEBDL-1080p] {imdb-tt0103874}.mkv,3549,bram-stokers-dracula,movie,imdb://tt0103874,F:\MediaStack\data\media\movies\Bram Stoker's Dracula (1992)\Bram Stokers Dracula (1992) [WEBDL-1080p] {imdb-tt0103874}.leapfrog.json,written,Bram Stoker's Dracula
title-only movie match,120,F:\MediaStack\data\media\movies\Braveheart (1995)\Braveheart (1995) [Bluray-1080p] {imdb-tt0112573}.mkv,1422,braveheart,movie,imdb://tt0112573,F:\MediaStack\data\media\movies\Braveheart (1995)\Braveheart (1995) [Bluray-1080p] {imdb-tt0112573}.leapfrog.json,written,Braveheart
title-only movie match,185,F:\MediaStack\data\media\movies\Brazil (1985)\Brazil (1985) [Bluray-1080p] {imdb-tt0088846}.mkv,3600,brazil-1985,movie,imdb://tt0088846,F:\MediaStack\data\media\movies\Brazil (1985)\Brazil (1985) [Bluray-1080p] {imdb-tt0088846}.leapfrog.json,written,Brazil
title-only movie match,88,F:\MediaStack\data\media\movies\Breakfast at Tiffany's (1961)\Breakfast at Tiffany's (1961) [Bluray-1080p] {imdb-tt0054698}.mkv,2248,breakfast-at-tiffanys,movie,imdb://tt0054698,F:\MediaStack\data\media\movies\Breakfast at Tiffany's (1961)\Breakfast at Tiffany's (1961) [Bluray-1080p] {imdb-tt0054698}.leapfrog.json,written,Breakfast at Tiffany's
title-only movie match,179,F:\MediaStack\data\media\movies\The Breakfast Club (1985)\The Breakfast Club (1985) [Bluray-1080p] {imdb-tt0088847}.mp4,1250,the-breakfast-club,movie,imdb://tt0088847,F:\MediaStack\data\media\movies\The Breakfast Club (1985)\The Breakfast Club (1985) [Bluray-1080p] {imdb-tt0088847}.leapfrog.json,written,The Breakfast Club
title-only movie match,216,F:\MediaStack\data\media\movies\Blades of Glory (2007)\Blades of Glory (2007) [Bluray-1080p Proper] {imdb-tt0445934}.mp4,2115,blades-of-glory,movie,imdb://tt0445934,F:\MediaStack\data\media\movies\Blades of Glory (2007)\Blades of Glory (2007) [Bluray-1080p Proper] {imdb-tt0445934}.leapfrog.json,written,Blades of Glory
title-only movie match,184,F:\MediaStack\data\media\movies\The Bone Collector (1999)\The Bone Collector (1999) [Bluray-1080p] {imdb-tt0145681}.mkv,2020,the-bone-collector,movie,imdb://tt0145681,F:\MediaStack\data\media\movies\The Bone Collector (1999)\The Bone Collector (1999) [Bluray-1080p] {imdb-tt0145681}.leapfrog.json,written,The Bone Collector
title-only movie match,186,F:\MediaStack\data\media\movies\The Boss Baby (2017)\The Boss Baby (2017) [Bluray-1080p] {imdb-tt3874544}.mkv,153177,the-boss-baby,movie,imdb://tt3874544,F:\MediaStack\data\media\movies\The Boss Baby (2017)\The Boss Baby (2017) [Bluray-1080p] {imdb-tt3874544}.leapfrog.json,written,The Boss Baby
title-only movie match,95,F:\MediaStack\data\media\movies\The Boss Baby - Christmas Bonus (2022)\The Boss Baby Christmas Bonus (2022) [WEBRip-1080p] {imdb-tt23546646}.mkv,692471,the-boss-baby-christmas-bonus,movie,imdb://tt23546646,F:\MediaStack\data\media\movies\The Boss Baby - Christmas Bonus (2022)\The Boss Baby Christmas Bonus (2022) [WEBRip-1080p] {imdb-tt23546646}.leapfrog.json,written,The Boss Baby: Christmas Bonus
title-only movie match,249,F:\MediaStack\data\media\movies\Beverly Hills Cop (1984)\Beverly Hills Cop (1984) [Bluray-1080p] {imdb-tt0086960}.mp4,2088,beverly-hills-cop,movie,imdb://tt0086960,F:\MediaStack\data\media\movies\Beverly Hills Cop (1984)\Beverly Hills Cop (1984) [Bluray-1080p] {imdb-tt0086960}.leapfrog.json,written,Beverly Hills Cop
title-only movie match,308,F:\MediaStack\data\media\movies\Beverly Hills Cop II (1987)\Beverly Hills Cop II (1987) [WEBDL-1080p] {imdb-tt0092644}.mkv,1117,beverly-hills-cop-ii,movie,imdb://tt0092644,F:\MediaStack\data\media\movies\Beverly Hills Cop II (1987)\Beverly Hills Cop II (1987) [WEBDL-1080p] {imdb-tt0092644}.leapfrog.json,written,Beverly Hills Cop II
title-only movie match,189,F:\MediaStack\data\media\movies\Beverly Hills Cop III (1994)\Beverly Hills Cop III (1994) [WEBDL-1080p] {imdb-tt0109254}.mkv,2150,beverly-hills-cop-iii,movie,imdb://tt0109254,F:\MediaStack\data\media\movies\Beverly Hills Cop III (1994)\Beverly Hills Cop III (1994) [WEBDL-1080p] {imdb-tt0109254}.leapfrog.json,written,Beverly Hills Cop III
title-only movie match,435,F:\MediaStack\data\media\movies\Beverly Hills Cop - Axel F (2024)\Beverly Hills Cop Axel F (2024) [WEBDL-1080p] {imdb-tt3083016}.mkv,698313,beverly-hills-cop-axel-f,movie,imdb://tt3083016,F:\MediaStack\data\media\movies\Beverly Hills Cop - Axel F (2024)\Beverly Hills Cop Axel F (2024) [WEBDL-1080p] {imdb-tt3083016}.leapfrog.json,written,Beverly Hills Cop: Axel F
title-only movie match,139,F:\MediaStack\data\media\movies\Beverly Hills Ninja (1997)\Beverly Hills Ninja (1997) [WEBRip-1080p] {imdb-tt0118708}.mp4,3446,beverly-hills-ninja,movie,imdb://tt0118708,F:\MediaStack\data\media\movies\Beverly Hills Ninja (1997)\Beverly Hills Ninja (1997) [WEBRip-1080p] {imdb-tt0118708}.leapfrog.json,written,Beverly Hills Ninja
title-only movie match,63,F:\MediaStack\data\media\movies\Bewitched (2005)\Bewitched (2005) [WEBDL-1080p] {imdb-tt0374536}.mkv,1551,bewitched,movie,imdb://tt0374536,F:\MediaStack\data\media\movies\Bewitched (2005)\Bewitched (2005) [WEBDL-1080p] {imdb-tt0374536}.leapfrog.json,written,Bewitched
title-only movie match,224,F:\MediaStack\data\media\movies\Big Daddy (1999)\Big Daddy (1999) [Bluray-1080p] {imdb-tt0142342}.mkv,8365,big-daddy,movie,imdb://tt0142342,F:\MediaStack\data\media\movies\Big Daddy (1999)\Big Daddy (1999) [Bluray-1080p] {imdb-tt0142342}.leapfrog.json,written,Big Daddy
title-only movie match,121,F:\MediaStack\data\media\movies\Big Eyes (2014)\Big Eyes (2014) [Bluray-1080p] {imdb-tt1126590}.mp4,1710,big-eyes,movie,imdb://tt1126590,F:\MediaStack\data\media\movies\Big Eyes (2014)\Big Eyes (2014) [Bluray-1080p] {imdb-tt1126590}.leapfrog.json,written,Big Eyes
title-only movie match,101,F:\MediaStack\data\media\movies\Big Fish (2003)\Big Fish (2003) [Bluray-1080p] {imdb-tt0319061}.mp4,2610,big-fish,movie,imdb://tt0319061,F:\MediaStack\data\media\movies\Big Fish (2003)\Big Fish (2003) [Bluray-1080p] {imdb-tt0319061}.leapfrog.json,written,Big Fish
title-only movie match,260,F:\MediaStack\data\media\movies\The Big Short (2015)\The Big Short (2015) [Bluray-1080p] {imdb-tt1596363}.mkv,2615,the-big-short,movie,imdb://tt1596363,F:\MediaStack\data\media\movies\The Big Short (2015)\The Big Short (2015) [Bluray-1080p] {imdb-tt1596363}.leapfrog.json,written,The Big Short
title-only movie match,178,F:\MediaStack\data\media\movies\Billy Elliot (2000)\Billy Elliot (2000) [Bluray-1080p] {imdb-tt0249462}.mp4,3025,billy-elliot,movie,imdb://tt0249462,F:\MediaStack\data\media\movies\Billy Elliot (2000)\Billy Elliot (2000) [Bluray-1080p] {imdb-tt0249462}.leapfrog.json,written,Billy Elliot
title-only movie match,145,F:\MediaStack\data\media\movies\Billy Madison (1995)\Billy Madison (1995) [Bluray-1080p Proper] {imdb-tt0112508}.mkv,2038,billy-madison,movie,imdb://tt0112508,F:\MediaStack\data\media\movies\Billy Madison (1995)\Billy Madison (1995) [Bluray-1080p Proper] {imdb-tt0112508}.leapfrog.json,written,Billy Madison
title-only movie match,262,F:\MediaStack\data\media\movies\Black Hawk Down (2001)\Black Hawk Down (2001) [Bluray-1080p] {imdb-tt0265086}.mkv,1930,black-hawk-down,movie,imdb://tt0265086,F:\MediaStack\data\media\movies\Black Hawk Down (2001)\Black Hawk Down (2001) [Bluray-1080p] {imdb-tt0265086}.leapfrog.json,written,Black Hawk Down
title-only movie match,189,F:\MediaStack\data\media\movies\The Benchwarmers (2006)\The Benchwarmers (2006) [Bluray-1080p] {imdb-tt0437863}.mkv,3091,the-benchwarmers,movie,imdb://tt0437863,F:\MediaStack\data\media\movies\The Benchwarmers (2006)\The Benchwarmers (2006) [Bluray-1080p] {imdb-tt0437863}.leapfrog.json,written,The Benchwarmers
title-only movie match,149,F:\MediaStack\data\media\movies\The Bad Guys 2 (2025)\The Bad Guys 2 (2025) [Bluray-1080p] {imdb-tt30017619}.mkv,703309,the-bad-guys-2,movie,imdb://tt30017619,F:\MediaStack\data\media\movies\The Bad Guys 2 (2025)\The Bad Guys 2 (2025) [Bluray-1080p] {imdb-tt30017619}.leapfrog.json,written,The Bad Guys 2
title-only movie match,29,F:\MediaStack\data\media\movies\The Bad Guys - A Very Bad Holiday (2023)\The Bad Guys A Very Bad Holiday (2023) [WEBDL-1080p] {imdb-tt28863512}.mkv,696277,the-bad-guys-a-very-bad-holiday,movie,imdb://tt28863512,F:\MediaStack\data\media\movies\The Bad Guys - A Very Bad Holiday (2023)\The Bad Guys A Very Bad Holiday (2023) [WEBDL-1080p] {imdb-tt28863512}.leapfrog.json,written,The Bad Guys: A Very Bad Holiday
title-only movie match,40,F:\MediaStack\data\media\movies\A Beautiful Day in the Neighborhood (2019)\A Beautiful Day in the Neighborhood (2019) [Bluray-1080p] {imdb-tt3224458}.mkv,677338,a-beautiful-day-in-the-neighborhood,movie,imdb://tt3224458,F:\MediaStack\data\media\movies\A Beautiful Day in the Neighborhood (2019)\A Beautiful Day in the Neighborhood (2019) [Bluray-1080p] {imdb-tt3224458}.leapfrog.json,written,A Beautiful Day in the Neighborhood
title-only movie match,76,F:\MediaStack\data\media\movies\Babe (1995)\Babe (1995) [Bluray-1080p Proper] {imdb-tt0112431}.mp4,2394,babe,movie,imdb://tt0112431,F:\MediaStack\data\media\movies\Babe (1995)\Babe (1995) [Bluray-1080p Proper] {imdb-tt0112431}.leapfrog.json,written,Babe
title-only movie match,256,F:\MediaStack\data\media\movies\Baby Driver (2017)\Baby Driver (2017) [Bluray-1080p] {imdb-tt3890160}.mkv,176569,baby-driver,movie,imdb://tt3890160,F:\MediaStack\data\media\movies\Baby Driver (2017)\Baby Driver (2017) [Bluray-1080p] {imdb-tt3890160}.leapfrog.json,written,Baby Driver
title-only movie match,219,F:\MediaStack\data\media\movies\Back to the Future (1985)\Back to the Future (1985) [Bluray-1080p] {imdb-tt0088763}.mp4,1564,back-to-the-future,movie,plex://movie/5d7768244de0ee001fcc7fed,F:\MediaStack\data\media\movies\Back to the Future (1985)\Back to the Future (1985) [Bluray-1080p] {imdb-tt0088763}.leapfrog.json,written,Back to the Future
title-only movie match,185,F:\MediaStack\data\media\movies\Back to the Future Part II (1989)\Back to the Future Part II (1989) [Remux-1080p] {imdb-tt0096874}.mkv,1560,back-to-the-future-2,movie,imdb://tt0096874,F:\MediaStack\data\media\movies\Back to the Future Part II (1989)\Back to the Future Part II (1989) [Remux-1080p] {imdb-tt0096874}.leapfrog.json,written,Back to the Future Part II
title-only movie match,95,F:\MediaStack\data\media\movies\Back to the Future Part III (1990)\Back to the Future Part III (1990) [Bluray-1080p] {imdb-tt0099088}.mkv,1563,back-to-the-future-3,movie,imdb://tt0099088,F:\MediaStack\data\media\movies\Back to the Future Part III (1990)\Back to the Future Part III (1990) [Bluray-1080p] {imdb-tt0099088}.leapfrog.json,written,Back to the Future Part III
title-only movie match,499,F:\MediaStack\data\media\movies\Bad Boys for Life (2020)\Bad Boys for Life (2020) [Bluray-1080p] {imdb-tt1502397}.mkv,677013,bad-boys-for-life,movie,imdb://tt1502397,F:\MediaStack\data\media\movies\Bad Boys for Life (2020)\Bad Boys for Life (2020) [Bluray-1080p] {imdb-tt1502397}.leapfrog.json,written,Bad Boys for Life
title-only movie match,670,F:\MediaStack\data\media\movies\Bad Boys II (2003)\Bad Boys II (2003) [Bluray-1080p] {imdb-tt0172156}.mkv,1101,bad-boys-ii,movie,imdb://tt0172156,F:\MediaStack\data\media\movies\Bad Boys II (2003)\Bad Boys II (2003) [Bluray-1080p] {imdb-tt0172156}.leapfrog.json,written,Bad Boys II
title-only movie match,460,F:\MediaStack\data\media\movies\Bad Boys - Ride or Die (2024)\Bad Boys Ride or Die (2024) [Bluray-1080p] {imdb-tt4919268}.mp4,698701,bad-boys-ride-or-die,movie,imdb://tt4919268,F:\MediaStack\data\media\movies\Bad Boys - Ride or Die (2024)\Bad Boys Ride or Die (2024) [Bluray-1080p] {imdb-tt4919268}.leapfrog.json,written,Bad Boys: Ride or Die
title-only movie match,145,F:\MediaStack\data\media\movies\The Bad Guys (2022)\The Bad Guys (2022) [Bluray-1080p] {imdb-tt8115900}.mkv,692165,the-bad-guys,movie,imdb://tt8115900,F:\MediaStack\data\media\movies\The Bad Guys (2022)\The Bad Guys (2022) [Bluray-1080p] {imdb-tt8115900}.leapfrog.json,written,The Bad Guys
title-only movie match,452,F:\MediaStack\data\media\movies\Apocalypse Now (1979)\Apocalypse Now (1979) [Bluray-1080p Proper] {imdb-tt0078788}.mp4,2077,apocalypse-now,movie,imdb://tt0078788,F:\MediaStack\data\media\movies\Apocalypse Now (1979)\Apocalypse Now (1979) [Bluray-1080p Proper] {imdb-tt0078788}.leapfrog.json,written,Apocalypse Now
title-only movie match,186,F:\MediaStack\data\media\movies\Are We There Yet! (2005)\Are We There Yet (2005) [Bluray-1080p] {imdb-tt0368578}.mp4,1636,are-we-there-yet,movie,imdb://tt0368578,F:\MediaStack\data\media\movies\Are We There Yet! (2005)\Are We There Yet (2005) [Bluray-1080p] {imdb-tt0368578}.leapfrog.json,written,Are We There Yet?
title-only movie match,231,F:\MediaStack\data\media\movies\Army of Darkness (1992)\Army of Darkness (1992) [Bluray-1080p] {imdb-tt0106308}.mkv,3377,army-of-darkness,movie,imdb://tt0106308,F:\MediaStack\data\media\movies\Army of Darkness (1992)\Army of Darkness (1992) [Bluray-1080p] {imdb-tt0106308}.leapfrog.json,written,Army of Darkness
title-only movie match,22,F:\MediaStack\data\media\movies\Arrival (2016)\Arrival (2016) [Bluray-1080p] {imdb-tt2543164}.mkv,171390,arrival,movie,imdb://tt2543164,F:\MediaStack\data\media\movies\Arrival (2016)\Arrival (2016) [Bluray-1080p] {imdb-tt2543164}.leapfrog.json,written,Arrival
title-only movie match,80,F:\MediaStack\data\media\movies\Arthur Christmas (2011)\Arthur Christmas (2011) [Bluray-1080p] {imdb-tt1430607}.mkv,2311,arthur-christmas,movie,imdb://tt1430607,F:\MediaStack\data\media\movies\Arthur Christmas (2011)\Arthur Christmas (2011) [Bluray-1080p] {imdb-tt1430607}.leapfrog.json,written,Arthur Christmas
title-only movie match,159,F:\MediaStack\data\media\movies\Asteroid City (2023)\Asteroid City (2023) [Bluray-1080P] {Imdb-Tt14230388}.Clean.mp4,695548,asteroid-city,movie,local://25185,F:\MediaStack\data\media\movies\Asteroid City (2023)\Asteroid City (2023) [Bluray-1080P] {Imdb-Tt14230388}.Clean.leapfrog.json,written,Asteroid City
title-only movie match,112,F:\MediaStack\data\media\movies\Atonement (2007)\Atonement (2007) [Bluray-1080p] {imdb-tt0783233}.mp4,1754,atonement,movie,imdb://tt0783233,F:\MediaStack\data\media\movies\Atonement (2007)\Atonement (2007) [Bluray-1080p] {imdb-tt0783233}.leapfrog.json,written,Atonement
title-only movie match,113,F:\MediaStack\data\media\movies\Amistad (1997)\Amistad (1997) [Bluray-1080p] {imdb-tt0118607}.mp4,3116,amistad,movie,imdb://tt0118607,F:\MediaStack\data\media\movies\Amistad (1997)\Amistad (1997) [Bluray-1080p] {imdb-tt0118607}.leapfrog.json,written,Amistad
title-only movie match,235,F:\MediaStack\data\media\movies\Anchorman 2 - The Legend Continues (2013)\Anchorman 2 The Legend Continues (2013) [Bluray-1080p] {imdb-tt1229340}.mp4,1061,anchorman-2-the-legend-continues,movie,imdb://tt1229340,F:\MediaStack\data\media\movies\Anchorman 2 - The Legend Continues (2013)\Anchorman 2 The Legend Continues (2013) [Bluray-1080p] {imdb-tt1229340}.leapfrog.json,written,Anchorman 2: The Legend Continues
title-only movie match,233,F:\MediaStack\data\media\movies\Anchorman - The Legend of Ron Burgundy (2004)\Anchorman The Legend of Ron Burgundy (2004) [Bluray-1080p] {imdb-tt0357413}.mkv,1496,anchorman-the-legend-of-ron-burgundy,movie,imdb://tt0357413,F:\MediaStack\data\media\movies\Anchorman - The Legend of Ron Burgundy (2004)\Anchorman The Legend of Ron Burgundy (2004) [Bluray-1080p] {imdb-tt0357413}.leapfrog.json,written,Anchorman: The Legend of Ron Burgundy
title-only movie match,239,F:\MediaStack\data\media\movies\Angel Has Fallen (2019)\Angel Has Fallen (2019) [WEBDL-1080p] {imdb-tt6189022}.mkv,675075,angel-has-fallen,movie,imdb://tt6189022,F:\MediaStack\data\media\movies\Angel Has Fallen (2019)\Angel Has Fallen (2019) [WEBDL-1080p] {imdb-tt6189022}.leapfrog.json,written,Angel Has Fallen
title-only movie match,281,F:\MediaStack\data\media\movies\Anger Management (2003)\Anger Management (2003) [Bluray-1080p] {imdb-tt0305224}.mkv,2609,anger-management,movie,imdb://tt0305224,F:\MediaStack\data\media\movies\Anger Management (2003)\Anger Management (2003) [Bluray-1080p] {imdb-tt0305224}.leapfrog.json,written,Anger Management
title-only movie match,192,F:\MediaStack\data\media\movies\The Angry Birds Movie (2016)\The Angry Birds Movie (2016) [Bluray-1080p] {imdb-tt1985949}.mkv,3571,the-angry-birds-movie,movie,imdb://tt1985949,F:\MediaStack\data\media\movies\The Angry Birds Movie (2016)\The Angry Birds Movie (2016) [Bluray-1080p] {imdb-tt1985949}.leapfrog.json,written,The Angry Birds Movie
title-only movie match,202,F:\MediaStack\data\media\movies\The Angry Birds Movie 2 (2019)\The Angry Birds Movie 2 (2019) [Bluray-1080p] {imdb-tt6095472}.mkv,675105,the-angry-birds-movie-2,movie,imdb://tt6095472,F:\MediaStack\data\media\movies\The Angry Birds Movie 2 (2019)\The Angry Birds Movie 2 (2019) [Bluray-1080p] {imdb-tt6095472}.leapfrog.json,written,The Angry Birds Movie 2
title-only movie match,175,F:\MediaStack\data\media\movies\Annihilation (2018)\Annihilation (2018) [Bluray-1080p] {imdb-tt2798920}.mkv,660952,annihilation,movie,imdb://tt2798920,F:\MediaStack\data\media\movies\Annihilation (2018)\Annihilation (2018) [Bluray-1080p] {imdb-tt2798920}.leapfrog.json,written,Annihilation
title-only movie match,184,F:\MediaStack\data\media\movies\All Quiet on the Western Front (1930)\All Quiet on the Western Front (1930) [Bluray-1080p] {imdb-tt0020629}.mkv,692099,all-quiet-on-the-western-front-a4779,movie,imdb://tt0020629,F:\MediaStack\data\media\movies\All Quiet on the Western Front (1930)\All Quiet on the Western Front (1930) [Bluray-1080p] {imdb-tt0020629}.leapfrog.json,written,All Quiet on the Western Front
title-only movie match,184,F:\MediaStack\data\media\movies\All Quiet on the Western Front (2022)\All Quiet on the Western Front (2022) [Bluray-1080p] {imdb-tt1016150}.mp4,692099,all-quiet-on-the-western-front-a4779,movie,imdb://tt1016150,F:\MediaStack\data\media\movies\All Quiet on the Western Front (2022)\All Quiet on the Western Front (2022) [Bluray-1080p] {imdb-tt1016150}.leapfrog.json,written,All Quiet on the Western Front
title-only movie match,123,F:\MediaStack\data\media\movies\All the Money in the World (2017)\All the Money in the World (2017) [Bluray-1080p] {imdb-tt5294550}.mkv,656598,all-the-money-in-the-world,movie,imdb://tt5294550,F:\MediaStack\data\media\movies\All the Money in the World (2017)\All the Money in the World (2017) [Bluray-1080p] {imdb-tt5294550}.leapfrog.json,written,All the Money in the World
title-only movie match,69,F:\MediaStack\data\media\movies\Along Came a Spider (2001)\Along Came a Spider (2001) [Bluray-1080p] {imdb-tt0164334}.mp4,5894,along-came-a-spider,movie,imdb://tt0164334,F:\MediaStack\data\media\movies\Along Came a Spider (2001)\Along Came a Spider (2001) [Bluray-1080p] {imdb-tt0164334}.leapfrog.json,written,Along Came a Spider
title-only movie match,228,F:\MediaStack\data\media\movies\Along Came Polly (2004)\Along Came Polly (2004) [WEBDL-1080p] {imdb-tt0343135}.mkv,2260,along-came-polly,movie,imdb://tt0343135,F:\MediaStack\data\media\movies\Along Came Polly (2004)\Along Came Polly (2004) [WEBDL-1080p] {imdb-tt0343135}.leapfrog.json,written,Along Came Polly
title-only movie match,59,F:\MediaStack\data\media\movies\Alpha (2018)\Alpha (2018) [Bluray-1080p] {imdb-tt4244998}.mp4,670320,alpha,movie,imdb://tt4244998,F:\MediaStack\data\media\movies\Alpha (2018)\Alpha (2018) [Bluray-1080p] {imdb-tt4244998}.leapfrog.json,written,Alpha
title-only movie match,116,F:\MediaStack\data\media\movies\The Amazing Spider-Man (2012)\The Amazing Spider-Man (2012) [Bluray-1080p] {imdb-tt0948470}.mkv,1420,the-amazing-spider-man,movie,imdb://tt0948470,F:\MediaStack\data\media\movies\The Amazing Spider-Man (2012)\The Amazing Spider-Man (2012) [Bluray-1080p] {imdb-tt0948470}.leapfrog.json,written,The Amazing Spider-Man
title-only movie match,112,F:\MediaStack\data\media\movies\The Amazing Spider-Man 2 (2014)\The Amazing Spider-Man 2 (2014) [Bluray-1080p] {imdb-tt1872181}.mkv,1188,the-amazing-spider-man-2,movie,imdb://tt1872181,F:\MediaStack\data\media\movies\The Amazing Spider-Man 2 (2014)\The Amazing Spider-Man 2 (2014) [Bluray-1080p] {imdb-tt1872181}.leapfrog.json,written,The Amazing Spider-Man 2
title-only movie match,283,F:\MediaStack\data\media\movies\American Graffiti (1973)\American Graffiti (1973) [WEBRip-1080p] {imdb-tt0069704}.mp4,1034,american-graffiti,movie,imdb://tt0069704,F:\MediaStack\data\media\movies\American Graffiti (1973)\American Graffiti (1973) [WEBRip-1080p] {imdb-tt0069704}.leapfrog.json,written,American Graffiti
title-only movie match,377,F:\MediaStack\data\media\movies\American Hustle (2013)\American Hustle (2013) [Bluray-1080p] {imdb-tt1800241}.mp4,1065,american-hustle,movie,imdb://tt1800241,F:\MediaStack\data\media\movies\American Hustle (2013)\American Hustle (2013) [Bluray-1080p] {imdb-tt1800241}.leapfrog.json,written,American Hustle
title-only movie match,155,F:\MediaStack\data\media\movies\American Psycho (2000)\American Psycho (2000) [Bluray-1080p] {imdb-tt0144084}.mkv,1057,american-psycho,movie,imdb://tt0144084,F:\MediaStack\data\media\movies\American Psycho (2000)\American Psycho (2000) [Bluray-1080p] {imdb-tt0144084}.leapfrog.json,written,American Psycho
title-only movie match,194,F:\MediaStack\data\media\movies\Airplane II - The Sequel (1982)\Airplane II The Sequel (1982) [Bluray-1080P] {Imdb-Tt0083530}.Clean.mp4,1022,airplane-ii-the-sequel,movie,local://25186,F:\MediaStack\data\media\movies\Airplane II - The Sequel (1982)\Airplane II The Sequel (1982) [Bluray-1080P] {Imdb-Tt0083530}.Clean.leapfrog.json,written,Airplane II the Sequel
title-only movie match,172,F:\MediaStack\data\media\movies\Airplane! (1980)\Airplane! (1980) [Bluray-1080P] {Imdb-Tt0080339}.Clean.mp4,2359,airplane,movie,local://25075,F:\MediaStack\data\media\movies\Airplane! (1980)\Airplane! (1980) [Bluray-1080P] {Imdb-Tt0080339}.Clean.leapfrog.json,written,Airplane!
title-only movie match,68,F:\MediaStack\data\media\movies\Akeelah and the Bee (2006)\Akeelah and the Bee (2006) [WEBDL-1080p] {imdb-tt0437800}.mkv,11268,akeelah-and-the-bee,movie,imdb://tt0437800,F:\MediaStack\data\media\movies\Akeelah and the Bee (2006)\Akeelah and the Bee (2006) [WEBDL-1080p] {imdb-tt0437800}.leapfrog.json,written,Akeelah and the Bee
title-only movie match,161,F:\MediaStack\data\media\movies\Ali (2001)\Ali (2001) [Bluray-1080p] {imdb-tt0248667}.mkv,3249,ali,movie,imdb://tt0248667,F:\MediaStack\data\media\movies\Ali (2001)\Ali (2001) [Bluray-1080p] {imdb-tt0248667}.leapfrog.json,written,Ali
title-only movie match,185,F:\MediaStack\data\media\movies\All Dogs Go to Heaven (1989)\All Dogs Go to Heaven (1989) [Bluray-1080p] {imdb-tt0096787}.mkv,3803,all-dogs-go-to-heaven,movie,imdb://tt0096787,F:\MediaStack\data\media\movies\All Dogs Go to Heaven (1989)\All Dogs Go to Heaven (1989) [Bluray-1080p] {imdb-tt0096787}.leapfrog.json,written,All Dogs Go to Heaven
title-only movie match,74,F:\MediaStack\data\media\movies\Abominable (2019)\Abominable (2019) [Bluray-1080p] {imdb-tt6324278}.mkv,675818,abominable-84a0e,movie,imdb://tt6324278,F:\MediaStack\data\media\movies\Abominable (2019)\Abominable (2019) [Bluray-1080p] {imdb-tt6324278}.leapfrog.json,written,Abominable
title-only movie match,188,F:\MediaStack\data\media\movies\About Time (2013)\About Time (2013) [Bluray-1080p] {imdb-tt2194499}.mkv,1308,about-time,movie,imdb://tt2194499,F:\MediaStack\data\media\movies\About Time (2013)\About Time (2013) [Bluray-1080p] {imdb-tt2194499}.leapfrog.json,written,About Time
title-only movie match,322,F:\MediaStack\data\media\movies\The Abyss (1989)\The Abyss (1989) [Bluray-1080P] {Imdb-Tt0096754}.Clean.mp4,700483,the-abyss-3f621,movie,local://25137,F:\MediaStack\data\media\movies\The Abyss (1989)\The Abyss (1989) [Bluray-1080P] {Imdb-Tt0096754}.Clean.leapfrog.json,written,The Abyss
title-only movie match,167,F:\MediaStack\data\media\movies\The Adam Project (2022)\The Adam Project (2022) [WEBDL-1080p] {imdb-tt2463208}.mkv,687871,the-adam-project,movie,imdb://tt2463208,F:\MediaStack\data\media\movies\The Adam Project (2022)\The Adam Project (2022) [WEBDL-1080p] {imdb-tt2463208}.leapfrog.json,written,The Adam Project
title-only movie match,72,F:\MediaStack\data\media\movies\The Addams Family (1991)\The Addams Family (1991) [Bluray-1080p] {imdb-tt0101272}.mkv,1553,the-addams-family,movie,imdb://tt0101272,F:\MediaStack\data\media\movies\The Addams Family (1991)\The Addams Family (1991) [Bluray-1080p] {imdb-tt0101272}.leapfrog.json,written,The Addams Family
title-only movie match,185,F:\MediaStack\data\media\movies\Addams Family Values (1993)\Addams Family Values (1993) [Bluray-1080p] {imdb-tt0106220}.mp4,2291,addams-family-values,movie,imdb://tt0106220,F:\MediaStack\data\media\movies\Addams Family Values (1993)\Addams Family Values (1993) [Bluray-1080p] {imdb-tt0106220}.leapfrog.json,written,Addams Family Values
title-only movie match,62,F:\MediaStack\data\media\movies\After Earth (2013)\After Earth (2013) [WEBDL-1080p] {imdb-tt1815862}.mkv,1286,after-earth,movie,imdb://tt1815862,F:\MediaStack\data\media\movies\After Earth (2013)\After Earth (2013) [WEBDL-1080p] {imdb-tt1815862}.leapfrog.json,written,After Earth
title-only movie match,52,F:\MediaStack\data\media\movies\The Age of Adaline (2015)\The Age of Adaline (2015) [Bluray-1080p] {imdb-tt1655441}.mkv,2012,the-age-of-adaline,movie,imdb://tt1655441,F:\MediaStack\data\media\movies\The Age of Adaline (2015)\The Age of Adaline (2015) [Bluray-1080p] {imdb-tt1655441}.leapfrog.json,written,The Age of Adaline
title-only movie match,332,F:\MediaStack\data\media\movies\12 Strong (2018)\12 Strong (2018) [Bluray-1080p] {imdb-tt1413492}.mp4,223010,12-strong,movie,imdb://tt1413492,F:\MediaStack\data\media\movies\12 Strong (2018)\12 Strong (2018) [Bluray-1080p] {imdb-tt1413492}.leapfrog.json,written,12 Strong
title-only movie match,220,F:\MediaStack\data\media\movies\13 Going on 30 (2004)\13 Going on 30 (2004) [Bluray-1080p] {imdb-tt0337563}.mkv,2760,13-going-on-30,movie,imdb://tt0337563,F:\MediaStack\data\media\movies\13 Going on 30 (2004)\13 Going on 30 (2004) [Bluray-1080p] {imdb-tt0337563}.leapfrog.json,written,13 Going on 30
title-only movie match,177,F:\MediaStack\data\media\movies\21 (2008)\21 (2008) [Bluray-1080p] {imdb-tt0478087}.mp4,2373,21-2008,movie,imdb://tt0478087,F:\MediaStack\data\media\movies\21 (2008)\21 (2008) [Bluray-1080p] {imdb-tt0478087}.leapfrog.json,written,21
title-only movie match,629,F:\MediaStack\data\media\movies\21 Jump Street (2012)\21 Jump Street (2012) [Bluray-1080p] {imdb-tt1232829}.mkv,1768,21-jump-street-2012,movie,imdb://tt1232829,F:\MediaStack\data\media\movies\21 Jump Street (2012)\21 Jump Street (2012) [Bluray-1080p] {imdb-tt1232829}.leapfrog.json,written,21 Jump Street
title-only movie match,611,F:\MediaStack\data\media\movies\22 Jump Street (2014)\22 Jump Street (2014) [Bluray-1080p] {imdb-tt2294449}.mkv,1577,22-jump-street,movie,imdb://tt2294449,F:\MediaStack\data\media\movies\22 Jump Street (2014)\22 Jump Street (2014) [Bluray-1080p] {imdb-tt2294449}.leapfrog.json,written,22 Jump Street
title-only movie match,178,F:\MediaStack\data\media\movies\50 First Dates (2004)\50 First Dates (2004) [Bluray-1080p] {imdb-tt0343660}.mkv,1219,50-first-dates,movie,imdb://tt0343660,F:\MediaStack\data\media\movies\50 First Dates (2004)\50 First Dates (2004) [Bluray-1080p] {imdb-tt0343660}.leapfrog.json,written,50 First Dates
title-only movie match,148,F:\MediaStack\data\media\movies\1408 (2007)\1408 (2007) [Bluray-1080p] {imdb-tt0450385}.mkv,3594,room-1408,movie,imdb://tt0450385,F:\MediaStack\data\media\movies\1408 (2007)\1408 (2007) [Bluray-1080p] {imdb-tt0450385}.leapfrog.json,written,1408
title-only movie match,183,F:\MediaStack\data\media\movies\1917 (2019)\1917 (2019) [Bluray-1080p] {imdb-tt8579674}.mp4,677014,1917,movie,imdb://tt8579674,F:\MediaStack\data\media\movies\1917 (2019)\1917 (2019) [Bluray-1080p] {imdb-tt8579674}.leapfrog.json,written,1917
title-only movie match,140,F:\MediaStack\data\media\movies\2012 (2009)\2012 (2009) [Bluray-1080p] {imdb-tt1190080}.mkv,1366,2012-movie,movie,imdb://tt1190080,F:\MediaStack\data\media\movies\2012 (2009)\2012 (2009) [Bluray-1080p] {imdb-tt1190080}.leapfrog.json,written,2012
title-only movie match,219,F:\MediaStack\data\media\movies\The 'Burbs (1989)\The 'Burbs (1989) [Bluray-1080p] {imdb-tt0096734}.mp4,2841,the-burbs,movie,imdb://tt0096734,F:\MediaStack\data\media\movies\The 'Burbs (1989)\The 'Burbs (1989) [Bluray-1080p] {imdb-tt0096734}.leapfrog.json,written,The 'Burbs
title-only movie match,246,F:\MediaStack\data\media\movies\2 Fast 2 Furious (2003)\2 Fast 2 Furious (2003) [Bluray-1080p] {imdb-tt0322259}.mp4,1471,2-fast-2-furious,movie,imdb://tt0322259,F:\MediaStack\data\media\movies\2 Fast 2 Furious (2003)\2 Fast 2 Furious (2003) [Bluray-1080p] {imdb-tt0322259}.leapfrog.json,written,2 Fast 2 Furious
title-only movie match,178,F:\MediaStack\data\media\movies\2 Guns (2013)\2 Guns (2013) [Bluray-1080p] {imdb-tt1272878}.mkv,1028,2-guns,movie,imdb://tt1272878,F:\MediaStack\data\media\movies\2 Guns (2013)\2 Guns (2013) [Bluray-1080p] {imdb-tt1272878}.leapfrog.json,written,2 Guns
title-only movie match,146,F:\MediaStack\data\media\movies\10 Cloverfield Lane (2016)\10 Cloverfield Lane (2016) [Bluray-1080p] {imdb-tt1179933}.mp4,3238,10-cloverfield-lane,movie,imdb://tt1179933,F:\MediaStack\data\media\movies\10 Cloverfield Lane (2016)\10 Cloverfield Lane (2016) [Bluray-1080p] {imdb-tt1179933}.leapfrog.json,written,10 Cloverfield Lane
