plex_guid,file_path,media_type,title,status,detail,matched_media_id,matched_slug,sidecar_path,event_count
imdb://tt0088763,F:\MediaStack\data\media\movies\Back to the Future (1985)\Back to the Future (1985) [Bluray-1080p] {imdb-tt0088763}.mp4,movie,Back to the Future,written,title-only movie match,1564,back-to-the-future,F:\MediaStack\data\media\movies\Back to the Future (1985)\Back to the Future (1985) [Bluray-1080p] {imdb-tt0088763}.leapfrog.json,219
imdb://tt0443295,"F:\MediaStack\data\media\movies\Yours, Mine & Ours (2005)\Yours Mine and Ours (2005) [WEBDL-1080p] {imdb-tt0443295}.mkv",movie,"Yours, Mine & Ours",written,title-only movie match,3649,yours-mine-ours,"F:\MediaStack\data\media\movies\Yours, Mine & Ours (2005)\Yours Mine and Ours (2005) [WEBDL-1080p] {imdb-tt0443295}.leapfrog.json",181
imdb://tt0406375,F:\MediaStack\data\media\movies\Zathura - A Space Adventure (2005)\Zathura A Space Adventure (2005) [Bluray-1080p] {imdb-tt0406375}.mkv,movie,Zathura: A Space Adventure,written,title-only movie match,3276,zathura-a-space-adventure,F:\MediaStack\data\media\movies\Zathura - A Space Adventure (2005)\Zathura A Space Adventure (2005) [Bluray-1080p] {imdb-tt0406375}.leapfrog.json,127
imdb://tt1790885,F:\MediaStack\data\media\movies\Zero Dark Thirty (2012)\Zero Dark Thirty (2012) [Bluray-1080p Proper] {imdb-tt1790885}.mkv,movie,Zero Dark Thirty,written,title-only movie match,1523,zero-dark-thirty,F:\MediaStack\data\media\movies\Zero Dark Thirty (2012)\Zero Dark Thirty (2012) [Bluray-1080p Proper] {imdb-tt1790885}.leapfrog.json,134
imdb://tt1222817,F:\MediaStack\data\media\movies\Zookeeper (2011)\Zookeeper (2011) [Bluray-1080p] {imdb-tt1222817}.mkv,movie,Zookeeper,written,title-only movie match,1368,zookeeper,F:\MediaStack\data\media\movies\Zookeeper (2011)\Zookeeper (2011) [Bluray-1080p] {imdb-tt1222817}.leapfrog.json,146
imdb://tt1730768,F:\MediaStack\data\media\movies\The Zookeeper's Wife (2017)\The Zookeepers Wife (2017) [Bluray-1080p] {imdb-tt1730768}.mkv,movie,The Zookeeper's Wife,written,title-only movie match,148998,the-zookeepers-wife,F:\MediaStack\data\media\movies\The Zookeeper's Wife (2017)\The Zookeepers Wife (2017) [Bluray-1080p] {imdb-tt1730768}.leapfrog.json,78
imdb://tt0196229,F:\MediaStack\data\media\movies\Zoolander (2001)\Zoolander (2001) [Bluray-1080p] {imdb-tt0196229}.mp4,movie,Zoolander,written,title-only movie match,1232,zoolander,F:\MediaStack\data\media\movies\Zoolander (2001)\Zoolander (2001) [Bluray-1080p] {imdb-tt0196229}.leapfrog.json,151
imdb://tt1608290,F:\MediaStack\data\media\movies\Zoolander 2 (2016)\Zoolander 2 (2016) [Bluray-1080p] {imdb-tt1608290}.mkv,movie,Zoolander 2,written,title-only movie match,3076,zoolander-no-2-the-magnum-edition,F:\MediaStack\data\media\movies\Zoolander 2 (2016)\Zoolander 2 (2016) [Bluray-1080p] {imdb-tt1608290}.leapfrog.json,190
imdb://tt2543472,F:\MediaStack\data\media\movies\Wonder (2017)\Wonder (2017) [Bluray-720p] {imdb-tt2543472}.mkv,movie,Wonder,written,title-only movie match,212002,wonder,F:\MediaStack\data\media\movies\Wonder (2017)\Wonder (2017) [Bluray-720p] {imdb-tt2543472}.leapfrog.json,90
imdb://tt0143145,F:\MediaStack\data\media\movies\The World Is Not Enough (1999)\The World Is Not Enough (1999) [WEBDL-1080p] {imdb-tt0143145}.mkv,movie,The World Is Not Enough,written,title-only movie match,660406,the-world-is-not-enough,F:\MediaStack\data\media\movies\The World Is Not Enough (1999)\The World Is Not Enough (1999) [WEBDL-1080p] {imdb-tt0143145}.leapfrog.json,256
imdb://tt0816711,F:\MediaStack\data\media\movies\World War Z (2013)\World War Z (2013) [Bluray-1080p] {imdb-tt0816711}.mkv,movie,World War Z,written,title-only movie match,1008,world-war-z,F:\MediaStack\data\media\movies\World War Z (2013)\World War Z (2013) [Bluray-1080p] {imdb-tt0816711}.leapfrog.json,157
imdb://tt11083552,F:\MediaStack\data\media\movies\Wrath of Man (2021)\Wrath of Man (2021) [Bluray-1080p] {imdb-tt11083552}.mkv,movie,Wrath of Man,written,title-only movie match,691186,wrath-of-man,F:\MediaStack\data\media\movies\Wrath of Man (2021)\Wrath of Man (2021) [Bluray-1080p] {imdb-tt11083552}.leapfrog.json,365
imdb://tt0295701,F:\MediaStack\data\media\movies\xXx (2002)\xXx (2002) [Bluray-1080p] {imdb-tt0295701}.mkv,movie,xXx,written,title-only movie match,3776,xxx,F:\MediaStack\data\media\movies\xXx (2002)\xXx (2002) [Bluray-1080p] {imdb-tt0295701}.leapfrog.json,226
imdb://tt1293847,F:\MediaStack\data\media\movies\xXx - Return of Xander Cage (2017)\xXx Return of Xander Cage (2017) [Bluray-1080p] {imdb-tt1293847}.mkv,movie,xXx: Return of Xander Cage,written,title-only movie match,33515,xxx-return-of-xander-cage,F:\MediaStack\data\media\movies\xXx - Return of Xander Cage (2017)\xXx Return of Xander Cage (2017) [Bluray-1080p] {imdb-tt1293847}.leapfrog.json,347
imdb://tt8079248,F:\MediaStack\data\media\movies\Yesterday (2019)\Yesterday (2019) [Bluray-1080p] {imdb-tt8079248}.mkv,movie,Yesterday,written,title-only movie match,674723,yesterday,F:\MediaStack\data\media\movies\Yesterday (2019)\Yesterday (2019) [Bluray-1080p] {imdb-tt8079248}.leapfrog.json,132
imdb://tt19847976,F:\MediaStack\data\media\movies\Wicked - For Good (2025)\Wicked For Good (2025) [Bluray-1080p] {imdb-tt19847976}.mp4,movie,Wicked: For Good,written,title-only movie match,703970,wicked-for-good,F:\MediaStack\data\media\movies\Wicked - For Good (2025)\Wicked For Good (2025) [Bluray-1080p] {imdb-tt19847976}.leapfrog.json,106
imdb://tt29623480,F:\MediaStack\data\media\movies\The Wild Robot (2024)\The Wild Robot (2024) [Bluray-1080p] {imdb-tt29623480}.mkv,movie,The Wild Robot,written,title-only movie match,700464,the-wild-robot,F:\MediaStack\data\media\movies\The Wild Robot (2024)\The Wild Robot (2024) [Bluray-1080p] {imdb-tt29623480}.leapfrog.json,141
imdb://tt5562070,F:\MediaStack\data\media\movies\Wish Dragon (2021)\Wish Dragon (2021) [WEBDL-1080p] {imdb-tt5562070}.mkv,movie,Wish Dragon,written,title-only movie match,684067,wish-dragon,F:\MediaStack\data\media\movies\Wish Dragon (2021)\Wish Dragon (2021) [WEBDL-1080p] {imdb-tt5562070}.leapfrog.json,124
imdb://tt0090329,F:\MediaStack\data\media\movies\Witness (1985)\Witness (1985) [Bluray-1080p] {imdb-tt0090329}.mkv,movie,Witness,written,title-only movie match,2652,witness,F:\MediaStack\data\media\movies\Witness (1985)\Witness (1985) [Bluray-1080p] {imdb-tt0090329}.leapfrog.json,88
imdb://tt0207201,F:\MediaStack\data\media\movies\What Women Want (2000)\What Women Want (2000) [Bluray-1080p] {imdb-tt0207201}.mkv,movie,What Women Want,written,title-only movie match,3386,what-women-want,F:\MediaStack\data\media\movies\What Women Want (2000)\What Women Want (2000) [Bluray-1080p] {imdb-tt0207201}.leapfrog.json,235
imdb://tt0108550,F:\MediaStack\data\media\movies\What's Eating Gilbert Grape (1993)\Whats Eating Gilbert Grape (1993) [Bluray-1080p] {imdb-tt0108550}.mkv,movie,What's Eating Gilbert Grape,written,title-only movie match,3148,whats-eating-gilbert-grape,F:\MediaStack\data\media\movies\What's Eating Gilbert Grape (1993)\Whats Eating Gilbert Grape (1993) [Bluray-1080p] {imdb-tt0108550}.leapfrog.json,91
imdb://tt0080130,F:\MediaStack\data\media\movies\When a Stranger Calls (1979)\When a Stranger Calls (1979) [Bluray-1080p] {imdb-tt0080130}.mp4,movie,When a Stranger Calls,written,title-only movie match,3499,when-a-stranger-calls-2006,F:\MediaStack\data\media\movies\When a Stranger Calls (1979)\When a Stranger Calls (1979) [Bluray-1080p] {imdb-tt0080130}.leapfrog.json,86
imdb://tt0455857,F:\MediaStack\data\media\movies\When a Stranger Calls (2006)\When a Stranger Calls (2006) [Bluray-720p] {imdb-tt0455857}.mkv,movie,When a Stranger Calls,written,title-only movie match,3499,when-a-stranger-calls-2006,F:\MediaStack\data\media\movies\When a Stranger Calls (2006)\When a Stranger Calls (2006) [Bluray-720p] {imdb-tt0455857}.leapfrog.json,86
imdb://tt9411972,F:\MediaStack\data\media\movies\Where the Crawdads Sing (2022)\Where the Crawdads Sing (2022) [Bluray-1080p] {imdb-tt9411972}.mp4,movie,Where the Crawdads Sing,written,title-only movie match,691773,where-the-crawdads-sing,F:\MediaStack\data\media\movies\Where the Crawdads Sing (2022)\Where the Crawdads Sing (2022) [Bluray-1080p] {imdb-tt9411972}.leapfrog.json,87
imdb://tt3553442,F:\MediaStack\data\media\movies\Whiskey Tango Foxtrot (2016)\Whiskey Tango Foxtrot (2016) [Bluray-1080p] {imdb-tt3553442}.mkv,movie,Whiskey Tango Foxtrot,written,title-only movie match,3300,whiskey-tango-foxtrot,F:\MediaStack\data\media\movies\Whiskey Tango Foxtrot (2016)\Whiskey Tango Foxtrot (2016) [Bluray-1080p] {imdb-tt3553442}.leapfrog.json,337
imdb://tt2334879,F:\MediaStack\data\media\movies\White House Down (2013)\White House Down (2013) [Bluray-1080p] {imdb-tt2334879}.mp4,movie,White House Down,written,title-only movie match,1480,white-house-down,F:\MediaStack\data\media\movies\White House Down (2013)\White House Down (2013) [Bluray-1080p] {imdb-tt2334879}.leapfrog.json,166
imdb://tt0375210,F:\MediaStack\data\media\movies\White Noise (2005)\White Noise (2005) [Bluray-1080p] {imdb-tt0375210}.mp4,movie,White Noise,written,title-only movie match,692738,white-noise-d70c7,F:\MediaStack\data\media\movies\White Noise (2005)\White Noise (2005) [Bluray-1080p] {imdb-tt0375210}.leapfrog.json,93
imdb://tt1262426,F:\MediaStack\data\media\movies\Wicked (2024)\Wicked (2024) [Bluray-1080p] {imdb-tt1262426}.mkv,movie,Wicked,written,title-only movie match,700214,wicked-c5192,F:\MediaStack\data\media\movies\Wicked (2024)\Wicked (2024) [Bluray-1080p] {imdb-tt1262426}.leapfrog.json,104
imdb://tt1291584,F:\MediaStack\data\media\movies\Warrior (2011)\Warrior (2011) [Bluray-1080p] {imdb-tt1291584}.mp4,movie,Warrior,written,title-only movie match,2232,warrior,F:\MediaStack\data\media\movies\Warrior (2011)\Warrior (2011) [Bluray-1080p] {imdb-tt1291584}.leapfrog.json,218
imdb://tt0114898,F:\MediaStack\data\media\movies\Waterworld (1995)\Waterworld (1995) [Bluray-1080p] {imdb-tt0114898}.mp4,movie,Waterworld,written,title-only movie match,2899,waterworld,F:\MediaStack\data\media\movies\Waterworld (1995)\Waterworld (1995) [Bluray-1080p] {imdb-tt0114898}.leapfrog.json,244
imdb://tt0105793,F:\MediaStack\data\media\movies\Wayne's World (1992)\Waynes World (1992) [Bluray-1080p] {imdb-tt0105793}.mkv,movie,Wayne's World,written,title-only movie match,2230,waynes-world,F:\MediaStack\data\media\movies\Wayne's World (1992)\Waynes World (1992) [Bluray-1080p] {imdb-tt0105793}.leapfrog.json,160
imdb://tt0108525,F:\MediaStack\data\media\movies\Wayne's World 2 (1993)\Waynes World 2 (1993) [Bluray-1080p] {imdb-tt0108525}.mkv,movie,Wayne's World 2,written,title-only movie match,3792,waynes-world-2,F:\MediaStack\data\media\movies\Wayne's World 2 (1993)\Waynes World 2 (1993) [Bluray-1080p] {imdb-tt0108525}.leapfrog.json,238
imdb://tt0277434,F:\MediaStack\data\media\movies\We Were Soldiers (2002)\We Were Soldiers (2002) [Bluray-1080p] {imdb-tt0277434}.mkv,movie,We Were Soldiers,written,title-only movie match,1618,we-were-soldiers,F:\MediaStack\data\media\movies\We Were Soldiers (2002)\We Were Soldiers (2002) [Bluray-1080p] {imdb-tt0277434}.leapfrog.json,239
imdb://tt3289724,F:\MediaStack\data\media\movies\Welcome to Marwen (2018)\Welcome to Marwen (2018) [Bluray-1080p] {imdb-tt3289724}.mkv,movie,Welcome to Marwen,written,title-only movie match,672633,welcome-to-marwen,F:\MediaStack\data\media\movies\Welcome to Marwen (2018)\Welcome to Marwen (2018) [Bluray-1080p] {imdb-tt3289724}.leapfrog.json,178
imdb://tt0259711,F:\MediaStack\data\media\movies\Vanilla Sky (2001)\Vanilla Sky (2001) [Bluray-1080p Proper] {imdb-tt0259711}.mkv,movie,Vanilla Sky,written,title-only movie match,1833,vanilla-sky,F:\MediaStack\data\media\movies\Vanilla Sky (2001)\Vanilla Sky (2001) [Bluray-1080p Proper] {imdb-tt0259711}.leapfrog.json,128
imdb://tt1270797,F:\MediaStack\data\media\movies\Venom (2018)\Venom (2018) [Bluray-1080p] {imdb-tt1270797}.mp4,movie,Venom,written,title-only movie match,670817,venom,F:\MediaStack\data\media\movies\Venom (2018)\Venom (2018) [Bluray-1080p] {imdb-tt1270797}.leapfrog.json,199
imdb://tt7097896,F:\MediaStack\data\media\movies\Venom - Let There Be Carnage (2021)\Venom Let There Be Carnage (2021) [Bluray-1080p] {imdb-tt7097896}.mp4,movie,Venom: Let There Be Carnage,written,title-only movie match,691703,venom-let-there-be-carnage,F:\MediaStack\data\media\movies\Venom - Let There Be Carnage (2021)\Venom Let There Be Carnage (2021) [Bluray-1080p] {imdb-tt7097896}.leapfrog.json,166
imdb://tt16366836,F:\MediaStack\data\media\movies\Venom - The Last Dance (2024)\Venom The Last Dance (2024) [WEBDL-1080p Proper] {imdb-tt16366836}.mkv,movie,Venom: The Last Dance,written,title-only movie match,701662,venom-the-last-dance,F:\MediaStack\data\media\movies\Venom - The Last Dance (2024)\Venom The Last Dance (2024) [WEBDL-1080p Proper] {imdb-tt16366836}.leapfrog.json,202
imdb://tt0190865,F:\MediaStack\data\media\movies\Vertical Limit (2000)\Vertical Limit (2000) [Bluray-1080p] {imdb-tt0190865}.mp4,movie,Vertical Limit,written,title-only movie match,10082,vertical-limit,F:\MediaStack\data\media\movies\Vertical Limit (2000)\Vertical Limit (2000) [Bluray-1080p] {imdb-tt0190865}.leapfrog.json,149
imdb://tt6338498,F:\MediaStack\data\media\movies\Vivo (2021)\Vivo (2021) [WEBRip-1080p] {imdb-tt6338498}.mp4,movie,Vivo,written,title-only movie match,684259,vivo,F:\MediaStack\data\media\movies\Vivo (2021)\Vivo (2021) [WEBRip-1080p] {imdb-tt6338498}.leapfrog.json,73
imdb://tt1809398,F:\MediaStack\data\media\movies\Unbroken (2014)\Unbroken (2014) [Bluray-1080p] {imdb-tt1809398}.mp4,movie,Unbroken,written,title-only movie match,1688,unbroken,F:\MediaStack\data\media\movies\Unbroken (2014)\Unbroken (2014) [Bluray-1080p] {imdb-tt1809398}.leapfrog.json,123
imdb://tt1464335,F:\MediaStack\data\media\movies\Uncharted (2022)\Uncharted (2022) [Bluray-1080p] {imdb-tt1464335}.mkv,movie,Uncharted,written,title-only movie match,689402,uncharted,F:\MediaStack\data\media\movies\Uncharted (2022)\Uncharted (2022) [Bluray-1080p] {imdb-tt1464335}.leapfrog.json,194
imdb://tt0098554,F:\MediaStack\data\media\movies\Uncle Buck (1989)\Uncle Buck (1989) [Bluray-1080p] {imdb-tt0098554}.mkv,movie,Uncle Buck,written,title-only movie match,2730,uncle-buck,F:\MediaStack\data\media\movies\Uncle Buck (1989)\Uncle Buck (1989) [Bluray-1080p] {imdb-tt0098554}.leapfrog.json,225
imdb://tt7334528,F:\MediaStack\data\media\movies\Uncle Drew (2018)\Uncle Drew (2018) [Bluray-1080p] {imdb-tt7334528}.mp4,movie,Uncle Drew,written,title-only movie match,669784,uncle-drew,F:\MediaStack\data\media\movies\Uncle Drew (2018)\Uncle Drew (2018) [Bluray-1080p] {imdb-tt7334528}.leapfrog.json,151
imdb://tt0475276,F:\MediaStack\data\media\movies\United 93 (2006)\United 93 (2006) [Bluray-1080p] {imdb-tt0475276}.mkv,movie,United 93,written,title-only movie match,2993,united-93,F:\MediaStack\data\media\movies\United 93 (2006)\United 93 (2006) [Bluray-1080p] {imdb-tt0475276}.leapfrog.json,176
imdb://tt0477080,F:\MediaStack\data\media\movies\Unstoppable (2010)\Unstoppable (2010) [Bluray-1080p] {imdb-tt0477080}.mkv,movie,Unstoppable,written,title-only movie match,700376,unstoppable-c1739,F:\MediaStack\data\media\movies\Unstoppable (2010)\Unstoppable (2010) [Bluray-1080p] {imdb-tt0477080}.leapfrog.json,121
imdb://tt0094226,F:\MediaStack\data\media\movies\The Untouchables (1987)\The Untouchables (1987) [Bluray-1080p] {imdb-tt0094226}.mkv,movie,The Untouchables,written,title-only movie match,1047,the-untouchables,F:\MediaStack\data\media\movies\The Untouchables (1987)\The Untouchables (1987) [Bluray-1080p] {imdb-tt0094226}.leapfrog.json,145
imdb://tt1070874,F:\MediaStack\data\media\movies\The Trial of the Chicago 7 (2020)\The Trial of the Chicago 7 (2020) [WEBDL-1080p] {imdb-tt1070874}.mkv,movie,The Trial of the Chicago 7,written,title-only movie match,681451,the-trial-of-the-chicago-7,F:\MediaStack\data\media\movies\The Trial of the Chicago 7 (2020)\The Trial of the Chicago 7 (2020) [WEBDL-1080p] {imdb-tt1070874}.leapfrog.json,156
imdb://tt1679335,F:\MediaStack\data\media\movies\Trolls (2016)\Trolls (2016) [Bluray-1080p Proper] {imdb-tt1679335}.mp4,movie,Trolls,written,title-only movie match,80414,trolls,F:\MediaStack\data\media\movies\Trolls (2016)\Trolls (2016) [Bluray-1080p Proper] {imdb-tt1679335}.leapfrog.json,151
imdb://tt0942385,F:\MediaStack\data\media\movies\Tropic Thunder (2008)\Tropic Thunder (2008) [Bluray-1080p] {imdb-tt0942385}.mp4,movie,Tropic Thunder,written,title-only movie match,1865,tropic-thunder,F:\MediaStack\data\media\movies\Tropic Thunder (2008)\Tropic Thunder (2008) [Bluray-1080p] {imdb-tt0942385}.leapfrog.json,532
imdb://tt0120382,F:\MediaStack\data\media\movies\The Truman Show (1998)\The Truman Show (1998) [Bluray-1080p] {imdb-tt0120382}.mp4,movie,The Truman Show,written,title-only movie match,2213,the-truman-show,F:\MediaStack\data\media\movies\The Truman Show (1998)\The Truman Show (1998) [Bluray-1080p] {imdb-tt0120382}.leapfrog.json,88
imdb://tt0119594,F:\MediaStack\data\media\movies\Twilight (1998)\Twilight (1998) [Bluray-1080p] {imdb-tt0119594}.mkv,movie,Twilight,written,title-only movie match,1545,twilight,F:\MediaStack\data\media\movies\Twilight (1998)\Twilight (1998) [Bluray-1080p] {imdb-tt0119594}.leapfrog.json,79
imdb://tt1099212,F:\MediaStack\data\media\movies\Twilight (2008)\Twilight (2008) [Bluray-1080p] {imdb-tt1099212}.mkv,movie,Twilight,written,title-only movie match,1545,twilight,F:\MediaStack\data\media\movies\Twilight (2008)\Twilight (2008) [Bluray-1080p] {imdb-tt1099212}.leapfrog.json,79
imdb://tt1324999,F:\MediaStack\data\media\movies\The Twilight Saga - Breaking Dawn - Part 1 (2011)\The Twilight Saga Breaking Dawn Part 1 (2011) [Bluray-1080p] {imdb-tt1324999}.mkv,movie,The Twilight Saga: Breaking Dawn - Part 1,written,title-only movie match,1539,the-twilight-saga-breaking-dawn-part-1,F:\MediaStack\data\media\movies\The Twilight Saga - Breaking Dawn - Part 1 (2011)\The Twilight Saga Breaking Dawn Part 1 (2011) [Bluray-1080p] {imdb-tt1324999}.leapfrog.json,123
imdb://tt1325004,F:\MediaStack\data\media\movies\The Twilight Saga - Eclipse (2010)\The Twilight Saga Eclipse (2010) [Bluray-1080p] {imdb-tt1325004}.mkv,movie,The Twilight Saga: Eclipse,written,title-only movie match,1549,the-twilight-saga-eclipse,F:\MediaStack\data\media\movies\The Twilight Saga - Eclipse (2010)\The Twilight Saga Eclipse (2010) [Bluray-1080p] {imdb-tt1325004}.leapfrog.json,109
imdb://tt1259571,F:\MediaStack\data\media\movies\The Twilight Saga - New Moon (2009)\The Twilight Saga New Moon (2009) [Bluray-1080p] {imdb-tt1259571}.mkv,movie,The Twilight Saga: New Moon,written,title-only movie match,1546,the-twilight-saga-new-moon,F:\MediaStack\data\media\movies\The Twilight Saga - New Moon (2009)\The Twilight Saga New Moon (2009) [Bluray-1080p] {imdb-tt1259571}.leapfrog.json,78
imdb://tt0092099,F:\MediaStack\data\media\movies\Top Gun (1986)\Top Gun (1986) [Bluray-1080p Proper] {imdb-tt0092099}.mp4,movie,Top Gun,written,title-only movie match,1326,top-gun,F:\MediaStack\data\media\movies\Top Gun (1986)\Top Gun (1986) [Bluray-1080p Proper] {imdb-tt0092099}.leapfrog.json,216
imdb://tt1745960,F:\MediaStack\data\media\movies\Top Gun - Maverick (2022)\Top Gun Maverick (2022) [Bluray-1080p] {imdb-tt1745960}.mp4,movie,Top Gun: Maverick,written,title-only movie match,680774,top-gun-maverick,F:\MediaStack\data\media\movies\Top Gun - Maverick (2022)\Top Gun Maverick (2022) [Bluray-1080p] {imdb-tt1745960}.leapfrog.json,118
imdb://tt1243957,F:\MediaStack\data\media\movies\The Tourist (2010)\The Tourist (2010) [Bluray-1080p] {imdb-tt1243957}.mkv,movie,The Tourist,written,title-only movie match,1142,the-tourist,F:\MediaStack\data\media\movies\The Tourist (2010)\The Tourist (2010) [Bluray-1080p] {imdb-tt1243957}.leapfrog.json,108
imdb://tt0471042,F:\MediaStack\data\media\movies\Tower Heist (2011)\Tower Heist (2011) [WEBDL-1080p] {imdb-tt0471042}.mkv,movie,Tower Heist,written,title-only movie match,1989,tower-heist,F:\MediaStack\data\media\movies\Tower Heist (2011)\Tower Heist (2011) [WEBDL-1080p] {imdb-tt0471042}.leapfrog.json,193
imdb://tt0418279,F:\MediaStack\data\media\movies\Transformers (2007)\Transformers (2007) [Bluray-1080p] {imdb-tt0418279}.mp4,movie,Transformers,written,title-only movie match,2003,transformers,F:\MediaStack\data\media\movies\Transformers (2007)\Transformers (2007) [Bluray-1080p] {imdb-tt0418279}.leapfrog.json,212
imdb://tt8864596,F:\MediaStack\data\media\movies\Transformers One (2024)\Transformers One (2024) [Bluray-1080p Proper] {imdb-tt8864596}.mkv,movie,Transformers One,written,title-only movie match,699800,transformers-one,F:\MediaStack\data\media\movies\Transformers One (2024)\Transformers One (2024) [Bluray-1080p Proper] {imdb-tt8864596}.leapfrog.json,131
imdb://tt2109248,F:\MediaStack\data\media\movies\Transformers - Age of Extinction (2014)\Transformers Age of Extinction (2014) [WEBDL-1080p] {imdb-tt2109248}.mkv,movie,Transformers: Age of Extinction,written,title-only movie match,1537,transformers-age-of-extinction,F:\MediaStack\data\media\movies\Transformers - Age of Extinction (2014)\Transformers Age of Extinction (2014) [WEBDL-1080p] {imdb-tt2109248}.leapfrog.json,225
imdb://tt1399103,F:\MediaStack\data\media\movies\Transformers - Dark of the Moon (2011)\Transformers Dark of the Moon (2011) [Bluray-1080p] {imdb-tt1399103}.mp4,movie,Transformers: Dark of the Moon,written,title-only movie match,1491,transformers-dark-of-the-moon,F:\MediaStack\data\media\movies\Transformers - Dark of the Moon (2011)\Transformers Dark of the Moon (2011) [Bluray-1080p] {imdb-tt1399103}.leapfrog.json,264
imdb://tt1055369,F:\MediaStack\data\media\movies\Transformers - Revenge of the Fallen (2009)\Transformers Revenge of the Fallen (2009) [Bluray-1080p] {imdb-tt1055369}.mp4,movie,Transformers: Revenge of the Fallen,written,title-only movie match,1267,transformers-revenge-of-the-fallen,F:\MediaStack\data\media\movies\Transformers - Revenge of the Fallen (2009)\Transformers Revenge of the Fallen (2009) [Bluray-1080p] {imdb-tt1055369}.leapfrog.json,176
imdb://tt5090568,F:\MediaStack\data\media\movies\Transformers - Rise of the Beasts (2023)\Transformers Rise of the Beasts (2023) [Bluray-1080p] {imdb-tt5090568}.mp4,movie,Transformers: Rise of the Beasts,written,title-only movie match,694727,transformers-rise-of-the-beasts,F:\MediaStack\data\media\movies\Transformers - Rise of the Beasts (2023)\Transformers Rise of the Beasts (2023) [Bluray-1080p] {imdb-tt5090568}.leapfrog.json,160
imdb://tt3371366,F:\MediaStack\data\media\movies\Transformers - The Last Knight (2017)\Transformers The Last Knight (2017) [Bluray-1080p Proper] {imdb-tt3371366}.mkv,movie,Transformers: The Last Knight,written,title-only movie match,174690,transformers-the-last-knight,F:\MediaStack\data\media\movies\Transformers - The Last Knight (2017)\Transformers The Last Knight (2017) [Bluray-1080p Proper] {imdb-tt3371366}.leapfrog.json,230
imdb://tt2938956,F:\MediaStack\data\media\movies\The Transporter Refueled (2015)\The Transporter Refueled (2015) [Bluray-1080p] {imdb-tt2938956}.mkv,movie,The Transporter Refueled,written,title-only movie match,2406,the-transporter-refueled,F:\MediaStack\data\media\movies\The Transporter Refueled (2015)\The Transporter Refueled (2015) [Bluray-1080p] {imdb-tt2938956}.leapfrog.json,222
imdb://tt0300556,F:\MediaStack\data\media\movies\Timeline (2003)\Timeline (2003) [Bluray-1080p Proper] {imdb-tt0300556}.mp4,movie,Timeline,written,title-only movie match,3737,timeline,F:\MediaStack\data\media\movies\Timeline (2003)\Timeline (2003) [Bluray-1080p Proper] {imdb-tt0300556}.leapfrog.json,194
imdb://tt1340800,F:\MediaStack\data\media\movies\Tinker Tailor Soldier Spy (2011)\Tinker Tailor Soldier Spy (2011) [Bluray-1080p] {imdb-tt1340800}.mkv,movie,Tinker Tailor Soldier Spy,written,title-only movie match,1396,tinker-tailor-soldier-spy,F:\MediaStack\data\media\movies\Tinker Tailor Soldier Spy (2011)\Tinker Tailor Soldier Spy (2011) [Bluray-1080p] {imdb-tt1340800}.leapfrog.json,109
imdb://tt0056592,F:\MediaStack\data\media\movies\To Kill a Mockingbird (1962)\To Kill a Mockingbird (1962) [Bluray-1080p] {imdb-tt0056592}.mkv,movie,To Kill a Mockingbird,written,title-only movie match,3111,to-kill-a-mockingbird-1962,F:\MediaStack\data\media\movies\To Kill a Mockingbird (1962)\To Kill a Mockingbird (1962) [Bluray-1080p] {imdb-tt0056592}.leapfrog.json,52
imdb://tt0114694,F:\MediaStack\data\media\movies\Tommy Boy (1995)\Tommy Boy (1995) [Bluray-1080p] {imdb-tt0114694}.mkv,movie,Tommy Boy,written,title-only movie match,2481,tommy-boy,F:\MediaStack\data\media\movies\Tommy Boy (1995)\Tommy Boy (1995) [Bluray-1080p] {imdb-tt0114694}.leapfrog.json,213
imdb://tt0120347,F:\MediaStack\data\media\movies\Tomorrow Never Dies (1997)\Tomorrow Never Dies (1997) [Bluray-1080p] {imdb-tt0120347}.mp4,movie,Tomorrow Never Dies,written,title-only movie match,3328,tomorrow-never-dies,F:\MediaStack\data\media\movies\Tomorrow Never Dies (1997)\Tomorrow Never Dies (1997) [Bluray-1080p] {imdb-tt0120347}.leapfrog.json,242
imdb://tt0362227,F:\MediaStack\data\media\movies\The Terminal (2004)\The Terminal (2004) [Bluray-1080p] {imdb-tt0362227}.mkv,movie,The Terminal,written,title-only movie match,2141,the-terminal,F:\MediaStack\data\media\movies\The Terminal (2004)\The Terminal (2004) [Bluray-1080p] {imdb-tt0362227}.leapfrog.json,96
imdb://tt0088247,F:\MediaStack\data\media\movies\The Terminator (1984)\The Terminator (1984) [Bluray-1080p] {imdb-tt0088247}.mkv,movie,The Terminator,written,title-only movie match,1397,the-terminator,F:\MediaStack\data\media\movies\The Terminator (1984)\The Terminator (1984) [Bluray-1080p] {imdb-tt0088247}.leapfrog.json,155
imdb://tt1340138,F:\MediaStack\data\media\movies\Terminator Genisys (2015)\Terminator Genisys (2015) [Bluray-1080p] {imdb-tt1340138}.mp4,movie,Terminator Genisys,written,title-only movie match,2325,terminator-genisys,F:\MediaStack\data\media\movies\Terminator Genisys (2015)\Terminator Genisys (2015) [Bluray-1080p] {imdb-tt1340138}.leapfrog.json,149
imdb://tt0063688,F:\MediaStack\data\media\movies\The Thomas Crown Affair (1968)\The Thomas Crown Affair (1968) [Bluray-1080p] {imdb-tt0063688}.mkv,movie,The Thomas Crown Affair,written,title-only movie match,2547,the-thomas-crown-affair-1999,F:\MediaStack\data\media\movies\The Thomas Crown Affair (1968)\The Thomas Crown Affair (1968) [Bluray-1080p] {imdb-tt0063688}.leapfrog.json,122
imdb://tt1135084,F:\MediaStack\data\media\movies\Takers (2010)\Takers (2010) [Bluray-1080p] {imdb-tt1135084}.mkv,movie,Takers,written,title-only movie match,659732,takers,F:\MediaStack\data\media\movies\Takers (2010)\Takers (2010) [Bluray-1080p] {imdb-tt1135084}.leapfrog.json,275
imdb://tt0415306,F:\MediaStack\data\media\movies\Talladega Nights - The Ballad of Ricky Bobby (2006)\Talladega Nights The Ballad of Ricky Bobby (2006) [Bluray-1080p] {imdb-tt0415306}.mp4,movie,Talladega Nights: The Ballad of Ricky Bobby,written,title-only movie match,2630,talladega-nights-the-ballad-of-ricky-bobby,F:\MediaStack\data\media\movies\Talladega Nights - The Ballad of Ricky Bobby (2006)\Talladega Nights The Ballad of Ricky Bobby (2006) [Bluray-1080p] {imdb-tt0415306}.leapfrog.json,208
imdb://tt0120855,F:\MediaStack\data\media\movies\Tarzan (1999)\Tarzan (1999) [Bluray-1080p] {imdb-tt0120855}.mkv,movie,Tarzan,written,title-only movie match,3819,tarzan-2013,F:\MediaStack\data\media\movies\Tarzan (1999)\Tarzan (1999) [Bluray-1080p] {imdb-tt0120855}.leapfrog.json,166
imdb://tt1637725,F:\MediaStack\data\media\movies\Ted (2012)\Ted (2012) [Bluray-1080p] {imdb-tt1637725}.mkv,movie,Ted,written,title-only movie match,1593,ted-unrated,F:\MediaStack\data\media\movies\Ted (2012)\Ted (2012) [Bluray-1080p] {imdb-tt1637725}.leapfrog.json,364
imdb://tt1291150,F:\MediaStack\data\media\movies\Teenage Mutant Ninja Turtles (2014)\Teenage Mutant Ninja Turtles (2014) [Bluray-1080p] {imdb-tt1291150}.mp4,movie,Teenage Mutant Ninja Turtles,written,title-only movie match,1603,teenage-mutant-ninja-turtles,F:\MediaStack\data\media\movies\Teenage Mutant Ninja Turtles (2014)\Teenage Mutant Ninja Turtles (2014) [Bluray-1080p] {imdb-tt1291150}.leapfrog.json,93
imdb://tt8589698,F:\MediaStack\data\media\movies\Teenage Mutant Ninja Turtles - Mutant Mayhem (2023)\Teenage Mutant Ninja Turtles Mutant Mayhem (2023) [Bluray-1080p] {imdb-tt8589698}.mkv,movie,Teenage Mutant Ninja Turtles: Mutant Mayhem,written,title-only movie match,695478,teenage-mutant-ninja-turtles-mutant-mayhem,F:\MediaStack\data\media\movies\Teenage Mutant Ninja Turtles - Mutant Mayhem (2023)\Teenage Mutant Ninja Turtles Mutant Mayhem (2023) [Bluray-1080p] {imdb-tt8589698}.leapfrog.json,167
imdb://tt3949660,F:\MediaStack\data\media\movies\Teenage Mutant Ninja Turtles - Out of the Shadows (2016)\Teenage Mutant Ninja Turtles Out of the Shadows (2016) [Bluray-1080p] {imdb-tt3949660}.mp4,movie,Teenage Mutant Ninja Turtles: Out of the Shadows,written,title-only movie match,3675,teenage-mutant-ninja-turtles-out-of-the-shadows,F:\MediaStack\data\media\movies\Teenage Mutant Ninja Turtles - Out of the Shadows (2016)\Teenage Mutant Ninja Turtles Out of the Shadows (2016) [Bluray-1080p] {imdb-tt3949660}.leapfrog.json,132
imdb://tt0420223,F:\MediaStack\data\media\movies\Stranger Than Fiction (2006)\Stranger Than Fiction (2006) [WEBDL-1080p] {imdb-tt0420223}.mkv,movie,Stranger Than Fiction,written,title-only movie match,2229,stranger-than-fiction-2006,F:\MediaStack\data\media\movies\Stranger Than Fiction (2006)\Stranger Than Fiction (2006) [WEBDL-1080p] {imdb-tt0420223}.leapfrog.json,105
imdb://tt0083131,F:\MediaStack\data\media\movies\Stripes (1981)\Stripes (1981) [Bluray-1080p] {imdb-tt0083131}.mkv,movie,Stripes,written,title-only movie match,2178,stripes,F:\MediaStack\data\media\movies\Stripes (1981)\Stripes (1981) [Bluray-1080p] {imdb-tt0083131}.leapfrog.json,178
imdb://tt3881784,F:\MediaStack\data\media\movies\Stronger (2017)\Stronger (2017) [Bluray-1080p Proper] {imdb-tt3881784}.mkv,movie,Stronger,written,title-only movie match,206679,stronger,F:\MediaStack\data\media\movies\Stronger (2017)\Stronger (2017) [Bluray-1080p Proper] {imdb-tt3881784}.leapfrog.json,342
imdb://tt0164912,F:\MediaStack\data\media\movies\Stuart Little (1999)\Stuart Little (1999) [Bluray-1080p] {imdb-tt0164912}.mkv,movie,Stuart Little,written,title-only movie match,3656,stuart-little,F:\MediaStack\data\media\movies\Stuart Little (1999)\Stuart Little (1999) [Bluray-1080p] {imdb-tt0164912}.leapfrog.json,117
imdb://tt0164184,F:\MediaStack\data\media\movies\The Sum of All Fears (2002)\The Sum of All Fears (2002) [Bluray-1080p] {imdb-tt0164184}.mkv,movie,The Sum of All Fears,written,title-only movie match,2022,the-sum-of-all-fears,F:\MediaStack\data\media\movies\The Sum of All Fears (2002)\The Sum of All Fears (2002) [Bluray-1080p] {imdb-tt0164184}.leapfrog.json,105
imdb://tt1650062,F:\MediaStack\data\media\movies\Super 8 (2011)\Super 8 (2011) [Bluray-1080p] {imdb-tt1650062}.mkv,movie,Super 8,written,title-only movie match,2504,super-8,F:\MediaStack\data\media\movies\Super 8 (2011)\Super 8 (2011) [Bluray-1080p] {imdb-tt1650062}.leapfrog.json,253
imdb://tt6718170,F:\MediaStack\data\media\movies\The Super Mario Bros. Movie (2023)\The Super Mario Bros. Movie (2023) [Bluray-1080p] {imdb-tt6718170}.mkv,movie,The Super Mario Bros. Movie,written,title-only movie match,695648,the-super-mario-bros-movie,F:\MediaStack\data\media\movies\The Super Mario Bros. Movie (2023)\The Super Mario Bros. Movie (2023) [Bluray-1080p] {imdb-tt6718170}.leapfrog.json,154
imdb://tt0473705,F:\MediaStack\data\media\movies\State of Play (2009)\State of Play (2009) [Bluray-1080p] {imdb-tt0473705}.mkv,movie,State of Play,written,title-only movie match,3267,state-of-play,F:\MediaStack\data\media\movies\State of Play (2009)\State of Play (2009) [Bluray-1080p] {imdb-tt0473705}.leapfrog.json,132
imdb://tt0098384,F:\MediaStack\data\media\movies\Steel Magnolias (1989)\Steel Magnolias (1989) [Bluray-1080p] {imdb-tt0098384}.mkv,movie,Steel Magnolias,written,title-only movie match,2249,steel-magnolias-1989,F:\MediaStack\data\media\movies\Steel Magnolias (1989)\Steel Magnolias (1989) [Bluray-1080p] {imdb-tt0098384}.leapfrog.json,216
imdb://tt0838283,F:\MediaStack\data\media\movies\Step Brothers (2008)\Step Brothers (2008) [Bluray-1080p] {imdb-tt0838283}.mkv,movie,Step Brothers,written,title-only movie match,2476,step-brothers,F:\MediaStack\data\media\movies\Step Brothers (2008)\Step Brothers (2008) [Bluray-1080p] {imdb-tt0838283}.leapfrog.json,383
imdb://tt10696896,F:\MediaStack\data\media\movies\Stillwater (2021)\Stillwater (2021) [Bluray-1080p] {imdb-tt10696896}.mkv,movie,Stillwater,written,title-only movie match,689508,stillwater-2ce45,F:\MediaStack\data\media\movies\Stillwater (2021)\Stillwater (2021) [Bluray-1080p] {imdb-tt10696896}.leapfrog.json,127
imdb://tt0070735,F:\MediaStack\data\media\movies\The Sting (1973)\The Sting (1973) [Bluray-1080p] {imdb-tt0070735}.mkv,movie,The Sting,written,title-only movie match,2795,the-sting,F:\MediaStack\data\media\movies\The Sting (1973)\The Sting (1973) [Bluray-1080p] {imdb-tt0070735}.leapfrog.json,263
imdb://tt2279373,F:\MediaStack\data\media\movies\The SpongeBob Movie - Sponge Out of Water (2015)\The SpongeBob Movie Sponge Out of Water (2015) [Bluray-1080p] {imdb-tt2279373}.mkv,movie,The SpongeBob Movie: Sponge Out of Water,written,title-only movie match,1749,the-spongebob-movie-sponge-out-of-water,F:\MediaStack\data\media\movies\The SpongeBob Movie - Sponge Out of Water (2015)\The SpongeBob Movie Sponge Out of Water (2015) [Bluray-1080p] {imdb-tt2279373}.leapfrog.json,178
imdb://tt2170593,F:\MediaStack\data\media\movies\St. Vincent (2014)\St. Vincent (2014) [Bluray-1080p] {imdb-tt2170593}.mkv,movie,St. Vincent,written,title-only movie match,1667,st-vincent,F:\MediaStack\data\media\movies\St. Vincent (2014)\St. Vincent (2014) [Bluray-1080p] {imdb-tt2170593}.leapfrog.json,148
imdb://tt0092005,F:\MediaStack\data\media\movies\Stand by Me (1986)\Stand by Me (1986) [Bluray-1080p] {imdb-tt0092005}.mkv,movie,Stand by Me,written,title-only movie match,2507,stand-by-me-1986,F:\MediaStack\data\media\movies\Stand by Me (1986)\Stand by Me (1986) [Bluray-1080p] {imdb-tt0092005}.leapfrog.json,272
imdb://tt0796366,F:\MediaStack\data\media\movies\Star Trek (2009)\Star Trek (2009) [Bluray-1080p] {imdb-tt0796366}.mp4,movie,Star Trek,written,title-only movie match,1328,star-trek,F:\MediaStack\data\media\movies\Star Trek (2009)\Star Trek (2009) [Bluray-1080p] {imdb-tt0796366}.leapfrog.json,126
imdb://tt2660888,F:\MediaStack\data\media\movies\Star Trek Beyond (2016)\Star Trek Beyond (2016) [Bluray-1080p] {imdb-tt2660888}.mkv,movie,Star Trek Beyond,written,title-only movie match,3732,star-trek-beyond,F:\MediaStack\data\media\movies\Star Trek Beyond (2016)\Star Trek Beyond (2016) [Bluray-1080p] {imdb-tt2660888}.leapfrog.json,171
imdb://tt1408101,F:\MediaStack\data\media\movies\Star Trek Into Darkness (2013)\Star Trek Into Darkness (2013) [Bluray-1080p] {imdb-tt1408101}.mkv,movie,Star Trek Into Darkness,written,title-only movie match,1004,star-trek-into-darkness,F:\MediaStack\data\media\movies\Star Trek Into Darkness (2013)\Star Trek Into Darkness (2013) [Bluray-1080p] {imdb-tt1408101}.leapfrog.json,135
imdb://tt0092007,F:\MediaStack\data\media\movies\Star Trek IV - The Voyage Home (1986)\Star Trek IV The Voyage Home (1986) [Bluray-1080p] {imdb-tt0092007}.mkv,movie,Star Trek IV: The Voyage Home,written,title-only movie match,3022,star-trek-iv-the-voyage-home,F:\MediaStack\data\media\movies\Star Trek IV - The Voyage Home (1986)\Star Trek IV The Voyage Home (1986) [Bluray-1080p] {imdb-tt0092007}.leapfrog.json,113
imdb://tt0117731,F:\MediaStack\data\media\movies\Star Trek - First Contact (1996)\Star Trek First Contact (1996) [Bluray-1080p] {imdb-tt0117731}.mkv,movie,Star Trek: First Contact,written,title-only movie match,2885,star-trek-viii-first-contact,F:\MediaStack\data\media\movies\Star Trek - First Contact (1996)\Star Trek First Contact (1996) [Bluray-1080p] {imdb-tt0117731}.leapfrog.json,100
imdb://tt0111280,F:\MediaStack\data\media\movies\Star Trek - Generations (1994)\Star Trek Generations (1994) [Bluray-1080p] {imdb-tt0111280}.mkv,movie,Star Trek: Generations,written,title-only movie match,658471,star-trek-generations,F:\MediaStack\data\media\movies\Star Trek - Generations (1994)\Star Trek Generations (1994) [Bluray-1080p] {imdb-tt0111280}.leapfrog.json,96
imdb://tt0253754,F:\MediaStack\data\media\movies\Star Trek - Nemesis (2002)\Star Trek Nemesis (2002) [Bluray-1080p] {imdb-tt0253754}.mkv,movie,Star Trek: Nemesis,written,title-only movie match,3296,star-trek-x-nemesis,F:\MediaStack\data\media\movies\Star Trek - Nemesis (2002)\Star Trek Nemesis (2002) [Bluray-1080p] {imdb-tt0253754}.leapfrog.json,65
imdb://tt0371246,F:\MediaStack\data\media\movies\Spanglish (2004)\Spanglish (2004) [WEBDL-1080p] {imdb-tt0371246}.mp4,movie,Spanglish,written,title-only movie match,3427,spanglish,F:\MediaStack\data\media\movies\Spanglish (2004)\Spanglish (2004) [WEBDL-1080p] {imdb-tt0371246}.leapfrog.json,106
imdb://tt1714206,F:\MediaStack\data\media\movies\The Spectacular Now (2013)\The Spectacular Now (2013) [Bluray-1080p] {imdb-tt1714206}.mkv,movie,The Spectacular Now,written,title-only movie match,1514,the-spectacular-now,F:\MediaStack\data\media\movies\The Spectacular Now (2013)\The Spectacular Now (2013) [Bluray-1080p] {imdb-tt1714206}.leapfrog.json,219
imdb://tt2379713,F:\MediaStack\data\media\movies\Spectre (2015)\Spectre (2015) [Bluray-1080p Proper] {imdb-tt2379713}.mp4,movie,Spectre,written,title-only movie match,2519,spectre,F:\MediaStack\data\media\movies\Spectre (2015)\Spectre (2015) [Bluray-1080p Proper] {imdb-tt2379713}.leapfrog.json,123
imdb://tt12536294,F:\MediaStack\data\media\movies\Spencer (2021)\Spencer (2021) [WEBRip-1080p] {imdb-tt12536294}.mp4,movie,Spencer,written,title-only movie match,687119,spencer,F:\MediaStack\data\media\movies\Spencer (2021)\Spencer (2021) [WEBRip-1080p] {imdb-tt12536294}.leapfrog.json,52
imdb://tt0145487,F:\MediaStack\data\media\movies\Spider-Man (2002)\Spider-Man (2002) [Bluray-1080p Proper] {imdb-tt0145487}.mkv,movie,Spider-Man,written,title-only movie match,1351,spider-man,F:\MediaStack\data\media\movies\Spider-Man (2002)\Spider-Man (2002) [Bluray-1080p Proper] {imdb-tt0145487}.leapfrog.json,164
imdb://tt0316654,F:\MediaStack\data\media\movies\Spider-Man 2 (2004)\Spider-Man 2 (2004) [Bluray-1080p] {imdb-tt0316654}.mkv,movie,Spider-Man 2,written,title-only movie match,1312,spider-man-2,F:\MediaStack\data\media\movies\Spider-Man 2 (2004)\Spider-Man 2 (2004) [Bluray-1080p] {imdb-tt0316654}.leapfrog.json,93
imdb://tt0413300,F:\MediaStack\data\media\movies\Spider-Man 3 (2007)\Spider-Man 3 (2007) [Bluray-1080p] {imdb-tt0413300}.mkv,movie,Spider-Man 3,written,title-only movie match,1218,spider-man-3,F:\MediaStack\data\media\movies\Spider-Man 3 (2007)\Spider-Man 3 (2007) [Bluray-1080p] {imdb-tt0413300}.leapfrog.json,141
imdb://tt9362722,F:\MediaStack\data\media\movies\Spider-Man - Across the Spider-Verse (2023)\Spider-Man Across the Spider-Verse (2023) [Bluray-1080p] {imdb-tt9362722}.mkv,movie,Spider-Man: Across the Spider-Verse,written,title-only movie match,695372,spider-man-across-the-spider-verse,F:\MediaStack\data\media\movies\Spider-Man - Across the Spider-Verse (2023)\Spider-Man Across the Spider-Verse (2023) [Bluray-1080p] {imdb-tt9362722}.leapfrog.json,183
imdb://tt6320628,F:\MediaStack\data\media\movies\Spider-Man - Far From Home (2019)\Spider-Man Far From Home (2019) [Bluray-1080p] {imdb-tt6320628}.mkv,movie,Spider-Man: Far from Home,written,title-only movie match,674622,spider-man-far-from-home,F:\MediaStack\data\media\movies\Spider-Man - Far From Home (2019)\Spider-Man Far From Home (2019) [Bluray-1080p] {imdb-tt6320628}.leapfrog.json,123
imdb://tt4633694,F:\MediaStack\data\media\movies\Spider-Man - Into the Spider-Verse (2018)\Spider-Man Into the Spider-Verse (2018) [Bluray-1080p Proper] {imdb-tt4633694}.mkv,movie,Spider-Man: Into the Spider-Verse,written,title-only movie match,671694,spider-man-into-the-spider-verse,F:\MediaStack\data\media\movies\Spider-Man - Into the Spider-Verse (2018)\Spider-Man Into the Spider-Verse (2018) [Bluray-1080p Proper] {imdb-tt4633694}.leapfrog.json,160
imdb://tt10872600,F:\MediaStack\data\media\movies\Spider-Man - No Way Home (2021)\Spider-Man No Way Home (2021) [Bluray-1080p] {imdb-tt10872600}.mp4,movie,Spider-Man: No Way Home,written,title-only movie match,691702,spider-man-no-way-home,F:\MediaStack\data\media\movies\Spider-Man - No Way Home (2021)\Spider-Man No Way Home (2021) [Bluray-1080p] {imdb-tt10872600}.leapfrog.json,132
imdb://tt0416236,F:\MediaStack\data\media\movies\The Spiderwick Chronicles (2008)\The Spiderwick Chronicles (2008) [Bluray-1080p] {imdb-tt0416236}.mkv,movie,The Spiderwick Chronicles,written,title-only movie match,2149,the-spiderwick-chronicles,F:\MediaStack\data\media\movies\The Spiderwick Chronicles (2008)\The Spiderwick Chronicles (2008) [Bluray-1080p] {imdb-tt0416236}.leapfrog.json,160
imdb://tt10999120,F:\MediaStack\data\media\movies\Spirited (2022)\Spirited (2022) [WEBDL-1080p] {imdb-tt10999120}.mkv,movie,Spirited,written,title-only movie match,692315,spirited-2c121,F:\MediaStack\data\media\movies\Spirited (2022)\Spirited (2022) [WEBDL-1080p] {imdb-tt10999120}.leapfrog.json,150
imdb://tt0105435,F:\MediaStack\data\media\movies\Sneakers (1992)\Sneakers (1992) [Bluray-1080p Proper] {imdb-tt0105435}.mkv,movie,Sneakers,written,title-only movie match,2668,sneakers,F:\MediaStack\data\media\movies\Sneakers (1992)\Sneakers (1992) [Bluray-1080p Proper] {imdb-tt0105435}.leapfrog.json,88
imdb://tt3774114,F:\MediaStack\data\media\movies\Snowden (2016)\Snowden (2016) [Bluray-1080p] {imdb-tt3774114}.mkv,movie,Snowden,written,title-only movie match,4028,snowden,F:\MediaStack\data\media\movies\Snowden (2016)\Snowden (2016) [Bluray-1080p] {imdb-tt3774114}.leapfrog.json,169
imdb://tt1706620,F:\MediaStack\data\media\movies\Snowpiercer (2013)\Snowpiercer (2013) [Bluray-1080p] {imdb-tt1706620}.mp4,movie,Snowpiercer,written,title-only movie match,1184,snowpiercer,F:\MediaStack\data\media\movies\Snowpiercer (2013)\Snowpiercer (2013) [Bluray-1080p] {imdb-tt1706620}.leapfrog.json,268
imdb://tt0108174,F:\MediaStack\data\media\movies\So I Married an Axe Murderer (1993)\So I Married an Axe Murderer (1993) [Bluray-1080p] {imdb-tt0108174}.mp4,movie,So I Married an Axe Murderer,written,title-only movie match,2736,so-i-married-an-axe-murderer,F:\MediaStack\data\media\movies\So I Married an Axe Murderer (1993)\So I Married an Axe Murderer (1993) [Bluray-1080p] {imdb-tt0108174}.leapfrog.json,136
imdb://tt1285016,F:\MediaStack\data\media\movies\The Social Network (2010)\The Social Network (2010) [Bluray-1080p] {imdb-tt1285016}.mkv,movie,The Social Network,written,title-only movie match,1446,the-social-network,F:\MediaStack\data\media\movies\The Social Network (2010)\The Social Network (2010) [Bluray-1080p] {imdb-tt1285016}.leapfrog.json,138
imdb://tt3794354,F:\MediaStack\data\media\movies\Sonic the Hedgehog (2020)\Sonic the Hedgehog (2020) [Bluray-1080p] {imdb-tt3794354}.mkv,movie,Sonic the Hedgehog,written,title-only movie match,677999,sonic-the-hedgehog-a5845,F:\MediaStack\data\media\movies\Sonic the Hedgehog (2020)\Sonic the Hedgehog (2020) [Bluray-1080p] {imdb-tt3794354}.leapfrog.json,152
imdb://tt12412888,F:\MediaStack\data\media\movies\Sonic the Hedgehog 2 (2022)\Sonic the Hedgehog 2 (2022) [Bluray-1080p] {imdb-tt12412888}.mkv,movie,Sonic the Hedgehog 2,written,title-only movie match,689921,sonic-the-hedgehog-2,F:\MediaStack\data\media\movies\Sonic the Hedgehog 2 (2022)\Sonic the Hedgehog 2 (2022) [Bluray-1080p] {imdb-tt12412888}.leapfrog.json,182
imdb://tt18259086,F:\MediaStack\data\media\movies\Sonic the Hedgehog 3 (2024)\Sonic the Hedgehog 3 (2024) [Bluray-1080p Proper] {imdb-tt18259086}.mp4,movie,Sonic the Hedgehog 3,written,title-only movie match,700466,sonic-the-hedgehog-3,F:\MediaStack\data\media\movies\Sonic the Hedgehog 3 (2024)\Sonic the Hedgehog 3 (2024) [Bluray-1080p Proper] {imdb-tt18259086}.leapfrog.json,155
imdb://tt1596346,F:\MediaStack\data\media\movies\Soul Surfer (2011)\Soul Surfer (2011) [Bluray-1080p] {imdb-tt1596346}.mkv,movie,Soul Surfer,written,title-only movie match,2696,soul-surfer,F:\MediaStack\data\media\movies\Soul Surfer (2011)\Soul Surfer (2011) [Bluray-1080p] {imdb-tt1596346}.leapfrog.json,230
imdb://tt0945513,F:\MediaStack\data\media\movies\Source Code (2011)\Source Code (2011) [Bluray-1080p Proper] {imdb-tt0945513}.mkv,movie,Source Code,written,title-only movie match,1339,source-code,F:\MediaStack\data\media\movies\Source Code (2011)\Source Code (2011) [Bluray-1080p Proper] {imdb-tt0945513}.leapfrog.json,66
imdb://tt1798684,F:\MediaStack\data\media\movies\Southpaw (2015)\Southpaw (2015) [Bluray-1080p Proper] {imdb-tt1798684}.mp4,movie,Southpaw,written,title-only movie match,2324,southpaw,F:\MediaStack\data\media\movies\Southpaw (2015)\Southpaw (2015) [Bluray-1080p Proper] {imdb-tt1798684}.leapfrog.json,330
imdb://tt3470600,F:\MediaStack\data\media\movies\Sing (2016)\Sing (2016) [Bluray-1080p] {imdb-tt3470600}.mkv,movie,Sing,written,title-only movie match,174604,sing,F:\MediaStack\data\media\movies\Sing (2016)\Sing (2016) [Bluray-1080p] {imdb-tt3470600}.leapfrog.json,104
imdb://tt0088128,F:\MediaStack\data\media\movies\Sixteen Candles (1984)\Sixteen Candles (1984) [Bluray-1080p] {imdb-tt0088128}.Clean.mkv,movie,Sixteen Candles,written,title-only movie match,2658,sixteen-candles,F:\MediaStack\data\media\movies\Sixteen Candles (1984)\Sixteen Candles (1984) [Bluray-1080p] {imdb-tt0088128}.Clean.leapfrog.json,307
imdb://tt0405325,F:\MediaStack\data\media\movies\Sky High (2005)\Sky High (2005) [Bluray-1080p] {imdb-tt0405325}.mkv,movie,Sky High,written,title-only movie match,683058,sky-high-58b6e,F:\MediaStack\data\media\movies\Sky High (2005)\Sky High (2005) [Bluray-1080p] {imdb-tt0405325}.leapfrog.json,387
imdb://tt1074638,F:\MediaStack\data\media\movies\Skyfall (2012)\Skyfall (2012) [Bluray-1080p] {imdb-tt1074638}.mkv,movie,Skyfall,written,title-only movie match,1713,skyfall-2,F:\MediaStack\data\media\movies\Skyfall (2012)\Skyfall (2012) [Bluray-1080p] {imdb-tt1074638}.leapfrog.json,124
imdb://tt0108160,F:\MediaStack\data\media\movies\Sleepless in Seattle (1993)\Sleepless in Seattle (1993) [Bluray-1080p] {imdb-tt0108160}.mkv,movie,Sleepless in Seattle,written,title-only movie match,1653,sleepless-in-seattle,F:\MediaStack\data\media\movies\Sleepless in Seattle (1993)\Sleepless in Seattle (1993) [Bluray-1080p] {imdb-tt0108160}.leapfrog.json,65
imdb://tt0076729,F:\MediaStack\data\media\movies\Smokey and the Bandit (1977)\Smokey and the Bandit (1977) [Bluray-1080p] {imdb-tt0076729}.mp4,movie,Smokey and the Bandit,written,title-only movie match,3032,smokey-and-the-bandit,F:\MediaStack\data\media\movies\Smokey and the Bandit (1977)\Smokey and the Bandit (1977) [Bluray-1080p] {imdb-tt0076729}.leapfrog.json,331
imdb://tt0472181,F:\MediaStack\data\media\movies\The Smurfs (2011)\The Smurfs (2011) [Bluray-1080p] {imdb-tt0472181}.mp4,movie,The Smurfs,written,title-only movie match,3700,the-smurfs-2011,F:\MediaStack\data\media\movies\The Smurfs (2011)\The Smurfs (2011) [Bluray-1080p] {imdb-tt0472181}.leapfrog.json,252
imdb://tt2017020,F:\MediaStack\data\media\movies\The Smurfs 2 (2013)\The Smurfs 2 (2013) [Bluray-1080p] {imdb-tt2017020}.mp4,movie,The Smurfs 2,written,title-only movie match,1353,the-smurfs-2,F:\MediaStack\data\media\movies\The Smurfs 2 (2013)\The Smurfs 2 (2013) [Bluray-1080p] {imdb-tt2017020}.leapfrog.json,43
imdb://tt0454945,F:\MediaStack\data\media\movies\She's the Man (2006)\Shes the Man (2006) [Bluray-1080p] {imdb-tt0454945}.mp4,movie,She's the Man,written,title-only movie match,2626,shes-the-man,F:\MediaStack\data\media\movies\She's the Man (2006)\Shes the Man (2006) [Bluray-1080p] {imdb-tt0454945}.leapfrog.json,218
imdb://tt2296777,F:\MediaStack\data\media\movies\Sherlock Gnomes (2018)\Sherlock Gnomes (2018) [Bluray-1080p] {imdb-tt2296777}.mkv,movie,Sherlock Gnomes,written,title-only movie match,657775,sherlock-gnomes,F:\MediaStack\data\media\movies\Sherlock Gnomes (2018)\Sherlock Gnomes (2018) [Bluray-1080p] {imdb-tt2296777}.leapfrog.json,106
imdb://tt0822854,F:\MediaStack\data\media\movies\Shooter (2007)\Shooter (2007) [Bluray-1080p] {imdb-tt0822854}.mkv,movie,Shooter,written,title-only movie match,2026,shooter,F:\MediaStack\data\media\movies\Shooter (2007)\Shooter (2007) [Bluray-1080p] {imdb-tt0822854}.leapfrog.json,182
imdb://tt0091949,F:\MediaStack\data\media\movies\Short Circuit (1986)\Short Circuit (1986) [Bluray-1080p Proper] {imdb-tt0091949}.mkv,movie,Short Circuit,written,title-only movie match,2655,short-circuit,F:\MediaStack\data\media\movies\Short Circuit (1986)\Short Circuit (1986) [Bluray-1080p Proper] {imdb-tt0091949}.leapfrog.json,247
imdb://tt0126029,F:\MediaStack\data\media\movies\Shrek (2001)\Shrek (2001) [Bluray-1080p] {imdb-tt0126029}.mkv,movie,Shrek,written,title-only movie match,1415,shrek,F:\MediaStack\data\media\movies\Shrek (2001)\Shrek (2001) [Bluray-1080p] {imdb-tt0126029}.leapfrog.json,127
imdb://tt0298148,F:\MediaStack\data\media\movies\Shrek 2 (2004)\Shrek 2 (2004) [Bluray-1080p] {imdb-tt0298148}.mkv,movie,Shrek 2,written,title-only movie match,1820,shrek-2,F:\MediaStack\data\media\movies\Shrek 2 (2004)\Shrek 2 (2004) [Bluray-1080p] {imdb-tt0298148}.leapfrog.json,133
imdb://tt0892791,F:\MediaStack\data\media\movies\Shrek Forever After (2010)\Shrek Forever After (2010) [Bluray-1080p] {imdb-tt0892791}.mkv,movie,Shrek Forever After,written,title-only movie match,1447,shrek-forever-after,F:\MediaStack\data\media\movies\Shrek Forever After (2010)\Shrek Forever After (2010) [Bluray-1080p] {imdb-tt0892791}.leapfrog.json,160
imdb://tt0413267,F:\MediaStack\data\media\movies\Shrek the Third (2007)\Shrek the Third (2007) [Bluray-1080p] {imdb-tt0413267}.mkv,movie,Shrek the Third,written,title-only movie match,1829,shrek-the-third,F:\MediaStack\data\media\movies\Shrek the Third (2007)\Shrek the Third (2007) [Bluray-1080p] {imdb-tt0413267}.leapfrog.json,155
imdb://tt1130884,F:\MediaStack\data\media\movies\Shutter Island (2010)\Shutter Island (2010) [Bluray-1080p Proper] {imdb-tt1130884}.mkv,movie,Shutter Island,written,title-only movie match,2008,shutter-island,F:\MediaStack\data\media\movies\Shutter Island (2010)\Shutter Island (2010) [Bluray-1080p Proper] {imdb-tt1130884}.leapfrog.json,184
imdb://tt0490215,F:\MediaStack\data\media\movies\Silence (2016)\Silence (2016) [Bluray-1080p] {imdb-tt0490215}.mkv,movie,Silence,written,title-only movie match,46838,silence,F:\MediaStack\data\media\movies\Silence (2016)\Silence (2016) [Bluray-1080p] {imdb-tt0490215}.leapfrog.json,97
imdb://tt0090022,F:\MediaStack\data\media\movies\Silverado (1985)\Silverado (1985) [Bluray-1080p] {imdb-tt0090022}.mp4,movie,Silverado,written,title-only movie match,3480,silverado,F:\MediaStack\data\media\movies\Silverado (1985)\Silverado (1985) [Bluray-1080p] {imdb-tt0090022}.leapfrog.json,105
imdb://tt0067741,F:\MediaStack\data\media\movies\Shaft (1971)\Shaft (1971) [Bluray-1080p] {imdb-tt0067741}.mkv,movie,Shaft,written,title-only movie match,1110,shaft,F:\MediaStack\data\media\movies\Shaft (1971)\Shaft (1971) [Bluray-1080p] {imdb-tt0067741}.leapfrog.json,409
imdb://tt0162650,F:\MediaStack\data\media\movies\Shaft (2000)\Shaft (2000) [Bluray-1080p] {imdb-tt0162650}.mkv,movie,Shaft,written,title-only movie match,1110,shaft,F:\MediaStack\data\media\movies\Shaft (2000)\Shaft (2000) [Bluray-1080p] {imdb-tt0162650}.leapfrog.json,409
imdb://tt4463894,F:\MediaStack\data\media\movies\Shaft (2019)\Shaft (2019) [Bluray-1080p] {imdb-tt4463894}.mkv,movie,Shaft,written,title-only movie match,1110,shaft,F:\MediaStack\data\media\movies\Shaft (2019)\Shaft (2019) [Bluray-1080p] {imdb-tt4463894}.leapfrog.json,409
imdb://tt0138097,F:\MediaStack\data\media\movies\Shakespeare in Love (1998)\Shakespeare in Love (1998) [WEBDL-1080p] {imdb-tt0138097}.mkv,movie,Shakespeare in Love,written,title-only movie match,1035,shakespeare-in-love-2,F:\MediaStack\data\media\movies\Shakespeare in Love (1998)\Shakespeare in Love (1998) [WEBDL-1080p] {imdb-tt0138097}.leapfrog.json,125
imdb://tt0307453,F:\MediaStack\data\media\movies\Shark Tale (2004)\Shark Tale (2004) [Bluray-1080p] {imdb-tt0307453}.mkv,movie,Shark Tale,written,title-only movie match,3327,shark-tale,F:\MediaStack\data\media\movies\Shark Tale (2004)\Shark Tale (2004) [Bluray-1080p] {imdb-tt0307453}.leapfrog.json,131
imdb://tt0365748,F:\MediaStack\data\media\movies\Shaun of the Dead (2004)\Shaun of the Dead (2004) [Bluray-1080p] {imdb-tt0365748}.mkv,movie,Shaun of the Dead,written,title-only movie match,2009,shaun-of-the-dead,F:\MediaStack\data\media\movies\Shaun of the Dead (2004)\Shaun of the Dead (2004) [Bluray-1080p] {imdb-tt0365748}.leapfrog.json,224
imdb://tt0227445,F:\MediaStack\data\media\movies\The Score (2001)\The Score (2001) [Bluray-1080p] {imdb-tt0227445}.mkv,movie,The Score,written,title-only movie match,663782,the-score,F:\MediaStack\data\media\movies\The Score (2001)\The Score (2001) [Bluray-1080p] {imdb-tt0227445}.leapfrog.json,130
imdb://tt0096061,F:\MediaStack\data\media\movies\Scrooged (1988)\Scrooged (1988) [Bluray-1080p] {imdb-tt0096061}.mp4,movie,Scrooged,written,title-only movie match,2307,scrooged,F:\MediaStack\data\media\movies\Scrooged (1988)\Scrooged (1988) [Bluray-1080p] {imdb-tt0096061}.leapfrog.json,228
imdb://tt0108065,F:\MediaStack\data\media\movies\Searching for Bobby Fischer (1993)\Searching for Bobby Fischer (1993) [Bluray-1080p] {imdb-tt0108065}.mkv,movie,Searching for Bobby Fischer,written,title-only movie match,2903,searching-for-bobby-fischer,F:\MediaStack\data\media\movies\Searching for Bobby Fischer (1993)\Searching for Bobby Fischer (1993) [Bluray-1080p] {imdb-tt0108065}.leapfrog.json,57
imdb://tt14001894,F:\MediaStack\data\media\movies\Secret Headquarters (2022)\Secret Headquarters (2022) [WEBRip-1080p] {imdb-tt14001894}.mp4,movie,Secret Headquarters,written,title-only movie match,691215,secret-headquarters,F:\MediaStack\data\media\movies\Secret Headquarters (2022)\Secret Headquarters (2022) [WEBRip-1080p] {imdb-tt14001894}.leapfrog.json,139
imdb://tt2709768,F:\MediaStack\data\media\movies\The Secret Life of Pets (2016)\The Secret Life of Pets (2016) [Bluray-1080p] {imdb-tt2709768}.mkv,movie,The Secret Life of Pets,written,title-only movie match,3944,the-secret-life-of-pets,F:\MediaStack\data\media\movies\The Secret Life of Pets (2016)\The Secret Life of Pets (2016) [Bluray-1080p] {imdb-tt2709768}.leapfrog.json,207
imdb://tt1020072,F:\MediaStack\data\media\movies\Selma (2014)\Selma (2014) [Bluray-1080p] {imdb-tt1020072}.mkv,movie,Selma,written,title-only movie match,1728,selma,F:\MediaStack\data\media\movies\Selma (2014)\Selma (2014) [Bluray-1080p] {imdb-tt1020072}.leapfrog.json,114
imdb://tt0318649,F:\MediaStack\data\media\movies\Sahara (2005)\Sahara (2005) [Bluray-1080p] {imdb-tt0318649}.mkv,movie,Sahara,written,title-only movie match,1199,sahara-2005,F:\MediaStack\data\media\movies\Sahara (2005)\Sahara (2005) [Bluray-1080p] {imdb-tt0318649}.leapfrog.json,149
imdb://tt0120053,F:\MediaStack\data\media\movies\The Saint (1997)\The Saint (1997) [Bluray-1080p] {imdb-tt0120053}.mkv,movie,The Saint,written,title-only movie match,2711,the-saint,F:\MediaStack\data\media\movies\The Saint (1997)\The Saint (1997) [Bluray-1080p] {imdb-tt0120053}.leapfrog.json,138
imdb://tt0944835,F:\MediaStack\data\media\movies\Salt (2010)\Salt (2010) [WEBDL-1080p] {imdb-tt0944835}.mkv,movie,Salt,written,title-only movie match,1240,salt,F:\MediaStack\data\media\movies\Salt (2010)\Salt (2010) [WEBDL-1080p] {imdb-tt0944835}.leapfrog.json,87
imdb://tt1230168,F:\MediaStack\data\media\movies\Same Kind of Different as Me (2017)\Same Kind of Different as Me (2017) [Bluray-1080p] {imdb-tt1230168}.mp4,movie,Same Kind of Different as Me,written,title-only movie match,156166,same-kind-of-different-as-me,F:\MediaStack\data\media\movies\Same Kind of Different as Me (2017)\Same Kind of Different as Me (2017) [Bluray-1080p] {imdb-tt1230168}.leapfrog.json,33
imdb://tt0120815,F:\MediaStack\data\media\movies\Saving Private Ryan (1998)\Saving Private Ryan (1998) [Bluray-1080p] {imdb-tt0120815}.mkv,movie,Saving Private Ryan,written,title-only movie match,1316,saving-private-ryan,F:\MediaStack\data\media\movies\Saving Private Ryan (1998)\Saving Private Ryan (1998) [Bluray-1080p] {imdb-tt0120815}.leapfrog.json,330
imdb://tt0387564,F:\MediaStack\data\media\movies\Saw (2004)\Saw (2004) [WEBDL-480p] {imdb-tt0387564}.mkv,movie,Saw,written,title-only movie match,3059,saw,F:\MediaStack\data\media\movies\Saw (2004)\Saw (2004) [WEBDL-480p] {imdb-tt0387564}.leapfrog.json,257
imdb://tt0432348,F:\MediaStack\data\media\movies\Saw II (2005)\Saw II (2005) [Bluray-1080p] {imdb-tt0432348}.mkv,movie,Saw II,written,title-only movie match,5164,saw-ii,F:\MediaStack\data\media\movies\Saw II (2005)\Saw II (2005) [Bluray-1080p] {imdb-tt0432348}.leapfrog.json,479
imdb://tt0108052,F:\MediaStack\data\media\movies\Schindler's List (1993)\Schindlers List (1993) [Bluray-1080p] {imdb-tt0108052}.mkv,movie,Schindler's List,written,title-only movie match,1500,schindlers-list,F:\MediaStack\data\media\movies\Schindler's List (1993)\Schindlers List (1993) [Bluray-1080p] {imdb-tt0108052}.leapfrog.json,117
imdb://tt0332379,F:\MediaStack\data\media\movies\School of Rock (2003)\School of Rock (2003) [Bluray-1080p] {imdb-tt0332379}.mkv,movie,School of Rock,written,title-only movie match,1424,school-of-rock,F:\MediaStack\data\media\movies\School of Rock (2003)\School of Rock (2003) [Bluray-1080p] {imdb-tt0332379}.leapfrog.json,60
imdb://tt3170832,F:\MediaStack\data\media\movies\Room (2015)\Room (2015) [Bluray-1080p] {imdb-tt3170832}.mkv,movie,Room,written,title-only movie match,2569,room-2015,F:\MediaStack\data\media\movies\Room (2015)\Room (2015) [Bluray-1080p] {imdb-tt3170832}.leapfrog.json,77
imdb://tt0108002,F:\MediaStack\data\media\movies\Rudy (1993)\Rudy (1993) [Bluray-1080p] {imdb-tt0108002}.mkv,movie,Rudy,written,title-only movie match,1562,rudy,F:\MediaStack\data\media\movies\Rudy (1993)\Rudy (1993) [Bluray-1080p] {imdb-tt0108002}.leapfrog.json,113
imdb://tt0449089,F:\MediaStack\data\media\movies\RV (2006)\RV (2006) [Bluray-1080p] {imdb-tt0449089}.mkv,movie,RV,written,title-only movie match,3021,rv,F:\MediaStack\data\media\movies\RV (2006)\RV (2006) [Bluray-1080p] {imdb-tt0449089}.leapfrog.json,296
imdb://tt0093870,F:\MediaStack\data\media\movies\RoboCop (1987)\RoboCop (1987) [Bluray-1080p] {imdb-tt0093870}.mp4,movie,RoboCop,written,title-only movie match,1160,robocop-2014,F:\MediaStack\data\media\movies\RoboCop (1987)\RoboCop (1987) [Bluray-1080p] {imdb-tt0093870}.leapfrog.json,168
imdb://tt1234721,F:\MediaStack\data\media\movies\RoboCop (2014)\RoboCop (2014) [Bluray-1080p] {imdb-tt1234721}.mp4,movie,RoboCop,written,title-only movie match,1160,robocop-2014,F:\MediaStack\data\media\movies\RoboCop (2014)\RoboCop (2014) [Bluray-1080p] {imdb-tt1234721}.leapfrog.json,168
imdb://tt2066051,F:\MediaStack\data\media\movies\Rocketman (2019)\Rocketman (2019) [Bluray-1080p] {imdb-tt2066051}.mkv,movie,Rocketman,written,title-only movie match,675039,rocketman-134a1,F:\MediaStack\data\media\movies\Rocketman (2019)\Rocketman (2019) [Bluray-1080p] {imdb-tt2066051}.leapfrog.json,244
imdb://tt0120029,F:\MediaStack\data\media\movies\RocketMan (1997)\RocketMan (1997) [Bluray-1080p] {imdb-tt0120029}.mkv,movie,RocketMan,written,title-only movie match,675039,rocketman-134a1,F:\MediaStack\data\media\movies\RocketMan (1997)\RocketMan (1997) [Bluray-1080p] {imdb-tt0120029}.leapfrog.json,244
imdb://tt0075148,F:\MediaStack\data\media\movies\Rocky (1976)\Rocky (1976) [Bluray-1080p] {imdb-tt0075148}.mkv,movie,Rocky,written,title-only movie match,1520,rocky,F:\MediaStack\data\media\movies\Rocky (1976)\Rocky (1976) [Bluray-1080p] {imdb-tt0075148}.leapfrog.json,188
imdb://tt0479143,F:\MediaStack\data\media\movies\Rocky Balboa (2006)\Rocky Balboa (2006) [Bluray-1080p] {imdb-tt0479143}.mp4,movie,Rocky Balboa,written,title-only movie match,1834,rocky-balboa,F:\MediaStack\data\media\movies\Rocky Balboa (2006)\Rocky Balboa (2006) [Bluray-1080p] {imdb-tt0479143}.leapfrog.json,94
imdb://tt0079817,F:\MediaStack\data\media\movies\Rocky II (1979)\Rocky II (1979) [Bluray-1080p] {imdb-tt0079817}.mkv,movie,Rocky II,written,title-only movie match,1816,rocky-ii,F:\MediaStack\data\media\movies\Rocky II (1979)\Rocky II (1979) [Bluray-1080p] {imdb-tt0079817}.leapfrog.json,66
imdb://tt0084602,F:\MediaStack\data\media\movies\Rocky III (1982)\Rocky III (1982) [Bluray-1080p] {imdb-tt0084602}.mp4,movie,Rocky III,written,title-only movie match,1830,rocky-iii,F:\MediaStack\data\media\movies\Rocky III (1982)\Rocky III (1982) [Bluray-1080p] {imdb-tt0084602}.leapfrog.json,170
imdb://tt0089927,F:\MediaStack\data\media\movies\Rocky IV (1985)\Rocky IV (1985) [Bluray-1080p] {imdb-tt0089927}.mp4,movie,Rocky IV,written,title-only movie match,1765,rocky-iv,F:\MediaStack\data\media\movies\Rocky IV (1985)\Rocky IV (1985) [Bluray-1080p] {imdb-tt0089927}.leapfrog.json,190
imdb://tt0100507,F:\MediaStack\data\media\movies\Rocky V (1990)\Rocky V (1990) [Bluray-1080p] {imdb-tt0100507}.mp4,movie,Rocky V,written,title-only movie match,1831,rocky-v,F:\MediaStack\data\media\movies\Rocky V (1990)\Rocky V (1990) [Bluray-1080p] {imdb-tt0100507}.leapfrog.json,257
imdb://tt0046250,F:\MediaStack\data\media\movies\Roman Holiday (1953)\Roman Holiday (1953) [Bluray-1080p] {imdb-tt0046250}.mkv,movie,Roman Holiday,written,title-only movie match,2216,roman-holiday,F:\MediaStack\data\media\movies\Roman Holiday (1953)\Roman Holiday (1953) [Bluray-1080p] {imdb-tt0046250}.leapfrog.json,53
imdb://tt6000478,"F:\MediaStack\data\media\movies\Roman J. Israel, Esq. (2017)\Roman J. Israel Esq. (2017) [Bluray-1080p] {imdb-tt6000478}.mkv",movie,"Roman J. Israel, Esq.",written,title-only movie match,215384,roman-j-israel-esq,"F:\MediaStack\data\media\movies\Roman J. Israel, Esq. (2017)\Roman J. Israel Esq. (2017) [Bluray-1080p] {imdb-tt6000478}.leapfrog.json",58
imdb://tt0959337,F:\MediaStack\data\media\movies\Revolutionary Road (2008)\Revolutionary Road (2008) [Bluray-1080p] {imdb-tt0959337}.mp4,movie,Revolutionary Road,written,title-only movie match,2900,revolutionary-road,F:\MediaStack\data\media\movies\Revolutionary Road (2008)\Revolutionary Road (2008) [Bluray-1080p] {imdb-tt0959337}.leapfrog.json,150
imdb://tt1408253,F:\MediaStack\data\media\movies\Ride Along (2014)\Ride Along (2014) [Bluray-1080p] {imdb-tt1408253}.mkv,movie,Ride Along,written,title-only movie match,1073,ride-along-with-gag-reel,F:\MediaStack\data\media\movies\Ride Along (2014)\Ride Along (2014) [Bluray-1080p] {imdb-tt1408253}.leapfrog.json,377
imdb://tt2869728,F:\MediaStack\data\media\movies\Ride Along 2 (2016)\Ride Along 2 (2016) [Bluray-1080p] {imdb-tt2869728}.mkv,movie,Ride Along 2,written,title-only movie match,2742,ride-along-2,F:\MediaStack\data\media\movies\Ride Along 2 (2016)\Ride Along 2 (2016) [Bluray-1080p] {imdb-tt2869728}.leapfrog.json,338
imdb://tt0298130,F:\MediaStack\data\media\movies\The Ring (2002)\The Ring (2002) [Bluray-1080p Proper] {imdb-tt0298130}.mkv,movie,The Ring,written,title-only movie match,2156,the-ring,F:\MediaStack\data\media\movies\The Ring (2002)\The Ring (2002) [Bluray-1080p Proper] {imdb-tt0298130}.leapfrog.json,99
imdb://tt0105265,F:\MediaStack\data\media\movies\A River Runs Through It (1992)\A River Runs Through It (1992) [Bluray-1080p] {imdb-tt0105265}.mp4,movie,A River Runs Through It,written,title-only movie match,2855,a-river-runs-through-it,F:\MediaStack\data\media\movies\A River Runs Through It (1992)\A River Runs Through It (1992) [Bluray-1080p] {imdb-tt0105265}.leapfrog.json,176
imdb://tt0070608,F:\MediaStack\data\media\movies\Robin Hood (1973)\Robin Hood (1973) [Bluray-1080p] {imdb-tt0070608}.mkv,movie,Robin Hood,written,title-only movie match,1488,robin-hood,F:\MediaStack\data\media\movies\Robin Hood (1973)\Robin Hood (1973) [Bluray-1080p] {imdb-tt0070608}.leapfrog.json,175
imdb://tt0955308,F:\MediaStack\data\media\movies\Robin Hood (2010)\Robin Hood (2010) [Bluray-1080p] {imdb-tt0955308}.mkv,movie,Robin Hood,written,title-only movie match,1488,robin-hood,F:\MediaStack\data\media\movies\Robin Hood (2010)\Robin Hood (2010) [Bluray-1080p] {imdb-tt0955308}.leapfrog.json,175
imdb://tt4532826,F:\MediaStack\data\media\movies\Robin Hood (2018)\Robin Hood (2018) [Bluray-1080p] {imdb-tt4532826}.mkv,movie,Robin Hood,written,title-only movie match,1488,robin-hood,F:\MediaStack\data\media\movies\Robin Hood (2018)\Robin Hood (2018) [Bluray-1080p] {imdb-tt4532826}.leapfrog.json,175
imdb://tt0421239,F:\MediaStack\data\media\movies\Red Eye (2005)\Red Eye (2005) [Bluray-1080p] {imdb-tt0421239}.mkv,movie,Red Eye,written,title-only movie match,3438,red-eye,F:\MediaStack\data\media\movies\Red Eye (2005)\Red Eye (2005) [Bluray-1080p] {imdb-tt0421239}.leapfrog.json,117
imdb://tt7991608,F:\MediaStack\data\media\movies\Red Notice (2021)\Red Notice (2021) [WEBDL-720p] {imdb-tt7991608}.mkv,movie,Red Notice,written,title-only movie match,685492,red-notice,F:\MediaStack\data\media\movies\Red Notice (2021)\Red Notice (2021) [WEBDL-720p] {imdb-tt7991608}.leapfrog.json,234
imdb://tt0294870,F:\MediaStack\data\media\movies\Rent (2005)\Rent (2005) [Bluray-1080p] {imdb-tt0294870}.mp4,movie,Rent,written,title-only movie match,3778,rent-2005,F:\MediaStack\data\media\movies\Rent (2005)\Rent (2005) [Bluray-1080p] {imdb-tt0294870}.leapfrog.json,188
imdb://tt0462504,F:\MediaStack\data\media\movies\Rescue Dawn (2007)\Rescue Dawn (2007) [DVD] {imdb-tt0462504}.avi,movie,Rescue Dawn,written,title-only movie match,3640,rescue-dawn,F:\MediaStack\data\media\movies\Rescue Dawn (2007)\Rescue Dawn (2007) [DVD] {imdb-tt0462504}.leapfrog.json,135
imdb://tt0462499,F:\MediaStack\data\media\movies\Rambo (2008)\Rambo (2008) [Bluray-1080p] {imdb-tt0462499}.mp4,movie,Rambo,written,title-only movie match,2348,rambo,F:\MediaStack\data\media\movies\Rambo (2008)\Rambo (2008) [Bluray-1080p] {imdb-tt0462499}.leapfrog.json,248
imdb://tt0095956,F:\MediaStack\data\media\movies\Rambo III (1988)\Rambo III (1988) [Bluray-1080p] {imdb-tt0095956}.mkv,movie,Rambo III,written,title-only movie match,2366,rambo-iii,F:\MediaStack\data\media\movies\Rambo III (1988)\Rambo III (1988) [Bluray-1080p] {imdb-tt0095956}.leapfrog.json,160
imdb://tt0089880,F:\MediaStack\data\media\movies\Rambo - First Blood Part II (1985)\Rambo First Blood Part II (1985) [WEBDL-1080p] {imdb-tt0089880}.mkv,movie,Rambo: First Blood Part II,written,title-only movie match,2365,rambo-first-blood-ii,F:\MediaStack\data\media\movies\Rambo - First Blood Part II (1985)\Rambo First Blood Part II (1985) [WEBDL-1080p] {imdb-tt0089880}.leapfrog.json,128
imdb://tt1206885,F:\MediaStack\data\media\movies\Rambo - Last Blood (2019)\Rambo Last Blood (2019) [Bluray-1080p] {imdb-tt1206885}.mkv,movie,Rambo: Last Blood,written,title-only movie match,675813,rambo-last-blood,F:\MediaStack\data\media\movies\Rambo - Last Blood (2019)\Rambo Last Blood (2019) [Bluray-1080p] {imdb-tt1206885}.leapfrog.json,225
imdb://tt1192628,F:\MediaStack\data\media\movies\Rango (2011)\Rango (2011) [Bluray-1080p] {imdb-tt1192628}.mp4,movie,Rango,written,title-only movie match,2987,rango,F:\MediaStack\data\media\movies\Rango (2011)\Rango (2011) [Bluray-1080p] {imdb-tt1192628}.leapfrog.json,272
imdb://tt0250687,F:\MediaStack\data\media\movies\Rat Race (2001)\Rat Race (2001) [Bluray-1080p] {imdb-tt0250687}.mkv,movie,Rat Race,written,title-only movie match,2838,rat-race,F:\MediaStack\data\media\movies\Rat Race (2001)\Rat Race (2001) [Bluray-1080p] {imdb-tt0250687}.leapfrog.json,187
imdb://tt0433035,F:\MediaStack\data\media\movies\Real Steel (2011)\Real Steel (2011) [Bluray-1080p] {imdb-tt0433035}.mp4,movie,Real Steel,written,title-only movie match,1506,real-steel,F:\MediaStack\data\media\movies\Real Steel (2011)\Real Steel (2011) [Bluray-1080p] {imdb-tt0433035}.leapfrog.json,194
imdb://tt0032976,F:\MediaStack\data\media\movies\Rebecca (1940)\Rebecca (1940) [Bluray-1080p] {imdb-tt0032976}.mkv,movie,Rebecca,written,title-only movie match,681037,rebecca,F:\MediaStack\data\media\movies\Rebecca (1940)\Rebecca (1940) [Bluray-1080p] {imdb-tt0032976}.leapfrog.json,96
imdb://tt1245526,F:\MediaStack\data\media\movies\RED (2010)\RED (2010) [Bluray-1080p] {imdb-tt1245526}.mkv,movie,RED,written,title-only movie match,1203,red,F:\MediaStack\data\media\movies\RED (2010)\RED (2010) [Bluray-1080p] {imdb-tt1245526}.leapfrog.json,96
imdb://tt0454921,F:\MediaStack\data\media\movies\The Pursuit of Happyness (2006)\The Pursuit of Happyness (2006) [Bluray-1080p] {imdb-tt0454921}.mkv,movie,The Pursuit of Happyness,written,title-only movie match,1453,the-pursuit-of-happyness-2006,F:\MediaStack\data\media\movies\The Pursuit of Happyness (2006)\The Pursuit of Happyness (2006) [Bluray-1080p] {imdb-tt0454921}.leapfrog.json,52
imdb://tt3915174,F:\MediaStack\data\media\movies\Puss in Boots - The Last Wish (2022)\Puss in Boots The Last Wish (2022) [Bluray-1080p] {imdb-tt3915174}.mkv,movie,Puss in Boots: The Last Wish,written,title-only movie match,694683,puss-in-boots-the-last-wish,F:\MediaStack\data\media\movies\Puss in Boots - The Last Wish (2022)\Puss in Boots The Last Wish (2022) [Bluray-1080p] {imdb-tt3915174}.leapfrog.json,166
imdb://tt0830515,F:\MediaStack\data\media\movies\Quantum of Solace (2008)\Quantum of Solace (2008) [Bluray-1080p] {imdb-tt0830515}.mkv,movie,Quantum of Solace,written,title-only movie match,1704,quantum-of-solace,F:\MediaStack\data\media\movies\Quantum of Solace (2008)\Quantum of Solace (2008) [Bluray-1080p] {imdb-tt0830515}.leapfrog.json,202
imdb://tt6644200,F:\MediaStack\data\media\movies\A Quiet Place (2018)\A Quiet Place (2018) [Bluray-1080p] {imdb-tt6644200}.mkv,movie,A Quiet Place,written,title-only movie match,659202,a-quiet-place,F:\MediaStack\data\media\movies\A Quiet Place (2018)\A Quiet Place (2018) [Bluray-1080p] {imdb-tt6644200}.leapfrog.json,34
imdb://tt8332922,F:\MediaStack\data\media\movies\A Quiet Place Part II (2021)\A Quiet Place Part II (2021) [Bluray-1080p] {imdb-tt8332922}.mkv,movie,A Quiet Place Part II,written,title-only movie match,678031,a-quiet-place-part-ii,F:\MediaStack\data\media\movies\A Quiet Place Part II (2021)\A Quiet Place Part II (2021) [Bluray-1080p] {imdb-tt8332922}.leapfrog.json,64
imdb://tt13433802,F:\MediaStack\data\media\movies\A Quiet Place - Day One (2024)\A Quiet Place Day One (2024) [Bluray-1080p] {imdb-tt13433802}.mkv,movie,A Quiet Place: Day One,written,title-only movie match,698771,a-quiet-place-day-one,F:\MediaStack\data\media\movies\A Quiet Place - Day One (2024)\A Quiet Place Day One (2024) [Bluray-1080p] {imdb-tt13433802}.leapfrog.json,65
imdb://tt0119978,F:\MediaStack\data\media\movies\The Rainmaker (1997)\The Rainmaker (1997) [Bluray-1080p] {imdb-tt0119978}.mkv,movie,The Rainmaker,written,title-only movie match,3057,john-grishams-the-rainmaker,F:\MediaStack\data\media\movies\The Rainmaker (1997)\The Rainmaker (1997) [Bluray-1080p] {imdb-tt0119978}.leapfrog.json,143
imdb://tt11866324,F:\MediaStack\data\media\movies\Prey (2022)\Prey (2022) [Bluray-1080p] {imdb-tt11866324}.mkv,movie,Prey,written,title-only movie match,684582,prey-e5189,F:\MediaStack\data\media\movies\Prey (2022)\Prey (2022) [Bluray-1080p] {imdb-tt11866324}.leapfrog.json,199
imdb://tt0414387,F:\MediaStack\data\media\movies\Pride & Prejudice (2005)\Pride and Prejudice (2005) [Bluray-1080p] {imdb-tt0414387}.mkv,movie,Pride & Prejudice,written,title-only movie match,2473,pride-prejudice,F:\MediaStack\data\media\movies\Pride & Prejudice (2005)\Pride and Prejudice (2005) [Bluray-1080p] {imdb-tt0414387}.leapfrog.json,119
imdb://tt0117381,F:\MediaStack\data\media\movies\Primal Fear (1996)\Primal Fear (1996) [Bluray-1080p] {imdb-tt0117381}.mkv,movie,Primal Fear,written,title-only movie match,3039,primal-fear,F:\MediaStack\data\media\movies\Primal Fear (1996)\Primal Fear (1996) [Bluray-1080p] {imdb-tt0117381}.leapfrog.json,242
imdb://tt2436386,F:\MediaStack\data\media\movies\Project Almanac (2015)\Project Almanac (2015) [Bluray-1080p] {imdb-tt2436386}.mkv,movie,Project Almanac,written,title-only movie match,1752,project-almanac,F:\MediaStack\data\media\movies\Project Almanac (2015)\Project Almanac (2015) [Bluray-1080p] {imdb-tt2436386}.leapfrog.json,269
imdb://tt10293406,F:\MediaStack\data\media\movies\The Power of the Dog (2021)\The Power of the Dog (2021) [Bluray-1080p] {imdb-tt10293406}.mkv,movie,The Power of the Dog,written,title-only movie match,685944,the-power-of-the-dog,F:\MediaStack\data\media\movies\The Power of the Dog (2021)\The Power of the Dog (2021) [Bluray-1080p] {imdb-tt10293406}.leapfrog.json,103
imdb://tt2120120,F:\MediaStack\data\media\movies\Pixels (2015)\Pixels (2015) [Bluray-1080p] {imdb-tt2120120}.mp4,movie,Pixels,written,title-only movie match,2196,pixels,F:\MediaStack\data\media\movies\Pixels (2015)\Pixels (2015) [Bluray-1080p] {imdb-tt2120120}.leapfrog.json,134
imdb://tt1817273,F:\MediaStack\data\media\movies\The Place Beyond the Pines (2013)\The Place Beyond the Pines (2013) [Bluray-1080p] {imdb-tt1817273}.mkv,movie,The Place Beyond the Pines,written,title-only movie match,1477,the-place-beyond-the-pines,F:\MediaStack\data\media\movies\The Place Beyond the Pines (2013)\The Place Beyond the Pines (2013) [Bluray-1080p] {imdb-tt1817273}.leapfrog.json,274
imdb://tt9134216,F:\MediaStack\data\media\movies\Playing with Fire (2019)\Playing with Fire (2019) [Bluray-1080p] {imdb-tt9134216}.mp4,movie,Playing with Fire,written,title-only movie match,677375,playing-with-fire,F:\MediaStack\data\media\movies\Playing with Fire (2019)\Playing with Fire (2019) [Bluray-1080p] {imdb-tt9134216}.leapfrog.json,88
imdb://tt0102685,F:\MediaStack\data\media\movies\Point Break (1991)\Point Break (1991) [Bluray-1080p] {imdb-tt0102685}.mkv,movie,Point Break,written,title-only movie match,2482,point-break-1991,F:\MediaStack\data\media\movies\Point Break (1991)\Point Break (1991) [Bluray-1080p] {imdb-tt0102685}.leapfrog.json,486
imdb://tt6595896,F:\MediaStack\data\media\movies\Pokémon the Movie - I Choose You! (2017)\Pokemon the Movie I Choose You! (2017) [Bluray-1080p] {imdb-tt6595896}.mkv,movie,Pokémon the Movie: I Choose You!,written,title-only movie match,655074,pokemon-the-movie-i-choose-you,F:\MediaStack\data\media\movies\Pokémon the Movie - I Choose You! (2017)\Pokemon the Movie I Choose You! (2017) [Bluray-1080p] {imdb-tt6595896}.leapfrog.json,50
imdb://tt5117670,F:\MediaStack\data\media\movies\Peter Rabbit (2018)\Peter Rabbit (2018) [Bluray-1080p] {imdb-tt5117670}.mkv,movie,Peter Rabbit,written,title-only movie match,199512,Peter-rabbit,F:\MediaStack\data\media\movies\Peter Rabbit (2018)\Peter Rabbit (2018) [Bluray-1080p] {imdb-tt5117670}.leapfrog.json,138
imdb://tt0253474,F:\MediaStack\data\media\movies\The Pianist (2002)\The Pianist (2002) [Bluray-1080p] {imdb-tt0253474}.mkv,movie,The Pianist,written,title-only movie match,1333,the-pianist,F:\MediaStack\data\media\movies\The Pianist (2002)\The Pianist (2002) [Bluray-1080p] {imdb-tt0253474}.leapfrog.json,88
imdb://tt1981677,F:\MediaStack\data\media\movies\Pitch Perfect (2012)\Pitch Perfect (2012) [Bluray-1080p] {imdb-tt1981677}.mkv,movie,Pitch Perfect,written,title-only movie match,1227,pitch-perfect,F:\MediaStack\data\media\movies\Pitch Perfect (2012)\Pitch Perfect (2012) [Bluray-1080p] {imdb-tt1981677}.leapfrog.json,258
imdb://tt2848292,F:\MediaStack\data\media\movies\Pitch Perfect 2 (2015)\Pitch Perfect 2 (2015) [Bluray-1080p] {imdb-tt2848292}.mkv,movie,Pitch Perfect 2,written,title-only movie match,2030,pitch-perfect-2,F:\MediaStack\data\media\movies\Pitch Perfect 2 (2015)\Pitch Perfect 2 (2015) [Bluray-1080p] {imdb-tt2848292}.leapfrog.json,146
imdb://tt4765284,F:\MediaStack\data\media\movies\Pitch Perfect 3 (2017)\Pitch Perfect 3 (2017) [Bluray-1080p] {imdb-tt4765284}.mkv,movie,Pitch Perfect 3,written,title-only movie match,184467,pitch-perfect-3,F:\MediaStack\data\media\movies\Pitch Perfect 3 (2017)\Pitch Perfect 3 (2017) [Bluray-1080p] {imdb-tt4765284}.leapfrog.json,232
imdb://tt1355644,F:\MediaStack\data\media\movies\Passengers (2016)\Passengers (2016) [Bluray-1080p] {imdb-tt1355644}.mkv,movie,Passengers,written,title-only movie match,140412,passengers,F:\MediaStack\data\media\movies\Passengers (2016)\Passengers (2016) [Bluray-1080p] {imdb-tt1355644}.leapfrog.json,132
imdb://tt0187393,F:\MediaStack\data\media\movies\The Patriot (2000)\The Patriot (2000) [Bluray-1080p] {imdb-tt0187393}.mkv,movie,The Patriot,written,title-only movie match,1379,the-patriot,F:\MediaStack\data\media\movies\The Patriot (2000)\The Patriot (2000) [Bluray-1080p] {imdb-tt0187393}.leapfrog.json,201
imdb://tt0105112,F:\MediaStack\data\media\movies\Patriot Games (1992)\Patriot Games (1992) [Bluray-1080p] {imdb-tt0105112}.mkv,movie,Patriot Games,written,title-only movie match,1348,patriot-games,F:\MediaStack\data\media\movies\Patriot Games (1992)\Patriot Games (1992) [Bluray-1080p] {imdb-tt0105112}.leapfrog.json,109
imdb://tt1092026,F:\MediaStack\data\media\movies\Paul (2011)\Paul (2011) [Bluray-1080p] {imdb-tt1092026}.mkv,movie,Paul,written,title-only movie match,3521,paul,F:\MediaStack\data\media\movies\Paul (2011)\Paul (2011) [Bluray-1080p] {imdb-tt1092026}.leapfrog.json,327
imdb://tt1114740,F:\MediaStack\data\media\movies\Paul Blart - Mall Cop (2009)\Paul Blart Mall Cop (2009) [WEBDL-1080p] {imdb-tt1114740}.mkv,movie,Paul Blart: Mall Cop,written,title-only movie match,1020,paul-blart-mall-cop,F:\MediaStack\data\media\movies\Paul Blart - Mall Cop (2009)\Paul Blart Mall Cop (2009) [WEBDL-1080p] {imdb-tt1114740}.leapfrog.json,113
imdb://tt3450650,F:\MediaStack\data\media\movies\Paul Blart - Mall Cop 2 (2015)\Paul Blart Mall Cop 2 (2015) [Bluray-1080p] {imdb-tt3450650}.mp4,movie,Paul Blart: Mall Cop 2,written,title-only movie match,1779,paul-blart-mall-cop-2,F:\MediaStack\data\media\movies\Paul Blart - Mall Cop 2 (2015)\Paul Blart Mall Cop 2 (2015) [Bluray-1080p] {imdb-tt3450650}.leapfrog.json,85
imdb://tt0338337,F:\MediaStack\data\media\movies\Paycheck (2003)\Paycheck (2003) [Bluray-1080p] {imdb-tt0338337}.mkv,movie,Paycheck,written,title-only movie match,3371,paycheck,F:\MediaStack\data\media\movies\Paycheck (2003)\Paycheck (2003) [Bluray-1080p] {imdb-tt0338337}.leapfrog.json,128
imdb://tt4364194,F:\MediaStack\data\media\movies\The Peanut Butter Falcon (2019)\The Peanut Butter Falcon (2019) [Bluray-1080p] {imdb-tt4364194}.mkv,movie,The Peanut Butter Falcon,written,title-only movie match,675244,the-peanut-butter-falcon,F:\MediaStack\data\media\movies\The Peanut Butter Falcon (2019)\The Peanut Butter Falcon (2019) [Bluray-1080p] {imdb-tt4364194}.leapfrog.json,215
imdb://tt1911658,F:\MediaStack\data\media\movies\Penguins of Madagascar (2014)\Penguins of Madagascar (2014) [Bluray-1080p] {imdb-tt1911658}.mkv,movie,Penguins of Madagascar,written,title-only movie match,1671,penguins-of-madagascar,F:\MediaStack\data\media\movies\Penguins of Madagascar (2014)\Penguins of Madagascar (2014) [Bluray-1080p] {imdb-tt1911658}.leapfrog.json,139
imdb://tt1659337,F:\MediaStack\data\media\movies\The Perks of Being a Wallflower (2012)\The Perks of Being a Wallflower (2012) [Bluray-1080p] {imdb-tt1659337}.mp4,movie,The Perks of Being a Wallflower,written,title-only movie match,1040,the-perks-of-being-a-wallflower,F:\MediaStack\data\media\movies\The Perks of Being a Wallflower (2012)\The Perks of Being a Wallflower (2012) [Bluray-1080p] {imdb-tt1659337}.leapfrog.json,140
imdb://tt0089755,F:\MediaStack\data\media\movies\Out of Africa (1985)\Out of Africa (1985) [Bluray-1080p] {imdb-tt0089755}.mkv,movie,Out of Africa,written,title-only movie match,3199,out-of-africa,F:\MediaStack\data\media\movies\Out of Africa (1985)\Out of Africa (1985) [Bluray-1080p] {imdb-tt0089755}.leapfrog.json,157
imdb://tt0327084,F:\MediaStack\data\media\movies\Over the Hedge (2006)\Over the Hedge (2006) [Bluray-1080p] {imdb-tt0327084}.mkv,movie,Over the Hedge,written,title-only movie match,2869,over-the-hedge,F:\MediaStack\data\media\movies\Over the Hedge (2006)\Over the Hedge (2006) [Bluray-1080p] {imdb-tt0327084}.leapfrog.json,180
imdb://tt2557478,F:\MediaStack\data\media\movies\Pacific Rim - Uprising (2018)\Pacific Rim Uprising (2018) [Bluray-1080p] {imdb-tt2557478}.mkv,movie,Pacific Rim: Uprising,written,title-only movie match,659200,pacific-rim-uprising,F:\MediaStack\data\media\movies\Pacific Rim - Uprising (2018)\Pacific Rim Uprising (2018) [Bluray-1080p] {imdb-tt2557478}.leapfrog.json,152
imdb://tt4468740,F:\MediaStack\data\media\movies\Paddington 2 (2017)\Paddington 2 (2017) [Bluray-1080p] {imdb-tt4468740}.mkv,movie,Paddington 2,written,title-only movie match,180769,paddington-2,F:\MediaStack\data\media\movies\Paddington 2 (2017)\Paddington 2 (2017) [Bluray-1080p] {imdb-tt4468740}.leapfrog.json,87
imdb://tt5822536,F:\MediaStack\data\media\movies\Paddington in Peru (2024)\Paddington in Peru (2024) [Bluray-1080p] {imdb-tt5822536}.mkv,movie,Paddington in Peru,written,title-only movie match,701686,paddington-in-peru,F:\MediaStack\data\media\movies\Paddington in Peru (2024)\Paddington in Peru (2024) [Bluray-1080p] {imdb-tt5822536}.leapfrog.json,60
imdb://tt0070511,F:\MediaStack\data\media\movies\Papillon (1973)\Papillon (1973) [Bluray-1080p] {imdb-tt0070511}.mkv,movie,Papillon,written,title-only movie match,670323,papillon-dd166,F:\MediaStack\data\media\movies\Papillon (1973)\Papillon (1973) [Bluray-1080p] {imdb-tt0070511}.leapfrog.json,229
imdb://tt2302755,F:\MediaStack\data\media\movies\Olympus Has Fallen (2013)\Olympus Has Fallen (2013) [Bluray-1080p] {imdb-tt2302755}.mkv,movie,Olympus Has Fallen,written,title-only movie match,1340,olympus-has-fallen,F:\MediaStack\data\media\movies\Olympus Has Fallen (2013)\Olympus Has Fallen (2013) [Bluray-1080p] {imdb-tt2302755}.leapfrog.json,266
imdb://tt7131622,F:\MediaStack\data\media\movies\Once Upon a Time. in Hollywood (2019)\Once Upon a Time. in Hollywood (2019) [Bluray-1080p] {imdb-tt7131622}.mkv,movie,Once Upon a Time... in Hollywood,written,title-only movie match,674633,once-upon-a-time-in-hollywood,F:\MediaStack\data\media\movies\Once Upon a Time. in Hollywood (2019)\Once Upon a Time. in Hollywood (2019) [Bluray-1080p] {imdb-tt7131622}.leapfrog.json,525
imdb://tt3829920,F:\MediaStack\data\media\movies\Only the Brave (2017)\Only the Brave (2017) [Bluray-1080p] {imdb-tt3829920}.mkv,movie,Only the Brave,written,title-only movie match,655599,only-the-brave-2017,F:\MediaStack\data\media\movies\Only the Brave (2017)\Only the Brave (2017) [Bluray-1080p] {imdb-tt3829920}.leapfrog.json,235
imdb://tt15398776,F:\MediaStack\data\media\movies\Oppenheimer (2023)\Oppenheimer (2023) [Bluray-1080p] {imdb-tt15398776}.mkv,movie,Oppenheimer,written,title-only movie match,696203,oppenheimer,F:\MediaStack\data\media\movies\Oppenheimer (2023)\Oppenheimer (2023) [Bluray-1080p] {imdb-tt15398776}.leapfrog.json,86
imdb://tt28066777,F:\MediaStack\data\media\movies\Orion and the Dark (2024)\Orion and the Dark (2024) [WEBRip-1080p] {imdb-tt28066777}.mkv,movie,Orion and the Dark,written,title-only movie match,696798,orion-and-the-dark,F:\MediaStack\data\media\movies\Orion and the Dark (2024)\Orion and the Dark (2024) [WEBRip-1080p] {imdb-tt28066777}.leapfrog.json,125
imdb://tt0125439,F:\MediaStack\data\media\movies\Notting Hill (1999)\Notting Hill (1999) [Bluray-1080p] {imdb-tt0125439}.mkv,movie,Notting Hill,written,title-only movie match,2018,notting-hill,F:\MediaStack\data\media\movies\Notting Hill (1999)\Notting Hill (1999) [Bluray-1080p] {imdb-tt0125439}.leapfrog.json,137
imdb://tt1483013,F:\MediaStack\data\media\movies\Oblivion (2013)\Oblivion (2013) [Bluray-1080p] {imdb-tt1483013}.mp4,movie,Oblivion,written,title-only movie match,1443,oblivion,F:\MediaStack\data\media\movies\Oblivion (2013)\Oblivion (2013) [Bluray-1080p] {imdb-tt1483013}.leapfrog.json,58
imdb://tt0132477,F:\MediaStack\data\media\movies\October Sky (1999)\October Sky (1999) [Bluray-1080p] {imdb-tt0132477}.mkv,movie,October Sky,written,title-only movie match,1766,october-sky,F:\MediaStack\data\media\movies\October Sky (1999)\October Sky (1999) [Bluray-1080p] {imdb-tt0132477}.leapfrog.json,98
imdb://tt10954652,F:\MediaStack\data\media\movies\Old (2021)\Old (2021) [Bluray-1080p] {imdb-tt10954652}.mkv,movie,Old,written,title-only movie match,693731,old,F:\MediaStack\data\media\movies\Old (2021)\Old (2021) [Bluray-1080p] {imdb-tt10954652}.leapfrog.json,183
imdb://tt0302886,F:\MediaStack\data\media\movies\Old School (2003)\Old School (2003) [Bluray-1080p] {imdb-tt0302886}.mkv,movie,Old School,written,title-only movie match,3124,old-school,F:\MediaStack\data\media\movies\Old School (2003)\Old School (2003) [Bluray-1080p] {imdb-tt0302886}.leapfrog.json,180
imdb://tt0364569,F:\MediaStack\data\media\movies\Oldboy (2003)\Oldboy (2003) [Bluray-1080p] {imdb-tt0364569}.mp4,movie,Oldboy,written,title-only movie match,1102,oldboy,F:\MediaStack\data\media\movies\Oldboy (2003)\Oldboy (2003) [Bluray-1080p] {imdb-tt0364569}.leapfrog.json,221
imdb://tt6878306,F:\MediaStack\data\media\movies\News of the World (2020)\News of the World (2020) [Bluray-1080p] {imdb-tt6878306}.mkv,movie,News of the World,written,title-only movie match,693598,news-of-the-world,F:\MediaStack\data\media\movies\News of the World (2020)\News of the World (2020) [Bluray-1080p] {imdb-tt6878306}.leapfrog.json,77
imdb://tt0110657,F:\MediaStack\data\media\movies\The Next Karate Kid (1994)\The Next Karate Kid (1994) [Bluray-1080p] {imdb-tt0110657}.mp4,movie,The Next Karate Kid,written,title-only movie match,2356,the-next-karate-kid,F:\MediaStack\data\media\movies\The Next Karate Kid (1994)\The Next Karate Kid (1994) [Bluray-1080p] {imdb-tt0110657}.leapfrog.json,109
imdb://tt2382320,F:\MediaStack\data\media\movies\No Time to Die (2021)\No Time to Die (2021) [Bluray-1080p] {imdb-tt2382320}.mp4,movie,No Time to Die,written,title-only movie match,678009,no-time-to-die,F:\MediaStack\data\media\movies\No Time to Die (2021)\No Time to Die (2021) [Bluray-1080p] {imdb-tt2382320}.leapfrog.json,213
imdb://tt1959490,F:\MediaStack\data\media\movies\Noah (2014)\Noah (2014) [Bluray-1080p] {imdb-tt1959490}.mp4,movie,Noah,written,title-only movie match,1182,noah,F:\MediaStack\data\media\movies\Noah (2014)\Noah (2014) [Bluray-1080p] {imdb-tt1959490}.leapfrog.json,104
imdb://tt4550098,F:\MediaStack\data\media\movies\Nocturnal Animals (2016)\Nocturnal Animals (2016) [Bluray-1080p] {imdb-tt4550098}.mkv,movie,Nocturnal Animals,written,title-only movie match,177281,nocturnal-animals,F:\MediaStack\data\media\movies\Nocturnal Animals (2016)\Nocturnal Animals (2016) [Bluray-1080p] {imdb-tt4550098}.leapfrog.json,254
imdb://tt1594972,F:\MediaStack\data\media\movies\Norm of the North (2016)\Norm of the North (2016) [Bluray-1080p] {imdb-tt1594972}.mkv,movie,Norm of the North,written,title-only movie match,2740,norm-of-the-north,F:\MediaStack\data\media\movies\Norm of the North (2016)\Norm of the North (2016) [Bluray-1080p] {imdb-tt1594972}.leapfrog.json,93
imdb://tt0132347,F:\MediaStack\data\media\movies\Mystery Men (1999)\Mystery Men (1999) [Bluray-1080p] {imdb-tt0132347}.mp4,movie,Mystery Men,written,title-only movie match,3043,mystery-men,F:\MediaStack\data\media\movies\Mystery Men (1999)\Mystery Men (1999) [Bluray-1080p] {imdb-tt0132347}.leapfrog.json,134
imdb://tt0457510,F:\MediaStack\data\media\movies\Nacho Libre (2006)\Nacho Libre (2006) [Bluray-1080p] {imdb-tt0457510}.mkv,movie,Nacho Libre,written,title-only movie match,2204,nacho-libre,F:\MediaStack\data\media\movies\Nacho Libre (2006)\Nacho Libre (2006) [Bluray-1080p] {imdb-tt0457510}.leapfrog.json,93
imdb://tt3402138,F:\MediaStack\data\media\movies\The Naked Gun (2025)\The Naked Gun (2025) [Bluray-1080p] {imdb-tt3402138}.mkv,movie,The Naked Gun,written,title-only movie match,702915,the-naked-gun,F:\MediaStack\data\media\movies\The Naked Gun (2025)\The Naked Gun (2025) [Bluray-1080p] {imdb-tt3402138}.leapfrog.json,185
imdb://tt0102510,F:\MediaStack\data\media\movies\The Naked Gun 2½ - The Smell of Fear (1991)\The Naked Gun 2½ The Smell of Fear (1991) [Bluray-720p] {imdb-tt0102510}.mkv,movie,The Naked Gun 2½: The Smell of Fear,written,title-only movie match,660693,the-naked-gun-212-the-smell-of-fear,F:\MediaStack\data\media\movies\The Naked Gun 2½ - The Smell of Fear (1991)\The Naked Gun 2½ The Smell of Fear (1991) [Bluray-720p] {imdb-tt0102510}.leapfrog.json,206
imdb://tt0095705,F:\MediaStack\data\media\movies\The Naked Gun - From the Files of Police Squad! (1988)\The Naked Gun From the Files of Police Squad! (1988) [WEBDL-1080p] {imdb-tt0095705}.mkv,movie,The Naked Gun: From the Files of Police Squad!,written,title-only movie match,3417,the-naked-gun-from-the-files-of-the-police-squad,F:\MediaStack\data\media\movies\The Naked Gun - From the Files of Police Squad! (1988)\The Naked Gun From the Files of Police Squad! (1988) [WEBDL-1080p] {imdb-tt0095705}.leapfrog.json,157
imdb://tt0396752,F:\MediaStack\data\media\movies\Nanny McPhee (2005)\Nanny McPhee (2005) [Bluray-1080p] {imdb-tt0396752}.mkv,movie,Nanny McPhee,written,title-only movie match,3292,nanny-mcphee,F:\MediaStack\data\media\movies\Nanny McPhee (2005)\Nanny McPhee (2005) [Bluray-1080p] {imdb-tt0396752}.leapfrog.json,142
imdb://tt13287846,F:\MediaStack\data\media\movies\Napoleon (2023)\Napoleon (2023) [WEBDL-1080p] {imdb-tt13287846}.mkv,movie,Napoleon,written,title-only movie match,696623,napoleon-23c41,F:\MediaStack\data\media\movies\Napoleon (2023)\Napoleon (2023) [WEBDL-1080p] {imdb-tt13287846}.leapfrog.json,223
imdb://tt0113957,F:\MediaStack\data\media\movies\The Net (1995)\The Net (1995) [Bluray-1080p] {imdb-tt0113957}.mp4,movie,The Net,written,title-only movie match,1335,the-net,F:\MediaStack\data\media\movies\The Net (1995)\The Net (1995) [Bluray-1080p] {imdb-tt0113957}.leapfrog.json,144
imdb://tt0119738,F:\MediaStack\data\media\movies\My Best Friend's Wedding (1997)\My Best Friends Wedding (1997) [Bluray-1080p] {imdb-tt0119738}.mkv,movie,My Best Friend's Wedding,written,title-only movie match,1378,my-best-friends-wedding,F:\MediaStack\data\media\movies\My Best Friend's Wedding (1997)\My Best Friends Wedding (1997) [Bluray-1080p] {imdb-tt0119738}.leapfrog.json,92
imdb://tt1748122,F:\MediaStack\data\media\movies\Moonrise Kingdom (2012)\Moonrise Kingdom (2012) [Bluray-1080p] {imdb-tt1748122}.mp4,movie,Moonrise Kingdom,written,title-only movie match,2364,moonrise-kingdom,F:\MediaStack\data\media\movies\Moonrise Kingdom (2012)\Moonrise Kingdom (2012) [Bluray-1080p] {imdb-tt1748122}.leapfrog.json,88
imdb://tt5108870,F:\MediaStack\data\media\movies\Morbius (2022)\Morbius (2022) [Bluray-1080p] {imdb-tt5108870}.mp4,movie,Morbius,written,title-only movie match,693159,morbius,F:\MediaStack\data\media\movies\Morbius (2022)\Morbius (2022) [Bluray-1080p] {imdb-tt5108870}.leapfrog.json,149
imdb://tt1126618,F:\MediaStack\data\media\movies\Morning Glory (2010)\Morning Glory (2010) [Bluray-1080p] {imdb-tt1126618}.mp4,movie,Morning Glory,written,title-only movie match,3821,morning-glory,F:\MediaStack\data\media\movies\Morning Glory (2010)\Morning Glory (2010) [Bluray-1080p] {imdb-tt1126618}.leapfrog.json,159
imdb://tt0104926,F:\MediaStack\data\media\movies\Mr. Baseball (1992)\Mr. Baseball (1992) [Bluray-1080p] {imdb-tt0104926}.mkv,movie,Mr. Baseball,written,title-only movie match,14263,mr-baseball,F:\MediaStack\data\media\movies\Mr. Baseball (1992)\Mr. Baseball (1992) [Bluray-1080p] {imdb-tt0104926}.leapfrog.json,160
imdb://tt0453451,F:\MediaStack\data\media\movies\Mr. Bean's Holiday (2007)\Mr. Beans Holiday (2007) [Bluray-1080p] {imdb-tt0453451}.mp4,movie,Mr. Bean's Holiday,written,title-only movie match,3245,mr-beans-holiday,F:\MediaStack\data\media\movies\Mr. Bean's Holiday (2007)\Mr. Beans Holiday (2007) [Bluray-1080p] {imdb-tt0453451}.leapfrog.json,77
imdb://tt0280590,F:\MediaStack\data\media\movies\Mr. Deeds (2002)\Mr. Deeds (2002) [Bluray-1080p] {imdb-tt0280590}.mp4,movie,Mr. Deeds,written,title-only movie match,1690,mr-deeds,F:\MediaStack\data\media\movies\Mr. Deeds (2002)\Mr. Deeds (2002) [Bluray-1080p] {imdb-tt0280590}.leapfrog.json,184
imdb://tt0864835,F:\MediaStack\data\media\movies\Mr. Peabody & Sherman (2014)\Mr. Peabody and Sherman (2014) [Bluray-1080p] {imdb-tt0864835}.mp4,movie,Mr. Peabody & Sherman,written,title-only movie match,1543,mr-peabody-and-sherman,F:\MediaStack\data\media\movies\Mr. Peabody & Sherman (2014)\Mr. Peabody and Sherman (2014) [Bluray-1080p] {imdb-tt0864835}.leapfrog.json,81
imdb://tt0120616,F:\MediaStack\data\media\movies\The Mummy (1999)\The Mummy (1999) [Bluray-1080p] {imdb-tt0120616}.mkv,movie,The Mummy,written,title-only movie match,2721,the-mummy-1999,F:\MediaStack\data\media\movies\The Mummy (1999)\The Mummy (1999) [Bluray-1080p] {imdb-tt0120616}.leapfrog.json,246
imdb://tt2345759,F:\MediaStack\data\media\movies\The Mummy (2017)\The Mummy (2017) [Bluray-1080p] {imdb-tt2345759}.mkv,movie,The Mummy,written,title-only movie match,2721,the-mummy-1999,F:\MediaStack\data\media\movies\The Mummy (2017)\The Mummy (2017) [Bluray-1080p] {imdb-tt2345759}.leapfrog.json,246
imdb://tt0120755,F:\MediaStack\data\media\movies\Mission - Impossible II (2000)\Mission Impossible II (2000) [Bluray-1080p] {imdb-tt0120755}.mkv,movie,Mission: Impossible II,written,title-only movie match,1707,mission-impossible-ii,F:\MediaStack\data\media\movies\Mission - Impossible II (2000)\Mission Impossible II (2000) [Bluray-1080p] {imdb-tt0120755}.leapfrog.json,178
imdb://tt0317919,F:\MediaStack\data\media\movies\Mission - Impossible III (2006)\Mission Impossible III (2006) [Bluray-1080p] {imdb-tt0317919}.mkv,movie,Mission: Impossible III,written,title-only movie match,1291,mission-impossible-iii,F:\MediaStack\data\media\movies\Mission - Impossible III (2006)\Mission Impossible III (2006) [Bluray-1080p] {imdb-tt0317919}.leapfrog.json,150
imdb://tt7979580,F:\MediaStack\data\media\movies\The Mitchells vs. the Machines (2021)\The Mitchells vs. the Machines (2021) [WEBRip-1080p] {imdb-tt7979580}.mp4,movie,The Mitchells vs. the Machines,written,title-only movie match,683297,the-mitchells-vs-the-machines,F:\MediaStack\data\media\movies\The Mitchells vs. the Machines (2021)\The Mitchells vs. the Machines (2021) [WEBRip-1080p] {imdb-tt7979580}.leapfrog.json,219
imdb://tt0091541,F:\MediaStack\data\media\movies\The Money Pit (1986)\The Money Pit (1986) [WEBDL-1080p] {imdb-tt0091541}.mkv,movie,The Money Pit,written,title-only movie match,2793,the-money-pit,F:\MediaStack\data\media\movies\The Money Pit (1986)\The Money Pit (1986) [WEBDL-1080p] {imdb-tt0091541}.leapfrog.json,184
imdb://tt1210166,F:\MediaStack\data\media\movies\Moneyball (2011)\Moneyball (2011) [Bluray-1080p] {imdb-tt1210166}.mkv,movie,Moneyball,written,title-only movie match,1222,moneyball,F:\MediaStack\data\media\movies\Moneyball (2011)\Moneyball (2011) [Bluray-1080p] {imdb-tt1210166}.leapfrog.json,43
imdb://tt0385880,F:\MediaStack\data\media\movies\Monster House (2006)\Monster House (2006) [Bluray-1080p] {imdb-tt0385880}.mkv,movie,Monster House,written,title-only movie match,2367,monster-house,F:\MediaStack\data\media\movies\Monster House (2006)\Monster House (2006) [Bluray-1080p] {imdb-tt0385880}.leapfrog.json,187
imdb://tt3095734,F:\MediaStack\data\media\movies\Monster Trucks (2016)\Monster Trucks (2016) [Bluray-1080p] {imdb-tt3095734}.mp4,movie,Monster Trucks,written,title-only movie match,133144,monster-trucks,F:\MediaStack\data\media\movies\Monster Trucks (2016)\Monster Trucks (2016) [Bluray-1080p] {imdb-tt3095734}.leapfrog.json,52
imdb://tt0071853,F:\MediaStack\data\media\movies\Monty Python and the Holy Grail (1975)\Monty Python and the Holy Grail (1975) [Bluray-1080p] {imdb-tt0071853}.mkv,movie,Monty Python and the Holy Grail,written,title-only movie match,2321,monty-python-and-the-holy-grail,F:\MediaStack\data\media\movies\Monty Python and the Holy Grail (1975)\Monty Python and the Holy Grail (1975) [Bluray-1080p] {imdb-tt0071853}.leapfrog.json,138
imdb://tt2293640,F:\MediaStack\data\media\movies\Minions (2015)\Minions (2015) [Bluray-1080p] {imdb-tt2293640}.mkv,movie,Minions,written,title-only movie match,2402,minions,F:\MediaStack\data\media\movies\Minions (2015)\Minions (2015) [Bluray-1080p] {imdb-tt2293640}.leapfrog.json,162
imdb://tt5113044,F:\MediaStack\data\media\movies\Minions - The Rise of Gru (2022)\Minions The Rise of Gru (2022) [Bluray-1080p] {imdb-tt5113044}.mkv,movie,Minions: The Rise of Gru,written,title-only movie match,691278,minions-the-rise-of-gru,F:\MediaStack\data\media\movies\Minions - The Rise of Gru (2022)\Minions The Rise of Gru (2022) [Bluray-1080p] {imdb-tt5113044}.leapfrog.json,153
imdb://tt4257926,F:\MediaStack\data\media\movies\Miracles from Heaven (2016)\Miracles from Heaven (2016) [Bluray-1080p] {imdb-tt4257926}.mkv,movie,Miracles from Heaven,written,title-only movie match,2944,miracles-from-heaven,F:\MediaStack\data\media\movies\Miracles from Heaven (2016)\Miracles from Heaven (2016) [Bluray-1080p] {imdb-tt4257926}.leapfrog.json,107
imdb://tt0117060,F:\MediaStack\data\media\movies\Mission - Impossible (1996)\Mission Impossible (1996) [Bluray-1080p] {imdb-tt0117060}.mkv,movie,Mission: Impossible,written,title-only movie match,1709,mission-impossible,F:\MediaStack\data\media\movies\Mission - Impossible (1996)\Mission Impossible (1996) [Bluray-1080p] {imdb-tt0117060}.leapfrog.json,113
imdb://tt9603212,F:\MediaStack\data\media\movies\Mission - Impossible - Dead Reckoning Part One (2023)\Mission Impossible Dead Reckoning Part One (2023) [Bluray-1080p] {imdb-tt9603212}.mkv,movie,Mission: Impossible - Dead Reckoning,written,title-only movie match,695578,mission-impossible-dead-reckoning-part-one,F:\MediaStack\data\media\movies\Mission - Impossible - Dead Reckoning Part One (2023)\Mission Impossible Dead Reckoning Part One (2023) [Bluray-1080p] {imdb-tt9603212}.leapfrog.json,197
imdb://tt4912910,F:\MediaStack\data\media\movies\Mission - Impossible - Fallout (2018)\Mission Impossible Fallout (2018) [Bluray-1080p] {imdb-tt4912910}.mkv,movie,Mission: Impossible - Fallout,written,title-only movie match,670559,mission-impossible-fallout,F:\MediaStack\data\media\movies\Mission - Impossible - Fallout (2018)\Mission Impossible Fallout (2018) [Bluray-1080p] {imdb-tt4912910}.leapfrog.json,171
imdb://tt2381249,F:\MediaStack\data\media\movies\Mission - Impossible - Rogue Nation (2015)\Mission Impossible Rogue Nation (2015) [Bluray-1080p] {imdb-tt2381249}.mkv,movie,Mission: Impossible - Rogue Nation,written,title-only movie match,2399,mission-impossible-rogue-nation,F:\MediaStack\data\media\movies\Mission - Impossible - Rogue Nation (2015)\Mission Impossible Rogue Nation (2015) [Bluray-1080p] {imdb-tt2381249}.leapfrog.json,111
imdb://tt9603208,F:\MediaStack\data\media\movies\Mission - Impossible - The Final Reckoning (2025)\Mission Impossible The Final Reckoning (2025) [Bluray-1080p] {imdb-tt9603208}.mkv,movie,Mission: Impossible - The Final Reckoning,written,title-only movie match,702489,mission-impossible-the-final-reckoning,F:\MediaStack\data\media\movies\Mission - Impossible - The Final Reckoning (2025)\Mission Impossible The Final Reckoning (2025) [Bluray-1080p] {imdb-tt9603208}.leapfrog.json,201
imdb://tt0119643,F:\MediaStack\data\media\movies\Meet Joe Black (1998)\Meet Joe Black (1998) [Bluray-1080p] {imdb-tt0119643}.mkv,movie,Meet Joe Black,written,title-only movie match,2256,meet-joe-black,F:\MediaStack\data\media\movies\Meet Joe Black (1998)\Meet Joe Black (1998) [Bluray-1080p] {imdb-tt0119643}.leapfrog.json,121
imdb://tt0290002,F:\MediaStack\data\media\movies\Meet the Fockers (2004)\Meet the Fockers (2004) [Bluray-1080p] {imdb-tt0290002}.mkv,movie,Meet the Fockers,written,title-only movie match,1191,meet-the-fockers,F:\MediaStack\data\media\movies\Meet the Fockers (2004)\Meet the Fockers (2004) [Bluray-1080p] {imdb-tt0290002}.leapfrog.json,165
imdb://tt0212338,F:\MediaStack\data\media\movies\Meet the Parents (2000)\Meet the Parents (2000) [Bluray-1080p] {imdb-tt0212338}.mp4,movie,Meet the Parents,written,title-only movie match,1029,meet-the-parents,F:\MediaStack\data\media\movies\Meet the Parents (2000)\Meet the Parents (2000) [Bluray-1080p] {imdb-tt0212338}.leapfrog.json,128
imdb://tt4899370,F:\MediaStack\data\media\movies\Megan Leavey (2017)\Megan Leavey (2017) [WEBRip-1080p] {imdb-tt4899370}.mkv,movie,Megan Leavey,written,title-only movie match,220740,megan-leavey,F:\MediaStack\data\media\movies\Megan Leavey (2017)\Megan Leavey (2017) [WEBRip-1080p] {imdb-tt4899370}.leapfrog.json,133
imdb://tt0209144,F:\MediaStack\data\media\movies\Memento (2000)\Memento (2000) [Bluray-1080p] {imdb-tt0209144}.mp4,movie,Memento,written,title-only movie match,1659,memento,F:\MediaStack\data\media\movies\Memento (2000)\Memento (2000) [Bluray-1080p] {imdb-tt0209144}.leapfrog.json,248
imdb://tt0119654,F:\MediaStack\data\media\movies\Men in Black (1997)\Men in Black (1997) [Bluray-1080p] {imdb-tt0119654}.mp4,movie,Men in Black,written,title-only movie match,1032,men-in-black,F:\MediaStack\data\media\movies\Men in Black (1997)\Men in Black (1997) [Bluray-1080p] {imdb-tt0119654}.leapfrog.json,160
imdb://tt0120912,F:\MediaStack\data\media\movies\Men in Black II (2002)\Men in Black II (2002) [Bluray-1080p] {imdb-tt0120912}.mp4,movie,Men in Black II,written,title-only movie match,1450,men-in-black-ii,F:\MediaStack\data\media\movies\Men in Black II (2002)\Men in Black II (2002) [Bluray-1080p] {imdb-tt0120912}.leapfrog.json,164
imdb://tt2283336,F:\MediaStack\data\media\movies\Men in Black - International (2019)\Men in Black International (2019) [Bluray-1080p] {imdb-tt2283336}.mp4,movie,Men in Black: International,written,title-only movie match,674645,men-in-black-international,F:\MediaStack\data\media\movies\Men in Black - International (2019)\Men in Black International (2019) [Bluray-1080p] {imdb-tt2283336}.leapfrog.json,141
imdb://tt1409024,F:\MediaStack\data\media\movies\Men in Black 3 (2012)\Men in Black 3 (2012) [Bluray-1080p] {imdb-tt1409024}.mp4,movie,Men in Black³,written,title-only movie match,1032,men-in-black,F:\MediaStack\data\media\movies\Men in Black 3 (2012)\Men in Black 3 (2012) [Bluray-1080p] {imdb-tt1409024}.leapfrog.json,160
imdb://tt1605783,F:\MediaStack\data\media\movies\Midnight in Paris (2011)\Midnight in Paris (2011) [Bluray-1080p] {imdb-tt1605783}.mkv,movie,Midnight in Paris,written,title-only movie match,2051,midnight-in-paris,F:\MediaStack\data\media\movies\Midnight in Paris (2011)\Midnight in Paris (2011) [Bluray-1080p] {imdb-tt1605783}.leapfrog.json,77
imdb://tt6924650,F:\MediaStack\data\media\movies\Midway (2019)\Midway (2019) [Bluray-1080p] {imdb-tt6924650}.mkv,movie,Midway,written,title-only movie match,676300,midway-6d417,F:\MediaStack\data\media\movies\Midway (2019)\Midway (2019) [Bluray-1080p] {imdb-tt6924650}.leapfrog.json,244
imdb://tt0368008,F:\MediaStack\data\media\movies\The Manchurian Candidate (2004)\The Manchurian Candidate (2004) [Bluray-1080p] {imdb-tt0368008}.mkv,movie,The Manchurian Candidate,written,title-only movie match,2962,the-manchurian-candidate-2004,F:\MediaStack\data\media\movies\The Manchurian Candidate (2004)\The Manchurian Candidate (2004) [Bluray-1080p] {imdb-tt0368008}.leapfrog.json,105
imdb://tt1615147,F:\MediaStack\data\media\movies\Margin Call (2011)\Margin Call (2011) [Bluray-1080p] {imdb-tt1615147}.mkv,movie,Margin Call,written,title-only movie match,2646,margin-call,F:\MediaStack\data\media\movies\Margin Call (2011)\Margin Call (2011) [Bluray-1080p] {imdb-tt1615147}.leapfrog.json,137
imdb://tt0120746,F:\MediaStack\data\media\movies\The Mask of Zorro (1998)\The Mask of Zorro (1998) [Bluray-1080p] {imdb-tt0120746}.mkv,movie,The Mask of Zorro,written,title-only movie match,2669,the-mask-of-zorro,F:\MediaStack\data\media\movies\The Mask of Zorro (1998)\The Mask of Zorro (1998) [Bluray-1080p] {imdb-tt0120746}.leapfrog.json,166
imdb://tt0117008,F:\MediaStack\data\media\movies\Matilda (1996)\Matilda (1996) [Bluray-1080p] {imdb-tt0117008}.mp4,movie,Matilda,written,title-only movie match,2705,matilda-1996,F:\MediaStack\data\media\movies\Matilda (1996)\Matilda (1996) [Bluray-1080p] {imdb-tt0117008}.leapfrog.json,146
imdb://tt0351283,F:\MediaStack\data\media\movies\Madagascar (2005)\Madagascar (2005) [Bluray-1080p] {imdb-tt0351283}.mkv,movie,Madagascar,written,title-only movie match,1309,madagascar,F:\MediaStack\data\media\movies\Madagascar (2005)\Madagascar (2005) [Bluray-1080p] {imdb-tt0351283}.leapfrog.json,145
imdb://tt1277953,F:\MediaStack\data\media\movies\Madagascar 3 - Europe's Most Wanted (2012)\Madagascar 3 Europes Most Wanted (2012) [Bluray-1080p] {imdb-tt1277953}.mkv,movie,Madagascar 3: Europe's Most Wanted,written,title-only movie match,2381,madagascar-3-europes-most-wanted,F:\MediaStack\data\media\movies\Madagascar 3 - Europe's Most Wanted (2012)\Madagascar 3 Europes Most Wanted (2012) [Bluray-1080p] {imdb-tt1277953}.leapfrog.json,177
imdb://tt0479952,F:\MediaStack\data\media\movies\Madagascar - Escape 2 Africa (2008)\Madagascar Escape 2 Africa (2008) [Bluray-1080p] {imdb-tt0479952}.mp4,movie,Madagascar: Escape 2 Africa,written,title-only movie match,1256,madagascar-escape-2-africa,F:\MediaStack\data\media\movies\Madagascar - Escape 2 Africa (2008)\Madagascar Escape 2 Africa (2008) [Bluray-1080p] {imdb-tt0479952}.leapfrog.json,99
imdb://tt0866439,F:\MediaStack\data\media\movies\Made of Honor (2008)\Made of Honor (2008) [WEBDL-1080p] {imdb-tt0866439}.mkv,movie,Made of Honor,written,title-only movie match,1235,made-of-honor,F:\MediaStack\data\media\movies\Made of Honor (2008)\Made of Honor (2008) [WEBDL-1080p] {imdb-tt0866439}.leapfrog.json,198
imdb://tt0252076,F:\MediaStack\data\media\movies\Maid in Manhattan (2002)\Maid in Manhattan (2002) [Bluray-1080p] {imdb-tt0252076}.mkv,movie,Maid in Manhattan,written,title-only movie match,3352,maid-in-manhattan,F:\MediaStack\data\media\movies\Maid in Manhattan (2002)\Maid in Manhattan (2002) [Bluray-1080p] {imdb-tt0252076}.leapfrog.json,149
imdb://tt0795421,F:\MediaStack\data\media\movies\Mamma Mia! (2008)\Mamma Mia! (2008) [Bluray-1080p] {imdb-tt0795421}.mp4,movie,Mamma Mia!,written,title-only movie match,1691,mamma-mia,F:\MediaStack\data\media\movies\Mamma Mia! (2008)\Mamma Mia! (2008) [Bluray-1080p] {imdb-tt0795421}.leapfrog.json,205
imdb://tt7405458,F:\MediaStack\data\media\movies\A Man Called Otto (2022)\A Man Called Otto (2022) [WEBDL-1080p] {imdb-tt7405458}.mkv,movie,A Man Called Otto,written,title-only movie match,693293,a-man-called-otto,F:\MediaStack\data\media\movies\A Man Called Otto (2022)\A Man Called Otto (2022) [WEBDL-1080p] {imdb-tt7405458}.leapfrog.json,79
imdb://tt0060665,F:\MediaStack\data\media\movies\A Man for All Seasons (1966)\A Man for All Seasons (1966) [Bluray-1080p] {imdb-tt0060665}.mkv,movie,A Man for All Seasons,written,title-only movie match,1134,a-man-for-all-seasons,F:\MediaStack\data\media\movies\A Man for All Seasons (1966)\A Man for All Seasons (1966) [Bluray-1080p] {imdb-tt0060665}.leapfrog.json,37
imdb://tt0120744,F:\MediaStack\data\media\movies\The Man in the Iron Mask (1998)\The Man in the Iron Mask (1998) [Bluray-1080p] {imdb-tt0120744}.mkv,movie,The Man in the Iron Mask,written,title-only movie match,2983,the-man-in-the-iron-mask,F:\MediaStack\data\media\movies\The Man in the Iron Mask (1998)\The Man in the Iron Mask (1998) [Bluray-1080p] {imdb-tt0120744}.leapfrog.json,183
imdb://tt0398165,F:\MediaStack\data\media\movies\The Longest Yard (2005)\The Longest Yard (2005) [Bluray-1080p] {imdb-tt0398165}.mp4,movie,The Longest Yard,written,title-only movie match,636656,the-longest-yard-2005,F:\MediaStack\data\media\movies\The Longest Yard (2005)\The Longest Yard (2005) [Bluray-1080p] {imdb-tt0398165}.leapfrog.json,338
imdb://tt0399295,F:\MediaStack\data\media\movies\Lord of War (2005)\Lord of War (2005) [Bluray-1080p] {imdb-tt0399295}.mkv,movie,Lord of War,written,title-only movie match,3056,lord-of-war,F:\MediaStack\data\media\movies\Lord of War (2005)\Lord of War (2005) [Bluray-1080p] {imdb-tt0399295}.leapfrog.json,184
imdb://tt13320622,F:\MediaStack\data\media\movies\The Lost City (2022)\The Lost City (2022) [Bluray-1080p] {imdb-tt13320622}.mkv,movie,The Lost City,written,title-only movie match,689460,the-lost-city,F:\MediaStack\data\media\movies\The Lost City (2022)\The Lost City (2022) [Bluray-1080p] {imdb-tt13320622}.leapfrog.json,311
imdb://tt0335266,F:\MediaStack\data\media\movies\Lost in Translation (2003)\Lost in Translation (2003) [Bluray-1080p] {imdb-tt0335266}.mkv,movie,Lost in Translation,written,title-only movie match,2840,lost-in-translation,F:\MediaStack\data\media\movies\Lost in Translation (2003)\Lost in Translation (2003) [Bluray-1080p] {imdb-tt0335266}.leapfrog.json,58
imdb://tt0119567,F:\MediaStack\data\media\movies\The Lost World - Jurassic Park (1997)\The Lost World Jurassic Park (1997) [Bluray-1080p] {imdb-tt0119567}.mkv,movie,The Lost World: Jurassic Park,written,title-only movie match,1647,the-lost-world-jurassic-park,F:\MediaStack\data\media\movies\The Lost World - Jurassic Park (1997)\The Lost World Jurassic Park (1997) [Bluray-1080p] {imdb-tt0119567}.leapfrog.json,114
imdb://tt2222042,F:\MediaStack\data\media\movies\Love and Monsters (2020)\Love and Monsters (2020) [Bluray-1080p] {imdb-tt2222042}.mkv,movie,Love and Monsters,written,title-only movie match,689055,love-and-monsters,F:\MediaStack\data\media\movies\Love and Monsters (2020)\Love and Monsters (2020) [Bluray-1080p] {imdb-tt2222042}.leapfrog.json,159
imdb://tt14668630,"F:\MediaStack\data\media\movies\Lyle, Lyle, Crocodile (2022)\Lyle Lyle Crocodile (2022) [WEBDL-1080p] {imdb-tt14668630}.mkv",movie,"Lyle, Lyle, Crocodile",written,title-only movie match,694205,lyle-lyle-crocodile,"F:\MediaStack\data\media\movies\Lyle, Lyle, Crocodile (2022)\Lyle Lyle Crocodile (2022) [WEBDL-1080p] {imdb-tt14668630}.leapfrog.json",69
imdb://tt0110366,F:\MediaStack\data\media\movies\The Little Rascals (1994)\The Little Rascals (1994) [Bluray-1080p] {imdb-tt0110366}.mp4,movie,The Little Rascals,written,title-only movie match,3036,the-little-rascals,F:\MediaStack\data\media\movies\The Little Rascals (1994)\The Little Rascals (1994) [Bluray-1080p] {imdb-tt0110366}.leapfrog.json,139
imdb://tt3300542,F:\MediaStack\data\media\movies\London Has Fallen (2016)\London Has Fallen (2016) [Bluray-1080p] {imdb-tt3300542}.mkv,movie,London Has Fallen,written,title-only movie match,3239,london-has-fallen,F:\MediaStack\data\media\movies\London Has Fallen (2016)\London Has Fallen (2016) [Bluray-1080p] {imdb-tt3300542}.leapfrog.json,197
imdb://tt1091191,F:\MediaStack\data\media\movies\Lone Survivor (2013)\Lone Survivor (2013) [Bluray-1080p] {imdb-tt1091191}.mp4,movie,Lone Survivor,written,title-only movie match,1161,lone-survivor,F:\MediaStack\data\media\movies\Lone Survivor (2013)\Lone Survivor (2013) [Bluray-1080p] {imdb-tt1091191}.leapfrog.json,375
local://25184,F:\MediaStack\data\media\movies\Limitless (2011)\Limitless (2011) [Bluray-1080P] {Imdb-Tt1219289}.Clean.mp4,movie,Limitless,written,title-only movie match,1656,limitless,F:\MediaStack\data\media\movies\Limitless (2011)\Limitless (2011) [Bluray-1080P] {Imdb-Tt1219289}.Clean.leapfrog.json,129
imdb://tt3741834,F:\MediaStack\data\media\movies\Lion (2016)\Lion (2016) [Bluray-1080p] {imdb-tt3741834}.mkv,movie,Lion,written,title-only movie match,173924,lion,F:\MediaStack\data\media\movies\Lion (2016)\Lion (2016) [Bluray-1080p] {imdb-tt3741834}.leapfrog.json,39
imdb://tt0084237,F:\MediaStack\data\media\movies\The Last Unicorn (1982)\The Last Unicorn (1982) [Bluray-1080p] {imdb-tt0084237}.mkv,movie,The Last Unicorn,written,title-only movie match,3799,the-last-unicorn,F:\MediaStack\data\media\movies\The Last Unicorn (1982)\The Last Unicorn (1982) [Bluray-1080p] {imdb-tt0084237}.leapfrog.json,133
imdb://tt0104694,F:\MediaStack\data\media\movies\A League of Their Own (1992)\A League of Their Own (1992) [Bluray-1080p] {imdb-tt0104694}.mkv,movie,A League of Their Own,written,title-only movie match,2227,a-league-of-their-own-1992,F:\MediaStack\data\media\movies\A League of Their Own (1992)\A League of Their Own (1992) [Bluray-1080p] {imdb-tt0104694}.leapfrog.json,174
imdb://tt0089469,F:\MediaStack\data\media\movies\Legend (1985)\Legend (1985) [Bluray-1080p] {imdb-tt0089469}.mkv,movie,Legend,written,title-only movie match,2804,legend-2015,F:\MediaStack\data\media\movies\Legend (1985)\Legend (1985) [Bluray-1080p] {imdb-tt0089469}.leapfrog.json,375
imdb://tt0386140,F:\MediaStack\data\media\movies\The Legend of Zorro (2005)\The Legend of Zorro (2005) [Bluray-1080p] {imdb-tt0386140}.mkv,movie,The Legend of Zorro,written,title-only movie match,2684,the-legend-of-zorro,F:\MediaStack\data\media\movies\The Legend of Zorro (2005)\The Legend of Zorro (2005) [Bluray-1080p] {imdb-tt0386140}.leapfrog.json,266
imdb://tt0110322,F:\MediaStack\data\media\movies\Legends of the Fall (1994)\Legends of the Fall (1994) [Bluray-1080p] {imdb-tt0110322}.mkv,movie,Legends of the Fall,written,title-only movie match,2773,legends-of-the-fall,F:\MediaStack\data\media\movies\Legends of the Fall (1994)\Legends of the Fall (1994) [Bluray-1080p] {imdb-tt0110322}.leapfrog.json,155
imdb://tt5755238,F:\MediaStack\data\media\movies\Leo (2023)\Leo (2023) [WEBDL-1080p] {imdb-tt5755238}.mkv,movie,Leo,written,title-only movie match,696233,leo,F:\MediaStack\data\media\movies\Leo (2023)\Leo (2023) [WEBDL-1080p] {imdb-tt5755238}.leapfrog.json,187
imdb://tt0110413,F:\MediaStack\data\media\movies\Léon - The Professional (1994)\Leon The Professional (1994) [Bluray-1080p] {imdb-tt0110413}.mp4,movie,Léon: The Professional,written,title-only movie match,2692,leon-the-professional,F:\MediaStack\data\media\movies\Léon - The Professional (1994)\Leon The Professional (1994) [Bluray-1080p] {imdb-tt0110413}.leapfrog.json,196
imdb://tt1707386,F:\MediaStack\data\media\movies\Les Misérables (2012)\Les Miserables (2012) [Bluray-1080p] {imdb-tt1707386}.mkv,movie,Les Misérables,written,title-only movie match,1275,les-miserables,F:\MediaStack\data\media\movies\Les Misérables (2012)\Les Miserables (2012) [Bluray-1080p] {imdb-tt1707386}.leapfrog.json,140
imdb://tt1302011,F:\MediaStack\data\media\movies\Kung Fu Panda 2 (2011)\Kung Fu Panda 2 (2011) [Bluray-1080p] {imdb-tt1302011}.mp4,movie,Kung Fu Panda 2,written,title-only movie match,2222,kung-fu-panda-2,F:\MediaStack\data\media\movies\Kung Fu Panda 2 (2011)\Kung Fu Panda 2 (2011) [Bluray-1080p] {imdb-tt1302011}.leapfrog.json,123
imdb://tt2267968,F:\MediaStack\data\media\movies\Kung Fu Panda 3 (2016)\Kung Fu Panda 3 (2016) [Bluray-1080p] {imdb-tt2267968}.mkv,movie,Kung Fu Panda 3,written,title-only movie match,3159,kung-fu-panda-3,F:\MediaStack\data\media\movies\Kung Fu Panda 3 (2016)\Kung Fu Panda 3 (2016) [Bluray-1080p] {imdb-tt2267968}.leapfrog.json,146
imdb://tt21692408,F:\MediaStack\data\media\movies\Kung Fu Panda 4 (2024)\Kung Fu Panda 4 (2024) [Bluray-1080p] {imdb-tt21692408}.mp4,movie,Kung Fu Panda 4,written,title-only movie match,698199,kung-fu-panda-4,F:\MediaStack\data\media\movies\Kung Fu Panda 4 (2024)\Kung Fu Panda 4 (2024) [Bluray-1080p] {imdb-tt21692408}.leapfrog.json,136
imdb://tt3783958,F:\MediaStack\data\media\movies\La La Land (2016)\La La Land (2016) [Bluray-1080p] {imdb-tt3783958}.mkv,movie,La La Land,written,title-only movie match,162758,la-la-land,F:\MediaStack\data\media\movies\La La Land (2016)\La La Land (2016) [Bluray-1080p] {imdb-tt3783958}.leapfrog.json,83
imdb://tt1967545,F:\MediaStack\data\media\movies\Labor Day (2013)\Labor Day (2013) [Bluray-1080p] {imdb-tt1967545}.mkv,movie,Labor Day,written,title-only movie match,1076,labor-day,F:\MediaStack\data\media\movies\Labor Day (2013)\Labor Day (2013) [Bluray-1080p] {imdb-tt1967545}.leapfrog.json,74
imdb://tt0146316,F:\MediaStack\data\media\movies\Lara Croft - Tomb Raider (2001)\Lara Croft Tomb Raider (2001) [Bluray-1080p] {imdb-tt0146316}.mkv,movie,Lara Croft: Tomb Raider,written,title-only movie match,3374,lara-croft-tomb-raider,F:\MediaStack\data\media\movies\Lara Croft - Tomb Raider (2001)\Lara Croft Tomb Raider (2001) [Bluray-1080p] {imdb-tt0146316}.leapfrog.json,106
imdb://tt1103153,F:\MediaStack\data\media\movies\Killers (2010)\Killers (2010) [Bluray-1080p] {imdb-tt1103153}.mp4,movie,Killers,written,title-only movie match,2912,killers,F:\MediaStack\data\media\movies\Killers (2010)\Killers (2010) [Bluray-1080p] {imdb-tt1103153}.leapfrog.json,246
imdb://tt0099938,F:\MediaStack\data\media\movies\Kindergarten Cop (1990)\Kindergarten Cop (1990) [Bluray-1080p] {imdb-tt0099938}.mkv,movie,Kindergarten Cop,written,title-only movie match,2788,kindergarten-cop,F:\MediaStack\data\media\movies\Kindergarten Cop (1990)\Kindergarten Cop (1990) [Bluray-1080p] {imdb-tt0099938}.leapfrog.json,121
imdb://tt1504320,F:\MediaStack\data\media\movies\The King's Speech (2010)\The Kings Speech (2010) [Bluray-1080p] {imdb-tt1504320}.mkv,movie,The King's Speech,written,title-only movie match,1245,the-kings-speech,F:\MediaStack\data\media\movies\The King's Speech (2010)\The Kings Speech (2010) [Bluray-1080p] {imdb-tt1504320}.leapfrog.json,56
imdb://tt0119468,F:\MediaStack\data\media\movies\Kiss the Girls (1997)\Kiss the Girls (1997) [Bluray-1080p Proper] {imdb-tt0119468}.mkv,movie,Kiss the Girls,written,title-only movie match,664192,kiss-the-girls,F:\MediaStack\data\media\movies\Kiss the Girls (1997)\Kiss the Girls (1997) [Bluray-1080p Proper] {imdb-tt0119468}.leapfrog.json,170
imdb://tt4729430,F:\MediaStack\data\media\movies\Klaus (2019)\Klaus (2019) [WEBDL-1080p] {imdb-tt4729430}.mkv,movie,Klaus,written,title-only movie match,676311,klaus,F:\MediaStack\data\media\movies\Klaus (2019)\Klaus (2019) [WEBDL-1080p] {imdb-tt4729430}.leapfrog.json,74
imdb://tt0183790,F:\MediaStack\data\media\movies\A Knight's Tale (2001)\A Knights Tale (2001) [Bluray-1080p] {imdb-tt0183790}.mkv,movie,A Knight's Tale,written,title-only movie match,2031,a-knights-tale,F:\MediaStack\data\media\movies\A Knight's Tale (2001)\A Knights Tale (2001) [Bluray-1080p] {imdb-tt0183790}.leapfrog.json,112
imdb://tt8946378,F:\MediaStack\data\media\movies\Knives Out (2019)\Knives Out (2019) [Bluray-1080p] {imdb-tt8946378}.mkv,movie,Knives Out,written,title-only movie match,677022,knives-out,F:\MediaStack\data\media\movies\Knives Out (2019)\Knives Out (2019) [Bluray-1080p] {imdb-tt8946378}.leapfrog.json,186
imdb://tt15679400,F:\MediaStack\data\media\movies\Knock at the Cabin (2023)\Knock at the Cabin (2023) [Bluray-1080p] {imdb-tt15679400}.mp4,movie,Knock at the Cabin,written,title-only movie match,694759,knock-at-the-cabin,F:\MediaStack\data\media\movies\Knock at the Cabin (2023)\Knock at the Cabin (2023) [Bluray-1080p] {imdb-tt15679400}.leapfrog.json,87
imdb://tt0478311,F:\MediaStack\data\media\movies\Knocked Up (2007)\Knocked Up (2007) [Bluray-1080p] {imdb-tt0478311}.mp4,movie,Knocked Up,written,title-only movie match,2964,knocked-up,F:\MediaStack\data\media\movies\Knocked Up (2007)\Knocked Up (2007) [Bluray-1080p] {imdb-tt0478311}.leapfrog.json,701
imdb://tt0448011,F:\MediaStack\data\media\movies\Knowing (2009)\Knowing (2009) [Bluray-1080p] {imdb-tt0448011}.mkv,movie,Knowing,written,title-only movie match,3698,knowing,F:\MediaStack\data\media\movies\Knowing (2009)\Knowing (2009) [Bluray-1080p] {imdb-tt0448011}.leapfrog.json,74
imdb://tt14205554,F:\MediaStack\data\media\movies\KPop Demon Hunters (2025)\KPop Demon Hunters (2025) [WEBDL-1080p] {imdb-tt14205554}.mkv,movie,KPop Demon Hunters,written,title-only movie match,702256,kpop-demon-hunters,F:\MediaStack\data\media\movies\KPop Demon Hunters (2025)\KPop Demon Hunters (2025) [WEBDL-1080p] {imdb-tt14205554}.leapfrog.json,182
imdb://tt3850590,F:\MediaStack\data\media\movies\Krampus (2015)\Krampus (2015) [Bluray-1080p] {imdb-tt3850590}.mkv,movie,Krampus,written,title-only movie match,2744,krampus-2015,F:\MediaStack\data\media\movies\Krampus (2015)\Krampus (2015) [Bluray-1080p] {imdb-tt3850590}.leapfrog.json,188
imdb://tt8790086,F:\MediaStack\data\media\movies\Kraven the Hunter (2024)\Kraven the Hunter (2024) [Bluray-1080p] {imdb-tt8790086}.mp4,movie,Kraven the Hunter,written,title-only movie match,701661,kraven-the-hunter,F:\MediaStack\data\media\movies\Kraven the Hunter (2024)\Kraven the Hunter (2024) [Bluray-1080p] {imdb-tt8790086}.leapfrog.json,196
imdb://tt0441773,F:\MediaStack\data\media\movies\Kung Fu Panda (2008)\Kung Fu Panda (2008) [Bluray-1080p] {imdb-tt0441773}.mkv,movie,Kung Fu Panda,written,title-only movie match,2180,kung-fu-panda,F:\MediaStack\data\media\movies\Kung Fu Panda (2008)\Kung Fu Panda (2008) [Bluray-1080p] {imdb-tt0441773}.leapfrog.json,141
imdb://tt0107290,F:\MediaStack\data\media\movies\Jurassic Park (1993)\Jurassic Park (1993) [Bluray-1080p] {imdb-tt0107290}.mp4,movie,Jurassic Park,written,title-only movie match,1354,jurassic-park,F:\MediaStack\data\media\movies\Jurassic Park (1993)\Jurassic Park (1993) [Bluray-1080p] {imdb-tt0107290}.leapfrog.json,120
imdb://tt0163025,F:\MediaStack\data\media\movies\Jurassic Park III (2001)\Jurassic Park III (2001) [Bluray-1080p] {imdb-tt0163025}.mp4,movie,Jurassic Park III,written,title-only movie match,1649,jurassic-park-iii,F:\MediaStack\data\media\movies\Jurassic Park III (2001)\Jurassic Park III (2001) [Bluray-1080p] {imdb-tt0163025}.leapfrog.json,85
imdb://tt0369610,F:\MediaStack\data\media\movies\Jurassic World (2015)\Jurassic World (2015) [Bluray-1080p] {imdb-tt0369610}.mkv,movie,Jurassic World,written,title-only movie match,2162,jurassic-world,F:\MediaStack\data\media\movies\Jurassic World (2015)\Jurassic World (2015) [Bluray-1080p] {imdb-tt0369610}.leapfrog.json,116
imdb://tt8041270,F:\MediaStack\data\media\movies\Jurassic World Dominion (2022)\Jurassic World Dominion (2022) [Bluray-1080p] {imdb-tt8041270}.mp4,movie,Jurassic World: Dominion,written,title-only movie match,690653,jurassic-world-dominion,F:\MediaStack\data\media\movies\Jurassic World Dominion (2022)\Jurassic World Dominion (2022) [Bluray-1080p] {imdb-tt8041270}.leapfrog.json,155
imdb://tt4881806,F:\MediaStack\data\media\movies\Jurassic World - Fallen Kingdom (2018)\Jurassic World Fallen Kingdom (2018) [Bluray-1080p] {imdb-tt4881806}.mp4,movie,Jurassic World: Fallen Kingdom,written,title-only movie match,659191,jurassic-world-fallen-kingdom,F:\MediaStack\data\media\movies\Jurassic World - Fallen Kingdom (2018)\Jurassic World Fallen Kingdom (2018) [Bluray-1080p] {imdb-tt4881806}.leapfrog.json,126
imdb://tt31036941,F:\MediaStack\data\media\movies\Jurassic World Rebirth (2025)\Jurassic World Rebirth (2025) [Bluray-1080p] {imdb-tt31036941}.mp4,movie,Jurassic World: Rebirth,written,title-only movie match,702666,jurassic-world-rebirth,F:\MediaStack\data\media\movies\Jurassic World Rebirth (2025)\Jurassic World Rebirth (2025) [Bluray-1080p] {imdb-tt31036941}.leapfrog.json,146
imdb://tt1564367,F:\MediaStack\data\media\movies\Just Go with It (2011)\Just Go with It (2011) [Bluray-1080p] {imdb-tt1564367}.mp4,movie,Just Go with It,written,title-only movie match,2831,just-go-with-it,F:\MediaStack\data\media\movies\Just Go with It (2011)\Just Go with It (2011) [Bluray-1080p] {imdb-tt1564367}.leapfrog.json,380
imdb://tt0425123,F:\MediaStack\data\media\movies\Just Like Heaven (2005)\Just Like Heaven (2005) [WEBDL-1080p] {imdb-tt0425123}.mkv,movie,Just Like Heaven,written,title-only movie match,2882,just-like-heaven,F:\MediaStack\data\media\movies\Just Like Heaven (2005)\Just Like Heaven (2005) [WEBDL-1080p] {imdb-tt0425123}.leapfrog.json,111
imdb://tt0091326,F:\MediaStack\data\media\movies\The Karate Kid Part II (1986)\The Karate Kid Part II (1986) [Bluray-1080p] {imdb-tt0091326}.mkv,movie,The Karate Kid Part II,written,title-only movie match,2354,the-karate-kid-part-ii,F:\MediaStack\data\media\movies\The Karate Kid Part II (1986)\The Karate Kid Part II (1986) [Bluray-1080p] {imdb-tt0091326}.leapfrog.json,57
imdb://tt0097647,F:\MediaStack\data\media\movies\The Karate Kid Part III (1989)\The Karate Kid Part III (1989) [Bluray-1080p] {imdb-tt0097647}.mkv,movie,The Karate Kid Part III,written,title-only movie match,2355,the-karate-kid-part-iii,F:\MediaStack\data\media\movies\The Karate Kid Part III (1989)\The Karate Kid Part III (1989) [Bluray-1080p] {imdb-tt0097647}.leapfrog.json,155
imdb://tt1674782,F:\MediaStack\data\media\movies\Karate Kid - Legends (2025)\Karate Kid Legends (2025) [Bluray-1080p] {imdb-tt1674782}.mp4,movie,Karate Kid: Legends,written,title-only movie match,702913,karate-kid-legends,F:\MediaStack\data\media\movies\Karate Kid - Legends (2025)\Karate Kid Legends (2025) [Bluray-1080p] {imdb-tt1674782}.leapfrog.json,107
imdb://tt0219854,F:\MediaStack\data\media\movies\The Kid (2000)\The Kid (2000) [Bluray-1080p] {imdb-tt0219854}.mp4,movie,The Kid,written,title-only movie match,672166,the-kid,F:\MediaStack\data\media\movies\The Kid (2000)\The Kid (2000) [Bluray-1080p] {imdb-tt0219854}.leapfrog.json,177
imdb://tt1135503,F:\MediaStack\data\media\movies\Julie & Julia (2009)\Julie and Julia (2009) [Bluray-1080p] {imdb-tt1135503}.mkv,movie,Julie & Julia,written,title-only movie match,1337,julie-julia,F:\MediaStack\data\media\movies\Julie & Julia (2009)\Julie and Julia (2009) [Bluray-1080p] {imdb-tt1135503}.leapfrog.json,113
imdb://tt0113497,F:\MediaStack\data\media\movies\Jumanji (1995)\Jumanji (1995) [Bluray-1080p] {imdb-tt0113497}.mp4,movie,Jumanji,written,title-only movie match,2052,jumanji-1995,F:\MediaStack\data\media\movies\Jumanji (1995)\Jumanji (1995) [Bluray-1080p] {imdb-tt0113497}.leapfrog.json,64
imdb://tt7975244,F:\MediaStack\data\media\movies\Jumanji - The Next Level (2019)\Jumanji The Next Level (2019) [Bluray-1080p Proper] {imdb-tt7975244}.mkv,movie,Jumanji: The Next Level,written,title-only movie match,677016,jumanji-the-next-level,F:\MediaStack\data\media\movies\Jumanji - The Next Level (2019)\Jumanji The Next Level (2019) [Bluray-1080p Proper] {imdb-tt7975244}.leapfrog.json,176
imdb://tt2283362,F:\MediaStack\data\media\movies\Jumanji - Welcome to the Jungle (2017)\Jumanji Welcome to the Jungle (2017) [Bluray-1080p] {imdb-tt2283362}.mkv,movie,Jumanji: Welcome to the Jungle,written,title-only movie match,184403,jumanji-welcome-to-the-jungle,F:\MediaStack\data\media\movies\Jumanji - Welcome to the Jungle (2017)\Jumanji Welcome to the Jungle (2017) [Bluray-1080p] {imdb-tt2283362}.leapfrog.json,235
imdb://tt3758172,F:\MediaStack\data\media\movies\Jungle (2017)\Jungle (2017) [Bluray-1080p] {imdb-tt3758172}.mkv,movie,Jungle,written,title-only movie match,203780,jungle,F:\MediaStack\data\media\movies\Jungle (2017)\Jungle (2017) [Bluray-1080p] {imdb-tt3758172}.leapfrog.json,110
imdb://tt0099871,F:\MediaStack\data\media\movies\Jacob's Ladder (1990)\Jacobs Ladder (1990) [Bluray-1080p] {imdb-tt0099871}.mkv,movie,Jacob's Ladder,written,title-only movie match,675435,jacobs-ladder-2621e,F:\MediaStack\data\media\movies\Jacob's Ladder (1990)\Jacobs Ladder (1990) [Bluray-1080p] {imdb-tt0099871}.leapfrog.json,152
imdb://tt4196776,F:\MediaStack\data\media\movies\Jason Bourne (2016)\Jason Bourne (2016) [Bluray-1080p] {imdb-tt4196776}.mkv,movie,Jason Bourne,written,title-only movie match,3945,jason-bourne,F:\MediaStack\data\media\movies\Jason Bourne (2016)\Jason Bourne (2016) [Bluray-1080p] {imdb-tt4196776}.leapfrog.json,103
imdb://tt0073195,F:\MediaStack\data\media\movies\Jaws (1975)\Jaws (1975) [Bluray-1080p] {imdb-tt0073195}.Clean.mp4,movie,Jaws,written,title-only movie match,2508,jaws,F:\MediaStack\data\media\movies\Jaws (1975)\Jaws (1975) [Bluray-1080p] {imdb-tt0073195}.Clean.leapfrog.json,196
imdb://tt0077766,F:\MediaStack\data\media\movies\Jaws 2 (1978)\Jaws 2 (1978) [Bluray-1080p] {imdb-tt0077766}.mkv,movie,Jaws 2,written,title-only movie match,3187,jaws-2,F:\MediaStack\data\media\movies\Jaws 2 (1978)\Jaws 2 (1978) [Bluray-1080p] {imdb-tt0077766}.leapfrog.json,259
imdb://tt0116695,F:\MediaStack\data\media\movies\Jerry Maguire (1996)\Jerry Maguire (1996) [Bluray-1080p] {imdb-tt0116695}.mkv,movie,Jerry Maguire,written,title-only movie match,2014,jerry-maguire,F:\MediaStack\data\media\movies\Jerry Maguire (1996)\Jerry Maguire (1996) [Bluray-1080p] {imdb-tt0116695}.leapfrog.json,152
imdb://tt2357129,F:\MediaStack\data\media\movies\Jobs (2013)\Jobs (2013) [Bluray-1080p] {imdb-tt2357129}.mp4,movie,Jobs,written,title-only movie match,1331,jobs,F:\MediaStack\data\media\movies\Jobs (2013)\Jobs (2013) [Bluray-1080p] {imdb-tt2357129}.leapfrog.json,73
imdb://tt0245686,F:\MediaStack\data\media\movies\Joe Dirt (2001)\Joe Dirt (2001) [Bluray-1080p] {imdb-tt0245686}.mp4,movie,Joe Dirt,written,title-only movie match,3228,joe-dirt-2001,F:\MediaStack\data\media\movies\Joe Dirt (2001)\Joe Dirt (2001) [Bluray-1080p] {imdb-tt0245686}.leapfrog.json,278
imdb://tt0274166,F:\MediaStack\data\media\movies\Johnny English (2003)\Johnny English (2003) [Bluray-1080p] {imdb-tt0274166}.mkv,movie,Johnny English,written,title-only movie match,2737,johnny-english,F:\MediaStack\data\media\movies\Johnny English (2003)\Johnny English (2003) [Bluray-1080p] {imdb-tt0274166}.leapfrog.json,73
imdb://tt1634122,F:\MediaStack\data\media\movies\Johnny English Reborn (2011)\Johnny English Reborn (2011) [Bluray-1080p] {imdb-tt1634122}.mkv,movie,Johnny English Reborn,written,title-only movie match,1021,johnny-english-reborn,F:\MediaStack\data\media\movies\Johnny English Reborn (2011)\Johnny English Reborn (2011) [Bluray-1080p] {imdb-tt1634122}.leapfrog.json,222
imdb://tt6921996,F:\MediaStack\data\media\movies\Johnny English Strikes Again (2018)\Johnny English Strikes Again (2018) [Bluray-1080p] {imdb-tt6921996}.mkv,movie,Johnny English Strikes Again,written,title-only movie match,671023,johnny-english-strikes-again,F:\MediaStack\data\media\movies\Johnny English Strikes Again (2018)\Johnny English Strikes Again (2018) [Bluray-1080p] {imdb-tt6921996}.leapfrog.json,97
imdb://tt10655524,F:\MediaStack\data\media\movies\It Ends with Us (2024)\It Ends with Us (2024) [Bluray-1080p] {imdb-tt10655524}.mkv,movie,It Ends with Us,written,title-only movie match,699318,it-ends-with-us,F:\MediaStack\data\media\movies\It Ends with Us (2024)\It Ends with Us (2024) [Bluray-1080p] {imdb-tt10655524}.leapfrog.json,232
imdb://tt0317740,F:\MediaStack\data\media\movies\The Italian Job (2003)\The Italian Job (2003) [Bluray-1080p] {imdb-tt0317740}.mp4,movie,The Italian Job,written,title-only movie match,1644,the-italian-job-2003,F:\MediaStack\data\media\movies\The Italian Job (2003)\The Italian Job (2003) [Bluray-1080p] {imdb-tt0317740}.leapfrog.json,88
imdb://tt0810913,F:\MediaStack\data\media\movies\Jack and Jill (2011)\Jack and Jill (2011) [Bluray-1080p] {imdb-tt0810913}.mp4,movie,Jack and Jill,written,title-only movie match,3470,jack-and-jill,F:\MediaStack\data\media\movies\Jack and Jill (2011)\Jack and Jill (2011) [Bluray-1080p] {imdb-tt0810913}.leapfrog.json,296
imdb://tt0790724,F:\MediaStack\data\media\movies\Jack Reacher (2012)\Jack Reacher (2012) [Bluray-1080p] {imdb-tt0790724}.mp4,movie,Jack Reacher,written,title-only movie match,1231,jack-reacher,F:\MediaStack\data\media\movies\Jack Reacher (2012)\Jack Reacher (2012) [Bluray-1080p] {imdb-tt0790724}.leapfrog.json,157
imdb://tt3393786,F:\MediaStack\data\media\movies\Jack Reacher - Never Go Back (2016)\Jack Reacher Never Go Back (2016) [Bluray-1080p] {imdb-tt3393786}.mkv,movie,Jack Reacher: Never Go Back,written,title-only movie match,178940,jack-reacher-never-go-back,F:\MediaStack\data\media\movies\Jack Reacher - Never Go Back (2016)\Jack Reacher Never Go Back (2016) [Bluray-1080p] {imdb-tt3393786}.leapfrog.json,137
imdb://tt1205537,F:\MediaStack\data\media\movies\Jack Ryan - Shadow Recruit (2014)\Jack Ryan Shadow Recruit (2014) [Bluray-1080p Proper] {imdb-tt1205537}.mkv,movie,Jack Ryan: Shadow Recruit,written,title-only movie match,1390,jack-ryan-shadow-recruit,F:\MediaStack\data\media\movies\Jack Ryan - Shadow Recruit (2014)\Jack Ryan Shadow Recruit (2014) [Bluray-1080p Proper] {imdb-tt1205537}.leapfrog.json,103
imdb://tt1645089,F:\MediaStack\data\media\movies\Inside Job (2010)\Inside Job (2010) [Bluray-1080p] {imdb-tt1645089}.mp4,movie,Inside Job,written,title-only movie match,1994,inside-job-2010,F:\MediaStack\data\media\movies\Inside Job (2010)\Inside Job (2010) [Bluray-1080p] {imdb-tt1645089}.leapfrog.json,30
imdb://tt1591095,F:\MediaStack\data\media\movies\Insidious (2011)\Insidious (2011) [Bluray-1080p] {imdb-tt1591095}.mkv,movie,Insidious,written,title-only movie match,1733,insidious,F:\MediaStack\data\media\movies\Insidious (2011)\Insidious (2011) [Bluray-1080p] {imdb-tt1591095}.leapfrog.json,88
imdb://tt2226417,F:\MediaStack\data\media\movies\Insidious - Chapter 2 (2013)\Insidious Chapter 2 (2013) [Bluray-1080p] {imdb-tt2226417}.mp4,movie,Insidious: Chapter 2,written,title-only movie match,1406,insidious-chapter-2,F:\MediaStack\data\media\movies\Insidious - Chapter 2 (2013)\Insidious Chapter 2 (2013) [Bluray-1080p] {imdb-tt2226417}.leapfrog.json,67
imdb://tt3195644,F:\MediaStack\data\media\movies\Insidious - Chapter 3 (2015)\Insidious Chapter 3 (2015) [Bluray-1080p] {imdb-tt3195644}.mkv,movie,Insidious: Chapter 3,written,title-only movie match,2114,insidious-chapter-3,F:\MediaStack\data\media\movies\Insidious - Chapter 3 (2015)\Insidious Chapter 3 (2015) [Bluray-1080p] {imdb-tt3195644}.leapfrog.json,71
imdb://tt11152168,F:\MediaStack\data\media\movies\IF (2024)\IF (2024) [Bluray-1080p] {imdb-tt11152168}.mkv,movie,IF,written,title-only movie match,698356,if,F:\MediaStack\data\media\movies\IF (2024)\IF (2024) [Bluray-1080p] {imdb-tt11152168}.leapfrog.json,63
imdb://tt0780567,F:\MediaStack\data\media\movies\Imagine That (2009)\Imagine That (2009) [WEBDL-1080p] {imdb-tt0780567}.mkv,movie,Imagine That,written,title-only movie match,658114,imagine-that,F:\MediaStack\data\media\movies\Imagine That (2009)\Imagine That (2009) [WEBDL-1080p] {imdb-tt0780567}.leapfrog.json,77
imdb://tt2084970,F:\MediaStack\data\media\movies\The Imitation Game (2014)\The Imitation Game (2014) [Bluray-1080p] {imdb-tt2084970}.mp4,movie,The Imitation Game,written,title-only movie match,1698,the-imitation-game,F:\MediaStack\data\media\movies\The Imitation Game (2014)\The Imitation Game (2014) [Bluray-1080p] {imdb-tt2084970}.leapfrog.json,100
imdb://tt1649419,F:\MediaStack\data\media\movies\The Impossible (2012)\The Impossible (2012) [Bluray-1080p] {imdb-tt1649419}.Clean.mkv,movie,The Impossible,written,title-only movie match,1017,the-impossible,F:\MediaStack\data\media\movies\The Impossible (2012)\The Impossible (2012) [Bluray-1080p] {imdb-tt1649419}.Clean.leapfrog.json,139
imdb://tt0107207,F:\MediaStack\data\media\movies\In the Name of the Father (1993)\In the Name of the Father (1993) [Bluray-1080p] {imdb-tt0107207}.mkv,movie,In the Name of the Father,written,title-only movie match,3485,in-the-name-of-the-father,F:\MediaStack\data\media\movies\In the Name of the Father (1993)\In the Name of the Father (1993) [Bluray-1080p] {imdb-tt0107207}.leapfrog.json,319
imdb://tt0113419,F:\MediaStack\data\media\movies\The Indian in the Cupboard (1995)\The Indian in the Cupboard (1995) [Bluray-1080p] {imdb-tt0113419}.mp4,movie,The Indian in the Cupboard,written,title-only movie match,3156,the-indian-in-the-cupboard,F:\MediaStack\data\media\movies\The Indian in the Cupboard (1995)\The Indian in the Cupboard (1995) [Bluray-1080p] {imdb-tt0113419}.leapfrog.json,127
imdb://tt6654210,F:\MediaStack\data\media\movies\Infinite (2021)\Infinite (2021) [Bluray-1080p] {imdb-tt6654210}.mkv,movie,Infinite,written,title-only movie match,686139,infinite,F:\MediaStack\data\media\movies\Infinite (2021)\Infinite (2021) [Bluray-1080p] {imdb-tt6654210}.leapfrog.json,154
imdb://tt1392170,F:\MediaStack\data\media\movies\The Hunger Games (2012)\The Hunger Games (2012) [Bluray-1080p] {imdb-tt1392170}.mkv,movie,The Hunger Games,written,title-only movie match,1455,the-hunger-games,F:\MediaStack\data\media\movies\The Hunger Games (2012)\The Hunger Games (2012) [Bluray-1080p] {imdb-tt1392170}.leapfrog.json,95
imdb://tt1951264,F:\MediaStack\data\media\movies\The Hunger Games - Catching Fire (2013)\The Hunger Games Catching Fire (2013) [Bluray-1080p Proper] {imdb-tt1951264}.mp4,movie,The Hunger Games: Catching Fire,written,title-only movie match,1058,the-hunger-games-catching-fire,F:\MediaStack\data\media\movies\The Hunger Games - Catching Fire (2013)\The Hunger Games Catching Fire (2013) [Bluray-1080p Proper] {imdb-tt1951264}.leapfrog.json,100
imdb://tt1951265,F:\MediaStack\data\media\movies\The Hunger Games - Mockingjay - Part 1 (2014)\The Hunger Games Mockingjay Part 1 (2014) [Bluray-1080p] {imdb-tt1951265}.mkv,movie,The Hunger Games: Mockingjay - Part 1,written,title-only movie match,1672,the-hunger-games-mockingjay-part-1,F:\MediaStack\data\media\movies\The Hunger Games - Mockingjay - Part 1 (2014)\The Hunger Games Mockingjay Part 1 (2014) [Bluray-1080p] {imdb-tt1951265}.leapfrog.json,30
imdb://tt1951266,F:\MediaStack\data\media\movies\The Hunger Games - Mockingjay - Part 2 (2015)\The Hunger Games Mockingjay Part 2 (2015) [Bluray-1080p] {imdb-tt1951266}.mkv,movie,The Hunger Games: Mockingjay - Part 2,written,title-only movie match,2566,the-hunger-games-mockingjay-part-2,F:\MediaStack\data\media\movies\The Hunger Games - Mockingjay - Part 2 (2015)\The Hunger Games Mockingjay Part 2 (2015) [Bluray-1080p] {imdb-tt1951266}.leapfrog.json,82
imdb://tt10545296,F:\MediaStack\data\media\movies\The Hunger Games - The Ballad of Songbirds & Snakes (2023)\The Hunger Games The Ballad of Songbirds and Snakes (2023) [Bluray-1080p] {imdb-tt10545296}.mkv,movie,The Hunger Games: The Ballad of Songbirds & Snakes,written,title-only movie match,696496,the-hunger-games-the-ballad-of-songbirds-snakes,F:\MediaStack\data\media\movies\The Hunger Games - The Ballad of Songbirds & Snakes (2023)\The Hunger Games The Ballad of Songbirds and Snakes (2023) [Bluray-1080p] {imdb-tt10545296}.leapfrog.json,139
imdb://tt2106476,F:\MediaStack\data\media\movies\The Hunt (2012)\The Hunt (2012) [Bluray-1080p] {imdb-tt2106476}.mkv,movie,The Hunt,written,title-only movie match,678532,the-hunt-f2fec,F:\MediaStack\data\media\movies\The Hunt (2012)\The Hunt (2012) [Bluray-1080p] {imdb-tt2106476}.leapfrog.json,349
imdb://tt0099810,F:\MediaStack\data\media\movies\The Hunt for Red October (1990)\The Hunt for Red October (1990) [Bluray-1080p] {imdb-tt0099810}.mkv,movie,The Hunt for Red October,written,title-only movie match,1811,the-hunt-for-red-october,F:\MediaStack\data\media\movies\The Hunt for Red October (1990)\The Hunt for Red October (1990) [Bluray-1080p] {imdb-tt0099810}.leapfrog.json,137
imdb://tt1155056,"F:\MediaStack\data\media\movies\I Love You, Man (2009)\I Love You Man (2009) [Bluray-1080p] {imdb-tt1155056}.mkv",movie,"I Love You, Man",written,title-only movie match,3093,i-love-you-man,"F:\MediaStack\data\media\movies\I Love You, Man (2009)\I Love You Man (2009) [Bluray-1080p] {imdb-tt1155056}.leapfrog.json",276
imdb://tt0787475,F:\MediaStack\data\media\movies\Hot Rod (2007)\Hot Rod (2007) [Bluray-1080p] {imdb-tt0787475}.mkv,movie,Hot Rod,written,title-only movie match,2488,hot-rod,F:\MediaStack\data\media\movies\Hot Rod (2007)\Hot Rod (2007) [Bluray-1080p] {imdb-tt0787475}.leapfrog.json,186
imdb://tt0785006,F:\MediaStack\data\media\movies\Hotel for Dogs (2009)\Hotel for Dogs (2009) [Bluray-720p] {imdb-tt0785006}.mp4,movie,Hotel for Dogs,written,title-only movie match,1643,hotel-for-dogs,F:\MediaStack\data\media\movies\Hotel for Dogs (2009)\Hotel for Dogs (2009) [Bluray-720p] {imdb-tt0785006}.leapfrog.json,31
imdb://tt0395169,F:\MediaStack\data\media\movies\Hotel Rwanda (2004)\Hotel Rwanda (2004) [WEBDL-1080p] {imdb-tt0395169}.mkv,movie,Hotel Rwanda,written,title-only movie match,2590,hotel-rwanda,F:\MediaStack\data\media\movies\Hotel Rwanda (2004)\Hotel Rwanda (2004) [WEBDL-1080p] {imdb-tt0395169}.leapfrog.json,130
imdb://tt0837562,F:\MediaStack\data\media\movies\Hotel Transylvania (2012)\Hotel Transylvania (2012) [Bluray-1080p] {imdb-tt0837562}.mkv,movie,Hotel Transylvania,written,title-only movie match,1815,hotel-transylvania,F:\MediaStack\data\media\movies\Hotel Transylvania (2012)\Hotel Transylvania (2012) [Bluray-1080p] {imdb-tt0837562}.leapfrog.json,183
imdb://tt2510894,F:\MediaStack\data\media\movies\Hotel Transylvania 2 (2015)\Hotel Transylvania 2 (2015) [Bluray-1080p] {imdb-tt2510894}.mkv,movie,Hotel Transylvania 2,written,title-only movie match,2466,hotel-transylvania-2,F:\MediaStack\data\media\movies\Hotel Transylvania 2 (2015)\Hotel Transylvania 2 (2015) [Bluray-1080p] {imdb-tt2510894}.leapfrog.json,141
imdb://tt5220122,F:\MediaStack\data\media\movies\Hotel Transylvania 3 - Summer Vacation (2018)\Hotel Transylvania 3 Summer Vacation (2018) [Bluray-1080p] {imdb-tt5220122}.mp4,movie,Hotel Transylvania 3: Summer Vacation,written,title-only movie match,670108,hotel-transylvania-3-summer-vacation,F:\MediaStack\data\media\movies\Hotel Transylvania 3 - Summer Vacation (2018)\Hotel Transylvania 3 Summer Vacation (2018) [Bluray-1080p] {imdb-tt5220122}.leapfrog.json,136
imdb://tt9848626,F:\MediaStack\data\media\movies\Hotel Transylvania - Transformania (2022)\Hotel Transylvania Transformania (2022) [Bluray-1080p] {imdb-tt9848626}.mkv,movie,Hotel Transylvania: Transformania,written,title-only movie match,686675,hotel-transylvania-transformania,F:\MediaStack\data\media\movies\Hotel Transylvania - Transformania (2022)\Hotel Transylvania Transformania (2022) [Bluray-1080p] {imdb-tt9848626}.leapfrog.json,88
imdb://tt0274558,F:\MediaStack\data\media\movies\The Hours (2002)\The Hours (2002) [Bluray-1080p] {imdb-tt0274558}.mkv,movie,The Hours,written,title-only movie match,3760,the-hours,F:\MediaStack\data\media\movies\The Hours (2002)\The Hours (2002) [Bluray-1080p] {imdb-tt0274558}.leapfrog.json,96
imdb://tt2119543,F:\MediaStack\data\media\movies\The House with a Clock in Its Walls (2018)\The House with a Clock in Its Walls (2018) [Bluray-1080p] {imdb-tt2119543}.mkv,movie,The House with a Clock in Its Walls,written,title-only movie match,670589,the-house-with-a-clock-in-its-walls,F:\MediaStack\data\media\movies\The House with a Clock in Its Walls (2018)\The House with a Clock in Its Walls (2018) [Bluray-1080p] {imdb-tt2119543}.leapfrog.json,123
imdb://tt0170016,F:\MediaStack\data\media\movies\How the Grinch Stole Christmas (2000)\How the Grinch Stole Christmas (2000) [Bluray-1080p] {imdb-tt0170016}.mkv,movie,How the Grinch Stole Christmas,written,title-only movie match,2309,dr-seuss-how-the-grinch-stole-christmas,F:\MediaStack\data\media\movies\How the Grinch Stole Christmas (2000)\How the Grinch Stole Christmas (2000) [Bluray-1080p] {imdb-tt0170016}.leapfrog.json,124
imdb://tt0060345,F:\MediaStack\data\media\movies\How the Grinch Stole Christmas! (1966)\How the Grinch Stole Christmas! (1966) [Bluray-1080p] {imdb-tt0060345}.mkv,movie,How the Grinch Stole Christmas!,written,title-only movie match,2309,dr-seuss-how-the-grinch-stole-christmas,F:\MediaStack\data\media\movies\How the Grinch Stole Christmas! (1966)\How the Grinch Stole Christmas! (1966) [Bluray-1080p] {imdb-tt0060345}.leapfrog.json,124
imdb://tt1646971,F:\MediaStack\data\media\movies\How to Train Your Dragon 2 (2014)\How to Train Your Dragon 2 (2014) [Bluray-1080p] {imdb-tt1646971}.mkv,movie,How to Train Your Dragon 2,written,title-only movie match,1571,how-to-train-your-dragon-2,F:\MediaStack\data\media\movies\How to Train Your Dragon 2 (2014)\How to Train Your Dragon 2 (2014) [Bluray-1080p] {imdb-tt1646971}.leapfrog.json,56
imdb://tt2386490,F:\MediaStack\data\media\movies\How to Train Your Dragon - The Hidden World (2019)\How to Train Your Dragon The Hidden World (2019) [Bluray-1080p] {imdb-tt2386490}.mkv,movie,How to Train Your Dragon: The Hidden World,written,title-only movie match,671693,how-to-train-your-dragon-the-hidden-world,F:\MediaStack\data\media\movies\How to Train Your Dragon - The Hidden World (2019)\How to Train Your Dragon The Hidden World (2019) [Bluray-1080p] {imdb-tt2386490}.leapfrog.json,124
imdb://tt10682266,F:\MediaStack\data\media\movies\Hubie Halloween (2020)\Hubie Halloween (2020) [WEBDL-1080p] {imdb-tt10682266}.mkv,movie,Hubie Halloween,written,title-only movie match,681321,hubie-halloween,F:\MediaStack\data\media\movies\Hubie Halloween (2020)\Hubie Halloween (2020) [WEBDL-1080p] {imdb-tt10682266}.leapfrog.json,164
imdb://tt0457939,F:\MediaStack\data\media\movies\The Holiday (2006)\The Holiday (2006) [Bluray-1080p] {imdb-tt0457939}.mkv,movie,The Holiday,written,title-only movie match,1600,the-holiday-2006,F:\MediaStack\data\media\movies\The Holiday (2006)\The Holiday (2006) [Bluray-1080p] {imdb-tt0457939}.leapfrog.json,123
imdb://tt1255919,F:\MediaStack\data\media\movies\Holmes & Watson (2018)\Holmes and Watson (2018) [WEBDL-1080p] {imdb-tt1255919}.mkv,movie,Holmes & Watson,written,title-only movie match,671767,holmes-watson,F:\MediaStack\data\media\movies\Holmes & Watson (2018)\Holmes and Watson (2018) [WEBDL-1080p] {imdb-tt1255919}.leapfrog.json,204
imdb://tt0113321,F:\MediaStack\data\media\movies\Home for the Holidays (1995)\Home for the Holidays (1995) [Bluray-1080p] {imdb-tt0113321}.mp4,movie,Home for the Holidays,written,title-only movie match,2297,home-for-the-holidays,F:\MediaStack\data\media\movies\Home for the Holidays (1995)\Home for the Holidays (1995) [Bluray-1080p] {imdb-tt0113321}.leapfrog.json,234
imdb://tt0425112,F:\MediaStack\data\media\movies\Hot Fuzz (2007)\Hot Fuzz (2007) [Bluray-1080p] {imdb-tt0425112}.mp4,movie,Hot Fuzz,written,title-only movie match,2099,hot-fuzz,F:\MediaStack\data\media\movies\Hot Fuzz (2007)\Hot Fuzz (2007) [Bluray-1080p] {imdb-tt0425112}.leapfrog.json,198
imdb://tt1454029,F:\MediaStack\data\media\movies\The Help (2011)\The Help (2011) [Bluray-1080p] {imdb-tt1454029}.mkv,movie,The Help,written,title-only movie match,1445,the-help,F:\MediaStack\data\media\movies\The Help (2011)\The Help (2011) [Bluray-1080p] {imdb-tt1454029}.leapfrog.json,160
imdb://tt0119282,F:\MediaStack\data\media\movies\Hercules (1997)\Hercules (1997) [Bluray-1080p] {imdb-tt0119282}.mp4,movie,Hercules,written,title-only movie match,1572,hercules-2014,F:\MediaStack\data\media\movies\Hercules (1997)\Hercules (1997) [Bluray-1080p] {imdb-tt0119282}.leapfrog.json,167
imdb://tt1267297,F:\MediaStack\data\media\movies\Hercules (2014)\Hercules (2014) [Bluray-1080p] {imdb-tt1267297}.mp4,movie,Hercules,written,title-only movie match,1572,hercules-2014,F:\MediaStack\data\media\movies\Hercules (2014)\Hercules (2014) [Bluray-1080p] {imdb-tt1267297}.leapfrog.json,167
imdb://tt18272208,F:\MediaStack\data\media\movies\Here (2024)\Here (2024) [Bluray-1080p] {imdb-tt18272208}.mkv,movie,Here,written,title-only movie match,700505,here,F:\MediaStack\data\media\movies\Here (2024)\Here (2024) [Bluray-1080p] {imdb-tt18272208}.leapfrog.json,147
imdb://tt0091203,F:\MediaStack\data\media\movies\Highlander (1986)\Highlander (1986) [Bluray-1080p] {imdb-tt0091203}.mkv,movie,Highlander,written,title-only movie match,2926,highlander,F:\MediaStack\data\media\movies\Highlander (1986)\Highlander (1986) [Bluray-1080p] {imdb-tt0091203}.leapfrog.json,259
imdb://tt0386588,F:\MediaStack\data\media\movies\Hitch (2005)\Hitch (2005) [Bluray-1080p] {imdb-tt0386588}.mp4,movie,Hitch,written,title-only movie match,1030,hitch,F:\MediaStack\data\media\movies\Hitch (2005)\Hitch (2005) [Bluray-1080p] {imdb-tt0386588}.leapfrog.json,138
imdb://tt0093148,F:\MediaStack\data\media\movies\Harry and the Hendersons (1987)\Harry and the Hendersons (1987) [Bluray-1080p] {imdb-tt0093148}.mp4,movie,Harry and the Hendersons,written,title-only movie match,2954,harry-and-the-hendersons,F:\MediaStack\data\media\movies\Harry and the Hendersons (1987)\Harry and the Hendersons (1987) [Bluray-1080p] {imdb-tt0093148}.leapfrog.json,138
imdb://tt0167190,F:\MediaStack\data\media\movies\Hellboy (2004)\Hellboy (2004) [Bluray-1080p] {imdb-tt0167190}.mkv,movie,Hellboy,written,title-only movie match,671725,hellboy-0d5fa,F:\MediaStack\data\media\movies\Hellboy (2004)\Hellboy (2004) [Bluray-1080p] {imdb-tt0167190}.leapfrog.json,455
imdb://tt2191701,F:\MediaStack\data\media\movies\Grown Ups 2 (2013)\Grown Ups 2 (2013) [Bluray-1080p] {imdb-tt2191701}.mp4,movie,Grown Ups 2,written,title-only movie match,3018,grown-ups-2,F:\MediaStack\data\media\movies\Grown Ups 2 (2013)\Grown Ups 2 (2013) [Bluray-1080p] {imdb-tt2191701}.leapfrog.json,338
imdb://tt2119532,F:\MediaStack\data\media\movies\Hacksaw Ridge (2016)\Hacksaw Ridge (2016) [Bluray-1080p] {imdb-tt2119532}.mkv,movie,Hacksaw Ridge,written,title-only movie match,4079,hacksaw-ridge,F:\MediaStack\data\media\movies\Hacksaw Ridge (2016)\Hacksaw Ridge (2016) [Bluray-1080p] {imdb-tt2119532}.leapfrog.json,291
imdb://tt0448157,F:\MediaStack\data\media\movies\Hancock (2008)\Hancock (2008) [Bluray-1080p] {imdb-tt0448157}.mkv,movie,Hancock,written,title-only movie match,2661,hancock,F:\MediaStack\data\media\movies\Hancock (2008)\Hancock (2008) [Bluray-1080p] {imdb-tt0448157}.leapfrog.json,205
imdb://tt0116483,F:\MediaStack\data\media\movies\Happy Gilmore (1996)\Happy Gilmore (1996) [Bluray-1080p] {imdb-tt0116483}.mkv,movie,Happy Gilmore,written,title-only movie match,2071,happy-gilmore,F:\MediaStack\data\media\movies\Happy Gilmore (1996)\Happy Gilmore (1996) [Bluray-1080p] {imdb-tt0116483}.leapfrog.json,181
imdb://tt1051904,F:\MediaStack\data\media\movies\Goosebumps (2015)\Goosebumps (2015) [Bluray-1080p] {imdb-tt1051904}.mkv,movie,Goosebumps,written,title-only movie match,2512,goosebumps,F:\MediaStack\data\media\movies\Goosebumps (2015)\Goosebumps (2015) [Bluray-1080p] {imdb-tt1051904}.leapfrog.json,132
imdb://tt5664636,F:\MediaStack\data\media\movies\Goosebumps 2 - Haunted Halloween (2018)\Goosebumps 2 Haunted Halloween (2018) [Bluray-1080p] {imdb-tt5664636}.mkv,movie,Goosebumps 2: Haunted Halloween,written,title-only movie match,670930,goosebumps-2-haunted-halloween,F:\MediaStack\data\media\movies\Goosebumps 2 - Haunted Halloween (2018)\Goosebumps 2 Haunted Halloween (2018) [Bluray-1080p] {imdb-tt5664636}.leapfrog.json,114
imdb://tt1649418,F:\MediaStack\data\media\movies\The Gray Man (2022)\The Gray Man (2022) [WEBDL-1080p Proper] {imdb-tt1649418}.mkv,movie,The Gray Man,written,title-only movie match,690713,the-gray-man-4f2e0,F:\MediaStack\data\media\movies\The Gray Man (2022)\The Gray Man (2022) [WEBDL-1080p Proper] {imdb-tt1649418}.leapfrog.json,199
imdb://tt0077631,F:\MediaStack\data\media\movies\Grease (1978)\Grease (1978) [Bluray-1080p] {imdb-tt0077631}.mkv,movie,Grease,written,title-only movie match,2451,grease,F:\MediaStack\data\media\movies\Grease (1978)\Grease (1978) [Bluray-1080p] {imdb-tt0077631}.leapfrog.json,209
imdb://tt0427309,F:\MediaStack\data\media\movies\The Great Debaters (2007)\The Great Debaters (2007) [Bluray-1080p] {imdb-tt0427309}.mp4,movie,The Great Debaters,written,title-only movie match,3654,the-great-debaters,F:\MediaStack\data\media\movies\The Great Debaters (2007)\The Great Debaters (2007) [Bluray-1080p] {imdb-tt0427309}.leapfrog.json,129
imdb://tt6966692,F:\MediaStack\data\media\movies\Green Book (2018)\Green Book (2018) [Bluray-1080p] {imdb-tt6966692}.mkv,movie,Green Book,written,title-only movie match,671481,green-book,F:\MediaStack\data\media\movies\Green Book (2018)\Green Book (2018) [Bluray-1080p] {imdb-tt6966692}.leapfrog.json,265
imdb://tt0947810,F:\MediaStack\data\media\movies\Green Zone (2010)\Green Zone (2010) [Bluray-1080p] {imdb-tt0947810}.mp4,movie,Green Zone,written,title-only movie match,1375,green-zone,F:\MediaStack\data\media\movies\Green Zone (2010)\Green Zone (2010) [Bluray-1080p] {imdb-tt0947810}.leapfrog.json,160
imdb://tt6048922,F:\MediaStack\data\media\movies\Greyhound (2020)\Greyhound (2020) [WEBDL-1080p Proper] {imdb-tt6048922}.mkv,movie,Greyhound,written,title-only movie match,679881,greyhound,F:\MediaStack\data\media\movies\Greyhound (2020)\Greyhound (2020) [WEBDL-1080p Proper] {imdb-tt6048922}.leapfrog.json,33
imdb://tt0421206,F:\MediaStack\data\media\movies\Gridiron Gang (2006)\Gridiron Gang (2006) [Bluray-1080p] {imdb-tt0421206}.mp4,movie,Gridiron Gang,written,title-only movie match,4046,gridiron-gang,F:\MediaStack\data\media\movies\Gridiron Gang (2006)\Gridiron Gang (2006) [Bluray-1080p] {imdb-tt0421206}.leapfrog.json,235
imdb://tt2709692,F:\MediaStack\data\media\movies\The Grinch (2018)\The Grinch (2018) [Bluray-1080p] {imdb-tt2709692}.mkv,movie,The Grinch,written,title-only movie match,671163,the-grinch,F:\MediaStack\data\media\movies\The Grinch (2018)\The Grinch (2018) [Bluray-1080p] {imdb-tt2709692}.leapfrog.json,41
imdb://tt0107048,F:\MediaStack\data\media\movies\Groundhog Day (1993)\Groundhog Day (1993) [Bluray-1080p] {imdb-tt0107048}.mkv,movie,Groundhog Day,written,title-only movie match,1505,groundhog-day,F:\MediaStack\data\media\movies\Groundhog Day (1993)\Groundhog Day (1993) [Bluray-1080p] {imdb-tt0107048}.leapfrog.json,71
imdb://tt1375670,F:\MediaStack\data\media\movies\Grown Ups (2010)\Grown Ups (2010) [Bluray-1080p] {imdb-tt1375670}.mkv,movie,Grown Ups,written,title-only movie match,1013,grown-ups,F:\MediaStack\data\media\movies\Grown Ups (2010)\Grown Ups (2010) [Bluray-1080p] {imdb-tt1375670}.leapfrog.json,280
imdb://tt0068646,F:\MediaStack\data\media\movies\The Godfather (1972)\The Godfather (1972) [Bluray-1080p Proper] {imdb-tt0068646}.mkv,movie,The Godfather,written,title-only movie match,1381,the-godfather,F:\MediaStack\data\media\movies\The Godfather (1972)\The Godfather (1972) [Bluray-1080p Proper] {imdb-tt0068646}.leapfrog.json,151
imdb://tt0071562,F:\MediaStack\data\media\movies\The Godfather Part II (1974)\The Godfather Part II (1974) [Bluray-1080p] {imdb-tt0071562}.mkv,movie,The Godfather Part II,written,title-only movie match,1302,the-godfather-part-ii,F:\MediaStack\data\media\movies\The Godfather Part II (1974)\The Godfather Part II (1974) [Bluray-1080p] {imdb-tt0071562}.leapfrog.json,103
imdb://tt0099674,F:\MediaStack\data\media\movies\The Godfather Part III (1990)\The Godfather Part III (1990) [Bluray-1080p] {imdb-tt0099674}.mkv,movie,The Godfather Part III,written,title-only movie match,2063,the-godfather-part-iii,F:\MediaStack\data\media\movies\The Godfather Part III (1990)\The Godfather Part III (1990) [Bluray-1080p] {imdb-tt0099674}.leapfrog.json,165
imdb://tt0831387,F:\MediaStack\data\media\movies\Godzilla (2014)\Godzilla (2014) [Bluray-1080p] {imdb-tt0831387}.mkv,movie,Godzilla,written,title-only movie match,1157,godzilla-1998,F:\MediaStack\data\media\movies\Godzilla (2014)\Godzilla (2014) [Bluray-1080p] {imdb-tt0831387}.leapfrog.json,112
imdb://tt23289160,F:\MediaStack\data\media\movies\Godzilla Minus One (2023)\Godzilla Minus One (2023) [Bluray-1080p Proper] {imdb-tt23289160}.mkv,movie,Godzilla Minus One,written,title-only movie match,698599,godzilla-minus-one,F:\MediaStack\data\media\movies\Godzilla Minus One (2023)\Godzilla Minus One (2023) [Bluray-1080p Proper] {imdb-tt23289160}.leapfrog.json,82
imdb://tt0091129,F:\MediaStack\data\media\movies\The Golden Child (1986)\The Golden Child (1986) [Bluray-1080p] {imdb-tt0091129}.mkv,movie,The Golden Child,written,title-only movie match,9000,the-golden-child,F:\MediaStack\data\media\movies\The Golden Child (1986)\The Golden Child (1986) [Bluray-1080p] {imdb-tt0091129}.leapfrog.json,164
imdb://tt0113189,F:\MediaStack\data\media\movies\GoldenEye (1995)\GoldenEye (1995) [Bluray-1080p] {imdb-tt0113189}.mkv,movie,GoldenEye,written,title-only movie match,3270,goldeneye,F:\MediaStack\data\media\movies\GoldenEye (1995)\GoldenEye (1995) [Bluray-1080p] {imdb-tt0113189}.leapfrog.json,206
imdb://tt0099653,F:\MediaStack\data\media\movies\Ghost (1990)\Ghost (1990) [Bluray-1080p] {imdb-tt0099653}.mkv,movie,Ghost,written,title-only movie match,1247,ghost,F:\MediaStack\data\media\movies\Ghost (1990)\Ghost (1990) [Bluray-1080p] {imdb-tt0099653}.leapfrog.json,163
imdb://tt0995039,F:\MediaStack\data\media\movies\Ghost Town (2008)\Ghost Town (2008) [Bluray-1080p] {imdb-tt0995039}.mkv,movie,Ghost Town,written,title-only movie match,2860,ghost-town,F:\MediaStack\data\media\movies\Ghost Town (2008)\Ghost Town (2008) [Bluray-1080p] {imdb-tt0995039}.leapfrog.json,137
imdb://tt21235248,F:\MediaStack\data\media\movies\Ghostbusters - Frozen Empire (2024)\Ghostbusters Frozen Empire (2024) [Bluray-1080p] {imdb-tt21235248}.mkv,movie,Ghostbusters: Frozen Empire,written,title-only movie match,698312,ghostbusters-frozen-empire,F:\MediaStack\data\media\movies\Ghostbusters - Frozen Empire (2024)\Ghostbusters Frozen Empire (2024) [Bluray-1080p] {imdb-tt21235248}.leapfrog.json,141
imdb://tt3631112,F:\MediaStack\data\media\movies\The Girl on the Train (2016)\The Girl on the Train (2016) [Bluray-1080p] {imdb-tt3631112}.mkv,movie,The Girl on the Train,written,title-only movie match,180803,the-girl-on-the-train,F:\MediaStack\data\media\movies\The Girl on the Train (2016)\The Girl on the Train (2016) [Bluray-1080p] {imdb-tt3631112}.leapfrog.json,192
imdb://tt0172493,"F:\MediaStack\data\media\movies\Girl, Interrupted (1999)\Girl Interrupted (1999) [Bluray-1080p] {imdb-tt0172493}.mkv",movie,"Girl, Interrupted",written,title-only movie match,3711,girl-interrupted,"F:\MediaStack\data\media\movies\Girl, Interrupted (1999)\Girl Interrupted (1999) [Bluray-1080p] {imdb-tt0172493}.leapfrog.json",323
imdb://tt0172495,F:\MediaStack\data\media\movies\Gladiator (2000)\Gladiator (2000) [Bluray-1080p] {imdb-tt0172495}.mkv,movie,Gladiator,written,title-only movie match,1010,gladiator,F:\MediaStack\data\media\movies\Gladiator (2000)\Gladiator (2000) [Bluray-1080p] {imdb-tt0172495}.leapfrog.json,140
imdb://tt9218128,F:\MediaStack\data\media\movies\Gladiator II (2024)\Gladiator II (2024) [Bluray-1080p] {imdb-tt9218128}.mp4,movie,Gladiator II,written,title-only movie match,700192,gladiator-ii,F:\MediaStack\data\media\movies\Gladiator II (2024)\Gladiator II (2024) [Bluray-1080p] {imdb-tt9218128}.leapfrog.json,222
imdb://tt0076059,F:\MediaStack\data\media\movies\Fun with Dick and Jane (1977)\Fun with Dick and Jane (1977) [Bluray-1080p] {imdb-tt0076059}.mp4,movie,Fun with Dick and Jane,written,title-only movie match,1377,fun-with-dick-and-jane,F:\MediaStack\data\media\movies\Fun with Dick and Jane (1977)\Fun with Dick and Jane (1977) [Bluray-1080p] {imdb-tt0076059}.leapfrog.json,132
imdb://tt0369441,F:\MediaStack\data\media\movies\Fun with Dick and Jane (2005)\Fun with Dick and Jane (2005) [WEBDL-1080p] {imdb-tt0369441}.mkv,movie,Fun with Dick and Jane,written,title-only movie match,1377,fun-with-dick-and-jane,F:\MediaStack\data\media\movies\Fun with Dick and Jane (2005)\Fun with Dick and Jane (2005) [WEBDL-1080p] {imdb-tt0369441}.leapfrog.json,132
imdb://tt1583421,F:\MediaStack\data\media\movies\G.I. Joe - Retaliation (2013)\G.I. Joe Retaliation (2013) [Bluray-1080p] {imdb-tt1583421}.mkv,movie,G.I. Joe: Retaliation,written,title-only movie match,1283,g-i-joe-retaliation,F:\MediaStack\data\media\movies\G.I. Joe - Retaliation (2013)\G.I. Joe Retaliation (2013) [Bluray-1080p] {imdb-tt1583421}.leapfrog.json,155
imdb://tt1046173,F:\MediaStack\data\media\movies\G.I. Joe - The Rise of Cobra (2009)\G.I. Joe The Rise of Cobra (2009) [Bluray-1080p] {imdb-tt1046173}.mkv,movie,G.I. Joe: The Rise of Cobra,written,title-only movie match,3062,g-i-joe-the-rise-of-cobra,F:\MediaStack\data\media\movies\G.I. Joe - The Rise of Cobra (2009)\G.I. Joe The Rise of Cobra (2009) [Bluray-1080p] {imdb-tt1046173}.leapfrog.json,303
imdb://tt0177789,F:\MediaStack\data\media\movies\Galaxy Quest (1999)\Galaxy Quest (1999) [Bluray-1080p] {imdb-tt0177789}.mp4,movie,Galaxy Quest,written,title-only movie match,1784,galaxy-quest,F:\MediaStack\data\media\movies\Galaxy Quest (1999)\Galaxy Quest (1999) [Bluray-1080p] {imdb-tt0177789}.leapfrog.json,193
imdb://tt0119174,F:\MediaStack\data\media\movies\The Game (1997)\The Game (1997) [Bluray-1080p] {imdb-tt0119174}.mkv,movie,The Game,written,title-only movie match,2576,the-game,F:\MediaStack\data\media\movies\The Game (1997)\The Game (1997) [Bluray-1080p] {imdb-tt0119174}.leapfrog.json,152
imdb://tt0119177,F:\MediaStack\data\media\movies\Gattaca (1997)\Gattaca (1997) [Bluray-1080p] {imdb-tt0119177}.mp4,movie,Gattaca,written,title-only movie match,1464,gattaca,F:\MediaStack\data\media\movies\Gattaca (1997)\Gattaca (1997) [Bluray-1080p] {imdb-tt0119177}.leapfrog.json,120
imdb://tt1025100,F:\MediaStack\data\media\movies\Gemini Man (2019)\Gemini Man (2019) [Bluray-1080p] {imdb-tt1025100}.mp4,movie,Gemini Man,written,title-only movie match,675814,gemini-man,F:\MediaStack\data\media\movies\Gemini Man (2019)\Gemini Man (2019) [Bluray-1080p] {imdb-tt1025100}.leapfrog.json,180
imdb://tt8367814,F:\MediaStack\data\media\movies\The Gentlemen (2020)\The Gentlemen (2020) [WEBDL-1080p] {imdb-tt8367814}.mkv,movie,The Gentlemen,written,title-only movie match,677049,the-gentlemen,F:\MediaStack\data\media\movies\The Gentlemen (2020)\The Gentlemen (2020) [WEBDL-1080p] {imdb-tt8367814}.leapfrog.json,357
imdb://tt1124037,F:\MediaStack\data\media\movies\Free State of Jones (2016)\Free State of Jones (2016) [Bluray-1080p] {imdb-tt1124037}.mkv,movie,Free State of Jones,written,title-only movie match,3677,free-state-of-jones,F:\MediaStack\data\media\movies\Free State of Jones (2016)\Free State of Jones (2016) [Bluray-1080p] {imdb-tt1124037}.leapfrog.json,91
imdb://tt0463998,F:\MediaStack\data\media\movies\Freedom Writers (2007)\Freedom Writers (2007) [Bluray-1080p] {imdb-tt0463998}.mp4,movie,Freedom Writers,written,title-only movie match,2246,freedom-writers,F:\MediaStack\data\media\movies\Freedom Writers (2007)\Freedom Writers (2007) [Bluray-1080p] {imdb-tt0463998}.leapfrog.json,140
imdb://tt0390022,F:\MediaStack\data\media\movies\Friday Night Lights (2004)\Friday Night Lights (2004) [Bluray-1080p] {imdb-tt0390022}.Clean.mp4,movie,Friday Night Lights,written,title-only movie match,3451,friday-night-lights,F:\MediaStack\data\media\movies\Friday Night Lights (2004)\Friday Night Lights (2004) [Bluray-1080p] {imdb-tt0390022}.Clean.leapfrog.json,145
imdb://tt0101921,F:\MediaStack\data\media\movies\Fried Green Tomatoes (1991)\Fried Green Tomatoes (1991) [Bluray-1080p] {imdb-tt0101921}.mkv,movie,Fried Green Tomatoes,written,title-only movie match,2975,fried-green-tomatoes,F:\MediaStack\data\media\movies\Fried Green Tomatoes (1991)\Fried Green Tomatoes (1991) [Bluray-1080p] {imdb-tt0101921}.leapfrog.json,190
imdb://tt18108824,F:\MediaStack\data\media\movies\The Friend (2025)\The Friend (2025) [Bluray-1080p] {imdb-tt18108824}.mkv,movie,The Friend,written,title-only movie match,702610,the-friend,F:\MediaStack\data\media\movies\The Friend (2025)\The Friend (2025) [Bluray-1080p] {imdb-tt18108824}.leapfrog.json,63
imdb://tt1896747,F:\MediaStack\data\media\movies\Fly Me to the Moon (2024)\Fly Me to the Moon (2024) [WEBDL-1080p] {imdb-tt1896747}.mkv,movie,Fly Me to the Moon,written,title-only movie match,699977,fly-me-to-the-moon-1df6d,F:\MediaStack\data\media\movies\Fly Me to the Moon (2024)\Fly Me to the Moon (2024) [WEBDL-1080p] {imdb-tt1896747}.leapfrog.json,74
imdb://tt0109830,F:\MediaStack\data\media\movies\Forrest Gump (1994)\Forrest Gump (1994) [Bluray-1080p] {imdb-tt0109830}.mkv,movie,Forrest Gump,written,title-only movie match,1311,forrest-gump,F:\MediaStack\data\media\movies\Forrest Gump (1994)\Forrest Gump (1994) [Bluray-1080p] {imdb-tt0109830}.leapfrog.json,250
imdb://tt4276820,F:\MediaStack\data\media\movies\The Founder (2016)\The Founder (2016) [Bluray-1080p] {imdb-tt4276820}.mkv,movie,The Founder,written,title-only movie match,161581,the-founder,F:\MediaStack\data\media\movies\The Founder (2016)\The Founder (2016) [Bluray-1080p] {imdb-tt4276820}.leapfrog.json,79
imdb://tt0240510,F:\MediaStack\data\media\movies\The Four Feathers (2002)\The Four Feathers (2002) [Bluray-1080p] {imdb-tt0240510}.mkv,movie,The Four Feathers,written,title-only movie match,3134,the-four-feathers,F:\MediaStack\data\media\movies\The Four Feathers (2002)\The Four Feathers (2002) [Bluray-1080p] {imdb-tt0240510}.leapfrog.json,163
imdb://tt0964517,F:\MediaStack\data\media\movies\The Fighter (2010)\The Fighter (2010) [Bluray-1080p] {imdb-tt0964517}.mkv,movie,The Fighter,written,title-only movie match,1104,the-fighter,F:\MediaStack\data\media\movies\The Fighter (2010)\The Fighter (2010) [Bluray-1080p] {imdb-tt0964517}.leapfrog.json,426
imdb://tt3420504,F:\MediaStack\data\media\movies\Finch (2021)\Finch (2021) [WEBDL-1080p] {imdb-tt3420504}.mkv,movie,Finch,written,title-only movie match,685419,finch,F:\MediaStack\data\media\movies\Finch (2021)\Finch (2021) [WEBDL-1080p] {imdb-tt3420504}.leapfrog.json,51
imdb://tt0106918,F:\MediaStack\data\media\movies\The Firm (1993)\The Firm (1993) [Bluray-1080p] {imdb-tt0106918}.mkv,movie,The Firm,written,title-only movie match,2138,the-firm,F:\MediaStack\data\media\movies\The Firm (1993)\The Firm (1993) [Bluray-1080p] {imdb-tt0106918}.leapfrog.json,122
imdb://tt2039338,F:\MediaStack\data\media\movies\Flatliners (2017)\Flatliners (2017) [Bluray-1080p] {imdb-tt2039338}.mkv,movie,Flatliners,written,title-only movie match,208961,flatliners-2017,F:\MediaStack\data\media\movies\Flatliners (2017)\Flatliners (2017) [Bluray-1080p] {imdb-tt2039338}.leapfrog.json,176
imdb://tt0089155,F:\MediaStack\data\media\movies\Fletch (1985)\Fletch (1985) [Bluray-1080p] {imdb-tt0089155}.mkv,movie,Fletch,written,title-only movie match,2732,fletch,F:\MediaStack\data\media\movies\Fletch (1985)\Fletch (1985) [Bluray-1080p] {imdb-tt0089155}.leapfrog.json,109
imdb://tt1907668,F:\MediaStack\data\media\movies\Flight (2012)\Flight (2012) [Bluray-1080p] {imdb-tt1907668}.mkv,movie,Flight,written,title-only movie match,1323,flight,F:\MediaStack\data\media\movies\Flight (2012)\Flight (2012) [Bluray-1080p] {imdb-tt1907668}.leapfrog.json,228
imdb://tt0116282,F:\MediaStack\data\media\movies\Fargo (1996)\Fargo (1996) [Bluray-1080p] {imdb-tt0116282}.mkv,movie,Fargo,written,title-only movie match,2086,fargo-1996,F:\MediaStack\data\media\movies\Fargo (1996)\Fargo (1996) [Bluray-1080p] {imdb-tt0116282}.leapfrog.json,204
imdb://tt1013752,F:\MediaStack\data\media\movies\Fast & Furious (2009)\Fast and Furious (2009) [Bluray-1080p] {imdb-tt1013752}.mp4,movie,Fast & Furious,written,title-only movie match,1284,fast-furious,F:\MediaStack\data\media\movies\Fast & Furious (2009)\Fast and Furious (2009) [Bluray-1080p] {imdb-tt1013752}.leapfrog.json,223
imdb://tt1905041,F:\MediaStack\data\media\movies\Fast & Furious 6 (2013)\Fast and Furious 6 (2013) [Bluray-1080p] {imdb-tt1905041}.mp4,movie,Fast & Furious 6,written,title-only movie match,1296,fast-furious-6,F:\MediaStack\data\media\movies\Fast & Furious 6 (2013)\Fast and Furious 6 (2013) [Bluray-1080p] {imdb-tt1905041}.leapfrog.json,224
imdb://tt6806448,F:\MediaStack\data\media\movies\Fast & Furious Presents - Hobbs & Shaw (2019)\Fast and Furious Presents Hobbs and Shaw (2019) [Bluray-1080p] {imdb-tt6806448}.mkv,movie,Fast & Furious Presents: Hobbs & Shaw,written,title-only movie match,674626,fast-furious-presents-hobbs-shaw,F:\MediaStack\data\media\movies\Fast & Furious Presents - Hobbs & Shaw (2019)\Fast and Furious Presents Hobbs and Shaw (2019) [Bluray-1080p] {imdb-tt6806448}.leapfrog.json,235
imdb://tt0232500,F:\MediaStack\data\media\movies\The Fast and the Furious (2001)\The Fast and the Furious (2001) [Bluray-1080p] {imdb-tt0232500}.mkv,movie,The Fast and the Furious,written,title-only movie match,1272,the-fast-and-the-furious,F:\MediaStack\data\media\movies\The Fast and the Furious (2001)\The Fast and the Furious (2001) [Bluray-1080p] {imdb-tt0232500}.leapfrog.json,246
imdb://tt0463985,F:\MediaStack\data\media\movies\The Fast and the Furious - Tokyo Drift (2006)\The Fast and the Furious Tokyo Drift (2006) [Bluray-1080p] {imdb-tt0463985}.mkv,movie,The Fast and the Furious: Tokyo Drift,written,title-only movie match,1702,the-fast-and-the-furious-tokyo-drift,F:\MediaStack\data\media\movies\The Fast and the Furious - Tokyo Drift (2006)\The Fast and the Furious Tokyo Drift (2006) [Bluray-1080p] {imdb-tt0463985}.leapfrog.json,208
imdb://tt0083929,F:\MediaStack\data\media\movies\Fast Times at Ridgemont High (1982)\Fast Times at Ridgemont High (1982) [Bluray-1080p] {imdb-tt0083929}.mkv,movie,Fast Times at Ridgemont High,written,title-only movie match,2238,fast-times-at-ridgemont-high,F:\MediaStack\data\media\movies\Fast Times at Ridgemont High (1982)\Fast Times at Ridgemont High (1982) [Bluray-1080p] {imdb-tt0083929}.leapfrog.json,224
imdb://tt5433140,F:\MediaStack\data\media\movies\Fast X (2023)\Fast X (2023) [Bluray-1080p] {imdb-tt5433140}.mkv,movie,Fast X,written,title-only movie match,672020,fast-furious-10,F:\MediaStack\data\media\movies\Fast X (2023)\Fast X (2023) [Bluray-1080p] {imdb-tt5433140}.leapfrog.json,236
imdb://tt2671706,F:\MediaStack\data\media\movies\Fences (2016)\Fences (2016) [WEBDL-1080p] {imdb-tt2671706}.mkv,movie,Fences,written,title-only movie match,205463,fences,F:\MediaStack\data\media\movies\Fences (2016)\Fences (2016) [WEBDL-1080p] {imdb-tt2671706}.leapfrog.json,166
imdb://tt0091042,F:\MediaStack\data\media\movies\Ferris Bueller's Day Off (1986)\Ferris Buellers Day Off (1986) [Bluray-1080p] {imdb-tt0091042}.mkv,movie,Ferris Bueller's Day Off,written,title-only movie match,2033,ferris-buellers-day-off,F:\MediaStack\data\media\movies\Ferris Bueller's Day Off (1986)\Ferris Buellers Day Off (1986) [Bluray-1080p] {imdb-tt0091042}.leapfrog.json,198
imdb://tt0119116,F:\MediaStack\data\media\movies\The Fifth Element (1997)\The Fifth Element (1997) [Bluray-1080p] {imdb-tt0119116}.Clean.mp4,movie,The Fifth Element,written,title-only movie match,2731,the-fifth-element,F:\MediaStack\data\media\movies\The Fifth Element (1997)\The Fifth Element (1997) [Bluray-1080p] {imdb-tt0119116}.Clean.leapfrog.json,253
imdb://tt1764651,F:\MediaStack\data\media\movies\The Expendables 2 (2012)\The Expendables 2 (2012) [Bluray-1080p Proper] {imdb-tt1764651}.mkv,movie,The Expendables 2,written,title-only movie match,1070,the-expendables-2,F:\MediaStack\data\media\movies\The Expendables 2 (2012)\The Expendables 2 (2012) [Bluray-1080p Proper] {imdb-tt1764651}.leapfrog.json,158
imdb://tt2333784,F:\MediaStack\data\media\movies\The Expendables 3 (2014)\The Expendables 3 (2014) [Bluray-1080p] {imdb-tt2333784}.mp4,movie,The Expendables 3,written,title-only movie match,1592,the-expendables-3,F:\MediaStack\data\media\movies\The Expendables 3 (2014)\The Expendables 3 (2014) [Bluray-1080p] {imdb-tt2333784}.leapfrog.json,246
imdb://tt14208870,F:\MediaStack\data\media\movies\The Fabelmans (2022)\The Fabelmans (2022) [Bluray-1080p] {imdb-tt14208870}.mkv,movie,The Fabelmans,written,title-only movie match,693440,the-fabelmans,F:\MediaStack\data\media\movies\The Fabelmans (2022)\The Fabelmans (2022) [Bluray-1080p] {imdb-tt14208870}.leapfrog.json,190
imdb://tt0427229,F:\MediaStack\data\media\movies\Failure to Launch (2006)\Failure to Launch (2006) [WEBDL-1080p] {imdb-tt0427229}.mkv,movie,Failure to Launch,written,title-only movie match,660069,failure-to-launch,F:\MediaStack\data\media\movies\Failure to Launch (2006)\Failure to Launch (2006) [WEBDL-1080p] {imdb-tt0427229}.leapfrog.json,188
imdb://tt1684562,F:\MediaStack\data\media\movies\The Fall Guy (2024)\The Fall Guy (2024) [Bluray-1080p] {imdb-tt1684562}.mp4,movie,The Fall Guy,written,title-only movie match,697884,the-fall-guy-47625,F:\MediaStack\data\media\movies\The Fall Guy (2024)\The Fall Guy (2024) [Bluray-1080p] {imdb-tt1684562}.leapfrog.json,347
imdb://tt0218967,F:\MediaStack\data\media\movies\The Family Man (2000)\The Family Man (2000) [Bluray-1080p] {imdb-tt0218967}.mkv,movie,The Family Man,written,title-only movie match,2413,the-family-man,F:\MediaStack\data\media\movies\The Family Man (2000)\The Family Man (2000) [Bluray-1080p] {imdb-tt0218967}.leapfrog.json,120
imdb://tt16431870,F:\MediaStack\data\media\movies\The Family Plan (2023)\The Family Plan (2023) [WEBDL-1080p] {imdb-tt16431870}.mkv,movie,The Family Plan,written,title-only movie match,696403,the-family-plan,F:\MediaStack\data\media\movies\The Family Plan (2023)\The Family Plan (2023) [WEBDL-1080p] {imdb-tt16431870}.leapfrog.json,276
imdb://tt34276058,F:\MediaStack\data\media\movies\The Family Plan 2 (2025)\The Family Plan 2 (2025) [WEBRip-1080p] {imdb-tt34276058}.mp4,movie,The Family Plan 2,written,title-only movie match,703452,the-family-plan-2,F:\MediaStack\data\media\movies\The Family Plan 2 (2025)\The Family Plan 2 (2025) [WEBRip-1080p] {imdb-tt34276058}.leapfrog.json,199
imdb://tt0983946,F:\MediaStack\data\media\movies\Fantasy Island (2020)\Fantasy Island (2020) [Bluray-1080p] {imdb-tt0983946}.mkv,movie,Fantasy Island,written,title-only movie match,677822,fantasy-island-ce666,F:\MediaStack\data\media\movies\Fantasy Island (2020)\Fantasy Island (2020) [Bluray-1080p] {imdb-tt0983946}.leapfrog.json,234
imdb://tt0104231,F:\MediaStack\data\media\movies\Far and Away (1992)\Far and Away (1992) [Bluray-1080p] {imdb-tt0104231}.mp4,movie,Far and Away,written,title-only movie match,2850,far-and-away,F:\MediaStack\data\media\movies\Far and Away (1992)\Far and Away (1992) [Bluray-1080p] {imdb-tt0104231}.leapfrog.json,307
imdb://tt0215750,F:\MediaStack\data\media\movies\Enemy at the Gates (2001)\Enemy at the Gates (2001) [Bluray-1080p] {imdb-tt0215750}.mkv,movie,Enemy at the Gates,written,title-only movie match,2499,enemy-at-the-gates,F:\MediaStack\data\media\movies\Enemy at the Gates (2001)\Enemy at the Gates (2001) [Bluray-1080p] {imdb-tt0215750}.leapfrog.json,132
imdb://tt0455944,F:\MediaStack\data\media\movies\The Equalizer (2014)\The Equalizer (2014) [Bluray-1080p] {imdb-tt0455944}.mp4,movie,The Equalizer,written,title-only movie match,1623,the-equalizer,F:\MediaStack\data\media\movies\The Equalizer (2014)\The Equalizer (2014) [Bluray-1080p] {imdb-tt0455944}.leapfrog.json,251
imdb://tt3766354,F:\MediaStack\data\media\movies\The Equalizer 2 (2018)\The Equalizer 2 (2018) [Bluray-1080p] {imdb-tt3766354}.mp4,movie,The Equalizer 2,written,title-only movie match,670501,the-equalizer-2,F:\MediaStack\data\media\movies\The Equalizer 2 (2018)\The Equalizer 2 (2018) [Bluray-1080p] {imdb-tt3766354}.leapfrog.json,180
imdb://tt17024450,F:\MediaStack\data\media\movies\The Equalizer 3 (2023)\The Equalizer 3 (2023) [Bluray-1080p] {imdb-tt17024450}.mp4,movie,The Equalizer 3,written,title-only movie match,695787,the-equalizer-3,F:\MediaStack\data\media\movies\The Equalizer 3 (2023)\The Equalizer 3 (2023) [Bluray-1080p] {imdb-tt17024450}.leapfrog.json,110
imdb://tt0195685,F:\MediaStack\data\media\movies\Erin Brockovich (2000)\Erin Brockovich (2000) [Bluray-1080p] {imdb-tt0195685}.mp4,movie,Erin Brockovich,written,title-only movie match,2039,erin-brockovich-5,F:\MediaStack\data\media\movies\Erin Brockovich (2000)\Erin Brockovich (2000) [Bluray-1080p] {imdb-tt0195685}.leapfrog.json,196
imdb://tt0079116,F:\MediaStack\data\media\movies\Escape from Alcatraz (1979)\Escape from Alcatraz (1979) [Bluray-1080p] {imdb-tt0079116}.mp4,movie,Escape from Alcatraz,written,title-only movie match,3184,escape-from-alcatraz,F:\MediaStack\data\media\movies\Escape from Alcatraz (1979)\Escape from Alcatraz (1979) [Bluray-1080p] {imdb-tt0079116}.leapfrog.json,80
imdb://tt1211956,F:\MediaStack\data\media\movies\Escape Plan (2013)\Escape Plan (2013) [Bluray-1080p] {imdb-tt1211956}.mkv,movie,Escape Plan,written,title-only movie match,1705,escape-plan,F:\MediaStack\data\media\movies\Escape Plan (2013)\Escape Plan (2013) [Bluray-1080p] {imdb-tt1211956}.leapfrog.json,218
imdb://tt9844522,F:\MediaStack\data\media\movies\Escape Room - Tournament of Champions (2021)\Escape Room Tournament of Champions (2021) [Bluray-1080p] {imdb-tt9844522}.mp4,movie,Escape Room: Tournament of Champions,written,title-only movie match,687562,escape-room-tournament-of-champions,F:\MediaStack\data\media\movies\Escape Room - Tournament of Champions (2021)\Escape Room Tournament of Champions (2021) [Bluray-1080p] {imdb-tt9844522}.leapfrog.json,196
imdb://tt0338013,F:\MediaStack\data\media\movies\Eternal Sunshine of the Spotless Mind (2004)\Eternal Sunshine of the Spotless Mind (2004) [Bluray-1080p Proper] {imdb-tt0338013}.mkv,movie,Eternal Sunshine of the Spotless Mind,written,title-only movie match,2023,eternal-sunshine-of-the-spotless-mind,F:\MediaStack\data\media\movies\Eternal Sunshine of the Spotless Mind (2004)\Eternal Sunshine of the Spotless Mind (2004) [Bluray-1080p Proper] {imdb-tt0338013}.leapfrog.json,175
imdb://tt0413099,F:\MediaStack\data\media\movies\Evan Almighty (2007)\Evan Almighty (2007) [Bluray-1080p] {imdb-tt0413099}.mp4,movie,Evan Almighty,written,title-only movie match,3177,evan-almighty,F:\MediaStack\data\media\movies\Evan Almighty (2007)\Evan Almighty (2007) [Bluray-1080p] {imdb-tt0413099}.leapfrog.json,97
imdb://tt2719848,F:\MediaStack\data\media\movies\Everest (2015)\Everest (2015) [Bluray-1080p] {imdb-tt2719848}.mkv,movie,Everest,written,title-only movie match,2468,everest,F:\MediaStack\data\media\movies\Everest (2015)\Everest (2015) [Bluray-1080p] {imdb-tt2719848}.leapfrog.json,54
imdb://tt0470752,F:\MediaStack\data\media\movies\Ex Machina (2015)\Ex Machina (2015) [Bluray-1080p] {imdb-tt0470752}.mp4,movie,Ex Machina,written,title-only movie match,1776,ex-machina,F:\MediaStack\data\media\movies\Ex Machina (2015)\Ex Machina (2015) [Bluray-1080p] {imdb-tt0470752}.leapfrog.json,94
imdb://tt1320253,F:\MediaStack\data\media\movies\The Expendables (2010)\The Expendables (2010) [Bluray-1080p] {imdb-tt1320253}.mkv,movie,The Expendables,written,title-only movie match,1069,the-expendables,F:\MediaStack\data\media\movies\The Expendables (2010)\The Expendables (2010) [Bluray-1080p] {imdb-tt1320253}.leapfrog.json,217
imdb://tt1059786,F:\MediaStack\data\media\movies\Eagle Eye (2008)\Eagle Eye (2008) [Bluray-1080p] {imdb-tt1059786}.mkv,movie,Eagle Eye,written,title-only movie match,1444,eagle-eye,F:\MediaStack\data\media\movies\Eagle Eye (2008)\Eagle Eye (2008) [Bluray-1080p] {imdb-tt1059786}.leapfrog.json,96
imdb://tt0879870,F:\MediaStack\data\media\movies\Eat Pray Love (2010)\Eat Pray Love (2010) [Bluray-1080p] {imdb-tt0879870}.mp4,movie,Eat Pray Love,written,title-only movie match,2526,eat-pray-love,F:\MediaStack\data\media\movies\Eat Pray Love (2010)\Eat Pray Love (2010) [Bluray-1080p] {imdb-tt0879870}.leapfrog.json,128
imdb://tt0116191,F:\MediaStack\data\media\movies\Emma (1996)\Emma (1996) [Bluray-1080p] {imdb-tt0116191}.mkv,movie,Emma,written,title-only movie match,678010,emma-d8330,F:\MediaStack\data\media\movies\Emma (1996)\Emma (1996) [Bluray-1080p] {imdb-tt0116191}.leapfrog.json,69
imdb://tt9214832,F:\MediaStack\data\media\movies\Emma. (2020)\Emma. (2020) [Bluray-1080p] {imdb-tt9214832}.mkv,movie,Emma.,written,title-only movie match,678010,emma-d8330,F:\MediaStack\data\media\movies\Emma. (2020)\Emma. (2020) [Bluray-1080p] {imdb-tt9214832}.leapfrog.json,69
imdb://tt1731141,F:\MediaStack\data\media\movies\Ender's Game (2013)\Enders Game (2013) [Bluray-1080p Proper] {imdb-tt1731141}.mkv,movie,Ender's Game,written,title-only movie match,1244,enders-game,F:\MediaStack\data\media\movies\Ender's Game (2013)\Enders Game (2013) [Bluray-1080p Proper] {imdb-tt1731141}.leapfrog.json,39
imdb://tt2316411,F:\MediaStack\data\media\movies\Enemy (2014)\Enemy (2014) [Bluray-1080p] {imdb-tt2316411}.mkv,movie,Enemy,written,title-only movie match,1100,enemy,F:\MediaStack\data\media\movies\Enemy (2014)\Enemy (2014) [Bluray-1080p] {imdb-tt2316411}.leapfrog.json,90
imdb://tt6673612,F:\MediaStack\data\media\movies\Dolittle (2020)\Dolittle (2020) [Bluray-1080p] {imdb-tt6673612}.mkv,movie,Dolittle,written,title-only movie match,677019,dolittle,F:\MediaStack\data\media\movies\Dolittle (2020)\Dolittle (2020) [Bluray-1080p] {imdb-tt6673612}.leapfrog.json,93
imdb://tt7547410,F:\MediaStack\data\media\movies\Dora and the Lost City of Gold (2019)\Dora and the Lost City of Gold (2019) [Bluray-1080p] {imdb-tt7547410}.mkv,movie,Dora and the Lost City of Gold,written,title-only movie match,675102,dora-and-the-lost-city-of-gold,F:\MediaStack\data\media\movies\Dora and the Lost City of Gold (2019)\Dora and the Lost City of Gold (2019) [Bluray-1080p] {imdb-tt7547410}.leapfrog.json,93
imdb://tt0150377,F:\MediaStack\data\media\movies\Double Jeopardy (1999)\Double Jeopardy (1999) [Bluray-1080p] {imdb-tt0150377}.mkv,movie,Double Jeopardy,written,title-only movie match,2709,double-jeopardy,F:\MediaStack\data\media\movies\Double Jeopardy (1999)\Double Jeopardy (1999) [Bluray-1080p] {imdb-tt0150377}.leapfrog.json,137
imdb://tt0363163,F:\MediaStack\data\media\movies\Downfall (2004)\Downfall (2004) [Bluray-1080p] {imdb-tt0363163}.mkv,movie,Downfall,written,title-only movie match,2853,downfall,F:\MediaStack\data\media\movies\Downfall (2004)\Downfall (2004) [Bluray-1080p] {imdb-tt0363163}.leapfrog.json,131
imdb://tt0057012,F:\MediaStack\data\media\movies\Dr. Strangelove or - How I Learned to Stop Worrying and Love the Bomb (1964)\Dr. Strangelove or How I Learned to Stop Worrying and Love the Bomb (1964) [Bluray-1080p] {imdb-tt0057012}.mp4,movie,Dr. Strangelove or: How I Learned to Stop Worrying and Love the Bomb,written,title-only movie match,3028,dr-strangelove-or-how-i-learned-to-stop-worrying-and-love-the-bomb,F:\MediaStack\data\media\movies\Dr. Strangelove or - How I Learned to Stop Worrying and Love the Bomb (1964)\Dr. Strangelove or How I Learned to Stop Worrying and Love the Bomb (1964) [Bluray-1080p] {imdb-tt0057012}.leapfrog.json,156
imdb://tt0780504,F:\MediaStack\data\media\movies\Drive (2011)\Drive (2011) [Bluray-1080p] {imdb-tt0780504}.mkv,movie,Drive,written,title-only movie match,1249,drive,F:\MediaStack\data\media\movies\Drive (2011)\Drive (2011) [Bluray-1080p] {imdb-tt0780504}.leapfrog.json,85
imdb://tt0864761,F:\MediaStack\data\media\movies\The Duchess (2008)\The Duchess (2008) [Bluray-1080p] {imdb-tt0864761}.mkv,movie,The Duchess,written,title-only movie match,659887,the-duchess,F:\MediaStack\data\media\movies\The Duchess (2008)\The Duchess (2008) [Bluray-1080p] {imdb-tt0864761}.leapfrog.json,150
imdb://tt2096672,F:\MediaStack\data\media\movies\Dumb and Dumber To (2014)\Dumb and Dumber To (2014) [Bluray-1080p] {imdb-tt2096672}.mp4,movie,Dumb and Dumber To,written,title-only movie match,1666,dumb-and-dumber-to,F:\MediaStack\data\media\movies\Dumb and Dumber To (2014)\Dumb and Dumber To (2014) [Bluray-1080p] {imdb-tt2096672}.leapfrog.json,231
imdb://tt0486822,F:\MediaStack\data\media\movies\Disturbia (2007)\Disturbia (2007) [Bluray-1080p] {imdb-tt0486822}.mkv,movie,Disturbia,written,title-only movie match,2766,disturbia,F:\MediaStack\data\media\movies\Disturbia (2007)\Disturbia (2007) [Bluray-1080p] {imdb-tt0486822}.leapfrog.json,241
imdb://tt11252248,F:\MediaStack\data\media\movies\Dog (2022)\Dog (2022) [Bluray-1080p] {imdb-tt11252248}.mkv,movie,Dog,written,title-only movie match,691682,dog,F:\MediaStack\data\media\movies\Dog (2022)\Dog (2022) [Bluray-1080p] {imdb-tt11252248}.leapfrog.json,154
imdb://tt7616798,F:\MediaStack\data\media\movies\A Dog's Way Home (2019)\A Dogs Way Home (2019) [Bluray-1080p] {imdb-tt7616798}.mkv,movie,A Dog's Way Home,written,title-only movie match,672129,a-dogs-way-home,F:\MediaStack\data\media\movies\A Dog's Way Home (2019)\A Dogs Way Home (2019) [Bluray-1080p] {imdb-tt7616798}.leapfrog.json,52
imdb://tt0077416,F:\MediaStack\data\media\movies\The Deer Hunter (1978)\The Deer Hunter (1978) [Bluray-1080p] {imdb-tt0077416}.mp4,movie,The Deer Hunter,written,title-only movie match,3155,the-deer-hunter,F:\MediaStack\data\media\movies\The Deer Hunter (1978)\The Deer Hunter (1978) [Bluray-1080p] {imdb-tt0077416}.leapfrog.json,442
imdb://tt1034303,F:\MediaStack\data\media\movies\Defiance (2008)\Defiance (2008) [WEBDL-1080p] {imdb-tt1034303}.mkv,movie,Defiance,written,title-only movie match,1462,defiance,F:\MediaStack\data\media\movies\Defiance (2008)\Defiance (2008) [WEBDL-1080p] {imdb-tt1034303}.leapfrog.json,111
imdb://tt0832266,"F:\MediaStack\data\media\movies\Definitely, Maybe (2008)\Definitely Maybe (2008) [Bluray-1080p] {imdb-tt0832266}.mkv",movie,"Definitely, Maybe",written,title-only movie match,2017,definitely-maybe,"F:\MediaStack\data\media\movies\Definitely, Maybe (2008)\Definitely Maybe (2008) [Bluray-1080p] {imdb-tt0832266}.leapfrog.json",157
imdb://tt1323594,F:\MediaStack\data\media\movies\Despicable Me (2010)\Despicable Me (2010) [Bluray-1080p Proper] {imdb-tt1323594}.mkv,movie,Despicable Me,written,title-only movie match,1729,despicable-me,F:\MediaStack\data\media\movies\Despicable Me (2010)\Despicable Me (2010) [Bluray-1080p Proper] {imdb-tt1323594}.leapfrog.json,85
imdb://tt3469046,F:\MediaStack\data\media\movies\Despicable Me 3 (2017)\Despicable Me 3 (2017) [Bluray-1080p] {imdb-tt3469046}.mkv,movie,Despicable Me 3,written,title-only movie match,168658,despicable-me-3,F:\MediaStack\data\media\movies\Despicable Me 3 (2017)\Despicable Me 3 (2017) [Bluray-1080p] {imdb-tt3469046}.leapfrog.json,131
imdb://tt7510222,F:\MediaStack\data\media\movies\Despicable Me 4 (2024)\Despicable Me 4 (2024) [Bluray-1080p] {imdb-tt7510222}.mkv,movie,Despicable Me 4,written,title-only movie match,699648,despicable-me-4,F:\MediaStack\data\media\movies\Despicable Me 4 (2024)\Despicable Me 4 (2024) [Bluray-1080p] {imdb-tt7510222}.leapfrog.json,140
imdb://tt7693316,F:\MediaStack\data\media\movies\Devotion (2022)\Devotion (2022) [WEBRip-1080p] {imdb-tt7693316}.mp4,movie,Devotion,written,title-only movie match,693024,devotion,F:\MediaStack\data\media\movies\Devotion (2022)\Devotion (2022) [WEBRip-1080p] {imdb-tt7693316}.leapfrog.json,159
imdb://tt0118928,F:\MediaStack\data\media\movies\Dante's Peak (1997)\Dantes Peak (1997) [Bluray-1080p] {imdb-tt0118928}.mkv,movie,Dante's Peak,written,title-only movie match,2920,dantes-peak,F:\MediaStack\data\media\movies\Dante's Peak (1997)\Dantes Peak (1997) [Bluray-1080p] {imdb-tt0118928}.leapfrog.json,148
imdb://tt1648190,F:\MediaStack\data\media\movies\The Dark Tower (2017)\The Dark Tower (2017) [Bluray-1080p Proper] {imdb-tt1648190}.mkv,movie,The Dark Tower,written,title-only movie match,184407,the-dark-tower,F:\MediaStack\data\media\movies\The Dark Tower (2017)\The Dark Tower (2017) [Bluray-1080p Proper] {imdb-tt1648190}.leapfrog.json,92
imdb://tt4555426,F:\MediaStack\data\media\movies\Darkest Hour (2017)\Darkest Hour (2017) [Bluray-1080p] {imdb-tt4555426}.mkv,movie,Darkest Hour,written,title-only movie match,208315,darkest-hour,F:\MediaStack\data\media\movies\Darkest Hour (2017)\Darkest Hour (2017) [Bluray-1080p] {imdb-tt4555426}.leapfrog.json,113
imdb://tt0989757,F:\MediaStack\data\media\movies\Dear John (2010)\Dear John (2010) [Bluray-1080p] {imdb-tt0989757}.mp4,movie,Dear John,written,title-only movie match,2878,dear-john,F:\MediaStack\data\media\movies\Dear John (2010)\Dear John (2010) [Bluray-1080p] {imdb-tt0989757}.leapfrog.json,67
imdb://tt0120647,F:\MediaStack\data\media\movies\Deep Impact (1998)\Deep Impact (1998) [WEBDL-1080p] {imdb-tt0120647}.mkv,movie,Deep Impact,written,title-only movie match,3026,deep-impact,F:\MediaStack\data\media\movies\Deep Impact (1998)\Deep Impact (1998) [WEBDL-1080p] {imdb-tt0120647}.leapfrog.json,111
imdb://tt1860357,F:\MediaStack\data\media\movies\Deepwater Horizon (2016)\Deepwater Horizon (2016) [Bluray-1080p Proper] {imdb-tt1860357}.mkv,movie,Deepwater Horizon,written,title-only movie match,659299,deepwater-horizon,F:\MediaStack\data\media\movies\Deepwater Horizon (2016)\Deepwater Horizon (2016) [Bluray-1080p Proper] {imdb-tt1860357}.leapfrog.json,195
imdb://tt11145118,F:\MediaStack\data\media\movies\Creed III (2023)\Creed III (2023) [Bluray-1080p] {imdb-tt11145118}.mkv,movie,Creed III,written,title-only movie match,694399,creed-iii,F:\MediaStack\data\media\movies\Creed III (2023)\Creed III (2023) [Bluray-1080p] {imdb-tt11145118}.leapfrog.json,206
imdb://tt0090555,F:\MediaStack\data\media\movies\Crocodile Dundee (1986)\Crocodile Dundee (1986) [Bluray-1080p] {imdb-tt0090555}.mp4,movie,Crocodile Dundee,written,title-only movie match,2791,crocodile-dundee,F:\MediaStack\data\media\movies\Crocodile Dundee (1986)\Crocodile Dundee (1986) [Bluray-1080p] {imdb-tt0090555}.leapfrog.json,245
imdb://tt0092493,F:\MediaStack\data\media\movies\Crocodile Dundee II (1988)\Crocodile Dundee II (1988) [Bluray-1080p] {imdb-tt0092493}.mp4,movie,Crocodile Dundee II,written,title-only movie match,2816,crocodile-dundee-ii,F:\MediaStack\data\media\movies\Crocodile Dundee II (1988)\Crocodile Dundee II (1988) [Bluray-1080p] {imdb-tt0092493}.leapfrog.json,195
imdb://tt0190332,"F:\MediaStack\data\media\movies\Crouching Tiger, Hidden Dragon (2000)\Crouching Tiger Hidden Dragon (2000) [Bluray-1080p] {imdb-tt0190332}.mp4",movie,"Crouching Tiger, Hidden Dragon",written,title-only movie match,1810,crouching-tiger-hidden-dragon,"F:\MediaStack\data\media\movies\Crouching Tiger, Hidden Dragon (2000)\Crouching Tiger Hidden Dragon (2000) [Bluray-1080p] {imdb-tt0190332}.leapfrog.json",71
imdb://tt0382625,F:\MediaStack\data\media\movies\The Da Vinci Code (2006)\The Da Vinci Code (2006) [Bluray-1080p] {imdb-tt0382625}.mkv,movie,The Da Vinci Code,written,title-only movie match,2132,the-da-vinci-code,F:\MediaStack\data\media\movies\The Da Vinci Code (2006)\The Da Vinci Code (2006) [Bluray-1080p] {imdb-tt0382625}.leapfrog.json,128
imdb://tt0317303,F:\MediaStack\data\media\movies\Daddy Day Care (2003)\Daddy Day Care (2003) [WEBRip-1080p] {imdb-tt0317303}.mp4,movie,Daddy Day Care,written,title-only movie match,3539,daddy-day-care,F:\MediaStack\data\media\movies\Daddy Day Care (2003)\Daddy Day Care (2003) [WEBRip-1080p] {imdb-tt0317303}.leapfrog.json,151
imdb://tt1528854,F:\MediaStack\data\media\movies\Daddy's Home (2015)\Daddys Home (2015) [Bluray-1080p] {imdb-tt1528854}.mkv,movie,Daddy's Home,written,title-only movie match,2567,daddys-home,F:\MediaStack\data\media\movies\Daddy's Home (2015)\Daddys Home (2015) [Bluray-1080p] {imdb-tt1528854}.leapfrog.json,170
imdb://tt5657846,F:\MediaStack\data\media\movies\Daddy's Home 2 (2017)\Daddys Home 2 (2017) [Bluray-1080p] {imdb-tt5657846}.mkv,movie,Daddy's Home 2,written,title-only movie match,218365,daddys-home-2,F:\MediaStack\data\media\movies\Daddy's Home 2 (2017)\Daddys Home 2 (2017) [Bluray-1080p] {imdb-tt5657846}.leapfrog.json,118
imdb://tt0790636,F:\MediaStack\data\media\movies\Dallas Buyers Club (2013)\Dallas Buyers Club (2013) [Bluray-1080p] {imdb-tt0790636}.mp4,movie,Dallas Buyers Club,written,title-only movie match,1334,dallas-buyers-club,F:\MediaStack\data\media\movies\Dallas Buyers Club (2013)\Dallas Buyers Club (2013) [Bluray-1080p] {imdb-tt0790636}.leapfrog.json,466
imdb://tt10323676,F:\MediaStack\data\media\movies\The Contractor (2022)\The Contractor (2022) [Bluray-1080p] {imdb-tt10323676}.mp4,movie,The Contractor,written,title-only movie match,691640,the-contractor-6cfcf,F:\MediaStack\data\media\movies\The Contractor (2022)\The Contractor (2022) [Bluray-1080p] {imdb-tt10323676}.leapfrog.json,162
imdb://tt0409847,F:\MediaStack\data\media\movies\Cowboys & Aliens (2011)\Cowboys and Aliens (2011) [Bluray-1080p] {imdb-tt0409847}.mp4,movie,Cowboys & Aliens,written,title-only movie match,1554,cowboys-aliens,F:\MediaStack\data\media\movies\Cowboys & Aliens (2011)\Cowboys and Aliens (2011) [Bluray-1080p] {imdb-tt0409847}.leapfrog.json,188
imdb://tt0075860,F:\MediaStack\data\media\movies\Close Encounters of the Third Kind (1977)\Close Encounters of the Third Kind (1977) [Bluray-1080p] {imdb-tt0075860}.mp4,movie,Close Encounters of the Third Kind,written,title-only movie match,2844,close-encounters-of-the-third-kind-directors-cut,F:\MediaStack\data\media\movies\Close Encounters of the Third Kind (1977)\Close Encounters of the Third Kind (1977) [Bluray-1080p] {imdb-tt0075860}.leapfrog.json,78
imdb://tt0844471,F:\MediaStack\data\media\movies\Cloudy with a Chance of Meatballs (2009)\Cloudy with a Chance of Meatballs (2009) [Bluray-1080p] {imdb-tt0844471}.mkv,movie,Cloudy with a Chance of Meatballs,written,title-only movie match,2896,cloudy-with-a-chance-of-meatballs,F:\MediaStack\data\media\movies\Cloudy with a Chance of Meatballs (2009)\Cloudy with a Chance of Meatballs (2009) [Bluray-1080p] {imdb-tt0844471}.leapfrog.json,160
imdb://tt1985966,F:\MediaStack\data\media\movies\Cloudy with a Chance of Meatballs 2 (2013)\Cloudy with a Chance of Meatballs 2 (2013) [Bluray-1080p] {imdb-tt1985966}.mkv,movie,Cloudy with a Chance of Meatballs 2,written,title-only movie match,1429,cloudy-with-a-chance-of-meatballs-2,F:\MediaStack\data\media\movies\Cloudy with a Chance of Meatballs 2 (2013)\Cloudy with a Chance of Meatballs 2 (2013) [Bluray-1080p] {imdb-tt1985966}.leapfrog.json,65
imdb://tt1060277,F:\MediaStack\data\media\movies\Cloverfield (2008)\Cloverfield (2008) [Bluray-1080p] {imdb-tt1060277}.mkv,movie,Cloverfield,written,title-only movie match,2631,cloverfield,F:\MediaStack\data\media\movies\Cloverfield (2008)\Cloverfield (2008) [Bluray-1080p] {imdb-tt1060277}.leapfrog.json,289
imdb://tt2548396,F:\MediaStack\data\media\movies\The Cloverfield Paradox (2018)\The Cloverfield Paradox (2018) [Bluray-1080p Proper] {imdb-tt2548396}.mkv,movie,The Cloverfield Paradox,written,title-only movie match,656083,the-cloverfield-paradox-2018,F:\MediaStack\data\media\movies\The Cloverfield Paradox (2018)\The Cloverfield Paradox (2018) [Bluray-1080p Proper] {imdb-tt2548396}.leapfrog.json,127
imdb://tt0112697,F:\MediaStack\data\media\movies\Clueless (1995)\Clueless (1995) [Bluray-1080p] {imdb-tt0112697}.mkv,movie,Clueless,written,title-only movie match,2612,clueless,F:\MediaStack\data\media\movies\Clueless (1995)\Clueless (1995) [Bluray-1080p] {imdb-tt0112697}.leapfrog.json,201
imdb://tt2866360,F:\MediaStack\data\media\movies\Coherence (2014)\Coherence (2014) [Bluray-1080p] {imdb-tt2866360}.mkv,movie,Coherence,written,title-only movie match,657920,coherence,F:\MediaStack\data\media\movies\Coherence (2014)\Coherence (2014) [Bluray-1080p] {imdb-tt2866360}.leapfrog.json,240
imdb://tt0369339,F:\MediaStack\data\media\movies\Collateral (2004)\Collateral (2004) [Bluray-1080p] {imdb-tt0369339}.mkv,movie,Collateral,written,title-only movie match,2493,collateral,F:\MediaStack\data\media\movies\Collateral (2004)\Collateral (2004) [Bluray-1080p] {imdb-tt0369339}.leapfrog.json,184
imdb://tt3322364,F:\MediaStack\data\media\movies\Concussion (2015)\Concussion (2015) [Bluray-1080p] {imdb-tt3322364}.mkv,movie,Concussion,written,title-only movie match,2565,concussion,F:\MediaStack\data\media\movies\Concussion (2015)\Concussion (2015) [Bluray-1080p] {imdb-tt3322364}.leapfrog.json,102
imdb://tt0296572,F:\MediaStack\data\media\movies\The Chronicles of Riddick (2004)\The Chronicles of Riddick (2004) [Bluray-1080p] {imdb-tt0296572}.mkv,movie,The Chronicles of Riddick,written,title-only movie match,1486,the-chronicles-of-riddick-theatrical,F:\MediaStack\data\media\movies\The Chronicles of Riddick (2004)\The Chronicles of Riddick (2004) [Bluray-1080p] {imdb-tt0296572}.leapfrog.json,220
imdb://tt0042332,F:\MediaStack\data\media\movies\Cinderella (1950)\Cinderella (1950) [Bluray-1080p] {imdb-tt0042332}.mp4,movie,Cinderella,written,title-only movie match,684477,cinderella-a14c5,F:\MediaStack\data\media\movies\Cinderella (1950)\Cinderella (1950) [Bluray-1080p] {imdb-tt0042332}.leapfrog.json,128
imdb://tt1661199,F:\MediaStack\data\media\movies\Cinderella (2015)\Cinderella (2015) [Bluray-1080p] {imdb-tt1661199}.mp4,movie,Cinderella,written,title-only movie match,684477,cinderella-a14c5,F:\MediaStack\data\media\movies\Cinderella (2015)\Cinderella (2015) [Bluray-1080p] {imdb-tt1661199}.leapfrog.json,128
imdb://tt0352248,F:\MediaStack\data\media\movies\Cinderella Man (2005)\Cinderella Man (2005) [Bluray-1080p] {imdb-tt0352248}.mkv,movie,Cinderella Man,written,title-only movie match,1003,cinderella-man,F:\MediaStack\data\media\movies\Cinderella Man (2005)\Cinderella Man (2005) [Bluray-1080p] {imdb-tt0352248}.leapfrog.json,221
imdb://tt4287320,F:\MediaStack\data\media\movies\The Circle (2017)\The Circle (2017) [Bluray-1080p] {imdb-tt4287320}.mkv,movie,The Circle,written,title-only movie match,176891,the-circle,F:\MediaStack\data\media\movies\The Circle (2017)\The Circle (2017) [Bluray-1080p] {imdb-tt4287320}.leapfrog.json,57
imdb://tt17279496,F:\MediaStack\data\media\movies\Civil War (2024)\Civil War (2024) [Bluray-1080p] {imdb-tt17279496}.mkv,movie,Civil War,written,title-only movie match,697931,civil-war,F:\MediaStack\data\media\movies\Civil War (2024)\Civil War (2024) [Bluray-1080p] {imdb-tt17279496}.leapfrog.json,205
imdb://tt0109444,F:\MediaStack\data\media\movies\Clear and Present Danger (1994)\Clear and Present Danger (1994) [Bluray-1080p] {imdb-tt0109444}.mkv,movie,Clear and Present Danger,written,title-only movie match,1401,clear-and-present-danger,F:\MediaStack\data\media\movies\Clear and Present Danger (1994)\Clear and Present Danger (1994) [Bluray-1080p] {imdb-tt0109444}.leapfrog.json,119
imdb://tt0389860,F:\MediaStack\data\media\movies\Click (2006)\Click (2006) [Bluray-1080p] {imdb-tt0389860}.mp4,movie,Click,written,title-only movie match,1854,click,F:\MediaStack\data\media\movies\Click (2006)\Click (2006) [Bluray-1080p] {imdb-tt0389860}.leapfrog.json,265
imdb://tt0106582,F:\MediaStack\data\media\movies\Cliffhanger (1993)\Cliffhanger (1993) [Bluray-1080p] {imdb-tt0106582}.mkv,movie,Cliffhanger,written,title-only movie match,1356,cliffhanger,F:\MediaStack\data\media\movies\Cliffhanger (1993)\Cliffhanger (1993) [Bluray-1080p] {imdb-tt0106582}.leapfrog.json,243
imdb://tt2883512,F:\MediaStack\data\media\movies\Chef (2014)\Chef (2014) [Bluray-1080p] {imdb-tt2883512}.mkv,movie,Chef,written,title-only movie match,1538,chef,F:\MediaStack\data\media\movies\Chef (2014)\Chef (2014) [Bluray-1080p] {imdb-tt2883512}.leapfrog.json,216
imdb://tt0118849,F:\MediaStack\data\media\movies\Children of Heaven (1997)\Children of Heaven (1997) [Bluray-1080p] {imdb-tt0118849}.mkv,movie,Children of Heaven,written,title-only movie match,3848,children-of-heaven,F:\MediaStack\data\media\movies\Children of Heaven (1997)\Children of Heaven (1997) [Bluray-1080p] {imdb-tt0118849}.leapfrog.json,28
imdb://tt0071315,F:\MediaStack\data\media\movies\Chinatown (1974)\Chinatown (1974) [Bluray-1080p] {imdb-tt0071315}.mkv,movie,Chinatown,written,title-only movie match,2284,chinatown,F:\MediaStack\data\media\movies\Chinatown (1974)\Chinatown (1974) [Bluray-1080p] {imdb-tt0071315}.leapfrog.json,92
imdb://tt0241303,F:\MediaStack\data\media\movies\Chocolat (2000)\Chocolat (2000) [Bluray-1080p] {imdb-tt0241303}.mp4,movie,Chocolat,written,title-only movie match,1582,chocolat,F:\MediaStack\data\media\movies\Chocolat (2000)\Chocolat (2000) [Bluray-1080p] {imdb-tt0241303}.leapfrog.json,78
imdb://tt0388419,F:\MediaStack\data\media\movies\Christmas with the Kranks (2004)\Christmas with the Kranks (2004) [Bluray-1080p] {imdb-tt0388419}.mkv,movie,Christmas with the Kranks,written,title-only movie match,1617,christmas-with-the-kranks,F:\MediaStack\data\media\movies\Christmas with the Kranks (2004)\Christmas with the Kranks (2004) [Bluray-1080p] {imdb-tt0388419}.leapfrog.json,54
imdb://tt0381061,F:\MediaStack\data\media\movies\Casino Royale (2006)\Casino Royale (2006) [Bluray-1080p Proper] {imdb-tt0381061}.mp4,movie,Casino Royale,written,title-only movie match,1714,casino-royale-2006,F:\MediaStack\data\media\movies\Casino Royale (2006)\Casino Royale (2006) [Bluray-1080p Proper] {imdb-tt0381061}.leapfrog.json,230
imdb://tt0264464,F:\MediaStack\data\media\movies\Catch Me If You Can (2002)\Catch Me If You Can (2002) [Bluray-1080p] {imdb-tt0264464}.mkv,movie,Catch Me If You Can,written,title-only movie match,1786,catch-me-if-you-can,F:\MediaStack\data\media\movies\Catch Me If You Can (2002)\Catch Me If You Can (2002) [Bluray-1080p] {imdb-tt0264464}.leapfrog.json,92
imdb://tt1493274,F:\MediaStack\data\media\movies\Caught Stealing (2025)\Caught Stealing (2025) [Bluray-1080p] {imdb-tt1493274}.mkv,movie,Caught Stealing,written,title-only movie match,703535,caught-stealing,F:\MediaStack\data\media\movies\Caught Stealing (2025)\Caught Stealing (2025) [Bluray-1080p] {imdb-tt1493274}.leapfrog.json,417
imdb://tt1823672,F:\MediaStack\data\media\movies\Chappie (2015)\Chappie (2015) [Bluray-1080p] {imdb-tt1823672}.mp4,movie,Chappie,written,title-only movie match,1758,chappie,F:\MediaStack\data\media\movies\Chappie (2015)\Chappie (2015) [Bluray-1080p] {imdb-tt1823672}.leapfrog.json,345
imdb://tt0056923,F:\MediaStack\data\media\movies\Charade (1963)\Charade (1963) [Bluray-1080p] {imdb-tt0056923}.mp4,movie,Charade,written,title-only movie match,3823,charade-2,F:\MediaStack\data\media\movies\Charade (1963)\Charade (1963) [Bluray-1080p] {imdb-tt0056923}.leapfrog.json,109
imdb://tt0472062,F:\MediaStack\data\media\movies\Charlie Wilson's War (2007)\Charlie Wilsons War (2007) [Bluray-1080p] {imdb-tt0472062}.mkv,movie,Charlie Wilson's War,written,title-only movie match,2334,charlie-wilsons-war,F:\MediaStack\data\media\movies\Charlie Wilson's War (2007)\Charlie Wilsons War (2007) [Bluray-1080p] {imdb-tt0472062}.leapfrog.json,213
imdb://tt0305357,F:\MediaStack\data\media\movies\Charlie's Angels - Full Throttle (2003)\Charlies Angels Full Throttle (2003) [Bluray-1080p] {imdb-tt0305357}.mkv,movie,Charlie's Angels: Full Throttle,written,title-only movie match,660233,charlies-angels-full-throttle,F:\MediaStack\data\media\movies\Charlie's Angels - Full Throttle (2003)\Charlies Angels Full Throttle (2003) [Bluray-1080p] {imdb-tt0305357}.leapfrog.json,339
imdb://tt1259521,F:\MediaStack\data\media\movies\The Cabin in the Woods (2012)\The Cabin in the Woods (2012) [Bluray-1080p] {imdb-tt1259521}.mp4,movie,The Cabin in the Woods,written,title-only movie match,2153,the-cabin-in-the-woods,F:\MediaStack\data\media\movies\The Cabin in the Woods (2012)\The Cabin in the Woods (2012) [Bluray-1080p] {imdb-tt1259521}.leapfrog.json,233
imdb://tt1911644,F:\MediaStack\data\media\movies\The Call (2013)\The Call (2013) [Bluray-1080p] {imdb-tt1911644}.mp4,movie,The Call,written,title-only movie match,1438,the-call-2013,F:\MediaStack\data\media\movies\The Call (2013)\The Call (2013) [Bluray-1080p] {imdb-tt1911644}.leapfrog.json,149
imdb://tt1535109,F:\MediaStack\data\media\movies\Captain Phillips (2013)\Captain Phillips (2013) [Bluray-1080p] {imdb-tt1535109}.mkv,movie,Captain Phillips,written,title-only movie match,1338,captain-phillips,F:\MediaStack\data\media\movies\Captain Phillips (2013)\Captain Phillips (2013) [Bluray-1080p] {imdb-tt1535109}.leapfrog.json,95
imdb://tt2091256,F:\MediaStack\data\media\movies\Captain Underpants - The First Epic Movie (2017)\Captain Underpants The First Epic Movie (2017) [Bluray-1080p] {imdb-tt2091256}.mkv,movie,Captain Underpants: The First Epic Movie,written,title-only movie match,136597,captain-underpants-the-first-epic-movie,F:\MediaStack\data\media\movies\Captain Underpants - The First Epic Movie (2017)\Captain Underpants The First Epic Movie (2017) [Bluray-1080p] {imdb-tt2091256}.leapfrog.json,130
imdb://tt0315327,F:\MediaStack\data\media\movies\Bruce Almighty (2003)\Bruce Almighty (2003) [Bluray-1080p] {imdb-tt0315327}.mkv,movie,Bruce Almighty,written,title-only movie match,1358,bruce-almighty,F:\MediaStack\data\media\movies\Bruce Almighty (2003)\Bruce Almighty (2003) [Bluray-1080p] {imdb-tt0315327}.leapfrog.json,117
imdb://tt12593682,F:\MediaStack\data\media\movies\Bullet Train (2022)\Bullet Train (2022) [Bluray-1080p] {imdb-tt12593682}.mkv,movie,Bullet Train,written,title-only movie match,691820,bullet-train,F:\MediaStack\data\media\movies\Bullet Train (2022)\Bullet Train (2022) [Bluray-1080p] {imdb-tt12593682}.leapfrog.json,466
imdb://tt4701182,F:\MediaStack\data\media\movies\Bumblebee (2018)\Bumblebee (2018) [Bluray-1080p] {imdb-tt4701182}.mp4,movie,Bumblebee,written,title-only movie match,671707,bumblebee,F:\MediaStack\data\media\movies\Bumblebee (2018)\Bumblebee (2018) [Bluray-1080p] {imdb-tt4701182}.leapfrog.json,161
imdb://tt1327773,F:\MediaStack\data\media\movies\The Butler (2013)\The Butler (2013) [Bluray-1080p] {imdb-tt1327773}.mkv,movie,The Butler,written,title-only movie match,1483,lee-daniels-the-butler,F:\MediaStack\data\media\movies\The Butler (2013)\The Butler (2013) [Bluray-1080p] {imdb-tt1327773}.leapfrog.json,224
imdb://tt0258463,F:\MediaStack\data\media\movies\The Bourne Identity (2002)\The Bourne Identity (2002) [Bluray-1080p] {imdb-tt0258463}.mkv,movie,The Bourne Identity,written,title-only movie match,1236,the-bourne-identity,F:\MediaStack\data\media\movies\The Bourne Identity (2002)\The Bourne Identity (2002) [Bluray-1080p] {imdb-tt0258463}.leapfrog.json,129
imdb://tt0372183,F:\MediaStack\data\media\movies\The Bourne Supremacy (2004)\The Bourne Supremacy (2004) [Bluray-1080p] {imdb-tt0372183}.mkv,movie,The Bourne Supremacy,written,title-only movie match,1263,the-bourne-supremacy,F:\MediaStack\data\media\movies\The Bourne Supremacy (2004)\The Bourne Supremacy (2004) [Bluray-1080p] {imdb-tt0372183}.leapfrog.json,66
imdb://tt0440963,F:\MediaStack\data\media\movies\The Bourne Ultimatum (2007)\The Bourne Ultimatum (2007) [Bluray-1080p] {imdb-tt0440963}.mkv,movie,The Bourne Ultimatum,written,title-only movie match,1265,the-bourne-ultimatum,F:\MediaStack\data\media\movies\The Bourne Ultimatum (2007)\The Bourne Ultimatum (2007) [Bluray-1080p] {imdb-tt0440963}.leapfrog.json,83
imdb://tt1856080,F:\MediaStack\data\media\movies\The Boys in the Boat (2023)\The Boys in the Boat (2023) [Bluray-1080p] {imdb-tt1856080}.mkv,movie,The Boys in the Boat,written,title-only movie match,697145,the-boys-in-the-boat,F:\MediaStack\data\media\movies\The Boys in the Boat (2023)\The Boys in the Boat (2023) [Bluray-1080p] {imdb-tt1856080}.leapfrog.json,67
imdb://tt0103874,F:\MediaStack\data\media\movies\Bram Stoker's Dracula (1992)\Bram Stokers Dracula (1992) [WEBDL-1080p] {imdb-tt0103874}.mkv,movie,Bram Stoker's Dracula,written,title-only movie match,3549,bram-stokers-dracula,F:\MediaStack\data\media\movies\Bram Stoker's Dracula (1992)\Bram Stokers Dracula (1992) [WEBDL-1080p] {imdb-tt0103874}.leapfrog.json,258
imdb://tt0112573,F:\MediaStack\data\media\movies\Braveheart (1995)\Braveheart (1995) [Bluray-1080p] {imdb-tt0112573}.mkv,movie,Braveheart,written,title-only movie match,1422,braveheart,F:\MediaStack\data\media\movies\Braveheart (1995)\Braveheart (1995) [Bluray-1080p] {imdb-tt0112573}.leapfrog.json,120
imdb://tt0088846,F:\MediaStack\data\media\movies\Brazil (1985)\Brazil (1985) [Bluray-1080p] {imdb-tt0088846}.mkv,movie,Brazil,written,title-only movie match,3600,brazil-1985,F:\MediaStack\data\media\movies\Brazil (1985)\Brazil (1985) [Bluray-1080p] {imdb-tt0088846}.leapfrog.json,185
imdb://tt0054698,F:\MediaStack\data\media\movies\Breakfast at Tiffany's (1961)\Breakfast at Tiffany's (1961) [Bluray-1080p] {imdb-tt0054698}.mkv,movie,Breakfast at Tiffany's,written,title-only movie match,2248,breakfast-at-tiffanys,F:\MediaStack\data\media\movies\Breakfast at Tiffany's (1961)\Breakfast at Tiffany's (1961) [Bluray-1080p] {imdb-tt0054698}.leapfrog.json,88
imdb://tt0088847,F:\MediaStack\data\media\movies\The Breakfast Club (1985)\The Breakfast Club (1985) [Bluray-1080p] {imdb-tt0088847}.mp4,movie,The Breakfast Club,written,title-only movie match,1250,the-breakfast-club,F:\MediaStack\data\media\movies\The Breakfast Club (1985)\The Breakfast Club (1985) [Bluray-1080p] {imdb-tt0088847}.leapfrog.json,179
imdb://tt0445934,F:\MediaStack\data\media\movies\Blades of Glory (2007)\Blades of Glory (2007) [Bluray-1080p Proper] {imdb-tt0445934}.mp4,movie,Blades of Glory,written,title-only movie match,2115,blades-of-glory,F:\MediaStack\data\media\movies\Blades of Glory (2007)\Blades of Glory (2007) [Bluray-1080p Proper] {imdb-tt0445934}.leapfrog.json,216
imdb://tt0145681,F:\MediaStack\data\media\movies\The Bone Collector (1999)\The Bone Collector (1999) [Bluray-1080p] {imdb-tt0145681}.mkv,movie,The Bone Collector,written,title-only movie match,2020,the-bone-collector,F:\MediaStack\data\media\movies\The Bone Collector (1999)\The Bone Collector (1999) [Bluray-1080p] {imdb-tt0145681}.leapfrog.json,184
imdb://tt3874544,F:\MediaStack\data\media\movies\The Boss Baby (2017)\The Boss Baby (2017) [Bluray-1080p] {imdb-tt3874544}.mkv,movie,The Boss Baby,written,title-only movie match,153177,the-boss-baby,F:\MediaStack\data\media\movies\The Boss Baby (2017)\The Boss Baby (2017) [Bluray-1080p] {imdb-tt3874544}.leapfrog.json,186
imdb://tt23546646,F:\MediaStack\data\media\movies\The Boss Baby - Christmas Bonus (2022)\The Boss Baby Christmas Bonus (2022) [WEBRip-1080p] {imdb-tt23546646}.mkv,movie,The Boss Baby: Christmas Bonus,written,title-only movie match,692471,the-boss-baby-christmas-bonus,F:\MediaStack\data\media\movies\The Boss Baby - Christmas Bonus (2022)\The Boss Baby Christmas Bonus (2022) [WEBRip-1080p] {imdb-tt23546646}.leapfrog.json,95
imdb://tt0086960,F:\MediaStack\data\media\movies\Beverly Hills Cop (1984)\Beverly Hills Cop (1984) [Bluray-1080p] {imdb-tt0086960}.mp4,movie,Beverly Hills Cop,written,title-only movie match,2088,beverly-hills-cop,F:\MediaStack\data\media\movies\Beverly Hills Cop (1984)\Beverly Hills Cop (1984) [Bluray-1080p] {imdb-tt0086960}.leapfrog.json,249
imdb://tt0092644,F:\MediaStack\data\media\movies\Beverly Hills Cop II (1987)\Beverly Hills Cop II (1987) [WEBDL-1080p] {imdb-tt0092644}.mkv,movie,Beverly Hills Cop II,written,title-only movie match,1117,beverly-hills-cop-ii,F:\MediaStack\data\media\movies\Beverly Hills Cop II (1987)\Beverly Hills Cop II (1987) [WEBDL-1080p] {imdb-tt0092644}.leapfrog.json,308
imdb://tt0109254,F:\MediaStack\data\media\movies\Beverly Hills Cop III (1994)\Beverly Hills Cop III (1994) [WEBDL-1080p] {imdb-tt0109254}.mkv,movie,Beverly Hills Cop III,written,title-only movie match,2150,beverly-hills-cop-iii,F:\MediaStack\data\media\movies\Beverly Hills Cop III (1994)\Beverly Hills Cop III (1994) [WEBDL-1080p] {imdb-tt0109254}.leapfrog.json,189
imdb://tt3083016,F:\MediaStack\data\media\movies\Beverly Hills Cop - Axel F (2024)\Beverly Hills Cop Axel F (2024) [WEBDL-1080p] {imdb-tt3083016}.mkv,movie,Beverly Hills Cop: Axel F,written,title-only movie match,698313,beverly-hills-cop-axel-f,F:\MediaStack\data\media\movies\Beverly Hills Cop - Axel F (2024)\Beverly Hills Cop Axel F (2024) [WEBDL-1080p] {imdb-tt3083016}.leapfrog.json,435
imdb://tt0118708,F:\MediaStack\data\media\movies\Beverly Hills Ninja (1997)\Beverly Hills Ninja (1997) [WEBRip-1080p] {imdb-tt0118708}.mp4,movie,Beverly Hills Ninja,written,title-only movie match,3446,beverly-hills-ninja,F:\MediaStack\data\media\movies\Beverly Hills Ninja (1997)\Beverly Hills Ninja (1997) [WEBRip-1080p] {imdb-tt0118708}.leapfrog.json,139
imdb://tt0374536,F:\MediaStack\data\media\movies\Bewitched (2005)\Bewitched (2005) [WEBDL-1080p] {imdb-tt0374536}.mkv,movie,Bewitched,written,title-only movie match,1551,bewitched,F:\MediaStack\data\media\movies\Bewitched (2005)\Bewitched (2005) [WEBDL-1080p] {imdb-tt0374536}.leapfrog.json,63
imdb://tt0142342,F:\MediaStack\data\media\movies\Big Daddy (1999)\Big Daddy (1999) [Bluray-1080p] {imdb-tt0142342}.mkv,movie,Big Daddy,written,title-only movie match,8365,big-daddy,F:\MediaStack\data\media\movies\Big Daddy (1999)\Big Daddy (1999) [Bluray-1080p] {imdb-tt0142342}.leapfrog.json,224
imdb://tt1126590,F:\MediaStack\data\media\movies\Big Eyes (2014)\Big Eyes (2014) [Bluray-1080p] {imdb-tt1126590}.mp4,movie,Big Eyes,written,title-only movie match,1710,big-eyes,F:\MediaStack\data\media\movies\Big Eyes (2014)\Big Eyes (2014) [Bluray-1080p] {imdb-tt1126590}.leapfrog.json,121
imdb://tt0319061,F:\MediaStack\data\media\movies\Big Fish (2003)\Big Fish (2003) [Bluray-1080p] {imdb-tt0319061}.mp4,movie,Big Fish,written,title-only movie match,2610,big-fish,F:\MediaStack\data\media\movies\Big Fish (2003)\Big Fish (2003) [Bluray-1080p] {imdb-tt0319061}.leapfrog.json,101
imdb://tt1596363,F:\MediaStack\data\media\movies\The Big Short (2015)\The Big Short (2015) [Bluray-1080p] {imdb-tt1596363}.mkv,movie,The Big Short,written,title-only movie match,2615,the-big-short,F:\MediaStack\data\media\movies\The Big Short (2015)\The Big Short (2015) [Bluray-1080p] {imdb-tt1596363}.leapfrog.json,260
imdb://tt0249462,F:\MediaStack\data\media\movies\Billy Elliot (2000)\Billy Elliot (2000) [Bluray-1080p] {imdb-tt0249462}.mp4,movie,Billy Elliot,written,title-only movie match,3025,billy-elliot,F:\MediaStack\data\media\movies\Billy Elliot (2000)\Billy Elliot (2000) [Bluray-1080p] {imdb-tt0249462}.leapfrog.json,178
imdb://tt0112508,F:\MediaStack\data\media\movies\Billy Madison (1995)\Billy Madison (1995) [Bluray-1080p Proper] {imdb-tt0112508}.mkv,movie,Billy Madison,written,title-only movie match,2038,billy-madison,F:\MediaStack\data\media\movies\Billy Madison (1995)\Billy Madison (1995) [Bluray-1080p Proper] {imdb-tt0112508}.leapfrog.json,145
imdb://tt0265086,F:\MediaStack\data\media\movies\Black Hawk Down (2001)\Black Hawk Down (2001) [Bluray-1080p] {imdb-tt0265086}.mkv,movie,Black Hawk Down,written,title-only movie match,1930,black-hawk-down,F:\MediaStack\data\media\movies\Black Hawk Down (2001)\Black Hawk Down (2001) [Bluray-1080p] {imdb-tt0265086}.leapfrog.json,262
imdb://tt0437863,F:\MediaStack\data\media\movies\The Benchwarmers (2006)\The Benchwarmers (2006) [Bluray-1080p] {imdb-tt0437863}.mkv,movie,The Benchwarmers,written,title-only movie match,3091,the-benchwarmers,F:\MediaStack\data\media\movies\The Benchwarmers (2006)\The Benchwarmers (2006) [Bluray-1080p] {imdb-tt0437863}.leapfrog.json,189
imdb://tt30017619,F:\MediaStack\data\media\movies\The Bad Guys 2 (2025)\The Bad Guys 2 (2025) [Bluray-1080p] {imdb-tt30017619}.mkv,movie,The Bad Guys 2,written,title-only movie match,703309,the-bad-guys-2,F:\MediaStack\data\media\movies\The Bad Guys 2 (2025)\The Bad Guys 2 (2025) [Bluray-1080p] {imdb-tt30017619}.leapfrog.json,149
imdb://tt28863512,F:\MediaStack\data\media\movies\The Bad Guys - A Very Bad Holiday (2023)\The Bad Guys A Very Bad Holiday (2023) [WEBDL-1080p] {imdb-tt28863512}.mkv,movie,The Bad Guys: A Very Bad Holiday,written,title-only movie match,696277,the-bad-guys-a-very-bad-holiday,F:\MediaStack\data\media\movies\The Bad Guys - A Very Bad Holiday (2023)\The Bad Guys A Very Bad Holiday (2023) [WEBDL-1080p] {imdb-tt28863512}.leapfrog.json,29
imdb://tt3224458,F:\MediaStack\data\media\movies\A Beautiful Day in the Neighborhood (2019)\A Beautiful Day in the Neighborhood (2019) [Bluray-1080p] {imdb-tt3224458}.mkv,movie,A Beautiful Day in the Neighborhood,written,title-only movie match,677338,a-beautiful-day-in-the-neighborhood,F:\MediaStack\data\media\movies\A Beautiful Day in the Neighborhood (2019)\A Beautiful Day in the Neighborhood (2019) [Bluray-1080p] {imdb-tt3224458}.leapfrog.json,40
imdb://tt0112431,F:\MediaStack\data\media\movies\Babe (1995)\Babe (1995) [Bluray-1080p Proper] {imdb-tt0112431}.mp4,movie,Babe,written,title-only movie match,2394,babe,F:\MediaStack\data\media\movies\Babe (1995)\Babe (1995) [Bluray-1080p Proper] {imdb-tt0112431}.leapfrog.json,76
imdb://tt3890160,F:\MediaStack\data\media\movies\Baby Driver (2017)\Baby Driver (2017) [Bluray-1080p] {imdb-tt3890160}.mkv,movie,Baby Driver,written,title-only movie match,176569,baby-driver,F:\MediaStack\data\media\movies\Baby Driver (2017)\Baby Driver (2017) [Bluray-1080p] {imdb-tt3890160}.leapfrog.json,256
plex://movie/5d7768244de0ee001fcc7fed,F:\MediaStack\data\media\movies\Back to the Future (1985)\Back to the Future (1985) [Bluray-1080p] {imdb-tt0088763}.mp4,movie,Back to the Future,written,title-only movie match,1564,back-to-the-future,F:\MediaStack\data\media\movies\Back to the Future (1985)\Back to the Future (1985) [Bluray-1080p] {imdb-tt0088763}.leapfrog.json,219
imdb://tt0096874,F:\MediaStack\data\media\movies\Back to the Future Part II (1989)\Back to the Future Part II (1989) [Remux-1080p] {imdb-tt0096874}.mkv,movie,Back to the Future Part II,written,title-only movie match,1560,back-to-the-future-2,F:\MediaStack\data\media\movies\Back to the Future Part II (1989)\Back to the Future Part II (1989) [Remux-1080p] {imdb-tt0096874}.leapfrog.json,185
imdb://tt0099088,F:\MediaStack\data\media\movies\Back to the Future Part III (1990)\Back to the Future Part III (1990) [Bluray-1080p] {imdb-tt0099088}.mkv,movie,Back to the Future Part III,written,title-only movie match,1563,back-to-the-future-3,F:\MediaStack\data\media\movies\Back to the Future Part III (1990)\Back to the Future Part III (1990) [Bluray-1080p] {imdb-tt0099088}.leapfrog.json,95
imdb://tt1502397,F:\MediaStack\data\media\movies\Bad Boys for Life (2020)\Bad Boys for Life (2020) [Bluray-1080p] {imdb-tt1502397}.mkv,movie,Bad Boys for Life,written,title-only movie match,677013,bad-boys-for-life,F:\MediaStack\data\media\movies\Bad Boys for Life (2020)\Bad Boys for Life (2020) [Bluray-1080p] {imdb-tt1502397}.leapfrog.json,499
imdb://tt0172156,F:\MediaStack\data\media\movies\Bad Boys II (2003)\Bad Boys II (2003) [Bluray-1080p] {imdb-tt0172156}.mkv,movie,Bad Boys II,written,title-only movie match,1101,bad-boys-ii,F:\MediaStack\data\media\movies\Bad Boys II (2003)\Bad Boys II (2003) [Bluray-1080p] {imdb-tt0172156}.leapfrog.json,670
imdb://tt4919268,F:\MediaStack\data\media\movies\Bad Boys - Ride or Die (2024)\Bad Boys Ride or Die (2024) [Bluray-1080p] {imdb-tt4919268}.mp4,movie,Bad Boys: Ride or Die,written,title-only movie match,698701,bad-boys-ride-or-die,F:\MediaStack\data\media\movies\Bad Boys - Ride or Die (2024)\Bad Boys Ride or Die (2024) [Bluray-1080p] {imdb-tt4919268}.leapfrog.json,460
imdb://tt8115900,F:\MediaStack\data\media\movies\The Bad Guys (2022)\The Bad Guys (2022) [Bluray-1080p] {imdb-tt8115900}.mkv,movie,The Bad Guys,written,title-only movie match,692165,the-bad-guys,F:\MediaStack\data\media\movies\The Bad Guys (2022)\The Bad Guys (2022) [Bluray-1080p] {imdb-tt8115900}.leapfrog.json,145
imdb://tt0078788,F:\MediaStack\data\media\movies\Apocalypse Now (1979)\Apocalypse Now (1979) [Bluray-1080p Proper] {imdb-tt0078788}.mp4,movie,Apocalypse Now,written,title-only movie match,2077,apocalypse-now,F:\MediaStack\data\media\movies\Apocalypse Now (1979)\Apocalypse Now (1979) [Bluray-1080p Proper] {imdb-tt0078788}.leapfrog.json,452
imdb://tt0368578,F:\MediaStack\data\media\movies\Are We There Yet! (2005)\Are We There Yet (2005) [Bluray-1080p] {imdb-tt0368578}.mp4,movie,Are We There Yet?,written,title-only movie match,1636,are-we-there-yet,F:\MediaStack\data\media\movies\Are We There Yet! (2005)\Are We There Yet (2005) [Bluray-1080p] {imdb-tt0368578}.leapfrog.json,186
imdb://tt0106308,F:\MediaStack\data\media\movies\Army of Darkness (1992)\Army of Darkness (1992) [Bluray-1080p] {imdb-tt0106308}.mkv,movie,Army of Darkness,written,title-only movie match,3377,army-of-darkness,F:\MediaStack\data\media\movies\Army of Darkness (1992)\Army of Darkness (1992) [Bluray-1080p] {imdb-tt0106308}.leapfrog.json,231
imdb://tt2543164,F:\MediaStack\data\media\movies\Arrival (2016)\Arrival (2016) [Bluray-1080p] {imdb-tt2543164}.mkv,movie,Arrival,written,title-only movie match,171390,arrival,F:\MediaStack\data\media\movies\Arrival (2016)\Arrival (2016) [Bluray-1080p] {imdb-tt2543164}.leapfrog.json,22
imdb://tt1430607,F:\MediaStack\data\media\movies\Arthur Christmas (2011)\Arthur Christmas (2011) [Bluray-1080p] {imdb-tt1430607}.mkv,movie,Arthur Christmas,written,title-only movie match,2311,arthur-christmas,F:\MediaStack\data\media\movies\Arthur Christmas (2011)\Arthur Christmas (2011) [Bluray-1080p] {imdb-tt1430607}.leapfrog.json,80
local://25185,F:\MediaStack\data\media\movies\Asteroid City (2023)\Asteroid City (2023) [Bluray-1080P] {Imdb-Tt14230388}.Clean.mp4,movie,Asteroid City,written,title-only movie match,695548,asteroid-city,F:\MediaStack\data\media\movies\Asteroid City (2023)\Asteroid City (2023) [Bluray-1080P] {Imdb-Tt14230388}.Clean.leapfrog.json,159
imdb://tt0783233,F:\MediaStack\data\media\movies\Atonement (2007)\Atonement (2007) [Bluray-1080p] {imdb-tt0783233}.mp4,movie,Atonement,written,title-only movie match,1754,atonement,F:\MediaStack\data\media\movies\Atonement (2007)\Atonement (2007) [Bluray-1080p] {imdb-tt0783233}.leapfrog.json,112
imdb://tt0118607,F:\MediaStack\data\media\movies\Amistad (1997)\Amistad (1997) [Bluray-1080p] {imdb-tt0118607}.mp4,movie,Amistad,written,title-only movie match,3116,amistad,F:\MediaStack\data\media\movies\Amistad (1997)\Amistad (1997) [Bluray-1080p] {imdb-tt0118607}.leapfrog.json,113
imdb://tt1229340,F:\MediaStack\data\media\movies\Anchorman 2 - The Legend Continues (2013)\Anchorman 2 The Legend Continues (2013) [Bluray-1080p] {imdb-tt1229340}.mp4,movie,Anchorman 2: The Legend Continues,written,title-only movie match,1061,anchorman-2-the-legend-continues,F:\MediaStack\data\media\movies\Anchorman 2 - The Legend Continues (2013)\Anchorman 2 The Legend Continues (2013) [Bluray-1080p] {imdb-tt1229340}.leapfrog.json,235
imdb://tt0357413,F:\MediaStack\data\media\movies\Anchorman - The Legend of Ron Burgundy (2004)\Anchorman The Legend of Ron Burgundy (2004) [Bluray-1080p] {imdb-tt0357413}.mkv,movie,Anchorman: The Legend of Ron Burgundy,written,title-only movie match,1496,anchorman-the-legend-of-ron-burgundy,F:\MediaStack\data\media\movies\Anchorman - The Legend of Ron Burgundy (2004)\Anchorman The Legend of Ron Burgundy (2004) [Bluray-1080p] {imdb-tt0357413}.leapfrog.json,233
imdb://tt6189022,F:\MediaStack\data\media\movies\Angel Has Fallen (2019)\Angel Has Fallen (2019) [WEBDL-1080p] {imdb-tt6189022}.mkv,movie,Angel Has Fallen,written,title-only movie match,675075,angel-has-fallen,F:\MediaStack\data\media\movies\Angel Has Fallen (2019)\Angel Has Fallen (2019) [WEBDL-1080p] {imdb-tt6189022}.leapfrog.json,239
imdb://tt0305224,F:\MediaStack\data\media\movies\Anger Management (2003)\Anger Management (2003) [Bluray-1080p] {imdb-tt0305224}.mkv,movie,Anger Management,written,title-only movie match,2609,anger-management,F:\MediaStack\data\media\movies\Anger Management (2003)\Anger Management (2003) [Bluray-1080p] {imdb-tt0305224}.leapfrog.json,281
imdb://tt1985949,F:\MediaStack\data\media\movies\The Angry Birds Movie (2016)\The Angry Birds Movie (2016) [Bluray-1080p] {imdb-tt1985949}.mkv,movie,The Angry Birds Movie,written,title-only movie match,3571,the-angry-birds-movie,F:\MediaStack\data\media\movies\The Angry Birds Movie (2016)\The Angry Birds Movie (2016) [Bluray-1080p] {imdb-tt1985949}.leapfrog.json,192
imdb://tt6095472,F:\MediaStack\data\media\movies\The Angry Birds Movie 2 (2019)\The Angry Birds Movie 2 (2019) [Bluray-1080p] {imdb-tt6095472}.mkv,movie,The Angry Birds Movie 2,written,title-only movie match,675105,the-angry-birds-movie-2,F:\MediaStack\data\media\movies\The Angry Birds Movie 2 (2019)\The Angry Birds Movie 2 (2019) [Bluray-1080p] {imdb-tt6095472}.leapfrog.json,202
imdb://tt2798920,F:\MediaStack\data\media\movies\Annihilation (2018)\Annihilation (2018) [Bluray-1080p] {imdb-tt2798920}.mkv,movie,Annihilation,written,title-only movie match,660952,annihilation,F:\MediaStack\data\media\movies\Annihilation (2018)\Annihilation (2018) [Bluray-1080p] {imdb-tt2798920}.leapfrog.json,175
imdb://tt0020629,F:\MediaStack\data\media\movies\All Quiet on the Western Front (1930)\All Quiet on the Western Front (1930) [Bluray-1080p] {imdb-tt0020629}.mkv,movie,All Quiet on the Western Front,written,title-only movie match,692099,all-quiet-on-the-western-front-a4779,F:\MediaStack\data\media\movies\All Quiet on the Western Front (1930)\All Quiet on the Western Front (1930) [Bluray-1080p] {imdb-tt0020629}.leapfrog.json,184
imdb://tt1016150,F:\MediaStack\data\media\movies\All Quiet on the Western Front (2022)\All Quiet on the Western Front (2022) [Bluray-1080p] {imdb-tt1016150}.mp4,movie,All Quiet on the Western Front,written,title-only movie match,692099,all-quiet-on-the-western-front-a4779,F:\MediaStack\data\media\movies\All Quiet on the Western Front (2022)\All Quiet on the Western Front (2022) [Bluray-1080p] {imdb-tt1016150}.leapfrog.json,184
imdb://tt5294550,F:\MediaStack\data\media\movies\All the Money in the World (2017)\All the Money in the World (2017) [Bluray-1080p] {imdb-tt5294550}.mkv,movie,All the Money in the World,written,title-only movie match,656598,all-the-money-in-the-world,F:\MediaStack\data\media\movies\All the Money in the World (2017)\All the Money in the World (2017) [Bluray-1080p] {imdb-tt5294550}.leapfrog.json,123
imdb://tt0164334,F:\MediaStack\data\media\movies\Along Came a Spider (2001)\Along Came a Spider (2001) [Bluray-1080p] {imdb-tt0164334}.mp4,movie,Along Came a Spider,written,title-only movie match,5894,along-came-a-spider,F:\MediaStack\data\media\movies\Along Came a Spider (2001)\Along Came a Spider (2001) [Bluray-1080p] {imdb-tt0164334}.leapfrog.json,69
imdb://tt0343135,F:\MediaStack\data\media\movies\Along Came Polly (2004)\Along Came Polly (2004) [WEBDL-1080p] {imdb-tt0343135}.mkv,movie,Along Came Polly,written,title-only movie match,2260,along-came-polly,F:\MediaStack\data\media\movies\Along Came Polly (2004)\Along Came Polly (2004) [WEBDL-1080p] {imdb-tt0343135}.leapfrog.json,228
imdb://tt4244998,F:\MediaStack\data\media\movies\Alpha (2018)\Alpha (2018) [Bluray-1080p] {imdb-tt4244998}.mp4,movie,Alpha,written,title-only movie match,670320,alpha,F:\MediaStack\data\media\movies\Alpha (2018)\Alpha (2018) [Bluray-1080p] {imdb-tt4244998}.leapfrog.json,59
imdb://tt0948470,F:\MediaStack\data\media\movies\The Amazing Spider-Man (2012)\The Amazing Spider-Man (2012) [Bluray-1080p] {imdb-tt0948470}.mkv,movie,The Amazing Spider-Man,written,title-only movie match,1420,the-amazing-spider-man,F:\MediaStack\data\media\movies\The Amazing Spider-Man (2012)\The Amazing Spider-Man (2012) [Bluray-1080p] {imdb-tt0948470}.leapfrog.json,116
imdb://tt1872181,F:\MediaStack\data\media\movies\The Amazing Spider-Man 2 (2014)\The Amazing Spider-Man 2 (2014) [Bluray-1080p] {imdb-tt1872181}.mkv,movie,The Amazing Spider-Man 2,written,title-only movie match,1188,the-amazing-spider-man-2,F:\MediaStack\data\media\movies\The Amazing Spider-Man 2 (2014)\The Amazing Spider-Man 2 (2014) [Bluray-1080p] {imdb-tt1872181}.leapfrog.json,112
imdb://tt0069704,F:\MediaStack\data\media\movies\American Graffiti (1973)\American Graffiti (1973) [WEBRip-1080p] {imdb-tt0069704}.mp4,movie,American Graffiti,written,title-only movie match,1034,american-graffiti,F:\MediaStack\data\media\movies\American Graffiti (1973)\American Graffiti (1973) [WEBRip-1080p] {imdb-tt0069704}.leapfrog.json,283
imdb://tt1800241,F:\MediaStack\data\media\movies\American Hustle (2013)\American Hustle (2013) [Bluray-1080p] {imdb-tt1800241}.mp4,movie,American Hustle,written,title-only movie match,1065,american-hustle,F:\MediaStack\data\media\movies\American Hustle (2013)\American Hustle (2013) [Bluray-1080p] {imdb-tt1800241}.leapfrog.json,377
imdb://tt0144084,F:\MediaStack\data\media\movies\American Psycho (2000)\American Psycho (2000) [Bluray-1080p] {imdb-tt0144084}.mkv,movie,American Psycho,written,title-only movie match,1057,american-psycho,F:\MediaStack\data\media\movies\American Psycho (2000)\American Psycho (2000) [Bluray-1080p] {imdb-tt0144084}.leapfrog.json,155
local://25186,F:\MediaStack\data\media\movies\Airplane II - The Sequel (1982)\Airplane II The Sequel (1982) [Bluray-1080P] {Imdb-Tt0083530}.Clean.mp4,movie,Airplane II the Sequel,written,title-only movie match,1022,airplane-ii-the-sequel,F:\MediaStack\data\media\movies\Airplane II - The Sequel (1982)\Airplane II The Sequel (1982) [Bluray-1080P] {Imdb-Tt0083530}.Clean.leapfrog.json,194
local://25075,F:\MediaStack\data\media\movies\Airplane! (1980)\Airplane! (1980) [Bluray-1080P] {Imdb-Tt0080339}.Clean.mp4,movie,Airplane!,written,title-only movie match,2359,airplane,F:\MediaStack\data\media\movies\Airplane! (1980)\Airplane! (1980) [Bluray-1080P] {Imdb-Tt0080339}.Clean.leapfrog.json,172
imdb://tt0437800,F:\MediaStack\data\media\movies\Akeelah and the Bee (2006)\Akeelah and the Bee (2006) [WEBDL-1080p] {imdb-tt0437800}.mkv,movie,Akeelah and the Bee,written,title-only movie match,11268,akeelah-and-the-bee,F:\MediaStack\data\media\movies\Akeelah and the Bee (2006)\Akeelah and the Bee (2006) [WEBDL-1080p] {imdb-tt0437800}.leapfrog.json,68
imdb://tt0248667,F:\MediaStack\data\media\movies\Ali (2001)\Ali (2001) [Bluray-1080p] {imdb-tt0248667}.mkv,movie,Ali,written,title-only movie match,3249,ali,F:\MediaStack\data\media\movies\Ali (2001)\Ali (2001) [Bluray-1080p] {imdb-tt0248667}.leapfrog.json,161
imdb://tt0096787,F:\MediaStack\data\media\movies\All Dogs Go to Heaven (1989)\All Dogs Go to Heaven (1989) [Bluray-1080p] {imdb-tt0096787}.mkv,movie,All Dogs Go to Heaven,written,title-only movie match,3803,all-dogs-go-to-heaven,F:\MediaStack\data\media\movies\All Dogs Go to Heaven (1989)\All Dogs Go to Heaven (1989) [Bluray-1080p] {imdb-tt0096787}.leapfrog.json,185
imdb://tt6324278,F:\MediaStack\data\media\movies\Abominable (2019)\Abominable (2019) [Bluray-1080p] {imdb-tt6324278}.mkv,movie,Abominable,written,title-only movie match,675818,abominable-84a0e,F:\MediaStack\data\media\movies\Abominable (2019)\Abominable (2019) [Bluray-1080p] {imdb-tt6324278}.leapfrog.json,74
imdb://tt2194499,F:\MediaStack\data\media\movies\About Time (2013)\About Time (2013) [Bluray-1080p] {imdb-tt2194499}.mkv,movie,About Time,written,title-only movie match,1308,about-time,F:\MediaStack\data\media\movies\About Time (2013)\About Time (2013) [Bluray-1080p] {imdb-tt2194499}.leapfrog.json,188
local://25137,F:\MediaStack\data\media\movies\The Abyss (1989)\The Abyss (1989) [Bluray-1080P] {Imdb-Tt0096754}.Clean.mp4,movie,The Abyss,written,title-only movie match,700483,the-abyss-3f621,F:\MediaStack\data\media\movies\The Abyss (1989)\The Abyss (1989) [Bluray-1080P] {Imdb-Tt0096754}.Clean.leapfrog.json,322
imdb://tt2463208,F:\MediaStack\data\media\movies\The Adam Project (2022)\The Adam Project (2022) [WEBDL-1080p] {imdb-tt2463208}.mkv,movie,The Adam Project,written,title-only movie match,687871,the-adam-project,F:\MediaStack\data\media\movies\The Adam Project (2022)\The Adam Project (2022) [WEBDL-1080p] {imdb-tt2463208}.leapfrog.json,167
imdb://tt0101272,F:\MediaStack\data\media\movies\The Addams Family (1991)\The Addams Family (1991) [Bluray-1080p] {imdb-tt0101272}.mkv,movie,The Addams Family,written,title-only movie match,1553,the-addams-family,F:\MediaStack\data\media\movies\The Addams Family (1991)\The Addams Family (1991) [Bluray-1080p] {imdb-tt0101272}.leapfrog.json,72
imdb://tt0106220,F:\MediaStack\data\media\movies\Addams Family Values (1993)\Addams Family Values (1993) [Bluray-1080p] {imdb-tt0106220}.mp4,movie,Addams Family Values,written,title-only movie match,2291,addams-family-values,F:\MediaStack\data\media\movies\Addams Family Values (1993)\Addams Family Values (1993) [Bluray-1080p] {imdb-tt0106220}.leapfrog.json,185
imdb://tt1815862,F:\MediaStack\data\media\movies\After Earth (2013)\After Earth (2013) [WEBDL-1080p] {imdb-tt1815862}.mkv,movie,After Earth,written,title-only movie match,1286,after-earth,F:\MediaStack\data\media\movies\After Earth (2013)\After Earth (2013) [WEBDL-1080p] {imdb-tt1815862}.leapfrog.json,62
imdb://tt1655441,F:\MediaStack\data\media\movies\The Age of Adaline (2015)\The Age of Adaline (2015) [Bluray-1080p] {imdb-tt1655441}.mkv,movie,The Age of Adaline,written,title-only movie match,2012,the-age-of-adaline,F:\MediaStack\data\media\movies\The Age of Adaline (2015)\The Age of Adaline (2015) [Bluray-1080p] {imdb-tt1655441}.leapfrog.json,52
imdb://tt1413492,F:\MediaStack\data\media\movies\12 Strong (2018)\12 Strong (2018) [Bluray-1080p] {imdb-tt1413492}.mp4,movie,12 Strong,written,title-only movie match,223010,12-strong,F:\MediaStack\data\media\movies\12 Strong (2018)\12 Strong (2018) [Bluray-1080p] {imdb-tt1413492}.leapfrog.json,332
imdb://tt0337563,F:\MediaStack\data\media\movies\13 Going on 30 (2004)\13 Going on 30 (2004) [Bluray-1080p] {imdb-tt0337563}.mkv,movie,13 Going on 30,written,title-only movie match,2760,13-going-on-30,F:\MediaStack\data\media\movies\13 Going on 30 (2004)\13 Going on 30 (2004) [Bluray-1080p] {imdb-tt0337563}.leapfrog.json,220
imdb://tt0478087,F:\MediaStack\data\media\movies\21 (2008)\21 (2008) [Bluray-1080p] {imdb-tt0478087}.mp4,movie,21,written,title-only movie match,2373,21-2008,F:\MediaStack\data\media\movies\21 (2008)\21 (2008) [Bluray-1080p] {imdb-tt0478087}.leapfrog.json,177
imdb://tt1232829,F:\MediaStack\data\media\movies\21 Jump Street (2012)\21 Jump Street (2012) [Bluray-1080p] {imdb-tt1232829}.mkv,movie,21 Jump Street,written,title-only movie match,1768,21-jump-street-2012,F:\MediaStack\data\media\movies\21 Jump Street (2012)\21 Jump Street (2012) [Bluray-1080p] {imdb-tt1232829}.leapfrog.json,629
imdb://tt2294449,F:\MediaStack\data\media\movies\22 Jump Street (2014)\22 Jump Street (2014) [Bluray-1080p] {imdb-tt2294449}.mkv,movie,22 Jump Street,written,title-only movie match,1577,22-jump-street,F:\MediaStack\data\media\movies\22 Jump Street (2014)\22 Jump Street (2014) [Bluray-1080p] {imdb-tt2294449}.leapfrog.json,611
imdb://tt0343660,F:\MediaStack\data\media\movies\50 First Dates (2004)\50 First Dates (2004) [Bluray-1080p] {imdb-tt0343660}.mkv,movie,50 First Dates,written,title-only movie match,1219,50-first-dates,F:\MediaStack\data\media\movies\50 First Dates (2004)\50 First Dates (2004) [Bluray-1080p] {imdb-tt0343660}.leapfrog.json,178
imdb://tt0450385,F:\MediaStack\data\media\movies\1408 (2007)\1408 (2007) [Bluray-1080p] {imdb-tt0450385}.mkv,movie,1408,written,title-only movie match,3594,room-1408,F:\MediaStack\data\media\movies\1408 (2007)\1408 (2007) [Bluray-1080p] {imdb-tt0450385}.leapfrog.json,148
imdb://tt8579674,F:\MediaStack\data\media\movies\1917 (2019)\1917 (2019) [Bluray-1080p] {imdb-tt8579674}.mp4,movie,1917,written,title-only movie match,677014,1917,F:\MediaStack\data\media\movies\1917 (2019)\1917 (2019) [Bluray-1080p] {imdb-tt8579674}.leapfrog.json,183
imdb://tt1190080,F:\MediaStack\data\media\movies\2012 (2009)\2012 (2009) [Bluray-1080p] {imdb-tt1190080}.mkv,movie,2012,written,title-only movie match,1366,2012-movie,F:\MediaStack\data\media\movies\2012 (2009)\2012 (2009) [Bluray-1080p] {imdb-tt1190080}.leapfrog.json,140
imdb://tt0096734,F:\MediaStack\data\media\movies\The 'Burbs (1989)\The 'Burbs (1989) [Bluray-1080p] {imdb-tt0096734}.mp4,movie,The 'Burbs,written,title-only movie match,2841,the-burbs,F:\MediaStack\data\media\movies\The 'Burbs (1989)\The 'Burbs (1989) [Bluray-1080p] {imdb-tt0096734}.leapfrog.json,219
imdb://tt0322259,F:\MediaStack\data\media\movies\2 Fast 2 Furious (2003)\2 Fast 2 Furious (2003) [Bluray-1080p] {imdb-tt0322259}.mp4,movie,2 Fast 2 Furious,written,title-only movie match,1471,2-fast-2-furious,F:\MediaStack\data\media\movies\2 Fast 2 Furious (2003)\2 Fast 2 Furious (2003) [Bluray-1080p] {imdb-tt0322259}.leapfrog.json,246
imdb://tt1272878,F:\MediaStack\data\media\movies\2 Guns (2013)\2 Guns (2013) [Bluray-1080p] {imdb-tt1272878}.mkv,movie,2 Guns,written,title-only movie match,1028,2-guns,F:\MediaStack\data\media\movies\2 Guns (2013)\2 Guns (2013) [Bluray-1080p] {imdb-tt1272878}.leapfrog.json,178
imdb://tt1179933,F:\MediaStack\data\media\movies\10 Cloverfield Lane (2016)\10 Cloverfield Lane (2016) [Bluray-1080p] {imdb-tt1179933}.mp4,movie,10 Cloverfield Lane,written,title-only movie match,3238,10-cloverfield-lane,F:\MediaStack\data\media\movies\10 Cloverfield Lane (2016)\10 Cloverfield Lane (2016) [Bluray-1080p] {imdb-tt1179933}.leapfrog.json,146
