media_id,media_type,title,slug,service_slug,season_number,episode_number,event_count,category_count,tag_set_id,show_title,show_slug,year,rating,runtime,poster_url
692449,movie,"""Sr.""",sr,netflix,,,90,5,53968,,,,R,,https://ravanna.vidangel.com/file/ravanna/gen/L/G/movie-1013577_20221204_LGgFa7ugE2LXQJmj.jpg
3294,movie,*batteries not included,batteries-not-included,amazon,,,145,5,35166,,,,PG,,https://ravanna.vidangel.com/file/ravanna/3/3/movies-11548_0010_0a_33a29208561170df.jpg
3238,movie,10 Cloverfield Lane,10-cloverfield-lane,amazon,,,146,5,57527,,,,PG-13,,https://ravanna.vidangel.com/file/ravanna/4/9/movies-333371_0010_06_4920b3939858e274.jpg
223010,movie,12 Strong,12-strong,amazon,,,332,4,51699,,,,R,,https://ravanna.vidangel.com/file/ravanna/5/d/movies-429351_0010_03_5d05fb14e9ddbe4f.jpg
2760,movie,13 Going on 30,13-going-on-30,amazon,,,220,5,73263,,,,PG-13,,https://ravanna.vidangel.com/file/ravanna/1/4/movies-10096_0010_07_14facd949705cfb3.jpg
2664,movie,13 Hours: The Secret Soldiers of Benghazi,13-hours-the-secret-soldiers-of-benghazi,amazon,,,291,4,73274,,,,R,,https://ravanna.vidangel.com/file/ravanna/3/a/movies-300671_0010_01_3a62ab6b6547c009.jpg
212433,movie,13th,13th,netflix,,,92,5,31821,,,,TV-MA,,https://ravanna.vidangel.com/file/ravanna/a/0/movies-407806_0010_01_a0639847a7bcce9a.jpg
3594,movie,1408,room-1408,amazon,,,148,5,51569,,,,PG-13,,https://ravanna.vidangel.com/file/ravanna/c/b/movies-3021_0010_03_cb85dc8c1ab613cb.jpg
677014,movie,1917,1917,netflix,,,183,3,62863,,,,R,,https://ravanna.vidangel.com/file/ravanna/7/0/movies-530915_0010_01_70f708f8ab78cbaa.jpg
654598,movie,1922,1922-movie,netflix,,,77,5,34315,,,,TV-MA,,https://ravanna.vidangel.com/file/ravanna/2/0/movies-452507_0010_04_20f0e02f59317fe5.jpg
680896,movie,1BR,1br,amazon-prime,,,149,4,74024,,,,TV-MA,,https://ravanna.vidangel.com/file/ravanna/b/3/movies-611605_0010_01_b3c223051f75ee52.jpg
1471,movie,2 Fast 2 Furious,2-fast-2-furious,amazon,,,246,5,64266,,,,PG-13,,https://ravanna.vidangel.com/file/ravanna/e/1/movies-584_0010_03_e128f595f6b96c2b.jpg
1028,movie,2 Guns,2-guns,amazon,,,178,4,60548,,,,R,,https://ravanna.vidangel.com/file/ravanna/c/6/movies-136400_0010_06_c6ee5de001260096.jpg
697147,movie,20 Days in Mariupol,20-days-in-mariupol,amazon,,,142,4,62274,,,,R,,https://ravanna.vidangel.com/file/ravanna/0/5/movies-1058616_0010_01_05886ceda81a614b.jpg
88512,movie,20 Feet from Stardom,20-feet-from-stardom,amazon,,,103,5,40527,,,,PG-13,,https://ravanna.vidangel.com/file/ravanna/1/5/movies-159014_0010_01_1519a683518e6e82.jpg
1366,movie,2012,2012-movie,amazon,,,140,5,59997,,,,PG-13,,https://ravanna.vidangel.com/file/ravanna/e/b/movies-14161_0010_02_eb22b93a1caa6bd6.jpg
2373,movie,21,21-2008,amazon,,,177,5,39890,,,,PG-13,,https://ravanna.vidangel.com/file/ravanna/1/1/movies-8065_0010_11_114147e5e08f317b.jpg
677079,movie,21 Bridges,21-bridges,amazon,,,234,5,50094,,,,R,,https://ravanna.vidangel.com/file/ravanna/e/e/movies-535292_0010_01_eef145984710d49e.jpg
1768,movie,21 Jump Street,21-jump-street-2012,amazon,,,629,5,65451,,,,R,,https://ravanna.vidangel.com/file/ravanna/a/2/movies-64688_0010_01_a2d68790b122a80e.jpg
670121,movie,22 July,22-july,netflix,,,87,3,32927,,,,R,,https://ravanna.vidangel.com/file/ravanna/4/e/movies-474354_0010_01_4ebddc169842128e.jpg
1577,movie,22 Jump Street,22-jump-street,amazon,,,611,5,65415,,,,R,,https://ravanna.vidangel.com/file/ravanna/2/0/movies-187017_0010_05_20788363c9f8cc18.jpg
660968,movie,24 Hours to Live,24-hours-to-live,amazon-prime,,,251,5,47092,,,,R,,https://ravanna.vidangel.com/file/ravanna/6/9/movies-470114_0010_05_69caaaf54a99abd0.jpg
702852,movie,28 Years Later,28-years-later,netflix,,,451,5,73748,,,,R,,https://ravanna.vidangel.com/file/ravanna/gen/V/M/movie-1100988_20250920_VMpu8qYHjqeI0hL5.jpg
156155,movie,3 Generations,3-generations,amazon,,,90,5,31790,,,,PG-13,,https://ravanna.vidangel.com/file/ravanna/e/b/movies-300667_0010_02_ebbd4dc63a165503.jpg
662061,movie,30 Minutes or Less,30-minutes-or-less,netflix,,,568,5,45045,,,,R,,https://ravanna.vidangel.com/file/ravanna/f/e/movies-62206_0010_01_fe07a7008eb4f787.jpg
2497,movie,3:10 to Yuma,310-to-yuma,amazon,,,183,4,64730,,,,R,,https://ravanna.vidangel.com/file/ravanna/3/7/movies-5176_0010_06_372c83fbc7f450b5.jpg
210285,movie,47 Meters Down,47-meters-down,amazon,,,120,5,34839,,,,PG-13,,https://ravanna.vidangel.com/file/ravanna/c/0/movies-403119_0010_04_c0b143b066fe2b8a.jpg
675126,movie,47 Meters Down: Uncaged,47-meters-down-uncaged,amazon-prime,,,140,4,55037,,,,PG-13,,https://ravanna.vidangel.com/file/ravanna/4/2/movies-480105_0010_02_42e0889707a63308.jpg
1064,movie,47 Ronin,47-ronin,amazon,,,123,4,56615,,,,PG-13,,https://ravanna.vidangel.com/file/ravanna/c/f/movies-64686_0010_01_cfce9decc54b56d0.jpg
3320,movie,48 Hrs.,48-hrs,amazon,,,401,4,54655,,,,R,,https://ravanna.vidangel.com/file/ravanna/8/3/movies-150_0010_01_83b380c4681569ba.jpg
1219,movie,50 First Dates,50-first-dates,amazon,,,178,5,34989,,,,PG-13,,https://ravanna.vidangel.com/file/ravanna/e/c/movies-1824_0010_01_eca5c8ddc8d89708.jpg
2724,movie,50/50,fiftyfifty,amazon,,,222,5,54385,,,,R,,https://ravanna.vidangel.com/file/ravanna/4/6/movies-40807_0010_02_46617bdf4a609117.jpg
696812,movie,57 Seconds,57-seconds,amazon,,,153,4,60888,,,,R,,https://ravanna.vidangel.com/file/ravanna/gen/U/r/movie-937249_20240205_UrAZkapb8N9RFica.jpg
669184,movie,5th Passenger,5th-passenger,amazon-prime,,,149,4,32856,,,,PG-13,,https://ravanna.vidangel.com/file/ravanna/e/0/movies-352548_0010_03_e021650f396b44fb.jpg
220020,movie,6 Below,6-below-miracle-on-the-mountain,amazon,,,93,4,30432,,,,PG-13,,https://ravanna.vidangel.com/file/ravanna/8/6/movies-423087_0010_02_8622387b0f8b1929.jpg
676619,movie,6 Underground,6-underground,netflix,,,468,4,50779,,,,R,,https://ravanna.vidangel.com/file/ravanna/d/c/movies-509967_0010_05_dccdf71dd6c5a25d.jpg
695369,movie,65,65,amazon,,,65,2,58357,,,,PG-13,,https://ravanna.vidangel.com/file/ravanna/e/7/movies-700391_0010_08_e70cfb2a94fc0a44.jpg
659205,movie,7 Days in Entebbe,7-days-in-entebbe,amazon,,,83,4,35470,,,,PG-13,,https://ravanna.vidangel.com/file/ravanna/d/4/movies-433627_0010_04_d49fdc81739c7441.jpg
679806,movie,7500,7500,amazon-prime,,,82,3,42564,,,,R,,https://ravanna.vidangel.com/file/ravanna/9/d/movies-509585_0010_01_9ddccb56105ba160.jpg
2498,movie,8 Mile,8-mile,amazon,,,623,5,65460,,,,R,,https://ravanna.vidangel.com/file/ravanna/c/6/movies-65_0010_02_c6a994e95403f435.jpg
694650,movie,80 for Brady,80-for-brady,amazon-channels-paramount,,,154,5,67180,,,,PG-13,,https://ravanna.vidangel.com/file/ravanna/4/7/movies-942922_0010_07_47aadd5bfacf5b2d.jpg
2809,movie,99 Homes,99-homes,amazon,,,213,4,63121,,,,R,,https://ravanna.vidangel.com/file/ravanna/d/5/movies-283235_0010_04_d5b463a5a2ba0f48.jpg
681452,movie,A Babysitter's Guide to Monster Hunting,a-babysitters-guide-to-monster-hunting,netflix,,,80,3,44014,,,,TV-PG,,https://ravanna.vidangel.com/file/ravanna/c/0/movies-624963_0010_05_c09bd262696a4be1.jpg
224124,movie,A Bad Moms Christmas,a-bad-moms-christmas,amazon-channels-paramount,,,348,5,44825,,,,R,,https://ravanna.vidangel.com/file/ravanna/b/2/movies-431530_0010_06_b22767d2a2ccc2ba.jpg
677338,movie,A Beautiful Day in the Neighborhood,a-beautiful-day-in-the-neighborhood,amazon,,,40,5,41515,,,,PG,,https://ravanna.vidangel.com/file/ravanna/c/4/movies-501907_0010_01_c47a635525672c2d.jpg
694693,movie,A Beautiful Life,a-beautiful-life,netflix,,,154,4,58032,,,,R,,https://ravanna.vidangel.com/file/ravanna/gen/h/I/movie-1119173_20230713_hIGnyomRDiMqIplm.jpg
685725,movie,A Boy Called Christmas,a-boy-called-christmas,netflix,,,41,2,48954,,,,PG,,https://ravanna.vidangel.com/file/ravanna/gen/i/C/20230405_iChdudckPnba0Q8e.jpg
686214,movie,A California Christmas: City Lights,a-california-christmas-city-lights,netflix,,,89,5,49304,,,,PG-13,,https://ravanna.vidangel.com/file/ravanna/d/4/movies-882096_0010_02_d40e451943c83540.jpg
685766,movie,A Castle for Christmas,a-castle-for-christmas,netflix,,,98,5,48966,,,,TV-G,,https://ravanna.vidangel.com/file/ravanna/9/d/movies-758879_0010_02_9daadc34b490f4b9.jpg
703378,movie,A Christmas Detour,a-christmas-detour,amazon,,,28,3,73493,,,,TV-14,,https://ravanna.vidangel.com/file/ravanna/gen/Y/6/movie-348634_20251114_Y6wkoY1rYpJcJSuD.jpg
654732,movie,A Christmas Prince,a-christmas-prince,netflix,,,95,5,32189,,,,TV-PG,,https://ravanna.vidangel.com/file/ravanna/3/f/movies-483104_0010_01_3f785a000ba62ad1.jpg
671731,movie,A Christmas Prince: The Royal Wedding,a-christmas-prince-the-royal-wedding,netflix,,,55,5,40045,,,,TV-PG,,https://ravanna.vidangel.com/file/ravanna/e/c/movies-525041_0010_01_ecc2a811f7a5436f.jpg
703489,movie,A Christmas Tree Grows in Colorado,a-christmas-tree-grows-in-colorado,amazon,,,21,3,73539,,,,TV-G,,https://ravanna.vidangel.com/file/ravanna/gen/C/E/movie-737764_20251125_CEEWHX9XllalPfAV.jpg
678174,movie,A Dark Place,a-dark-place,amazon,,,90,5,41302,,,,R,,https://ravanna.vidangel.com/file/ravanna/9/2/movies-412157_0010_02_923fbf968162b1f5.jpg
706452,movie,A Day to Die,a-day-to-die,netflix,,,379,5,75942,,,,R,,https://ravanna.vidangel.com/file/ravanna/f/2/movies-864116_0010_01_f25888087d73f862.jpg
672129,movie,A Dog's Way Home,a-dogs-way-home,amazon,,,52,5,69075,,,,PG,,https://ravanna.vidangel.com/file/ravanna/d/a/movies-508763_0010_01_da9ebc17231a3d3a.jpg
677011,movie,A Fall From Grace,a-fall-from-grace,netflix,,,111,4,40826,,,,R,,https://ravanna.vidangel.com/file/ravanna/6/6/movies-651070_0010_01_66ac7bdde873eb18.jpg
698253,movie,A Family Affair,a-family-affair,netflix,,,167,5,63348,,,,PG-13,,https://ravanna.vidangel.com/file/ravanna/gen/x/N/movie-987686_20240627_xNJB0D27uMYram02.jpg
661099,movie,A Family Man,a-family-man,amazon,,,101,4,40869,,,,R,,https://ravanna.vidangel.com/file/ravanna/1/e/movies-375183_0010_04_1ec5e2d24cb3f971.jpg
673176,movie,A Fortunate Man,a-fortunate-man,netflix,,,79,5,37674,,,,TV-14,,https://ravanna.vidangel.com/file/ravanna/d/f/movies-523561_0010_02_dfeefe42cc78be9d.jpg
204542,movie,A Futile and Stupid Gesture,a-futile-and-stupid-gesture,netflix,,,274,5,36003,,,,TV-MA,,https://ravanna.vidangel.com/file/ravanna/7/e/movies-391710_0010_02_7eb1e1b9dced91ca.jpg
222540,movie,A Ghost Story,a-ghost-story,amazon,,,32,4,34940,,,,R,,https://ravanna.vidangel.com/file/ravanna/5/8/movies-428449_0010_03_58dc9906163ff1b9.jpg
703202,movie,A Gingerbread Romance,a-gingerbread-romance,amazon,,,6,2,73078,,,,TV-14,,https://ravanna.vidangel.com/file/ravanna/gen/f/c/movie-550033_20251031_fce4xDUU2wGNSMNL.jpg
696263,movie,A Good Person,a-good-person,amazon,,,288,5,59840,,,,R,,https://ravanna.vidangel.com/file/ravanna/gen/J/J/movie-800787_20231128_JJ8bPtKOchTHjLT9.jpg
703561,movie,A Grand Ole Opry Christmas,a-grand-ole-opry-christmas,amazon-channels-hallmark,,,18,3,73689,,,,TV-PG,,https://ravanna.vidangel.com/file/ravanna/gen/H/X/movie-1535221_20251201_HXn1FbyZlWAJyO3v.jpg
3817,movie,A Hologram for the King,a-hologram-for-the-king,amazon,,,95,5,46767,,,,R,,https://ravanna.vidangel.com/file/ravanna/b/d/movies-270010_0010_02_bd8061da69ea2d38.jpg
703143,movie,A House of Dynamite,a-house-of-dynamite,netflix,,,125,3,73778,,,,R,,https://ravanna.vidangel.com/file/ravanna/gen/K/R/movie-1290159_20251024_KRn7R1pcjurE8e7G.jpg
691733,movie,A Jazzman's Blues,a-jazzmans-blues,netflix,,,112,5,52803,,,,R,,https://ravanna.vidangel.com/file/ravanna/gen/b/r/movie-921643_20220923_brnAXMPXPNyWYfw3.jpg
703375,movie,A Keller Christmas Vacation,a-keller-christmas-vacation,amazon-channels-hallmark,,,29,4,73308,,,,TV-G,,https://ravanna.vidangel.com/file/ravanna/gen/o/x/movie-1547913_20251114_oxrSy7b19GVBJdGF.jpg
2031,movie,A Knight's Tale,a-knights-tale,amazon,,,112,5,52563,,,,PG-13,,https://ravanna.vidangel.com/file/ravanna/2/f/movies-9476_0010_04_2f27f5a97e9991e6.jpg
2227,movie,A League of Their Own,a-league-of-their-own-1992,amazon,,,174,5,55723,,,,PG,,https://ravanna.vidangel.com/file/ravanna/f/f/movies-11287_0010_01_ff78ae2d342db70f.jpg
703918,movie,A Line of Fire,a-line-of-fire,netflix,,,182,4,73976,,,,R,,https://ravanna.vidangel.com/file/ravanna/gen/P/t/movie-1367575_20251220_Ptt3RYV7YteH37JL.jpg
659691,movie,A Little Bit of Heaven,a-little-bit-of-heaven,amazon-prime,,,175,5,63259,,,,PG-13,,https://ravanna.vidangel.com/file/ravanna/b/9/movies-45156_0010_01_b94f744155d0853a.jpg
2666,movie,A Little Chaos,a-little-chaos,amazon,,,35,4,37726,,,,R,,https://ravanna.vidangel.com/file/ravanna/f/5/movies-283227_0010_01_f59ce74ee53f45c1.jpg
671766,movie,A Madea Family Funeral,a-madea-family-funeral,amazon,,,434,5,63634,,,,PG-13,,https://ravanna.vidangel.com/file/ravanna/gen/2/C/20230405_2CRd2xC7SznlCpTa.jpg
693293,movie,A Man Called Otto,a-man-called-otto,amazon,,,79,3,56203,,,,PG-13,,https://ravanna.vidangel.com/file/ravanna/gen/C/E/movie-937278_20230228_CE9EdaFHn3UWRVxf.jpg
1134,movie,A Man for All Seasons,a-man-for-all-seasons,amazon,,,37,4,56432,,,,G,,https://ravanna.vidangel.com/file/ravanna/e/5/movies-874_0010_02_e58315f434d76b46.jpg
4058,movie,A Merry Friggin' Christmas,a-merry-friggin-christmas,amazon,,,167,5,54275,,,,PG-13,,https://ravanna.vidangel.com/file/ravanna/d/4/movies-286532_0010_01_d4661ff6503ce28f.jpg
703416,movie,A Merry Little Ex-Mas,a-merry-little-ex-mas,netflix,,,208,5,73422,,,,TV-PG,,https://ravanna.vidangel.com/file/ravanna/gen/q/y/movie-1401318_20251117_qyeOVv94VJAzjNOH.jpg
703207,movie,A Merry Scottish Christmas,a-merry-scottish-christmas,amazon,,,39,4,73309,,,,TV-G,,https://ravanna.vidangel.com/file/ravanna/gen/O/f/movie-1145635_20251031_OfxldFbEIqltUfvE.jpg
2411,movie,A Midnight Clear,a-midnight-clear-1992,amazon-prime,,,176,4,51640,,,,R,,https://ravanna.vidangel.com/file/ravanna/1/9/movies-23908_0010_05_190391cd02d8dc02.jpg
695398,movie,A Million Miles Away,a-million-miles-away,amazon-prime,,,54,4,58329,,,,PG,,https://ravanna.vidangel.com/file/ravanna/gen/i/v/movie-1002185_20230914_ivGvwLj9V2Jws2uL.jpg
1535,movie,A Million Ways to Die in the West,a-million-ways-to-die-in-the-west,amazon,,,335,5,54948,,,,R,,https://ravanna.vidangel.com/file/ravanna/e/9/movies-188161_0010_01_e9ee8fd5864880ee.jpg
130173,movie,A Monster Calls,a-monster-calls,amazon,,,46,4,48824,,,,PG-13,,https://ravanna.vidangel.com/file/ravanna/9/d/movies-258230_0010_01_9d237ddfceebc0cf.jpg
1579,movie,A Most Wanted Man,a-most-wanted-man,amazon,,,48,4,51571,,,,R,,https://ravanna.vidangel.com/file/ravanna/4/3/movies-157849_0010_01_43499576bf7597b3.jpg
703272,movie,A Newport Christmas,a-newport-christmas,amazon-channels-hallmark,,,21,4,73311,,,,TV-G,,https://ravanna.vidangel.com/file/ravanna/gen/H/n/movie-1537560_20251106_HnQM03m97KnhmzT1.jpg
2340,movie,A Night at the Roxbury,a-night-at-the-roxbury,amazon,,,231,5,76572,,,,PG-13,,https://ravanna.vidangel.com/file/ravanna/1/8/movies-9429_0010_03_18bbb558e0b8df43.jpg
678327,movie,A Perfect Chord,a-perfect-chord,amazon,,,30,5,45179,,,,TV-PG,,https://ravanna.vidangel.com/file/ravanna/1/9/movies-376009_0010_01_19a3fe1b4fa32ff2.jpg
689890,movie,A Perfect Pairing,a-perfect-pairing,netflix,,,86,5,51234,,,,TV-14,,https://ravanna.vidangel.com/file/ravanna/3/4/movies-934761_0010_03_343a131c5aa0b184.jpg
669421,movie,A Prayer Before Dawn,a-prayer-before-dawn,amazon,,,234,5,33375,,,,R,,https://ravanna.vidangel.com/file/ravanna/8/7/movies-448776_0010_01_8724120bf418c43e.jpg
4057,movie,A Princess For Christmas,a-princess-for-christmas,amazon,,,76,5,51587,,,,G,,https://ravanna.vidangel.com/file/ravanna/d/d/movies-79113_0010_01_dd8cb6f6af6bc803.jpg
671299,movie,A Private War,a-private-war,amazon,,,178,4,47762,,,,R,,https://ravanna.vidangel.com/file/ravanna/f/6/movies-475132_0010_01_f6540ad8d45ae6cb.jpg
659202,movie,A Quiet Place,a-quiet-place,paramount,,,34,3,35329,,,,PG-13,,https://ravanna.vidangel.com/file/ravanna/b/4/movies-447332_0010_02_b4ab6cd3867de97e.jpg
678031,movie,A Quiet Place Part II,a-quiet-place-part-ii,amazon,,,64,3,72006,,,,PG-13,,https://ravanna.vidangel.com/file/ravanna/4/2/movies-520763_0010_01_42f6c419a5f0498a.jpg
698771,movie,A Quiet Place: Day One,a-quiet-place-day-one,paramount,,,65,3,72415,,,,PG-13,,https://ravanna.vidangel.com/file/ravanna/gen/h/l/movie-762441_20240827_hlOxoP8WU5mbevU6.jpg
684665,movie,A Rainy Day in New York,a-rainy-day-in-new-york,amazon-prime,,,149,5,48370,,,,PG-13,,https://ravanna.vidangel.com/file/ravanna/6/3/movies-475303_0010_01_63c9d2ce2b3d9b31.jpg
2855,movie,A River Runs Through It,a-river-runs-through-it,amazon,,,176,5,53366,,,,PG,,https://ravanna.vidangel.com/file/ravanna/5/4/movies-293_0010_02_541c1fe8eadd6235.jpg
2423,movie,A Royal Christmas,the-royal-christmas-2014,amazon,,,20,1,73542,,,,G,,https://ravanna.vidangel.com/file/ravanna/9/f/movies-299582_0010_02_9f205d7b6b7ec9da.jpg
703075,movie,A Royal Montana Christmas,a-royal-montana-christmas,amazon-channels-hallmark,,,46,3,73021,,,,TV-G,,https://ravanna.vidangel.com/file/ravanna/gen/l/V/movie-1535223_20251020_lVPPn0wTUOYM6xRA.jpg
3259,movie,A Royal Night Out,a-royal-night-out,amazon-prime,,,146,5,53179,,,,PG-13,,https://ravanna.vidangel.com/file/ravanna/6/2/movies-300155_0010_01_6297999adb6d8862.jpg
703412,movie,A Season for Family,a-season-for-family,amazon,,,3,1,73357,,,,G,,https://ravanna.vidangel.com/file/ravanna/gen/x/R/movie-1180798_20251117_xR5TlxRmM6rQ8zeO.jpg
3190,movie,A Serious Man,a-serious-man,amazon,,,93,5,55257,,,,R,,https://ravanna.vidangel.com/file/ravanna/1/3/movies-12573_0010_03_13706195f7e1e76f.jpg
670820,movie,A Simple Favor,a-simple-favor,amazon,,,336,5,69618,,,,R,,https://ravanna.vidangel.com/file/ravanna/f/3/movies-484247_0010_06_f363c317519c8d94.jpg
695674,movie,A Thousand and One,a-thousand-and-one,amazon,,,147,4,62235,,,,R,,https://ravanna.vidangel.com/file/ravanna/e/4/movies-855263_0010_03_e47d04c277a68ed3.jpg
659602,movie,A Thousand Words,a-thousand-words,amazon,,,156,5,47766,,,,PG-13,,https://ravanna.vidangel.com/file/ravanna/a/a/movies-72358_0010_06_aa25707fdeded779.jpg
693886,movie,A Tourist's Guide to Love,a-tourists-guide-to-love,netflix,,,70,5,56032,,,,PG,,https://ravanna.vidangel.com/file/ravanna/8/5/movies-813726_0010_03_858f67543cde50ca.jpg
181026,movie,A United Kingdom,a-united-kingdom,amazon,,,57,5,34961,,,,PG-13,,https://ravanna.vidangel.com/file/ravanna/9/6/movies-347026_0010_02_9644f257aa123c0d.jpg
1625,movie,A Walk Among the Tombstones,a-walk-among-the-tombstones,amazon,,,173,5,50425,,,,R,,https://ravanna.vidangel.com/file/ravanna/7/6/movies-169917_0010_07_764fb6fe22b660c1.jpg
2478,movie,A Walk in the Woods,a-walk-in-the-woods,amazon,,,160,4,59588,,,,R,,https://ravanna.vidangel.com/file/ravanna/c/e/movies-232572_0010_01_ced78b648809fde0.jpg
688315,movie,A Week Away,a-week-away,netflix,,,43,4,50463,,,,TV-PG,,https://ravanna.vidangel.com/file/ravanna/f/d/movies-699102_0010_01_fdbd70e94ad8e2af.jpg
701874,movie,A Widow's Game,a-widows-game,netflix,,,164,4,69654,,,,R,,https://ravanna.vidangel.com/file/ravanna/gen/W/o/movie-1397832_20250602_WoZ8kbmcgpqhp8Dt.jpg
702408,movie,A Working Man,a-working-man,amazon-prime,,,332,5,71181,,,,R,,https://ravanna.vidangel.com/file/ravanna/gen/M/o/movie-1197306_20250808_Mo7d3ZrU3zQuEnRf.jpg
670929,movie,A-X-L,a-x-l,amazon-prime,,,103,5,37073,,,,PG-13,,https://ravanna.vidangel.com/file/ravanna/f/a/movies-438590_0010_01_fa8972a67a704625.jpg
669422,movie,Aardvark,aardvark,amazon,,,75,5,33380,,,,PG-13,,https://ravanna.vidangel.com/file/ravanna/2/9/movies-419473_0010_05_293f1336eafe6411.jpg
660274,movie,Abandon,abandon,amazon,,,105,5,39247,,,,PG-13,,https://ravanna.vidangel.com/file/ravanna/2/b/movies-15992_0010_01_2b68d0e728091be4.jpg
676803,movie,Abandoned,abandoned-ed66a,amazon,,,159,5,40759,,,,PG-13,,https://ravanna.vidangel.com/file/ravanna/f/a/movies-356987_0010_02_fa125c44701fe8d6.jpg
3525,movie,Abduction,abduction,amazon,,,155,5,63105,,,,PG-13,,https://ravanna.vidangel.com/file/ravanna/2/6/movies-59965_0010_01_2678041957d8689e.jpg
698468,movie,Abigail,abigail-a1cdb,amazon,,,613,5,66241,,,,R,,https://ravanna.vidangel.com/file/ravanna/6/6/movies-1111873_0010_09_66bb5ad6e21764a2.jpg
675818,movie,Abominable,abominable-84a0e,amazon,,,74,4,41923,,,,PG,,https://ravanna.vidangel.com/file/ravanna/8/6/movies-431580_0010_01_86f090e413878f01.jpg
3474,movie,About a Boy,about-a-boy,amazon,,,178,5,68626,,,,PG-13,,https://ravanna.vidangel.com/file/ravanna/f/d/movies-245_0010_02_fd7468aac4f87667.jpg
692624,movie,About Fate,about-fate,amazon-prime,,,191,4,54194,,,,R,,https://ravanna.vidangel.com/file/ravanna/gen/P/M/movie-828613_20221219_PMsslxAyf337SlIP.jpg
1168,movie,About Last Night,about-last-night-2014,amazon,,,462,5,57252,,,,R,,https://ravanna.vidangel.com/file/ravanna/2/5/movies-222899_0010_01_2514299f58dfb39a.jpg
1308,movie,About Time,about-time,amazon,,,188,4,74891,,,,R,,https://ravanna.vidangel.com/file/ravanna/b/9/movies-122906_0010_02_b9b1e1fa1f1adbff.jpg
661251,movie,Absolutely Anything,absolutely-anything,amazon-prime,,,179,4,39853,,,,R,,https://ravanna.vidangel.com/file/ravanna/3/4/movies-86828_0010_01_346a0f196c7edeab.jpg
702188,movie,Absolution,absolution-bb4a6,amazon,,,290,4,70480,,,,R,,https://ravanna.vidangel.com/file/ravanna/gen/e/j/movie-974453_20250713_ejupBJ8DV3p4woK6.jpg
3959,movie,Accepted,accepted,amazon,,,359,5,38009,,,,PG-13,,https://ravanna.vidangel.com/file/ravanna/4/1/movies-9788_0010_04_415682c051858c80.jpg
698603,movie,Accidental Texan,accidental-texan,amazon,,,178,5,64198,,,,PG-13,,https://ravanna.vidangel.com/file/ravanna/gen/l/i/movie-1109940_20240805_liVoijpPbEnNRD8L.jpg
660940,movie,Acrimony,acrimony,amazon,,,253,4,35474,,,,R,,https://ravanna.vidangel.com/file/ravanna/e/2/movies-464502_0010_02_e208b9a29966796d.jpg
1362,movie,Act of Valor,act-of-valor,amazon,,,156,4,64212,,,,R,,https://ravanna.vidangel.com/file/ravanna/f/7/movies-75674_0010_03_f79c690b5a7a4b8d.jpg
654335,movie,Acts of Vengeance,acts-of-vengeance,amazon,,,102,5,47095,,,,R,,https://ravanna.vidangel.com/file/ravanna/0/6/movies-445954_0010_01_06e03353bfcacf7e.jpg
660960,movie,Acts of Violence,acts-of-violence,amazon,,,289,5,43359,,,,R,,https://ravanna.vidangel.com/file/ravanna/7/6/movies-479040_0010_01_76496e49c44b0a19.jpg
700324,movie,Ad Vitam,ad-vitam,netflix,,,166,4,67348,,,,R,,https://ravanna.vidangel.com/file/ravanna/4/6/movies-1261501_0010_06_46d2655c3de7da9c.jpg
674240,movie,Adam Devine: Best Time of Our Lives,adam-devine-best-time-of-our-lives,netflix,,,230,5,38542,,,,PG-13,,https://ravanna.vidangel.com/file/ravanna/7/5/movies-609660_0010_01_752b7e13ea439098.jpg
674211,movie,Adam Sandler: 100% Fresh,adam-sandler-100-fresh,netflix,,,339,5,38596,,,,R,,https://ravanna.vidangel.com/file/ravanna/0/4/movies-517596_0010_01_04a1ed0225c2738c.jpg
698770,movie,Adam Sandler: Love You,adam-sandler-love-you,netflix,,,448,5,64596,,,,R,,https://ravanna.vidangel.com/file/ravanna/6/9/movies-1244705_0010_01_69ee3d0388bdf27f.jpg
2291,movie,Addams Family Values,addams-family-values,amazon,,,185,5,54729,,,,PG-13,,https://ravanna.vidangel.com/file/ravanna/3/5/movies-2758_0010_03_35d94cfc6406ad85.jpg
669586,movie,Adrift,adrift,amazon,,,120,5,43594,,,,PG-13,,https://ravanna.vidangel.com/file/ravanna/b/6/movies-429300_0010_03_b68bba410b5722a0.jpg
699883,movie,Afraid,afraid,netflix,,,68,4,66387,,,,PG-13,,https://ravanna.vidangel.com/file/ravanna/7/2/movies-1062215_0010_02_72f9de6fab9a1656.jpg
675063,movie,After,after-d55f4,netflix,,,136,5,63076,,,,PG-13,,https://ravanna.vidangel.com/file/ravanna/1/4/movies-537915_0010_06_145d7b5013f223ee.jpg
1286,movie,After Earth,after-earth,amazon,,,62,3,66770,,,,PG-13,,https://ravanna.vidangel.com/file/ravanna/f/0/movies-82700_0010_03_f089f7bd02942efa.jpg
692854,movie,After Ever Happy,after-ever-happy,netflix,,,125,4,54554,,,,R,,https://ravanna.vidangel.com/file/ravanna/0/9/movies-744276_0010_02_09c6c3bba38f5c3b.jpg
696636,movie,After Everything,after-everything,netflix,,,184,4,60526,,,,R,,https://ravanna.vidangel.com/file/ravanna/4/f/movies-820525_0010_0a_4f7538c3fa4b853f.jpg
703488,movie,After the Hunt,after-the-hunt,amazon-prime,,,162,5,73496,,,,R,,https://ravanna.vidangel.com/file/ravanna/gen/h/v/movie-1265063_20251124_hv17aH9OFgQFvGWu.jpg
682267,movie,After We Collided,after-we-collided,netflix,,,329,5,45050,,,,R,,https://ravanna.vidangel.com/file/ravanna/2/c/movies-613504_0010_01_2c2558e07f97fee5.jpg
686720,movie,After We Fell,after-we-fell,netflix,,,134,4,49609,,,,R,,https://ravanna.vidangel.com/file/ravanna/5/1/movies-744275_0010_09_517bcbc29b3dc00d.jpg
661035,movie,Aftermath,aftermath,amazon,,,30,5,41671,,,,R,,https://ravanna.vidangel.com/file/ravanna/6/9/movies-390051_0010_01_698f2d45a8f1f241.jpg
700602,movie,Aftermath,aftermath-24068,netflix,,,401,4,67862,,,,R,,https://ravanna.vidangel.com/file/ravanna/gen/n/k/movie-1081012_20250210_nkjnLm3fuRgF7oOX.jpg
687558,movie,Against the Ice,against-the-ice,netflix,,,59,3,50150,,,,TV-MA,,https://ravanna.vidangel.com/file/ravanna/b/f/movies-836009_0010_02_bf5f4bb29db6e844.jpg
659358,movie,Air,air,amazon,,,94,4,44341,,,,PG-13,,https://ravanna.vidangel.com/file/ravanna/5/6/movies-284674_0010_01_56f732a3fdcd9458.jpg
694105,movie,Air,air-a6614,amazon-prime,,,166,4,74949,,,,R,,https://ravanna.vidangel.com/file/ravanna/c/8/movies-964980_0010_03_c8b9b0e15ca0006a.jpg
1022,movie,Airplane II: The Sequel,airplane-ii-the-sequel,amazon,,,194,5,69544,,,,PG,,https://ravanna.vidangel.com/file/ravanna/7/2/movies-2665_0010_01_7243f79b9fa43327.jpg
2359,movie,Airplane!,airplane,amazon,,,172,5,53602,,,,PG,,https://ravanna.vidangel.com/file/ravanna/2/b/movies-813_0010_04_2b6e1cded527a186.jpg
693974,movie,AKA,aka,netflix,,,309,5,56141,,,,TV-MA,,https://ravanna.vidangel.com/file/ravanna/gen/K/G/movie-1102776_20230501_KGKAtnwdcXyorv58.jpg
11268,movie,Akeelah and the Bee,akeelah-and-the-bee,amazon,,,68,5,67798,,,,PG,,https://ravanna.vidangel.com/file/ravanna/2/d/movies-13751_0010_01_2dcd5c357042c817.jpg
669206,movie,Alex Velluto,alex-velluto-thirsty,vidangel,,,11,3,33927,,,,NR,,https://content.vidangel.com/dry-bar-images/alex-velluto-dbc.jpg
3249,movie,Ali,ali,amazon-channels-paramount,,,161,4,62930,,,,R,,https://ravanna.vidangel.com/file/ravanna/5/7/movies-8489_0010_01_5748943ccadca678.jpg
693216,movie,Ali Sultan,ali-sultan-third-world-energy-626,vidangel,,,4,2,55001,,,,NR,,https://content.vidangel.com/dry-bar-images/AliSultan-ThirdWorldEnergy-VidAngel.jpg
656480,movie,Aliens Ate My Homework,aliens-ate-my-homework,amazon,,,82,3,35650,,,,PG,,https://ravanna.vidangel.com/file/ravanna/4/7/movies-505618_0010_01_47f180b34b08b8d1.jpg
679258,movie,All Day and a Night,all-day-and-a-night,netflix,,,703,5,42087,,,,R,,https://ravanna.vidangel.com/file/ravanna/2/1/movies-530956_0010_01_2155459f284d6b07.jpg
3803,movie,All Dogs Go to Heaven,all-dogs-go-to-heaven,amazon,,,185,5,57916,,,,G,,https://ravanna.vidangel.com/file/ravanna/a/9/movies-11497_0010_06_a97c9a3bd98a030a.jpg
661098,movie,All I See Is You,all-i-see-is-you,amazon-channels-starz,,,192,4,39522,,,,R,,https://ravanna.vidangel.com/file/ravanna/1/9/movies-345923_0010_01_19dc4ea9ecb61492.jpg
658700,movie,All of Me,all-of-me,amazon,,,192,5,32386,,,,PG,,https://ravanna.vidangel.com/file/ravanna/a/8/movies-10631_0010_01_a873cb4b2967e640.jpg
702907,movie,All of You,all-of-you,appletv,,,136,4,72574,,,,R,,https://ravanna.vidangel.com/file/ravanna/gen/E/i/movie-1319965_20250926_EiAqhR4Bn5QRmmjm.jpg
692099,movie,All Quiet on the Western Front,all-quiet-on-the-western-front-a4779,netflix,,,184,4,53418,,,,R,,https://ravanna.vidangel.com/file/ravanna/gen/Z/j/movie-49046_20221028_Zjf0r2gdCnEAtiww.jpg
678154,movie,All the Bright Places,all-the-bright-places,netflix,,,82,5,41298,,,,TV-MA,,https://ravanna.vidangel.com/file/ravanna/4/2/movies-342470_0010_01_42b2b5a9c75d15f8.jpg
656598,movie,All the Money in the World,all-the-money-in-the-world,amazon,,,123,5,35829,,,,R,,https://ravanna.vidangel.com/file/ravanna/9/7/movies-446791_0010_01_979770635574bc37.jpg
688573,movie,All the Old Knives,all-the-old-knives,amazon-prime,,,91,4,50640,,,,R,,https://ravanna.vidangel.com/file/ravanna/a/5/movies-294793_0010_05_a5865afaf18ed531.jpg
3241,movie,Allegiant,the-divergent-series-allegiant,amazon,,,105,5,62886,,,,PG-13,,https://ravanna.vidangel.com/file/ravanna/c/2/movies-262504_0010_03_c2e77d1c80032676.jpg
193644,movie,Allied,allied,amazon,,,137,5,31796,,,,R,,https://ravanna.vidangel.com/file/ravanna/f/3/movies-369885_0010_03_f3f85bc377b46722.jpg
2586,movie,Almost Famous,almost-famous,amazon,,,165,5,51108,,,,R,,https://ravanna.vidangel.com/file/ravanna/9/9/movies-786_0010_06_99445ce4d4f882e9.jpg
681113,movie,Alone,alone-ddd5d,amazon,,,101,3,68991,,,,R,,https://ravanna.vidangel.com/file/ravanna/a/c/movies-509635_0010_01_ac9a4929815b9c28.jpg
173910,movie,Alone in Berlin,alone-in-berlin,amazon,,,38,5,36802,,,,R,,https://ravanna.vidangel.com/file/ravanna/3/9/movies-334522_0010_03_39ca028a89a38b92.jpg
3435,movie,Alone Yet Not Alone,alone-yet-not-alone,amazon-prime,,,65,4,52775,,,,PG-13,,https://ravanna.vidangel.com/file/ravanna/e/8/movies-243794_0010_01_e89e05762c290cc1.jpg
5894,movie,Along Came a Spider,along-came-a-spider,amazon,,,69,4,43984,,,,R,,https://ravanna.vidangel.com/file/ravanna/1/e/movies-2043_0010_02_1e4da7ab3023eb32.jpg
2260,movie,Along Came Polly,along-came-polly,netflix,,,228,5,74166,,,,PG-13,,https://ravanna.vidangel.com/file/ravanna/0/1/movies-5966_0010_02_01148182332993ad.jpg
689400,movie,Along for the Ride,along-for-the-ride,netflix,,,123,5,50901,,,,TV-14,,https://ravanna.vidangel.com/file/ravanna/0/2/movies-778106_0010_02_0272d111532c6bf7.jpg
670320,movie,Alpha,alpha,amazon,,,59,2,68706,,,,PG-13,,https://ravanna.vidangel.com/file/ravanna/4/d/movies-399360_0010_02_4d21e7f56dc1c712.jpg
673967,movie,Always Be My Maybe,always-be-my-maybe,netflix,,,179,5,38146,,,,PG-13,,https://ravanna.vidangel.com/file/ravanna/4/7/movies-513576_0010_01_47ba73fb54470697.jpg
656729,movie,Amateur,amateur,netflix,,,119,4,35275,,,,TV-MA,,https://ravanna.vidangel.com/file/ravanna/9/2/movies-515333_0010_01_92faafe253f378ad.jpg
690644,movie,Ambulance,ambulance,amazon,,,409,3,73586,,,,R,,https://ravanna.vidangel.com/file/ravanna/6/9/movies-763285_0010_01_69a2372e7cf512da.jpg
683863,movie,America: The Motion Picture,america-the-motion-picture,netflix,,,435,4,47202,,,,TV-MA,,https://ravanna.vidangel.com/file/ravanna/3/4/movies-739542_0010_01_344e68fe5def736a.jpg
216552,movie,American Assassin,american-assassin,amazon,,,246,4,45457,,,,R,,https://ravanna.vidangel.com/file/ravanna/7/3/movies-415842_0010_01_731d2bae2c818129.jpg
1310,movie,American Beauty,american-beauty,amazon,,,266,5,62342,,,,R,,https://ravanna.vidangel.com/file/ravanna/2/f/movies-14_0010_08_2f3c1e577db4834d.jpg
677010,movie,American Dreamer,american-dreamer-13ab7,amazon,,,447,5,40742,,,,R,,https://ravanna.vidangel.com/file/ravanna/3/8/movies-550156_0010_01_380ade7199462362.jpg
697146,movie,American Fiction,american-fiction,amazon,,,208,5,68675,,,,R,,https://ravanna.vidangel.com/file/ravanna/gen/m/G/movie-1056360_20240311_mGnWymzDbEiOlLcC.jpg
2019,movie,American Gangster,american-gangster,netflix,,,376,5,67666,,,,R,,https://ravanna.vidangel.com/file/ravanna/3/9/movies-4982_0010_04_39ce163670c165ff.jpg
1034,movie,American Graffiti,american-graffiti,amazon,,,283,5,63709,,,,PG,,https://ravanna.vidangel.com/file/ravanna/c/f/movies-838_0010_02_cfd50413a314107a.jpg
1065,movie,American Hustle,american-hustle,amazon,,,377,5,55748,,,,R,,https://ravanna.vidangel.com/file/ravanna/3/6/movies-168672_0010_01_3609f46fca3f60e4.jpg
175323,movie,American Made,american-made,amazon,,,221,4,58702,,,,R,,https://ravanna.vidangel.com/file/ravanna/9/1/movies-337170_0010_01_91e5c25b4ce1764f.jpg
681323,movie,American Murder: The Family Next Door,american-murder-the-family-next-door,netflix,,,63,4,43923,,,,R,,https://ravanna.vidangel.com/file/ravanna/c/4/movies-743601_0010_01_c485be05f2eb90d2.jpg
169412,movie,American Pastoral,american-pastoral,amazon,,,96,4,34931,,,,R,,https://ravanna.vidangel.com/file/ravanna/b/6/movies-326285_0010_01_b61fd5fced12f0ec.jpg
1057,movie,American Psycho,american-psycho,amazon,,,155,5,63566,,,,R,,https://ravanna.vidangel.com/file/ravanna/6/9/movies-1359_0010_0a_69aa73a7929903ed.jpg
659230,movie,American Renegades,renegades,amazon,,,130,5,67661,,,,PG-13,,https://ravanna.vidangel.com/file/ravanna/3/3/movies-335788_0010_01_33aec1c8c93c96ee.jpg
676251,movie,American Son,american-son,netflix,,,177,5,39822,,,,TV-MA,,https://ravanna.vidangel.com/file/ravanna/8/d/movies-622963_0010_03_8d98bd06b976a448.jpg
2371,movie,American Ultra,american-ultra,amazon,,,296,5,63617,,,,R,,https://ravanna.vidangel.com/file/ravanna/6/5/movies-261392_0010_01_65c3d9dd3c7dee40.jpg
3116,movie,Amistad,amistad,amazon,,,113,4,37835,,,,R,,https://ravanna.vidangel.com/file/ravanna/7/a/movies-11831_0010_01_7a2d4d8e57768233.jpg
703560,movie,An Alpine Holiday,an-alpine-holiday,amazon-channels-hallmark,,,38,4,73618,,,,TV-G,,https://ravanna.vidangel.com/file/ravanna/gen/M/R/movie-1547921_20251201_MRDAxHyOjZ8KOzZU.jpg
668854,movie,An Ordinary Man,an-ordinary-man,amazon-prime,,,87,5,44032,,,,R,,https://ravanna.vidangel.com/file/ravanna/f/e/movies-405965_0010_01_fe225496ad53dc30.jpg
706300,movie,Anaconda,anaconda-98e7f,netflix,,,286,5,75623,,,,PG-13,,https://ravanna.vidangel.com/file/ravanna/gen/1/8/movie-1234731_20260325_181QmbEzb3rz95Sm.jpg
697041,movie,Anatomy of a Fall,anatomy-of-a-fall,amazon,,,74,5,61863,,,,R,,https://ravanna.vidangel.com/file/ravanna/7/3/movies-915935_0010_09_73da534d18d02278.jpg
1061,movie,Anchorman 2: The Legend Continues,anchorman-2-the-legend-continues,amazon,,,235,5,58247,,,,PG-13,,https://ravanna.vidangel.com/file/ravanna/2/e/movies-109443_0010_05_2e01c18233db444d.jpg
1496,movie,Anchorman: The Legend of Ron Burgundy,anchorman-the-legend-of-ron-burgundy,amazon,,,233,5,67665,,,,PG-13,,https://ravanna.vidangel.com/file/ravanna/6/b/movies-8699_0010_01_6b144b501ccdf1db.jpg
692637,movie,Andrew Arango Kennedy,andrew-arango-kennedy-latino-in-disguise,vidangel,,,7,3,54144,,,,NR,,https://content.vidangel.com/dry-bar-images/AndrewArangoKennedy-LatinoInDisguise-VidAngel.jpg
628560,movie,Andrew Sleighter,andrew-sleighter,vidangel,,,6,3,54810,,,,NR,,https://content.vidangel.com/dry-bar-images/AndrewSleighter-BreakfastStealer-VidAngel.jpg
675075,movie,Angel Has Fallen,angel-has-fallen,netflix,,,239,2,41696,,,,R,,https://ravanna.vidangel.com/file/ravanna/1/a/movies-423204_0010_02_1ad2a4f6c37104f3.jpg
2603,movie,Angela's Ashes,angelas-ashes,amazon,,,174,5,62340,,,,R,,https://ravanna.vidangel.com/file/ravanna/d/6/movies-10397_0010_01_d69c28caf95f0168.jpg
2609,movie,Anger Management,anger-management,amazon,,,281,5,60700,,,,PG-13,,https://ravanna.vidangel.com/file/ravanna/8/3/movies-9506_0010_03_8339c391c7035322.jpg
680460,movie,Animal Crackers,animal-crackers,netflix,,,225,5,43009,,,,TV-Y7,,https://ravanna.vidangel.com/file/ravanna/c/d/movies-315064_0010_07_cd9adbffc7f4c690.jpg
673957,movie,Anna and the Apocalypse,anna-and-the-apocalypse,amazon-channels-amc,,,230,5,42765,,,,R,,https://ravanna.vidangel.com/file/ravanna/1/b/movies-461928_0010_03_1b80ef8a095358b7.jpg
1052,movie,Anna Karenina,anna-karenina,amazon,,,37,4,46950,,,,R,,https://ravanna.vidangel.com/file/ravanna/0/1/movies-96724_0010_01_018ba3a1bae82a80.jpg
684378,movie,Annette,annette,amazon-prime,,,129,4,47974,,,,R,,https://ravanna.vidangel.com/file/ravanna/3/7/movies-424277_0010_01_373a50093f88b93a.jpg
1689,movie,Annie,annie-2014-2,amazon,,,55,5,68189,,,,PG,,https://ravanna.vidangel.com/file/ravanna/0/0/movies-196867_0010_07_00f614599dd576a3.jpg
3122,movie,Annie,annie-1982,amazon,,,273,5,65810,,,,PG,,https://ravanna.vidangel.com/file/ravanna/3/3/movies-15739_0010_02_3315bb6d5c239f16.jpg
660952,movie,Annihilation,annihilation,amazon,,,175,4,57088,,,,R,,https://ravanna.vidangel.com/file/ravanna/a/1/movies-300668_0010_03_a1735284db53f0d8.jpg
207089,movie,Anon,anon,netflix,,,169,5,40414,,,,TV-MA,,https://ravanna.vidangel.com/file/ravanna/4/b/movies-396806_0010_01_4b4521cc74c054a5.jpg
700831,movie,Anora,anora,amazon,,,1007,5,69124,,,,R,,https://ravanna.vidangel.com/file/ravanna/6/e/movies-1064213_0010_05_6eb14cca88735802.jpg
701490,movie,Another Simple Favor,another-simple-favor,amazon-prime,,,474,4,69175,,,,R,,https://ravanna.vidangel.com/file/ravanna/1/6/movies-974573_0010_0f_16fb6e808c79da5a.jpg
680988,movie,Antebellum,antebellum,amazon,,,173,4,44674,,,,R,,https://ravanna.vidangel.com/file/ravanna/d/5/movies-627290_0010_02_d5f737b0fad1a9ba.jpg
692638,movie,Anthony Griffith,anthony-griffith-laught-at-ms-dbc,vidangel,,,4,1,54149,,,,NR,,https://content.vidangel.com/dry-bar-images/AnthonyGriffith-LaughingAtMS-VidAngel.jpg
696999,movie,Anyone But You,anyone-but-you,amazon,,,361,5,62250,,,,R,,https://ravanna.vidangel.com/file/ravanna/3/7/movies-1072790_0010_01_37ed6c5c29f0dab2.jpg
699202,movie,Apartment 7A,apartment-7a,amazon-channels-paramount,,,129,5,73702,,,,R,,https://ravanna.vidangel.com/file/ravanna/gen/I/8/movie-807339_20240927_I8Y5q2brDQC2sb5a.jpg
706555,movie,Apex,apex-b4b7d,netflix,,,161,4,76782,,,,R,,https://ravanna.vidangel.com/file/ravanna/gen/Q/b/movie-1318447_20260415_QbYelZI12qDn84J3.jpg
2077,movie,Apocalypse Now,apocalypse-now,amazon,,,452,5,53829,,,,R,,https://ravanna.vidangel.com/file/ravanna/e/7/movies-28_0010_01_e7f1494436fd05f0.jpg
688495,movie,Apollo 10½:  A Space Age Childhood,apollo-1012-a-space-age-childhood,netflix,,,74,5,50577,,,,PG-13,,https://ravanna.vidangel.com/file/ravanna/d/f/movies-664996_0010_01_df90961d0d9a62a5.jpg
670146,movie,Apostle,apostle,netflix,,,184,5,32977,,,,TV-MA,,https://ravanna.vidangel.com/file/ravanna/c/c/movies-424121_0010_01_cc62c421ad8e0f58.jpg
661777,movie,Arbitrage,arbitrage,amazon-prime,,,157,5,38905,,,,R,,https://ravanna.vidangel.com/file/ravanna/9/8/movies-60599_0010_01_986d2aece12d8a5d.jpg
698471,movie,Arcadian,arcadian,amazon-channels-amc,,,79,5,64947,,,,R,,https://ravanna.vidangel.com/file/ravanna/gen/B/Q/movie-1051896_20240722_BQZ4iar1D6L8RwuY.jpg
672019,movie,Arctic,arctic,amazon-prime,,,42,2,54871,,,,PG-13,,https://ravanna.vidangel.com/file/ravanna/2/4/movies-453755_0010_03_245918d4fe78b626.jpg
676320,movie,Arctic Dogs,arctic-dogs,amazon-prime,,,169,5,51127,,,,PG,,https://ravanna.vidangel.com/file/ravanna/e/b/movies-416153_0010_01_ebb1f59e4b8856fa.jpg
1636,movie,Are We There Yet?,are-we-there-yet,amazon,,,186,5,55296,,,,PG,,https://ravanna.vidangel.com/file/ravanna/2/3/movies-11637_0010_03_237e20d7d652876f.jpg
697505,movie,Argylle,argylle,appletv,,,320,5,62038,,,,PG-13,,https://ravanna.vidangel.com/file/ravanna/0/5/movies-848538_0010_08_057ce7332b064b85.jpg
679322,movie,Arkansas,arkansas,amazon,,,217,4,60693,,,,R,,https://ravanna.vidangel.com/file/ravanna/e/9/movies-560204_0010_02_e9459976dd5eea31.jpg
694535,movie,Armageddon Time,armageddon-time,amazon,,,91,5,56885,,,,R,,https://ravanna.vidangel.com/file/ravanna/d/d/movies-615952_0010_01_dd4190d83cc85e35.jpg
3377,movie,Army of Darkness,army-of-darkness,amazon,,,231,4,54674,,,,R,,https://ravanna.vidangel.com/file/ravanna/b/3/movies-766_0010_04_b3be212a47932915.jpg
683540,movie,Army of the Dead,army-of-the-dead,netflix,,,425,4,46636,,,,R,,https://ravanna.vidangel.com/file/ravanna/0/e/movies-503736_0010_01_0ecf7c557dd7e22e.jpg
685278,movie,Army of Thieves,army-of-thieves,netflix,,,233,4,48816,,,,TV-MA,,https://ravanna.vidangel.com/file/ravanna/6/e/movies-796499_0010_01_6e0b64baaeb832fa.jpg
682529,movie,ARQ,arq,netflix,,,147,3,45478,,,,TV-MA,,https://ravanna.vidangel.com/file/ravanna/5/9/movies-410199_0010_01_59cfc71ca5f61fff.jpg
171390,movie,Arrival,arrival,amazon,,,22,4,58105,,,,PG-13,,https://ravanna.vidangel.com/file/ravanna/8/6/movies-329865_0010_02_8675d1b87bc9fa84.jpg
2311,movie,Arthur Christmas,arthur-christmas,amazon,,,80,5,66507,,,,PG,,https://ravanna.vidangel.com/file/ravanna/2/7/movies-51052_0010_01_27d925fd339ceea6.jpg
698024,movie,Arthur the King,arthur-the-king,amazon,,,119,4,62927,,,,PG-13,,https://ravanna.vidangel.com/file/ravanna/gen/b/D/movie-618588_20240603_bDMnacV1GBTd2O3F.jpg
656804,movie,Arvin Mitchell,arvin-mitchell-circus-purpose,vidangel,,,20,3,32754,,,,NR,,https://content.vidangel.com/dry-bar-images/ArvinMitchell-CircusPurpose-VidAngel.jpg
1597,movie,"As Above, So Below",as-above-so-below,amazon,,,195,3,48013,,,,R,,https://ravanna.vidangel.com/file/ravanna/5/d/movies-256274_0010_01_5d93165d942de2c5.jpg
695548,movie,Asteroid City,asteroid-city,amazon,,,159,5,65595,,,,PG-13,,https://ravanna.vidangel.com/file/ravanna/gen/W/d/movie-747188_20231004_Wdtc898IM6YXAyEU.jpg
3755,movie,Astro Boy,astro-boy,amazon,,,138,5,54459,,,,PG,,https://ravanna.vidangel.com/file/ravanna/0/a/movies-16577_0010_02_0ab4f1c3e3c7ace5.jpg
671222,movie,At Eternity's Gate,at-eternitys-gate,amazon,,,48,5,36422,,,,PG-13,,https://ravanna.vidangel.com/file/ravanna/8/3/movies-491472_0010_01_836f05bc648f0ca6.jpg
691747,movie,Athena,athena,netflix,,,246,3,52863,,,,R,,https://ravanna.vidangel.com/file/ravanna/gen/4/j/movie-852046_20220926_4jwslSvmQXipdrn7.jpg
697899,movie,Atlas,atlas,netflix,,,202,3,64072,,,,PG-13,,https://ravanna.vidangel.com/file/ravanna/gen/S/T/movie-614933_20240524_STRrsXrmuMLWg7oV.jpg
653785,movie,Atomic Blonde,atomic-blonde,amazon,,,200,4,31694,,,,R,,https://ravanna.vidangel.com/file/ravanna/3/8/movies-341013_0010_04_38ec2fb537a5eec7.jpg
1754,movie,Atonement,atonement,amazon,,,112,4,53416,,,,R,,https://ravanna.vidangel.com/file/ravanna/3/c/movies-4347_0010_03_3c7a24dea1fe9c87.jpg
2683,movie,August: Osage County,august-osage-county,amazon,,,208,5,54734,,,,R,,https://ravanna.vidangel.com/file/ravanna/7/6/movies-152737_0010_01_76ea58fadd6032b9.jpg
1432,movie,Austenland,austenland,amazon,,,220,5,54738,,,,PG-13,,https://ravanna.vidangel.com/file/ravanna/7/c/movies-156711_0010_01_7c32f91fb6af81e0.jpg
682002,movie,Ava,ava,amazon-prime,,,208,4,63108,,,,R,,https://ravanna.vidangel.com/file/ravanna/6/8/movies-539885_0010_02_688ca95270040a2c.jpg
662847,movie,Awake,awake-e0e76,amazon,,,196,5,76479,,,,R,,https://ravanna.vidangel.com/file/ravanna/a/f/movies-13483_0010_01_afd6f747f151b925.jpg
683697,movie,Awake,awake-e327e,netflix,,,139,4,46903,,,,TV-MA,,https://ravanna.vidangel.com/file/ravanna/c/9/movies-615658_0010_03_c92b25e6a7b649e7.jpg
223891,movie,Awakening the Zodiac,awakening-the-zodiac,amazon,,,204,4,34670,,,,R,,https://ravanna.vidangel.com/file/ravanna/c/c/movies-431112_0010_01_ccc7ff640b7cf239.jpg
3119,movie,Awakenings,awakenings,amazon,,,24,4,67045,,,,PG-13,,https://ravanna.vidangel.com/file/ravanna/3/0/movies-11005_0010_01_3023af587647c323.jpg
695596,movie,Awareness,awareness,amazon-prime,,,164,4,58806,,,,TV-MA,,https://ravanna.vidangel.com/file/ravanna/f/7/movies-1067820_0010_01_f78734769502fba7.jpg
2394,movie,Babe,babe,amazon-prime,,,76,3,51802,,,,G,,https://ravanna.vidangel.com/file/ravanna/4/9/movies-9598_0010_01_49508bd2d0dd33b7.jpg
176569,movie,Baby Driver,baby-driver,amazon,,,256,4,61855,,,,R,,https://ravanna.vidangel.com/file/ravanna/1/4/movies-339403_0010_01_1474e97c7390a78b.jpg
694733,movie,Babylon,babylon,amazon,,,787,5,73775,,,,R,,https://ravanna.vidangel.com/file/ravanna/d/e/movies-615777_0010_09_de1dba804c73eee7.jpg
700396,movie,Back in Action,back-in-action,netflix,,,211,5,67339,,,,PG-13,,https://ravanna.vidangel.com/file/ravanna/gen/z/0/movie-993710_20250117_z0m3EIAQNWX8CZeY.jpg
698319,movie,Back to Black,back-to-black,amazon,,,320,5,66029,,,,R,,https://ravanna.vidangel.com/file/ravanna/gen/L/I/movie-998846_20240705_LI6cWKojHl1acx65.jpg
1564,movie,Back to the Future,back-to-the-future,amazon,,,219,5,63538,,,,PG,,https://ravanna.vidangel.com/file/ravanna/6/d/movies-105_0010_02_6de640182527499d.jpg
1560,movie,Back to the Future Part II,back-to-the-future-2,amazon,,,185,5,64473,,,,PG,,https://ravanna.vidangel.com/file/ravanna/f/9/movies-165_0010_01_f9a07b52cd5a26c9.jpg
1563,movie,Back to the Future Part III,back-to-the-future-3,amazon,,,95,5,64474,,,,PG,,https://ravanna.vidangel.com/file/ravanna/0/9/movies-196_0010_01_0966f1f8233d61ba.jpg
2922,movie,Backdraft,backdraft,amazon,,,312,4,60705,,,,R,,https://ravanna.vidangel.com/file/ravanna/d/0/movies-2924_0010_05_d002779063b754e1.jpg
1113,movie,Bad Boys,bad-boys,amazon,,,631,4,45668,,,,R,,https://ravanna.vidangel.com/file/ravanna/1/b/movies-9737_0010_05_1b93099572214fee.jpg
11189,movie,Bad Boys,bad-boys-1982,amazon,,,334,5,35703,,,,R,,https://ravanna.vidangel.com/file/ravanna/7/c/movies-13633_0010_01_7ce182ae6740fc35.jpg
677013,movie,Bad Boys for Life,bad-boys-for-life,amazon,,,499,5,42516,,,,R,,https://ravanna.vidangel.com/file/ravanna/f/d/movies-38700_0010_01_fd12fb0ead6035a3.jpg
1101,movie,Bad Boys II,bad-boys-ii,amazon,,,670,5,54876,,,,R,,https://ravanna.vidangel.com/file/ravanna/1/b/movies-8961_0010_05_1bd170d540b8bfaa.jpg
698701,movie,Bad Boys: Ride or Die,bad-boys-ride-or-die,amazon,,,460,4,65564,,,,R,,https://ravanna.vidangel.com/file/ravanna/gen/o/x/movie-573435_20240819_oxXx9PA8lw5ZlinU.jpg
4002,movie,Bad Moms,bad-moms,amazon,,,393,5,45812,,,,R,,https://ravanna.vidangel.com/file/ravanna/b/c/movies-376659_0010_04_bc3ff61f683bde5e.jpg
669415,movie,Bad Samaritan,bad-samaritan,amazon,,,240,5,33352,,,,R,,https://ravanna.vidangel.com/file/ravanna/4/b/movies-467632_0010_02_4bf571f6ce63d0c9.jpg
1107,movie,Bad Santa,bad-santa,amazon,,,596,5,66255,,,,R,,https://ravanna.vidangel.com/file/ravanna/b/f/movies-10147_0010_06_bfa8a041d4b41e04.jpg
1555,movie,Bad Teacher,bad-teacher-2011-unrated,amazon,,,202,5,55737,,,,R,,https://ravanna.vidangel.com/file/ravanna/e/6/movies-52449_0010_01_e61004d417e011ca.jpg
1404,movie,Bad Words,bad-words,amazon-prime,,,154,5,54294,,,,R,,https://ravanna.vidangel.com/file/ravanna/b/b/movies-209403_0010_01_bbe70277cab48f3a.jpg
703177,movie,Ballad of a Small Player,ballad-of-a-small-player,netflix,,,70,4,73053,,,,R,,https://ravanna.vidangel.com/file/ravanna/8/2/movies-1272166_0010_02_82c0e700b21ac972.jpg
702130,movie,Ballerina,ballerina-7d794,amazon,,,305,4,70382,,,,R,,https://ravanna.vidangel.com/file/ravanna/gen/v/H/movie-541671_20250707_vHIht1Banw9Vjadd.jpg
706533,movie,Balls Up,balls-up-6d41c,amazon-prime,,,635,5,76258,,,,R,,https://ravanna.vidangel.com/file/ravanna/gen/manualZ9zUo3u18Lrlycyk.jpg
698320,movie,Bandit,bandit,amazon,,,246,4,63611,,,,R,,https://ravanna.vidangel.com/file/ravanna/gen/i/I/movie-842942_20240707_iIY4luGlu5z2zrfN.jpg
696494,movie,Bank of Dave,bank-of-dave,netflix,,,91,4,60196,,,,PG-13,,https://ravanna.vidangel.com/file/ravanna/gen/z/7/movie-937220_20231222_z7wkH9wbxyBvGjCt.jpg
679840,movie,Barry,barry-07a45,netflix,,,139,5,42491,,,,TV-MA,,https://ravanna.vidangel.com/file/ravanna/d/8/movies-397717_0010_04_d8555a334ba1560e.jpg
672900,movie,Bathtubs Over Broadway,bathtubs-over-broadway,amazon,,,54,4,37590,,,,PG-13,,https://ravanna.vidangel.com/file/ravanna/f/1/movies-514729_0010_01_f1ee0f6f86595491.jpg
3366,movie,Battle: Los Angeles,battle-los-angeles,amazon,,,332,5,53607,,,,PG-13,,https://ravanna.vidangel.com/file/ravanna/9/7/movies-44943_0010_01_9723a72825da00c1.jpg
2762,movie,Battleship,battleship,amazon,,,117,5,64171,,,,PG-13,,https://ravanna.vidangel.com/file/ravanna/9/2/movies-44833_0010_01_928e98c7be65259f.jpg
655303,movie,Baywatch,baywatch-2017,amazon-prime,,,592,5,34994,,,,R,,https://ravanna.vidangel.com/file/ravanna/c/2/movies-339846_0010_08_c24717ef684212c9.jpg
692889,movie,Beast,beast-35ee2,amazon,,,86,2,75890,,,,R,,https://ravanna.vidangel.com/file/ravanna/gen/s/T/movie-760741_20230112_sT0aSm3EZy5nTuIf.jpg
145300,movie,Beasts of No Nation,beasts-of-no-nation,netflix,,,246,5,34979,,,,TV-MA,,https://ravanna.vidangel.com/file/ravanna/7/a/movies-283587_0010_01_7a423779e3ee2219.jpg
674147,movie,Beats,beats,netflix,,,385,5,38429,,,,TV-MA,,https://ravanna.vidangel.com/file/ravanna/0/7/movies-603519_0010_01_0758782fee530a0f.jpg
695256,movie,Beau Is Afraid,beau-is-afraid,amazon,,,315,5,58245,,,,R,,https://ravanna.vidangel.com/file/ravanna/gen/L/K/movie-798286_20230827_LKForvhEJYwQVdSM.jpg
670969,movie,Beautiful Boy,beautiful-boy-a5b70,amazon-prime,,,132,5,75746,,,,R,,https://ravanna.vidangel.com/file/ravanna/7/c/movies-451915_0010_03_7cfea29353fed44b.jpg
696923,movie,Beautiful Disaster,beautiful-disaster,amazon,,,446,5,61184,,,,R,,https://ravanna.vidangel.com/file/ravanna/gen/V/N/movie-1016121_20240219_VNdK8C3UCaE4jlW8.jpg
2016,movie,Because I Said So,because-i-said-so,amazon,,,180,5,47662,,,,PG-13,,https://ravanna.vidangel.com/file/ravanna/6/c/movies-1257_0010_01_6cd6f05dc77461e5.jpg
684343,movie,Beckett,beckett,netflix,,,168,5,49423,,,,TV-MA,,https://ravanna.vidangel.com/file/ravanna/a/a/movies-597433_0010_01_aa9cbcd999bdebd4.jpg
679462,movie,Becoming,becoming,netflix,,,51,5,45305,,,,PG,,https://ravanna.vidangel.com/file/ravanna/7/0/movies-699280_0010_02_70ec8e8884366bb1.jpg
207577,movie,Before I Fall,before-i-fall,amazon-channels-starz,,,275,5,42484,,,,PG-13,,https://ravanna.vidangel.com/file/ravanna/7/7/movies-397837_0010_02_776daed491f45ce8.jpg
156797,movie,Before I Wake,before-i-wake,netflix,,,29,3,34946,,,,PG-13,,https://ravanna.vidangel.com/file/ravanna/b/9/movies-301804_0010_02_b9d0495b91960180.jpg
2261,movie,Before Midnight,before-midnight,amazon,,,185,4,51819,,,,R,,https://ravanna.vidangel.com/file/ravanna/e/c/movies-132344_0010_01_ec40920201505aa0.jpg
3015,movie,Before We Go,before-we-go,amazon,,,90,5,51588,,,,PG-13,,https://ravanna.vidangel.com/file/ravanna/d/6/movies-283350_0010_01_d6a843c21d29d0d3.jpg
1570,movie,Begin Again,begin-again,amazon,,,173,5,52568,,,,R,,https://ravanna.vidangel.com/file/ravanna/5/4/movies-198277_0010_02_54284d6d3bffc076.jpg
703578,movie,Being Eddie,being-eddie,netflix,,,240,5,73703,,,,R,,https://ravanna.vidangel.com/file/ravanna/gen/0/L/movie-1426518_20251204_0L0FLvIdmZ0hN90o.jpg
686263,movie,Being the Ricardos,being-the-ricardos,amazon-prime,,,104,4,49427,,,,R,,https://ravanna.vidangel.com/file/ravanna/f/2/movies-517088_0010_01_f2cb06cf56b72b29.jpg
668954,movie,Beirut,beirut,amazon,,,150,4,62889,,,,R,,https://ravanna.vidangel.com/file/ravanna/0/b/movies-399248_0010_01_0b702f5afe4ebd0f.jpg
669902,movie,Bel Canto,bel-canto,amazon,,,98,5,32486,,,,TV-MA,,https://ravanna.vidangel.com/file/ravanna/d/d/movies-519255_0010_02_dd1a83735e7d0167.jpg
687120,movie,Belfast,belfast,amazon,,,59,4,49841,,,,PG-13,,https://ravanna.vidangel.com/file/ravanna/0/d/movies-777270_0010_01_0d35058e50b6316b.jpg
682530,movie,Below Zero,below-zero-20391,netflix,,,421,5,45463,,,,TV-MA,,https://ravanna.vidangel.com/file/ravanna/7/f/movies-587996_0010_01_7faac24a16e7e1e2.jpg
671511,movie,Ben Is Back,ben-is-back,amazon,,,149,4,51154,,,,R,,https://ravanna.vidangel.com/file/ravanna/b/2/movies-492452_0010_05_b23360ed70307649.jpg
676874,movie,Benchwarmers 2: Breaking Balls,benchwarmers-2-breaking-balls,amazon,,,229,5,40555,,,,PG-13,,https://ravanna.vidangel.com/file/ravanna/d/3/movies-576296_0010_02_d3d55f186bb45c34.jpg
674562,movie,Bengt Washburn,bengt-washburn-not-bad,vidangel,,,5,3,38791,,,,NR,,https://content.vidangel.com/dry-bar-images/BengtWashburn-NotBad-VidAngel.jpg
656494,movie,Benji,benji-2018,netflix,,,75,4,35669,,,,PG,,https://ravanna.vidangel.com/file/ravanna/b/d/movies-495193_0010_01_bd1e94cf29199212.jpg
660946,movie,Bent,bent,amazon,,,201,4,35351,,,,R,,https://ravanna.vidangel.com/file/ravanna/8/7/movies-505579_0010_01_870360c18988cb37.jpg
189926,movie,Berlin Syndrome,berlin-syndrome,amazon,,,151,5,57518,,,,R,,https://ravanna.vidangel.com/file/ravanna/0/5/movies-363126_0010_01_0598276d28aa88eb.jpg
696173,movie,Best. Christmas. Ever!,best-christmas-ever,netflix,,,78,5,59570,,,,PG,,https://ravanna.vidangel.com/file/ravanna/gen/9/X/movie-987490_20231115_9XIHTSVQS0LFoNaC.jpg
701114,movie,Better Man,better-man,amazon,,,437,5,68728,,,,R,,https://ravanna.vidangel.com/file/ravanna/gen/O/c/movie-799766_20250327_Oc8qqalgKJNIg39e.jpg
211999,movie,Better Watch Out,better-watch-out,amazon-prime,,,280,5,31807,,,,R,,https://ravanna.vidangel.com/file/ravanna/3/3/movies-406994_0010_02_33a5c08385746b5b.jpg
675703,movie,Between Two Ferns: The Movie,between-two-ferns-the-movie,netflix,,,143,5,39458,,,,TV-MA,,https://ravanna.vidangel.com/file/ravanna/9/7/movies-584962_0010_01_97cf6d85494c3ca2.jpg
2088,movie,Beverly Hills Cop,beverly-hills-cop,amazon,,,249,5,60042,,,,R,,https://ravanna.vidangel.com/file/ravanna/8/9/movies-90_0010_07_89d26c5ed5592633.jpg
1117,movie,Beverly Hills Cop II,beverly-hills-cop-ii,amazon,,,308,4,63488,,,,R,,https://ravanna.vidangel.com/file/ravanna/6/8/movies-96_0010_03_68dcf4ef9ad493cd.jpg
2150,movie,Beverly Hills Cop III,beverly-hills-cop-iii,amazon,,,189,4,72916,,,,R,,https://ravanna.vidangel.com/file/ravanna/c/7/movies-306_0010_02_c75dd3120f7c30fd.jpg
698313,movie,Beverly Hills Cop: Axel F,beverly-hills-cop-axel-f,netflix,,,435,5,63421,,,,R,,https://ravanna.vidangel.com/file/ravanna/gen/i/d/movie-280180_20240702_idJdUFUzx2ciYH7r.jpg
3446,movie,Beverly Hills Ninja,beverly-hills-ninja,amazon,,,139,5,47661,,,,PG-13,,https://ravanna.vidangel.com/file/ravanna/d/0/movies-9622_0010_04_d0c8661fba92c90b.jpg
1551,movie,Bewitched,bewitched,amazon,,,63,5,55302,,,,PG-13,,https://ravanna.vidangel.com/file/ravanna/b/7/movies-9722_0010_02_b7e09d901a90166d.jpg
8365,movie,Big Daddy,big-daddy,amazon,,,224,5,52636,,,,PG-13,,https://ravanna.vidangel.com/file/ravanna/5/8/movies-9032_0010_01_584e1c61a0707fd5.jpg
1710,movie,Big Eyes,big-eyes,amazon,,,121,5,53611,,,,PG-13,,https://ravanna.vidangel.com/file/ravanna/a/e/movies-87093_0010_01_aeb2ff08aeef9a9e.jpg
2610,movie,Big Fish,big-fish,amazon,,,101,5,53337,,,,PG-13,,https://ravanna.vidangel.com/file/ravanna/a/1/movies-587_0010_01_a119e45e9b81ece3.jpg
687180,movie,Bigbug,bigbug,netflix,,,165,5,49838,,,,R,,https://ravanna.vidangel.com/file/ravanna/e/1/movies-665828_0010_04_e1333a8931b28247.jpg
682844,movie,Biggie: I Got a Story to Tell,biggie-i-got-a-story-to-tell,netflix,,,348,5,45842,,,,R,,https://ravanna.vidangel.com/file/ravanna/d/f/movies-797309_0010_01_df1273e7ccbdbd01.jpg
670049,movie,Billionaire Boys Club,billionaire-boys-club,amazon,,,252,5,32657,,,,R,,https://ravanna.vidangel.com/file/ravanna/e/1/movies-385360_0010_01_e17a52f2d50a1258.jpg
3025,movie,Billy Elliot,billy-elliot,amazon,,,178,5,36608,,,,R,,https://ravanna.vidangel.com/file/ravanna/1/0/movies-71_0010_06_10848110346f9e1c.jpg
2038,movie,Billy Madison,billy-madison,amazon,,,145,5,43711,,,,PG-13,,https://ravanna.vidangel.com/file/ravanna/c/0/movies-11017_0010_01_c0e96ba91aa3d1a5.jpg
670914,movie,Bird Box,bird-box,netflix,,,210,5,34242,,,,R,,https://ravanna.vidangel.com/file/ravanna/4/1/movies-405774_0010_01_41c25934578b8976.jpg
694694,movie,Bird Box Barcelona,bird-box-barcelona,netflix,,,167,4,57272,,,,TV-MA,,https://ravanna.vidangel.com/file/ravanna/gen/9/Y/movie-805320_20230714_9YevIStR5BPsw7tw.jpg
684747,movie,Birds of Paradise,birds-of-paradise,amazon-prime,,,172,5,48475,,,,R,,https://ravanna.vidangel.com/file/ravanna/4/c/movies-667969_0010_01_4c0f1e45f70bcf09.jpg
210432,movie,Bitter Harvest,bitter-harvest,amazon,,,139,4,35182,,,,R,,https://ravanna.vidangel.com/file/ravanna/b/0/movies-403390_0010_02_b0db38f283ffff97.jpg
669958,movie,Black 47,black-47,amazon-channels-amc,,,102,4,44428,,,,R,,https://ravanna.vidangel.com/file/ravanna/6/b/movies-438145_0010_01_6b926fa4e490c06c.jpg
676144,movie,Black and Blue,black-and-blue,amazon,,,271,4,41834,,,,R,,https://ravanna.vidangel.com/file/ravanna/e/b/movies-578189_0010_01_eb95628cdb0013b1.jpg
701502,movie,Black Bag,black-bag,amazon-prime,,,139,4,70064,,,,R,,https://ravanna.vidangel.com/file/ravanna/gen/Q/g/movie-1233575_20250502_QgTm694HLvaFSvnN.jpg
681406,movie,Black Box,black-box,amazon-prime,,,65,3,44009,,,,R,,https://ravanna.vidangel.com/file/ravanna/f/b/movies-716258_0010_03_fb4fb84474132693.jpg
688171,movie,Black Crab,black-crab,netflix,,,117,3,50406,,,,R,,https://ravanna.vidangel.com/file/ravanna/f/9/movies-760868_0010_04_f950a10dc6772fa3.jpg
1930,movie,Black Hawk Down,black-hawk-down,amazon,,,262,3,64858,,,,R,,https://ravanna.vidangel.com/file/ravanna/b/c/movies-855_0010_01_bccaeceb63848c4c.jpg
684361,movie,Black Island,black-island,netflix,,,136,5,47929,,,,TV-MA,,https://ravanna.vidangel.com/file/ravanna/f/0/movies-847981_0010_02_f065962583e9dc3f.jpg
706004,movie,Black Phone 2,black-phone-2,netflix,,,212,5,76686,,,,R,,https://ravanna.vidangel.com/file/ravanna/gen/y/x/movie-1197137_20260224_yxMrOHwA6Yg0xTZc.jpg
661320,movie,Black Sea,black-sea,amazon,,,241,4,39874,,,,R,,https://ravanna.vidangel.com/file/ravanna/5/d/movies-246080_0010_01_5d6c240516f6e928.jpg
695255,movie,BlackBerry,blackberry,amazon-channels-amc,,,147,5,75431,,,,R,,https://ravanna.vidangel.com/file/ravanna/d/0/movies-1016084_0010_03_d00465a9b75eee6c.jpg
682279,movie,Blackbird,blackbird-da9a1,amazon,,,138,5,45120,,,,R,,https://ravanna.vidangel.com/file/ravanna/e/e/movies-536396_0010_01_ee5b3468b2e3272e.jpg
2335,movie,Blackhat,blackhat,amazon,,,60,4,50427,,,,R,,https://ravanna.vidangel.com/file/ravanna/9/b/movies-201088_0010_06_9b57dc209b378b8e.jpg
670371,movie,BlacKkKlansman,blackkklansman,amazon,,,393,4,60839,,,,R,,https://ravanna.vidangel.com/file/ravanna/b/0/movies-487558_0010_03_b053c7788a51d568.jpg
692211,movie,Blacklight,blacklight,amazon,,,103,5,53581,,,,PG-13,,https://ravanna.vidangel.com/file/ravanna/gen/f/5/movie-823625_20221108_f5nwLRcDNLQ62wj0.jpg
2115,movie,Blades of Glory,blades-of-glory,amazon,,,216,5,70134,,,,PG-13,,https://ravanna.vidangel.com/file/ravanna/d/1/movies-9955_0010_01_d1f9e4d658e61358.jpg
182975,movie,Blair Witch,blair-witch,amazon,,,181,4,51719,,,,R,,https://ravanna.vidangel.com/file/ravanna/c/f/movies-351211_0010_01_cf2f6a05d742c645.jpg
671162,movie,Blaze,blaze-8a9ea,amazon-channels-amc,,,293,5,36287,,,,R,,https://ravanna.vidangel.com/file/ravanna/b/0/movies-489928_0010_05_b062fc860df6e3a4.jpg
190847,movie,Blind,blind,amazon,,,119,5,34799,,,,R,,https://ravanna.vidangel.com/file/ravanna/a/9/movies-364733_0010_08_a916292a935435db.jpg
699858,movie,Blink Twice,blink-twice,amazon-prime,,,441,5,75558,,,,R,,https://ravanna.vidangel.com/file/ravanna/gen/z/H/movie-840705_20241122_zHxKCAuhZWiUZiqc.jpg
682561,movie,Bliss,bliss,amazon-prime,,,163,5,45514,,,,R,,https://ravanna.vidangel.com/file/ravanna/8/b/movies-613911_0010_02_8b356eb2552f334e.jpg
701504,movie,Blitz,blitz-0a099,appletv,,,91,5,69966,,,,PG-13,,https://ravanna.vidangel.com/file/ravanna/gen/O/r/movie-896151_20250502_OrYi0KBqBEnyGpwb.jpg
660943,movie,Blockers,blockers,amazon,,,613,5,59940,,,,R,,https://ravanna.vidangel.com/file/ravanna/e/c/movies-437557_0010_01_eca027edcb4c63c9.jpg
691775,movie,Blonde,blonde,netflix,,,230,5,52890,,,,NC-17,,https://ravanna.vidangel.com/file/ravanna/gen/M/R/movie-301502_20220928_MR4neWQgVl9asZXa.jpg
694350,movie,Blood & Gold,blood-gold,netflix,,,259,5,56589,,,,TV-MA,,https://ravanna.vidangel.com/file/ravanna/gen/v/b/movie-1098110_20230530_vbB292Zplp1GiaLq.jpg
684132,movie,Blood Red Sky,blood-red-sky,netflix,,,305,5,47583,,,,TV-MA,,https://ravanna.vidangel.com/file/ravanna/5/b/movies-760883_0010_05_5bd153f3bc7dd29c.jpg
677677,movie,Bloodshot,bloodshot,amazon,,,229,5,41612,,,,PG-13,,https://ravanna.vidangel.com/file/ravanna/0/0/movies-338762_0010_02_0072592c2663526e.jpg
678433,movie,Blow the Man Down,blow-the-man-down,amazon-prime,,,164,5,41569,,,,R,,https://ravanna.vidangel.com/file/ravanna/9/2/movies-586451_0010_02_92b4d61f15add7ad.jpg
683593,movie,Blue Miracle,blue-miracle,netflix,,,70,5,46712,,,,TV-PG,,https://ravanna.vidangel.com/file/ravanna/e/c/movies-671295_0010_01_ec13937b8ada6712.jpg
3633,movie,Blue Streak,blue-streak,amazon,,,230,5,63708,,,,PG-13,,https://ravanna.vidangel.com/file/ravanna/6/8/movies-11001_0010_03_682dea5d142e3b7c.jpg
4040,movie,Blue Valentine,blue-valentine,amazon,,,204,4,51589,,,,R,,https://ravanna.vidangel.com/file/ravanna/b/8/movies-46705_0010_03_b812c9d61bd11a0f.jpg
684203,movie,Bo Burnham: Inside,bo-burnham-inside,netflix,,,187,4,47713,,,,TV-MA,,https://ravanna.vidangel.com/file/ravanna/3/6/movies-823754_0010_01_3674cbf8794abe44.jpg
698403,movie,Bob Marley: One Love,bob-marley-one-love,amazon,,,169,5,63720,,,,PG-13,,https://ravanna.vidangel.com/file/ravanna/gen/p/N/movie-802219_20240716_pNmkrLmMQ3ck1qAl.jpg
674847,movie,Bob Smiley,bob-smiley-tartar-terrorist,vidangel,,,3,1,38929,,,,NR,,https://content.vidangel.com/dry-bar-images/BobSmiley-TartarTerrorist-VidAngel.jpg
682427,movie,Bob Smiley,bob-smiley-youre-just-hungry,vidangel,,,5,2,45663,,,,NR,,https://content.vidangel.com/dry-bar-images/BobSmiley-YoureJustHungry-VidAngel.jpg
680531,movie,Body Cam,body-cam,amazon,,,176,2,44880,,,,R,,https://ravanna.vidangel.com/file/ravanna/2/4/movies-513268_0010_01_242088018a5a3c4c.jpg
677036,movie,Bombshell,bombshell,netflix,,,237,3,41485,,,,R,,https://ravanna.vidangel.com/file/ravanna/f/2/movies-525661_0010_01_f26e9534be0291d3.jpg
2877,movie,Bone Tomahawk,bone-tomahawk,amazon-channels-amc,,,179,5,64696,,,,R,,https://ravanna.vidangel.com/file/ravanna/f/d/movies-294963_0010_01_fd2ecbf7ad2a80c3.jpg
694942,movie,Bones and All,bones-and-all,amazon,,,269,5,57845,,,,R,,https://ravanna.vidangel.com/file/ravanna/4/9/movies-791177_0010_01_4918d4ba06637e33.jpg
669665,movie,Book Club,book-club,amazon-channels-paramount,,,254,5,65772,,,,PG-13,,https://ravanna.vidangel.com/file/ravanna/9/e/movies-502682_0010_04_9ebfaff7e17ba486.jpg
695892,movie,Book Club: The Next Chapter,book-club-the-next-chapter,amazon,,,196,4,59155,,,,PG-13,,https://ravanna.vidangel.com/file/ravanna/gen/j/b/movie-982271_20231030_jb5koCtr6UfJL2Vf.jpg
673670,movie,Booksmart,booksmart,amazon,,,451,5,42269,,,,R,,https://ravanna.vidangel.com/file/ravanna/0/3/movies-505600_0010_01_03e1b304e4e0577e.jpg
681525,movie,Borat Subsequent Moviefilm,borat-subsequent-moviefilm,amazon-prime,,,263,5,44053,,,,R,,https://ravanna.vidangel.com/file/ravanna/c/c/movies-740985_0010_01_cc29c35ac74629d4.jpg
660985,movie,Borg vs McEnroe,borg-vs-mcenroe,amazon,,,110,4,35451,,,,R,,https://ravanna.vidangel.com/file/ravanna/e/c/movies-397538_0010_01_ecb35154aebc122b.jpg
3868,movie,Born on the Fourth of July,born-on-the-fourth-of-july,amazon,,,625,5,70128,,,,R,,https://ravanna.vidangel.com/file/ravanna/0/f/movies-2604_0010_05_0f78a003b23c23f7.jpg
696795,movie,Bosco,bosco,peacock,,,413,5,60779,,,,TV-MA,,https://ravanna.vidangel.com/file/ravanna/a/f/movies-1175351_0010_01_af218f1672eb7de0.jpg
670177,movie,Boundaries,boundaries,amazon,,,225,5,33144,,,,R,,https://ravanna.vidangel.com/file/ravanna/c/d/movies-447682_0010_01_cd535a05e8665b4c.jpg
671101,movie,Boy Erased,boy-erased,amazon,,,71,5,36216,,,,R,,https://ravanna.vidangel.com/file/ravanna/4/7/movies-472451_0010_01_473e646d84efa442.jpg
1621,movie,Boyhood,boyhood,amazon,,,245,5,68878,,,,R,,https://ravanna.vidangel.com/file/ravanna/d/4/movies-85350_0010_02_d474be9ec9d083e9.jpg
684887,movie,Boys State,boys-state,appletv,,,41,3,61348,,,,PG-13,,https://ravanna.vidangel.com/file/ravanna/e/3/movies-653723_0010_01_e3629660de29e4ab.jpg
300024,movie,Brad Upton,brad-upton-will-be-funny-for-money,vidangel,,,16,4,54811,,,,NR,,https://content.vidangel.com/dry-bar-images/BradUpton-WillBeFunnyForMoney-VidAngel.jpg
3549,movie,Bram Stoker's Dracula,bram-stokers-dracula,amazon,,,258,5,55022,,,,R,,https://ravanna.vidangel.com/file/ravanna/7/7/movies-6114_0010_02_778bfd6a28742915.jpg
1422,movie,Braveheart,braveheart,amazon-channels-mgm,,,120,4,70352,,,,R,,https://ravanna.vidangel.com/file/ravanna/6/e/movies-197_0010_04_6ed320d02c8cd9e9.jpg
660955,movie,Braven,braven,amazon,,,224,4,44887,,,,R,,https://ravanna.vidangel.com/file/ravanna/1/5/movies-459910_0010_01_1530cd7dbce90202.jpg
207693,movie,Brawl in Cell Block 99,brawl-in-cell-block-99,amazon,,,184,4,60780,,,,TV-MA,,https://ravanna.vidangel.com/file/ravanna/7/5/movies-398175_0010_01_75fe9e3a6e0dd51a.jpg
686716,movie,Brazen,brazen,netflix,,,131,5,49587,,,,TV-14,,https://ravanna.vidangel.com/file/ravanna/2/1/movies-916740_0010_01_21f93191912bd0c9.jpg
3600,movie,Brazil,brazil-1985,amazon,,,185,4,54638,,,,R,,https://ravanna.vidangel.com/file/ravanna/7/0/movies-68_0010_02_70b4004bd16cf033.jpg
6723,movie,Breach,breach,amazon,,,63,4,69964,,,,PG-13,,https://ravanna.vidangel.com/file/ravanna/0/4/movies-4169_0010_01_04565740e1c85bd0.jpg
683864,movie,Breach,breach-c634b,amazon-prime,,,226,3,47258,,,,R,,https://ravanna.vidangel.com/file/ravanna/1/c/movies-651571_0010_01_1cd22de1c4adb8c3.jpg
1112,movie,Breakdown,breakdown,amazon,,,167,4,66686,,,,R,,https://ravanna.vidangel.com/file/ravanna/d/e/movies-2163_0010_03_dead4d5881e4427d.jpg
2248,movie,Breakfast at Tiffany's,breakfast-at-tiffanys,amazon,,,88,5,53346,,,,PG-13,,https://ravanna.vidangel.com/file/ravanna/f/0/movies-164_0010_05_f08ff2112dcc06d4.jpg
669547,movie,Breaking & Exiting,breaking-exiting,amazon,,,311,5,33750,,,,PG-13,,https://ravanna.vidangel.com/file/ravanna/4/8/movies-533550_0010_01_48746f6c91ee3cb9.jpg
212236,movie,Breathe,breathe,amazon,,,73,4,34955,,,,PG-13,,https://ravanna.vidangel.com/file/ravanna/a/1/movies-407445_0010_05_a185adbbebc178ef.jpg
673153,movie,Brene Brown: The Call to Courage,brene-brown-the-call-to-courage,netflix,,,62,2,37680,,,,TV-14,,https://ravanna.vidangel.com/file/ravanna/1/f/movies-596204_0010_01_1f42e2c6b24b57bd.jpg
682053,movie,Brent Terhune,brent-terhune-wicked-ginger,vidangel,,,4,1,45078,,,,NR,,https://content.vidangel.com/dry-bar-images/BrentTerhune-WickedGinger-VidAngel.jpg
675190,movie,Brian Banks,brian-banks,amazon,,,89,5,42750,,,,PG-13,,https://ravanna.vidangel.com/file/ravanna/5/1/movies-535845_0010_01_5144ed99dd09203b.jpg
702161,movie,Brick,brick-6e986,netflix,,,240,4,70320,,,,R,,https://ravanna.vidangel.com/file/ravanna/2/b/movies-1425045_0010_02_2bf7165a4fe9791f.jpg
1532,movie,Brick Mansions,brick-mansions,amazon,,,312,5,59931,,,,PG-13,,https://ravanna.vidangel.com/file/ravanna/b/c/movies-254473_0010_01_bc44409622ec3832.jpg
1193,movie,Bridesmaids,bridesmaids,peacock,,,190,4,65423,,,,R,,https://ravanna.vidangel.com/file/ravanna/b/1/movies-55721_0010_03_b1d5ca0247eeb425.jpg
3950,movie,Bridget Jones's Baby,bridget-joness-baby,amazon,,,325,4,66451,,,,R,,https://ravanna.vidangel.com/file/ravanna/d/6/movies-95610_0010_01_d6e6052e707752d8.jpg
2013,movie,Bridget Jones's Diary,bridget-joness-diary,amazon-channels-paramount,,,230,5,47605,,,,R,,https://ravanna.vidangel.com/file/ravanna/2/5/movies-634_0010_03_250280e2539707aa.jpg
700649,movie,Bridget Jones: Mad About the Boy,bridget-jones-mad-about-the-boy,peacock,,,244,5,67868,,,,R,,https://ravanna.vidangel.com/file/ravanna/1/6/movies-1272149_0010_02_160cb2dd36dae77f.jpg
208642,movie,Bright,bright,netflix,,,440,5,45491,,,,TV-MA,,https://ravanna.vidangel.com/file/ravanna/2/8/movies-400106_0010_03_281aa29b0bc9e079.jpg
673220,movie,Brightburn,brightburn,amazon,,,166,4,39249,,,,R,,https://ravanna.vidangel.com/file/ravanna/9/4/movies-531309_0010_01_9401a2330a30a2ad.jpg
3620,movie,Bring It On,bring-it-on,amazon,,,292,5,60690,,,,PG-13,,https://ravanna.vidangel.com/file/ravanna/8/2/movies-1588_0010_05_82a8080290c5e43b.jpg
684756,movie,Britney vs. Spears,britney-vs-spears,netflix,,,94,4,48388,,,,TV-MA,,https://ravanna.vidangel.com/file/ravanna/e/b/movies-797594_0010_01_ebb4cd62cbec6a5f.jpg
675325,movie,Brittany Runs a Marathon,brittany-runs-a-marathon,amazon-prime,,,200,4,40063,,,,R,,https://ravanna.vidangel.com/file/ravanna/2/8/movies-529862_0010_01_28fa49d630a3ecab.jpg
702573,movie,Broke,broke-dc28f,netflix,,,153,5,71459,,,,R,,https://ravanna.vidangel.com/file/ravanna/gen/N/k/movie-883954_20250820_NkP3XBwUwUhS0TzV.jpg
2179,movie,Brokeback Mountain,brokeback-mountain,amazon,,,199,4,68300,,,,R,,https://ravanna.vidangel.com/file/ravanna/3/f/movies-142_0010_02_3ff6fb2a555603b7.jpg
699445,movie,Brothers,brothers-26975,amazon-prime,,,334,5,74931,,,,R,,https://ravanna.vidangel.com/file/ravanna/gen/r/G/movie-616446_20241017_rGJpkVeX85UdAKXy.jpg
1358,movie,Bruce Almighty,bruce-almighty,amazon,,,117,5,68821,,,,PG-13,,https://ravanna.vidangel.com/file/ravanna/5/4/movies-310_0010_06_5474ddf88649c41d.jpg
685765,movie,Bruised,bruised,netflix,,,492,4,48965,,,,R,,https://ravanna.vidangel.com/file/ravanna/2/3/movies-718633_0010_03_23a0b3cdb189b38a.jpg
703971,movie,Bugonia,bugonia,netflix,,,230,5,76404,,,,R,,https://ravanna.vidangel.com/file/ravanna/d/5/movies-701387_0010_05_d507a9024f1addd9.jpg
654983,movie,Bullet Head,bullet-head,amazon,,,255,5,34923,,,,R,,https://ravanna.vidangel.com/file/ravanna/a/9/movies-480572_0010_03_a985d4fe671d3d4d.jpg
691820,movie,Bullet Train,bullet-train,amazon,,,466,5,54290,,,,R,,https://ravanna.vidangel.com/file/ravanna/e/6/movies-718930_0010_02_e68267e46236280c.jpg
671707,movie,Bumblebee,bumblebee,paramount,,,161,5,72100,,,,PG-13,,https://ravanna.vidangel.com/file/ravanna/1/3/movies-424783_0010_03_13e174d3ff57aa56.jpg
3538,movie,Buried,buried-2,amazon,,,152,3,55766,,,,R,,https://ravanna.vidangel.com/file/ravanna/6/2/movies-26388_0010_02_62f720ab90f335a6.jpg
2699,movie,Burn After Reading,burn-after-reading,amazon,,,220,4,62894,,,,R,,https://ravanna.vidangel.com/file/ravanna/7/c/movies-4944_0010_06_7c199af993bf1d17.jpg
192111,movie,Buster's Mal Heart,busters-mal-heart,amazon,,,112,5,31839,,,,TV-MA,,https://ravanna.vidangel.com/file/ravanna/d/a/movies-367147_0010_01_da80ccdcc9eb2918.jpg
696235,movie,Bye Bye Barry,bye-bye-barry,amazon-prime,,,26,3,59593,,,,TV-MA,,https://ravanna.vidangel.com/file/ravanna/gen/U/i/movie-1180248_20231121_Ui6yvSfnuMd63i34.jpg
698472,movie,Cabrini,cabrini,amazon,,,82,5,63962,,,,PG-13,,https://ravanna.vidangel.com/file/ravanna/gen/2/P/movie-975056_20240722_2PmgkFzyJAasJXO2.jpg
669084,movie,Calibre,calibre,netflix,,,204,3,32573,,,,TV-MA,,https://ravanna.vidangel.com/file/ravanna/6/7/movies-474051_0010_01_67eafe8f2cec0da9.jpg
208019,movie,Call Me by Your Name,call-me-by-your-name,amazon,,,182,5,52946,,,,R,,https://ravanna.vidangel.com/file/ravanna/6/4/movies-398818_0010_01_64e6705801f7a7aa.jpg
676472,movie,Cam Bertrand,cam-bertrand-sophisticated-ignorance,vidangel,,,7,2,40028,,,,NR,,https://content.vidangel.com/dry-bar-images/CamBertrand-SophisticatedIgnorance-VidAngel.jpg
678328,movie,Camp Cool Kids,camp-cool-kids,amazon,,,60,4,41448,,,,TV-PG,,https://ravanna.vidangel.com/file/ravanna/9/e/movies-467988_0010_01_9e68fe1242e18782.jpg
699545,movie,Canary Black,canary-black,amazon-prime,,,220,4,65832,,,,R,,https://ravanna.vidangel.com/file/ravanna/gen/v/9/movie-976734_20241024_v9afj7WsPpJxNNmX.jpg
696290,movie,Candy Cane Lane,candy-cane-lane,amazon-prime,,,148,5,59787,,,,PG,,https://ravanna.vidangel.com/file/ravanna/gen/3/X/movie-1022964_20231201_3XuyUL4QL868ApiZ.jpg
656830,movie,Candy Jar,candy-jar,netflix,,,63,5,36023,,,,TV-14,,https://ravanna.vidangel.com/file/ravanna/9/5/movies-507143_0010_01_951fee91369471b5.jpg
679583,movie,Capone,capone-93e45,amazon-prime,,,225,4,43214,,,,R,,https://ravanna.vidangel.com/file/ravanna/9/1/movies-429422_0010_01_91e06400e03fcd35.jpg
1338,movie,Captain Phillips,captain-phillips,amazon,,,95,4,53901,,,,PG-13,,https://ravanna.vidangel.com/file/ravanna/3/1/movies-109424_0010_05_311852ab5c264988.jpg
136597,movie,Captain Underpants: The First Epic Movie,captain-underpants-the-first-epic-movie,netflix,,,130,4,34985,,,,PG,,https://ravanna.vidangel.com/file/ravanna/f/5/movies-268531_0010_01_f5e0b61ef816e430.jpg
672117,movie,Captive State,captive-state,amazon,,,104,5,38351,,,,PG-13,,https://ravanna.vidangel.com/file/ravanna/9/b/movies-429471_0010_01_9b3fa8fa28e12ec7.jpg
668949,movie,Cardinals,cardinals,amazon,,,18,3,32306,,,,TV-MA,,https://ravanna.vidangel.com/file/ravanna/c/e/movies-472404_0010_01_cee7db358552b901.jpg
671497,movie,Cargo,cargo-a6099,netflix,,,182,3,38716,,,,TV-MA,,https://ravanna.vidangel.com/file/ravanna/7/0/movies-425972_0010_01_70a670593d985964.jpg
692636,movie,Carl Strong,carl-strong-are-you-ready-for-this-dbc,vidangel,,,4,1,54145,,,,NR,,https://content.vidangel.com/dry-bar-images/CarlStrong-AreYouReadyForThis-VidAngel.jpg
659804,movie,Carriers,carriers,amazon,,,163,5,41754,,,,PG-13,,https://ravanna.vidangel.com/file/ravanna/1/e/movies-25769_0010_04_1ee5c4071b71e979.jpg
700043,movie,Carry-On,carry-on,netflix,,,109,3,66723,,,,PG-13,,https://ravanna.vidangel.com/file/ravanna/b/2/movies-1005331_0010_01_b297f450777ec93f.jpg
662503,movie,Case 39,case-39,amazon,,,82,5,73969,,,,R,,https://ravanna.vidangel.com/file/ravanna/9/3/movies-28355_0010_07_937f62666b1cb8f6.jpg
2611,movie,Casino,casino,amazon,,,757,5,59979,,,,R,,https://ravanna.vidangel.com/file/ravanna/c/9/movies-524_0010_01_c98ffb59c3c3d8b9.jpg
1714,movie,Casino Royale,casino-royale-2006,amazon,,,230,5,74459,,,,PG-13,,https://ravanna.vidangel.com/file/ravanna/c/3/movies-36557_0010_01_c3caedced970c96e.jpg
1786,movie,Catch Me If You Can,catch-me-if-you-can,paramount,,,92,5,76081,,,,PG-13,,https://ravanna.vidangel.com/file/ravanna/3/8/movies-640_0010_07_3850f630a99a5686.jpg
691903,movie,Catherine Called Birdy,catherine-called-birdy,amazon-prime,,,156,5,53094,,,,PG-13,,https://ravanna.vidangel.com/file/ravanna/gen/K/a/movie-795109_20221011_KagUoDYxUgPdALY2.jpg
703535,movie,Caught Stealing,caught-stealing,netflix,,,417,5,73569,,,,R,,https://ravanna.vidangel.com/file/ravanna/gen/C/8/movie-1245993_20251129_C8tjJKqHiObQ5GId.jpg
692189,movie,Causeway,causeway,appletv,,,85,5,61457,,,,R,,https://ravanna.vidangel.com/file/ravanna/gen/s/i/movie-595586_20221104_siPYJbcCD5Ob2MnA.jpg
690097,movie,Cha Cha Real Smooth,cha-cha-real-smooth,appletv,,,111,4,61288,,,,R,,https://ravanna.vidangel.com/file/ravanna/6/8/movies-814340_0010_02_68ad6af35efc720e.jpg
673487,movie,Chad Thornsberry,chad-thornsberry-junk-cars-valet-parking,vidangel,,,4,1,37988,,,,NR,,https://content.vidangel.com/dry-bar-images/ChadThornsberry-JunkCarsValetParking-VidAngel.jpg
698561,movie,Challengers,challengers,amazon,,,234,5,65913,,,,R,,https://ravanna.vidangel.com/file/ravanna/gen/v/7/movie-937287_20240730_v79916bklCdR1kmp.jpg
703438,movie,Champagne Problems,champagne-problems,netflix,,,103,4,73417,,,,TV-14,,https://ravanna.vidangel.com/file/ravanna/gen/I/H/movie-1323475_20251119_IHiwCkOUsU3bUDb4.jpg
695259,movie,Champions,champions,amazon,,,132,4,63738,,,,PG-13,,https://ravanna.vidangel.com/file/ravanna/gen/Y/l/movie-933419_20230828_Yld2GsSWf8MRv74b.jpg
663348,movie,Chaos,chaos-16689,amazon,,,176,5,48822,,,,R,,https://ravanna.vidangel.com/file/ravanna/7/d/movies-5289_0010_02_7d6af0982a1fe4c0.jpg
4013,movie,Chaplin,chaplin,amazon,,,173,5,57834,,,,PG-13,,https://ravanna.vidangel.com/file/ravanna/5/5/movies-10435_0010_02_55ad9e2233ac8bf1.jpg
659227,movie,Chappaquiddick,chappaquiddick,amazon-channels-starz,,,115,4,32585,,,,PG-13,,https://ravanna.vidangel.com/file/ravanna/6/9/movies-432301_0010_03_697420992e8b26fc.jpg
1758,movie,Chappie,chappie,amazon,,,345,4,73216,,,,R,,https://ravanna.vidangel.com/file/ravanna/d/3/movies-198184_0010_01_d346e6c95b2e8d49.jpg
3823,movie,Charade,charade-2,amazon-prime,,,109,5,54879,,,,PG,,https://ravanna.vidangel.com/file/ravanna/1/5/movies-4808_0010_02_156e4a8c01f3f7bb.jpg
2334,movie,Charlie Wilson's War,charlie-wilsons-war,amazon,,,213,5,69297,,,,R,,https://ravanna.vidangel.com/file/ravanna/3/f/movies-6538_0010_06_3f74192aea755ee5.jpg
660233,movie,Charlie's Angels: Full Throttle,charlies-angels-full-throttle,amazon,,,339,5,40223,,,,PG-13,,https://ravanna.vidangel.com/file/ravanna/1/5/movies-9471_0010_09_156388d9bf57d299.jpg
3262,movie,Charly,charly,amazon-prime,,,48,5,51702,,,,PG,,https://ravanna.vidangel.com/file/ravanna/c/6/movies-38951_0010_02_c648489e7fc43dad.jpg
676909,movie,Chasing Happiness,chasing-happiness,amazon-prime,,,69,5,40592,,,,R,,https://ravanna.vidangel.com/file/ravanna/c/a/movies-601169_0010_02_ca877fbe3a5f8c75.jpg
703206,movie,Checkin' It Twice,checkin-it-twice,amazon-channels-hallmark,,,17,4,73079,,,,TV-14,,https://ravanna.vidangel.com/file/ravanna/gen/k/g/movie-1166012_20251031_kgAWVXTE9huLbm9Q.jpg
1538,movie,Chef,chef,amazon,,,216,5,40312,,,,R,,https://ravanna.vidangel.com/file/ravanna/b/1/movies-212778_0010_01_b118d10a0461b434.jpg
680456,movie,Chemical Hearts,chemical-hearts,amazon-prime,,,110,5,43314,,,,R,,https://ravanna.vidangel.com/file/ravanna/8/6/movies-621013_0010_01_86eee0bf959878de.jpg
694563,movie,Cherry,cherry-ebc6d,appletv,,,714,5,56922,,,,R,,https://ravanna.vidangel.com/file/ravanna/7/b/movies-544401_0010_04_7be574b0f07d4ee0.jpg
696406,movie,Chicken Run: Dawn of the Nugget,chicken-run-dawn-of-the-nugget,netflix,,,90,3,60024,,,,PG,,https://ravanna.vidangel.com/file/ravanna/gen/A/r/movie-520758_20231215_ArmxdTXv2M70dc0P.jpg
2901,movie,Child 44,child-44,amazon,,,151,5,58302,,,,R,,https://ravanna.vidangel.com/file/ravanna/4/b/movies-181283_0010_08_4bbec4d8d6698556.jpg
3848,movie,Children of Heaven,children-of-heaven,amazon,,,28,3,55297,,,,PG,,https://ravanna.vidangel.com/file/ravanna/4/b/movies-21334_0010_01_4b0d8b0782c4128b.jpg
1988,movie,Children of Men,children-of-men,amazon,,,294,5,75203,,,,R,,https://ravanna.vidangel.com/file/ravanna/3/2/movies-9693_0010_08_328a7661cd46c8af.jpg
2284,movie,Chinatown,chinatown,amazon,,,92,4,60288,,,,R,,https://ravanna.vidangel.com/file/ravanna/8/f/movies-829_0010_03_8f4b73919bb42f36.jpg
1582,movie,Chocolat,chocolat,amazon,,,78,5,54339,,,,PG-13,,https://ravanna.vidangel.com/file/ravanna/3/4/movies-392_0010_02_34e49b67c626e1c0.jpg
688757,movie,Choose or Die,choose-or-die,netflix,,,181,5,50722,,,,TV-MA,,https://ravanna.vidangel.com/file/ravanna/1/e/movies-838484_0010_03_1e8d5a2d61190f81.jpg
693042,movie,Chris Monty,chris-monty-just-be-happy-621,vidangel,,,4,3,54770,,,,NR,,https://content.vidangel.com/dry-bar-images/ChrisMonty-JustBeHappy-VidAngel.jpg
656216,movie,Chris Rock: Tamborine,chris-rock-tamborine,netflix,,,277,3,36004,,,,TV-MA,,https://ravanna.vidangel.com/file/ravanna/9/b/movies-505159_0010_05_9bfd839fc5e3fee2.jpg
703294,movie,Christmas Above the Clouds,christmas-above-the-clouds,amazon-channels-hallmark,,,21,3,73307,,,,TV-G,,https://ravanna.vidangel.com/file/ravanna/gen/H/F/movie-1537081_20251110_HFqCmJ00pSiN7RGO.jpg
703377,movie,Christmas at Cartwright's,christmas-at-cartwrights,amazon,,,15,3,73487,,,,TV-14,,https://ravanna.vidangel.com/file/ravanna/gen/y/P/movie-299588_20251114_yPKP1aOxjVLX1a9n.jpg
703589,movie,Christmas at the Catnip Cafe,christmas-at-the-catnip-cafe,amazon-channels-hallmark,,,7,2,73691,,,,TV-14,,https://ravanna.vidangel.com/file/ravanna/gen/X/N/movie-1545999_20251204_XNuNfaSvNuHGcMOl.jpg
703527,movie,Christmas at the Plaza,christmas-at-the-plaza,amazon,,,8,2,73555,,,,TV-14,,https://ravanna.vidangel.com/file/ravanna/gen/v/N/movie-630916_20251128_vNS34Opr91OrKX6d.jpg
703490,movie,Christmas by Starlight,christmas-by-starlight,amazon,,,10,3,73495,,,,TV-14,,https://ravanna.vidangel.com/file/ravanna/gen/N/v/movie-746045_20251125_NvVmh0lvBgUPTjsN.jpg
657070,movie,Christmas Cookies,christmas-cookies,amazon,,,5,1,73497,,,,TV-G,,https://ravanna.vidangel.com/file/ravanna/c/c/movies-410317_0010_01_cc81f17048a649ec.jpg
703209,movie,Christmas Everlasting,christmas-everlasting,amazon,,,9,2,73077,,,,TV-14,,https://ravanna.vidangel.com/file/ravanna/gen/A/P/movie-549319_20251031_AP26J6uVFMofcyGY.jpg
703212,movie,Christmas in Evergreen,christmas-in-evergreen,amazon,,,4,1,73122,,,,TV-14,,https://ravanna.vidangel.com/file/ravanna/gen/K/j/movie-474977_20251101_KjfTJem3yJJlFjTX.jpg
703428,movie,Christmas in Vienna,christmas-in-vienna,amazon,,,22,3,73491,,,,TV-14,,https://ravanna.vidangel.com/file/ravanna/gen/r/U/movie-726523_20251118_rUTrNXkqoOwVGuXb.jpg
654996,movie,Christmas Inheritance,christmas-inheritance,netflix,,,64,5,32188,,,,TV-PG,,https://ravanna.vidangel.com/file/ravanna/1/1/movies-449755_0010_01_1167302bd1305df7.jpg
703257,movie,Christmas Land,christmas-land,amazon,,,13,3,73193,,,,TV-G,,https://ravanna.vidangel.com/file/ravanna/gen/K/6/movie-369054_20251105_K6GXqsAzBVOFS2Jm.jpg
703271,movie,Christmas on Duty,christmas-on-duty,amazon-channels-hallmark,,,19,3,73306,,,,TV-G,,https://ravanna.vidangel.com/file/ravanna/gen/7/B/movie-1547885_20251106_7BUlsfgqBHbj4qRi.jpg
703270,movie,Christmas Under Wraps,christmas-under-wraps,amazon,,,6,0,73439,,,,TV-14,,https://ravanna.vidangel.com/file/ravanna/gen/V/l/movie-299584_20251106_Vlgb9OnxQsMz0tKk.jpg
670544,movie,Christmas Wedding Planner,christmas-wedding-planner,amazon,,,44,5,66021,,,,PG,,https://ravanna.vidangel.com/file/ravanna/e/e/movies-488113_0010_02_ee2fd1139ece5d12.jpg
696481,movie,Christmas with The Chosen: Holy Night,christmas-with-the-chosen-holy-night,amazon-prime,,,24,2,60103,,,,PG,,https://ravanna.vidangel.com/file/ravanna/gen/X/0/movie-1192396_20231220_X0oJ8ofzeK5H20Q5.jpg
686213,movie,Christmas with The Chosen: The Messengers,christmas-with-the-chosen-the-messengers,vidangel,,,11,2,49285,,,,NR,,https://ravanna.vidangel.com/file/ravanna/7/d/movies-905068_0010_02_7d7ab9b34ccedc92.jpg
1617,movie,Christmas with the Kranks,christmas-with-the-kranks,amazon,,,54,5,56256,,,,PG,,https://ravanna.vidangel.com/file/ravanna/9/4/movies-13673_0010_01_94d22d11fa77df9a.jpg
703076,movie,Christmas with the Singhs,christmas-with-the-singhs,amazon-channels-hallmark,,,32,4,73020,,,,G,,https://ravanna.vidangel.com/file/ravanna/gen/3/W/movie-1361132_20251020_3WxVGwa3Mt6BglaS.jpg
692304,movie,Christmas With You,christmas-with-you,netflix,,,151,4,53772,,,,TV-PG,,https://ravanna.vidangel.com/file/ravanna/d/a/movies-936960_0010_04_dad1cedb18919661.jpg
693730,movie,Chupa,chupa,netflix,,,78,3,55804,,,,PG,,https://ravanna.vidangel.com/file/ravanna/gen/5/J/movie-736790_20230407_5JpixOgjXzDM8jeJ.jpg
684477,movie,Cinderella,cinderella-a14c5,amazon-prime,,,128,5,48079,,,,PG,,https://ravanna.vidangel.com/file/ravanna/a/9/movies-593910_0010_01_a9a66ae2ba4c6143.jpg
1003,movie,Cinderella Man,cinderella-man,amazon,,,221,5,65492,,,,PG-13,,https://ravanna.vidangel.com/file/ravanna/0/9/movies-921_0010_02_09034531a13e7d34.jpg
697931,movie,Civil War,civil-war,amazon,,,205,5,62996,,,,R,,https://ravanna.vidangel.com/file/ravanna/gen/c/0/movie-929590_20240528_c0UVywgqJoKuPY2T.jpg
693538,movie,Clayburn Cox,clayburn-cox-toothbrush-prank-war-614,vidangel,,,1,0,55520,,,,NR,,https://content.vidangel.com/dry-bar-images/ClayburnCox-ToothbrushPrankWar-VidAngel.jpg
662888,movie,Cleaner,cleaner,netflix,,,123,4,50792,,,,R,,https://ravanna.vidangel.com/file/ravanna/5/1/movies-13252_0010_02_51df1b12d6ffaaa5.jpg
1401,movie,Clear and Present Danger,clear-and-present-danger,amazon-channels-amc,,,119,5,73760,,,,PG-13,,https://ravanna.vidangel.com/file/ravanna/1/c/movies-9331_0010_01_1c5a03986d8d60e4.jpg
1854,movie,Click,click,amazon,,,265,5,47224,,,,PG-13,,https://ravanna.vidangel.com/file/ravanna/b/8/movies-9339_0010_01_b854bead17968104.jpg
1356,movie,Cliffhanger,cliffhanger,amazon,,,243,3,48219,,,,R,,https://ravanna.vidangel.com/file/ravanna/9/b/movies-9350_0010_05_9baf2ac5bac650f1.jpg
676620,movie,Clinical,clinical,netflix,,,114,5,40285,,,,TV-MA,,https://ravanna.vidangel.com/file/ravanna/4/c/movies-433244_0010_02_4c365b115fe999e3.jpg
1501,movie,Cloak & Dagger,cloak-dagger,amazon,,,58,5,52052,,,,PG,,https://ravanna.vidangel.com/file/ravanna/d/c/movies-48677_0010_01_dcbf73fdd3fbd27f.jpg
677508,movie,Close,close,netflix,,,156,5,42685,,,,R,,https://ravanna.vidangel.com/file/ravanna/8/a/movies-460321_0010_04_8aab479bb02c245c.jpg
2844,movie,Close Encounters of the Third Kind,close-encounters-of-the-third-kind-directors-cut,amazon,,,78,4,43560,,,,PG,,https://ravanna.vidangel.com/file/ravanna/d/1/movies-840_0010_05_d10f98723df1c3d5.jpg
2896,movie,Cloudy with a Chance of Meatballs,cloudy-with-a-chance-of-meatballs,amazon,,,160,4,53559,,,,PG,,https://ravanna.vidangel.com/file/ravanna/8/4/movies-22794_0010_02_847bf2abebd1240b.jpg
1429,movie,Cloudy with a Chance of Meatballs 2,cloudy-with-a-chance-of-meatballs-2,amazon,,,65,4,53568,,,,PG,,https://ravanna.vidangel.com/file/ravanna/gen/o/z/20230405_oz3CBfhxwTp8qbzi.jpg
2631,movie,Cloverfield,cloverfield,amazon,,,289,5,54276,,,,PG-13,,https://ravanna.vidangel.com/file/ravanna/2/7/movies-7191_0010_02_279cb46fbf125118.jpg
2612,movie,Clueless,clueless,amazon,,,201,5,52734,,,,PG-13,,https://ravanna.vidangel.com/file/ravanna/9/4/movies-9603_0010_01_94fa7d8c02f1ac50.jpg
694583,movie,Cocaine Bear,cocaine-bear,peacock,,,324,5,63109,,,,R,,https://ravanna.vidangel.com/file/ravanna/gen/Z/w/movie-804150_20230623_Zw1fXIy8zy60fujK.jpg
684842,movie,CODA,coda,appletv,,,166,5,61289,,,,PG-13,,https://ravanna.vidangel.com/file/ravanna/6/7/movies-776503_0010_01_675994e7dce07355.jpg
703534,movie,Code 3,code-3,amazon,,,382,5,73627,,,,R,,https://ravanna.vidangel.com/file/ravanna/gen/R/E/movie-1161617_20251129_RERKtEsGht9UtqM3.jpg
677029,movie,Code 8,code-8,netflix,,,262,5,71353,,,,NR,,https://ravanna.vidangel.com/file/ravanna/6/2/movies-461130_0010_01_626a1e1f7be945cc.jpg
697020,movie,Code 8 Part II,code-8-part-ii,netflix,,,141,3,61246,,,,R,,https://ravanna.vidangel.com/file/ravanna/9/0/movies-932420_0010_04_9052eacbc797e51e.jpg
691277,movie,Code Name: Emperor,code-name-emperor,netflix,,,173,5,52218,,,,TV-MA,,https://ravanna.vidangel.com/file/ravanna/a/5/movies-769636_0010_01_a5d85e76ab0b32ea.jpg
678932,movie,Coffee & Kareem,coffee-kareem,netflix,,,782,5,41699,,,,TV-MA,,https://ravanna.vidangel.com/file/ravanna/5/c/movies-615177_0010_01_5c182306fccc180b.jpg
657920,movie,Coherence,coherence,amazon-prime,,,240,5,66326,,,,R,,https://ravanna.vidangel.com/file/ravanna/5/d/movies-220289_0010_02_5dd0c098d225676c.jpg
671748,movie,Cold Pursuit,cold-pursuit,amazon,,,177,5,65989,,,,R,,https://ravanna.vidangel.com/file/ravanna/7/9/movies-438650_0010_02_7975b90b7f815fc0.jpg
671870,movie,Cold War,cold-war-2019,amazon-prime,,,59,5,37231,,,,R,,https://ravanna.vidangel.com/file/ravanna/6/1/movies-440298_0010_01_61c509ea5e074645.jpg
670722,movie,Colette,colette,amazon,,,105,4,57303,,,,R,,https://ravanna.vidangel.com/file/ravanna/9/c/movies-454652_0010_08_9ce737f2aaa09978.jpg
2493,movie,Collateral,collateral,amazon,,,184,4,58746,,,,R,,https://ravanna.vidangel.com/file/ravanna/3/c/movies-1538_0010_02_3ce7c72d45b1ebc0.jpg
627573,movie,Collin Moulton,collin-moulton,vidangel,,,17,3,54812,,,,NR,,https://content.vidangel.com/dry-bar-images/CollinMoulton-AntiAnimalVegan-VidAngel.jpg
698023,movie,Colors of Evil: Red,colors-of-evil-red,netflix,,,247,5,62935,,,,TV-MA,,https://ravanna.vidangel.com/file/ravanna/gen/e/1/movie-1115395_20240603_e1tNUeQF9QIH7yoT.jpg
684886,movie,Come from Away,come-from-away,appletv,,,64,5,61487,,,,TV-14,,https://ravanna.vidangel.com/file/ravanna/5/5/movies-727333_0010_01_5590fe1a4e357566.jpg
223569,movie,Come Sunday,come-sunday,netflix,,,20,5,35866,,,,TV-14,,https://ravanna.vidangel.com/file/ravanna/c/6/movies-430446_0010_01_c689878b28ba874b.jpg
677825,movie,Come to Daddy,come-to-daddy,amazon,,,282,4,42254,,,,R,,https://ravanna.vidangel.com/file/ravanna/5/5/movies-586592_0010_06_55ca9eabf5d4e75a.jpg
682773,movie,Coming 2 America,coming-2-america,amazon-prime,,,302,5,45844,,,,PG-13,,https://ravanna.vidangel.com/file/ravanna/f/d/movies-484718_0010_08_fd12f1e9dec43e93.jpg
2028,movie,Coming to America,coming-to-america,amazon,,,207,4,45362,,,,R,,https://ravanna.vidangel.com/file/ravanna/b/b/movies-9602_0010_09_bb73e65e20fef1fe.jpg
195412,movie,Complete Unknown,complete-unknown,amazon-prime,,,46,4,35160,,,,R,,https://ravanna.vidangel.com/file/ravanna/0/7/movies-373476_0010_01_07d785c9aac8a053.jpg
656481,movie,Con Man,con-man,amazon-prime,,,86,5,35379,,,,TV-14,,https://ravanna.vidangel.com/file/ravanna/5/a/movies-454648_0010_01_5a01b303bab6dea0.jpg
3344,movie,Conan the Barbarian,conan-the-barbarian,amazon,,,242,4,46841,,,,R,,https://ravanna.vidangel.com/file/ravanna/4/3/movies-9387_0010_02_43049d4774f9341b.jpg
3572,movie,Conan the Barbarian,conan-the-barbarian-2,amazon,,,396,4,63630,,,,R,,https://ravanna.vidangel.com/file/ravanna/f/e/movies-37430_0010_0a_fe66fa5a5b06135b.jpg
700054,movie,Conclave,conclave,amazon,,,61,5,69060,,,,PG,,https://ravanna.vidangel.com/file/ravanna/8/6/movies-974576_0010_06_866243333d0c41b6.jpg
683057,movie,Concrete Cowboy,concrete-cowboy,netflix,,,391,5,46132,,,,R,,https://ravanna.vidangel.com/file/ravanna/8/9/movies-621954_0010_01_89e1bde942d12270.jpg
2565,movie,Concussion,concussion,amazon,,,102,5,54639,,,,PG-13,,https://ravanna.vidangel.com/file/ravanna/c/a/movies-321741_0010_01_caff22487313a4fb.jpg
702016,movie,"Confess, Fletch",confess-fletch,amazon-channels-paramount,,,181,5,70048,,,,R,,https://ravanna.vidangel.com/file/ravanna/gen/5/R/movie-724665_20250621_5RRi9yoWV9f8Le58.jpg
3858,movie,Contraband,contraband,amazon,,,360,5,52659,,,,R,,https://ravanna.vidangel.com/file/ravanna/f/6/movies-77866_0010_01_f65ce3cf9701e866.jpg
3650,movie,Cop Car,cop-car,amazon,,,126,5,52200,,,,R,,https://ravanna.vidangel.com/file/ravanna/1/1/movies-310133_0010_02_11ecec7bf2e9172c.jpg
695579,movie,Copshop,copshop,amazon,,,444,4,74802,,,,R,,https://ravanna.vidangel.com/file/ravanna/gen/j/V/movie-738652_20231010_jVAJ2TFyBtrI0vH1.jpg
3029,movie,Coraline,coraline,amazon,,,151,5,66359,,,,PG,,https://ravanna.vidangel.com/file/ravanna/e/8/movies-14836_0010_01_e803caf9ad0e1366.jpg
701408,movie,Counterstrike,counterattack,netflix,,,291,5,69287,,,,R,,https://ravanna.vidangel.com/file/ravanna/gen/3/g/movie-1356039_20250425_3g4LYalMhh4aHNg8.jpg
3140,movie,Couples Retreat,couples-retreat,amazon,,,364,5,54647,,,,PG-13,,https://ravanna.vidangel.com/file/ravanna/f/d/movies-19899_0010_02_fdc1f9e452d7bdbe.jpg
2851,movie,Courageous,courageous,amazon,,,42,5,46691,,,,PG-13,,https://ravanna.vidangel.com/file/ravanna/3/5/movies-72213_0010_02_3522b408e344e2e3.jpg
1554,movie,Cowboys & Aliens,cowboys-aliens,amazon-prime,,,188,5,60673,,,,PG-13,,https://ravanna.vidangel.com/file/ravanna/0/9/movies-49849_0010_03_09b7967f053aecf1.jpg
703215,movie,Cranberry Christmas,cranberry-christmas,amazon,,,4,1,73081,,,,TV-14,,https://ravanna.vidangel.com/file/ravanna/gen/4/D/movie-737795_20251101_4DMHEjotAVDJruyL.jpg
3853,movie,Crank,crank,amazon,,,563,5,58281,,,,R,,https://ravanna.vidangel.com/file/ravanna/5/5/movies-1948_0010_01_55f6e0ca80f8c0be.jpg
674656,movie,Crawl,crawl,amazon,,,125,4,39770,,,,R,,https://ravanna.vidangel.com/file/ravanna/3/f/movies-511987_0010_01_3f39b74096a7591e.jpg
659767,movie,Crazy on the Outside,crazy-on-the-outside,amazon-prime,,,206,5,51397,,,,PG-13,,https://ravanna.vidangel.com/file/ravanna/d/1/movies-35458_0010_01_d1cb83844bd3e6da.jpg
694399,movie,Creed III,creed-iii,amazon,,,206,5,56642,,,,PG-13,,https://ravanna.vidangel.com/file/ravanna/gen/t/E/movie-677179_20230605_tEPKMwVComVcbVCe.jpg
706391,movie,Crime 101,crime-101,amazon-prime,,,364,4,75780,,,,R,,https://ravanna.vidangel.com/file/ravanna/gen/1/B/movie-1171145_20260401_1BFTCLOGSlSJ4ieJ.jpg
3303,movie,Criminal,criminal,amazon,,,195,4,58143,,,,R,,https://ravanna.vidangel.com/file/ravanna/e/5/movies-302156_0010_07_e5930baaa1009a70.jpg
2523,movie,Crimson Peak,crimson-peak,amazon,,,71,3,47810,,,,R,,https://ravanna.vidangel.com/file/ravanna/8/0/movies-201085_0010_01_800ef8b6d817fd90.jpg
2791,movie,Crocodile Dundee,crocodile-dundee,amazon,,,245,5,53720,,,,PG,,https://ravanna.vidangel.com/file/ravanna/b/b/movies-9671_0010_01_bb9d9826eff2e1b9.jpg
2816,movie,Crocodile Dundee II,crocodile-dundee-ii,amazon,,,195,5,54098,,,,PG,,https://ravanna.vidangel.com/file/ravanna/7/3/movies-9396_0010_04_733ecb5c4b9c90e1.jpg
218440,movie,Crooked House,crooked-house,amazon,,,140,5,48100,,,,TV-14,,https://ravanna.vidangel.com/file/ravanna/d/8/movies-419835_0010_01_d88a2effdb210bfd.jpg
1810,movie,"Crouching Tiger, Hidden Dragon",crouching-tiger-hidden-dragon,amazon,,,71,4,54148,,,,PG-13,,https://ravanna.vidangel.com/file/ravanna/a/d/movies-146_0010_02_ad3b2e59a02f1b13.jpg
703258,movie,Crown for Christmas,crown-for-christmas,amazon,,,22,3,73393,,,,TV-14,,https://ravanna.vidangel.com/file/ravanna/gen/9/O/movie-360603_20251105_9Ob7pxb1rrv5POOd.jpg
221160,movie,Crown Heights,crown-heights,amazon-prime,,,91,5,31676,,,,R,,https://ravanna.vidangel.com/file/ravanna/d/4/movies-425507_0010_01_d4d3894fead651de.jpg
3223,movie,Cruel Intentions,cruel-intentions,amazon,,,346,5,69449,,,,R,,https://ravanna.vidangel.com/file/ravanna/5/d/movies-796_0010_14_5d00375e73ee26bd.jpg
3743,movie,Cube,cube,amazon,,,110,4,51649,,,,R,,https://ravanna.vidangel.com/file/ravanna/4/f/movies-431_0010_01_4ffeaf65d48d4b54.jpg
700235,movie,Cunk on Life,cunk-on-life,netflix,,,99,4,67060,,,,R,,https://ravanna.vidangel.com/file/ravanna/gen/2/W/movie-1253971_20250102_2WaaiLI5UoPyKRMy.jpg
692356,movie,Cyrano,cyrano,amazon,,,169,5,53833,,,,PG-13,,https://ravanna.vidangel.com/file/ravanna/gen/r/1/movie-730047_20221122_r1m5ZdyM8kyM8jII.jpg
692828,movie,Cyrus Steele,cyrus-steele-lazy-eyes-matter,vidangel,,,4,1,54359,,,,NR,,https://content.vidangel.com/dry-bar-images/CyrusSteele-LazyEyesMatter-VidAngel.jpg
679813,movie,Da 5 Bloods,da-5-bloods,netflix,,,475,5,62610,,,,R,,https://ravanna.vidangel.com/file/ravanna/6/c/movies-581859_0010_0a_6c233368c3fc43f4.jpg
3539,movie,Daddy Day Care,daddy-day-care,amazon,,,151,5,69664,,,,PG,,https://ravanna.vidangel.com/file/ravanna/d/7/movies-10708_0010_02_d7473ee1f2534da6.jpg
2567,movie,Daddy's Home,daddys-home,amazon,,,170,5,50635,,,,PG-13,,https://ravanna.vidangel.com/file/ravanna/1/4/movies-274167_0010_06_14d09f0c073b06c3.jpg
218365,movie,Daddy's Home 2,daddys-home-2,paramount,,,118,5,71994,,,,PG-13,,https://ravanna.vidangel.com/file/ravanna/9/8/movies-419680_0010_01_980570457be52369.jpg
1334,movie,Dallas Buyers Club,dallas-buyers-club,amazon,,,466,5,36663,,,,R,,https://ravanna.vidangel.com/file/ravanna/7/0/movies-152532_0010_05_7046311814768a9b.jpg
669911,movie,Damsel,damsel,amazon,,,129,4,32285,,,,R,,https://ravanna.vidangel.com/file/ravanna/a/4/movies-414018_0010_02_a4564e185e95e21f.jpg
697133,movie,Damsel,damsel-85ed2,netflix,,,72,3,61390,,,,PG-13,,https://ravanna.vidangel.com/file/ravanna/gen/L/6/movie-763215_20240307_L6zI4nEShbpaaFGo.jpg
693303,movie,Dan Brown,dan-brown-not-shopping-here-today-612,vidangel,,,2,1,55202,,,,NR,,https://content.vidangel.com/dry-bar-images/DanBrown-NotShoppingHereToday-VidAngel.jpg
692877,movie,Dan Grueter,dan-grueter-cheese-and-serial-killers,vidangel,,,9,3,54491,,,,NR,,https://content.vidangel.com/dry-bar-images/DanGrueter-CheeseSerialKillers-VidAngel.jpg
694002,movie,Dan Mengini,dan-mengini-been-there-dumb-that-616,vidangel,,,3,1,56232,,,,NR,,https://content.vidangel.com/dry-bar-images/DanMengini-BeenThereDumbThat-VidAngel.jpg
2634,movie,Dances with Wolves,dances-with-wolves,amazon,,,294,5,68198,,,,PG-13,,https://ravanna.vidangel.com/file/ravanna/8/4/movies-581_0010_01_8410f68050128108.jpg
677103,movie,Danger Close: The Battle of Long Tan,danger-close,amazon,,,226,4,41637,,,,R,,https://ravanna.vidangel.com/file/ravanna/1/7/movies-508664_0010_01_171647bc6f35f565.jpg
701017,movie,Dangerous,dangerous,amazon-prime,,,219,3,76115,,,,R,,https://ravanna.vidangel.com/file/ravanna/gen/r/v/movie-763788_20250319_rvtulNTuOczw6fso.jpg
679072,movie,Dangerous Lies,dangerous-lies,netflix,,,100,5,42037,,,,TV-14,,https://ravanna.vidangel.com/file/ravanna/e/e/movies-689723_0010_01_ee8dd236b07fc92f.jpg
674146,movie,Daniel Eachus,daniel-eachus-a-mild-and-skinny-guy,vidangel,,,4,2,38405,,,,NR,,https://content.vidangel.com/dry-bar-images/DanielEachus-AMildAndSkinnyGuy-VidAngel.jpg
2920,movie,Dante's Peak,dantes-peak,amazon,,,148,5,74724,,,,PG-13,,https://ravanna.vidangel.com/file/ravanna/b/f/movies-9619_0010_01_bf41e3d0d819262f.jpg
668160,movie,Dark Crimes,dark-crimes,amazon,,,107,4,74980,,,,R,,https://ravanna.vidangel.com/file/ravanna/7/8/movies-340674_0010_01_786acc9c2af44759.jpg
97104,movie,Dark Places,dark-places,amazon,,,231,5,34997,,,,R,,https://ravanna.vidangel.com/file/ravanna/e/5/movies-182560_0010_03_e5c49c59de9affb5.jpg
669713,movie,Dark River,dark-river,amazon,,,92,4,33823,,,,R,,https://ravanna.vidangel.com/file/ravanna/a/8/movies-429195_0010_01_a8413482bf219df7.jpg
678003,movie,Dark Waters,dark-waters,amazon,,,90,5,68779,,,,PG-13,,https://ravanna.vidangel.com/file/ravanna/f/1/movies-552178_0010_01_f1569df34037b5b0.jpg
208315,movie,Darkest Hour,darkest-hour,amazon,,,113,4,49286,,,,PG-13,,https://ravanna.vidangel.com/file/ravanna/1/0/movies-399404_0010_01_100fe4491ab6b30b.jpg
675051,movie,Dave Chappelle: Sticks & Stones,dave-chappelle-sticks-stones,netflix,,,241,4,39138,,,,TV-MA,,https://ravanna.vidangel.com/file/ravanna/3/f/movies-624932_0010_01_3f61647af4f9a33e.jpg
686095,movie,Dave Chappelle: The Closer,dave-chappelle-the-closer,netflix,,,197,4,49240,,,,TV-MA,,https://ravanna.vidangel.com/file/ravanna/3/2/movies-879540_0010_03_32efd14e0095cf65.jpg
696616,movie,Dave Chappelle: The Dreamer,dave-chappelle-the-dreamer,netflix,,,182,4,60880,,,,R,,https://ravanna.vidangel.com/file/ravanna/a/1/movies-1215439_0010_06_a1e387838a53b0c1.jpg
691216,movie,Day Shift,day-shift,netflix,,,417,4,52182,,,,R,,https://ravanna.vidangel.com/file/ravanna/d/4/movies-755566_0010_0d_d4fe478e8bae912d.jpg
2494,movie,Days of Thunder,days-of-thunder,amazon,,,166,5,53830,,,,PG-13,,https://ravanna.vidangel.com/file/ravanna/6/b/movies-2119_0010_01_6b102953662cf196.jpg
2228,movie,Dazed and Confused,dazed-and-confused,amazon,,,485,5,51501,,,,R,,https://ravanna.vidangel.com/file/ravanna/2/0/movies-9571_0010_01_209bb0a762e0cae5.jpg
676400,movie,DC Benny,dc-benny-you-dont-look-funny,vidangel,,,11,3,39942,,,,NR,,https://content.vidangel.com/dry-bar-images/DCBenny-YouDontLookFunny-VidAngel.jpg
694928,movie,Dear Evan Hansen,dear-evan-hansen,amazon,,,48,4,64209,,,,PG-13,,https://ravanna.vidangel.com/file/ravanna/gen/O/3/movie-567690_20230807_O3Pi8rqXbBMnV9Jl.jpg
2878,movie,Dear John,dear-john,amazon,,,67,5,56548,,,,PG-13,,https://ravanna.vidangel.com/file/ravanna/7/e/movies-22971_0010_01_7ed0d41c745d03d8.jpg
699878,movie,Dear Santa,dear-santa-22b85,amazon-channels-paramount,,,97,5,66346,,,,PG-13,,https://ravanna.vidangel.com/file/ravanna/gen/r/J/movie-1097870_20241125_rJrbIVuAHl2v4aEH.jpg
701568,movie,Death of a Unicorn,death-of-a-unicorn,amazon,,,146,4,69315,,,,R,,https://ravanna.vidangel.com/file/ravanna/b/0/movies-1153714_0010_02_b048ef4580fa8a3a.jpg
682215,movie,Death to 2020,death-to-2020,netflix,,,97,4,44932,,,,TV-MA,,https://ravanna.vidangel.com/file/ravanna/8/9/movies-773655_0010_07_89acb147dadbf32d.jpg
686400,movie,Death to 2021,death-to-2021,netflix,,,82,5,49384,,,,TV-MA,,https://ravanna.vidangel.com/file/ravanna/7/5/movies-911068_0010_01_755c255e9ed9fa82.jpg
660947,movie,Death Wish,death-wish,amazon,,,295,5,37266,,,,R,,https://ravanna.vidangel.com/file/ravanna/2/3/movies-395990_0010_06_23835a605786a123.jpg
701961,movie,Deep Cover,deep-cover-b91f5,amazon-prime,,,267,5,70183,,,,R,,https://ravanna.vidangel.com/file/ravanna/gen/y/o/movie-1239193_20250612_yolT4VRZMxuHHRoe.jpg
696790,movie,Deep Fear,deep-fear,netflix,,,96,3,60783,,,,TV-MA,,https://ravanna.vidangel.com/file/ravanna/7/9/movies-899445_0010_02_795060f68f18bbbf.jpg
3026,movie,Deep Impact,deep-impact,amazon,,,111,5,66532,,,,PG-13,,https://ravanna.vidangel.com/file/ravanna/3/c/movies-8656_0010_01_3c27023db7b5cec2.jpg
659299,movie,Deepwater Horizon,deepwater-horizon,amazon,,,195,5,75285,,,,PG-13,,https://ravanna.vidangel.com/file/ravanna/f/b/movies-296524_0010_03_fbfbdb815b2cc1d2.jpg
1462,movie,Defiance,defiance,paramount,,,111,4,42019,,,,R,,https://ravanna.vidangel.com/file/ravanna/1/8/movies-13813_0010_02_18752ef26789a386.jpg
2017,movie,"Definitely, Maybe",definitely-maybe,amazon,,,157,5,69128,,,,PG-13,,https://ravanna.vidangel.com/file/ravanna/5/6/movies-8390_0010_02_56072a7c7cfb8047.jpg
1573,movie,Deliver Us from Evil,deliver-us-from-evil,amazon,,,232,4,69298,,,,R,,https://ravanna.vidangel.com/file/ravanna/d/7/movies-184346_0010_03_d786c91798b789c1.jpg
660958,movie,Den of Thieves,den-of-thieves,netflix,,,349,4,68732,,,,R,,https://ravanna.vidangel.com/file/ravanna/d/3/movies-449443_0010_04_d3a45236e8589789.jpg
701025,movie,Den of Thieves 2: Pantera,den-of-thieves-2-pantera,netflix,,,319,5,68693,,,,R,,https://ravanna.vidangel.com/file/ravanna/b/7/movies-604685_0010_06_b7e95f6c51192ea4.jpg
656039,movie,Dennis Regan,dennis-regan-dennisland,vidangel,,,12,3,36008,,,,NR,,https://content.vidangel.com/dry-bar-images/DennisRegan-Dennisland-VidAngel.jpg
679959,movie,Desperados,desperados,netflix,,,347,4,42797,,,,R,,https://ravanna.vidangel.com/file/ravanna/c/a/movies-706510_0010_08_cafd39efdcef8e3e.jpg
1729,movie,Despicable Me,despicable-me,amazon,,,85,4,73498,,,,PG,,https://ravanna.vidangel.com/file/ravanna/d/8/movies-20352_0010_1c_d87c6b38c4f3c155.jpg
168658,movie,Despicable Me 3,despicable-me-3,netflix,,,131,5,69237,,,,PG,,https://ravanna.vidangel.com/file/ravanna/7/5/movies-324852_0010_1c_755de19fa1276657.jpg
699648,movie,Despicable Me 4,despicable-me-4,amazon-prime,,,140,5,69747,,,,PG,,https://ravanna.vidangel.com/file/ravanna/gen/S/W/movie-519182_20241031_SW6xlAyuuzYKtfyX.jpg
693024,movie,Devotion,devotion,amazon,,,159,5,55873,,,,PG-13,,https://ravanna.vidangel.com/file/ravanna/gen/4/g/movie-653851_20230130_4gsXYujgtlBZWFPo.jpg
697990,movie,Die Hart 2: Die Harter,die-hart-die-harter,amazon-prime,,,500,4,62852,,,,TV-MA,,https://ravanna.vidangel.com/file/ravanna/1/9/movies-1296838_0010_01_19db0b171614f5ae.jpg
703975,movie,Die My Love,die-my-love,amazon,,,306,5,74147,,,,R,,https://ravanna.vidangel.com/file/ravanna/4/7/movies-1033148_0010_04_47b8048e2f413aff.jpg
2781,movie,Dinner for Schmucks,dinner-for-schmucks,amazon-channels-paramount,,,223,5,53790,,,,PG-13,,https://ravanna.vidangel.com/file/ravanna/d/3/movies-38778_0010_06_d3f8bdea16500257.jpg
663223,movie,Dirty,dirty,amazon-prime,,,652,5,45467,,,,R,,https://ravanna.vidangel.com/file/ravanna/6/0/movies-10598_0010_01_60760a9e1e2ab02d.jpg
2551,movie,Dirty Dancing,dirty-dancing,amazon,,,184,5,72682,,,,PG-13,,https://ravanna.vidangel.com/file/ravanna/c/c/movies-88_0010_03_cc8521082781ce0b.jpg
2934,movie,Dirty Grandpa,dirty-grandpa,amazon,,,684,5,56522,,,,R,,https://ravanna.vidangel.com/file/ravanna/1/f/movies-291870_0010_01_1f550d5530c1e747.jpg
2766,movie,Disturbia,disturbia,amazon,,,241,5,65757,,,,PG-13,,https://ravanna.vidangel.com/file/ravanna/f/0/movies-8271_0010_01_f0d6bfad67784d43.jpg
1186,movie,Divergent,divergent,amazon,,,91,4,62873,,,,PG-13,,https://ravanna.vidangel.com/file/ravanna/f/3/movies-157350_0010_01_f3298623441fdd23.jpg
1224,movie,Django Unchained,django-unchained,amazon,,,444,4,63647,,,,R,,https://ravanna.vidangel.com/file/ravanna/5/4/movies-68718_0010_08_54eec28faadbb1a3.jpg
691701,movie,Do Revenge,do-revenge,netflix,,,367,5,52744,,,,R,,https://ravanna.vidangel.com/file/ravanna/gen/n/o/movie-762968_20220919_noNS0LBX7CHqwUOY.jpg
3319,movie,Do the Right Thing,do-the-right-thing,amazon-prime,,,714,5,68228,,,,R,,https://ravanna.vidangel.com/file/ravanna/3/f/movies-925_0010_07_3fbe52384a6fd1df.jpg
691682,movie,Dog,dog,amazon,,,154,5,73585,,,,PG-13,,https://ravanna.vidangel.com/file/ravanna/gen/z/a/movie-626735_20220915_zajTm4ig9qZvP1Qu.jpg
692898,movie,Dog Gone,dog-gone,netflix,,,78,5,65196,,,,TV-PG,,https://ravanna.vidangel.com/file/ravanna/gen/d/R/movie-858408_20230113_dR7HQ2q7u2xzJohV.jpg
675803,movie,Dolemite Is My Name,dolemite-is-my-name,netflix,,,775,5,39749,,,,R,,https://ravanna.vidangel.com/file/ravanna/7/8/movies-528888_0010_01_7845ac5796154dee.jpg
677019,movie,Dolittle,dolittle,amazon,,,93,3,41702,,,,PG,,https://ravanna.vidangel.com/file/ravanna/1/4/movies-448119_0010_01_1455eba018b80d46.jpg
694010,movie,Don McMillan,don-mcmillan-geek-nerd-or-dork-652,vidangel,,,7,2,56217,,,,NR,,https://content.vidangel.com/dry-bar-images/DonMcMillan-GeekNerdOrDork-VidAngel.jpg
3943,movie,Don't Breathe,dont-breathe,amazon,,,192,5,53794,,,,R,,https://ravanna.vidangel.com/file/ravanna/b/2/movies-300669_0010_02_b27bf8d801f1df1e.jpg
693732,movie,Don't Breathe 2,dont-breathe-2,amazon,,,115,4,55913,,,,R,,https://ravanna.vidangel.com/file/ravanna/6/0/movies-482373_0010_02_60c08542a9ae687f.jpg
677878,movie,Don't Let Go,dont-let-go,netflix,,,111,4,68045,,,,R,,https://ravanna.vidangel.com/file/ravanna/7/e/movies-539651_0010_02_7eea3f4c413fac06.jpg
686374,movie,Don't Look Up,dont-look-up-e2d92,netflix,,,288,5,49411,,,,R,,https://ravanna.vidangel.com/file/ravanna/1/6/movies-646380_0010_0c_16a6f2a4dc99d32b.jpg
690629,movie,Don't Make Me Go,dont-make-me-go,amazon-prime,,,134,5,51765,,,,R,,https://ravanna.vidangel.com/file/ravanna/1/5/movies-861072_0010_01_155fade0ca6e22aa.jpg
699567,movie,Don't Move,dont-move,netflix,,,75,3,65838,,,,R,,https://ravanna.vidangel.com/file/ravanna/gen/B/p/movie-1063877_20241025_BpUCk2k4wV5gpmnb.jpg
669995,movie,"Don't Worry, He Won't Get Far on Foot",dont-worry-he-wont-get-far-on-foot,amazon-prime,,,267,5,32649,,,,R,,https://ravanna.vidangel.com/file/ravanna/8/a/movies-443009_0010_05_8a15e8282a80ba3c.jpg
2580,movie,Donnie Darko,donnie-darko,amazon-prime,,,162,5,65359,,,,R,,https://ravanna.vidangel.com/file/ravanna/9/1/movies-141_0010_06_91ce0ad9a764227a.jpg
3233,movie,Doom,doom-2005,amazon,,,360,4,40704,,,,R,,https://ravanna.vidangel.com/file/ravanna/1/a/movies-8814_0010_02_1a6724706bbe979a.jpg
675852,movie,Doom: Annihilation,doom-annihilation,amazon,,,305,4,40686,,,,R,,https://ravanna.vidangel.com/file/ravanna/1/8/movies-520901_0010_04_18694dbe3d3e07e9.jpg
2142,movie,Dope,dope,amazon-channels-starz,,,762,5,45717,,,,R,,https://ravanna.vidangel.com/file/ravanna/8/6/movies-308639_0010_01_8647638681ffd8b4.jpg
675102,movie,Dora and the Lost City of Gold,dora-and-the-lost-city-of-gold,amazon,,,93,5,46236,,,,PG,,https://ravanna.vidangel.com/file/ravanna/1/f/movies-499701_0010_01_1fca45e0ebc26686.jpg
2709,movie,Double Jeopardy,double-jeopardy,amazon-channels-mgm,,,137,4,47765,,,,R,,https://ravanna.vidangel.com/file/ravanna/2/4/movies-10398_0010_04_2434af04900cec39.jpg
670169,movie,Down a Dark Hall,down-a-dark-hall,amazon,,,79,5,33133,,,,PG-13,,https://ravanna.vidangel.com/file/ravanna/d/a/movies-421792_0010_01_da88f3ac9dc78611.jpg
2853,movie,Downfall,downfall,amazon,,,131,5,73368,,,,R,,https://ravanna.vidangel.com/file/ravanna/0/d/movies-613_0010_06_0d6d7df020634102.jpg
156555,movie,Downsizing,downsizing,amazon,,,106,4,59202,,,,R,,https://ravanna.vidangel.com/file/ravanna/a/c/movies-301337_0010_02_ac3976d593777202.jpg
675848,movie,Downton Abbey,downton-abbey-8030f,netflix,,,87,5,59479,,,,PG,,https://ravanna.vidangel.com/file/ravanna/0/7/movies-535544_0010_04_073a2738f092157f.jpg
690107,movie,Downton Abbey: A New Era,downton-abbey-a-new-era,amazon,,,59,4,73999,,,,PG,,https://ravanna.vidangel.com/file/ravanna/9/a/movies-820446_0010_01_9af9c6f95de30bc4.jpg
703310,movie,Downton Abbey: The Grand Finale,downton-abbey-the-grand-finale,amazon,,,113,4,75329,,,,PG,,https://ravanna.vidangel.com/file/ravanna/b/e/movies-1289936_0010_04_be4f0ebb21290d31.jpg
3028,movie,Dr. Strangelove or: How I Learned to Stop Worrying and Love the Bomb,dr-strangelove-or-how-i-learned-to-stop-worrying-and-love-the-bomb,amazon,,,156,5,50772,,,,PG,,https://ravanna.vidangel.com/file/ravanna/a/f/movies-935_0010_03_af717419cdbd466c.jpg
1650,movie,Dracula Untold,dracula-untold,amazon,,,101,5,54228,,,,PG-13,,https://ravanna.vidangel.com/file/ravanna/9/9/movies-49017_0010_01_99b198d047c14390.jpg
672651,movie,Dragged Across Concrete,dragged-across-concrete,amazon,,,167,5,55691,,,,R,,https://ravanna.vidangel.com/file/ravanna/5/d/movies-438674_0010_01_5de4efff7a19782f.jpg
680459,movie,Dragons: Rescue Riders: Secrets of the Songwing,dragons-rescue-riders-secrets-of-the-songwing,netflix,,,11,1,43069,,,,TV-Y7,,https://ravanna.vidangel.com/file/ravanna/7/2/movies-723895_0010_02_7234e7c0ca1c1109.jpg
701803,movie,Dream Scenario,dream-scenario,amazon,,,110,5,69617,,,,R,,https://ravanna.vidangel.com/file/ravanna/gen/8/o/movie-823482_20250528_8oLFuPcqVxFCHQ5X.jpg
3653,movie,Dreamer: Inspired By a True Story,dreamer-inspired-by-a-true-story,amazon,,,51,5,53578,,,,PG,,https://ravanna.vidangel.com/file/ravanna/e/e/movies-12920_0010_03_ee30eafc48ee7b7a.jpg
2782,movie,Dredd,dredd-2,amazon,,,229,5,73957,,,,R,,https://ravanna.vidangel.com/file/ravanna/6/b/movies-49049_0010_01_6b7b430ca1f3ca20.jpg
1249,movie,Drive,drive,amazon,,,85,4,40613,,,,R,,https://ravanna.vidangel.com/file/ravanna/5/d/movies-64690_0010_01_5d7b38b46eda7894.jpg
698732,movie,Drive-Away Dolls,drive-away-dolls,amazon,,,277,4,64478,,,,R,,https://ravanna.vidangel.com/file/ravanna/9/e/movies-957304_0010_08_9e18554b89dd6ca7.jpg
681612,movie,Driven,driven-ab517,amazon,,,70,3,44224,,,,PG-13,,https://ravanna.vidangel.com/file/ravanna/f/4/movies-587138_0010_02_f4c223f0772c295b.jpg
677239,movie,Duck Duck Goose,duck-duck-goose,netflix,,,146,5,41559,,,,PG,,https://ravanna.vidangel.com/file/ravanna/2/6/movies-375107_0010_02_263677fd54532149.jpg
1666,movie,Dumb and Dumber To,dumb-and-dumber-to,amazon,,,231,5,63633,,,,PG-13,,https://ravanna.vidangel.com/file/ravanna/6/a/movies-100042_0010_01_6ab3993afb612841.jpg
670723,movie,Dumplin',dumplin,netflix,,,169,5,33983,,,,PG-13,,https://ravanna.vidangel.com/file/ravanna/e/a/movies-472734_0010_01_ea6b2ee9865b5bf0.jpg
2457,movie,Dune,dune,amazon,,,123,5,63005,,,,PG-13,,https://ravanna.vidangel.com/file/ravanna/6/d/movies-841_0010_0a_6da91310804bdc0c.jpg
694043,movie,Dungeons & Dragons: Honor Among Thieves,dungeons-dragons-honor-among-thieves,paramount,,,231,5,72044,,,,PG-13,,https://ravanna.vidangel.com/file/ravanna/2/d/movies-493529_0010_05_2d358a96cfbd54b1.jpg
154367,movie,Dying of the Light,dying-of-the-light-2,amazon-prime,,,86,4,38901,,,,R,,https://ravanna.vidangel.com/file/ravanna/6/3/movies-297596_0010_01_63990266d3539129.jpg
1997,movie,E.T. the Extra-Terrestrial,e-t-the-extra-terrestrial,amazon,,,110,4,76792,,,,PG,,https://ravanna.vidangel.com/file/ravanna/6/2/movies-601_0010_01_62d5eb2a4c90d5c6.jpg
1444,movie,Eagle Eye,eagle-eye,amazon,,,96,5,75682,,,,PG-13,,https://ravanna.vidangel.com/file/ravanna/7/b/movies-13027_0010_04_7bb3366071c0ede4.jpg
202514,movie,Early Man,early-man,amazon-prime,,,156,4,32570,,,,PG,,https://ravanna.vidangel.com/file/ravanna/c/3/movies-387592_0010_01_c3440c404dd42eb2.jpg
679037,movie,Earth and Blood,earth-and-blood,netflix,,,102,3,41833,,,,TV-MA,,https://ravanna.vidangel.com/file/ravanna/5/6/movies-659067_0010_01_5601746eade4a3a5.jpg
676340,movie,Earthquake Bird,earthquake-bird,netflix,,,72,5,39975,,,,R,,https://ravanna.vidangel.com/file/ravanna/b/8/movies-513409_0010_02_b8d83ef9bf010987.jpg
2672,movie,Easy A,easy-a,amazon,,,336,5,55271,,,,PG-13,,https://ravanna.vidangel.com/file/ravanna/c/1/movies-37735_0010_04_c135960a64205814.jpg
2526,movie,Eat Pray Love,eat-pray-love,amazon,,,128,5,54923,,,,PG-13,,https://ravanna.vidangel.com/file/ravanna/9/7/movies-38167_0010_04_97a39d55a0baa284.jpg
701966,movie,Echo Valley,echo-valley,appletv,,,197,4,69817,,,,R,,https://ravanna.vidangel.com/file/ravanna/gen/L/i/movie-1097311_20250612_LimvMkaSLcNJwOUh.jpg
703926,movie,Eden,eden-dae14,netflix,,,216,4,73985,,,,R,,https://ravanna.vidangel.com/file/ravanna/gen/O/w/movie-1042834_20251223_OwGWMUVQyqVYmoGn.jpg
681666,movie,Edge of Extinction,edge-of-extinction,amazon,,,231,5,44387,,,,PG-13,,https://ravanna.vidangel.com/file/ravanna/6/0/movies-701369_0010_01_60f264264fef5cca.jpg
676047,movie,El Camino: A Breaking Bad Movie,el-camino-a-breaking-bad-movie,netflix,,,133,5,39664,,,,TV-MA,,https://ravanna.vidangel.com/file/ravanna/1/0/movies-559969_0010_04_10b0f62547f73ef4.jpg
3851,movie,Election,election,amazon,,,103,5,53596,,,,R,,https://ravanna.vidangel.com/file/ravanna/a/7/movies-9451_0010_03_a7d6a9cf273732c5.jpg
700469,movie,Elevation,elevation,amazon,,,78,3,67586,,,,R,,https://ravanna.vidangel.com/file/ravanna/gen/u/N/movie-1035048_20250127_uNVofOBubk0wcD2h.jpg
676057,movie,Eli,eli,netflix,,,63,4,39668,,,,TV-MA,,https://ravanna.vidangel.com/file/ravanna/6/f/movies-483202_0010_01_6fc4fd720f1eb2e0.jpg
2600,movie,Elizabeth,elizabeth,amazon,,,109,4,56425,,,,R,,https://ravanna.vidangel.com/file/ravanna/3/b/movies-4518_0010_01_3b9e182db8e64c26.jpg
3002,movie,Elizabeth: The Golden Age,elizabeth-the-golden-age,amazon,,,87,5,56431,,,,PG-13,,https://ravanna.vidangel.com/file/ravanna/a/0/movies-4517_0010_01_a0ee814ec6b5752a.jpg
156558,movie,Elvis & Nixon,elvis-and-nixon,amazon-prime,,,66,2,35158,,,,R,,https://ravanna.vidangel.com/file/ravanna/8/0/movies-301348_0010_02_805d743b166ec1ff.jpg
703925,movie,Elway,elway,netflix,,,46,4,73982,,,,PG-13,,https://ravanna.vidangel.com/file/ravanna/gen/r/9/movie-1583500_20251222_r9SNhfFj1XeFIjR0.jpg
692514,movie,Emancipation,emancipation,appletv,,,164,2,61319,,,,R,,https://ravanna.vidangel.com/file/ravanna/gen/f/q/movie-715931_20221209_fqGVYE7idSG5cHph.jpg
689867,movie,Emergency,emergency-3d9c2,amazon-prime,,,530,5,51197,,,,R,,https://ravanna.vidangel.com/file/ravanna/7/0/movies-819309_0010_02_7011699e55036d67.jpg
699760,movie,Emilia Pérez,emilia-perez,netflix,,,208,4,67679,,,,R,,https://ravanna.vidangel.com/file/ravanna/6/6/movies-974950_0010_0e_66a942618c049408.jpg
678010,movie,Emma.,emma-d8330,amazon,,,69,4,59724,,,,PG,,https://ravanna.vidangel.com/file/ravanna/2/1/movies-556678_0010_01_217c6bb0dcfa819e.jpg
1261,movie,Empire State,empire-state,amazon-prime,,,404,4,54750,,,,R,,https://ravanna.vidangel.com/file/ravanna/a/8/movies-169209_0010_01_a8ff8d28da4c689d.jpg
3219,movie,End of Days,end-of-days,amazon,,,271,4,57083,,,,R,,https://ravanna.vidangel.com/file/ravanna/8/c/movies-9946_0010_05_8c99b46fc393a2e7.jpg
691622,movie,End of the Road,end-of-the-road,netflix,,,203,5,52612,,,,R,,https://ravanna.vidangel.com/file/ravanna/4/3/movies-773975_0010_01_43698ef95d89c313.jpg
2752,movie,End of Watch,end-of-watch,amazon,,,855,5,66161,,,,R,,https://ravanna.vidangel.com/file/ravanna/8/5/movies-77016_0010_03_857806afd795b503.jpg
1244,movie,Ender's Game,enders-game,amazon,,,39,3,56734,,,,PG-13,,https://ravanna.vidangel.com/file/ravanna/0/b/movies-80274_0010_01_0b3a8fcb2f4adfef.jpg
1170,movie,Endless Love,endless-love-2014,amazon,,,109,5,54025,,,,PG-13,,https://ravanna.vidangel.com/file/ravanna/b/8/movies-226857_0010_01_b880c22b65c8837a.jpg
1100,movie,Enemy,enemy,amazon,,,90,4,60578,,,,R,,https://ravanna.vidangel.com/file/ravanna/e/5/movies-181886_0010_01_e5690b35589ff150.jpg
2499,movie,Enemy at the Gates,enemy-at-the-gates,amazon,,,132,4,62637,,,,R,,https://ravanna.vidangel.com/file/ravanna/7/3/movies-853_0010_08_73f02145e22994c5.jpg
681206,movie,Enola Holmes,enola-holmes,netflix,,,113,5,76439,,,,PG-13,,https://ravanna.vidangel.com/file/ravanna/2/3/movies-497582_0010_01_239e1fd26d7db409.jpg
692191,movie,Enola Holmes 2,enola-holmes-2,netflix,,,118,5,53519,,,,PG-13,,https://ravanna.vidangel.com/file/ravanna/gen/0/2/movie-829280_20221104_02r5vtQu7sOqjie8.jpg
2921,movie,Enron: The Smartest Guys in the Room,enron-the-smartest-guys-in-the-room,amazon,,,60,4,54301,,,,R,,https://ravanna.vidangel.com/file/ravanna/3/2/movies-13020_0010_01_32fb9282380d5d8b.jpg
661980,movie,Enter Nowhere,enter-nowhere,amazon-channels-starz,,,108,5,39781,,,,R,,https://ravanna.vidangel.com/file/ravanna/5/f/movies-98568_0010_01_5f489e85eec29a87.jpg
691802,movie,Entergalactic,entergalactic,netflix,,,329,5,52911,,,,TV-MA,,https://ravanna.vidangel.com/file/ravanna/gen/O/f/movie-1027014_20220930_OfHD2Rg1cnR8u8B6.jpg
2221,movie,Envy,envy,amazon,,,189,5,55386,,,,PG-13,,https://ravanna.vidangel.com/file/ravanna/c/9/movies-10710_0010_02_c9608f528eab8830.jpg
661770,movie,Erased,erased,amazon,,,97,4,39097,,,,R,,https://ravanna.vidangel.com/file/ravanna/7/0/movies-106021_0010_01_703ac5839ea16fb2.jpg
670186,movie,Eric O'Shea,eric-oshea-life-its-not-your-fault,vidangel,,,22,3,33168,,,,NR,,https://content.vidangel.com/dry-bar-images/EricOShea-LifeItsNotYourFault-VidAngel.jpg
2039,movie,Erin Brockovich,erin-brockovich-5,amazon,,,196,4,69721,,,,R,,https://ravanna.vidangel.com/file/ravanna/7/b/movies-462_0010_02_7b30e902ae9d9e1b.jpg
3184,movie,Escape from Alcatraz,escape-from-alcatraz,amazon,,,80,5,38864,,,,PG,,https://ravanna.vidangel.com/file/ravanna/b/4/movies-10734_0010_02_b40a36640abe050a.jpg
1705,movie,Escape Plan,escape-plan,amazon,,,218,4,65413,,,,R,,https://ravanna.vidangel.com/file/ravanna/e/6/movies-107846_0010_01_e669dc3950b3564a.jpg
671781,movie,Escape Plan 2: Hades,escape-plan-2-hades,amazon,,,129,4,67155,,,,R,,https://ravanna.vidangel.com/file/ravanna/8/9/movies-440471_0010_01_8983b9162f601de0.jpg
674557,movie,Escape Plan: The Extractors,escape-plan-the-extractors,amazon,,,119,3,60587,,,,R,,https://ravanna.vidangel.com/file/ravanna/3/d/movies-480042_0010_03_3d7a530935d131fa.jpg
653787,movie,Escape Room,escape-room,amazon,,,289,4,70782,,,,R,,https://ravanna.vidangel.com/file/ravanna/0/3/movies-449664_0010_06_03ab4eaa4c32c04c.jpg
672113,movie,Escape Room,escape-room-f6f3e,amazon,,,306,5,37672,,,,PG-13,,https://ravanna.vidangel.com/file/ravanna/3/c/movies-522681_0010_01_3cac2cc6de17f5ad.jpg
687562,movie,Escape Room: Tournament of Champions,escape-room-tournament-of-champions,amazon,,,196,4,50157,,,,PG-13,,https://ravanna.vidangel.com/file/ravanna/2/9/movies-585216_0010_08_29c0fc7926fed24f.jpg
2023,movie,Eternal Sunshine of the Spotless Mind,eternal-sunshine-of-the-spotless-mind,amazon,,,175,5,61420,,,,R,,https://ravanna.vidangel.com/file/ravanna/c/0/movies-38_0010_06_c0642ff8fdc5d1ee.jpg
703974,movie,Eternity,eternity,appletv,,,205,5,75370,,,,PG-13,,https://ravanna.vidangel.com/file/ravanna/gen/7/L/movie-1259102_20251230_7LA3VWY2DDwlFlXJ.jpg
679869,movie,Eurovision Song Contest: The Story of Fire Saga,eurovision-song-contest-the-story-of-fire-saga,netflix,,,249,5,42679,,,,PG-13,,https://ravanna.vidangel.com/file/ravanna/6/7/movies-531454_0010_02_67bb9566efe4661c.jpg
3177,movie,Evan Almighty,evan-almighty,amazon,,,97,5,48400,,,,PG,,https://ravanna.vidangel.com/file/ravanna/7/1/movies-2698_0010_01_71b5a99cefaf685f.jpg
3531,movie,Event Horizon,event-horizon,amazon,,,227,4,53791,,,,R,,https://ravanna.vidangel.com/file/ravanna/b/a/movies-8413_0010_01_ba2fe57350ea271e.jpg
2468,movie,Everest,everest,netflix,,,54,3,68977,,,,PG-13,,https://ravanna.vidangel.com/file/ravanna/8/f/movies-253412_0010_01_8face8a0c647da80.jpg
223881,movie,Everybody Loves Somebody,everybody-loves-somebody,amazon,,,157,4,31785,,,,PG-13,,https://ravanna.vidangel.com/file/ravanna/6/8/movies-431093_0010_01_68fbb16cdae3cd2c.jpg
3494,movie,Everybody Wants Some!!,everybody-wants-some,amazon,,,646,5,65120,,,,R,,https://ravanna.vidangel.com/file/ravanna/5/9/movies-295699_0010_04_599af5889874f06d.jpg
690528,movie,Everything Everywhere All at Once,everything-everywhere-all-at-once,amazon,,,283,5,61119,,,,R,,https://ravanna.vidangel.com/file/ravanna/9/8/movies-545611_0010_07_988c6033281f9953.jpg
3548,movie,Evil Dead II,evil-dead-2,amazon,,,206,4,72603,,,,R,,https://ravanna.vidangel.com/file/ravanna/2/6/movies-765_0010_04_26bbf439460fa02b.jpg
681428,movie,Evil Eye,evil-eye,amazon-prime,,,98,4,44003,,,,R,,https://ravanna.vidangel.com/file/ravanna/3/4/movies-732713_0010_02_34e362d83fdd5f23.jpg
703972,movie,Evil Influencer: The Jodi Hildebrandt Story,evil-influencer-the-jodi-hildebrandt-story,netflix,,,51,4,74089,,,,TV-MA,,https://ravanna.vidangel.com/file/ravanna/f/9/movies-1591516_0010_01_f9b4349214afd3b7.jpg
1776,movie,Ex Machina,ex-machina,amazon,,,94,4,76398,,,,R,,https://ravanna.vidangel.com/file/ravanna/6/a/movies-264660_0010_07_6ad8af0e3a672f5b.jpg
696204,movie,EXmas,exmas,amazon-prime,,,123,5,59650,,,,PG-13,,https://ravanna.vidangel.com/file/ravanna/gen/i/x/movie-1192745_20231120_ixHT211erRJ0Mszl.jpg
696505,movie,Expend4bles,expend4bles,amazon,,,474,4,75090,,,,R,,https://ravanna.vidangel.com/file/ravanna/gen/j/T/movie-299054_20231227_jTgVkOcI843NITkP.jpg
3461,movie,Experimenter,experimenter,amazon,,,30,4,53885,,,,PG-13,,https://ravanna.vidangel.com/file/ravanna/7/1/movies-309299_0010_01_7129582a399e38c1.jpg
701526,movie,Exterritorial,exterritorial,netflix,,,132,4,71346,,,,R,,https://ravanna.vidangel.com/file/ravanna/gen/4/s/movie-1233069_20250503_4str3ew31hzA6VQL.jpg
669503,movie,Extinction,extinction,netflix,,,120,2,33556,,,,TV-MA,,https://ravanna.vidangel.com/file/ravanna/4/1/movies-429415_0010_02_41728bd590414f3b.jpg
678931,movie,Extraction,extraction-06e2d,netflix,,,262,5,52605,,,,R,,https://ravanna.vidangel.com/file/ravanna/9/8/movies-545609_0010_02_9881abdc2f93fcc0.jpg
694511,movie,Extraction 2,extraction-2,netflix,,,196,3,56789,,,,R,,https://ravanna.vidangel.com/file/ravanna/gen/U/D/movie-697843_20230616_UDw1xEALUW3igtzx.jpg
673248,movie,"Extremely Wicked, Shockingly Evil and Vile",extremely-wicked-shockingly-evil-and-vile,netflix,,,81,4,37780,,,,R,,https://ravanna.vidangel.com/file/ravanna/9/4/movies-457799_0010_09_94365d3c5aec7f7c.jpg
702598,movie,F1,f1,amazon,,,133,5,75142,,,,PG-13,,https://ravanna.vidangel.com/file/ravanna/gen/r/s/movie-911430_20250822_rsgYTzid5TapX0WK.jpg
3290,movie,Facing the Giants,facing-the-giants,amazon,,,10,2,74219,,,,PG,,https://ravanna.vidangel.com/file/ravanna/c/5/movies-18925_0010_02_c5a74d5fad918b45.jpg
660069,movie,Failure to Launch,failure-to-launch,amazon,,,188,5,41673,,,,PG-13,,https://ravanna.vidangel.com/file/ravanna/2/2/movies-6877_0010_01_22e28b9666a9efce.jpg
695575,movie,Fair Play,fair-play,netflix,,,406,4,58674,,,,R,,https://ravanna.vidangel.com/file/ravanna/gen/s/I/movie-910571_20231006_sIGVaxmy7vxxr5yn.jpg
677966,movie,"Faith, Hope & Love",faith-hope-love,amazon-prime,,,127,5,55401,,,,PG,,https://ravanna.vidangel.com/file/ravanna/8/a/movies-581998_0010_02_8abb54814e05a595.jpg
694160,movie,Faithfully Yours,faithfully-yours,netflix,,,89,5,56373,,,,TV-MA,,https://ravanna.vidangel.com/file/ravanna/a/c/movies-1030613_0010_03_ac3bf360a094646b.jpg
661375,movie,Falcon Rising,falcon-rising,amazon-prime,,,158,5,41285,,,,R,,https://ravanna.vidangel.com/file/ravanna/6/1/movies-270938_0010_02_61584dfea6925f4c.jpg
693668,movie,Fall,fall,netflix,,,347,5,74988,,,,PG-13,,https://ravanna.vidangel.com/file/ravanna/gen/o/o/movie-985939_20230403_oo7hjMIwBSxbRI6U.jpg
692228,movie,Falling for Christmas,falling-for-christmas,netflix,,,72,4,53635,,,,TV-PG,,https://ravanna.vidangel.com/file/ravanna/gen/O/F/movie-833097_20221110_OFnex7zld6u0xYur.jpg
675073,movie,Falling Inn Love,falling-inn-love,netflix,,,49,5,39281,,,,PG,,https://ravanna.vidangel.com/file/ravanna/4/1/movies-623195_0010_01_4105e3fd86e67c2f.jpg
699543,movie,Family Pack,family-pack,netflix,,,77,4,65814,,,,PG-13,,https://ravanna.vidangel.com/file/ravanna/gen/l/4/movie-1091181_20241023_l4oiwunAUO4pNqWI.jpg
696276,movie,Family Switch,family-switch,netflix,,,133,5,59922,,,,PG,,https://ravanna.vidangel.com/file/ravanna/2/b/movies-798021_0010_01_2b00103242bf673e.jpg
698273,movie,Fancy Dance,fancy-dance,appletv,,,106,4,63341,,,,R,,https://ravanna.vidangel.com/file/ravanna/gen/u/e/movie-1058617_20240628_ueTjJTBSPIrh76Ii.jpg
677822,movie,Fantasy Island,fantasy-island-ce666,amazon,,,234,5,42162,,,,PG-13,,https://ravanna.vidangel.com/file/ravanna/f/4/movies-539537_0010_01_f45fe7579b69c2ee.jpg
2850,movie,Far and Away,far-and-away,amazon,,,307,5,53039,,,,PG-13,,https://ravanna.vidangel.com/file/ravanna/2/8/movies-11259_0010_08_286ad6c69f01c4d4.jpg
2086,movie,Fargo,fargo-1996,amazon,,,204,4,67146,,,,R,,https://ravanna.vidangel.com/file/ravanna/f/e/movies-275_0010_09_fe390edde23ddd6a.jpg
1284,movie,Fast & Furious,fast-furious,amazon,,,223,5,61947,,,,PG-13,,https://ravanna.vidangel.com/file/ravanna/0/4/movies-13804_0010_01_04556edf49f3f48c.jpg
1296,movie,Fast & Furious 6,fast-furious-6,amazon,,,224,5,66119,,,,PG-13,,https://ravanna.vidangel.com/file/ravanna/5/2/movies-82992_0010_01_5235f8363988a774.jpg
674626,movie,Fast & Furious Presents: Hobbs & Shaw,fast-furious-presents-hobbs-shaw,amazon,,,235,5,71486,,,,PG-13,,https://ravanna.vidangel.com/file/ravanna/3/a/movies-384018_0010_02_3ab9aa6a740c179a.jpg
2238,movie,Fast Times at Ridgemont High,fast-times-at-ridgemont-high,amazon-prime,,,224,5,64758,,,,R,,https://ravanna.vidangel.com/file/ravanna/a/d/movies-13342_0010_08_ad5a2d9d37ecc782.jpg
672020,movie,Fast X,fast-furious-10,peacock,,,236,5,60606,,,,PG-13,,https://ravanna.vidangel.com/file/ravanna/1/8/movies-385687_0010_01_18a490835d55637a.jpg
662183,movie,Faster,faster,paramount,,,154,5,69567,,,,R,,https://ravanna.vidangel.com/file/ravanna/9/a/movies-41283_0010_01_9aa8c9a6d77b6b32.jpg
680311,movie,Fatal Affair,fatal-affair,netflix,,,153,5,42954,,,,TV-14,,https://ravanna.vidangel.com/file/ravanna/b/7/movies-714375_0010_01_b7e9c690028235c3.jpg
3609,movie,Fatal Attraction,fatal-attraction,amazon,,,212,4,56914,,,,R,,https://ravanna.vidangel.com/file/ravanna/e/7/movies-10998_0010_01_e702c415d8e1096f.jpg
669251,movie,Father of the Year,father-of-the-year,netflix,,,407,5,32960,,,,TV-14,,https://ravanna.vidangel.com/file/ravanna/1/9/movies-531949_0010_01_1905a2309c2a5af2.jpg
679883,movie,Father Soldier Son,father-soldier-son,netflix,,,66,3,42979,,,,R,,https://ravanna.vidangel.com/file/ravanna/6/d/movies-695476_0010_01_6d039c642d8ad8a0.jpg
691697,movie,Father Stu,father-stu,amazon-prime,,,244,4,61967,,,,R,,https://ravanna.vidangel.com/file/ravanna/f/7/movies-809140_0010_03_f761d1a6768d1393.jpg
683757,movie,Fatherhood,fatherhood,netflix,,,115,5,60799,,,,PG-13,,https://ravanna.vidangel.com/file/ravanna/6/c/movies-607259_0010_02_6cb9bd9b88c5ea35.jpg
682962,movie,Fatman,fatman,amazon,,,98,5,75608,,,,R,,https://ravanna.vidangel.com/file/ravanna/3/d/movies-602211_0010_02_3de3d74d2a401d6f.jpg
664329,movie,Fear,fear,amazon,,,239,5,66860,,,,R,,https://ravanna.vidangel.com/file/ravanna/9/e/movies-10543_0010_06_9e4859ff7701fdd7.jpg
3961,movie,Fear and Desire,fear-and-desire,amazon,,,55,4,51639,,,,PG-13,,https://ravanna.vidangel.com/file/ravanna/a/6/movies-10165_0010_09_a65252d42d2a26d1.jpg
683916,movie,Fear Street Part One: 1994,fear-street-part-one-1994,netflix,,,364,5,47347,,,,R,,https://ravanna.vidangel.com/file/ravanna/9/4/movies-591273_0010_02_944576d8938f127a.jpg
683955,movie,Fear Street Part Two: 1978,fear-street-part-two-1978,netflix,,,414,5,47371,,,,R,,https://ravanna.vidangel.com/file/ravanna/0/1/movies-591274_0010_01_011e6fd41bf90c57.jpg
684051,movie,Fear Street: 1666,fear-street-1666,netflix,,,284,5,47391,,,,R,,https://ravanna.vidangel.com/file/ravanna/f/b/movies-591275_0010_01_fbb87eb71736232f.jpg
701778,movie,Fear Street: Prom Queen,fear-street-prom-queen,netflix,,,322,5,69537,,,,R,,https://ravanna.vidangel.com/file/ravanna/gen/L/r/movie-1001414_20250526_LrMTrMmujg6qRWjq.jpg
706421,movie,Feel My Voice,feel-my-voice,netflix,,,177,5,75952,,,,TV-MA,,https://ravanna.vidangel.com/file/ravanna/gen/U/V/movie-1620551_20260403_UVh46z1TXONZOUXW.jpg
205463,movie,Fences,fences,amazon,,,166,4,58122,,,,PG-13,,https://ravanna.vidangel.com/file/ravanna/1/a/movies-393457_0010_04_1a65a30c4a4000f8.jpg
697842,movie,Ferrari,ferrari,amazon,,,81,4,63012,,,,R,,https://ravanna.vidangel.com/file/ravanna/gen/n/8/movie-365620_20240520_n8KhcK2N0P1VTOsO.jpg
2033,movie,Ferris Bueller's Day Off,ferris-buellers-day-off,amazon,,,198,5,76731,,,,PG-13,,https://ravanna.vidangel.com/file/ravanna/e/0/movies-9377_0010_04_e0174a2c72f702b0.jpg
683475,movie,Ferry,ferry,netflix,,,220,5,47045,,,,NR,,https://ravanna.vidangel.com/file/ravanna/5/4/movies-717192_0010_03_547a0fb7db3da4e3.jpg
700146,movie,Ferry 2,ferry-2,netflix,,,259,4,66856,,,,R,,https://ravanna.vidangel.com/file/ravanna/b/6/movies-1276945_0010_02_b6745f66ca1e81bf.jpg
661039,movie,Fifty Shades Darker,fifty-shades-darker,netflix,,,298,4,68012,,,,R,,https://ravanna.vidangel.com/file/ravanna/2/4/movies-341174_0010_09_24ee6ca18682f0db.jpg
660953,movie,Fifty Shades Freed,fifty-shades-freed,netflix,,,301,4,68013,,,,R,,https://ravanna.vidangel.com/file/ravanna/2/a/movies-337167_0010_05_2a793b8c6c673c01.jpg
1736,movie,Fifty Shades of Grey,fifty-shades-of-grey,netflix,,,196,4,69667,,,,R,,https://ravanna.vidangel.com/file/ravanna/7/b/movies-216015_0010_0b_7b287740c562d9f2.jpg
207692,movie,Film Stars Don't Die in Liverpool,film-stars-dont-die-in-liverpool,amazon,,,139,4,35910,,,,R,,https://ravanna.vidangel.com/file/ravanna/0/4/movies-398174_0010_03_04f14672175e1576.jpg
669289,movie,Final Portrait,final-portrait,amazon,,,109,4,33079,,,,R,,https://ravanna.vidangel.com/file/ravanna/6/e/movies-345317_0010_06_6e081fc6f937a464.jpg
669843,movie,Final Score,final-score,amazon,,,243,4,65298,,,,R,,https://ravanna.vidangel.com/file/ravanna/9/0/movies-421658_0010_02_90d2ae27e2c40fb0.jpg
685419,movie,Finch,finch,appletv,,,51,4,61469,,,,PG-13,,https://ravanna.vidangel.com/file/ravanna/gen/w/O/20230405_wOMW8pJGgJ2WnTn0.jpg
698467,movie,Find Me Falling,find-me-falling,netflix,,,137,5,63774,,,,TV-14,,https://ravanna.vidangel.com/file/ravanna/a/a/movies-1255350_0010_01_aad004cf9ffd049e.jpg
703414,movie,Finding Christmas,finding-christmas,amazon-channels-hallmark,,,29,4,73488,,,,TV-G,,https://ravanna.vidangel.com/file/ravanna/gen/V/G/movie-249057_20251117_VG7vKEL0RxUC3ltV.jpg
669123,movie,Finding Your Feet,finding-your-feet,amazon,,,112,5,32617,,,,PG-13,,https://ravanna.vidangel.com/file/ravanna/0/f/movies-426030_0010_04_0fbc691d25c6e173.jpg
696408,movie,Finestkind,finestkind,amazon-channels-paramount,,,376,5,60101,,,,R,,https://ravanna.vidangel.com/file/ravanna/d/8/movies-507532_0010_01_d8a1d57dd4b26a17.jpg
695931,movie,Fingernails,fingernails,appletv,,,71,4,59262,,,,R,,https://ravanna.vidangel.com/file/ravanna/0/7/movies-790459_0010_02_07698ac8f3e8c509.jpg
668186,movie,First Reformed,first-reformed,amazon,,,36,3,32614,,,,R,,https://ravanna.vidangel.com/file/ravanna/f/5/movies-458737_0010_01_f53e9b16b033a6d2.jpg
661037,movie,First They Killed My Father,first-they-killed-my-father,netflix,,,85,4,39105,,,,TV-MA,,https://ravanna.vidangel.com/file/ravanna/6/a/movies-433247_0010_01_6abdbe2dc86c1616.jpg
687525,movie,Fistful of Vengeance,fistful-of-vengeance,netflix,,,375,4,51408,,,,TV-MA,,https://ravanna.vidangel.com/file/ravanna/d/c/movies-890656_0010_03_dc4794e06f6ced2c.jpg
671727,movie,Five Feet Apart,five-feet-apart,amazon,,,126,5,47693,,,,PG-13,,https://ravanna.vidangel.com/file/ravanna/7/e/movies-527641_0010_0a_7e682bfdd5177b7a.jpg
696194,movie,Five Nights at Freddy's,five-nights-at-freddys,amazon,,,62,3,61355,,,,PG-13,,https://ravanna.vidangel.com/file/ravanna/gen/r/R/movie-507089_20231117_rRNOLUShPGQHG7pI.jpg
706732,movie,Five Nights at Freddy's 2,five-nights-at-freddys-2-b6f60,peacock,,,70,4,76138,,,,PG-13,,https://ravanna.vidangel.com/file/ravanna/3/f/movies-1228246_0010_01_3fc96105b45c57f6.jpg
208961,movie,Flatliners,flatliners-2017,amazon,,,176,4,34926,,,,PG-13,,https://ravanna.vidangel.com/file/ravanna/9/7/movies-400710_0010_01_979f3926e35d55b6.jpg
2732,movie,Fletch,fletch,amazon,,,109,5,55818,,,,PG,,https://ravanna.vidangel.com/file/ravanna/0/e/movies-9749_0010_02_0ef64c920e069984.jpg
3646,movie,Fletch Lives,fletch-lives,amazon,,,255,5,65815,,,,PG,,https://ravanna.vidangel.com/file/ravanna/e/5/movies-14628_0010_01_e55823cab65cf852.jpg
1323,movie,Flight,flight,amazon,,,228,5,56140,,,,R,,https://ravanna.vidangel.com/file/ravanna/b/3/movies-87502_0010_01_b3a81d75dc63cb1a.jpg
700852,movie,Flight Risk,flight-risk,amazon,,,252,4,68836,,,,R,,https://ravanna.vidangel.com/file/ravanna/gen/Z/z/movie-1126166_20250305_ZztsSm2u7Ibxpjrz.jpg
703170,movie,Flipping for Christmas,flipping-for-christmas,amazon-channels-hallmark,,,3,1,73071,,,,TV-14,,https://ravanna.vidangel.com/file/ravanna/gen/y/F/movie-1180394_20251028_yFrexerVqtMo6351.jpg
695512,movie,Flora and Son,flora-and-son,appletv,,,277,5,58700,,,,R,,https://ravanna.vidangel.com/file/ravanna/gen/Z/s/movie-1059811_20230929_ZsrWi0dgfa21Kxfz.jpg
699977,movie,Fly Me to the Moon,fly-me-to-the-moon-1df6d,appletv,,,74,5,68881,,,,PG-13,,https://ravanna.vidangel.com/file/ravanna/gen/S/T/movie-956842_20241206_STEyH9kNCU4WTPCM.jpg
696572,movie,Foe,foe,amazon-prime,,,206,5,62301,,,,R,,https://ravanna.vidangel.com/file/ravanna/5/5/movies-760245_0010_01_55856a4c94ce0cae.jpg
3547,movie,Fools Rush In,fools-rush-in-1997,amazon,,,130,5,70076,,,,PG-13,,https://ravanna.vidangel.com/file/ravanna/9/3/movies-1968_0010_01_939040e93ecbd08f.jpg
2081,movie,Footloose,footloose,amazon,,,208,5,47600,,,,PG-13,,https://ravanna.vidangel.com/file/ravanna/3/7/movies-68817_0010_03_3763fba47818a947.jpg
2187,movie,Footloose,footloose-2,amazon,,,169,5,47836,,,,PG,,https://ravanna.vidangel.com/file/ravanna/3/7/movies-1788_0010_07_3751b1d0455ec0a0.jpg
680008,movie,Force of Nature,force-of-nature,amazon,,,242,5,58561,,,,R,,https://ravanna.vidangel.com/file/ravanna/3/f/movies-619592_0010_01_3f62f44f74a03784.jpg
217185,movie,Forever My Girl,forever-my-girl,amazon,,,98,5,56631,,,,PG,,https://ravanna.vidangel.com/file/ravanna/d/e/movies-417261_0010_01_de4f3453d3c536c1.jpg
2800,movie,Forgetting Sarah Marshall,forgetting-sarah-marshall-theatrical,amazon,,,350,4,47781,,,,R,,https://ravanna.vidangel.com/file/ravanna/e/2/movies-9870_0010_02_e2db49ef848ff364.jpg
1311,movie,Forrest Gump,forrest-gump,paramount,,,250,5,74184,,,,PG-13,,https://ravanna.vidangel.com/file/ravanna/d/c/movies-13_0010_01_dc5563dcf6cc8f80.jpg
701766,movie,Fountain of Youth,fountain-of-youth,appletv,,,116,5,69498,,,,PG-13,,https://ravanna.vidangel.com/file/ravanna/gen/U/G/movie-1098006_20250523_UGHh6kh5LF6oUSkR.jpg
2155,movie,Four Brothers,four-brothers,amazon,,,490,5,74125,,,,R,,https://ravanna.vidangel.com/file/ravanna/5/7/movies-8292_0010_04_571a31268ccece0d.jpg
3213,movie,Four Weddings and a Funeral,four-weddings-and-a-funeral,amazon,,,171,5,60041,,,,R,,https://ravanna.vidangel.com/file/ravanna/1/c/movies-712_0010_01_1c1242c6e2699e27.jpg
676049,movie,Fractured,fractured-77dc8,netflix,,,109,5,39600,,,,TV-MA,,https://ravanna.vidangel.com/file/ravanna/7/a/movies-568091_0010_01_7ae1d255dd0dccad.jpg
3567,movie,Frailty,frailty,amazon,,,82,4,43236,,,,R,,https://ravanna.vidangel.com/file/ravanna/6/3/movies-12149_0010_0a_639b62e17e55929c.jpg
703273,movie,Frankenstein,frankenstein-d0ea6,netflix,,,263,4,73219,,,,R,,https://ravanna.vidangel.com/file/ravanna/e/7/movies-1062722_0010_03_e7a0f75c285ce99d.jpg
675972,movie,Freaks,freaks-b7e29,amazon,,,132,2,50163,,,,R,,https://ravanna.vidangel.com/file/ravanna/b/c/movies-539892_0010_01_bc9f054b90218dc0.jpg
173909,movie,Free Fire,free-fire,netflix,,,555,5,39956,,,,R,,https://ravanna.vidangel.com/file/ravanna/2/3/movies-334521_0010_02_23c8f8b003cc11df.jpg
3677,movie,Free State of Jones,free-state-of-jones,amazon,,,91,4,65963,,,,R,,https://ravanna.vidangel.com/file/ravanna/9/a/movies-316152_0010_02_9aed104f6352999e.jpg
2246,movie,Freedom Writers,freedom-writers,amazon,,,140,5,57915,,,,PG-13,,https://ravanna.vidangel.com/file/ravanna/1/9/movies-1646_0010_01_19a52622149f9d25.jpg
697002,movie,Freelance,freelance,netflix,,,175,4,70870,,,,R,,https://ravanna.vidangel.com/file/ravanna/gen/6/4/movie-897087_20240226_64g7tujRoUSK8UCK.jpg
2362,movie,Freetown,freetown,amazon,,,15,4,55225,,,,PG-13,,https://ravanna.vidangel.com/file/ravanna/3/5/movies-305044_0010_01_352f2f7f0e8682b3.jpg
698785,movie,French Girl,french-girl,amazon,,,226,5,64726,,,,R,,https://ravanna.vidangel.com/file/ravanna/gen/4/o/movie-1024452_20240828_4oSjwrstBjNVf8RJ.jpg
3451,movie,Friday Night Lights,friday-night-lights,amazon-channels-starz,,,145,5,71707,,,,PG-13,,https://ravanna.vidangel.com/file/ravanna/3/c/movies-13416_0010_05_3c6e774cab26cca1.jpg
1105,movie,Friday the 13th,friday-the-13th,amazon-channels-paramount,,,138,5,54278,,,,R,,https://ravanna.vidangel.com/file/ravanna/5/e/movies-4488_0010_03_5e46d0712e8932e4.jpg
3232,movie,Friday the 13th - Part II,friday-the-13th-part-ii,amazon,,,157,4,59953,,,,R,,https://ravanna.vidangel.com/file/ravanna/2/f/movies-9725_0010_03_2f243c04b8afa357.jpg
8731,movie,Friday the 13th Part III,friday-the-13th-part-iii,amazon,,,216,5,60586,,,,R,,https://ravanna.vidangel.com/file/ravanna/7/a/movies-9728_0010_07_7a0e7e7e07645d38.jpg
2975,movie,Fried Green Tomatoes,fried-green-tomatoes,amazon,,,190,5,66506,,,,PG-13,,https://ravanna.vidangel.com/file/ravanna/a/a/movies-1633_0010_03_aa5071c56a001aff.jpg
662034,movie,Friends with Kids,friends-with-kids,amazon,,,284,4,42359,,,,R,,https://ravanna.vidangel.com/file/ravanna/6/3/movies-80038_0010_01_6329573507e4d6cd.jpg
3901,movie,Fright Night,fright-night,amazon,,,431,5,54150,,,,R,,https://ravanna.vidangel.com/file/ravanna/5/2/movies-58151_0010_01_52ff1b2cb8c56589.jpg
662365,movie,From Paris with Love,from-paris-with-love,amazon,,,248,5,40343,,,,R,,https://ravanna.vidangel.com/file/ravanna/7/5/movies-26389_0010_03_75d97bd8eb64e6df.jpg
1377,movie,Fun with Dick and Jane,fun-with-dick-and-jane,amazon,,,132,5,54476,,,,PG-13,,https://ravanna.vidangel.com/file/ravanna/d/e/movies-7552_0010_01_de01be41864c7490.jpg
662504,movie,Funny People,funny-people,amazon,,,479,5,56621,,,,R,,https://ravanna.vidangel.com/file/ravanna/0/3/movies-20829_0010_01_034128ea8c24bf94.jpg
1634,movie,Fury,fury,amazon,,,445,4,60796,,,,R,,https://ravanna.vidangel.com/file/ravanna/a/d/movies-228150_0010_01_ad9c9720885f25e3.jpg
1283,movie,G.I. Joe: Retaliation,g-i-joe-retaliation,amazon,,,155,4,56166,,,,PG-13,,https://ravanna.vidangel.com/file/ravanna/0/7/movies-72559_0010_04_07ad81487f86192a.jpg
3062,movie,G.I. Joe: The Rise of Cobra,g-i-joe-the-rise-of-cobra,amazon,,,303,4,59963,,,,PG-13,,https://ravanna.vidangel.com/file/ravanna/5/d/movies-14869_0010_01_5d702fe8141fada4.jpg
701250,movie,G20,g20,amazon-prime,,,181,4,68854,,,,R,,https://ravanna.vidangel.com/file/ravanna/3/5/movies-1045938_0010_04_35783502c2e84f35.jpg
637257,movie,Gaga: Five Foot Two,gaga-five-foot-two,netflix,,,170,4,31590,,,,TV-MA,,https://ravanna.vidangel.com/file/ravanna/4/1/movies-472424_0010_01_4125e3c5ab7ea5be.jpg
1784,movie,Galaxy Quest,galaxy-quest,amazon,,,193,5,76152,,,,PG,,https://ravanna.vidangel.com/file/ravanna/3/7/movies-926_0010_01_376cdec799ef35b8.jpg
670216,movie,Galveston,galveston,amazon,,,166,5,33243,,,,NR,,https://ravanna.vidangel.com/file/ravanna/8/c/movies-283601_0010_03_8c5e6e809c773fa8.jpg
654386,movie,"Game Over, Man!",game-over-man,netflix,,,718,5,35415,,,,TV-MA,,https://ravanna.vidangel.com/file/ravanna/d/4/movies-456750_0010_02_d4f86bacbec66da5.jpg
3717,movie,Gamer,gamer,amazon,,,416,5,54564,,,,R,,https://ravanna.vidangel.com/file/ravanna/d/a/movies-18501_0010_01_da76d7ae4abc520e.jpg
1464,movie,Gattaca,gattaca,amazon,,,120,5,63071,,,,PG-13,,https://ravanna.vidangel.com/file/ravanna/9/6/movies-782_0010_02_9690bd65b986dd5b.jpg
675814,movie,Gemini Man,gemini-man,amazon,,,180,5,40745,,,,PG-13,,https://ravanna.vidangel.com/file/ravanna/6/f/movies-453405_0010_04_6fa0d1f99e70208b.jpg
696238,movie,Genie,genie,peacock,,,71,5,59628,,,,PG,,https://ravanna.vidangel.com/file/ravanna/gen/9/C/movie-1189198_20231122_9Cvj2hm1Yc8sMiNT.jpg
680903,movie,Get Duked!,get-duked,amazon-prime,,,318,5,43435,,,,R,,https://ravanna.vidangel.com/file/ravanna/c/3/movies-580629_0010_01_c39b596b79dab0ee.jpg
1620,movie,Get on Up,get-on-up,amazon,,,157,5,74178,,,,PG-13,,https://ravanna.vidangel.com/file/ravanna/7/0/movies-239566_0010_01_70219a79f55e489c.jpg
218209,movie,Get Out,get-out,amazon,,,228,4,69562,,,,R,,https://ravanna.vidangel.com/file/ravanna/5/c/movies-419430_0010_03_5c75cb54d26f8ce3.jpg
7999,movie,Get Shorty,get-shorty,amazon,,,284,4,52538,,,,R,,https://ravanna.vidangel.com/file/ravanna/5/5/movies-8012_0010_07_55357ff85c57dbd3.jpg
661904,movie,Get the Gringo,get-the-gringo,amazon-prime,,,289,5,40092,,,,R,,https://ravanna.vidangel.com/file/ravanna/5/4/movies-80389_0010_02_540a0f21deee684c.jpg
1247,movie,Ghost,ghost,amazon,,,163,4,54728,,,,PG-13,,https://ravanna.vidangel.com/file/ravanna/8/5/movies-251_0010_06_85c9a2aed6da6485.jpg
3773,movie,Ghost in the Shell,ghost-in-the-shell,amazon,,,132,5,55928,,,,PG-13,,https://ravanna.vidangel.com/file/ravanna/1/3/movies-9323_0010_05_13e6edcfcb779cb0.jpg
2860,movie,Ghost Town,ghost-town,amazon,,,137,5,56925,,,,PG-13,,https://ravanna.vidangel.com/file/ravanna/a/6/movies-12797_0010_02_a64998cecf00af88.jpg
698312,movie,Ghostbusters: Frozen Empire,ghostbusters-frozen-empire,amazon,,,141,5,63779,,,,PG-13,,https://ravanna.vidangel.com/file/ravanna/gen/M/V/movie-967847_20240701_MVYB5bJCzAlzIxWH.jpg
693868,movie,Ghosted,ghosted-999b5,appletv,,,293,5,56000,,,,PG-13,,https://ravanna.vidangel.com/file/ravanna/gen/C/M/movie-868759_20230421_CMiGMGH4ga5w9PTJ.jpg
2403,movie,Gifted Hands: The Ben Carson Story,gifted-hands,amazon,,,81,4,60702,,,,TV-PG,,https://ravanna.vidangel.com/file/ravanna/8/6/movies-22683_0010_01_86b9df74c35033cf.jpg
659563,movie,Girl Most Likely,girl-most-likely,amazon,,,180,5,42580,,,,PG-13,,https://ravanna.vidangel.com/file/ravanna/f/0/movies-72890_0010_02_f0a4fc71f0e7042a.jpg
3711,movie,"Girl, Interrupted",girl-interrupted,amazon,,,323,5,52996,,,,R,,https://ravanna.vidangel.com/file/ravanna/d/9/movies-3558_0010_03_d9272643da8df76c.jpg
697435,movie,Girls State,girls-state,appletv,,,43,4,61962,,,,TV-14,,https://ravanna.vidangel.com/file/ravanna/gen/Z/s/movie-986355_20240405_ZsiPnN8VsUMu0RpM.jpg
1010,movie,Gladiator,gladiator,paramount,,,140,4,70308,,,,R,,https://ravanna.vidangel.com/file/ravanna/a/6/movies-98_0010_03_a68837b6e137d3d1.jpg
700192,movie,Gladiator II,gladiator-ii,paramount,,,222,5,71744,,,,R,,https://ravanna.vidangel.com/file/ravanna/gen/c/O/movie-558449_20241227_cOo1nVwAzi2yrdYv.jpg
692671,movie,Glass Onion: A Knives Out Mystery,glass-onion-a-knives-out-mystery,netflix,,,354,5,64850,,,,PG-13,,https://ravanna.vidangel.com/file/ravanna/gen/z/U/movie-661374_20221223_zU3ZyYs0SnNl8GDW.jpg
195397,movie,Gleason,gleason,amazon-prime,,,139,4,74099,,,,R,,https://ravanna.vidangel.com/file/ravanna/a/b/movies-373446_0010_02_abf0a70dd7adbfc5.jpg
673589,movie,Gloria Bell,gloria-bell,amazon,,,92,5,38043,,,,R,,https://ravanna.vidangel.com/file/ravanna/8/1/movies-491473_0010_01_815a99da9829eb51.jpg
2628,movie,Glory,glory,amazon,,,188,3,57775,,,,R,,https://ravanna.vidangel.com/file/ravanna/4/9/movies-9665_0010_01_49d9ce9cdb538d41.jpg
670517,movie,Gnome Alone,gnome-alone,netflix,,,119,5,33188,,,,PG,,https://ravanna.vidangel.com/file/ravanna/f/3/movies-466876_0010_01_f3b6bc67d4844bc8.jpg
706557,movie,GOAT,goat-e61df,netflix,,,116,5,76607,,,,PG,,https://ravanna.vidangel.com/file/ravanna/gen/l/d/movie-1297842_20260415_ldCwcGOgcEVGed9n.jpg
222563,movie,God's Own Country,gods-own-country,amazon-channels-amc,,,178,5,33687,,,,TV-MA,,https://ravanna.vidangel.com/file/ravanna/0/7/movies-428493_0010_02_07e21471da7ada89.jpg
1157,movie,Godzilla,godzilla-1998,amazon,,,112,5,53053,,,,PG-13,,https://ravanna.vidangel.com/file/ravanna/1/3/movies-929_0010_02_130e7b74c2e21da8.jpg
698599,movie,Godzilla Minus One,godzilla-minus-one,netflix,,,82,4,64082,,,,PG-13,,https://ravanna.vidangel.com/file/ravanna/gen/s/9/movie-940721_20240804_s9vFc5jVMSbFStOq.jpg
173912,movie,Gold,gold,netflix,,,282,4,31832,,,,R,,https://ravanna.vidangel.com/file/ravanna/d/9/movies-334524_0010_08_d9a0aa0c1b40671b.jpg
3270,movie,GoldenEye,goldeneye,amazon,,,206,5,73406,,,,PG-13,,https://ravanna.vidangel.com/file/ravanna/8/e/movies-710_0010_06_8ede5c7e8ac0d936.jpg
2861,movie,Goldfinger,goldfinger,amazon,,,236,5,36788,,,,PG,,https://ravanna.vidangel.com/file/ravanna/e/0/movies-658_0010_06_e0f9eb90f23154c3.jpg
659605,movie,Gone,gone-60ccc,amazon,,,68,5,41059,,,,PG-13,,https://ravanna.vidangel.com/file/ravanna/2/a/movies-79548_0010_03_2ae354e115c39303.jpg
675079,movie,Good Boys,good-boys,amazon,,,442,5,59976,,,,R,,https://ravanna.vidangel.com/file/ravanna/d/5/movies-521777_0010_01_d535cd86f720233a.jpg
668177,movie,Good Deeds,good-deeds,amazon,,,130,5,43066,,,,TV-MA,,https://ravanna.vidangel.com/file/ravanna/2/b/movies-62008_0010_01_2b488502a5d23d25.jpg
696567,movie,Good Grief,good-grief-f9d7c,netflix,,,149,4,60320,,,,R,,https://ravanna.vidangel.com/file/ravanna/f/a/movies-1036619_0010_01_fa4354bb8116c1d3.jpg
703213,movie,Good Morning Christmas!,good-morning-christmas,amazon,,,4,1,73140,,,,TV-14,,https://ravanna.vidangel.com/file/ravanna/gen/T/G/movie-746043_20251101_TGhD8spsgFcbgnyF.jpg
683818,movie,Good on Paper,good-on-paper,netflix,,,214,5,47105,,,,R,,https://ravanna.vidangel.com/file/ravanna/f/6/movies-823461_0010_02_f6d7768a3113f7af.jpg
673591,movie,Good Sam,good-sam,netflix,,,20,3,38042,,,,TV-PG,,https://ravanna.vidangel.com/file/ravanna/3/3/movies-602609_0010_01_33480c906c2455ea.jpg
222942,movie,Good Time,good-time,amazon,,,340,5,41756,,,,R,,https://ravanna.vidangel.com/file/ravanna/c/a/movies-429200_0010_05_ca9ecb0a15cdf8a0.jpg
2000,movie,Good Will Hunting,good-will-hunting,paramount,,,338,5,72650,,,,R,,https://ravanna.vidangel.com/file/ravanna/b/f/movies-489_0010_0e_bf854f4a4076f6f0.jpg
703927,movie,Goodbye June,goodbye-june,netflix,,,182,3,74030,,,,R,,https://ravanna.vidangel.com/file/ravanna/7/a/movies-1435092_0010_06_7a7d48dd065ba432.jpg
669994,movie,Goodland,goodland,amazon-prime,,,108,5,32592,,,,PG-13,,https://ravanna.vidangel.com/file/ravanna/5/7/movies-519335_0010_02_572e94c860f65b05.jpg
3433,movie,Goodnight Mommy,goodnight-mommy,amazon,,,147,3,54962,,,,R,,https://ravanna.vidangel.com/file/ravanna/1/9/movies-284303_0010_01_19997f79116bd778.jpg
691692,movie,Goodnight Mommy,goodnight-mommy-9bf44,amazon-prime,,,87,5,52698,,,,R,,https://ravanna.vidangel.com/file/ravanna/gen/K/r/movie-814800_20220916_KrqlcfAFucH1esA5.jpg
2512,movie,Goosebumps,goosebumps,netflix,,,132,5,53822,,,,PG,,https://ravanna.vidangel.com/file/ravanna/b/1/movies-257445_0010_05_b11ca7b05c871dea.jpg
670930,movie,Goosebumps 2: Haunted Halloween,goosebumps-2-haunted-halloween,netflix,,,114,4,37891,,,,PG,,https://ravanna.vidangel.com/file/ravanna/c/f/movies-442062_0010_02_cfc95cbe4a1e3bf1.jpg
665350,movie,Gorky Park,gorky-park,amazon,,,158,4,42525,,,,R,,https://ravanna.vidangel.com/file/ravanna/a/7/movies-8289_0010_01_a7d4bcd6081ba3cc.jpg
3440,movie,Gosford Park,gosford-park,amazon,,,105,4,60576,,,,R,,https://ravanna.vidangel.com/file/ravanna/0/9/movies-5279_0010_01_090e888c35b7a2c1.jpg
671980,movie,Gotti,gotti,amazon,,,253,4,39355,,,,R,,https://ravanna.vidangel.com/file/ravanna/0/7/movies-339103_0010_04_076444ed48238c49.jpg
696407,movie,Gran Turismo,gran-turismo,amazon,,,129,4,68778,,,,PG-13,,https://ravanna.vidangel.com/file/ravanna/gen/B/k/movie-980489_20231215_BkOaB7RhB8drX7Mp.jpg
676849,movie,Grand-Daddy Day Care,grand-daddy-day-care,amazon,,,57,4,40529,,,,PG-13,,https://ravanna.vidangel.com/file/ravanna/9/1/movies-577647_0010_01_91eebe2fe2f66daa.jpg
2451,movie,Grease,grease,amazon,,,209,5,43906,,,,PG,,https://ravanna.vidangel.com/file/ravanna/a/b/movies-621_0010_08_abcdb0fc52bad384.jpg
657817,movie,Greater,greater,amazon-prime,,,100,5,41928,,,,PG,,https://ravanna.vidangel.com/file/ravanna/7/c/movies-379441_0010_01_7c327b4ddc2d6262.jpg
671481,movie,Green Book,green-book,amazon,,,265,5,76361,,,,PG-13,,https://ravanna.vidangel.com/file/ravanna/5/9/movies-490132_0010_02_592a477b631fe808.jpg
1375,movie,Green Zone,green-zone,amazon,,,160,3,47559,,,,R,,https://ravanna.vidangel.com/file/ravanna/d/9/movies-22972_0010_02_d914b4b8a70fe1d3.jpg
680695,movie,Greenland,greenland,amazon,,,156,5,64333,,,,PG-13,,https://ravanna.vidangel.com/file/ravanna/b/7/movies-524047_0010_01_b70d5dde8506eea9.jpg
669108,movie,Greg Morton,greg-morton-i-started-out-as-a-baby,vidangel,,,9,2,32972,,,,NR,,https://content.vidangel.com/dry-bar-images/309-GregMorton-IStartedOutAsABaby-VidAngel.jpg
670229,movie,Greg Warren,greg-warren-fish-sandwich,vidangel,,,4,2,33268,,,,NR,,https://content.vidangel.com/dry-bar-images/GregWarren-FishSandwich-VidAngel.jpg
671791,movie,Greta,greta,amazon,,,85,4,37961,,,,R,,https://ravanna.vidangel.com/file/ravanna/c/c/movies-471506_0010_01_cc5f4731bee036f4.jpg
677651,movie,Gretel & Hansel,gretel-hansel,amazon-prime,,,55,5,42601,,,,PG-13,,https://ravanna.vidangel.com/file/ravanna/a/f/movies-542224_0010_05_afb73ed2aad9e2ee.jpg
679881,movie,Greyhound,greyhound,appletv,,,33,3,61461,,,,PG-13,,https://ravanna.vidangel.com/file/ravanna/7/c/movies-516486_0010_03_7c2937811b3bccf0.jpg
4046,movie,Gridiron Gang,gridiron-gang,amazon,,,235,4,39777,,,,PG-13,,https://ravanna.vidangel.com/file/ravanna/0/0/movies-9766_0010_05_000ea0a0a88a4d20.jpg
660944,movie,Gringo,gringo,amazon-prime,,,362,4,33913,,,,R,,https://ravanna.vidangel.com/file/ravanna/8/0/movies-340022_0010_01_802b2e259afb51d5.jpg
663279,movie,Grizzly Man,grizzly-man,amazon-prime,,,111,4,39783,,,,R,,https://ravanna.vidangel.com/file/ravanna/4/b/movies-501_0010_01_4b1f1ca5cff35c85.jpg
1505,movie,Groundhog Day,groundhog-day,amazon,,,71,5,56340,,,,PG,,https://ravanna.vidangel.com/file/ravanna/d/1/movies-137_0010_02_d13ae0241a79c841.jpg
1013,movie,Grown Ups,grown-ups,amazon,,,280,5,76500,,,,PG-13,,https://ravanna.vidangel.com/file/ravanna/b/3/movies-38365_0010_0e_b3cbd9d1348aa9f5.jpg
3018,movie,Grown Ups 2,grown-ups-2,amazon,,,338,5,70094,,,,PG-13,,https://ravanna.vidangel.com/file/ravanna/c/9/movies-109418_0010_01_c942bee47ff8c8a6.jpg
692513,movie,Guillermo del Toro's Pinocchio,guillermo-del-toros-pinocchio,netflix,,,105,3,54005,,,,PG,,https://ravanna.vidangel.com/file/ravanna/gen/X/D/movie-555604_20221209_XDOyWuEwa9mmxDMW.jpg
684050,movie,Gunpowder Milkshake,gunpowder-milkshake,netflix,,,173,4,47394,,,,R,,https://ravanna.vidangel.com/file/ravanna/8/8/movies-574060_0010_04_8874ab2d7c6291be.jpg
678542,movie,Guns Akimbo,guns-akimbo,amazon,,,660,5,42909,,,,R,,https://ravanna.vidangel.com/file/ravanna/1/8/movies-457335_0010_01_1895d08360e0ee58.jpg
703947,movie,Guns Up,guns-up,amazon,,,263,5,74117,,,,R,,https://ravanna.vidangel.com/file/ravanna/e/4/movies-1181540_0010_01_e4f0aa72e0650c3a.jpg
694564,movie,Guy Ritchie's The Covenant,guy-ritchies-the-covenant,amazon,,,185,3,73826,,,,R,,https://ravanna.vidangel.com/file/ravanna/gen/K/u/movie-882569_20230622_Ku4I2h8Ovjgp6rE2.jpg
4079,movie,Hacksaw Ridge,hacksaw-ridge,amazon,,,291,4,68714,,,,R,,https://ravanna.vidangel.com/file/ravanna/8/8/movies-324786_0010_02_880f160e7e471c15.jpg
3940,movie,Halloween,halloween-1978,amazon,,,138,5,53963,,,,R,,https://ravanna.vidangel.com/file/ravanna/f/c/movies-948_0010_0d_fce7a94dcef63c86.jpg
670971,movie,Halloween,halloween,amazon,,,218,5,65414,,,,R,,https://ravanna.vidangel.com/file/ravanna/4/d/movies-424139_0010_01_4d598ef903d2bbd6.jpg
693222,movie,Halloween Ends,halloween-ends,amazon,,,272,5,75669,,,,R,,https://ravanna.vidangel.com/file/ravanna/7/0/movies-616820_0010_09_7000970ef9557cdd.jpg
706122,movie,Hamnet,hamnet,peacock,,,95,5,75308,,,,PG-13,,https://ravanna.vidangel.com/file/ravanna/d/2/movies-858024_0010_01_d260672d92b7ed72.jpg
2661,movie,Hancock,hancock,amazon,,,205,5,68307,,,,PG-13,,https://ravanna.vidangel.com/file/ravanna/e/6/movies-8960_0010_01_e61160650192eb53.jpg
660964,movie,Hangman,hangman,amazon,,,210,4,63475,,,,R,,https://ravanna.vidangel.com/file/ravanna/d/f/movies-323368_0010_08_df9112047d5a85e4.jpg
1648,movie,Hanna,hanna,amazon,,,128,5,69294,,,,PG-13,,https://ravanna.vidangel.com/file/ravanna/2/9/movies-50456_0010_01_297e8204dfa80a5f.jpg
669000,movie,Hannah Gadsby: Nanette,hannah-gadsby-nanette,netflix,,,84,3,32379,,,,TV-MA,,https://ravanna.vidangel.com/file/ravanna/8/3/movies-529531_0010_01_833b7b0a8a4f288d.jpg
3735,movie,Hannibal Rising,hannibal-rising,amazon,,,163,5,55399,,,,R,,https://ravanna.vidangel.com/file/ravanna/d/0/movies-1248_0010_01_d0565736710e0fc2.jpg
1409,movie,Hansel & Gretel: Witch Hunters,hansel-and-gretel-witch-hunters,amazon,,,176,4,52755,,,,R,,https://ravanna.vidangel.com/file/ravanna/a/9/movies-60304_0010_08_a9a4e0e159142bb2.jpg
694793,movie,Happiness for Beginners,happiness-for-beginners,netflix,,,71,5,57557,,,,PG-13,,https://ravanna.vidangel.com/file/ravanna/gen/B/9/movie-881209_20230727_B9vIXYN5mvWyc35d.jpg
208126,movie,Happy End,happy-end,amazon,,,58,4,35894,,,,R,,https://ravanna.vidangel.com/file/ravanna/9/3/movies-399031_0010_05_9366f4927bd49509.jpg
2071,movie,Happy Gilmore,happy-gilmore,amazon,,,181,5,61869,,,,PG-13,,https://ravanna.vidangel.com/file/ravanna/7/5/movies-9614_0010_04_75b5a79ae3df9343.jpg
702286,movie,Happy Gilmore 2,happy-gilmore-2,netflix,,,307,5,70683,,,,PG-13,,https://ravanna.vidangel.com/file/ravanna/gen/G/W/movie-1263256_20250725_GW8L7sUGGYu9n6k4.jpg
3481,movie,Hardcore Henry,hardcore-henry,amazon-prime,,,440,5,35178,,,,R,,https://ravanna.vidangel.com/file/ravanna/4/6/movies-325348_0010_01_46a35828efe9cd6c.jpg
676313,movie,Harriet,harriet,amazon,,,113,5,59501,,,,PG-13,,https://ravanna.vidangel.com/file/ravanna/3/6/movies-506528_0010_03_36c8c318afe3c9f4.jpg
2954,movie,Harry and the Hendersons,harry-and-the-hendersons,amazon,,,138,5,53620,,,,PG,,https://ravanna.vidangel.com/file/ravanna/gen/B/s/20230405_BsPMV0Bwo18f9nT1.jpg
703210,movie,Haul Out the Holly,haul-out-the-holly,amazon,,,26,3,73138,,,,TV-G,,https://ravanna.vidangel.com/file/ravanna/gen/V/1/movie-1028556_20251031_V15xlB3lGlBnaWmH.jpg
683990,movie,Have You Ever Seen Fireflies?,have-you-ever-seen-fireflies,netflix,,,85,5,47430,,,,TV-14,,https://ravanna.vidangel.com/file/ravanna/e/f/movies-809236_0010_01_efac004ac4c15a03.jpg
701369,movie,Havoc,havoc-240e9,netflix,,,405,4,69180,,,,R,,https://ravanna.vidangel.com/file/ravanna/gen/A/q/movie-668489_20250424_AqKUcKIZCytnat4l.jpg
702106,movie,Heads of State,heads-of-state,amazon-prime,,,330,5,70628,,,,PG-13,,https://ravanna.vidangel.com/file/ravanna/gen/N/g/movie-749170_20250702_NgCPDLmblf7DVI1S.jpg
695012,movie,Heart of Stone,heart-of-stone,netflix,,,144,4,57832,,,,PG-13,,https://ravanna.vidangel.com/file/ravanna/gen/e/0/movie-724209_20230811_e0C3hm3GNraqA4rB.jpg
1181,movie,Heaven is for Real,heaven-is-for-real,amazon,,,48,4,75683,,,,PG,,https://ravanna.vidangel.com/file/ravanna/c/9/movies-236751_0010_01_c94e158ce75a1f03.jpg
2862,movie,Hector and the Search for Happiness,hector-and-the-search-for-happiness,amazon,,,119,4,50315,,,,R,,https://ravanna.vidangel.com/file/ravanna/a/6/movies-254375_0010_02_a6ec8d696851ee03.jpg
703176,movie,Hedda,hedda,amazon-prime,,,271,5,73067,,,,R,,https://ravanna.vidangel.com/file/ravanna/gen/D/X/movie-997113_20251029_DXcIrrlgH6cDkTdD.jpg
695514,movie,Heist 88,heist-88,amazon,,,109,4,64712,,,,TV-MA,,https://ravanna.vidangel.com/file/ravanna/gen/2/c/movie-1170944_20230929_2ccmQcqmFXtZ0WPF.jpg
3910,movie,Hell or High Water,hell-or-high-water,peacock,,,191,5,65991,,,,R,,https://ravanna.vidangel.com/file/ravanna/2/b/movies-338766_0010_01_2bdccea5f1411a84.jpg
671725,movie,Hellboy,hellboy-0d5fa,amazon,,,455,4,62644,,,,R,,https://ravanna.vidangel.com/file/ravanna/f/d/movies-456740_0010_01_fdd920e400accc6b.jpg
3244,movie,"Hello, My Name Is Doris",hello-my-name-is-doris,amazon,,,106,4,51039,,,,R,,https://ravanna.vidangel.com/file/ravanna/8/6/movies-320588_0010_01_86a6fa59007fe0e3.jpg
1572,movie,Hercules,hercules-2014,amazon,,,167,5,56146,,,,PG-13,,https://ravanna.vidangel.com/file/ravanna/2/3/movies-184315_0010_03_23c15a95b590c697.jpg
700505,movie,Here,here,netflix,,,147,5,67775,,,,PG-13,,https://ravanna.vidangel.com/file/ravanna/d/d/movies-940139_0010_03_dd111c574a7e2d94.jpg
1527,movie,Here Comes the Boom,here-comes-the-boom,amazon,,,91,5,52765,,,,PG,,https://ravanna.vidangel.com/file/ravanna/4/3/movies-87826_0010_03_43bda4c99ee53463.jpg
669587,movie,Hereditary,hereditary,amazon,,,215,5,67416,,,,R,,https://ravanna.vidangel.com/file/ravanna/c/d/movies-493922_0010_08_cdc6b8fdba7c1c0c.jpg
700271,movie,Heretic,heretic,amazon,,,61,4,68576,,,,R,,https://ravanna.vidangel.com/file/ravanna/gen/8/L/movie-1138194_20250106_8LzvGNxGjc7NCQc6.jpg
682288,movie,Herself,herself,amazon-prime,,,81,4,45071,,,,R,,https://ravanna.vidangel.com/file/ravanna/7/7/movies-653708_0010_01_77e574586464cf3a.jpg
635301,movie,Hickok,hickok,amazon-prime,,,132,4,34936,,,,R,,https://ravanna.vidangel.com/file/ravanna/c/f/movies-455675_0010_01_cfc502ad5536a198.jpg
694821,movie,Hidden Strike,hidden-strike,netflix,,,135,4,57656,,,,PG-13,,https://ravanna.vidangel.com/file/ravanna/gen/5/O/movie-457332_20230728_5OM7o4ndGmYbAQEt.jpg
671332,movie,High Flying Bird,high-flying-bird,netflix,,,107,3,36583,,,,TV-MA,,https://ravanna.vidangel.com/file/ravanna/4/3/movies-510498_0010_01_43848f950662a567.jpg
673200,movie,High Life,high-life,amazon,,,182,4,40469,,,,R,,https://ravanna.vidangel.com/file/ravanna/0/e/movies-376865_0010_01_0ed7b149c599308c.jpg
3973,movie,High Plains Drifter,high-plains-drifter,amazon,,,215,4,45492,,,,R,,https://ravanna.vidangel.com/file/ravanna/4/1/movies-11901_0010_01_41668b288cb20ec7.jpg
670217,movie,High Voltage,high-voltage-8f7fe,amazon,,,246,5,33246,,,,R,,https://ravanna.vidangel.com/file/ravanna/d/4/movies-550172_0010_01_d49a65762c282d9e.jpg
702695,movie,Highest 2 Lowest,highest-2-lowest,appletv,,,335,5,71872,,,,R,,https://ravanna.vidangel.com/file/ravanna/gen/X/k/movie-1242434_20250905_Xk91iiHaENfv6sxq.jpg
2926,movie,Highlander,highlander,amazon-prime,,,259,4,66489,,,,R,,https://ravanna.vidangel.com/file/ravanna/7/4/movies-8009_0010_01_747abfc1d5cc785f.jpg
681921,movie,Hillbilly Elegy,hillbilly-elegy,netflix,,,269,5,44659,,,,R,,https://ravanna.vidangel.com/file/ravanna/5/9/movies-592984_0010_02_59763ca0d4302426.jpg
703946,movie,HIM,him,netflix,,,509,5,76307,,,,R,,https://ravanna.vidangel.com/file/ravanna/4/b/movies-986097_0010_05_4b20ad1c4decebc3.jpg
681698,movie,His House,his-house,netflix,,,44,4,44792,,,,TV-14,,https://ravanna.vidangel.com/file/ravanna/4/7/movies-575774_0010_01_4795bbebb3c6af5c.jpg
696519,movie,His Only Son,his-only-son,amazon-prime,,,39,3,60219,,,,PG-13,,https://ravanna.vidangel.com/file/ravanna/gen/V/a/movie-761851_20231229_VaTdP1iTO0UCRLyO.jpg
699096,movie,His Three Daughters,his-three-daughters,netflix,,,155,4,65152,,,,R,,https://ravanna.vidangel.com/file/ravanna/gen/t/2/movie-1154762_20240920_t2frM3SZ8kH7F5zU.jpg
698061,movie,Hit Man,hit-man,netflix,,,263,4,62973,,,,R,,https://ravanna.vidangel.com/file/ravanna/f/2/movies-974635_0010_01_f2ce0179afc968c0.jpg
1030,movie,Hitch,hitch,amazon,,,138,5,41377,,,,PG-13,,https://ravanna.vidangel.com/file/ravanna/4/f/movies-8488_0010_06_4fbe869735cfb773.jpg
689958,movie,Hitman's Wife's Bodyguard,hitmans-wifes-bodyguard,amazon,,,476,4,72015,,,,R,,https://ravanna.vidangel.com/file/ravanna/7/1/movies-522931_0010_04_71ccaf7bd434ef5c.jpg
669926,movie,Hold the Dark,hold-the-dark,netflix,,,177,5,32364,,,,TV-MA,,https://ravanna.vidangel.com/file/ravanna/6/3/movies-395841_0010_01_633116ffbd36e087.jpg
681611,movie,Holidate,holidate,netflix,,,331,5,49259,,,,TV-MA,,https://ravanna.vidangel.com/file/ravanna/c/b/movies-615665_0010_05_cb93463a3ef3231e.jpg
676252,movie,Holiday in the Wild,holiday-in-the-wild,netflix,,,54,5,39839,,,,TV-PG,,https://ravanna.vidangel.com/file/ravanna/d/3/movies-531438_0010_01_d3b174ce2e4134a6.jpg
2408,movie,Holiday Inn,holiday-inn,amazon,,,62,5,66311,,,,NR,,https://ravanna.vidangel.com/file/ravanna/7/3/movies-13485_0010_03_736f50240f85bf4e.jpg
703508,movie,Holiday Touchdown: A Bills Love Story,holiday-touchdown-a-bills-love-story,amazon-channels-hallmark,,,11,2,73528,,,,TV-14,,https://ravanna.vidangel.com/file/ravanna/a/3/movies-1485002_0010_02_a3e53099fd6172fd.jpg
703507,movie,Holiday Touchdown: A Chiefs Love Story,holiday-touchdown-a-chiefs-love-story,amazon-channels-hallmark,,,26,3,73534,,,,TV-14,,https://ravanna.vidangel.com/file/ravanna/gen/R/e/movie-1319443_20251125_ReMWx4OcW7iVbTvb.jpg
701113,movie,Holland,holland,amazon-prime,,,101,4,68646,,,,R,,https://ravanna.vidangel.com/file/ravanna/gen/e/j/movie-257094_20250327_ejrRFRsUKCI5DUZe.jpg
663908,movie,Hollow Man,hollow-man,amazon,,,401,4,50164,,,,R,,https://ravanna.vidangel.com/file/ravanna/d/1/movies-9383_0010_02_d103ef8b1c96e5fe.jpg
671767,movie,Holmes & Watson,holmes-watson,amazon,,,204,5,37269,,,,PG-13,,https://ravanna.vidangel.com/file/ravanna/7/2/movies-426563_0010_05_72e3ad19cc331b12.jpg
222284,movie,Home Again,home-again-2017,amazon,,,92,5,76150,,,,PG-13,,https://ravanna.vidangel.com/file/ravanna/3/d/movies-427900_0010_06_3d24539d2facf506.jpg
2297,movie,Home for the Holidays,home-for-the-holidays,amazon,,,234,5,59808,,,,PG-13,,https://ravanna.vidangel.com/file/ravanna/a/a/movies-9089_0010_01_aa66c039ff10d015.jpg
686837,movie,Home Team,home-team,netflix,,,112,5,52522,,,,PG,,https://ravanna.vidangel.com/file/ravanna/2/3/movies-817648_0010_01_23acf312c76d10c5.jpg
1056,movie,Homefront,homefront,amazon,,,321,5,75681,,,,R,,https://ravanna.vidangel.com/file/ravanna/c/3/movies-204082_0010_02_c34b7ebe16e6bb3d.jpg
700549,movie,Homestead,homestead,amazon,,,35,4,71871,,,,PG-13,,https://ravanna.vidangel.com/file/ravanna/5/a/movies-1217690_0010_01_5ac99bd2da8356be.jpg
681001,movie,Honest Thief,honest-thief,amazon-prime,,,62,4,73955,,,,PG-13,,https://ravanna.vidangel.com/file/ravanna/d/a/movies-553604_0010_01_dacb87fcf6042525.jpg
677012,movie,Honey Boy,honey-boy,amazon-prime,,,433,5,41020,,,,R,,https://ravanna.vidangel.com/file/ravanna/1/8/movies-512263_0010_01_18b0c9ee45717251.jpg
705806,movie,Honey Don't!,honey-dont-fd536,netflix,,,228,4,74797,,,,R,,https://ravanna.vidangel.com/file/ravanna/8/6/movies-1149504_0010_05_866dec5ea3dae71f.jpg
700764,movie,Honeymoon Crasher,honeymoon-crasher,netflix,,,229,5,68165,,,,R,,https://ravanna.vidangel.com/file/ravanna/gen/z/E/movie-1361622_20250224_zEfR8nbMcKIvqRBd.jpg
690818,movie,Honor Society,honor-society,amazon-channels-paramount,,,140,5,51971,,,,TV-MA,,https://ravanna.vidangel.com/file/ravanna/3/3/movies-929170_0010_01_334c2b6c169cdecf.jpg
677711,movie,Horse Girl,horse-girl,netflix,,,148,5,41048,,,,R,,https://ravanna.vidangel.com/file/ravanna/c/0/movies-653601_0010_02_c061a4e0d7047275.jpg
14101,movie,Horsemen,horsemen,amazon,,,235,4,34846,,,,R,,https://ravanna.vidangel.com/file/ravanna/7/2/movies-18476_0010_02_722fb10f478ba6c7.jpg
200965,movie,Hostiles,hostiles,amazon,,,156,3,33548,,,,R,,https://ravanna.vidangel.com/file/ravanna/5/a/movies-384680_0010_01_5a5b3e20a379a568.jpg
699757,movie,Hot Frosty,hot-frosty,netflix,,,121,5,66135,,,,PG,,https://ravanna.vidangel.com/file/ravanna/gen/s/h/movie-1290287_20241113_shcU4Joa5WzTXhlT.jpg
2099,movie,Hot Fuzz,hot-fuzz,amazon,,,198,5,64908,,,,R,,https://ravanna.vidangel.com/file/ravanna/8/0/movies-4638_0010_10_8002eaacab410f65.jpg
2488,movie,Hot Rod,hot-rod,amazon-prime,,,186,5,47225,,,,PG-13,,https://ravanna.vidangel.com/file/ravanna/1/1/movies-10074_0010_01_11d87beb41e1a367.jpg
669253,movie,Hot Summer Nights,hot-summer-nights,amazon,,,360,5,32965,,,,R,,https://ravanna.vidangel.com/file/ravanna/0/0/movies-347866_0010_01_00a753624a61d885.jpg
670120,movie,Hotel Artemis,hotel-artemis,amazon,,,330,5,32930,,,,R,,https://ravanna.vidangel.com/file/ravanna/4/f/movies-406761_0010_01_4f442a74a42a04db.jpg
1643,movie,Hotel for Dogs,hotel-for-dogs,amazon,,,31,3,51387,,,,PG,,https://ravanna.vidangel.com/file/ravanna/d/9/movies-15189_0010_01_d966056274e9f66e.jpg
674068,movie,Hotel Mumbai,hotel-mumbai,amazon,,,207,4,38353,,,,R,,https://ravanna.vidangel.com/file/ravanna/1/9/movies-416144_0010_01_194656879ae27dc6.jpg
2590,movie,Hotel Rwanda,hotel-rwanda,amazon,,,130,5,56458,,,,PG-13,,https://ravanna.vidangel.com/file/ravanna/8/c/movies-205_0010_05_8cc4341f15292c87.jpg
1815,movie,Hotel Transylvania,hotel-transylvania,amazon,,,183,4,55751,,,,PG,,https://ravanna.vidangel.com/file/ravanna/7/1/movies-76492_0010_01_716762a56ef6e2e3.jpg
2466,movie,Hotel Transylvania 2,hotel-transylvania-2,netflix,,,141,5,53424,,,,PG,,https://ravanna.vidangel.com/file/ravanna/7/2/movies-159824_0010_02_72a30eed6c132f51.jpg
670108,movie,Hotel Transylvania 3: Summer Vacation,hotel-transylvania-3-summer-vacation,netflix,,,136,4,36302,,,,PG,,https://ravanna.vidangel.com/file/ravanna/b/4/movies-400155_0010_02_b46fed8e57e98c64.jpg
686675,movie,Hotel Transylvania: Transformania,hotel-transylvania-transformania,amazon-prime,,,88,5,49548,,,,PG,,https://ravanna.vidangel.com/file/ravanna/9/0/movies-585083_0010_01_9041cee35fe001e8.jpg
1281,movie,Hours,hours,amazon,,,73,5,75321,,,,PG-13,,https://ravanna.vidangel.com/file/ravanna/8/c/movies-172803_0010_01_8c9b2dc80b5da256.jpg
692452,movie,House of Gucci,house-of-gucci,amazon,,,220,4,61989,,,,R,,https://ravanna.vidangel.com/file/ravanna/gen/2/z/movie-644495_20221204_2z7g0GabpgOYE3IV.jpg
659700,movie,How Do You Know,how-do-you-know,amazon,,,171,5,56757,,,,PG-13,,https://ravanna.vidangel.com/file/ravanna/9/0/movies-42888_0010_03_909677c6eebdab8c.jpg
669220,movie,How It Ends,how-it-ends,netflix,,,206,4,50780,,,,TV-MA,,https://ravanna.vidangel.com/file/ravanna/6/0/movies-475210_0010_02_60eda6f5284f95e6.jpg
2309,movie,How the Grinch Stole Christmas,dr-seuss-how-the-grinch-stole-christmas,amazon,,,124,5,66831,,,,PG,,https://ravanna.vidangel.com/file/ravanna/2/6/movies-8871_0010_02_261c290dee4f9e24.jpg
221011,movie,How to Be a Latin Lover,how-to-be-a-latin-lover,amazon,,,206,5,40103,,,,PG-13,,https://ravanna.vidangel.com/file/ravanna/8/2/movies-425134_0010_01_827c933eaf02605a.jpg
698894,movie,How to Date Billy Walsh,how-to-date-billy-walsh,amazon-prime,,,284,5,64921,,,,TV-MA,,https://ravanna.vidangel.com/file/ravanna/gen/6/a/movie-1017633_20240908_6abKA1GV93NknQXP.jpg
706498,movie,How to Make a Killing,how-to-make-a-killing-d965a,amazon,,,141,4,76070,,,,R,,https://ravanna.vidangel.com/file/ravanna/b/0/movies-467905_0010_01_b0a63c537e558a49.jpg
1273,movie,How to Train Your Dragon,how-to-train-your-dragon,amazon,,,48,4,55730,,,,PG,,https://ravanna.vidangel.com/file/ravanna/c/8/movies-10191_0010_02_c801b16340fbc4a5.jpg
702974,movie,How to Train Your Dragon,how-to-train-your-dragon-952c3,amazon,,,134,3,74979,,,,PG,,https://ravanna.vidangel.com/file/ravanna/gen/x/T/movie-1087192_20251010_xT44dfVgvIImCYnU.jpg
1571,movie,How to Train Your Dragon 2,how-to-train-your-dragon-2,amazon,,,56,2,60797,,,,PG,,https://ravanna.vidangel.com/file/ravanna/1/6/movies-82702_0010_06_16251b7dca0cdd22.jpg
671693,movie,How to Train Your Dragon: The Hidden World,how-to-train-your-dragon-the-hidden-world,amazon,,,124,5,38154,,,,PG,,https://ravanna.vidangel.com/file/ravanna/a/4/movies-166428_0010_01_a4a140f7345e9acf.jpg
681321,movie,Hubie Halloween,hubie-halloween,netflix,,,164,5,43872,,,,PG-13,,https://ravanna.vidangel.com/file/ravanna/3/2/movies-617505_0010_01_32560cb0f90c3902.jpg
678986,movie,Human Capital,human-capital,amazon,,,192,5,52792,,,,TV-14,,https://ravanna.vidangel.com/file/ravanna/2/6/movies-569711_0010_01_263c6145e8b874a8.jpg
698916,movie,Humane,humane,amazon-channels-amc,,,251,4,65434,,,,R,,https://ravanna.vidangel.com/file/ravanna/6/3/movies-914215_0010_03_635d39fb1b35b303.jpg
671082,movie,Hunter Killer,hunter-killer,amazon,,,131,3,59817,,,,R,,https://ravanna.vidangel.com/file/ravanna/d/4/movies-399402_0010_01_d409e4c10cf89e90.jpg
674836,movie,Hurricane,hurricane-e85fe,amazon-prime,,,142,5,59833,,,,TV-MA,,https://ravanna.vidangel.com/file/ravanna/1/a/movies-506863_0010_01_1ab8a31c55ebdc86.jpg
661161,movie,Hush,hush-2016,amazon-channels-amc,,,188,3,65031,,,,R,,https://ravanna.vidangel.com/file/ravanna/4/5/movies-376570_0010_05_4577c878ec2156d4.jpg
690039,movie,Hustle,hustle-a386c,netflix,,,161,4,51386,,,,R,,https://ravanna.vidangel.com/file/ravanna/7/a/movies-705861_0010_02_7a375d38b9400bd8.jpg
685277,movie,Hypnotic,hypnotic,netflix,,,93,5,48782,,,,TV-14,,https://ravanna.vidangel.com/file/ravanna/1/5/movies-864873_0010_01_15099e13c3c4377d.jpg
694659,movie,Hypnotic,hypnotic-2ec05,peacock,,,81,4,59720,,,,R,,https://ravanna.vidangel.com/file/ravanna/gen/G/p/movie-536437_20230708_GpEOc8gz1oWPRtM3.jpg
683497,movie,I Am All Girls,i-am-all-girls,netflix,,,140,5,46601,,,,TV-MA,,https://ravanna.vidangel.com/file/ravanna/2/5/movies-823855_0010_02_25cf74e97f7c82a1.jpg
673461,movie,I Am Mother,i-am-mother,netflix,,,41,3,38292,,,,TV-14,,https://ravanna.vidangel.com/file/ravanna/f/f/movies-505948_0010_09_ffa50f606523d0c9.jpg
214241,movie,I Am Not Your Negro,i-am-not-your-negro,amazon,,,111,5,35161,,,,PG-13,,https://ravanna.vidangel.com/file/ravanna/0/0/movies-411019_0010_02_0066353be3d29dd8.jpg
698203,movie,I Am: Celine Dion,i-am-celine-dion,amazon-prime,,,48,4,63413,,,,PG,,https://ravanna.vidangel.com/file/ravanna/b/f/movies-879805_0010_03_bf00346d2ebe1be5.jpg
692592,movie,I Believe in Santa,i-believe-in-santa,netflix,,,65,5,54123,,,,PG,,https://ravanna.vidangel.com/file/ravanna/gen/X/g/movie-1053110_20221215_XggeKykbZ57Pvw1J.jpg
702766,movie,I Came By,i-came-by,netflix,,,121,5,74773,,,,R,,https://ravanna.vidangel.com/file/ravanna/gen/D/N/movie-852448_20250912_DNNzguDwPpMOZZay.jpg
657776,movie,I Can Only Imagine,i-can-only-imagine,amazon,,,21,2,59859,,,,PG,,https://ravanna.vidangel.com/file/ravanna/d/7/movies-470878_0010_01_d7ee1dc3315197ef.jpg
682690,movie,I Care a Lot,i-care-a-lot,netflix,,,153,4,45650,,,,R,,https://ravanna.vidangel.com/file/ravanna/2/4/movies-601666_0010_01_24d2605c7a1eff72.jpg
659197,movie,I Feel Pretty,i-feel-pretty,amazon,,,306,5,34450,,,,PG-13,,https://ravanna.vidangel.com/file/ravanna/f/f/movies-460668_0010_02_ffa538d28ff2f118.jpg
218437,movie,I Kill Giants,i-kill-giants,amazon,,,76,4,35846,,,,PG-13,,https://ravanna.vidangel.com/file/ravanna/4/4/movies-419831_0010_01_44c2a1b1b7b75d3d.jpg
3323,movie,I Know What You Did Last Summer,i-know-what-you-did-last-summer,amazon,,,321,5,54458,,,,R,,https://ravanna.vidangel.com/file/ravanna/a/8/movies-3597_0010_07_a8396245ce3074fa.jpg
703113,movie,I Know What You Did Last Summer,i-know-what-you-did-last-summer-3ab04,netflix,,,337,5,72954,,,,R,,https://ravanna.vidangel.com/file/ravanna/gen/V/U/movie-1083433_20251023_VUKHtuST3wl1nb5m.jpg
3093,movie,"I Love You, Man",i-love-you-man,amazon,,,276,4,53051,,,,R,,https://ravanna.vidangel.com/file/ravanna/7/d/movies-16538_0010_06_7d8fe952cafa5bd4.jpg
678466,movie,I See You,i-see-you,amazon,,,122,4,55547,,,,R,,https://ravanna.vidangel.com/file/ravanna/2/9/movies-524251_0010_04_29383a20265265ae.jpg
691728,movie,I Used to Be Famous,i-used-to-be-famous,netflix,,,60,3,52799,,,,TV-MA,,https://ravanna.vidangel.com/file/ravanna/gen/6/V/movie-1013228_20220922_6VrmCjqmEuSuSuc1.jpg
687172,movie,I Want You Back,i-want-you-back,amazon-prime,,,261,5,65377,,,,R,,https://ravanna.vidangel.com/file/ravanna/6/5/movies-680860_0010_01_65e86c295d74e413.jpg
671924,movie,I'm Not Here,im-not-here,amazon-prime,,,97,5,36940,,,,NR,,https://ravanna.vidangel.com/file/ravanna/b/2/movies-411139_0010_01_b2d157d98a650c5a.jpg
680697,movie,I'm Thinking of Ending Things,im-thinking-of-ending-things,netflix,,,79,4,43592,,,,R,,https://ravanna.vidangel.com/file/ravanna/8/c/movies-500840_0010_01_8cf3a2990d6e5f3b.jpg
682093,movie,I'm Your Woman,im-your-woman,amazon-prime,,,53,2,44821,,,,R,,https://ravanna.vidangel.com/file/ravanna/e/5/movies-643612_0010_01_e53e6394f0e87289.jpg
1169,movie,"I, Frankenstein",i-frankenstein,amazon,,,108,4,55755,,,,PG-13,,https://ravanna.vidangel.com/file/ravanna/8/5/movies-100241_0010_01_855ca42969fbf9b1.jpg
10130,movie,I.Q.,iq,amazon,,,72,5,34991,,,,PG,,https://ravanna.vidangel.com/file/ravanna/9/5/movies-11777_0010_04_95f68a0a206095ad.jpg
700298,movie,I.S.S.,iss,amazon,,,73,3,68078,,,,R,,https://ravanna.vidangel.com/file/ravanna/gen/e/g/movie-790462_20250109_egUvbtZAT85BVPQn.jpg
224694,movie,Icarus,icarus,netflix,,,113,5,31662,,,,TV-MA,,https://ravanna.vidangel.com/file/ravanna/f/8/movies-432976_0010_01_f83153f19ed2440e.jpg
702768,movie,Ice Road: Vengeance,ice-road-vengeance,netflix,,,93,3,72197,,,,R,,https://ravanna.vidangel.com/file/ravanna/gen/6/0/movie-1119878_20250914_60KDZHEeYmHkZ6dg.jpg
3423,movie,Identity,identity-2,amazon,,,197,4,52933,,,,R,,https://ravanna.vidangel.com/file/ravanna/b/f/movies-2832_0010_03_bf517dd31db370e7.jpg
1276,movie,Identity Thief,identity-thief,amazon,,,296,4,68309,,,,R,,https://ravanna.vidangel.com/file/ravanna/4/f/movies-109431_0010_01_4fa39662077f3380.jpg
698356,movie,IF,if,amazon,,,63,3,75889,,,,PG,,https://ravanna.vidangel.com/file/ravanna/gen/w/S/movie-639720_20240710_wS5D23ytfr97S905.jpg
701350,movie,iHostage,ihostage,netflix,,,62,2,69070,,,,R,,https://ravanna.vidangel.com/file/ravanna/gen/f/w/movie-1371202_20250422_fwyj4BTjP39N0so2.jpg
681322,movie,Illuminate,illuminate,amazon,,,15,3,44029,,,,PG-13,,https://content.vidangel.com/uploads/2020/10/cyEjG6CY32GtZAle4MmEFf4lm3X.poster.jpg
658114,movie,Imagine That,imagine-that,amazon,,,77,5,42265,,,,PG,,https://ravanna.vidangel.com/file/ravanna/b/1/movies-19724_0010_06_b1ba67b9295ca85c.jpg
2839,movie,Immortals,immortals,amazon,,,271,4,58487,,,,R,,https://ravanna.vidangel.com/file/ravanna/d/3/movies-37958_0010_01_d3d3c823347ef3c9.jpg
4055,movie,Imperium,imperium,amazon,,,246,4,42879,,,,R,,https://ravanna.vidangel.com/file/ravanna/2/a/movies-374617_0010_01_2a9615fdc02a24ff.jpg
1042,movie,In a World...,in-a-world,amazon,,,146,4,55499,,,,R,,https://ravanna.vidangel.com/file/ravanna/d/9/movies-157360_0010_02_d98cac3ac9532006.jpg
2970,movie,In Bruges,in-bruges,amazon,,,347,5,68774,,,,R,,https://ravanna.vidangel.com/file/ravanna/8/6/movies-8321_0010_08_86f3677f2515e3aa.jpg
699711,movie,In the Land of Saints and Sinners,in-the-land-of-saints-and-sinners,amazon-prime,,,191,4,66068,,,,R,,https://ravanna.vidangel.com/file/ravanna/gen/D/0/movie-1027073_20241106_D0W6AmBuMJXx3Zld.jpg
2380,movie,In the Line of Fire,in-the-line-of-fire-1993,amazon,,,179,4,69512,,,,R,,https://ravanna.vidangel.com/file/ravanna/a/6/movies-9386_0010_09_a60ca5faf7102a8a.jpg
3485,movie,In the Name of the Father,in-the-name-of-the-father,amazon,,,319,5,65481,,,,R,,https://ravanna.vidangel.com/file/ravanna/c/0/movies-7984_0010_01_c0d24f6d32cc6789.jpg
675724,movie,In the Shadow of the Moon,in-the-shadow-of-the-moon-2743f,netflix,,,252,5,39470,,,,TV-MA,,https://ravanna.vidangel.com/file/ravanna/5/e/movies-530382_0010_01_5e2e7871bb53080b.jpg
675762,movie,In the Tall Grass,in-the-tall-grass,netflix,,,167,5,39578,,,,TV-MA,,https://ravanna.vidangel.com/file/ravanna/0/5/movies-523139_0010_01_053c6a250391a4cd.jpg
1258,movie,Inequality for All,inequality-for-all,amazon,,,36,5,51638,,,,PG,,https://ravanna.vidangel.com/file/ravanna/7/3/movies-159008_0010_02_739ccb5b22a7008f.jpg
686139,movie,Infinite,infinite,amazon,,,154,5,49260,,,,PG-13,,https://ravanna.vidangel.com/file/ravanna/c/0/movies-581726_0010_01_c00aea9c9525d2e8.jpg
3284,movie,Infinitely Polar Bear,infinitely-polar-bear,amazon,,,103,4,67121,,,,R,,https://ravanna.vidangel.com/file/ravanna/c/6/movies-244539_0010_01_c6fad9c94e31943b.jpg
1423,movie,Inglourious Basterds,inglourious-basterds,amazon,,,152,4,38902,,,,R,,https://ravanna.vidangel.com/file/ravanna/0/1/movies-16869_0010_03_01549e044980e835.jpg
677359,movie,Inherit the Viper,inherit-the-viper,amazon,,,163,5,44198,,,,R,,https://ravanna.vidangel.com/file/ravanna/9/8/movies-634904_0010_04_98a61085682e0a2e.jpg
695395,movie,Inside,inside-f8182,amazon,,,130,5,58312,,,,R,,https://ravanna.vidangel.com/file/ravanna/c/2/movies-958196_0010_05_c2141c9573a076fe.jpg
1994,movie,Inside Job,inside-job-2010,amazon,,,30,5,55485,,,,PG-13,,https://ravanna.vidangel.com/file/ravanna/f/6/movies-44639_0010_02_f61550ac848adeca.jpg
1658,movie,Inside Man,inside-man,amazon,,,271,5,61860,,,,R,,https://ravanna.vidangel.com/file/ravanna/b/3/movies-388_0010_01_b3eb5eea0e3deccc.jpg
1733,movie,Insidious,insidious,amazon,,,88,4,59797,,,,PG-13,,https://ravanna.vidangel.com/file/ravanna/1/1/movies-49018_0010_01_115c2f8f6655fb5e.jpg
1406,movie,Insidious: Chapter 2,insidious-chapter-2,amazon,,,67,4,53570,,,,PG-13,,https://ravanna.vidangel.com/file/ravanna/d/c/movies-91586_0010_02_dc86af1257a5ebb3.jpg
2114,movie,Insidious: Chapter 3,insidious-chapter-3,amazon,,,71,4,54052,,,,PG-13,,https://ravanna.vidangel.com/file/ravanna/8/4/movies-280092_0010_03_84cffeb609f169ec.jpg
671552,movie,Instant Family,instant-family,amazon-prime,,,191,5,69391,,,,PG-13,,https://ravanna.vidangel.com/file/ravanna/0/3/movies-491418_0010_02_033b6b33706a963a.jpg
1796,movie,Insurgent,the-divergent-series-insurgent,amazon,,,75,4,62885,,,,PG-13,,https://ravanna.vidangel.com/file/ravanna/0/5/movies-262500_0010_01_05382a705e815efd.jpg
689996,movie,Interceptor,interceptor-6d6e1,netflix,,,190,4,51284,,,,TV-MA,,https://ravanna.vidangel.com/file/ravanna/a/5/movies-831946_0010_01_a5af5d516c02b183.jpg
173921,movie,Into the Forest,into-the-forest,amazon,,,135,5,34963,,,,R,,https://ravanna.vidangel.com/file/ravanna/b/c/movies-334538_0010_01_bcdad5e0b53b2d2e.jpg
1524,movie,Into the Wild,into-the-wild,amazon,,,96,5,49500,,,,R,,https://ravanna.vidangel.com/file/ravanna/4/a/movies-5915_0010_06_4a70447b55bb8a66.jpg
684694,movie,Intrusion,intrusion,netflix,,,66,5,48317,,,,TV-14,,https://ravanna.vidangel.com/file/ravanna/c/3/movies-785752_0010_01_c30651baa0879691.jpg
671120,movie,IO,io,netflix,,,49,5,36239,,,,PG-13,,https://ravanna.vidangel.com/file/ravanna/e/1/movies-433249_0010_01_e1d238b5e679c0d9.jpg
697235,movie,Irish Wish,irish-wish,netflix,,,116,5,61536,,,,PG,,https://ravanna.vidangel.com/file/ravanna/gen/s/P/movie-1019420_20240314_sPZV9yU5OVpWTNq6.jpg
673777,movie,Iron Sky: The Coming Race,iron-sky-the-coming-race,amazon-prime,,,127,4,40330,,,,TV-MA,,https://ravanna.vidangel.com/file/ravanna/7/4/movies-302349_0010_01_740a22818c504472.jpg
656290,movie,Irreplaceable You,irreplaceable-you,netflix,,,98,5,36002,,,,TV-MA,,https://ravanna.vidangel.com/file/ravanna/6/2/movies-450489_0010_01_62931bf833b6781c.jpg
679954,movie,Irresistible,irresistible,amazon,,,137,4,43653,,,,R,,https://ravanna.vidangel.com/file/ravanna/3/8/movies-595148_0010_01_38d13511ddbc5b67.jpg
661022,movie,It Comes at Night,it-comes-at-night,amazon,,,90,4,40522,,,,R,,https://ravanna.vidangel.com/file/ravanna/e/0/movies-418078_0010_01_e035560f1e40f18c.jpg
699318,movie,It Ends with Us,it-ends-with-us,netflix,,,232,5,66597,,,,PG-13,,https://ravanna.vidangel.com/file/ravanna/gen/Z/f/movie-1079091_20241007_ZfK4WCTx0Po6rSKL.jpg
1788,movie,It Follows,it-follows,amazon,,,167,5,53550,,,,R,,https://ravanna.vidangel.com/file/ravanna/8/4/movies-270303_0010_04_8461a69d91373f9e.jpg
670507,movie,"It's Christmas, Eve",its-christmas-eve,amazon,,,10,4,33169,,,,TV-G,,https://ravanna.vidangel.com/file/ravanna/3/4/movies-535807_0010_03_3429b1846d26fc21.jpg
3196,movie,It's Complicated,its-complicated,amazon,,,150,5,63699,,,,R,,https://ravanna.vidangel.com/file/ravanna/c/4/movies-22897_0010_02_c43f72f3cfea75dc.jpg
3434,movie,It's Kind of a Funny Story,its-kind-of-a-funny-story,amazon,,,107,5,62048,,,,PG-13,,https://ravanna.vidangel.com/file/ravanna/6/0/movies-43923_0010_01_602f351d6d9da4d3.jpg
699418,movie,It's What's Inside,its-whats-inside,netflix,,,525,5,65648,,,,R,,https://ravanna.vidangel.com/file/ravanna/2/0/movies-1052280_0010_04_2017a4dc90a517e3.jpg
3470,movie,Jack and Jill,jack-and-jill,amazon,,,296,5,53561,,,,PG,,https://ravanna.vidangel.com/file/ravanna/e/f/movies-71880_0010_03_ef1f142bd8ae11aa.jpg
1231,movie,Jack Reacher,jack-reacher,paramount,,,157,5,70822,,,,PG-13,,https://ravanna.vidangel.com/file/ravanna/9/b/movies-75780_0010_08_9bb119e06cd822a5.jpg
178940,movie,Jack Reacher: Never Go Back,jack-reacher-never-go-back,amazon,,,137,5,64834,,,,PG-13,,https://ravanna.vidangel.com/file/ravanna/8/5/movies-343611_0010_03_855064a3ab6fadcf.jpg
1390,movie,Jack Ryan: Shadow Recruit,jack-ryan-shadow-recruit,amazon,,,103,5,52187,,,,PG-13,,https://ravanna.vidangel.com/file/ravanna/d/e/movies-137094_0010_03_de180832340e9dcb.jpg
689745,movie,Jackass 4.5,jackass-45,netflix,,,891,5,51171,,,,TV-MA,,https://ravanna.vidangel.com/file/ravanna/8/b/movies-828853_0010_01_8b2bbbc4cf1d56c3.jpg
3780,movie,Jackass: The Movie,jackass-the-movie,amazon,,,569,4,53052,,,,R,,https://ravanna.vidangel.com/file/ravanna/5/2/movies-9012_0010_04_52835ddbbbdfb17e.jpg
698686,movie,Jackpot!,jackpot,amazon-prime,,,513,5,64317,,,,R,,https://ravanna.vidangel.com/file/ravanna/gen/Q/I/movie-1094138_20240815_QISH2hRm9t8Bc64y.jpg
675435,movie,Jacob's Ladder,jacobs-ladder-2621e,amazon-channels-starz,,,152,5,40938,,,,R,,https://ravanna.vidangel.com/file/ravanna/b/3/movies-456529_0010_01_b360d5f8d0757761.jpg
699226,movie,Jailbreak: Love on the Run,jailbreak-love-on-the-run,netflix,,,166,4,65376,,,,R,,https://ravanna.vidangel.com/file/ravanna/b/4/movies-1341685_0010_04_b4a6b0a2ef2c2d58.jpg
674238,movie,James Johann,james-johann-rurally-funny,vidangel,,,8,1,38478,,,,NR,,https://content.vidangel.com/dry-bar-images/JamesJohann-RurallyFunny-VidAngel.jpg
700296,movie,Jamie Foxx: What Had Happened Was...,jamie-foxx-what-had-happened-was,netflix,,,291,4,67210,,,,R,,https://ravanna.vidangel.com/file/ravanna/e/c/movies-1353311_0010_04_ec862f931111ec7d.jpg
673384,movie,Jamie Lissow,jamie-lissow-something-awesome,vidangel,,,5,1,37808,,,,NR,,https://content.vidangel.com/dry-bar-images/JamieLissow-SomethingAwesome-VidAngel.jpg
3337,movie,Jarhead,jarhead,amazon,,,601,4,65490,,,,R,,https://ravanna.vidangel.com/file/ravanna/2/4/movies-25_0010_01_24a59016995f1b70.jpg
661191,movie,Jarhead 3: The Siege,jarhead-3-the-siege,amazon,,,312,4,45800,,,,R,,https://ravanna.vidangel.com/file/ravanna/2/e/movies-378385_0010_06_2ed2ff1ab1f935ee.jpg
3945,movie,Jason Bourne,jason-bourne,amazon,,,103,2,53131,,,,PG-13,,https://ravanna.vidangel.com/file/ravanna/8/6/movies-324668_0010_08_86378995d8bee4e4.jpg
2508,movie,Jaws,jaws,amazon,,,196,5,69958,,,,PG,,https://ravanna.vidangel.com/file/ravanna/b/f/movies-578_0010_01_bfb9d5d58a5fd35a.jpg
3187,movie,Jaws 2,jaws-2,amazon,,,259,5,70066,,,,PG,,https://ravanna.vidangel.com/file/ravanna/d/5/movies-579_0010_0a_d52cfc3b24bb1ace.jpg
3315,movie,Jaws 3,jaws-3,amazon-channels-starz,,,221,5,70464,,,,PG,,https://ravanna.vidangel.com/file/ravanna/d/9/movies-17692_0010_01_d9425da1056ddc46.jpg
3316,movie,Jaws: The Revenge,jaws-the-revenge,amazon-channels-starz,,,194,5,69846,,,,PG-13,,https://ravanna.vidangel.com/file/ravanna/0/b/movies-580_0010_03_0b2f63258c184286.jpg
703595,movie,Jay Kelly,jay-kelly,netflix,,,118,4,73940,,,,R,,https://ravanna.vidangel.com/file/ravanna/gen/U/K/movie-1069905_20251205_UKKvK84x12gc8kM8.jpg
3936,movie,Jeepers Creepers,jeepers-creepers,amazon-prime,,,206,4,56798,,,,R,,https://ravanna.vidangel.com/file/ravanna/4/d/movies-8922_0010_02_4dfb1a3d786380c2.jpg
663517,movie,Jeepers Creepers 2,jeepers-creepers-2,amazon,,,293,5,65819,,,,R,,https://content.vidangel.com/uploads/2018/05/kYeoI6pFmt4mH6yndFgg0lyQZvL.poster.jpg
671500,movie,Jeff Allen,jeff-allen-i-can-laugh-about-it-now,vidangel,,,14,2,36665,,,,NR,,https://content.vidangel.com/dry-bar-images/JeffAllen-ICanLaughAboutItNow-VidAngel.jpg
678262,movie,Jeff Allen,jeff-allen-honor-thy-wife,vidangel,,,13,4,41323,,,,NR,,https://content.vidangel.com/dry-bar-images/JeffAllen-HonorThyWife-VidAngel.jpg
698759,movie,Jeff Allen,jeff-allen-gun-smoke-ice-cream,vidangel,,,11,4,64492,,,,NR,,https://content.vidangel.com/dry-bar-images/1209-JeffAllen-Gunsmoke_IceCream-VidAngel.jpeg
693162,movie,Jeff Applebaum,jeff-applebaum-nut-free-zone-636,vidangel,,,4,1,54991,,,,NR,,https://content.vidangel.com/dry-bar-images/JeffApplebaum-NutFreeZone-VidAngel.jpg
55885,movie,"Jeff, Who Lives at Home",jeff-who-lives-at-home,amazon,,,142,5,35964,,,,R,,https://ravanna.vidangel.com/file/ravanna/0/9/movies-82532_0010_02_0986d60786f5212d.jpg
655084,movie,Jerry Before Seinfeld,jerry-before-seinfeld,netflix,,,36,5,36053,,,,TV-14,,https://ravanna.vidangel.com/file/ravanna/8/2/movies-473812_0010_01_82f2627fe8a83c7b.jpg
2014,movie,Jerry Maguire,jerry-maguire,amazon,,,152,4,46686,,,,R,,https://ravanna.vidangel.com/file/ravanna/0/7/movies-9390_0010_01_07b90f1907cd92a4.jpg
663333,movie,Jesse Stone: Stone Cold,jesse-stone-stone-cold,amazon,,,127,5,45869,,,,R,,https://ravanna.vidangel.com/file/ravanna/e/d/movies-31046_0010_03_ed4502e80f69b04b.jpg
676073,movie,Jexi,jexi,amazon,,,383,5,52947,,,,R,,https://ravanna.vidangel.com/file/ravanna/3/9/movies-620725_0010_07_39b4b9f01a535210.jpg
660969,movie,Jigsaw,jigsaw,netflix,,,396,5,64365,,,,R,,https://ravanna.vidangel.com/file/ravanna/2/7/movies-298250_0010_03_2773cb0293471bfc.jpg
654902,movie,Jim & Andy: The Great Beyond,jim-and-andy-the-great-beyond,netflix,,,134,4,32143,,,,TV-MA,,https://ravanna.vidangel.com/file/ravanna/b/a/movies-469019_0010_01_ba9d19774d6beef5.jpg
674958,movie,Jim Gaffigan,jim-gaffigan-quality-time,amazon-prime,,,29,4,39023,,,,PG-13,,https://ravanna.vidangel.com/file/ravanna/b/8/movies-620778_0010_01_b86bc2d29abe4722.jpg
671066,movie,Jim Gaffigan: Noble Ape,jim-gaffigan-noble-ape,amazon-prime,,,38,4,36211,,,,PG-13,,https://ravanna.vidangel.com/file/ravanna/5/d/movies-530584_0010_01_5d2d50774087b43e.jpg
703516,movie,Jingle Bell Heist,jingle-bell-heist,netflix,,,89,5,73529,,,,TV-14,,https://ravanna.vidangel.com/file/ravanna/gen/y/N/movie-1218762_20251126_yNZM1zRJLr5F5Hbr.jpg
681814,movie,Jingle Jangle: A Christmas Journey,jingle-jangle-a-christmas-journey,netflix,,,36,4,44453,,,,PG,,https://ravanna.vidangel.com/file/ravanna/8/d/movies-622855_0010_0a_8d102919c920da83.jpg
1331,movie,Jobs,jobs,netflix,,,73,4,54480,,,,PG-13,,https://ravanna.vidangel.com/file/ravanna/8/3/movies-115782_0010_07_83f57dae8a6b06f7.jpg
3228,movie,Joe Dirt,joe-dirt-2001,amazon,,,278,5,57947,,,,PG-13,,https://ravanna.vidangel.com/file/ravanna/0/e/movies-10956_0010_04_0e17546f7c898ff4.jpg
676497,movie,Joe Larson,joe-larson-champion,vidangel,,,10,2,40079,,,,NR,,https://content.vidangel.com/dry-bar-images/501-JoeLarson-Champion-VidAngel.jpg
694886,movie,Joey Callahan,joey-callaha-the-notorious-fod,vidangel,,,8,3,57681,,,,NR,,https://content.vidangel.com/dry-bar-images/JoeyCallahan-TheNotoriousFOD-VidAngel.jpg
702975,movie,John Candy: I Like Me,john-candy-i-like-me,amazon-prime,,,112,5,72715,,,,PG-13,,https://ravanna.vidangel.com/file/ravanna/gen/p/s/movie-1492608_20251010_psboxxz28GCokfJl.jpg
692576,movie,John Evans,john-evans-goodwill-hunting,vidangel,,,5,3,54065,,,,NR,,https://content.vidangel.com/dry-bar-images/JohnEvans-GoodwillHunting-VidAngel.jpg
671689,movie,John Mulaney: Kid Gorgeous at Radio City,john-mulaney-kid-gorgeous-at-radio-city,netflix,,,82,4,40843,,,,TV-MA,,https://ravanna.vidangel.com/file/ravanna/e/5/movies-520594_0010_01_e54bdba831859729.jpg
1646,movie,John Wick,john-wick,amazon,,,259,5,62018,,,,R,,https://ravanna.vidangel.com/file/ravanna/c/2/movies-245891_0010_02_c217913d123e5599.jpg
168509,movie,John Wick: Chapter 2,john-wick-chapter-2,amazon,,,235,4,60842,,,,R,,https://ravanna.vidangel.com/file/ravanna/d/b/movies-324552_0010_04_db2926fa96566962.jpg
673665,movie,John Wick: Chapter 3 - Parabellum,john-wick-chapter-3-parabellum,amazon,,,395,4,60250,,,,R,,https://ravanna.vidangel.com/file/ravanna/f/8/movies-458156_0010_02_f83bd3a760c5be9e.jpg
694207,movie,John Wick: Chapter 4,john-wick-chapter-4,amazon,,,408,4,69397,,,,R,,https://ravanna.vidangel.com/file/ravanna/8/2/movies-603692_0010_02_8230a61f8ffe9aac.jpg
2737,movie,Johnny English,johnny-english,amazon,,,73,4,36455,,,,PG,,https://ravanna.vidangel.com/file/ravanna/2/a/movies-9486_0010_01_2af3f3016791551a.jpg
1021,movie,Johnny English Reborn,johnny-english-reborn,amazon,,,222,5,42230,,,,PG,,https://ravanna.vidangel.com/file/ravanna/e/7/movies-58233_0010_01_e70619642020bf39.jpg
671023,movie,Johnny English Strikes Again,johnny-english-strikes-again,amazon,,,97,5,34205,,,,PG,,https://ravanna.vidangel.com/file/ravanna/e/a/movies-463272_0010_09_ea206bc6d5a5c41f.jpg
684134,movie,Jolt,jolt,amazon-prime,,,315,4,50020,,,,R,,https://ravanna.vidangel.com/file/ravanna/f/b/movies-617502_0010_01_fb5b0b972072bbd4.jpg
671026,movie,Jonathan,jonathan,amazon-prime,,,43,5,37745,,,,PG-13,,https://ravanna.vidangel.com/file/ravanna/b/0/movies-422619_0010_01_b0e7fb01bb8c279f.jpg
682091,movie,Jonnie W.,jonnie-w-not-my-cup-of-tea,vidangel,,,2,0,45069,,,,NR,,https://content.vidangel.com/dry-bar-images/JonnieW-NotMyCupOfTea-VidAngel.jpg
680204,movie,Jose Sarduy,jose-sarduy-cuban-pilot,vidangel,,,10,3,42854,,,,NR,,https://content.vidangel.com/dry-bar-images/JoseSarduy-CubanPilot-VidAngel.jpg
676457,movie,Josh Blue,josh-blue-the-disabled-list,vidangel,,,5,2,40022,,,,NR,,https://content.vidangel.com/dry-bar-images/JoshBlue-TheDisabledList-VidAngel.jpg
693215,movie,Josh Blue,josh-blue-get-in-the-pile-851,vidangel,,,2,1,54996,,,,NR,,https://content.vidangel.com/dry-bar-images/JoshBlue-GetInThePile-VidAngel.jpg
669416,movie,Josh Sneed,josh-sneed-live-in-the-dessert,vidangel,,,7,2,33393,,,,NR,,https://content.vidangel.com/dry-bar-images/JoshSneed-LiveInTheDessert-VidAngel.jpg
671923,movie,Juanita,juanita,netflix,,,133,5,36946,,,,TV-MA,,https://ravanna.vidangel.com/file/ravanna/e/3/movies-581475_0010_01_e34eb31b9eff28e9.jpg
1337,movie,Julie & Julia,julie-julia,amazon,,,113,5,55351,,,,PG-13,,https://ravanna.vidangel.com/file/ravanna/4/c/movies-24803_0010_02_4cb3385284cb831b.jpg
670502,movie,"Juliet, Naked",juliet-naked,amazon,,,144,4,33148,,,,R,,https://ravanna.vidangel.com/file/ravanna/1/8/movies-458344_0010_01_18143940eb918e6f.jpg
2052,movie,Jumanji,jumanji-1995,amazon,,,64,4,62633,,,,PG,,https://ravanna.vidangel.com/file/ravanna/0/b/movies-8844_0010_03_0b7450b6849fc470.jpg
677016,movie,Jumanji: The Next Level,jumanji-the-next-level,amazon,,,176,5,60609,,,,PG-13,,https://ravanna.vidangel.com/file/ravanna/a/e/movies-512200_0010_06_ae30203ebd93a268.jpg
184403,movie,Jumanji: Welcome to the Jungle,jumanji-welcome-to-the-jungle,amazon,,,235,5,75892,,,,PG-13,,https://ravanna.vidangel.com/file/ravanna/f/4/movies-353486_0010_01_f479ea3d60c0817b.jpg
659670,movie,Jumping the Broom,jumping-the-broom,amazon,,,220,5,55483,,,,PG-13,,https://ravanna.vidangel.com/file/ravanna/f/3/movies-57119_0010_01_f369a7ff7861892f.jpg
692973,movie,JUNG_E,jung_e,netflix,,,88,5,54672,,,,TV-14,,https://ravanna.vidangel.com/file/ravanna/gen/X/D/movie-843794_20230123_XDnEC2au4t0IGdNN.jpg
203780,movie,Jungle,jungle,amazon,,,110,5,30414,,,,R,,https://ravanna.vidangel.com/file/ravanna/6/6/movies-390062_0010_01_66021e5c5d0cd6b4.jpg
1354,movie,Jurassic Park,jurassic-park,amazon,,,120,5,71328,,,,PG-13,,https://ravanna.vidangel.com/file/ravanna/2/5/movies-329_0010_02_2547d7cf9e90d20c.jpg
1649,movie,Jurassic Park III,jurassic-park-iii,amazon,,,85,5,69720,,,,PG-13,,https://ravanna.vidangel.com/file/ravanna/d/d/movies-331_0010_01_dde741d6063a9db1.jpg
2162,movie,Jurassic World,jurassic-world,amazon,,,116,5,69783,,,,PG-13,,https://ravanna.vidangel.com/file/ravanna/6/3/movies-135397_0010_01_6313c78ee4ee2ea8.jpg
690653,movie,Jurassic World Dominion,jurassic-world-dominion,amazon,,,155,4,75259,,,,PG-13,,https://ravanna.vidangel.com/file/ravanna/e/6/movies-507086_0010_03_e61a61cfac766818.jpg
659191,movie,Jurassic World: Fallen Kingdom,jurassic-world-fallen-kingdom,amazon,,,126,5,75193,,,,PG-13,,https://ravanna.vidangel.com/file/ravanna/7/d/movies-351286_0010_02_7d2238a81dc82f63.jpg
702666,movie,Jurassic World: Rebirth,jurassic-world-rebirth,amazon,,,146,5,75139,,,,PG-13,,https://ravanna.vidangel.com/file/ravanna/gen/c/X/movie-1234821_20250902_cXEz6cY5fKgEzmWj.jpg
659216,movie,Just Getting Started,just-getting-started,amazon,,,219,5,75515,,,,PG-13,,https://ravanna.vidangel.com/file/ravanna/e/4/movies-398177_0010_01_e42ccc74c9a3543f.jpg
2831,movie,Just Go with It,just-go-with-it,netflix,,,380,5,65976,,,,PG-13,,https://ravanna.vidangel.com/file/ravanna/f/e/movies-50546_0010_01_fe51f5872d57401d.jpg
2882,movie,Just Like Heaven,just-like-heaven,amazon,,,111,5,66487,,,,PG-13,,https://ravanna.vidangel.com/file/ravanna/6/3/movies-9007_0010_01_63cfc57f71baa56a.jpg
677439,movie,Justin Timberlake + The Tennessee Kids,justin-timberlake-the-tennessee-kids,netflix,,,79,4,40902,,,,TV-MA,,https://ravanna.vidangel.com/file/ravanna/b/3/movies-408619_0010_01_b3f7ba6962a72235.jpg
678516,movie,K-von,k-von,vidangel,,,19,4,41579,,,,NR,,https://content.vidangel.com/dry-bar-images/KVon-DesignerMuscles-VidAngel.jpg
678439,movie,Kabir Singh,kabir-singh-retiring-material,vidangel,,,15,3,41481,,,,NR,,https://content.vidangel.com/dry-bar-images/KabirSingh-RetiringMaterial-VidAngel.jpg
208191,movie,Kaleidoscope,kaleidoscope,amazon-channels-amc,,,91,4,35300,,,,TV-MA,,https://ravanna.vidangel.com/file/ravanna/4/b/movies-399169_0010_07_4b54403a79b6875a.jpg
695092,movie,Kandahar,kandahar,amazon,,,110,3,71123,,,,R,,https://ravanna.vidangel.com/file/ravanna/gen/K/9/movie-717930_20230815_K95kwGafKTup4VdR.jpg
702913,movie,Karate Kid: Legends,karate-kid-legends,amazon,,,107,4,72708,,,,PG-13,,https://ravanna.vidangel.com/file/ravanna/gen/E/W/movie-1011477_20250928_EWidnevXmZWeVS0d.jpg
694594,movie,Karen Mayer Cunningham,karen-mayer-cunningham-444,vidangel,,,4,1,57671,,,,NR,,https://content.vidangel.com/dry-bar-images/KarenMayerCunningam-LookingGood-VidAngel.jpg
697143,movie,Karen Rontowski,karen-rontowski-war-and-instant-pudding,vidangel,,,6,3,61427,,,,NR,,https://content.vidangel.com/dry-bar-images/922-KarenRontowski-WarInstantPudding-VidAngel.jpg
684577,movie,Kate,kate,netflix,,,209,5,48192,,,,R,,https://ravanna.vidangel.com/file/ravanna/6/0/movies-597891_0010_02_60ecf44469ae9ea8.jpg
695431,movie,Kelce,kelce,amazon-prime,,,153,5,58383,,,,TV-MA,,https://ravanna.vidangel.com/file/ravanna/gen/T/A/movie-1169207_20230918_TAFnLKvapvaQdJNC.jpg
300022,movie,Kellen Erskine,kellen-erskine,vidangel,,,3,2,54808,,,,NR,,https://content.vidangel.com/dry-bar-images/KellenErskine-Composed-VidAngel.jpg
695331,movie,Kelly Macfarland,kelly-macfarland-sleepytime-baby,vidangel,,,7,4,58211,,,,NR,,https://content.vidangel.com/dry-bar-images/KellyMacFarland-SleepytimeBaby-VidAngel.jpg
692575,movie,Ken Davis,ken-davis-im-an-idiot,vidangel,,,2,1,54068,,,,NR,,https://content.vidangel.com/dry-bar-images/KenDavis-ImAnIdiot-VidAngel.jpg
676850,movie,Ken Rogerson,ken-rogerson-way-north-of-40,vidangel,,,3,1,40489,,,,NR,,https://content.vidangel.com/dry-bar-images/KenRogerson-WayNorthOf40-VidAngel.jpg
693313,movie,Kenn Kington,kenn-kington-enjoying-chaos-603,vidangel,,,8,3,55261,,,,NR,,https://content.vidangel.com/dry-bar-images/KennKington-EnjoyingChaos-VidAngel.jpg
637333,movie,Kevin Bozeman,kevin_bozeman_clean_and_unfiltered,vidangel,,,13,3,34272,,,,NR,,https://content.vidangel.com/dry-bar-images/KevinBozeman-CleanUnfiltered-VidAngel.jpg
671365,movie,Kevin Hart's Guide to Black History,kevin-harts-guide-to-black-history,netflix,,,112,5,36595,,,,TV-PG,,https://ravanna.vidangel.com/file/ravanna/3/9/movies-580001_0010_03_39a84c59b2e259cf.jpg
656828,movie,Kevin James: Never Don't Give Up,kevin-james-never-dont-give-up,netflix,,,49,5,35901,,,,PG,,https://ravanna.vidangel.com/file/ravanna/e/c/movies-519804_0010_01_ec3792dd5a865ac4.jpg
2264,movie,Kick-A**,kick-ass,amazon,,,498,5,57051,,,,R,,https://ravanna.vidangel.com/file/ravanna/8/b/movies-23483_0010_02_8bd6b3d1c5f8cda2.jpg
2673,movie,Kick-A** 2,kick-ass-2,amazon,,,591,5,56435,,,,R,,https://ravanna.vidangel.com/file/ravanna/4/c/movies-59859_0010_02_4cd19aa29b36124c.jpg
3214,movie,Kicking & Screaming,kicking-and-screaming,amazon,,,132,5,56716,,,,PG,,https://ravanna.vidangel.com/file/ravanna/c/8/movies-9981_0010_05_c8c28aa4cc506018.jpg
152016,movie,Kidnap,kidnap,amazon,,,117,3,31862,,,,R,,https://ravanna.vidangel.com/file/ravanna/7/7/movies-293768_0010_01_77168ad81220999b.jpg
704140,movie,Kidnapped: Elizabeth Smart,kidnapped-elizabeth-smart,netflix,,,49,4,74492,,,,TV-MA,,https://ravanna.vidangel.com/file/ravanna/gen/1/9/movie-1595481_20260121_19yj38lwyafuz2X2.jpg
674476,movie,Kidnapping Stella,kidnapping-stella,netflix,,,102,4,38907,,,,TV-MA,,https://ravanna.vidangel.com/file/ravanna/2/c/movies-611468_0010_03_2c7d8cc81661ed00.jpg
699175,movie,Killer Heat,killer-heat,amazon-prime,,,73,4,65292,,,,R,,https://ravanna.vidangel.com/file/ravanna/gen/x/s/movie-1108566_20240926_xslm4pLuSFJK7t7N.jpg
670322,movie,Killer Kate!,killer-kate,amazon,,,209,5,32337,,,,NR,,https://ravanna.vidangel.com/file/ravanna/b/5/movies-542781_0010_01_b594d3690ed6831f.jpg
2912,movie,Killers,killers,amazon,,,246,5,56630,,,,PG-13,,https://ravanna.vidangel.com/file/ravanna/a/0/movies-37821_0010_01_a0639295131f0334.jpg
696331,movie,Killers of the Flower Moon,killers-of-the-flower-moon,appletv,,,136,4,60544,,,,R,,https://ravanna.vidangel.com/file/ravanna/1/5/movies-466420_0010_05_15f7964d3948ead9.jpg
679645,movie,Killing Gunther,killing-gunther,amazon,,,214,4,55400,,,,TV-MA,,https://ravanna.vidangel.com/file/ravanna/c/f/movies-412547_0010_02_cf26ba69296555a2.jpg
661774,movie,Killing Them Softly,killing-them-softly,amazon,,,422,5,44035,,,,R,,https://ravanna.vidangel.com/file/ravanna/2/d/movies-64689_0010_04_2db6af02ed32ad0e.jpg
700598,movie,Kinda Pregnant,kinda-pregnant,netflix,,,355,5,67750,,,,R,,https://ravanna.vidangel.com/file/ravanna/1/1/movies-1212142_0010_02_11355db31854bc28.jpg
2788,movie,Kindergarten Cop,kindergarten-cop,netflix,,,121,5,64071,,,,PG-13,,https://ravanna.vidangel.com/file/ravanna/3/9/movies-951_0010_03_395511a5008a5890.jpg
2889,movie,King Kong,king-kong,amazon,,,308,5,54444,,,,PG-13,,https://ravanna.vidangel.com/file/ravanna/a/f/movies-254_0010_02_af971b80cfd67dd2.jpg
3764,movie,King Kong,king-kong-1976,amazon,,,273,5,53616,,,,PG,,https://ravanna.vidangel.com/file/ravanna/e/2/movies-10730_0010_04_e2ff95cc39ff897c.jpg
669925,movie,King Lear,king-lear-6d597,amazon-prime,,,108,5,32360,,,,TV-14,,https://ravanna.vidangel.com/file/ravanna/f/2/movies-513427_0010_01_f2efe7300ce86e45.jpg
672364,movie,King of Thieves,king-of-thieves,amazon,,,241,5,50455,,,,R,,https://ravanna.vidangel.com/file/ravanna/c/e/movies-520360_0010_02_ce0a738c5839f686.jpg
664192,movie,Kiss the Girls,kiss-the-girls,amazon,,,170,4,40845,,,,R,,https://ravanna.vidangel.com/file/ravanna/9/e/movies-9437_0010_01_9e0990bde72bc8b3.jpg
676311,movie,Klaus,klaus,netflix,,,74,4,40178,,,,PG,,https://ravanna.vidangel.com/file/ravanna/5/7/movies-508965_0010_03_5739393767fe4dd7.jpg
58799,movie,Knight of Cups,knight-of-cups,amazon-prime,,,123,4,51652,,,,R,,https://ravanna.vidangel.com/file/ravanna/3/2/movies-86835_0010_02_325bb6ae6131dc13.jpg
677022,movie,Knives Out,knives-out,amazon,,,186,5,41077,,,,PG-13,,https://ravanna.vidangel.com/file/ravanna/7/2/movies-546554_0010_01_723757574e5e01c8.jpg
694759,movie,Knock at the Cabin,knock-at-the-cabin,peacock,,,87,3,62719,,,,R,,https://ravanna.vidangel.com/file/ravanna/gen/W/v/movie-631842_20230725_WvoYvBMpszhVweal.jpg
2964,movie,Knocked Up,knocked-up,amazon,,,701,5,69519,,,,R,,https://ravanna.vidangel.com/file/ravanna/d/d/movies-4964_0010_03_dd1ae01674a1b3b3.jpg
3698,movie,Knowing,knowing,amazon,,,74,5,54050,,,,PG-13,,https://ravanna.vidangel.com/file/ravanna/7/8/movies-13811_0010_02_78974eb52a811bc7.jpg
218335,movie,Kodachrome,kodachrome,netflix,,,151,5,35438,,,,TV-MA,,https://ravanna.vidangel.com/file/ravanna/0/b/movies-419635_0010_01_0bb20668620200af.jpg
702256,movie,KPop Demon Hunters,kpop-demon-hunters,netflix,,,182,4,75670,,,,PG,,https://ravanna.vidangel.com/file/ravanna/8/1/movies-803796_0010_02_81dc25a96a3fd4e5.jpg
2744,movie,Krampus,krampus-2015,amazon,,,188,4,39461,,,,PG-13,,https://ravanna.vidangel.com/file/ravanna/3/4/movies-287903_0010_06_342e2bcd0e4b80de.jpg
701661,movie,Kraven the Hunter,kraven-the-hunter,netflix,,,196,3,69624,,,,R,,https://ravanna.vidangel.com/file/ravanna/3/6/movies-539972_0010_02_36ee1a3255c5e0bd.jpg
2180,movie,Kung Fu Panda,kung-fu-panda,amazon,,,141,3,58632,,,,PG,,https://ravanna.vidangel.com/file/ravanna/1/b/movies-9502_0010_01_1be9aef445ed3683.jpg
2222,movie,Kung Fu Panda 2,kung-fu-panda-2,amazon,,,123,2,58085,,,,PG,,https://ravanna.vidangel.com/file/ravanna/f/0/movies-49444_0010_04_f04919c2cbed58b2.jpg
3159,movie,Kung Fu Panda 3,kung-fu-panda-3,amazon,,,146,4,52936,,,,PG,,https://ravanna.vidangel.com/file/ravanna/2/d/movies-140300_0010_04_2d410b05962df59d.jpg
698199,movie,Kung Fu Panda 4,kung-fu-panda-4,amazon-prime,,,136,4,74274,,,,PG,,https://ravanna.vidangel.com/file/ravanna/gen/V/C/movie-1011985_20240621_VCSsgQ76d4aw7Q1Q.jpg
700650,movie,La Dolce Villa,la-dolce-villa,netflix,,,61,5,67881,,,,TV-PG,,https://ravanna.vidangel.com/file/ravanna/gen/x/i/movie-1252377_20250213_xioGTdKyiqOeC5yj.jpg
162758,movie,La La Land,la-la-land,amazon,,,83,5,54874,,,,PG-13,,https://ravanna.vidangel.com/file/ravanna/a/7/movies-313369_0010_02_a75e0fd2758a13bc.jpg
1076,movie,Labor Day,labor-day,amazon,,,74,5,52768,,,,PG-13,,https://ravanna.vidangel.com/file/ravanna/f/6/movies-130150_0010_02_f6b6b57e545b091a.jpg
675587,movie,Ladies in Black,ladies-in-black,amazon,,,181,4,39428,,,,PG,,https://ravanna.vidangel.com/file/ravanna/e/7/movies-483411_0010_01_e7cde6112dfd9084.jpg
204545,movie,Lady Bird,lady-bird,amazon,,,139,5,42413,,,,R,,https://ravanna.vidangel.com/file/ravanna/2/a/movies-391713_0010_01_2a26becb911459be.jpg
692443,movie,Lady Chatterley's Lover,lady-chatterleys-lover-e4bba,netflix,,,153,4,53948,,,,R,,https://ravanna.vidangel.com/file/ravanna/6/f/movies-814338_0010_07_6fbc4f033b6c32a9.jpg
213721,movie,Lady Macbeth,lady-macbeth,amazon-prime,,,76,4,31865,,,,R,,https://ravanna.vidangel.com/file/ravanna/0/6/movies-410117_0010_02_068ef76e53d6bad8.jpg
703269,movie,Lamborghini: The Man Behind the Legend,lamborghini-the-man-behind-the-legend,amazon,,,48,4,73305,,,,R,,https://ravanna.vidangel.com/file/ravanna/gen/Z/D/movie-457232_20251106_ZDNJ4NbPIklbUa3M.jpg
697841,movie,Land of Bad,land-of-bad,netflix,,,382,3,63725,,,,R,,https://ravanna.vidangel.com/file/ravanna/gen/W/V/movie-969492_20240520_WVWBcng3e9yTY0bE.jpg
174476,movie,Land of Mine,land-of-mine,amazon,,,64,3,34983,,,,R,,https://ravanna.vidangel.com/file/ravanna/9/9/movies-335578_0010_01_997e9ebc537a9614.jpg
3278,movie,Land of the Lost,land-of-the-lost,amazon,,,254,5,66420,,,,PG-13,,https://ravanna.vidangel.com/file/ravanna/6/1/movies-18162_0010_03_61e16a9b5d216ff6.jpg
661051,movie,Landline,landline,amazon-prime,,,321,5,45684,,,,R,,https://ravanna.vidangel.com/file/ravanna/0/9/movies-419459_0010_01_09f734dab5acc3a3.jpg
682278,movie,Landry,landry-hair-chronicles,vidangel,,,13,3,45080,,,,NR,,https://content.vidangel.com/dry-bar-images/Landry-HairChronicles-VidAngel.jpg
3374,movie,Lara Croft: Tomb Raider,lara-croft-tomb-raider,amazon-channels-paramount,,,106,5,66515,,,,PG-13,,https://ravanna.vidangel.com/file/ravanna/5/8/movies-1995_0010_04_58c68f2bf89c71e3.jpg
3497,movie,Larry Crowne,larry-crowne,amazon,,,93,5,47769,,,,PG-13,,https://ravanna.vidangel.com/file/ravanna/f/e/movies-59861_0010_01_feb4d05dd46a57d5.jpg
674613,movie,Larry Omaha,larry-omaha-freaky-times-in-a-freaky-world,vidangel,,,9,4,38886,,,,NR,,https://content.vidangel.com/dry-bar-images/LarryOmaha-FreakyTimesInAFreakyWorld-VidAngel.jpg
3994,movie,Last Action Hero,last-action-hero,amazon,,,227,5,42678,,,,PG-13,,https://ravanna.vidangel.com/file/ravanna/4/9/movies-9593_0010_05_4978228638f28e2d.jpg
701416,movie,Last Breath,last-breath,amazon-prime,,,35,3,69138,,,,PG-13,,https://ravanna.vidangel.com/file/ravanna/gen/T/B/movie-972533_20250428_TBB7n5SVXPaN0eHq.jpg
676304,movie,Last Christmas,last-christmas,amazon,,,126,5,68969,,,,PG-13,,https://ravanna.vidangel.com/file/ravanna/f/5/movies-549053_0010_01_f52d5632a153ae63.jpg
678329,movie,Last Flight Out,last-flight-out,amazon,,,21,3,44794,,,,NR,,https://ravanna.vidangel.com/file/ravanna/3/a/movies-22489_0010_01_3a37a73a0c469f5e.jpg
3513,movie,Last Knights,last-knights,amazon,,,112,3,62630,,,,R,,https://ravanna.vidangel.com/file/ravanna/0/a/movies-308504_0010_01_0ad99b237eb6ae49.jpg
692472,movie,Last Night in Soho,last-night-in-soho,amazon,,,260,5,53989,,,,R,,https://ravanna.vidangel.com/file/ravanna/gen/X/Q/movie-576845_20221206_XQ80eWFTAPmBohos.jpg
675423,movie,Late Night,late-night,amazon-prime,,,209,5,39291,,,,R,,https://ravanna.vidangel.com/file/ravanna/f/d/movies-523172_0010_02_fd9fbd9f21ee2ae9.jpg
680645,movie,Latte and the Magic Waterstone,latte-and-the-magic-waterstone,netflix,,,106,2,43154,,,,TV-Y7,,https://ravanna.vidangel.com/file/ravanna/d/9/movies-586954_0010_01_d9e6c98c2056d133.jpg
1041,movie,Lawless,lawless,amazon,,,323,4,49715,,,,R,,https://ravanna.vidangel.com/file/ravanna/e/5/movies-82633_0010_04_e5fd24e8a3ac3b20.jpg
668185,movie,Lean on Pete,lean-on-pete,amazon,,,143,4,32857,,,,R,,https://ravanna.vidangel.com/file/ravanna/1/5/movies-407890_0010_06_1585e0263344d37a.jpg
669218,movie,Leanne Morgan,leanne-morgan-so-yummy,vidangel,,,13,3,33061,,,,NR,,https://content.vidangel.com/dry-bar-images/LeanneMorgan-SoYummy-VidAngel.jpg
2528,movie,Leap Year,leap-year,amazon,,,115,5,54452,,,,PG,,https://ravanna.vidangel.com/file/ravanna/2/6/movies-25195_0010_02_2644ce669fc32e46.jpg
178346,movie,Leap!,leap,netflix,,,68,5,32824,,,,PG,,https://ravanna.vidangel.com/file/ravanna/a/d/movies-342473_0010_07_ad8e382198f25ff4.jpg
669909,movie,Leave No Trace,leave-no-trace,amazon,,,20,5,51718,,,,PG,,https://ravanna.vidangel.com/file/ravanna/gen/x/u/20230405_xuBavYq2VwtvckuY.jpg
696354,movie,Leave the World Behind,leave-the-world-behind-5d46a,netflix,,,136,5,59906,,,,R,,https://ravanna.vidangel.com/file/ravanna/gen/x/o/movie-726209_20231208_xoP4pAGPTYv2w9uf.jpg
700297,movie,Lee,lee,amazon,,,236,5,67520,,,,R,,https://ravanna.vidangel.com/file/ravanna/gen/D/C/movie-832964_20250109_DCsC3ao1xVNW1XnY.jpg
1641,movie,Left Behind,left-behind,amazon,,,34,4,51703,,,,PG-13,,https://ravanna.vidangel.com/file/ravanna/6/7/movies-218043_0010_03_67a4d0236ba883b8.jpg
680245,movie,Legal Action,legal-action,amazon,,,27,3,42962,,,,TV-14,,https://ravanna.vidangel.com/file/ravanna/8/4/movies-552872_0010_01_846dbd5f4b01203e.jpg
1268,movie,Legally Blonde,legally-blonde,amazon,,,165,5,60030,,,,PG-13,,https://ravanna.vidangel.com/file/ravanna/a/e/movies-8835_0010_02_aee5fcf5aa9a0f2a.jpg
2804,movie,Legend,legend-2015,amazon,,,375,5,53265,,,,R,,https://ravanna.vidangel.com/file/ravanna/f/a/movies-276907_0010_01_fa57902c36c2530d.jpg
2773,movie,Legends of the Fall,legends-of-the-fall,amazon,,,155,5,52151,,,,R,,https://ravanna.vidangel.com/file/ravanna/9/e/movies-4476_0010_04_9e859d30c4192c64.jpg
662379,movie,Legion,legion,netflix,,,273,4,62419,,,,R,,https://ravanna.vidangel.com/file/ravanna/f/e/movies-22894_0010_04_fe467f370a36572c.jpg
224747,movie,Legion of Brothers,legion-of-brothers,amazon,,,34,3,34938,,,,TV-14,,https://ravanna.vidangel.com/file/ravanna/3/5/movies-433054_0010_02_35b3d776aa5a1f1b.jpg
2884,movie,Lemony Snicket's A Series of Unfortunate Events,lemony-snickets-a-series-of-unfortunate-events,amazon,,,58,5,56795,,,,PG,,https://ravanna.vidangel.com/file/ravanna/6/7/movies-11774_0010_09_67ac895644cab9c7.jpg
696233,movie,Leo,leo,netflix,,,187,5,59601,,,,PG,,https://ravanna.vidangel.com/file/ravanna/gen/A/c/movie-1075794_20231120_AcROn3JhglFsjdRx.jpg
93251,movie,Leonie,leonie,amazon-prime,,,52,5,35162,,,,PG-13,,https://ravanna.vidangel.com/file/ravanna/3/1/movies-171769_0010_01_31ac07673bb6f6dc.jpg
1275,movie,Les Misérables,les-miserables,amazon,,,140,5,57925,,,,PG-13,,https://ravanna.vidangel.com/file/ravanna/5/0/movies-82695_0010_01_500c20631f2d168c.jpg
692395,movie,Lesson Plan,lesson-plan,netflix,,,162,5,53897,,,,TV-MA,,https://ravanna.vidangel.com/file/ravanna/gen/X/D/movie-1049233_20221128_XDjbxYW84VHDHcqe.jpg
688313,movie,Let Him Go,let-him-go,amazon,,,76,4,60535,,,,R,,https://ravanna.vidangel.com/file/ravanna/7/6/movies-596161_0010_02_76d9176bd216c239.jpg
676399,movie,Let It Snow,let-it-snow,netflix,,,113,5,40027,,,,PG-13,,https://ravanna.vidangel.com/file/ravanna/0/e/movies-295151_0010_01_0e4c1f3078713862.jpg
2070,movie,Liar Liar,liar-liar,amazon,,,167,5,76296,,,,PG-13,,https://ravanna.vidangel.com/file/ravanna/f/9/movies-1624_0010_04_f9f8a3f395d2c56f.jpg
691266,movie,Licorice Pizza,licorice-pizza,amazon,,,197,5,52202,,,,R,,https://ravanna.vidangel.com/file/ravanna/b/c/movies-718032_0010_08_bc7dfefeb3e7c0d1.jpg
206678,movie,Life,life,amazon,,,103,2,66513,,,,R,,https://ravanna.vidangel.com/file/ravanna/8/6/movies-395992_0010_01_86c3d0f8f54437d5.jpg
664035,movie,Life,life-69935,amazon-prime,,,429,5,68679,,,,R,,https://ravanna.vidangel.com/file/ravanna/5/b/movies-6522_0010_02_5baab4f775528669.jpg
681920,movie,Life in a Year,life-in-a-year,amazon,,,195,5,44639,,,,PG-13,,https://ravanna.vidangel.com/file/ravanna/0/6/movies-447362_0010_01_06467b047473da07.jpg
670913,movie,Life Itself,life-itself-f17db,amazon-prime,,,156,4,34239,,,,R,,https://ravanna.vidangel.com/file/ravanna/9/e/movies-446696_0010_01_9ea5750d98835044.jpg
670954,movie,Lifechanger,lifechanger,amazon-prime,,,179,5,34207,,,,PG-13,,https://ravanna.vidangel.com/file/ravanna/1/4/movies-532645_0010_05_14e7abdc4cec04b6.jpg
696618,movie,Lift,lift,netflix,,,146,5,76419,,,,PG-13,,https://ravanna.vidangel.com/file/ravanna/e/4/movies-955916_0010_09_e4fa1d86789e9f40.jpg
675271,movie,Light of My Life,light-of-my-life,amazon-prime,,,39,4,40536,,,,R,,https://ravanna.vidangel.com/file/ravanna/8/0/movies-441183_0010_02_80b48fbb3a1fa717.jpg
669315,movie,Like Father,like-father,netflix,,,109,5,33351,,,,R,,https://ravanna.vidangel.com/file/ravanna/8/4/movies-518452_0010_01_848ed87e852ee148.jpg
1656,movie,Limitless,limitless,amazon,,,129,5,75833,,,,PG-13,,https://ravanna.vidangel.com/file/ravanna/5/c/movies-51876_0010_05_5c1c5953dcfef072.jpg
677402,movie,Line of Duty,line-of-duty-7f5be,amazon,,,153,4,41498,,,,R,,https://ravanna.vidangel.com/file/ravanna/0/3/movies-346709_0010_01_038e59b65acd8169.jpg
173924,movie,Lion,lion,netflix,,,39,5,35156,,,,PG-13,,https://ravanna.vidangel.com/file/ravanna/4/6/movies-334543_0010_09_46acc11de58209c0.jpg
671024,movie,Lionheart,lionheart-cf98d,netflix,,,36,5,34208,,,,TV-PG,,https://ravanna.vidangel.com/file/ravanna/e/2/movies-543774_0010_02_e2222dbad388049f.jpg
699244,movie,Lisa Frankenstein,lisa-frankenstein,amazon,,,190,5,65411,,,,PG-13,,https://ravanna.vidangel.com/file/ravanna/gen/J/S/movie-993784_20240930_JSVglyiLY6AXScNE.jpg
180789,movie,Little Evil,little-evil,netflix,,,200,4,31825,,,,TV-MA,,https://ravanna.vidangel.com/file/ravanna/9/7/movies-346671_0010_03_97e3707af271fa24.jpg
1209,movie,Little Fockers,little-fockers,amazon,,,190,5,60284,,,,PG-13,,https://ravanna.vidangel.com/file/ravanna/0/e/movies-39451_0010_03_0e3f231d504610d5.jpg
672155,movie,Little Italy,little-italy,amazon,,,288,5,48823,,,,R,,https://ravanna.vidangel.com/file/ravanna/f/8/movies-523773_0010_09_f8d371e4c43a1626.jpg
2985,movie,Little Women,little-women-1994,amazon,,,97,5,56928,,,,PG,,https://ravanna.vidangel.com/file/ravanna/4/c/movies-9587_0010_02_4cd4b6934959b6ef.jpg
677021,movie,Little Women,little-women-bcda2,amazon,,,61,5,41638,,,,PG,,https://ravanna.vidangel.com/file/ravanna/4/a/movies-331482_0010_07_4a0c9aad69e4c6c5.jpg
3762,movie,Live and Let Die,live-and-let-die,amazon,,,275,5,44624,,,,PG,,https://ravanna.vidangel.com/file/ravanna/7/3/movies-253_0010_05_736adea30a250986.jpg
3145,movie,"Lock, Stock and Two Smoking Barrels",lock-stock-and-two-smoking-barrels,amazon,,,437,5,45598,,,,R,,https://ravanna.vidangel.com/file/ravanna/9/8/movies-100_0010_0a_98a2ad2a7d6f824b.jpg
696047,movie,Locked In,locked-in,netflix,,,118,4,59348,,,,R,,https://ravanna.vidangel.com/file/ravanna/gen/8/h/movie-1064024_20231108_8hfhlNV5WUopjo0x.jpg
659591,movie,Lockout,lockout,amazon,,,191,4,42675,,,,PG-13,,https://ravanna.vidangel.com/file/ravanna/d/e/movies-81796_0010_01_de036e45e49cd4bf.jpg
3239,movie,London Has Fallen,london-has-fallen,amazon,,,197,3,64702,,,,R,,https://ravanna.vidangel.com/file/ravanna/4/c/movies-267860_0010_04_4ceb8c8910ffbbfc.jpg
1161,movie,Lone Survivor,lone-survivor,amazon,,,375,4,63719,,,,R,,https://ravanna.vidangel.com/file/ravanna/7/b/movies-193756_0010_01_7b2533fd66eeba28.jpg
699417,movie,Lonely Planet,lonely-planet,netflix,,,136,5,65589,,,,R,,https://ravanna.vidangel.com/file/ravanna/gen/f/5/movie-959429_20241011_f5HF4HyRJuKZMpnm.jpg
673407,movie,Long Shot,long-shot,amazon,,,404,5,58855,,,,R,,https://ravanna.vidangel.com/file/ravanna/1/d/movies-459992_0010_01_1dad31fe5ebf1a65.jpg
674990,movie,Long Shot,long-shot-6a948,netflix,,,43,5,39100,,,,TV-14,,https://ravanna.vidangel.com/file/ravanna/5/8/movies-477331_0010_01_58d63b9895bbcbd2.jpg
701274,movie,Longlegs,longlegs,amazon,,,62,4,68989,,,,R,,https://ravanna.vidangel.com/file/ravanna/2/a/movies-1226578_0010_02_2ae4caf6cdda022d.jpg
691299,movie,Look Both Ways,look-both-ways,netflix,,,170,5,52248,,,,TV-14,,https://ravanna.vidangel.com/file/ravanna/9/0/movies-805327_0010_01_90f6be98e6dfdcb3.jpg
1039,movie,Looper,looper,amazon,,,177,5,49759,,,,R,,https://ravanna.vidangel.com/file/ravanna/4/9/movies-59967_0010_01_49122c58ff3a727e.jpg
3056,movie,Lord of War,lord-of-war,amazon-prime,,,184,5,43409,,,,R,,https://ravanna.vidangel.com/file/ravanna/3/3/movies-1830_0010_01_333d8068180fb858.jpg
679947,movie,Lost Bullet,lost-bullet,netflix,,,213,4,42615,,,,TV-MA,,https://ravanna.vidangel.com/file/ravanna/5/a/movies-706503_0010_01_5a4e99337a63b2de.jpg
692229,movie,Lost Bullet 2,lost-bullet-2,netflix,,,134,3,53638,,,,R,,https://ravanna.vidangel.com/file/ravanna/gen/N/U/movie-948276_20221110_NUpmYDSaAf8lhVN6.jpg
677738,movie,Lost Girls,lost-girls,netflix,,,116,4,41466,,,,R,,https://ravanna.vidangel.com/file/ravanna/d/e/movies-567970_0010_01_de4d4c9ab0844099.jpg
668908,movie,Lost in London,lost-in-london,amazon-prime,,,158,5,32399,,,,PG-13,,https://ravanna.vidangel.com/file/ravanna/6/9/movies-435218_0010_04_69fad7dfcc9d99ce.jpg
2840,movie,Lost in Translation,lost-in-translation,amazon,,,58,4,63686,,,,R,,https://ravanna.vidangel.com/file/ravanna/9/6/movies-153_0010_01_96ba1d895a9c50eb.jpg
693160,movie,Lou,lou-27438,netflix,,,214,3,55191,,,,R,,https://ravanna.vidangel.com/file/ravanna/gen/l/G/movie-429473_20230208_lGFxNaGvIlVClK0Z.jpg
706865,movie,Louis Theroux: Inside the Manosphere,louis-theroux-inside-the-manosphere-2b54f,netflix,,,359,4,76179,,,,TV-MA,,https://ravanna.vidangel.com/file/ravanna/gen/V/C/movie-1633264_20260420_VCoPsOBKAyLxeBdi.jpg
3607,movie,Love & Friendship,love-friendship,amazon-prime,,,59,5,53178,,,,PG,,https://ravanna.vidangel.com/file/ravanna/a/b/movies-296360_0010_01_ab146e4a2235f420.jpg
690262,movie,Love & Gelato,love-gelato,netflix,,,183,5,51540,,,,TV-14,,https://ravanna.vidangel.com/file/ravanna/b/f/movies-968438_0010_01_bfb75476e8090246.jpg
1289,movie,Love Actually,love-actually,amazon,,,176,4,67702,,,,R,,https://ravanna.vidangel.com/file/ravanna/6/0/movies-508_0010_02_60f17b6c8eb991e6.jpg
696366,movie,Love Again,love-again,amazon,,,109,5,68695,,,,PG-13,,https://ravanna.vidangel.com/file/ravanna/gen/y/7/movie-758336_20231212_y7QV1Z53apCl8h41.jpg
689055,movie,Love and Monsters,love-and-monsters,amazon,,,159,5,59934,,,,PG-13,,https://ravanna.vidangel.com/file/ravanna/b/e/movies-590223_0010_03_be2c91e8bce505c9.jpg
695410,movie,Love at First Sight,love-at-first-sight,netflix,,,40,5,58343,,,,PG-13,,https://ravanna.vidangel.com/file/ravanna/2/b/movies-353577_0010_02_2beffccd24c0d36c.jpg
2529,movie,Love Happens,love-happens,amazon,,,96,5,47518,,,,PG-13,,https://ravanna.vidangel.com/file/ravanna/a/f/movies-25643_0010_03_afa8e10f370cc54e.jpg
685441,movie,Love Hard,love-hard,netflix,,,147,4,48817,,,,TV-MA,,https://ravanna.vidangel.com/file/ravanna/2/1/movies-734265_0010_01_212f307e672d96a7.jpg
701571,movie,Love Hurts,love-hurts-f88ec,amazon-prime,,,312,4,69267,,,,R,,https://ravanna.vidangel.com/file/ravanna/gen/U/W/movie-1226406_20250506_UWaPnYOxaVQhSj6Y.jpg
691574,movie,Love in the Villa,love-in-the-villa,netflix,,,122,5,52483,,,,TV-14,,https://ravanna.vidangel.com/file/ravanna/4/a/movies-934756_0010_01_4a83479b91bd9053.jpg
695537,movie,Love Is in the Air,love-is-in-the-air,netflix,,,72,4,58598,,,,PG-13,,https://ravanna.vidangel.com/file/ravanna/gen/p/9/movie-1167725_20230929_p9nEx9nXWyvbGaFO.jpg
701971,movie,Love Me,love-me,amazon-channels-paramount,,,91,4,69871,,,,R,,https://ravanna.vidangel.com/file/ravanna/8/f/movies-881415_0010_02_8f00fe360ab93705.jpg
705917,movie,Love Me Love Me,love-me-love-me,amazon-prime,,,359,5,74910,,,,TV-MA,,https://ravanna.vidangel.com/file/ravanna/gen/g/C/movie-1317672_20260213_gCAnzkj0epk0OYK9.jpg
2539,movie,Love the Coopers,love-the-coopers,amazon,,,150,5,66354,,,,PG-13,,https://ravanna.vidangel.com/file/ravanna/9/1/movies-333348_0010_01_91c79467c0687050.jpg
681013,movie,"Love, Guaranteed",love-guaranteed,netflix,,,83,5,43562,,,,TV-PG,,https://ravanna.vidangel.com/file/ravanna/1/8/movies-644090_0010_01_183dd3ea20899dba.jpg
2653,movie,"Love, Rosie",love-rosie,amazon-channels-starz,,,156,5,57122,,,,R,,https://ravanna.vidangel.com/file/ravanna/0/b/movies-200727_0010_01_0b9e517589f276c1.jpg
678933,movie,Love. Wedding. Repeat,love-wedding-repeat,netflix,,,414,5,41724,,,,TV-MA,,https://ravanna.vidangel.com/file/ravanna/e/5/movies-624808_0010_01_e5f3414387fecf81.jpg
697000,movie,"Lover, Stalker, Killer",lover-stalker-killer,netflix,,,68,4,61325,,,,R,,https://ravanna.vidangel.com/file/ravanna/gen/O/u/movie-1229958_20240226_OuB2oi2PLH8lWQLY.jpg
176584,movie,Loving,loving,amazon,,,63,4,46765,,,,PG-13,,https://ravanna.vidangel.com/file/ravanna/8/5/movies-339419_0010_01_85c53bfcf654011f.jpg
691597,movie,Loving Adults,loving-adults,netflix,,,126,5,52577,,,,TV-MA,,https://ravanna.vidangel.com/file/ravanna/a/2/movies-990691_0010_01_a20c58ce401bf4a6.jpg
176834,movie,Loving Vincent,loving-vincent,amazon,,,80,5,34506,,,,PG-13,,https://ravanna.vidangel.com/file/ravanna/f/8/movies-339877_0010_02_f8f55df8ade33157.jpg
676541,movie,Low Tide,low-tide,amazon,,,200,5,40151,,,,R,,https://ravanna.vidangel.com/file/ravanna/7/f/movies-493066_0010_02_7fc29e52c47e6a0e.jpg
691085,movie,Luck,luck-2865f,appletv,,,47,4,61638,,,,G,,https://ravanna.vidangel.com/file/ravanna/8/b/movies-585511_0010_01_8b492640418b6e5a.jpg
691858,movie,Luckiest Girl Alive,luckiest-girl-alive,netflix,,,333,5,53022,,,,R,,https://ravanna.vidangel.com/file/ravanna/gen/A/e/movie-799546_20221007_AeZ3aq1nKWU9pJ5B.jpg
680686,movie,Lucky Day,lucky-day,amazon,,,280,5,43261,,,,R,,https://ravanna.vidangel.com/file/ravanna/0/d/movies-477508_0010_01_0dc02112ee2682d2.jpg
1638,movie,Lucy,lucy,amazon,,,123,5,68795,,,,R,,https://ravanna.vidangel.com/file/ravanna/9/c/movies-240832_0010_02_9c430633c56e2609.jpg
693408,movie,Luther: The Fallen Sun,luther-the-fallen-sun,netflix,,,244,4,55348,,,,R,,https://ravanna.vidangel.com/file/ravanna/b/2/movies-722149_0010_04_b23affdb2f981bf8.jpg
694205,movie,"Lyle, Lyle, Crocodile",lyle-lyle-crocodile,amazon,,,69,5,58142,,,,PG,,https://ravanna.vidangel.com/file/ravanna/gen/D/6/movie-830784_20230519_D6jXVpaIBzu9y60D.jpg
2692,movie,Léon: The Professional,leon-the-professional,amazon,,,196,5,53058,,,,R,,https://ravanna.vidangel.com/file/ravanna/4/1/movies-101_0010_02_413a6885c00f6865.jpg
693195,movie,M3GAN,m3gan,peacock,,,111,4,62453,,,,PG-13,,https://ravanna.vidangel.com/file/ravanna/7/2/movies-536554_0010_01_72ede85cfb28ee1e.jpg
702909,movie,M3GAN 2.0,m3gan-20,amazon,,,201,5,72543,,,,PG-13,,https://ravanna.vidangel.com/file/ravanna/gen/Z/t/movie-1071585_20250926_ZtEOe16tUjrhtWX1.jpg
673675,movie,Ma,ma,amazon,,,450,5,60925,,,,R,,https://ravanna.vidangel.com/file/ravanna/e/d/movies-502416_0010_01_edf8ffb114439570.jpg
682118,movie,Ma Rainey's Black Bottom,ma-raineys-black-bottom,netflix,,,309,5,44861,,,,R,,https://ravanna.vidangel.com/file/ravanna/4/f/movies-615667_0010_05_4fb1ec44b5f4dcaf.jpg
1043,movie,Machine Gun Preacher,machine-gun-preacher,amazon,,,193,5,64952,,,,R,,https://ravanna.vidangel.com/file/ravanna/9/b/movies-45610_0010_01_9b09a943ae45783f.jpg
659939,movie,Mad Money,mad-money,amazon,,,138,5,51416,,,,PG-13,,https://ravanna.vidangel.com/file/ravanna/9/0/movies-12085_0010_01_90db55f7139ce356.jpg
1309,movie,Madagascar,madagascar,amazon,,,145,5,75736,,,,PG,,https://ravanna.vidangel.com/file/ravanna/3/a/movies-953_0010_02_3a3919353b5c1dd9.jpg
2381,movie,Madagascar 3: Europe's Most Wanted,madagascar-3-europes-most-wanted,netflix,,,177,5,57922,,,,PG,,https://ravanna.vidangel.com/file/ravanna/a/5/movies-80321_0010_01_a54c944ad4e6d3cf.jpg
1256,movie,Madagascar: Escape 2 Africa,madagascar-escape-2-africa,netflix,,,99,5,47856,,,,PG,,https://ravanna.vidangel.com/file/ravanna/6/1/movies-10527_0010_01_61f86c046953db07.jpg
680691,movie,Made in Italy,made-in-italy,amazon-channels-amc,,,54,4,60856,,,,NR,,https://ravanna.vidangel.com/file/ravanna/1/7/movies-659991_0010_02_17709d7386c8edeb.jpg
1235,movie,Made of Honor,made-of-honor,amazon,,,198,5,52152,,,,PG-13,,https://ravanna.vidangel.com/file/ravanna/e/4/movies-10761_0010_01_e4aa15764570d126.jpg
659674,movie,Madea's Big Happy Family,madeas-big-happy-family,amazon,,,345,5,44687,,,,PG-13,,https://ravanna.vidangel.com/file/ravanna/3/0/movies-51017_0010_01_302b755047eeae24.jpg
702176,movie,Madea's Destination Wedding,madeas-destination-wedding,netflix,,,474,5,70356,,,,PG-13,,https://ravanna.vidangel.com/file/ravanna/gen/i/0/movie-1246310_20250711_i01aQjAiQNLICPyn.jpg
659577,movie,Madea's Witness Protection,madeas-witness-protection,amazon,,,197,5,40126,,,,PG-13,,https://ravanna.vidangel.com/file/ravanna/b/0/movies-103370_0010_05_b0e8903f48442187.jpg
696479,movie,Maestro,maestro,netflix,,,80,4,60070,,,,R,,https://ravanna.vidangel.com/file/ravanna/gen/g/w/movie-523607_20231219_gw74uw5b58gvUriJ.jpg
3153,movie,Maggie,maggie,amazon,,,70,5,54292,,,,PG-13,,https://ravanna.vidangel.com/file/ravanna/1/c/movies-287424_0010_02_1cf102ef0218292f.jpg
3352,movie,Maid in Manhattan,maid-in-manhattan,amazon,,,149,5,65962,,,,PG-13,,https://ravanna.vidangel.com/file/ravanna/7/0/movies-7303_0010_03_70bbe201cca3e709.jpg
702960,movie,Maintenance Required,maintenance-required,amazon-prime,,,200,5,72667,,,,PG-13,,https://ravanna.vidangel.com/file/ravanna/d/a/movies-1352755_0010_03_dad3af40b1abade0.jpg
2757,movie,Major Payne,major-payne,amazon,,,105,5,61968,,,,PG-13,,https://ravanna.vidangel.com/file/ravanna/a/5/movies-11008_0010_01_a52cde7a0a2cfb1d.jpg
682791,movie,Malcolm & Marie,malcolm-marie,netflix,,,715,4,45876,,,,R,,https://ravanna.vidangel.com/file/ravanna/1/b/movies-722913_0010_01_1ba21ad863bef431.jpg
670218,movie,Malicious,malicious-758d3,amazon-prime,,,99,4,36553,,,,TV-MA,,https://ravanna.vidangel.com/file/ravanna/f/f/movies-426375_0010_04_ffa10389440480a3.jpg
1691,movie,Mamma Mia!,mamma-mia,amazon-prime,,,205,5,71578,,,,PG-13,,https://ravanna.vidangel.com/file/ravanna/f/7/movies-11631_0010_05_f72dc535be8dc7e1.jpg
3385,movie,Man on a Ledge,man-on-a-ledge,amazon,,,192,5,54041,,,,PG-13,,https://ravanna.vidangel.com/file/ravanna/c/9/movies-49527_0010_03_c9a1a0e42b3e8a76.jpg
3766,movie,Man on the Moon,man-on-the-moon,amazon,,,130,4,53864,,,,R,,https://ravanna.vidangel.com/file/ravanna/6/0/movies-1850_0010_06_60141c8e0150ffe1.jpg
173923,movie,Manchester by the Sea,manchester-by-the-sea,amazon-prime,,,245,4,34953,,,,R,,https://ravanna.vidangel.com/file/ravanna/2/6/movies-334541_0010_01_26beeb32a7174c8f.jpg
681985,movie,Mank,mank,netflix,,,113,4,44711,,,,R,,https://ravanna.vidangel.com/file/ravanna/8/8/movies-614560_0010_01_88cfa173d7ca1f02.jpg
3741,movie,Marathon Man,marathon-man,amazon,,,154,4,53164,,,,R,,https://ravanna.vidangel.com/file/ravanna/f/8/movies-10518_0010_01_f89db45c82c1f69a.jpg
2646,movie,Margin Call,margin-call,amazon,,,137,4,54342,,,,R,,https://ravanna.vidangel.com/file/ravanna/5/9/movies-50839_0010_01_5931aecdd856fbe3.jpg
700029,movie,Maria,maria,netflix,,,60,5,66620,,,,R,,https://ravanna.vidangel.com/file/ravanna/c/e/movies-1038263_0010_03_cee60b47b6b79f50.jpg
3718,movie,Marie Antoinette,marie-antoinette-2006,amazon,,,169,5,64959,,,,PG-13,,https://ravanna.vidangel.com/file/ravanna/d/b/movies-1887_0010_01_dbeb5396f5770d0f.jpg
221536,movie,Marjorie Prime,marjorie-prime,amazon,,,33,5,31787,,,,PG-13,,https://ravanna.vidangel.com/file/ravanna/b/0/movies-426254_0010_02_b088792a28bcb09f.jpg
203779,movie,Mark Felt,mark-felt-the-man-who-brought-the-white-house-down,amazon,,,83,5,36016,,,,PG-13,,https://ravanna.vidangel.com/file/ravanna/3/c/movies-390061_0010_01_3cbd4838a89e745b.jpg
697112,movie,Marlowe,marlowe,amazon,,,147,5,61445,,,,R,,https://ravanna.vidangel.com/file/ravanna/gen/N/e/movie-844417_20240307_NecrBm7FvmgQlQGK.jpg
676495,movie,Marriage Story,marriage-story,netflix,,,182,4,40193,,,,R,,https://ravanna.vidangel.com/file/ravanna/5/e/movies-492188_0010_01_5e2dadf0e5d9db14.jpg
211683,movie,Married By Christmas,married-by-christmas,amazon-channels-hallmark,,,133,5,32185,,,,NR,,https://ravanna.vidangel.com/file/ravanna/b/9/movies-406129_0010_02_b9e2d97560bf394d.jpg
690376,movie,Marry Me,marry-me-d9897,netflix,,,178,5,71259,,,,PG-13,,https://ravanna.vidangel.com/file/ravanna/0/c/movies-615904_0010_04_0cd9af89f23e2404.jpg
205204,movie,Marshall,marshall,amazon-channels-starz,,,223,5,48221,,,,PG-13,,https://ravanna.vidangel.com/file/ravanna/b/b/movies-392982_0010_01_bb211c1c7783c928.jpg
699630,movie,Martha,martha,netflix,,,72,5,65915,,,,R,,https://ravanna.vidangel.com/file/ravanna/gen/A/D/movie-1330409_20241030_ADxRdaoGNRUc6FIs.jpg
704415,movie,Marty Supreme,marty-supreme-004bf,amazon,,,374,4,75571,,,,R,,https://ravanna.vidangel.com/file/ravanna/gen/R/F/movie-1317288_20260130_RFSVKpPGefasFTp8.jpg
699976,movie,Mary,mary-01157,netflix,,,80,5,66541,,,,PG-13,,https://ravanna.vidangel.com/file/ravanna/gen/9/h/movie-1243381_20241206_9hIu5LcH3J7mAQph.jpg
673082,movie,Mary Magdalene,mary-magdalene,amazon-channels-amc,,,53,3,47278,,,,R,,https://ravanna.vidangel.com/file/ravanna/1/0/movies-407439_0010_01_1008b06315b82114.jpg
671480,movie,Mary Queen of Scots,mary-queen-of-scots-8526b,amazon,,,83,4,36669,,,,R,,https://ravanna.vidangel.com/file/ravanna/4/c/movies-457136_0010_01_4c0b23479d1a3190.jpg
668787,movie,Mary Shelley,mary-shelley,amazon-channels-amc,,,94,5,32525,,,,PG-13,,https://ravanna.vidangel.com/file/ravanna/8/e/movies-332283_0010_01_8eb973928785fb1d.jpg
659296,movie,Masterminds,masterminds,amazon,,,190,5,39043,,,,PG-13,,https://ravanna.vidangel.com/file/ravanna/c/8/movies-213681_0010_02_c8e65de32616318e.jpg
702667,movie,Materialists,materialists,amazon,,,101,3,71983,,,,R,,https://ravanna.vidangel.com/file/ravanna/gen/w/O/movie-1136867_20250902_wOduHNLziR9BPIeX.jpg
2705,movie,Matilda,matilda-1996,netflix,,,146,5,39135,,,,PG,,https://ravanna.vidangel.com/file/ravanna/0/e/movies-10830_0010_01_0ece9feee7e1a5bb.jpg
700790,movie,Matthew Perry: A Hollywood Tragedy,matthew-perry-a-hollywood-tragedy,peacock,,,88,4,68187,,,,PG-13,,https://ravanna.vidangel.com/file/ravanna/e/f/movies-1436524_0010_01_efc4cf558e04051c.jpg
692875,movie,Maureen Langan,maureen-langan-dont-make-me-hate-you,vidangel,,,17,2,54468,,,,NR,,https://content.vidangel.com/dry-bar-images/MaureenLangan-DontMakeMeHateYou-VidAngel.jpg
659292,movie,Max Steel,max-steel,amazon-channels-starz,,,57,4,32964,,,,PG-13,,https://ravanna.vidangel.com/file/ravanna/6/c/movies-286567_0010_01_6c25c333fd04c32b.jpg
696292,movie,May December,may-december,netflix,,,75,5,59793,,,,R,,https://ravanna.vidangel.com/file/ravanna/e/c/movies-839369_0010_02_ec2b0e32cda10f26.jpg
684805,movie,Mayhem,mayhem,amazon,,,329,5,50983,,,,TV-MA,,https://ravanna.vidangel.com/file/ravanna/c/1/movies-429733_0010_02_c124f1933d0a41e7.jpg
691416,movie,Me Time,me-time,netflix,,,311,5,52376,,,,R,,https://ravanna.vidangel.com/file/ravanna/a/4/movies-862551_0010_02_a413c9a054068b1d.jpg
696965,movie,Mea Culpa,mea-culpa,netflix,,,251,4,61144,,,,R,,https://ravanna.vidangel.com/file/ravanna/gen/b/D/movie-1090874_20240222_bDJVDvzqitPxmh13.jpg
1143,movie,Mean Girls,mean-girls-1,amazon-channels-starz,,,223,5,70866,,,,PG-13,,https://ravanna.vidangel.com/file/ravanna/e/e/movies-10625_0010_02_ee0f87e647979e2a.jpg
697073,movie,Mean Girls,mean-girls,netflix,,,503,5,73704,,,,PG-13,,https://ravanna.vidangel.com/file/ravanna/gen/4/n/movie-673593_20240305_4nmzbu4kgtpVtk2P.jpg
3912,movie,Mechanic: Resurrection,mechanic-resurrection,amazon,,,207,4,76429,,,,R,,https://ravanna.vidangel.com/file/ravanna/a/f/movies-278924_0010_02_af37ca568c4188c2.jpg
694401,movie,Medellin,medellin,amazon-prime,,,364,4,56751,,,,TV-MA,,https://ravanna.vidangel.com/file/ravanna/gen/o/g/movie-961718_20230606_oghzFaqbuY3xS0W2.jpg
2256,movie,Meet Joe Black,meet-joe-black,amazon,,,121,5,56742,,,,PG-13,,https://ravanna.vidangel.com/file/ravanna/8/e/movies-297_0010_01_8ebe3bb4bed75c6d.jpg
699747,movie,Meet Me Next Christmas,meet-me-next-christmas,netflix,,,149,5,66118,,,,PG,,https://ravanna.vidangel.com/file/ravanna/gen/M/q/manual_20241114_Mqncg8lhXxv6QOus.jpg
1191,movie,Meet the Fockers,meet-the-fockers,amazon,,,165,5,64178,,,,PG-13,,https://ravanna.vidangel.com/file/ravanna/e/7/movies-693_0010_09_e76c330d28a64c3e.jpg
1029,movie,Meet the Parents,meet-the-parents,amazon,,,128,5,64070,,,,PG-13,,https://ravanna.vidangel.com/file/ravanna/e/a/movies-1597_0010_0a_ea90c4410bb6c641.jpg
220740,movie,Megan Leavey,megan-leavey,amazon,,,133,5,63591,,,,PG-13,,https://ravanna.vidangel.com/file/ravanna/0/a/movies-424488_0010_01_0ad881c80ba30207.jpg
1659,movie,Memento,memento,peacock,,,248,5,63605,,,,R,,https://ravanna.vidangel.com/file/ravanna/6/d/movies-77_0010_01_6d887d3fb39c1ec6.jpg
691598,movie,Memory,memory-13cf4,amazon-prime,,,209,4,52616,,,,R,,https://ravanna.vidangel.com/file/ravanna/7/c/movies-818397_0010_06_7cbfc0fb5023c4dc.jpg
1032,movie,Men in Black,men-in-black,amazon,,,160,5,63724,,,,PG-13,,https://ravanna.vidangel.com/file/ravanna/5/c/movies-607_0010_05_5cf62a1e518c377a.jpg
1414,movie,Men in Black 3,men-in-black-3,amazon,,,144,5,63728,,,,PG-13,,https://ravanna.vidangel.com/file/ravanna/f/1/movies-41154_0010_03_f12217f1d07f97e6.jpg
1450,movie,Men in Black II,men-in-black-ii,amazon,,,164,5,63726,,,,PG-13,,https://ravanna.vidangel.com/file/ravanna/4/5/movies-608_0010_04_451bcd2615845342.jpg
674645,movie,Men in Black: International,men-in-black-international,amazon,,,141,5,39501,,,,PG-13,,https://ravanna.vidangel.com/file/ravanna/6/3/movies-479455_0010_06_63129338567c63a0.jpg
706295,movie,Mercy,mercy,amazon,,,232,5,75624,,,,PG-13,,https://ravanna.vidangel.com/file/ravanna/6/9/movies-1236153_0010_03_69b15e069b84629c.jpg
2807,movie,Meru,meru,netflix,,,39,3,36739,,,,R,,https://ravanna.vidangel.com/file/ravanna/b/f/movies-318279_0010_02_bf7037898dc8f830.jpg
703618,movie,Merv,merv,amazon-prime,,,105,5,73768,,,,PG,,https://ravanna.vidangel.com/file/ravanna/gen/f/f/movie-1255775_20251210_ffe106zpXZwryrlO.jpg
156562,movie,Message From The King,message-from-the-king,netflix,,,263,5,31811,,,,TV-MA,,https://ravanna.vidangel.com/file/ravanna/a/9/movies-301355_0010_01_a975eddc6f60a1f1.jpg
688594,movie,Metal Lords,metal-lords,netflix,,,316,5,50655,,,,R,,https://ravanna.vidangel.com/file/ravanna/d/f/movies-739993_0010_01_df32fe42060f60dd.jpg
2051,movie,Midnight in Paris,midnight-in-paris,amazon,,,77,3,36855,,,,PG-13,,https://ravanna.vidangel.com/file/ravanna/9/7/movies-59436_0010_01_9733107370eb63f0.jpg
2472,movie,Midnight Run,midnight-run,amazon,,,305,4,68175,,,,R,,https://ravanna.vidangel.com/file/ravanna/f/a/movies-9013_0010_01_faa2e8190d06b742.jpg
659199,movie,Midnight Sun,midnight-sun,amazon,,,98,5,47384,,,,PG-13,,https://ravanna.vidangel.com/file/ravanna/d/2/movies-419478_0010_02_d2f40034137f9028.jpg
656806,movie,Midnighters,midnighters,amazon-channels-amc,,,154,4,36022,,,,NR,,https://ravanna.vidangel.com/file/ravanna/8/b/movies-460279_0010_01_8b47cab3d1cbbc5e.jpg
674659,movie,Midsommar,midsommar,amazon,,,255,5,39642,,,,R,,https://ravanna.vidangel.com/file/ravanna/5/0/movies-530385_0010_01_50e2b0fa21807bdd.jpg
676300,movie,Midway,midway-6d417,amazon-channels-amc,,,244,5,66438,,,,PG-13,,https://ravanna.vidangel.com/file/ravanna/f/c/movies-522162_0010_01_fcd2752f277c1443.jpg
681964,movie,Mike Goodwin,mike-goodwin-whatchanotgonedo-is-just-laugh-at-these-jokes,vidangel,,,6,3,44714,,,,NR,,https://content.vidangel.com/dry-bar-images/MikeGoodwin-WhatchanotgonedoIsNotLaughAtTheseJokes-VidAngel.jpg
669862,movie,Mike Paramore,mike-paramore-youve-just-been-flirted-with,vidangel,,,9,1,32211,,,,NR,,https://content.vidangel.com/dry-bar-images/MikeParamore-YouveJustBeenFlirtedWith-VidAngel.jpg
699430,movie,Mike Whitman,mike-whitman-odds-and-ends,vidangel,,,8,3,66000,,,,NR,,https://content.vidangel.com/dry-bar-images/941-MikeWhitman-OddsEnds-VidAngel.jpeg
670319,movie,Mile 22,mile-22,amazon,,,255,4,44308,,,,R,,https://ravanna.vidangel.com/file/ravanna/1/9/movies-347375_0010_01_194ddc9464eb2a46.jpg
697600,movie,Miller's Girl,millers-girl,amazon,,,246,4,62329,,,,R,,https://ravanna.vidangel.com/file/ravanna/gen/3/M/movie-1026436_20240425_3MejosgQ9OCUepbP.jpg
675613,movie,Mine,mine,amazon,,,110,3,45953,,,,TV-MA,,https://ravanna.vidangel.com/file/ravanna/1/b/movies-345009_0010_02_1b420d906a8ba5d8.jpg
2402,movie,Minions,minions,amazon,,,162,5,59080,,,,PG,,https://ravanna.vidangel.com/file/ravanna/5/9/movies-211672_0010_04_59b6d2d2f9496c1a.jpg
691278,movie,Minions: The Rise of Gru,minions-the-rise-of-gru,netflix,,,153,4,59722,,,,PG,,https://ravanna.vidangel.com/file/ravanna/1/c/movies-438148_0010_01_1c4cd525fc5611d0.jpg
2944,movie,Miracles from Heaven,miracles-from-heaven,amazon,,,107,5,70061,,,,PG,,https://ravanna.vidangel.com/file/ravanna/3/6/movies-339984_0010_01_368d066c1dc4ff4c.jpg
694847,movie,"Miraculous: Ladybug & Cat Noir, The Movie",miraculous-ladybug-cat-noir-the-movie,netflix,,,100,3,57617,,,,PG,,https://ravanna.vidangel.com/file/ravanna/gen/F/D/movie-496450_20230731_FDlXhYun0Kl09kL5.jpg
672357,movie,Mirai,mirai,amazon,,,51,4,49642,,,,PG,,https://ravanna.vidangel.com/file/ravanna/7/f/movies-475215_0010_01_7ffab6d462ab768f.jpg
677587,movie,Miss Americana,miss-americana,netflix,,,125,3,40958,,,,TV-MA,,https://ravanna.vidangel.com/file/ravanna/2/2/movies-653567_0010_02_229f2a694106bf42.jpg
671720,movie,Miss Bala,miss-bala-637b2,amazon,,,209,5,37613,,,,PG-13,,https://ravanna.vidangel.com/file/ravanna/f/8/movies-500852_0010_01_f8e5b0b02f368956.jpg
10348,movie,Miss Pettigrew Lives for a Day,miss-pettigrew-lives-for-a-day,amazon,,,178,5,35666,,,,PG-13,,https://ravanna.vidangel.com/file/ravanna/6/6/movies-12178_0010_03_66c2d2e27eeecfb4.jpg
196655,movie,Miss Sloane,miss-sloane,amazon,,,114,5,46313,,,,R,,https://ravanna.vidangel.com/file/ravanna/1/6/movies-376290_0010_03_16fcf7e80b84a73b.jpg
695373,movie,Missing,missing-32a73,amazon,,,105,5,59974,,,,PG-13,,https://ravanna.vidangel.com/file/ravanna/gen/K/F/movie-768362_20230911_KFYkPNbGIOaM5ajB.jpg
1709,movie,Mission: Impossible,mission-impossible,paramount,,,113,4,71301,,,,PG-13,,https://ravanna.vidangel.com/file/ravanna/4/4/movies-954_0010_06_440c2a2dc8233528.jpg
695578,movie,Mission: Impossible - Dead Reckoning,mission-impossible-dead-reckoning-part-one,amazon-channels-paramount,,,197,5,75374,,,,PG-13,,https://ravanna.vidangel.com/file/ravanna/gen/f/m/movie-575264_20231009_fmMfia8O36xKrAS9.jpg
670559,movie,Mission: Impossible - Fallout,mission-impossible-fallout,paramount,,,171,4,70821,,,,PG-13,,https://ravanna.vidangel.com/file/ravanna/5/0/movies-353081_0010_09_507bd36f015162d9.jpg
2399,movie,Mission: Impossible - Rogue Nation,mission-impossible-rogue-nation,paramount,,,111,3,72388,,,,PG-13,,https://ravanna.vidangel.com/file/ravanna/b/7/movies-177677_0010_07_b7a73c04b71ab33d.jpg
702489,movie,Mission: Impossible - The Final Reckoning,mission-impossible-the-final-reckoning,paramount,,,201,4,73679,,,,PG-13,,https://ravanna.vidangel.com/file/ravanna/gen/N/F/movie-575265_20250818_NFsz7Zv8ESd9ThFk.jpg
1707,movie,Mission: Impossible II,mission-impossible-ii,paramount,,,178,5,71837,,,,PG-13,,https://ravanna.vidangel.com/file/ravanna/0/9/movies-955_0010_08_092c89e19bb83231.jpg
1291,movie,Mission: Impossible III,mission-impossible-iii,amazon,,,150,5,71940,,,,PG-13,,https://ravanna.vidangel.com/file/ravanna/6/5/movies-956_0010_01_65cac9eb415f3c76.jpg
1467,movie,Mission: Impossible IV,mission-impossible-ghost-protocol,paramount,,,141,5,72002,,,,PG-13,,https://ravanna.vidangel.com/file/ravanna/f/2/movies-56292_0010_06_f2c8aa660a54c520.jpg
206894,movie,Molly's Game,mollys-game,amazon,,,262,5,41675,,,,R,,https://ravanna.vidangel.com/file/ravanna/f/2/movies-396371_0010_01_f2ae30e52cc17a0d.jpg
209417,movie,Mom and Dad,mom-and-dad,amazon,,,243,5,35363,,,,R,,https://ravanna.vidangel.com/file/ravanna/a/c/movies-401561_0010_03_ac1bddba0851bca1.jpg
3606,movie,Money Monster,money-monster,amazon,,,355,5,73716,,,,R,,https://ravanna.vidangel.com/file/ravanna/8/6/movies-303858_0010_02_86ed893092725bcf.jpg
1222,movie,Moneyball,moneyball,amazon,,,43,4,64051,,,,PG-13,,https://ravanna.vidangel.com/file/ravanna/1/b/movies-60308_0010_03_1b240ee90141e7df.jpg
698135,movie,Monkey Man,monkey-man,amazon,,,522,5,65680,,,,R,,https://ravanna.vidangel.com/file/ravanna/gen/o/X/movie-560016_20240617_oXA8sMFGDZYuVWaO.jpg
2367,movie,Monster House,monster-house,amazon,,,187,5,65739,,,,PG,,https://ravanna.vidangel.com/file/ravanna/7/3/movies-9297_0010_07_73af4765fece5eed.jpg
684284,movie,Monster Hunter: Legends of the Guild,monster-hunter-legends-of-the-guild,netflix,,,152,5,47816,,,,TV-PG,,https://ravanna.vidangel.com/file/ravanna/9/2/movies-851281_0010_07_9250052bb69a6356.jpg
133144,movie,Monster Trucks,monster-trucks,amazon,,,52,4,57307,,,,PG,,https://ravanna.vidangel.com/file/ravanna/d/0/movies-262841_0010_01_d0f13141eb78a3e4.jpg
5537,movie,Monster's Ball,monsters-ball,amazon,,,140,4,39020,,,,R,,https://ravanna.vidangel.com/file/ravanna/3/7/movies-1365_0010_01_37d4524dd509606a.jpg
2321,movie,Monty Python and the Holy Grail,monty-python-and-the-holy-grail,amazon-prime,,,138,4,36440,,,,PG,,https://ravanna.vidangel.com/file/ravanna/6/2/movies-762_0010_04_62c1b69abe1d2494.jpg
1785,movie,Moon,moon,amazon,,,140,4,67823,,,,R,,https://ravanna.vidangel.com/file/ravanna/7/2/movies-17431_0010_05_72c31827c6aa058e.jpg
690290,movie,Moonfall,moonfall,amazon,,,93,4,70406,,,,PG-13,,https://ravanna.vidangel.com/file/ravanna/b/b/movies-406759_0010_01_bb66d7e564e03bbd.jpg
196892,movie,Moonlight,moonlight,amazon,,,278,5,38439,,,,R,,https://ravanna.vidangel.com/file/ravanna/1/d/movies-376867_0010_05_1d91962cd689bbac.jpg
2364,movie,Moonrise Kingdom,moonrise-kingdom,amazon,,,88,5,34971,,,,PG-13,,https://ravanna.vidangel.com/file/ravanna/3/5/movies-83666_0010_01_35449aeacc779b43.jpg
658609,movie,Moonstruck,moonstruck,amazon,,,96,5,40749,,,,PG,,https://ravanna.vidangel.com/file/ravanna/d/d/movies-2039_0010_02_dd9e1c150bc588f1.jpg
693159,movie,Morbius,morbius,amazon,,,149,5,54986,,,,PG-13,,https://ravanna.vidangel.com/file/ravanna/gen/A/s/movie-526896_20230208_Asyy8FEtcF8Cqfkm.jpg
3821,movie,Morning Glory,morning-glory,amazon,,,159,5,55370,,,,PG-13,,https://ravanna.vidangel.com/file/ravanna/3/a/movies-38357_0010_02_3ab934334e175ea7.jpg
671491,movie,Mortal Engines,mortal-engines,amazon,,,100,4,61856,,,,PG-13,,https://ravanna.vidangel.com/file/ravanna/f/d/movies-428078_0010_03_fd983482a4572b45.jpg
2755,movie,Mortdecai,mortdecai,amazon,,,251,4,57308,,,,R,,https://ravanna.vidangel.com/file/ravanna/1/c/movies-210860_0010_01_1c4c3ddd3da5eb43.jpg
669249,movie,Moss,moss,amazon,,,71,5,32957,,,,NR,,https://ravanna.vidangel.com/file/ravanna/9/0/movies-458238_0010_01_90ed7aa6a3a020e6.jpg
697932,movie,Most Dangerous Game,most-dangerous-game,amazon-prime,,,191,3,62952,,,,TV-MA,,https://ravanna.vidangel.com/file/ravanna/gen/f/A/show-90795_20240528_fA4SjO1iAPnzMeuE.jpg
681634,movie,Most Wanted,most-wanted-e7cf6,amazon,,,283,5,44289,,,,R,,https://ravanna.vidangel.com/file/ravanna/c/e/movies-526973_0010_03_ce3f2186dcbe1568.jpg
697776,movie,Mother of the Bride,mother-of-the-bride,netflix,,,188,5,62476,,,,PG,,https://ravanna.vidangel.com/file/ravanna/8/0/movies-1093231_0010_01_808ff3feec0dbe18.jpg
199285,movie,mother!,mother,amazon,,,211,4,34986,,,,R,,https://ravanna.vidangel.com/file/ravanna/5/2/movies-381283_0010_09_5232eb359a1231c4.jpg
3287,movie,Mother's Day,mothers-day,netflix,,,177,5,76758,,,,PG-13,,https://ravanna.vidangel.com/file/ravanna/3/c/movies-353069_0010_01_3c61fb988a788a59.jpg
670738,movie,Mowgli: Legend of the Jungle,mowgli-legend-of-the-jungle,netflix,,,111,4,34028,,,,PG-13,,https://ravanna.vidangel.com/file/ravanna/4/a/movies-407436_0010_01_4a31184373b2efb1.jpg
682779,movie,Moxie,moxie,netflix,,,186,5,45766,,,,PG-13,,https://ravanna.vidangel.com/file/ravanna/2/7/movies-583689_0010_01_27de271fbdae5265.jpg
14263,movie,Mr. Baseball,mr-baseball,amazon,,,160,5,54138,,,,PG-13,,https://ravanna.vidangel.com/file/ravanna/0/3/movies-18722_0010_01_035af968c9c87180.jpg
3245,movie,Mr. Bean's Holiday,mr-beans-holiday,amazon,,,77,5,63885,,,,G,,https://ravanna.vidangel.com/file/ravanna/b/d/movies-1268_0010_01_bd91e79445add7e0.jpg
1690,movie,Mr. Deeds,mr-deeds,amazon,,,184,5,43311,,,,PG-13,,https://ravanna.vidangel.com/file/ravanna/b/9/movies-2022_0010_04_b9aee9f7e01535c5.jpg
691819,movie,Mr. Harrigan's Phone,mr-harrigans-phone,netflix,,,72,5,52979,,,,PG-13,,https://ravanna.vidangel.com/file/ravanna/a/4/movies-723419_0010_01_a4d8dcd195377247.jpg
696355,movie,Mr. Monk's Last Case: A Monk Movie,mr-monks-last-case-a-monk-movie,peacock,,,100,5,59904,,,,TV-PG,,https://ravanna.vidangel.com/file/ravanna/gen/X/g/movie-1100795_20231208_Xgvv6cl0mInXrE5d.jpg
1543,movie,Mr. Peabody & Sherman,mr-peabody-and-sherman,amazon,,,81,4,65964,,,,PG,,https://ravanna.vidangel.com/file/ravanna/6/a/movies-82703_0010_08_6a03f66cb96278ff.jpg
3011,movie,Mr. Right,mr-right,amazon,,,348,4,41617,,,,R,,https://ravanna.vidangel.com/file/ravanna/8/0/movies-333385_0010_02_80a53c932ee5ebd3.jpg
693439,movie,Mrs. Harris Goes to Paris,mrs-harris-goes-to-paris,amazon,,,137,5,76648,,,,PG,,https://ravanna.vidangel.com/file/ravanna/6/0/movies-754609_0010_01_6075663b76accaab.jpg
2681,movie,Much Ado About Nothing,much-ado-about-nothing,amazon-channels-mgm,,,155,4,58018,,,,PG-13,,https://ravanna.vidangel.com/file/ravanna/f/f/movies-11971_0010_03_ff71e8a95bee4a86.jpg
1288,movie,Mud,mud,amazon,,,189,5,50289,,,,PG-13,,https://ravanna.vidangel.com/file/ravanna/3/3/movies-103731_0010_01_33604028cafaf975.jpg
215905,movie,Mudbound,mudbound,netflix,,,172,4,31804,,,,R,,https://ravanna.vidangel.com/file/ravanna/2/a/movies-414425_0010_01_2ac6477af08f6c35.jpg
3040,movie,Mulholland Drive,mulholland-drive,amazon,,,162,4,65726,,,,R,,https://ravanna.vidangel.com/file/ravanna/6/5/movies-1018_0010_06_652d52cb740a01c9.jpg
686770,movie,Munich: The Edge of War,munich-the-edge-of-war,netflix,,,130,5,49610,,,,PG-13,,https://ravanna.vidangel.com/file/ravanna/b/7/movies-760336_0010_02_b7405e4f70a492a5.jpg
674127,movie,Murder Mystery,murder-mystery,netflix,,,356,5,57431,,,,PG-13,,https://ravanna.vidangel.com/file/ravanna/9/2/movies-514999_0010_01_9241bbf8269e8bdf.jpg
693654,movie,Murder Mystery 2,murder-mystery-2,netflix,,,322,5,55685,,,,PG-13,,https://ravanna.vidangel.com/file/ravanna/gen/P/X/movie-638974_20230331_PX01gQRHGgZ62NUb.jpg
685010,movie,Murder on the Blackpool Express,murder-on-the-blackpool-express,amazon-channels-britbox,,,111,5,49374,,,,TV-MA,,https://ravanna.vidangel.com/file/ravanna/b/c/movies-485946_0010_02_bc89286f65924b28.jpg
209318,movie,Mute,mute-2018,netflix,,,387,4,35153,,,,R,,https://ravanna.vidangel.com/file/ravanna/f/e/movies-401371_0010_0f_fe453c74959f1a00.jpg
696886,movie,Muzzle,muzzle,amazon-channels-amc,,,125,2,74357,,,,R,,https://ravanna.vidangel.com/file/ravanna/f/7/movies-939335_0010_0a_f793a113f23f8979.jpg
691797,movie,My Best Friend's Exorcism,my-best-friends-exorcism,amazon-prime,,,222,5,52907,,,,R,,https://ravanna.vidangel.com/file/ravanna/gen/p/h/movie-816952_20220930_phj4fKAUVmEDZvds.jpg
1378,movie,My Best Friend's Wedding,my-best-friends-wedding,amazon,,,92,5,43543,,,,PG-13,,https://ravanna.vidangel.com/file/ravanna/8/e/movies-8874_0010_01_8eae3d49e5c8acf0.jpg
684819,movie,My Boy Jack,my-boy-jack,amazon-channels-britbox,,,97,5,50918,,,,TV-MA,,https://ravanna.vidangel.com/file/ravanna/4/d/movies-25143_0010_01_4dd8e6f9cc8db1f1.jpg
694491,movie,My Fault,my-fault,amazon-prime,,,438,5,56889,,,,TV-MA,,https://ravanna.vidangel.com/file/ravanna/1/a/movies-1010581_0010_01_1a6e7088e73bbae2.jpg
700648,movie,My Fault: London,my-fault-london,amazon-prime,,,299,5,68887,,,,R,,https://ravanna.vidangel.com/file/ravanna/gen/Y/g/movie-1294203_20250213_YgdcL97R8qvcxzdc.jpg
653856,movie,My Friend Dahmer,my-friend-dahmer,amazon-prime,,,130,5,34968,,,,R,,https://ravanna.vidangel.com/file/ravanna/1/4/movies-445040_0010_02_14170d7aa1c02a36.jpg
684746,movie,My Hero Academia: Heroes Rising,my-hero-academia-heroes-rising,amazon,,,222,5,48577,,,,PG-13,,https://ravanna.vidangel.com/file/ravanna/6/2/movies-592350_0010_01_62a045a20e40354b.jpg
174361,movie,My Little Pony,my-little-pony-the-movie,amazon,,,51,2,57202,,,,G,,https://ravanna.vidangel.com/file/ravanna/3/e/movies-335360_0010_01_3e7714657bd94076.jpg
706229,movie,My Mother's Wedding,my-mothers-wedding,amazon,,,206,5,75598,,,,R,,https://ravanna.vidangel.com/file/ravanna/gen/0/O/movie-985602_20260317_0Ov0ERxsBn2N7bhm.jpg
692414,movie,My Name Is Vendetta,my-name-is-vendetta,netflix,,,158,4,53956,,,,TV-MA,,https://ravanna.vidangel.com/file/ravanna/9/1/movies-873126_0010_01_913b0eb292be9377.jpg
692572,movie,My Next Guest with David Letterman and Volodymyr Zelenskyy,my-next-guest-with-david-letterman-and-volodymyr-zelenskyy,netflix,,,13,4,54045,,,,TV-MA,,https://ravanna.vidangel.com/file/ravanna/1/1/movies-1060161_0010_02_1165d96149275c44.jpg
683293,movie,My Octopus Teacher,my-octopus-teacher,netflix,,,29,2,46319,,,,TV-G,,https://ravanna.vidangel.com/file/ravanna/b/8/movies-682110_0010_02_b8c7d23702b3e6e3.jpg
699714,movie,My Old *ss,my-old-ass,amazon-prime,,,306,5,66291,,,,R,,https://ravanna.vidangel.com/file/ravanna/4/7/movies-947891_0010_11_47d3d66e7d692ec4.jpg
702346,movie,My Oxford Year,my-oxford-year,netflix,,,186,5,70871,,,,PG-13,,https://ravanna.vidangel.com/file/ravanna/gen/Q/Z/movie-1307078_20250801_QZYXycbvfBeFBMH4.jpg
692187,movie,My Policeman,my-policeman,amazon-prime,,,114,4,53521,,,,R,,https://ravanna.vidangel.com/file/ravanna/gen/M/M/movie-744114_20221104_MMRD5ORDlLKqRuyX.jpg
703577,movie,My Secret Santa,my-secret-santa,netflix,,,75,5,73671,,,,TV-PG,,https://ravanna.vidangel.com/file/ravanna/8/e/movies-1441563_0010_03_8e73669dac3e91a3.jpg
679956,movie,My Spy,my-spy,amazon-prime,,,120,5,42700,,,,PG-13,,https://ravanna.vidangel.com/file/ravanna/4/3/movies-592834_0010_03_430c283c6414d2c7.jpg
698443,movie,My Spy: The Eternal City,my-spy-the-eternal-city,amazon-prime,,,187,5,64697,,,,PG-13,,https://ravanna.vidangel.com/file/ravanna/gen/n/K/movie-1048241_20240718_nKARLxLssTKI14x9.jpg
3043,movie,Mystery Men,mystery-men,amazon,,,134,5,69094,,,,PG-13,,https://ravanna.vidangel.com/file/ravanna/3/3/movies-9824_0010_04_337d187a362ec5d9.jpg
665016,movie,Mystic Pizza,mystic-pizza,amazon,,,177,5,74767,,,,R,,https://ravanna.vidangel.com/file/ravanna/e/7/movies-11191_0010_03_e72a3b81945767ea.jpg
2204,movie,Nacho Libre,nacho-libre,amazon,,,93,4,76422,,,,PG,,https://ravanna.vidangel.com/file/ravanna/8/3/movies-9353_0010_01_83fd23850f4bb60f.jpg
683585,movie,Nail Bomber: Manhunt,nail-bomber-manhunt,netflix,,,54,4,46688,,,,TV-MA,,https://ravanna.vidangel.com/file/ravanna/3/2/movies-824865_0010_01_322ddc0295750a74.jpg
3292,movie,Nanny McPhee,nanny-mcphee,amazon,,,142,4,57586,,,,PG,,https://ravanna.vidangel.com/file/ravanna/7/2/movies-11283_0010_02_727eb7610cc5d17c.jpg
3368,movie,Nanny McPhee and the Big Bang,nanny-mcphee-and-the-big-bang-2010,amazon,,,103,4,51555,,,,PG,,https://ravanna.vidangel.com/file/ravanna/b/e/movies-35019_0010_05_be41a88e7a6c0842.jpg
696623,movie,Napoleon,napoleon-23c41,appletv,,,223,4,61251,,,,R,,https://ravanna.vidangel.com/file/ravanna/c/9/movies-753342_0010_04_c9194334dfa20471.jpg
671509,movie,Nappily Ever After,nappily-ever-after,netflix,,,196,4,54610,,,,TV-MA,,https://ravanna.vidangel.com/file/ravanna/9/9/movies-519035_0010_01_9942ca8dd001d763.jpg
692985,movie,Narvik,narvik,netflix,,,119,4,54703,,,,TV-14,,https://ravanna.vidangel.com/file/ravanna/8/6/movies-619930_0010_02_869ba19d1491bd92.jpg
2237,movie,National Lampoon's Animal House,national-lampoons-animal-house,amazon,,,253,5,65870,,,,R,,https://ravanna.vidangel.com/file/ravanna/c/6/movies-8469_0010_03_c6e2d6bdbdda7baa.jpg
694660,movie,Nefarious,nefarious,amazon-prime,,,49,3,57278,,,,R,,https://ravanna.vidangel.com/file/ravanna/b/d/movies-913673_0010_01_bd15f5ce33c9bdb0.jpg
1531,movie,Neighbors,neighbors-2,amazon,,,767,5,69621,,,,R,,https://ravanna.vidangel.com/file/ravanna/d/f/movies-195589_0010_02_df0bb12acaf58061.jpg
672198,movie,Never Grow Old,never-grow-old,amazon,,,135,4,39544,,,,R,,https://ravanna.vidangel.com/file/ravanna/6/3/movies-498743_0010_02_637406c3530dd40e.jpg
679073,movie,Never Rarely Sometimes Always,never-rarely-sometimes-always,amazon,,,112,5,45011,,,,PG,,https://ravanna.vidangel.com/file/ravanna/2/8/movies-595671_0010_01_285c6e0c0b3f334e.jpg
3516,movie,New in Town,new-in-town,amazon,,,190,5,54348,,,,PG,,https://ravanna.vidangel.com/file/ravanna/0/8/movies-14536_0010_01_084a9c9ae6548153.jpg
693598,movie,News of the World,news-of-the-world,peacock,,,77,4,61425,,,,PG-13,,https://ravanna.vidangel.com/file/ravanna/gen/a/r/movie-581032_20230329_arcSsq9srrgYVGY9.jpg
669996,movie,Next Gen,next-gen,netflix,,,180,2,32595,,,,PG,,https://ravanna.vidangel.com/file/ravanna/b/0/movies-523777_0010_01_b024336a3f05bc2a.jpg
3962,movie,Nick of Time,nick-of-time,amazon,,,121,4,52773,,,,R,,https://ravanna.vidangel.com/file/ravanna/6/9/movies-2086_0010_01_69be66b6c54bec2e.jpg
699779,movie,Nick Rado,nick-rado-unstoppable,vidangel,,,3,1,66269,,,,NR,,https://content.vidangel.com/dry-bar-images/1117-NickRado-Unstoppable-VidAngel.jpeg
702473,movie,Night Always Comes,night-always-comes,netflix,,,401,5,71429,,,,R,,https://ravanna.vidangel.com/file/ravanna/gen/v/l/movie-1254624_20250815_vlvyL8fJRA4nhbRD.jpg
675097,movie,Night Hunter,night-hunter,amazon,,,236,4,40706,,,,R,,https://ravanna.vidangel.com/file/ravanna/1/7/movies-441282_0010_01_17ee0cf70b81c437.jpg
671768,movie,Night School,night-school-6430e,amazon,,,433,5,66351,,,,PG-13,,https://ravanna.vidangel.com/file/ravanna/3/8/movies-454293_0010_05_38b6777cf6cbc8bd.jpg
684635,movie,Nightbooks,nightbooks,netflix,,,141,4,48277,,,,PG-13,,https://ravanna.vidangel.com/file/ravanna/f/4/movies-739990_0010_01_f497af8c35da2c2f.jpg
1655,movie,Nightcrawler,nightcrawler,amazon,,,172,3,38943,,,,R,,https://ravanna.vidangel.com/file/ravanna/f/d/movies-242582_0010_03_fd2bf0fd151caa85.jpg
694652,movie,Nimona,nimona,netflix,,,107,4,57279,,,,PG,,https://ravanna.vidangel.com/file/ravanna/gen/E/c/movie-961323_20230708_EcGon8ufMhx2s2Vr.jpg
665306,movie,Nineteen Eighty-Four,nineteen-eighty-four,amazon,,,92,4,41124,,,,R,,https://ravanna.vidangel.com/file/ravanna/9/5/movies-9314_0010_04_95a74754cd8f68eb.jpg
2323,movie,No Country for Old Men,no-country-for-old-men,amazon,,,122,5,53688,,,,R,,https://ravanna.vidangel.com/file/ravanna/5/0/movies-6977_0010_04_5035733ddb8cc4c0.jpg
2382,movie,No Escape,no-escape,amazon,,,155,5,58689,,,,R,,https://ravanna.vidangel.com/file/ravanna/c/c/movies-192141_0010_01_ccae76c2dcde8529.jpg
695772,movie,No Hard Feelings,no-hard-feelings,amazon,,,361,5,69299,,,,R,,https://ravanna.vidangel.com/file/ravanna/gen/p/c/movie-884605_20231022_pcKca4taSwLFYIH1.jpg
684757,movie,No One Gets Out Alive,no-one-gets-out-alive,netflix,,,109,4,48415,,,,R,,https://ravanna.vidangel.com/file/ravanna/e/3/movies-740925_0010_01_e36898a4174fe379.jpg
3008,movie,No Strings Attached,no-strings-attached,amazon,,,253,5,38932,,,,R,,https://ravanna.vidangel.com/file/ravanna/9/1/movies-41630_0010_01_91de3c6615990dfb.jpg
678009,movie,No Time to Die,no-time-to-die,amazon,,,213,5,74467,,,,PG-13,,https://ravanna.vidangel.com/file/ravanna/a/f/movies-370172_0010_05_afd185cbefac7e50.jpg
1182,movie,Noah,noah,amazon,,,104,4,61387,,,,PG-13,,https://ravanna.vidangel.com/file/ravanna/1/7/movies-86834_0010_04_17056d69790aa124.jpg
706627,movie,Noah Kahan: Out of Body,noah-kahan-out-of-body-e5f48,netflix,,,113,3,76178,,,,R,,https://ravanna.vidangel.com/file/ravanna/5/b/movies-1492341_0010_01_5b8ba214a1dcd865.jpg
683958,movie,Nobody,nobody-539db,amazon,,,234,5,63729,,,,R,,https://ravanna.vidangel.com/file/ravanna/2/8/movies-615457_0010_0a_289895557060a8b3.jpg
703259,movie,Nobody 2,nobody-2,netflix,,,268,4,75503,,,,R,,https://ravanna.vidangel.com/file/ravanna/gen/J/o/movie-1007734_20251105_JolU0I4sXKg6CGJa.jpg
664465,movie,Nobody's Fool,nobodys-fool,amazon-channels-mgm,,,196,5,40089,,,,R,,https://ravanna.vidangel.com/file/ravanna/b/3/movies-11593_0010_02_b33cba27454f66ff.jpg
177281,movie,Nocturnal Animals,nocturnal-animals,amazon,,,254,4,45336,,,,R,,https://ravanna.vidangel.com/file/ravanna/b/9/movies-340666_0010_05_b9124ecc5418de53.jpg
1172,movie,Non-Stop,non-stop,amazon,,,169,5,58709,,,,PG-13,,https://ravanna.vidangel.com/file/ravanna/c/5/movies-225574_0010_04_c501a027ef89d2f7.jpg
701620,movie,Nonnas,nonnas,netflix,,,178,5,69274,,,,PG,,https://ravanna.vidangel.com/file/ravanna/gen/M/k/movie-1151039_20250509_MkBjT9sBfDy58jlD.jpg
2740,movie,Norm of the North,norm-of-the-north,amazon,,,93,5,55754,,,,PG,,https://ravanna.vidangel.com/file/ravanna/1/d/movies-276905_0010_01_1d685f2de26a8bd0.jpg
674129,movie,Norm of the North: King Sized Adventure,norm-of-the-north-king-sized-adventure,amazon,,,99,3,39370,,,,NR,,https://ravanna.vidangel.com/file/ravanna/6/b/movies-601131_0010_01_6b51aba9f3de877f.jpg
193558,movie,Norman: The Moderate Rise and Tragic Fall of a New York Fixer,norman-the-moderate-rise-and-tragic-fall-of-a-new-york-fixer,amazon,,,25,3,34914,,,,R,,https://ravanna.vidangel.com/file/ravanna/3/0/movies-369697_0010_06_30b1108a2000f50f.jpg
2425,movie,Northpole,north-pole,amazon,,,8,1,73545,,,,TV-14,,https://content.vidangel.com/uploads/2015/12/north-pole.jpg
700739,movie,Nosferatu,nosferatu,amazon,,,151,4,68014,,,,R,,https://ravanna.vidangel.com/file/ravanna/gen/1/x/movie-426063_20250221_1xQ0x4inIzdIYEdh.jpg
654093,movie,Nostalgia,nostalgia,amazon,,,39,2,36028,,,,R,,https://ravanna.vidangel.com/file/ravanna/8/5/movies-442709_0010_01_857137bfc04007d0.jpg
682724,movie,Not Another Happy Ending,not-another-happy-ending,amazon,,,155,5,46061,,,,PG-13,,https://ravanna.vidangel.com/file/ravanna/8/8/movies-203321_0010_02_883729a7978f0bc4.jpg
674488,movie,Not Cinderella's Type,not-cinderellas-type,amazon-prime,,,7,2,38708,,,,PG-13,,https://ravanna.vidangel.com/file/ravanna/1/0/movies-486753_0010_01_102dea6b9069cfe1.jpg
2310,movie,Nothing Like the Holidays,nothing-like-the-holidays,amazon,,,172,5,54266,,,,PG-13,,https://ravanna.vidangel.com/file/ravanna/a/4/movies-25852_0010_01_a4f5982c35745ec4.jpg
2018,movie,Notting Hill,notting-hill,amazon,,,137,5,73092,,,,PG-13,,https://ravanna.vidangel.com/file/ravanna/5/e/movies-509_0010_05_5e697b2b70e914aa.jpg
164788,movie,November Criminals,november-criminals,amazon,,,95,5,42983,,,,PG-13,,https://ravanna.vidangel.com/file/ravanna/1/5/movies-317091_0010_03_15a62ff567fa13c5.jpg
701653,movie,Novocaine,novocaine-e1b74,amazon-prime,,,435,4,71764,,,,R,,https://ravanna.vidangel.com/file/ravanna/6/1/movies-1195506_0010_04_61adc1d48286623a.jpg
669420,movie,Now Is Good,now-is-good,amazon,,,117,5,33372,,,,PG-13,,https://ravanna.vidangel.com/file/ravanna/5/8/movies-90369_0010_01_5889f75de98c0c08.jpg
1499,movie,Now You See Me,now-you-see-me,amazon,,,136,5,75403,,,,PG-13,,https://ravanna.vidangel.com/file/ravanna/0/8/movies-75656_0010_01_0851dbb761b8e6d3.jpg
3672,movie,Now You See Me 2,now-you-see-me-2,amazon,,,140,5,76704,,,,PG-13,,https://ravanna.vidangel.com/file/ravanna/e/d/movies-291805_0010_02_edec319b3fb48267.jpg
695539,movie,Nowhere,nowhere-05529,netflix,,,186,3,58629,,,,R,,https://ravanna.vidangel.com/file/ravanna/gen/j/L/movie-1151534_20231002_jLjrApPuLpg8jnWB.jpg
700480,movie,Number 24,number-24,netflix,,,49,4,67599,,,,R,,https://ravanna.vidangel.com/file/ravanna/0/f/movies-1222248_0010_0c_0f76a987a9755d97.jpg
705204,movie,Nuremberg,nuremberg-aa722,netflix,,,139,5,75470,,,,PG-13,,https://ravanna.vidangel.com/file/ravanna/gen/i/P/movie-1214931_20260130_iP5S4WY5qBDgHlOk.jpg
695929,movie,NYAD,nyad,netflix,,,147,5,59208,,,,PG-13,,https://ravanna.vidangel.com/file/ravanna/gen/o/7/movie-895549_20231102_o7joS00406XwreNl.jpg
1443,movie,Oblivion,oblivion,amazon,,,58,5,71304,,,,PG-13,,https://ravanna.vidangel.com/file/ravanna/d/2/movies-75612_0010_0a_d2e28aa14d51ec01.jpg
1766,movie,October Sky,october-sky,amazon,,,98,5,53942,,,,PG,,https://ravanna.vidangel.com/file/ravanna/f/8/movies-13466_0010_01_f8720f8244c5834b.jpg
213216,movie,Odd Squad: The Movie,odd-squad-the-movie,amazon,,,37,2,41378,,,,G,,https://ravanna.vidangel.com/file/ravanna/5/1/movies-409395_0010_02_5107761decdf65c3.jpg
682771,movie,Ode to Joy,ode-to-joy,amazon,,,153,5,45926,,,,R,,https://ravanna.vidangel.com/file/ravanna/0/8/movies-501989_0010_04_083a50f5e4695fe7.jpg
675281,movie,Official Secrets,official-secrets,netflix,,,82,4,48433,,,,R,,https://ravanna.vidangel.com/file/ravanna/6/1/movies-393624_0010_06_612695e9b2a202c7.jpg
703572,movie,Oh. What. Fun.,oh-what-fun,amazon-prime,,,143,5,73646,,,,PG-13,,https://ravanna.vidangel.com/file/ravanna/gen/E/N/movie-1261825_20251202_ENbKEu5sUuWI9os3.jpg
202422,movie,Okja,okja,netflix,,,142,4,31871,,,,TV-MA,,https://ravanna.vidangel.com/file/ravanna/e/f/movies-387426_0010_01_ef6e68c450fff1f3.jpg
693731,movie,Old,old,amazon,,,183,5,64150,,,,PG-13,,https://ravanna.vidangel.com/file/ravanna/5/2/movies-631843_0010_05_528563adeeba01c6.jpg
695739,movie,Old Dads,old-dads,netflix,,,482,5,59072,,,,R,,https://ravanna.vidangel.com/file/ravanna/3/e/movies-987917_0010_01_3e0830bf070afe48.jpg
705805,movie,Old Guy,old-guy-1e379,paramount,,,158,5,74778,,,,R,,https://ravanna.vidangel.com/file/ravanna/gen/Z/o/movie-1077782_20260203_ZoO7ZWqGzf09Efkq.jpg
702699,movie,Old Henry,old-henry,amazon-channels-paramount,,,139,3,71907,,,,R,,https://ravanna.vidangel.com/file/ravanna/gen/e/e/movie-785663_20250905_eedcVMQyNBMCkmmr.jpg
3124,movie,Old School,old-school,amazon,,,180,5,61676,,,,R,,https://ravanna.vidangel.com/file/ravanna/b/0/movies-11635_0010_02_b0153c8c40960ea2.jpg
1102,movie,Oldboy,oldboy,amazon,,,221,4,53799,,,,R,,https://ravanna.vidangel.com/file/ravanna/7/4/movies-87516_0010_09_740a5ec49611bc9b.jpg
1340,movie,Olympus Has Fallen,olympus-has-fallen,amazon,,,266,4,76075,,,,R,,https://ravanna.vidangel.com/file/ravanna/6/5/movies-117263_0010_05_65fd4dfeb6efae4c.jpg
693714,movie,On a Wing and a Prayer,on-a-wing-and-a-prayer,amazon-prime,,,94,5,55851,,,,PG,,https://ravanna.vidangel.com/file/ravanna/gen/Q/T/movie-878375_20230407_QTu9Lg5WMmPpuKQy.jpg
669423,movie,On Chesil Beach,on-chesil-beach,amazon,,,100,4,33376,,,,R,,https://ravanna.vidangel.com/file/ravanna/5/e/movies-391714_0010_01_5e99d323fe4321c6.jpg
703429,movie,On the 12th Date of Christmas,on-the-12th-date-of-christmas,amazon,,,4,1,73440,,,,TV-14,,https://ravanna.vidangel.com/file/ravanna/gen/X/T/movie-737778_20251118_XTvBlTOgbnihdRaB.jpg
672396,movie,On the Basis of Sex,on-the-basis-of-sex,netflix,,,99,5,65914,,,,PG-13,,https://ravanna.vidangel.com/file/ravanna/0/4/movies-339380_0010_01_04cc0118253b3c08.jpg
684884,movie,On the Rocks,on-the-rocks,appletv,,,62,4,62813,,,,R,,https://ravanna.vidangel.com/file/ravanna/0/b/movies-575417_0010_01_0b1fa3289a5743ad.jpg
180323,movie,Once Upon a Time in Venice,once-upon-a-time-in-venice,amazon,,,311,5,35408,,,,R,,https://ravanna.vidangel.com/file/ravanna/a/7/movies-345915_0010_01_a7f6cf02beba46e7.jpg
674633,movie,Once Upon a Time… in Hollywood,once-upon-a-time-in-hollywood,amazon,,,525,5,40294,,,,R,,https://ravanna.vidangel.com/file/ravanna/4/5/movies-466272_0010_03_45ced5726eec895c.jpg
659799,movie,Ondine,ondine,amazon,,,116,5,48092,,,,PG-13,,https://ravanna.vidangel.com/file/ravanna/7/1/movies-38448_0010_01_71836f092e0b0fa7.jpg
677441,movie,One Child Nation,one-child-nation,amazon-prime,,,47,3,41070,,,,R,,https://ravanna.vidangel.com/file/ravanna/9/1/movies-566368_0010_01_916d0058a096f9a6.jpg
698633,movie,One Fast Move,one-fast-move,amazon-prime,,,229,5,64162,,,,R,,https://ravanna.vidangel.com/file/ravanna/gen/I/o/movie-1281826_20240808_Ioyz6V0undLVl8my.jpg
659610,movie,One for the Money,one-for-the-money,amazon,,,266,5,43427,,,,PG-13,,https://ravanna.vidangel.com/file/ravanna/9/b/movies-54054_0010_04_9badcd0e7bc8cb44.jpg
704094,movie,One Last Adventure: The Making of Stranger Things 5,one-last-adventure-the-making-of-stranger-things-5,netflix,,,131,5,74485,,,,TV-14,,https://ravanna.vidangel.com/file/ravanna/gen/T/u/movie-1610413_20260117_TuPSR57gHUEmHvMR.jpg
698816,movie,One Life,one-life,amazon,,,62,5,64741,,,,PG,,https://ravanna.vidangel.com/file/ravanna/gen/j/v/movie-760774_20240901_jvLE98SUoBCYItBx.jpg
682395,movie,One Night in Miami...,one-night-in-miami,amazon-prime,,,147,4,45308,,,,R,,https://ravanna.vidangel.com/file/ravanna/2/a/movies-661914_0010_02_2a2cbc5cd837a6ff.jpg
701177,movie,One of Them Days,one-of-them-days,netflix,,,653,5,72601,,,,R,,https://ravanna.vidangel.com/file/ravanna/gen/I/u/movie-1280672_20250403_Iu4LVnUTBwv2wvrv.jpg
703427,movie,One Royal Holiday,one-royal-holiday,amazon,,,16,3,73535,,,,TV-14,,https://ravanna.vidangel.com/file/ravanna/5/8/movies-737762_0010_01_58440ad4a21e21ba.jpg
655599,movie,Only the Brave,only-the-brave-2017,amazon,,,235,5,74124,,,,PG-13,,https://ravanna.vidangel.com/file/ravanna/9/e/movies-395991_0010_01_9ebfdb0146a28d65.jpg
5114,movie,Open Water,open-water-2,amazon,,,141,4,51608,,,,R,,https://ravanna.vidangel.com/file/ravanna/e/d/movies-83_0010_03_edeb2c9cf535437a.jpg
681711,movie,Operation Christmas Drop,operation-christmas-drop,netflix,,,28,4,44378,,,,TV-G,,https://ravanna.vidangel.com/file/ravanna/0/0/movies-738646_0010_01_007fe1bd04e4fc06.jpg
695260,movie,Operation Fortune: Ruse de Guerre,operation-fortune-ruse-de-guerre,amazon,,,197,4,58076,,,,R,,https://ravanna.vidangel.com/file/ravanna/gen/Q/x/movie-739405_20230829_QxCIO1YYc2eEnftI.jpg
698600,movie,Operation Mincemeat,operation-mincemeat,netflix,,,110,5,64204,,,,PG-13,,https://ravanna.vidangel.com/file/ravanna/gen/L/I/movie-661231_20240804_LIxlR1MTvEgV2HEU.jpg
680732,movie,Operation Toussaint,operation-toussaint-operation-underground-railroad-and-the-fight-to-end-modern-day-slavery,amazon-prime,,,90,5,43238,,,,PG-13,,https://ravanna.vidangel.com/file/ravanna/gen/manual5KxFkRK9SaQiMnyP.jpg
682921,movie,Operation Varsity Blues: The College Admissions Scandal,operation-varsity-blues-the-college-admissions-scandal,netflix,,,49,4,45956,,,,R,,https://ravanna.vidangel.com/file/ravanna/f/7/movies-799555_0010_04_f7ef6843feed24c2.jpg
674320,movie,Ophelia,ophelia,amazon-channels-amc,,,106,5,47280,,,,PG-13,,https://ravanna.vidangel.com/file/ravanna/d/b/movies-428836_0010_01_db7b423d374d60d0.jpg
696203,movie,Oppenheimer,oppenheimer,amazon,,,86,4,60999,,,,R,,https://ravanna.vidangel.com/file/ravanna/gen/J/b/movie-872585_20231120_JbL87WOfYn5SfOl2.jpg
696798,movie,Orion and the Dark,orion-and-the-dark,netflix,,,125,4,60784,,,,PG,,https://ravanna.vidangel.com/file/ravanna/5/2/movies-1139829_0010_02_52aed4bc1f6d455a.jpg
674852,movie,Otherhood,otherhood,netflix,,,200,4,38969,,,,R,,https://ravanna.vidangel.com/file/ravanna/2/b/movies-531509_0010_03_2b38f8541dca4fc3.jpg
689507,movie,Our Father,our-father,netflix,,,86,4,51005,,,,TV-MA,,https://ravanna.vidangel.com/file/ravanna/2/a/movies-962697_0010_01_2a8674de8677b99d.jpg
703054,movie,Our Fault,our-fault,amazon-prime,,,205,5,72884,,,,TV-MA,,https://ravanna.vidangel.com/file/ravanna/gen/0/B/movie-1156594_20251016_0BmmS4oeKPKVLFLQ.jpg
683957,movie,Our Friend,our-friend,amazon,,,113,3,47335,,,,R,,https://ravanna.vidangel.com/file/ravanna/b/5/movies-583903_0010_01_b57f16e0cbb0f4e7.jpg
703528,movie,Our Holiday Story,our-holiday-story,amazon,,,8,3,73567,,,,TV-G,,https://ravanna.vidangel.com/file/ravanna/gen/2/p/movie-1360780_20251128_2pELY10foONkKjRV.jpg
662052,movie,Our Idiot Brother,our-idiot-brother,amazon,,,223,5,52904,,,,R,,https://ravanna.vidangel.com/file/ravanna/c/d/movies-59968_0010_02_cdf9461d144c6067.jpg
3941,movie,Our Kind of Traitor,our-kind-of-traitor,amazon,,,164,5,55726,,,,R,,https://ravanna.vidangel.com/file/ravanna/b/4/movies-205588_0010_01_b4492124b4679f9f.jpg
699882,movie,Our Little Secret,our-little-secret,netflix,,,80,4,66379,,,,PG-13,,https://ravanna.vidangel.com/file/ravanna/4/c/movies-1234811_0010_03_4cccb4907ccc8559.jpg
682594,movie,Our Souls at Night,our-souls-at-night,netflix,,,36,5,45644,,,,TV-14,,https://ravanna.vidangel.com/file/ravanna/3/6/movies-433252_0010_01_364cc4d00e136a69.jpg
3199,movie,Out of Africa,out-of-africa,amazon,,,157,5,69139,,,,PG,,https://ravanna.vidangel.com/file/ravanna/b/6/movies-606_0010_01_b634cec0ba54e445.jpg
706489,movie,Outcome,outcome-b4b65,appletv,,,233,4,76573,,,,R,,https://ravanna.vidangel.com/file/ravanna/gen/x/q/movie-1049471_20260410_xq4fCjte7atENb2q.jpg
670464,movie,Outlaw King,outlaw-king,netflix,,,166,4,38783,,,,R,,https://ravanna.vidangel.com/file/ravanna/b/9/movies-454227_0010_06_b9fc9d7855c7c5ab.jpg
682378,movie,Outside the Wire,outside-the-wire,netflix,,,306,4,45427,,,,R,,https://ravanna.vidangel.com/file/ravanna/4/2/movies-775996_0010_04_42e0a0bc926fa77a.jpg
2869,movie,Over the Hedge,over-the-hedge,amazon,,,180,4,69999,,,,PG,,https://ravanna.vidangel.com/file/ravanna/7/a/movies-7518_0010_09_7a938c8594252bbc.jpg
2680,movie,Overboard,overboard,amazon,,,257,5,67719,,,,PG,,https://ravanna.vidangel.com/file/ravanna/e/2/movies-10780_0010_09_e2ba425a4fd77957.jpg
657014,movie,Overboard,overboard-2018,amazon,,,151,5,75110,,,,PG-13,,https://ravanna.vidangel.com/file/ravanna/e/e/movies-454619_0010_0a_ee7addc2e936aa1c.jpg
671326,movie,Overlord,overlord-2244c,amazon,,,304,3,39989,,,,R,,https://ravanna.vidangel.com/file/ravanna/5/f/movies-438799_0010_03_5f2de155b5290b25.jpg
683474,movie,Oxygen,oxygen-bb067,netflix,,,92,4,46675,,,,TV-14,,https://ravanna.vidangel.com/file/ravanna/b/d/movies-471498_0010_01_bdfcffd58d35581d.jpg
659200,movie,Pacific Rim: Uprising,pacific-rim-uprising,amazon,,,152,5,34075,,,,PG-13,,https://ravanna.vidangel.com/file/ravanna/1/6/movies-268896_0010_01_163d52c67bfdf446.jpg
180769,movie,Paddington 2,paddington-2,amazon,,,87,4,65763,,,,PG,,https://ravanna.vidangel.com/file/ravanna/gen/1/c/20230405_1c1IaAtrhuAa7VhW.jpg
701686,movie,Paddington in Peru,paddington-in-peru,netflix,,,60,5,69369,,,,PG,,https://ravanna.vidangel.com/file/ravanna/gen/G/L/movie-516729_20250515_GLtqLhyzS1UNY2Rh.jpg
697194,movie,Padre Pio,padre-pio,amazon,,,61,4,61655,,,,R,,https://ravanna.vidangel.com/file/ravanna/d/3/movies-860901_0010_05_d3c5d0db9cf8c570.jpg
1280,movie,Pain & Gain,pain-and-gain,amazon,,,579,5,41343,,,,R,,https://ravanna.vidangel.com/file/ravanna/d/9/movies-134374_0010_05_d90aef065290b066.jpg
695863,movie,Pain Hustlers,pain-hustlers,netflix,,,338,5,59061,,,,R,,https://ravanna.vidangel.com/file/ravanna/gen/c/s/movie-862968_20231026_cstcekcn99cBfORf.jpg
684885,movie,Palmer,palmer,appletv,,,153,5,61455,,,,R,,https://ravanna.vidangel.com/file/ravanna/e/f/movies-458220_0010_01_efff1e30d0e8cd5e.jpg
693082,movie,"Pamela, A Love Story",pamela-a-love-story,netflix,,,431,5,54857,,,,TV-MA,,https://ravanna.vidangel.com/file/ravanna/gen/g/K/movie-1061671_20230202_gK6EAuhaA1YnVI5I.jpg
659329,movie,Pandemic,pandemic,amazon,,,326,4,41666,,,,TV-MA,,https://ravanna.vidangel.com/file/ravanna/3/6/movies-346651_0010_01_36059d1f4ee23181.jpg
1108,movie,Panic Room,panic-room,amazon,,,306,5,69205,,,,R,,https://ravanna.vidangel.com/file/ravanna/d/9/movies-4547_0010_09_d9ddfc25ae0f8793.jpg
682867,movie,Paper Lives,paper-lives,netflix,,,110,5,46340,,,,NR,,https://ravanna.vidangel.com/file/ravanna/3/b/movies-785534_0010_03_3b0631c867af60e3.jpg
147440,movie,Paper Planes,paper-planes,amazon,,,38,4,55722,,,,G,,https://ravanna.vidangel.com/file/ravanna/e/0/movies-286875_0010_01_e0546a0b869a36ce.jpg
670323,movie,Papillon,papillon-dd166,amazon,,,229,4,32233,,,,R,,https://ravanna.vidangel.com/file/ravanna/8/7/movies-433498_0010_01_879361ec27d218ae.jpg
694868,movie,Paradise,paradise-dbe49,netflix,,,111,5,57706,,,,R,,https://ravanna.vidangel.com/file/ravanna/gen/I/6/movie-1140066_20230801_I6MEA38B2nR0U63W.jpg
656547,movie,Paradox,paradox,netflix,,,85,4,35785,,,,TV-MA,,https://ravanna.vidangel.com/file/ravanna/4/f/movies-502140_0010_01_4f33deeb715a355e.jpg
684052,movie,Parallel,parallel,amazon-prime,,,234,5,47495,,,,R,,https://ravanna.vidangel.com/file/ravanna/f/0/movies-426793_0010_01_f0f50fdf18c4ce68.jpg
1463,movie,Paranormal Activity,paranormal-activity,amazon,,,157,4,56311,,,,R,,https://ravanna.vidangel.com/file/ravanna/2/3/movies-23827_0010_02_237097c619047b80.jpg
1279,movie,Parker,parker,amazon,,,357,4,45865,,,,R,,https://ravanna.vidangel.com/file/ravanna/b/b/movies-119283_0010_01_bb7e8d5cf4a1a110.jpg
140412,movie,Passengers,passengers,amazon,,,132,5,35117,,,,PG-13,,https://ravanna.vidangel.com/file/ravanna/3/f/movies-274870_0010_07_3f6cae304792f235.jpg
697526,movie,Past Lives,past-lives,amazon,,,41,3,69235,,,,PG-13,,https://ravanna.vidangel.com/file/ravanna/gen/n/M/movie-666277_20240415_nMidqcBnzwji1Dn4.jpg
2908,movie,Patch Adams,patch-adams,amazon,,,113,5,60011,,,,PG-13,,https://ravanna.vidangel.com/file/ravanna/3/1/movies-10312_0010_08_31f4efd3a058462b.jpg
1348,movie,Patriot Games,patriot-games,amazon,,,109,4,47826,,,,R,,https://ravanna.vidangel.com/file/ravanna/0/9/movies-9869_0010_04_0968cfa5c57cf28a.jpg
202895,movie,Patriots Day,patriots-day,amazon,,,345,5,42735,,,,R,,https://ravanna.vidangel.com/file/ravanna/a/a/movies-388399_0010_01_aa065b63c4950964.jpg
3521,movie,Paul,paul,amazon,,,327,5,69292,,,,R,,https://ravanna.vidangel.com/file/ravanna/f/6/movies-39513_0010_0d_f63b4f2d5d6c04fe.jpg
693301,movie,Paul Aldrich,paul-aldrich-music-mirth-613,vidangel,,,2,1,55190,,,,NR,,https://content.vidangel.com/dry-bar-images/PaulAldrich-MusicMirth-Vidgel.jpg
1020,movie,Paul Blart: Mall Cop,paul-blart-mall-cop,amazon,,,113,5,69236,,,,PG,,https://ravanna.vidangel.com/file/ravanna/3/8/movies-14560_0010_03_38fe56979566bc89.jpg
1779,movie,Paul Blart: Mall Cop 2,paul-blart-mall-cop-2,amazon,,,85,4,59240,,,,PG,,https://ravanna.vidangel.com/file/ravanna/2/5/movies-256961_0010_03_250f3c94fad66451.jpg
695392,movie,Paul Farahvar,paul-farahvar-always-the-groomsman,vidangel,,,4,3,61345,,,,NR,,https://content.vidangel.com/dry-bar-images/852-PaulFarahvar-AlwaysAGroomsman-VidAngel.jpg
659198,movie,"Paul, Apostle of Christ",paul-apostle-of-christ,amazon,,,56,5,73617,,,,PG-13,,https://ravanna.vidangel.com/file/ravanna/d/e/movies-476968_0010_01_dee39413426fc66a.jpg
3636,movie,Payback,payback,amazon-prime,,,364,4,66206,,,,R,,https://ravanna.vidangel.com/file/ravanna/f/3/movies-2112_0010_01_f3c8cbaca9c6a94b.jpg
684583,movie,Payback,payback-cf624,amazon-prime,,,117,5,48230,,,,TV-MA,,https://ravanna.vidangel.com/file/ravanna/2/0/movies-604782_0010_01_20031e556bf6d24d.jpg
3371,movie,Paycheck,paycheck,amazon,,,128,5,52886,,,,PG-13,,https://ravanna.vidangel.com/file/ravanna/8/a/movies-9620_0010_03_8a25d34354af756b.jpg
706269,movie,Peaky Blinders: The Immortal Man,peaky-blinders-the-immortal-man,netflix,,,204,5,75548,,,,R,,https://ravanna.vidangel.com/file/ravanna/d/5/movies-875828_0010_02_d51511e8a32340e2.jpg
181442,movie,Pee-Wee's Big Holiday,pee-wees-big-holiday,netflix,,,122,5,34933,,,,PG,,https://ravanna.vidangel.com/file/ravanna/9/0/movies-347689_0010_01_901fff4ff4d59d6e.jpg
2942,movie,Penelope,penelope,amazon,,,133,5,51635,,,,PG,,https://ravanna.vidangel.com/file/ravanna/5/1/movies-7985_0010_03_5178b10e9e9a4c53.jpg
682449,movie,Penguin Bloom,penguin-bloom,netflix,,,58,4,45401,,,,TV-14,,https://ravanna.vidangel.com/file/ravanna/a/c/movies-618416_0010_01_ac49d2f729978c41.jpg
1671,movie,Penguins of Madagascar,penguins-of-madagascar,netflix,,,139,5,53228,,,,PG,,https://ravanna.vidangel.com/file/ravanna/6/6/movies-270946_0010_03_660c7155b4728d6a.jpg
704027,movie,People We Meet on Vacation,people-we-meet-on-vacation,netflix,,,294,5,74256,,,,PG-13,,https://ravanna.vidangel.com/file/ravanna/b/5/movies-1034716_0010_0e_b532bf2c34e01218.jpg
670705,movie,Peppermint,peppermint,amazon,,,219,4,44689,,,,R,,https://ravanna.vidangel.com/file/ravanna/e/4/movies-458594_0010_01_e4e08dc81918d73e.jpg
693539,movie,Percy Crews,percy-crews-old-school-641,vidangel,,,9,1,55522,,,,NR,,https://content.vidangel.com/dry-bar-images/PercyCrews-OldSchool-VidAngel.jpg
656803,movie,Permanent,permanent,amazon,,,170,5,35870,,,,PG-13,,https://ravanna.vidangel.com/file/ravanna/8/d/movies-450438_0010_01_8db21798076eab4d.jpg
690635,movie,Persuasion,persuasion-81ec7,netflix,,,63,5,51764,,,,PG,,https://ravanna.vidangel.com/file/ravanna/2/a/movies-820912_0010_01_2aa8afd456db734d.jpg
8297,movie,Pet Sematary,pet-sematary,amazon,,,147,3,39643,,,,R,,https://ravanna.vidangel.com/file/ravanna/e/7/movies-8913_0010_09_e76e5de82af6926e.jpg
672947,movie,Pet Sematary,pet-sematary-406c9,amazon,,,117,4,39655,,,,R,,https://ravanna.vidangel.com/file/ravanna/5/8/movies-157433_0010_02_58e7e3304b38d4cf.jpg
695574,movie,Pet Sematary: Bloodlines,pet-sematary-bloodlines,amazon,,,206,5,58683,,,,R,,https://ravanna.vidangel.com/file/ravanna/gen/W/H/movie-830764_20231005_WHm54aeLbaR0WgK0.jpg
199512,movie,Peter Rabbit,Peter-rabbit,amazon,,,138,5,33719,,,,PG,,https://ravanna.vidangel.com/file/ravanna/5/2/movies-381719_0010_02_5237c43713de01d4.jpg
681098,movie,Pets United,pets-united,netflix,,,108,4,43662,,,,TV-Y7,,https://ravanna.vidangel.com/file/ravanna/0/c/movies-638134_0010_01_0ceceb7a7e69ccb2.jpg
208908,movie,Phantom Thread,phantom-thread,amazon,,,56,2,49561,,,,R,,https://ravanna.vidangel.com/file/ravanna/f/b/movies-400617_0010_01_fb1cc6a599541604.jpg
700853,movie,Picture This,picture-this-e9025,amazon-prime,,,272,5,68272,,,,R,,https://ravanna.vidangel.com/file/ravanna/4/1/movies-1204892_0010_04_412baef05042c54a.jpg
682280,movie,Pieces of a Woman,pieces-of-a-woman,netflix,,,154,5,45074,,,,R,,https://ravanna.vidangel.com/file/ravanna/5/9/movies-641662_0010_01_595476facc9b82fa.jpg
3092,movie,Pineapple Express,pineapple-express,amazon,,,604,5,54215,,,,R,,https://ravanna.vidangel.com/file/ravanna/9/8/movies-10189_0010_02_98809d5a3068b27f.jpg
1227,movie,Pitch Perfect,pitch-perfect,amazon,,,258,5,56116,,,,PG-13,,https://ravanna.vidangel.com/file/ravanna/b/1/movies-114150_0010_03_b1e4b0012b95b85c.jpg
2030,movie,Pitch Perfect 2,pitch-perfect-2,amazon,,,146,5,74151,,,,PG-13,,https://ravanna.vidangel.com/file/ravanna/3/2/movies-254470_0010_02_32fbfdc6d1932123.jpg
184467,movie,Pitch Perfect 3,pitch-perfect-3,amazon,,,232,5,35611,,,,PG-13,,https://ravanna.vidangel.com/file/ravanna/a/e/movies-353616_0010_02_ae87a3f354adb3f2.jpg
2196,movie,Pixels,pixels,amazon,,,134,5,65594,,,,PG-13,,https://ravanna.vidangel.com/file/ravanna/d/f/movies-257344_0010_02_dfa40f3bd442d509.jpg
693698,movie,Plane,plane,amazon,,,181,3,69802,,,,R,,https://ravanna.vidangel.com/file/ravanna/gen/g/F/movie-646389_20230406_gFeo8d1fXqp5L7FD.jpg
1584,movie,"Planes, Trains and Automobiles",planes-trains-and-automobiles-2,amazon,,,121,4,73846,,,,R,,https://ravanna.vidangel.com/file/ravanna/0/7/movies-2609_0010_02_0732b910538e3c71.jpg
702925,movie,Play Dirty,play-dirty,amazon-prime,,,592,4,72720,,,,R,,https://ravanna.vidangel.com/file/ravanna/gen/y/T/movie-941109_20251001_yTqkQ7MNJms7OsMh.jpg
703371,movie,Playdate,playdate,amazon-prime,,,283,5,75023,,,,PG-13,,https://ravanna.vidangel.com/file/ravanna/gen/q/M/movie-1248226_20251113_qMQqoLcLpRChJvUW.jpg
696888,movie,Players,players,netflix,,,218,4,60997,,,,R,,https://ravanna.vidangel.com/file/ravanna/3/d/movies-843617_0010_02_3d477b5602ef73e5.jpg
677375,movie,Playing with Fire,playing-with-fire,amazon,,,88,5,44267,,,,PG,,https://ravanna.vidangel.com/file/ravanna/0/7/movies-554241_0010_01_079f1be84e1dbd82.jpg
696234,movie,Please Don't Destroy: The Treasure of Foggy Mountain,please-dont-destroy-the-treasure-of-foggy-mountain,peacock,,,343,5,61614,,,,R,,https://ravanna.vidangel.com/file/ravanna/gen/k/f/movie-1002315_20231120_kfSaaaVoiUURFGJy.jpg
674438,movie,Point Blank,point-blank-16ed7,netflix,,,396,5,38681,,,,TV-MA,,https://ravanna.vidangel.com/file/ravanna/d/7/movies-531503_0010_01_d7b39cb4f4905fd7.jpg
2482,movie,Point Break,point-break-1991,amazon,,,486,5,65723,,,,R,,https://ravanna.vidangel.com/file/ravanna/e/8/movies-1089_0010_04_e8fc903abeb8c1a9.jpg
655074,movie,Pokémon the Movie: I Choose You!,pokemon-the-movie-i-choose-you,amazon,,,50,4,34925,,,,G,,https://ravanna.vidangel.com/file/ravanna/6/f/movies-436931_0010_02_6f3b40fcdf682557.jpg
671626,movie,Polar,polar,netflix,,,454,5,36917,,,,R,,https://ravanna.vidangel.com/file/ravanna/7/f/movies-483906_0010_01_7f7d6817c9cc0ea2.jpg
695619,movie,Polite Society,polite-society,amazon,,,222,5,58887,,,,PG-13,,https://ravanna.vidangel.com/file/ravanna/gen/6/4/movie-977223_20231011_64dkL9Ut22fC5zAm.jpg
3674,movie,Popstar: Never Stop Never Stopping,popstar-never-stop-never-stopping,amazon,,,360,5,42328,,,,R,,https://ravanna.vidangel.com/file/ravanna/c/d/movies-341012_0010_01_cd29769557bf0c9d.jpg
169411,movie,Pound of Flesh,pound-of-flesh,amazon,,,222,5,53088,,,,R,,https://ravanna.vidangel.com/file/ravanna/b/3/movies-326284_0010_01_b38dbc784dd15f7e.jpg
158845,movie,Power Rangers,sabans-power-rangers,amazon,,,185,4,68312,,,,PG-13,,https://ravanna.vidangel.com/file/ravanna/d/9/movies-305470_0010_03_d9e801993eb55a87.jpg
2727,movie,Predestination,predestination,amazon,,,117,4,65961,,,,R,,https://ravanna.vidangel.com/file/ravanna/1/a/movies-206487_0010_01_1a593b9be1490cd8.jpg
2858,movie,Pretty in Pink,pretty-in-pink,amazon,,,156,5,56926,,,,PG-13,,https://ravanna.vidangel.com/file/ravanna/d/6/movies-11522_0010_02_d61f77e598c6001e.jpg
706301,movie,Pretty Lethal,pretty-lethal,amazon-prime,,,222,5,75673,,,,R,,https://ravanna.vidangel.com/file/ravanna/b/a/movies-1084187_0010_07_bafdd36882288675.jpg
684582,movie,Prey,prey-e5189,netflix,,,199,4,48193,,,,TV-MA,,https://ravanna.vidangel.com/file/ravanna/5/0/movies-853588_0010_01_507ac60d8d8fe3d4.jpg
2473,movie,Pride & Prejudice,pride-prejudice,amazon-channels-britbox,,,119,5,68181,,,,PG,,https://ravanna.vidangel.com/file/ravanna/1/f/movies-4348_0010_07_1fa28d95aa246d84.jpg
681093,movie,Primal,primal-514a9,amazon,,,254,3,59994,,,,R,,https://ravanna.vidangel.com/file/ravanna/f/c/movies-500916_0010_01_fce1d356420d729f.jpg
3039,movie,Primal Fear,primal-fear,amazon,,,242,4,54268,,,,R,,https://ravanna.vidangel.com/file/ravanna/4/8/movies-1592_0010_01_4898025c78a8a778.jpg
706721,movie,Primate,primate-58081,paramount,,,314,5,76757,,,,R,,https://ravanna.vidangel.com/file/ravanna/c/a/movies-1315303_0010_02_cadf70b700a76143.jpg
697350,movie,Priscilla,priscilla,amazon,,,182,5,74152,,,,R,,https://ravanna.vidangel.com/file/ravanna/c/3/movies-1020006_0010_08_c36293563f57bb05.jpg
674973,movie,Private Life,private-life,netflix,,,325,4,40296,,,,R,,https://ravanna.vidangel.com/file/ravanna/3/8/movies-458342_0010_02_381e8a318a5d54be.jpg
218824,movie,Professor Marston & the Wonder Women,professor-marston-and-the-wonder-women,amazon,,,169,4,35118,,,,R,,https://ravanna.vidangel.com/file/ravanna/d/1/movies-420622_0010_06_d19c8d8b300e44f5.jpg
1752,movie,Project Almanac,project-almanac,amazon,,,269,4,56733,,,,PG-13,,https://ravanna.vidangel.com/file/ravanna/5/8/movies-227719_0010_01_581ff9e719d5b5a3.jpg
680750,movie,Project Power,project-power,netflix,,,239,4,43260,,,,R,,https://ravanna.vidangel.com/file/ravanna/d/1/movies-605116_0010_01_d1ca9c439be4a6bb.jpg
683292,movie,Promising Young Woman,promising-young-woman,amazon,,,227,5,46315,,,,R,,https://ravanna.vidangel.com/file/ravanna/f/b/movies-582014_0010_03_fbb737d5aa75d88b.jpg
656597,movie,Proud Mary,proud-mary,amazon,,,165,5,35816,,,,R,,https://ravanna.vidangel.com/file/ravanna/d/a/movies-442064_0010_02_da6701882c1458ea.jpg
680310,movie,Psych 2: Lassie Come Home,psych-2-lassie-come-home,peacock,,,193,5,68068,,,,PG,,https://ravanna.vidangel.com/file/ravanna/8/f/movies-582218_0010_01_8f443cfac363fbdb.jpg
695771,movie,Psych 3: This Is Gus,psych-3-this-is-gus,peacock,,,186,5,63283,,,,PG,,https://ravanna.vidangel.com/file/ravanna/6/3/movies-829400_0010_01_63d2f6a61bc45101.jpg
657779,movie,Psych: The Movie,psych-the-movie,peacock,,,185,5,63474,,,,PG,,https://ravanna.vidangel.com/file/ravanna/4/a/movies-457840_0010_05_4a8bd36b4faf4962.jpg
2774,movie,Public Enemies,public-enemies,amazon,,,121,4,65192,,,,R,,https://ravanna.vidangel.com/file/ravanna/0/1/movies-11322_0010_01_01bc1ffe46626c68.jpg
1033,movie,Pulp Fiction,pulp-fiction,amazon,,,721,5,74160,,,,R,,https://ravanna.vidangel.com/file/ravanna/a/c/movies-680_0010_03_acca3a5494b31891.jpg
3426,movie,Punch-Drunk Love,punch-drunk-love-b9e65,amazon,,,106,4,76557,,,,R,,https://ravanna.vidangel.com/file/ravanna/0/1/movies-8051_0010_09_015145ddea356bbe.jpg
695140,movie,Puppy Love,puppy-love,amazon-prime,,,353,4,58098,,,,R,,https://ravanna.vidangel.com/file/ravanna/gen/C/5/movie-1143319_20230818_C5roloBCTjdFnBMb.jpg
2784,movie,Pure Luck,pure-luck,amazon,,,193,5,67086,,,,PG,,https://ravanna.vidangel.com/file/ravanna/c/f/movies-19065_0010_01_cfa680efa682686b.jpg
3383,movie,Push,push,amazon,,,119,5,51633,,,,PG-13,,https://ravanna.vidangel.com/file/ravanna/1/c/movies-13455_0010_04_1c34cbc59f0d5162.jpg
694683,movie,Puss in Boots: The Last Wish,puss-in-boots-the-last-wish,peacock,,,166,4,64979,,,,PG,,https://ravanna.vidangel.com/file/ravanna/gen/L/d/movie-315162_20230713_LdKavbzOIai77mQb.jpg
670504,movie,Puzzle,puzzle,amazon,,,50,4,33156,,,,R,,https://ravanna.vidangel.com/file/ravanna/8/e/movies-492998_0010_01_8ef86818041246b5.jpg
1704,movie,Quantum of Solace,quantum-of-solace,amazon,,,202,5,67031,,,,PG-13,,https://ravanna.vidangel.com/file/ravanna/4/b/movies-10764_0010_02_4b4df9f41974a6e3.jpg
1459,movie,R.I.P.D.,r-i-p-d,amazon,,,171,5,55248,,,,PG-13,,https://ravanna.vidangel.com/file/ravanna/f/1/movies-49524_0010_03_f1c958994326ca1d.jpg
2939,movie,Race,race,netflix,,,127,5,61017,,,,PG-13,,https://ravanna.vidangel.com/file/ravanna/b/9/movies-323677_0010_01_b981ca1d9730b44e.jpg
2389,movie,Radio,radio,amazon,,,70,5,71342,,,,PG,,https://ravanna.vidangel.com/file/ravanna/a/9/movies-13920_0010_01_a9c14d86adf38972.jpg
680455,movie,Radioactive,radioactive,amazon-prime,,,64,5,43021,,,,PG-13,,https://ravanna.vidangel.com/file/ravanna/4/3/movies-480857_0010_01_43ea45b6835b5c0b.jpg
122279,movie,Rage,rage,amazon,,,185,5,55925,,,,R,,https://ravanna.vidangel.com/file/ravanna/a/0/movies-242310_0010_01_a02b8c5d868aec09.jpg
673488,movie,Rahn Hortman,rahn-hortman-good-game,vidangel,,,4,2,54362,,,,NR,,https://content.vidangel.com/dry-bar-images/RahnHortman-GoodGame-VidAngel.jpg
2348,movie,Rambo,rambo,amazon-channels-amc,,,248,4,52344,,,,R,,https://ravanna.vidangel.com/file/ravanna/b/c/movies-7555_0010_07_bccef237bcc44e49.jpg
2366,movie,Rambo III,rambo-iii,amazon,,,160,3,53966,,,,R,,https://ravanna.vidangel.com/file/ravanna/7/2/movies-1370_0010_05_72e8263a314a3073.jpg
2350,movie,Rambo: First Blood,first-blood,amazon,,,220,3,52971,,,,R,,https://ravanna.vidangel.com/file/ravanna/5/f/movies-1368_0010_09_5fe91603aae4cefd.jpg
2365,movie,Rambo: First Blood Part II,rambo-first-blood-ii,amazon,,,128,4,53615,,,,R,,https://ravanna.vidangel.com/file/ravanna/b/e/movies-1369_0010_08_be1454d889942930.jpg
675813,movie,Rambo: Last Blood,rambo-last-blood,amazon-channels-amc,,,225,5,50876,,,,R,,https://ravanna.vidangel.com/file/ravanna/b/8/movies-522938_0010_02_b8c637ccb487a425.jpg
2987,movie,Rango,rango,amazon,,,272,5,68535,,,,PG,,https://ravanna.vidangel.com/file/ravanna/a/a/movies-44896_0010_03_aa1b0cc818d134f0.jpg
2838,movie,Rat Race,rat-race,amazon,,,187,5,53591,,,,PG-13,,https://ravanna.vidangel.com/file/ravanna/4/8/movies-9896_0010_05_48d496fde809043a.jpg
676176,movie,Rattlesnake,rattlesnake,netflix,,,139,4,39752,,,,TV-MA,,https://ravanna.vidangel.com/file/ravanna/a/4/movies-560362_0010_01_a4df521b612309c9.jpg
702128,movie,Ray Donovan: The Movie,ray-donovan-the-movie,amazon,,,205,5,70465,,,,R,,https://ravanna.vidangel.com/file/ravanna/8/e/movies-800425_0010_07_8e725dacb7f6b591.jpg
692024,movie,Raymond & Ray,raymond-ray,appletv,,,119,4,61488,,,,R,,https://ravanna.vidangel.com/file/ravanna/gen/U/x/movie-869025_20221021_Uxqby6soKFB2zHCT.jpg
700269,movie,Reagan,reagan,amazon,,,81,5,67128,,,,PG-13,,https://ravanna.vidangel.com/file/ravanna/a/f/movies-647245_0010_04_af37408efd597afa.jpg
1506,movie,Real Steel,real-steel,amazon,,,194,5,61854,,,,PG-13,,https://ravanna.vidangel.com/file/ravanna/b/c/movies-39254_0010_02_bc749d186c0db40e.jpg
681037,movie,Rebecca,rebecca,netflix,,,96,5,44073,,,,PG-13,,https://ravanna.vidangel.com/file/ravanna/7/a/movies-505379_0010_02_7ae7f5a9caab9039.jpg
696491,movie,Rebel Moon - Part One: A Child of Fire,rebel-moon-part-one-a-child-of-fire,netflix,,,208,5,60114,,,,PG-13,,https://ravanna.vidangel.com/file/ravanna/gen/6/j/movie-848326_20231221_6jXqQNDfhsx5ovrg.jpg
697568,movie,Rebel Moon - Part Two: The Scargiver,rebel-moon-part-two-the-scargiver,netflix,,,152,5,62169,,,,PG-13,,https://ravanna.vidangel.com/file/ravanna/gen/N/p/movie-934632_20240419_NpaFsSyuZkunthDA.jpg
698858,movie,Rebel Ridge,rebel-ridge,netflix,,,186,3,64852,,,,R,,https://ravanna.vidangel.com/file/ravanna/gen/W/N/movie-646097_20240906_WNSd5XJ9VzG2nnAX.jpg
1203,movie,RED,red,amazon,,,96,5,64145,,,,PG-13,,https://ravanna.vidangel.com/file/ravanna/1/2/movies-39514_0010_01_12d141fe043e2702.jpg
1431,movie,Red Dawn,red-dawn,amazon-prime,,,175,5,47607,,,,PG-13,,https://ravanna.vidangel.com/file/ravanna/0/e/movies-60747_0010_04_0e412bb07d1db0f6.jpg
2120,movie,Red Dawn,red-dawn-2,amazon,,,162,5,35171,,,,PG-13,,https://ravanna.vidangel.com/file/ravanna/4/9/movies-1880_0010_01_49604e1e1f8fcdc7.jpg
682616,movie,Red Dot,red-dot,netflix,,,222,4,45587,,,,TV-MA,,https://ravanna.vidangel.com/file/ravanna/2/9/movies-649087_0010_03_2912d7c0d08693b1.jpg
3235,movie,Red Dragon,red-dragon,amazon,,,143,4,41109,,,,R,,https://ravanna.vidangel.com/file/ravanna/e/c/movies-9533_0010_06_ec3b3c56c3f95357.jpg
3438,movie,Red Eye,red-eye,amazon-channels-mgm,,,117,5,75543,,,,PG-13,,https://ravanna.vidangel.com/file/ravanna/4/f/movies-11460_0010_01_4fdd245ee0fec5ae.jpg
685492,movie,Red Notice,red-notice,netflix,,,234,5,49033,,,,PG-13,,https://ravanna.vidangel.com/file/ravanna/f/5/movies-512195_0010_08_f5964e85929c820a.jpg
700031,movie,Red One,red-one,amazon-prime,,,132,5,66836,,,,PG-13,,https://ravanna.vidangel.com/file/ravanna/gen/O/5/movie-845781_20241212_O5JsLd6lLe7gVw5Q.jpg
695091,movie,"Red, White & Royal Blue",red-white-royal-blue,amazon-prime,,,153,4,57860,,,,R,,https://ravanna.vidangel.com/file/ravanna/d/4/movies-930094_0010_02_d4cc9aba70dc3cc4.jpg
691414,movie,Redeeming Love,redeeming-love,amazon,,,163,5,71959,,,,PG-13,,https://ravanna.vidangel.com/file/ravanna/7/2/movies-698508_0010_02_72f88038e1243fa9.jpg
661634,movie,Redemption,hummingbird,amazon,,,179,5,72844,,,,R,,https://ravanna.vidangel.com/file/ravanna/f/5/movies-136418_0010_08_f5dd76ad1e075b67.jpg
703587,movie,Regretting You,regretting-you,amazon,,,260,5,74165,,,,PG-13,,https://ravanna.vidangel.com/file/ravanna/1/4/movies-1327862_0010_07_14fa6071184fd92e.jpg
705814,movie,Relationship Goals,relationship-goals,amazon-prime,,,141,4,74728,,,,PG-13,,https://ravanna.vidangel.com/file/ravanna/gen/c/Z/movie-1433842_20260204_cZ5zrLuWOYRgrJBy.jpg
707167,movie,Remarkably Bright Creatures,remarkably-bright-creatures-df516,netflix,,,99,5,76469,,,,PG-13,,https://ravanna.vidangel.com/file/ravanna/gen/0/g/movie-1330021_20260501_0gQnzAd9pfNSxOd5.jpg
659755,movie,Remember Me,remember-me,amazon,,,202,5,55757,,,,PG-13,,https://ravanna.vidangel.com/file/ravanna/d/0/movies-23169_0010_02_d03bb6fbd4e0bc7c.jpg
698134,movie,Remembering Gene Wilder,remembering-gene-wilder,netflix,,,79,4,63158,,,,TV-MA,,https://ravanna.vidangel.com/file/ravanna/gen/i/r/movie-1090446_20240617_iryMJR9EARTEbUGS.jpg
694584,movie,Renfield,renfield,amazon,,,407,5,58743,,,,R,,https://ravanna.vidangel.com/file/ravanna/e/b/movies-649609_0010_01_ebf56838da649ff8.jpg
3778,movie,Rent,rent-2005,amazon,,,188,5,39768,,,,PG-13,,https://ravanna.vidangel.com/file/ravanna/5/7/movies-1833_0010_02_579908bf99154b15.jpg
671780,movie,Replicas,replicas,amazon,,,117,5,48825,,,,PG-13,,https://ravanna.vidangel.com/file/ravanna/d/1/movies-300681_0010_01_d1eaf9959ee70f32.jpg
2224,movie,Repo Men,repo-men-theatrical,amazon,,,304,5,51792,,,,R,,https://ravanna.vidangel.com/file/ravanna/3/1/movies-31867_0010_02_31e8ba85398eace6.jpg
695513,movie,Reptile,reptile,netflix,,,191,4,71607,,,,R,,https://ravanna.vidangel.com/file/ravanna/gen/L/L/movie-866463_20230929_LLCCJjar3zysBlSH.jpg
2726,movie,Requiem for a Dream,requiem-for-a-dream,amazon,,,260,5,60420,,,,R,,https://ravanna.vidangel.com/file/ravanna/4/7/movies-641_0010_01_47dd6ad11d9a05c7.jpg
3640,movie,Rescue Dawn,rescue-dawn,amazon,,,135,4,55727,,,,PG-13,,https://ravanna.vidangel.com/file/ravanna/d/5/movies-9952_0010_03_d5994debcd04dcc6.jpg
688039,movie,Rescued by Ruby,rescued-by-ruby,netflix,,,49,4,50908,,,,TV-G,,https://ravanna.vidangel.com/file/ravanna/f/5/movies-921655_0010_01_f5c7c6a40a97fca4.jpg
2211,movie,Reservoir Dogs,reservoir-dogs,amazon,,,613,4,56828,,,,R,,https://ravanna.vidangel.com/file/ravanna/8/3/movies-500_0010_03_8350f1d1a3944390.jpg
3353,movie,Resident Evil,resident-evil,amazon,,,345,4,54303,,,,R,,https://ravanna.vidangel.com/file/ravanna/c/6/movies-1576_0010_01_c64ffc4e58cdfc14.jpg
3030,movie,Resident Evil: Apocalypse,resident-evil-apocalypse,amazon,,,297,4,63484,,,,R,,https://ravanna.vidangel.com/file/ravanna/c/9/movies-1577_0010_01_c95f6daf8afa8ef2.jpg
3046,movie,Resident Evil: Extinction,resident-evil-extinction,amazon,,,269,5,71411,,,,R,,https://content.vidangel.com/uploads/2016/06/resident-evil-extinction.jpg
1019,movie,Resident Evil: Retribution,resident-evil-retribution,amazon,,,264,4,71407,,,,R,,https://ravanna.vidangel.com/file/ravanna/6/0/movies-71679_0010_01_60a82609192bd756.jpg
94031,movie,Resident Evil: The Final Chapter,resident-evil-the-final-chapter,amazon,,,206,4,30491,,,,R,,https://ravanna.vidangel.com/file/ravanna/2/8/movies-173897_0010_01_28b7772b963b63e5.jpg
208660,movie,Resident Evil: Vendetta,resident-evil-vendetta,amazon,,,185,3,31793,,,,R,,https://ravanna.vidangel.com/file/ravanna/9/c/movies-400136_0010_01_9c0bb1fd68d88b31.jpg
678546,movie,Resistance,resistance,amazon-channels-amc,,,55,4,42095,,,,R,,https://ravanna.vidangel.com/file/ravanna/0/e/movies-491926_0010_04_0e3be82046d8c4bc.jpg
687457,movie,Restless,restless-8b113,netflix,,,158,4,50089,,,,R,,https://ravanna.vidangel.com/file/ravanna/f/0/movies-928381_0010_08_f0787967b15b1498.jpg
696587,movie,Retribution,retribution-93f95,amazon-prime,,,84,3,60573,,,,R,,https://ravanna.vidangel.com/file/ravanna/7/f/movies-762430_0010_08_7f99b895cfabbfb6.jpg
688803,movie,Return to Space,return-to-space,netflix,,,33,4,50768,,,,TV-MA,,https://ravanna.vidangel.com/file/ravanna/b/c/movies-950445_0010_03_bcb5997e59f92f40.jpg
2900,movie,Revolutionary Road,revolutionary-road,amazon,,,150,4,68719,,,,R,,https://ravanna.vidangel.com/file/ravanna/a/6/movies-4148_0010_03_a66ee4a568c8640e.jpg
699203,movie,Rez Ball,rez-ball,netflix,,,134,5,65324,,,,PG-13,,https://ravanna.vidangel.com/file/ravanna/gen/X/2/movie-858414_20240927_X29HURggZKPDEWMK.jpg
2434,movie,Ricki and the Flash,ricki-and-the-flash,amazon,,,122,5,56755,,,,PG-13,,https://ravanna.vidangel.com/file/ravanna/0/c/movies-275601_0010_02_0c3978083c96d7fc.jpg
697131,movie,Ricky Stanicky,ricky-stanicky,amazon-prime,,,383,5,61446,,,,R,,https://content.vidangel.com/uploads/2022/09/662945f78fb5c.jpg
661324,movie,Ride,ride,amazon,,,127,5,34451,,,,R,,https://ravanna.vidangel.com/file/ravanna/b/4/movies-330115_0010_01_b4c963ad457d1a82.jpg
1073,movie,Ride Along,ride-along-with-gag-reel,amazon,,,377,5,57282,,,,PG-13,,https://ravanna.vidangel.com/file/ravanna/a/7/movies-168530_0010_04_a7e7405af2145e95.jpg
2742,movie,Ride Along 2,ride-along-2,amazon-prime,,,338,5,63690,,,,PG-13,,https://ravanna.vidangel.com/file/ravanna/9/0/movies-323675_0010_01_901f4312c453a4c4.jpg
663197,movie,Right at Your Door,right-at-your-door,amazon,,,182,4,44558,,,,R,,https://ravanna.vidangel.com/file/ravanna/a/a/movies-15664_0010_01_aa76a17f0f925861.jpg
673631,movie,Rim of the World,rim-of-the-world,netflix,,,234,5,38290,,,,TV-14,,https://ravanna.vidangel.com/file/ravanna/4/a/movies-531306_0010_01_4ae13cdf080f6e81.jpg
691114,movie,Rise of the Teenage Mutant Ninja Turtles: The Movie,rise-of-the-teenage-mutant-ninja-turtles-the-movie,netflix,,,119,2,52121,,,,TV-Y7,,https://ravanna.vidangel.com/file/ravanna/7/8/movies-765172_0010_06_782484f63ec7e65e.jpg
3115,movie,Risen,risen,amazon,,,104,5,64865,,,,PG-13,,https://ravanna.vidangel.com/file/ravanna/a/5/movies-335778_0010_02_a5e89c6a46d2b353.jpg
679038,movie,Rising High,rising-high,netflix,,,223,5,42353,,,,TV-MA,,https://ravanna.vidangel.com/file/ravanna/0/b/movies-658751_0010_04_0bea94834b4bc0fc.jpg
694867,movie,River Wild,the-river-wild-f6584,netflix,,,153,5,57638,,,,PG-13,,https://ravanna.vidangel.com/file/ravanna/3/5/movies-1000475_0010_01_35c031a65fcb8661.jpg
664958,movie,Road House,road-house,amazon,,,444,4,64206,,,,R,,https://ravanna.vidangel.com/file/ravanna/c/8/movies-10135_0010_01_c8530f1f5bade80f.jpg
697279,movie,Road House,road-house-b405e,amazon-prime,,,497,4,61648,,,,R,,https://ravanna.vidangel.com/file/ravanna/a/8/movies-359410_0010_06_a8d39f1ca5759da2.jpg
703211,movie,Road to Christmas,road-to-christmas,amazon,,,27,3,73390,,,,TV-14,,https://ravanna.vidangel.com/file/ravanna/gen/e/9/movie-550017_20251101_e91P6zqYq2uoAM1r.jpg
692679,movie,Roald Dahl's Matilda the Musical,roald-dahls-matilda-the-musical,netflix,,,108,4,54237,,,,PG,,https://ravanna.vidangel.com/file/ravanna/gen/n/t/movie-668482_20221227_nt8cqSqFwGa1V7Aw.jpg
676956,movie,Rob Brackenridge,rob-brackenridge-legend-dairy,vidangel,,,14,2,40612,,,,NR,,https://content.vidangel.com/dry-bar-images/RobBrackenridge-LegendDairy-VidAngel.jpg
681815,movie,Rob Little,rob-little-ado-rob-ble,vidangel,,,13,2,57861,,,,NR,,https://content.vidangel.com/dry-bar-images/RobLittle-Adorobble-VidAngel.jpg
699815,movie,Rob Peace,rob-peace,netflix,,,147,5,66252,,,,R,,https://ravanna.vidangel.com/file/ravanna/gen/P/U/movie-1084514_20241119_PUSgoqYTXFXwG5JI.jpg
300034,movie,Robert Mac,robert-mac,vidangel,,,3,1,54814,,,,NR,,https://content.vidangel.com/dry-bar-images/RobertMac-KnowMore-VidAngel.jpg
676172,movie,Robert Mac,robert-mac-back-to-lake-titicaca,vidangel,,,11,2,39727,,,,NR,,https://content.vidangel.com/dry-bar-images/RobertMac-BackToLakeTiticaca-VidAngel.jpg
1488,movie,Robin Hood,robin-hood,amazon,,,175,5,67148,,,,PG-13,,https://ravanna.vidangel.com/file/ravanna/c/b/movies-20662_0010_01_cb856e59d59676f2.jpg
674594,movie,Robin Hood: The Rebellion,robin-hood-the-rebellion,amazon,,,136,4,65534,,,,TV-14,,https://ravanna.vidangel.com/file/ravanna/f/6/movies-549165_0010_03_f6f27eb45ec1b027.jpg
1160,movie,RoboCop,robocop-2014,amazon,,,168,5,70531,,,,PG-13,,https://ravanna.vidangel.com/file/ravanna/0/5/movies-97020_0010_01_05e501a5bf813d26.jpg
675039,movie,Rocketman,rocketman-134a1,amazon,,,244,5,73459,,,,R,,https://ravanna.vidangel.com/file/ravanna/d/2/movies-504608_0010_01_d28c75bbaf484ee9.jpg
1520,movie,Rocky,rocky,amazon,,,188,5,64161,,,,PG,,https://ravanna.vidangel.com/file/ravanna/8/f/movies-1366_0010_06_8f1e57397978c7bc.jpg
1834,movie,Rocky Balboa,rocky-balboa,amazon,,,94,4,66073,,,,PG,,https://ravanna.vidangel.com/file/ravanna/6/6/movies-1246_0010_01_665df14408978b61.jpg
1816,movie,Rocky II,rocky-ii,amazon,,,66,4,65969,,,,PG,,https://ravanna.vidangel.com/file/ravanna/f/0/movies-1367_0010_06_f00b4a811d7c1e44.jpg
1830,movie,Rocky III,rocky-iii,amazon-channels-amc,,,170,5,71147,,,,PG,,https://ravanna.vidangel.com/file/ravanna/5/6/movies-1371_0010_04_56fd9d708baa9d59.jpg
1765,movie,Rocky IV,rocky-iv,amazon,,,190,4,66019,,,,PG,,https://ravanna.vidangel.com/file/ravanna/9/5/movies-1374_0010_01_958d412240305293.jpg
1831,movie,Rocky V,rocky-v,amazon,,,257,5,66070,,,,PG-13,,https://ravanna.vidangel.com/file/ravanna/f/b/movies-1375_0010_01_fbdefcdad23eb9dd.jpg
673930,movie,Rodney Laney,rodney-laney-who-is-rodney-laney,vidangel,,,5,1,38127,,,,NR,,https://content.vidangel.com/dry-bar-images/RodneyLaney-WhoIsRodneyLaney-VidAngel.jpg
681655,movie,Rogue City,rogue-city,netflix,,,288,4,44295,,,,TV-MA,,https://ravanna.vidangel.com/file/ravanna/3/5/movies-671039_0010_01_35898afbe17b192b.jpg
3859,movie,Role Models,role-models,amazon,,,343,5,58631,,,,R,,https://ravanna.vidangel.com/file/ravanna/8/9/movies-15373_0010_01_8950624f3f11682e.jpg
696615,movie,Role Play,role-play,amazon-prime,,,181,4,60456,,,,R,,https://ravanna.vidangel.com/file/ravanna/7/5/movies-848187_0010_04_758b3cd573b81e28.jpg
670844,movie,Roma,roma-d4879,netflix,,,64,4,34298,,,,R,,https://ravanna.vidangel.com/file/ravanna/4/8/movies-426426_0010_01_481eec6997c2efc4.jpg
2216,movie,Roman Holiday,roman-holiday,amazon,,,53,5,42880,,,,G,,https://ravanna.vidangel.com/file/ravanna/6/f/movies-804_0010_06_6ffd093e3258d15b.jpg
215384,movie,"Roman J. Israel, Esq.",roman-j-israel-esq,amazon,,,58,4,34847,,,,PG-13,,https://ravanna.vidangel.com/file/ravanna/0/3/movies-413362_0010_06_03e953c46ac259d5.jpg
703506,movie,Roofman,roofman,paramount,,,177,4,76167,,,,R,,https://ravanna.vidangel.com/file/ravanna/3/5/movies-1242419_0010_08_35b51e82f16c3861.jpg
2569,movie,Room,room-2015,amazon,,,77,4,60251,,,,R,,https://ravanna.vidangel.com/file/ravanna/9/d/movies-264644_0010_01_9d2e5b14ee768993.jpg
706822,movie,Roommates,roommates-555bd,netflix,,,371,5,76106,,,,R,,https://ravanna.vidangel.com/file/ravanna/gen/j/S/movie-1511057_20260417_jSDZb6Z6IZXNpw3U.jpg
2593,movie,Rosemary's Baby,rosemarys-baby,amazon,,,142,5,65138,,,,R,,https://ravanna.vidangel.com/file/ravanna/3/8/movies-805_0010_03_387f5928fb118a77.jpg
3694,movie,Roxanne,roxanne,amazon,,,227,5,66582,,,,PG,,https://ravanna.vidangel.com/file/ravanna/e/4/movies-11584_0010_07_e48f954d86869132.jpg
221538,movie,"Roxanne, Roxanne",roxanne-roxanne,netflix,,,238,5,35804,,,,TV-MA,,https://ravanna.vidangel.com/file/ravanna/c/8/movies-426257_0010_01_c84cc16f7ea10cf0.jpg
670706,movie,Royal New Year's Eve,royal-new-years-eve,amazon,,,23,4,33926,,,,TV-G,,https://ravanna.vidangel.com/file/ravanna/6/0/movies-474979_0010_01_6045c8c4d27f8eef.jpg
693585,movie,RRR,rrr,netflix,,,345,4,75091,,,,R,,https://ravanna.vidangel.com/file/ravanna/gen/i/D/movie-579974_20230327_iDdtcR4myMLcXbGo.jpg
1562,movie,Rudy,rudy,amazon,,,113,4,68873,,,,PG,,https://ravanna.vidangel.com/file/ravanna/7/c/movies-14534_0010_03_7cd575a22341e191.jpg
663927,movie,Rules of Engagement,rules-of-engagement,amazon,,,194,3,38906,,,,R,,https://ravanna.vidangel.com/file/ravanna/1/d/movies-10479_0010_01_1dc426c013c33301.jpg
694613,movie,Run Rabbit Run,run-rabbit-run,netflix,,,71,3,57087,,,,R,,https://ravanna.vidangel.com/file/ravanna/gen/T/2/movie-714669_20230702_T2D0n6esAStRvrJf.jpg
675730,movie,Running with the Devil,running-with-the-devil,amazon,,,262,5,41680,,,,R,,https://ravanna.vidangel.com/file/ravanna/3/1/movies-523077_0010_01_31cf1038a77d3678.jpg
1214,movie,Rush,rush,amazon,,,230,5,73708,,,,R,,https://ravanna.vidangel.com/file/ravanna/5/7/movies-96721_0010_03_571629ecbd8077df.jpg
664716,movie,Rush,rush-10a49,amazon-channels-mgm,,,175,5,62300,,,,R,,https://ravanna.vidangel.com/file/ravanna/a/d/movies-20289_0010_04_ad2beaeb60c06010.jpg
32189,movie,Rust,rust-2010,amazon,,,99,3,31876,,,,PG,,https://ravanna.vidangel.com/file/ravanna/0/e/movies-46252_0010_01_0e1729a595333ada.jpg
696184,movie,Rustin,rustin,netflix,,,110,4,59505,,,,PG-13,,https://ravanna.vidangel.com/file/ravanna/gen/3/H/movie-898713_20231117_3HrQSYPK29uI9TNp.jpg
702908,movie,Ruth & Boaz,ruth-boaz,netflix,,,94,5,72646,,,,TV-14,,https://ravanna.vidangel.com/file/ravanna/gen/2/F/movie-1371189_20250926_2Fxu8kLwROgpMTuB.jpg
3021,movie,RV,rv,amazon,,,296,5,53832,,,,PG,,https://ravanna.vidangel.com/file/ravanna/b/e/movies-9530_0010_04_be532b62bbac5f6c.jpg
1418,movie,Sabrina,sabrina-1995-2,amazon,,,89,5,66640,,,,PG,,https://ravanna.vidangel.com/file/ravanna/5/4/movies-11860_0010_01_54f6227bb38bee3d.jpg
7777,movie,Sabrina,sabrina-1954,amazon,,,74,5,66571,,,,PG-13,,https://ravanna.vidangel.com/file/ravanna/2/1/movies-6620_0010_01_2108df947cb10deb.jpg
661895,movie,Safe,safe-64ffc,amazon,,,219,4,64075,,,,R,,https://ravanna.vidangel.com/file/ravanna/d/c/movies-72387_0010_02_dc34216afef235f4.jpg
2794,movie,Safe House,safe-house,amazon,,,121,4,60419,,,,R,,https://ravanna.vidangel.com/file/ravanna/7/8/movies-59961_0010_01_7845a9adb913a7aa.jpg
2866,movie,Safety Not Guaranteed,safety-not-guaranteed,amazon,,,136,5,43225,,,,R,,https://ravanna.vidangel.com/file/ravanna/6/b/movies-84332_0010_01_6bf91132a81691ad.jpg
1199,movie,Sahara,sahara-2005,amazon,,,149,4,49703,,,,PG-13,,https://ravanna.vidangel.com/file/ravanna/2/c/movies-7364_0010_02_2c0fc3e2ead6cc2b.jpg
2613,movie,Saints and Soldiers,saints-and-soldiers,amazon-prime,,,167,4,67925,,,,PG-13,,https://ravanna.vidangel.com/file/ravanna/4/9/movies-10105_0010_01_49a74411f38a0930.jpg
1825,movie,Saints and Soldiers: Airborne Creed,saints-and-soldiers-airborne-creed,amazon-prime,,,74,3,40896,,,,PG-13,,https://ravanna.vidangel.com/file/ravanna/b/6/movies-133558_0010_01_b6f77d950d3d45cc.jpg
1826,movie,Saints and Soldiers: The Void,saints-and-soldiers-the-void,amazon,,,73,4,51388,,,,PG-13,,https://ravanna.vidangel.com/file/ravanna/8/5/movies-294690_0010_05_8514a74c95fc8fc5.jpg
1240,movie,Salt,salt,amazon,,,87,4,68329,,,,PG-13,,https://ravanna.vidangel.com/file/ravanna/e/b/movies-27576_0010_01_eb00065fcf4a15a1.jpg
696495,movie,Saltburn,saltburn,amazon-prime,,,348,5,60190,,,,R,,https://ravanna.vidangel.com/file/ravanna/gen/d/6/movie-930564_20231226_d6sQlwjJkmgPTLyM.jpg
156166,movie,Same Kind of Different as Me,same-kind-of-different-as-me,amazon,,,33,4,35997,,,,PG-13,,https://ravanna.vidangel.com/file/ravanna/1/7/movies-300687_0010_01_172d364cc80fa00a.jpg
155451,movie,Santa Claws,santa-claws,amazon,,,38,3,32142,,,,TV-PG,,https://ravanna.vidangel.com/file/ravanna/b/3/movies-299400_0010_02_b305bd544cf5f6ac.jpg
706864,movie,Sarah's Oil,sarahs-oil-b7c9d,amazon,,,71,5,76161,,,,PG,,https://ravanna.vidangel.com/file/ravanna/gen/b/d/movie-1325678_20260420_bdPN5wcMONm8GV2S.jpg
700465,movie,Saturday Night,saturday-night,netflix,,,328,5,67837,,,,R,,https://ravanna.vidangel.com/file/ravanna/6/c/movies-1120911_0010_07_6cdaca6ea8fcf5db.jpg
1125,movie,Saturday Night Fever,saturday-night-fever,amazon,,,403,5,45207,,,,R,,https://ravanna.vidangel.com/file/ravanna/0/4/movies-11009_0010_04_041c4281c9ef2881.jpg
3942,movie,Sausage Party,sausage-party,amazon,,,632,5,52146,,,,R,,https://content.vidangel.com/uploads/2017/11/SAUSAGE.jpg
1316,movie,Saving Private Ryan,saving-private-ryan,paramount,,,330,3,76645,,,,R,,https://ravanna.vidangel.com/file/ravanna/a/6/movies-857_0010_01_a6067a3979d9bfb3.jpg
674770,movie,Saving Zoë,saving-zoe,amazon-prime,,,223,5,41051,,,,R,,https://ravanna.vidangel.com/file/ravanna/8/2/movies-602198_0010_01_82f2ea3f404d5c7c.jpg
3059,movie,Saw,saw,amazon,,,257,4,40714,,,,R,,https://ravanna.vidangel.com/file/ravanna/9/6/movies-176_0010_06_964a1b399cc781ef.jpg
5164,movie,Saw II,saw-ii,amazon,,,479,5,56220,,,,R,,https://ravanna.vidangel.com/file/ravanna/7/3/movies-215_0010_03_731c0f38410a4a3a.jpg
3573,movie,Saw III,saw-iii,amazon,,,374,5,56250,,,,R,,https://ravanna.vidangel.com/file/ravanna/1/f/movies-214_0010_07_1f18da27032ac96b.jpg
3574,movie,Saw IV,saw-iv,amazon,,,388,4,56219,,,,R,,https://ravanna.vidangel.com/file/ravanna/a/b/movies-663_0010_03_ab792994af1fcad9.jpg
3575,movie,Saw V,saw-v,amazon,,,210,3,56315,,,,R,,https://ravanna.vidangel.com/file/ravanna/4/c/movies-11917_0010_07_4ca84ae9c4cd73d3.jpg
3576,movie,Saw VI,saw-vi,amazon,,,261,3,56317,,,,R,,https://ravanna.vidangel.com/file/ravanna/2/b/movies-22804_0010_01_2bc9ddb2a653b190.jpg
3577,movie,Saw VII: The Final Chapter,saw-the-final-chapter,amazon,,,377,4,56465,,,,R,,https://ravanna.vidangel.com/file/ravanna/5/c/movies-41439_0010_03_5ce8c34d4da652de.jpg
697580,movie,Saw X,saw-x,amazon,,,325,5,66023,,,,R,,https://ravanna.vidangel.com/file/ravanna/4/f/movies-951491_0010_05_4f0bbd2c842d1c45.jpg
2698,movie,Scarface,scarface,amazon,,,606,5,52569,,,,R,,https://ravanna.vidangel.com/file/ravanna/9/d/movies-111_0010_01_9dfcbc45984560eb.jpg
675106,movie,Scary Stories to Tell in the Dark,scary-stories-to-tell-in-the-dark,amazon,,,128,5,55765,,,,PG-13,,https://ravanna.vidangel.com/file/ravanna/6/8/movies-417384_0010_01_688a95a6c7798a9b.jpg
4020,movie,Scent of a Woman,scent-of-a-woman,amazon,,,147,5,53820,,,,R,,https://ravanna.vidangel.com/file/ravanna/a/5/movies-9475_0010_01_a57535811832067f.jpg
1500,movie,Schindler's List,schindlers-list,amazon,,,117,4,68340,,,,R,,https://ravanna.vidangel.com/file/ravanna/8/7/movies-424_0010_04_876a3ee04dca8949.jpg
1424,movie,School of Rock,school-of-rock,amazon,,,60,5,68689,,,,PG-13,,https://ravanna.vidangel.com/file/ravanna/f/7/movies-1584_0010_0a_f72ccc84b70fc6d2.jpg
697464,movie,Scoop,scoop-74410,netflix,,,94,4,62177,,,,TV-14,,https://ravanna.vidangel.com/file/ravanna/gen/L/W/movie-1083658_20240408_LWUxGAIEZwEEnjVA.jpg
181080,movie,Scorched Earth,scorched-earth,amazon,,,134,4,35437,,,,R,,https://ravanna.vidangel.com/file/ravanna/2/7/movies-347111_0010_01_2731a5dc22d31bea.jpg
2139,movie,Scott Pilgrim vs. the World,scott-pilgrim-vs-the-world,amazon,,,223,5,59477,,,,PG-13,,https://ravanna.vidangel.com/file/ravanna/3/9/movies-22538_0010_01_39cf87c86590ab24.jpg
2670,movie,Scouts Guide to the Zombie Apocalypse,scouts-guide-to-the-zombie-apocalypse,amazon,,,503,5,35176,,,,R,,https://ravanna.vidangel.com/file/ravanna/9/a/movies-273477_0010_05_9a838a4359336dbd.jpg
2999,movie,Scream,scream,amazon,,,305,5,58301,,,,R,,https://ravanna.vidangel.com/file/ravanna/0/c/movies-4232_0010_01_0c0239276f85faf3.jpg
695367,movie,Scream,scream-b7fb2,netflix,,,399,5,65603,,,,R,,https://ravanna.vidangel.com/file/ravanna/gen/F/z/movie-646385_20230909_FzeQOhukKBCXzGxl.jpg
3351,movie,Scream 2,scream-2,amazon,,,303,5,58341,,,,R,,https://ravanna.vidangel.com/file/ravanna/e/5/movies-4233_0010_04_e5cb0deec8e8649f.jpg
3477,movie,Scream 3,scream-3,amazon,,,368,4,58381,,,,R,,https://ravanna.vidangel.com/file/ravanna/7/f/movies-4234_0010_01_7fb6a6cc686893a1.jpg
3350,movie,Scream 4,scream-4,amazon,,,348,5,54336,,,,R,,https://ravanna.vidangel.com/file/ravanna/9/0/movies-41446_0010_01_90fcfe3de672e683.jpg
695368,movie,Scream VI,scream-vi,amazon-channels-paramount,,,426,5,67570,,,,R,,https://ravanna.vidangel.com/file/ravanna/gen/r/e/movie-934433_20230909_rewIZrP2QXJyOoH5.jpg
692442,movie,Scrooge: A Christmas Carol,scrooge-a-christmas-carol,netflix,,,53,3,53944,,,,TV-Y7,,https://ravanna.vidangel.com/file/ravanna/gen/H/T/movie-1001865_20221202_HTlW0ySSCl5GK907.jpg
2307,movie,Scrooged,scrooged,amazon,,,228,5,73971,,,,PG-13,,https://ravanna.vidangel.com/file/ravanna/2/7/movies-9647_0010_02_278ca3a876e4cd2b.jpg
675074,movie,Seal Team Six: The Raid on Osama Bin Laden,seal-team-six-the-raid-on-osama-bin-laden,amazon,,,57,5,68150,,,,TV-MA,,https://ravanna.vidangel.com/file/ravanna/b/1/movies-130267_0010_06_b142bbee49aafe7d.jpg
670503,movie,Searching,searching,amazon,,,89,5,33151,,,,PG-13,,https://ravanna.vidangel.com/file/ravanna/1/c/movies-489999_0010_03_1c5c063b6c31460e.jpg
2903,movie,Searching for Bobby Fischer,searching-for-bobby-fischer,amazon,,,57,5,53877,,,,PG,,https://ravanna.vidangel.com/file/ravanna/d/f/movies-14291_0010_06_df00fd61cdd056b4.jpg
683045,movie,Seaspiracy,seaspiracy,netflix,,,48,4,46092,,,,TV-14,,https://ravanna.vidangel.com/file/ravanna/a/d/movies-801058_0010_01_ad37da1be1f9d8d9.jpg
679535,movie,Seberg,seberg,amazon-prime,,,127,5,42173,,,,R,,https://ravanna.vidangel.com/file/ravanna/0/c/movies-510298_0010_04_0c94e19e66b3ac85.jpg
691215,movie,Secret Headquarters,secret-headquarters,amazon,,,139,5,52171,,,,PG,,https://ravanna.vidangel.com/file/ravanna/c/0/movies-791155_0010_02_c0b2cb80c9c42e04.jpg
2549,movie,Secret in Their Eyes,secret-in-their-eyes,amazon,,,135,5,55929,,,,PG-13,,https://ravanna.vidangel.com/file/ravanna/c/7/movies-290751_0010_01_c7fbca9e02047804.jpg
674518,movie,Secret Obsession,secret-obsession,netflix,,,88,5,38769,,,,TV-14,,https://ravanna.vidangel.com/file/ravanna/f/8/movies-612152_0010_02_f86a6d6424283ecd.jpg
3277,movie,Secret Window,secret-window,amazon,,,119,5,60020,,,,PG-13,,https://ravanna.vidangel.com/file/ravanna/2/3/movies-1586_0010_03_23084376f4896422.jpg
654404,movie,Security,security,amazon,,,190,4,34942,,,,R,,https://ravanna.vidangel.com/file/ravanna/0/c/movies-460846_0010_01_0c0dd1b5027defab.jpg
673535,movie,See You Yesterday,see-you-yesterday,netflix,,,275,5,38296,,,,TV-MA,,https://ravanna.vidangel.com/file/ravanna/9/b/movies-582607_0010_01_9b56d385272ae1e3.jpg
656156,movie,Seeing Allred,seeing-allred,netflix,,,132,5,35434,,,,TV-14,,https://ravanna.vidangel.com/file/ravanna/4/e/movies-490818_0010_02_4ee7ba91bbfbdb33.jpg
2583,movie,Seeking a Friend for the End of the World,seeking-a-friend-for-the-end-of-the-world,amazon,,,134,5,50409,,,,R,,https://ravanna.vidangel.com/file/ravanna/c/6/movies-88005_0010_08_c61f8ed448e42a51.jpg
692188,movie,Selena Gomez: My Mind & Me,selena-gomez-my-mind-me,appletv,,,52,4,61640,,,,R,,https://ravanna.vidangel.com/file/ravanna/c/1/movies-1022256_0010_02_c1bc07e5d515e9fe.jpg
2346,movie,Self/less,selfless,amazon,,,114,5,56946,,,,PG-13,,https://ravanna.vidangel.com/file/ravanna/6/7/movies-238615_0010_06_67f84842c31bea55.jpg
1728,movie,Selma,selma,amazon,,,114,4,65811,,,,PG-13,,https://ravanna.vidangel.com/file/ravanna/2/5/movies-273895_0010_04_257a566e014feb54.jpg
689503,movie,Senior Year,senior-year,netflix,,,327,5,52339,,,,R,,https://ravanna.vidangel.com/file/ravanna/1/0/movies-800937_0010_01_103dec1400a721e0.jpg
682792,movie,Sentinelle,sentinelle,netflix,,,131,5,46080,,,,TV-MA,,https://ravanna.vidangel.com/file/ravanna/b/0/movies-793723_0010_01_b0419eb7c6ae2139.jpg
700779,movie,September 5,september-5,amazon-prime,,,49,3,68235,,,,R,,https://ravanna.vidangel.com/file/ravanna/gen/I/D/movie-1211472_20250225_ID9T7aq9Sx0GWkf5.jpg
2351,movie,Serena,serena,amazon,,,66,4,62039,,,,R,,https://ravanna.vidangel.com/file/ravanna/b/c/movies-164251_0010_02_bccdba8ed44b02ad.jpg
679035,movie,Sergio,sergio,netflix,,,102,5,41846,,,,R,,https://ravanna.vidangel.com/file/ravanna/c/0/movies-653744_0010_05_c0c00302e8b96d7e.jpg
668923,movie,Set It Up,set-it-up,netflix,,,248,5,32208,,,,TV-14,,https://ravanna.vidangel.com/file/ravanna/c/b/movies-384677_0010_01_cb7338eb620ba56d.jpg
693762,movie,Seth Knorr,seth-knorr-the-correct-answer-608,vidangel,,,4,0,55887,,,,NR,,https://content.vidangel.com/dry-bar-images/SethKnorr-TheCorrectAnswer-VidAngel.jpg
656823,movie,Seth Rogen's Hilarity for Charity,seth-rogens-hilarity-for-charity,netflix,,,180,5,35907,,,,TV-MA,,https://ravanna.vidangel.com/file/ravanna/4/3/movies-516525_0010_01_433bd68d56f2e117.jpg
1317,movie,Seven Pounds,seven-pounds,amazon,,,59,4,39112,,,,PG-13,,https://ravanna.vidangel.com/file/ravanna/c/4/movies-11321_0010_08_c47be71fdc781104.jpg
3651,movie,Seven Years in Tibet,seven-years-in-tibet,amazon,,,49,5,53234,,,,PG-13,,https://ravanna.vidangel.com/file/ravanna/4/8/movies-978_0010_02_4887e893a201b944.jpg
1745,movie,Seventh Son,seventh-son,amazon,,,122,4,49496,,,,PG-13,,https://ravanna.vidangel.com/file/ravanna/d/8/movies-68737_0010_02_d8229b71f966563b.jpg
675020,movie,Sextuplets,sextuplets,netflix,,,215,5,76076,,,,TV-14,,https://ravanna.vidangel.com/file/ravanna/4/3/movies-582570_0010_01_4353f971fb87a894.jpg
1110,movie,Shaft,shaft,amazon,,,409,4,53339,,,,R,,https://ravanna.vidangel.com/file/ravanna/1/7/movies-479_0010_05_17bef03ed06737cd.jpg
1035,movie,Shakespeare in Love,shakespeare-in-love-2,amazon,,,125,4,53338,,,,R,,https://ravanna.vidangel.com/file/ravanna/1/c/movies-1934_0010_05_1c75604f8adf186b.jpg
3327,movie,Shark Tale,shark-tale,amazon,,,131,4,55724,,,,PG,,https://ravanna.vidangel.com/file/ravanna/5/3/movies-10555_0010_06_53f6312dccf8b7b8.jpg
2006,movie,Sharknado,sharknado,amazon-prime,,,195,5,53218,,,,TV-14,,https://ravanna.vidangel.com/file/ravanna/9/7/movies-205321_0010_01_97ed41f2035b174c.jpg
694175,movie,Sharper,sharper,appletv,,,163,4,56592,,,,R,,https://ravanna.vidangel.com/file/ravanna/gen/I/8/movie-717980_20230518_I84Z9Lgj0G2Wtoe9.jpg
2009,movie,Shaun of the Dead,shaun-of-the-dead,amazon,,,224,4,52630,,,,R,,https://ravanna.vidangel.com/file/ravanna/a/8/movies-747_0010_0c_a8610e44fc19ca6f.jpg
656386,movie,Shayne Smith,shayne-smith-prison-for-wizards,vidangel,,,3,0,32375,,,,NR,,https://content.vidangel.com/dry-bar-images/ShayneSmith-PrisonForWizards-VidAngel.jpg
694208,movie,She Said,she-said,peacock,,,127,3,61391,,,,R,,https://ravanna.vidangel.com/file/ravanna/gen/I/g/movie-837881_20230522_IgeQmVM3NLY3xvs7.jpg
703619,movie,She's Making a List,shes-making-a-list,amazon-channels-hallmark,,,59,2,73784,,,,TV-G,,https://ravanna.vidangel.com/file/ravanna/4/0/movies-1516208_0010_02_40d9813cfe9dbf9e.jpg
3581,movie,She's Out of My League,shes-out-of-my-league,amazon,,,405,4,52771,,,,R,,https://ravanna.vidangel.com/file/ravanna/4/0/movies-34016_0010_02_40f2deed637803bc.jpg
2626,movie,She's the Man,shes-the-man,amazon,,,218,4,75491,,,,PG-13,,https://ravanna.vidangel.com/file/ravanna/4/c/movies-9655_0010_01_4cd09d88721d56b0.jpg
657775,movie,Sherlock Gnomes,sherlock-gnomes,amazon,,,106,5,59447,,,,PG,,https://ravanna.vidangel.com/file/ravanna/gen/P/t/20230405_PtRqqmQQ0MVjjuLS.jpg
2614,movie,Sherlock: The Abominable Bride,sherlock-the-abominable-bride,amazon-channels-pbs,,,126,5,53528,,,,TV-14,,https://ravanna.vidangel.com/file/ravanna/4/a/movies-379170_0010_02_4a06afb55b082cb7.jpg
656574,movie,Shifting Gears,shifting-gears,amazon,,,72,5,35842,,,,TV-Y7,,https://ravanna.vidangel.com/file/ravanna/d/8/movies-508632_0010_01_d8a986b2eaca5e2c.jpg
697299,movie,Shirley,shirley-da6d2,netflix,,,74,3,61657,,,,PG-13,,https://ravanna.vidangel.com/file/ravanna/gen/N/6/movie-798612_20240321_N6dEh9GUHk6S92Dc.jpg
2026,movie,Shooter,shooter,amazon,,,182,5,46337,,,,R,,https://ravanna.vidangel.com/file/ravanna/9/d/movies-7485_0010_03_9ddd9509fd600294.jpg
2655,movie,Short Circuit,short-circuit,amazon,,,247,5,67936,,,,PG,,https://ravanna.vidangel.com/file/ravanna/b/5/movies-2605_0010_02_b5016b04cdc0a74b.jpg
1343,movie,Short Circuit 2,short-circuit-2,amazon,,,194,5,39804,,,,PG,,https://ravanna.vidangel.com/file/ravanna/6/2/movies-11966_0010_03_629d4d70e73f6de0.jpg
1503,movie,Short Term 12,short-term-12,amazon,,,142,4,32370,,,,R,,https://ravanna.vidangel.com/file/ravanna/4/6/movies-169813_0010_01_46e81c5d836fbbfa.jpg
176728,movie,Shot Caller,shot-caller,amazon,,,270,5,62636,,,,R,,https://ravanna.vidangel.com/file/ravanna/a/5/movies-339692_0010_02_a5f92b60e946596c.jpg
693009,movie,Shotgun Wedding,shotgun-wedding,amazon-prime,,,300,4,54722,,,,R,,https://ravanna.vidangel.com/file/ravanna/b/4/movies-758009_0010_02_b42e97281c8e18bb.jpg
1415,movie,Shrek,shrek,peacock,,,127,5,62452,,,,PG,,https://ravanna.vidangel.com/file/ravanna/4/d/movies-808_0010_02_4dd1e13e423033c1.jpg
1820,movie,Shrek 2,shrek-2,amazon,,,133,5,71958,,,,PG,,https://ravanna.vidangel.com/file/ravanna/b/9/movies-809_0010_03_b905266a74f8120f.jpg
1447,movie,Shrek Forever After,shrek-forever-after,amazon,,,160,5,55750,,,,PG,,https://ravanna.vidangel.com/file/ravanna/1/8/movies-10192_0010_03_1870575941a4dfaf.jpg
1829,movie,Shrek the Third,shrek-the-third,amazon,,,155,5,53964,,,,PG,,https://ravanna.vidangel.com/file/ravanna/e/2/movies-810_0010_03_e2142966df3071ab.jpg
2008,movie,Shutter Island,shutter-island,amazon-channels-paramount,,,184,4,75896,,,,R,,https://ravanna.vidangel.com/file/ravanna/7/2/movies-11324_0010_01_72295af62d209cba.jpg
669219,movie,Siberia,siberia,amazon,,,100,5,32956,,,,R,,https://ravanna.vidangel.com/file/ravanna/0/0/movies-438689_0010_02_001813f4255ea818.jpg
2470,movie,Sicario,sicario,amazon,,,169,4,68180,,,,R,,https://ravanna.vidangel.com/file/ravanna/f/c/movies-273481_0010_02_fc1f08dacc0477de.jpg
669785,movie,Sicario: Day of the Soldado,sicario-day-of-the-soldado,amazon,,,172,5,68724,,,,R,,https://ravanna.vidangel.com/file/ravanna/b/1/movies-400535_0010_01_b1c49700fc4401a6.jpg
680625,movie,Sid Davis,sid-davis-baggage-claim,vidangel,,,7,3,43105,,,,NR,,https://content.vidangel.com/dry-bar-images/303-SidDavis-BaggageClaim-VidAngel.jpg
3173,movie,Side Effects,side-effects,amazon,,,86,4,54747,,,,R,,https://ravanna.vidangel.com/file/ravanna/9/5/movies-109421_0010_05_95720acaf71362ce.jpg
691731,movie,Sidney,sidney,appletv,,,62,5,65034,,,,PG-13,,https://ravanna.vidangel.com/file/ravanna/b/2/movies-961722_0010_02_b2a581a78d5b0513.jpg
669745,movie,Sierra Burgess Is a Loser,sierra-burgess-is-a-loser,netflix,,,139,5,33902,,,,PG-13,,https://ravanna.vidangel.com/file/ravanna/f/6/movies-462919_0010_01_f619161198ec84e7.jpg
46838,movie,Silence,silence,amazon,,,97,4,75897,,,,R,,https://ravanna.vidangel.com/file/ravanna/b/c/movies-68730_0010_02_bcbbe8a39ed2bd9e.jpg
3768,movie,Silent Hill,silent-hill,amazon,,,164,3,70496,,,,R,,https://ravanna.vidangel.com/file/ravanna/1/6/movies-588_0010_01_16bf7e441df12a80.jpg
1025,movie,Silver Linings Playbook,silver-linings-playbook,amazon,,,215,4,57716,,,,R,,https://ravanna.vidangel.com/file/ravanna/b/3/movies-82693_0010_02_b3ed48829925aab0.jpg
3480,movie,Silverado,silverado,amazon,,,105,5,59446,,,,PG-13,,https://ravanna.vidangel.com/file/ravanna/b/0/movies-11509_0010_03_b0d94e4854ffdf13.jpg
689326,movie,Silverton Siege,silverton-siege,netflix,,,102,3,50907,,,,TV-MA,,https://ravanna.vidangel.com/file/ravanna/b/4/movies-951470_0010_01_b442f65539962826.jpg
1588,movie,Sin City: A Dame to Kill For,sin-city-a-dame-to-kill-for,amazon,,,351,5,35119,,,,R,,https://ravanna.vidangel.com/file/ravanna/4/9/movies-189_0010_01_491cb298088754f0.jpg
174604,movie,Sing,sing,netflix,,,104,5,34951,,,,PG,,https://ravanna.vidangel.com/file/ravanna/1/f/movies-335797_0010_03_1f39006f92176650.jpg
703620,movie,Single on the 25th,single-on-the-25th,amazon-channels-hallmark,,,44,3,73786,,,,TV-G,,https://ravanna.vidangel.com/file/ravanna/gen/2/q/movie-1545997_20251210_2qvcTbf8pamICCwn.jpg
659217,movie,Singularity,singularity,amazon,,,33,4,33814,,,,PG-13,,https://ravanna.vidangel.com/file/ravanna/1/1/movies-484886_0010_02_116a47f4ab4457e1.jpg
1790,movie,Sinister,sinister,amazon,,,80,3,67905,,,,R,,https://ravanna.vidangel.com/file/ravanna/5/7/movies-82507_0010_0c_5797310e8d6e10e0.jpg
2559,movie,Sisters,sisters,amazon,,,644,5,71941,,,,R,,https://ravanna.vidangel.com/file/ravanna/2/9/movies-266294_0010_04_294501c533f17a17.jpg
695165,movie,Sisu,sisu,amazon,,,166,4,57992,,,,R,,https://ravanna.vidangel.com/file/ravanna/gen/4/w/movie-840326_20230821_4w8GfIwnm9vZ8rbM.jpg
706357,movie,Sisu: Road to Revenge,sisu-road-to-revenge,netflix,,,152,3,75716,,,,R,,https://ravanna.vidangel.com/file/ravanna/a/9/movies-1223601_0010_01_a956d6aa5425d2d5.jpg
2658,movie,Sixteen Candles,sixteen-candles,amazon,,,307,5,59367,,,,PG,,https://ravanna.vidangel.com/file/ravanna/3/9/movies-15144_0010_01_3928b52e837bbd8f.jpg
683058,movie,Sky High,sky-high-58b6e,netflix,,,387,4,46191,,,,TV-14,,https://ravanna.vidangel.com/file/ravanna/gen/2/I/20230405_2IhV0b6vLzC4c3OV.jpg
1713,movie,Skyfall,skyfall-2,amazon,,,124,5,52156,,,,PG-13,,https://ravanna.vidangel.com/file/ravanna/4/4/movies-37724_0010_04_44b2b615b16c29da.jpg
670109,movie,Skyscraper,skyscraper-2556a,amazon,,,159,5,61970,,,,PG-13,,https://ravanna.vidangel.com/file/ravanna/9/b/movies-447200_0010_01_9b64ac1458b9cf44.jpg
674151,movie,Slaughterhouse Rulez,slaughterhouse-rulez,amazon,,,449,5,38448,,,,R,,https://ravanna.vidangel.com/file/ravanna/9/2/movies-457943_0010_01_92f563298fca5182.jpg
698985,movie,Sleeping Dogs,sleeping-dogs,amazon,,,167,5,65057,,,,R,,https://ravanna.vidangel.com/file/ravanna/1/8/movies-978592_0010_0a_18a0813902eca46c.jpg
148182,movie,Sleeping with Other People,sleeping-with-other-people,netflix,,,362,4,31864,,,,R,,https://ravanna.vidangel.com/file/ravanna/0/e/movies-288036_0010_01_0eae2f2beb68dffc.jpg
1653,movie,Sleepless in Seattle,sleepless-in-seattle,amazon,,,65,5,55274,,,,PG,,https://ravanna.vidangel.com/file/ravanna/3/b/movies-858_0010_02_3b3ecef3f4b060ac.jpg
2319,movie,Sleepy Hollow,sleepy-hollow,amazon,,,127,4,52930,,,,R,,https://ravanna.vidangel.com/file/ravanna/1/d/movies-2668_0010_04_1d3d5aaee21ac29f.jpg
669786,movie,Slice,slice,amazon,,,195,5,33914,,,,R,,https://ravanna.vidangel.com/file/ravanna/f/f/movies-347392_0010_05_fffe719c9fe7e5c7.jpg
654985,movie,Slumber,slumber,amazon-prime,,,79,3,35155,,,,R,,https://ravanna.vidangel.com/file/ravanna/1/9/movies-463602_0010_02_1996c258f111fc79.jpg
692316,movie,Slumberland,slumberland,netflix,,,89,5,53757,,,,PG,,https://ravanna.vidangel.com/file/ravanna/8/7/movies-668461_0010_03_8744f757c099fac6.jpg
695928,movie,Sly,sly,netflix,,,82,4,59204,,,,R,,https://ravanna.vidangel.com/file/ravanna/gen/X/r/movie-1146302_20231102_XrDFRdeQwdDEzUCr.jpg
214691,movie,Small Town Crime,small-town-crime,amazon,,,221,5,35777,,,,R,,https://ravanna.vidangel.com/file/ravanna/b/3/movies-412000_0010_01_b3655ef7c49bf762.jpg
692787,movie,Smile,smile-591ce,amazon-channels-paramount,,,153,3,69421,,,,R,,https://ravanna.vidangel.com/file/ravanna/8/0/movies-882598_0010_01_8045d4168db17465.jpg
699929,movie,Smile 2,smile-2,amazon,,,495,5,66951,,,,R,,https://ravanna.vidangel.com/file/ravanna/gen/1/C/movie-1100782_20241203_1CAewTTqbChyVzTi.jpg
3032,movie,Smokey and the Bandit,smokey-and-the-bandit,amazon,,,331,5,55749,,,,PG,,https://ravanna.vidangel.com/file/ravanna/d/0/movies-11006_0010_03_d08aa5ad242a2f06.jpg
2390,movie,Snatch,snatch-2000,amazon,,,393,4,54246,,,,R,,https://ravanna.vidangel.com/file/ravanna/f/6/movies-107_0010_03_f6cde35ea19d629a.jpg
2668,movie,Sneakers,sneakers,amazon,,,88,5,60688,,,,PG-13,,https://ravanna.vidangel.com/file/ravanna/8/c/movies-2322_0010_0e_8c6e2234bc94380f.jpg
683075,movie,Sniper: Ghost Shooter,sniper-ghost-shooter,amazon,,,176,4,66761,,,,R,,https://ravanna.vidangel.com/file/ravanna/d/d/movies-407375_0010_01_ddf2be6215c08da2.jpg
683674,movie,Sniper: Legacy,sniper-legacy,amazon,,,133,4,62404,,,,R,,https://ravanna.vidangel.com/file/ravanna/d/5/movies-290729_0010_01_d550c45729ae3b7b.jpg
696507,movie,Sniper: Ultimate Kill,sniper-ultimate-kill,amazon,,,139,4,63504,,,,R,,https://ravanna.vidangel.com/file/ravanna/gen/H/N/movie-464889_20231228_HNXFDq5yceopRDuU.jpg
1487,movie,Snitch,snitch,amazon,,,116,4,58086,,,,PG-13,,https://ravanna.vidangel.com/file/ravanna/6/8/movies-134411_0010_01_6853c78a53d18aaa.jpg
1559,movie,Snow White and the Huntsman,snow-white-the-huntsman,amazon,,,150,5,57055,,,,PG-13,,https://ravanna.vidangel.com/file/ravanna/1/6/movies-58595_0010_01_16914cf6755c620b.jpg
4028,movie,Snowden,snowden,amazon-channels-starz,,,169,5,36965,,,,R,,https://ravanna.vidangel.com/file/ravanna/8/1/movies-302401_0010_01_815265850a77e10d.jpg
1184,movie,Snowpiercer,snowpiercer,amazon,,,268,5,67053,,,,R,,https://ravanna.vidangel.com/file/ravanna/a/d/movies-110415_0010_05_ada7c5b370668463.jpg
2736,movie,So I Married an Axe Murderer,so-i-married-an-axe-murderer,amazon,,,136,5,46949,,,,PG-13,,https://ravanna.vidangel.com/file/ravanna/1/b/movies-10442_0010_02_1b9a4d1f64dcdf9d.jpg
696556,movie,Society of the Snow,society-of-the-snow,netflix,,,101,3,60336,,,,R,,https://ravanna.vidangel.com/file/ravanna/5/0/movies-906126_0010_01_5077f60e4ab50a1b.jpg
661225,movie,Solace,solace,amazon,,,187,4,68063,,,,R,,https://ravanna.vidangel.com/file/ravanna/5/9/movies-339527_0010_01_59ff88f518f18ed4.jpg
678133,movie,Solver,solver,amazon,,,41,3,45302,,,,R,,https://ravanna.vidangel.com/file/ravanna/a/5/movies-467597_0010_01_a57efe7613689c71.jpg
209915,movie,Some Freaks,some-freaks,amazon,,,276,5,75174,,,,TV-14,,https://ravanna.vidangel.com/file/ravanna/8/2/movies-402464_0010_02_82394833a06e63da.jpg
673083,movie,Someone Great,someone-great,netflix,,,431,5,37755,,,,R,,https://ravanna.vidangel.com/file/ravanna/7/d/movies-515248_0010_01_7d2ef58f10095297.jpg
705918,movie,Song Sung Blue,song-sung-blue,peacock,,,182,5,75024,,,,PG-13,,https://ravanna.vidangel.com/file/ravanna/gen/3/h/movie-1371185_20260214_3h3GlhypgoNtlYy5.jpg
172025,movie,Song to Song,song-to-song,netflix,,,158,4,73883,,,,R,,https://ravanna.vidangel.com/file/ravanna/d/7/movies-330947_0010_02_d77110142fff876c.jpg
677999,movie,Sonic the Hedgehog,sonic-the-hedgehog-a5845,paramount,,,152,5,72164,,,,PG,,https://ravanna.vidangel.com/file/ravanna/2/f/movies-454626_0010_02_2f573b1d62a1385a.jpg
689921,movie,Sonic the Hedgehog 2,sonic-the-hedgehog-2,amazon-channels-paramount,,,182,5,70828,,,,PG,,https://ravanna.vidangel.com/file/ravanna/7/d/movies-675353_0010_01_7d87b834ef3e3d78.jpg
700466,movie,Sonic the Hedgehog 3,sonic-the-hedgehog-3,amazon-prime,,,155,4,71761,,,,PG,,https://ravanna.vidangel.com/file/ravanna/gen/L/n/movie-939243_20250126_Ln4EdvKBMfnWg723.jpg
695105,movie,Sonya White,sonya-white-boot-it-up-434,vidangel,,,13,3,57878,,,,NR,,https://content.vidangel.com/dry-bar-images/SonyaWhite-BootItUp-VidAngel.jpg
3274,movie,Sophie's Choice,sophies-choice,amazon,,,181,4,56754,,,,R,,https://ravanna.vidangel.com/file/ravanna/f/0/movies-15764_0010_08_f0ade0de7ea22527.jpg
704112,movie,Soul on Fire,soul-on-fire,netflix,,,112,5,74507,,,,PG,,https://ravanna.vidangel.com/file/ravanna/4/5/movies-1196791_0010_02_45db886513f0da26.jpg
2696,movie,Soul Surfer,soul-surfer,amazon,,,230,4,60694,,,,PG,,https://ravanna.vidangel.com/file/ravanna/7/5/movies-43959_0010_02_75ce719feeeaf55a.jpg
696049,movie,Sound of Freedom,sound-of-freedom,amazon-prime,,,155,5,59328,,,,PG-13,,https://ravanna.vidangel.com/file/ravanna/3/f/movies-678512_0010_01_3f647b4a88441f55.jpg
681965,movie,Sound of Metal,sound-of-metal,amazon-prime,,,120,4,44868,,,,R,,https://ravanna.vidangel.com/file/ravanna/7/1/movies-502033_0010_01_7174ad4891c619ac.jpg
1339,movie,Source Code,source-code,amazon,,,66,3,68174,,,,PG-13,,https://ravanna.vidangel.com/file/ravanna/2/1/movies-45612_0010_01_21085fb25e9da5d2.jpg
2324,movie,Southpaw,southpaw,amazon,,,330,4,67133,,,,R,,https://ravanna.vidangel.com/file/ravanna/3/7/movies-307081_0010_01_373c5a9660d5e002.jpg
698316,movie,Space Cadet,space-cadet,amazon-prime,,,120,5,75359,,,,PG-13,,https://ravanna.vidangel.com/file/ravanna/gen/Y/n/movie-1019411_20240704_Yn1AVhhHNxiJcf8g.jpg
682752,movie,Space Sweepers,space-sweepers,netflix,,,196,5,46079,,,,TV-MA,,https://ravanna.vidangel.com/file/ravanna/6/2/movies-581389_0010_01_620e3c0a85614ca9.jpg
1485,movie,Spaceballs,spaceballs-1987,amazon,,,206,5,64340,,,,PG,,https://ravanna.vidangel.com/file/ravanna/c/8/movies-957_0010_06_c8ffc268a6ddaf05.jpg
697040,movie,Spaceman,spaceman-73f9c,netflix,,,52,4,61259,,,,R,,https://ravanna.vidangel.com/file/ravanna/0/9/movies-636706_0010_0a_09abc5326f53045a.jpg
3427,movie,Spanglish,spanglish,amazon,,,106,5,54917,,,,PG-13,,https://ravanna.vidangel.com/file/ravanna/0/0/movies-2539_0010_08_00f2935148b1a619.jpg
699978,movie,Speak No Evil,speak-no-evil,amazon,,,222,5,69744,,,,R,,https://ravanna.vidangel.com/file/ravanna/gen/N/l/movie-1114513_20241206_NlkC5HLOz4NzGGWi.jpg
2519,movie,Spectre,spectre,amazon,,,123,5,74453,,,,PG-13,,https://ravanna.vidangel.com/file/ravanna/4/9/movies-206647_0010_1e_4995f081fa5e969a.jpg
699856,movie,Spellbound,spellbound,netflix,,,53,3,66317,,,,PG,,https://ravanna.vidangel.com/file/ravanna/gen/N/5/movie-592983_20241122_N5zlSkxaSmoGcOvs.jpg
687119,movie,Spencer,spencer,amazon,,,52,4,67769,,,,R,,https://ravanna.vidangel.com/file/ravanna/f/f/movies-716612_0010_02_ffd9c3522041d1eb.jpg
669712,movie,Spencer James,spencer-james-bullies-are-necessary,vidangel,,,10,3,61374,,,,NR,,https://content.vidangel.com/dry-bar-images/348-SpencerJames-BulliesAreNecessary-VidAngel.jpg
682377,movie,Spencer King,spencer-king-stay-at-home-sad,vidangel,,,5,2,45515,,,,NR,,https://content.vidangel.com/dry-bar-images/130-SpencerKing-StayAtHomeSad-VidAngel.jpg
678201,movie,Spenser Confidential,spenser-confidential,netflix,,,419,4,41263,,,,R,,https://ravanna.vidangel.com/file/ravanna/8/e/movies-581600_0010_02_8e1135429b79f39b.jpg
1351,movie,Spider-Man,spider-man,amazon,,,164,5,67614,,,,PG-13,,https://ravanna.vidangel.com/file/ravanna/b/8/movies-557_0010_03_b8a522c759d3ef7e.jpg
1312,movie,Spider-Man 2,spider-man-2,amazon,,,93,5,52562,,,,PG-13,,https://ravanna.vidangel.com/file/ravanna/c/e/movies-558_0010_02_ce2d55aa45b6c224.jpg
1218,movie,Spider-Man 3,spider-man-3,amazon,,,141,5,56144,,,,PG-13,,https://ravanna.vidangel.com/file/ravanna/6/0/movies-559_0010_01_60d9a6a2895a87bd.jpg
695372,movie,Spider-Man: Across the Spider-Verse,spider-man-across-the-spider-verse,amazon,,,183,5,59133,,,,PG,,https://ravanna.vidangel.com/file/ravanna/gen/r/f/movie-569094_20230911_rfwmCrEosTqSo8QE.jpg
674622,movie,Spider-Man: Far From Home,spider-man-far-from-home,amazon,,,123,5,48916,,,,PG-13,,https://ravanna.vidangel.com/file/ravanna/5/a/movies-429617_0010_01_5a179b11de3cda56.jpg
671694,movie,Spider-Man: Into the Spider-Verse,spider-man-into-the-spider-verse,amazon,,,160,5,38493,,,,PG,,https://ravanna.vidangel.com/file/ravanna/7/7/movies-324857_0010_01_772a8dcfa5e9c593.jpg
691702,movie,Spider-Man: No Way Home,spider-man-no-way-home,amazon,,,132,4,57120,,,,PG-13,,https://ravanna.vidangel.com/file/ravanna/6/2/movies-634649_0010_03_6228e58143240c6b.jpg
690090,movie,Spiderhead,spiderhead,netflix,,,256,4,51432,,,,R,,https://ravanna.vidangel.com/file/ravanna/e/c/movies-615469_0010_05_ec3e2c6f40718f13.jpg
669030,movie,Spinning Man,spinning-man,amazon-prime,,,76,5,32392,,,,R,,https://ravanna.vidangel.com/file/ravanna/e/2/movies-458109_0010_01_e2c3ab34f0354c51.jpg
677851,movie,Spiral: From the Book of Saw,spiral-from-the-book-of-saw,amazon,,,444,5,75750,,,,R,,https://ravanna.vidangel.com/file/ravanna/6/c/movies-602734_0010_01_6ceb525ff291bab6.jpg
692315,movie,Spirited,spirited-2c121,appletv,,,150,5,62053,,,,PG-13,,https://ravanna.vidangel.com/file/ravanna/gen/j/y/movie-632856_20221118_jyX15i4uc2awRVoK.jpg
664690,movie,Split Second,split-second,amazon,,,227,4,42744,,,,R,,https://ravanna.vidangel.com/file/ravanna/a/2/movies-13006_0010_03_a2c6689c837fc6d3.jpg
683150,movie,Spontaneous,spontaneous,amazon,,,330,4,46210,,,,R,,https://ravanna.vidangel.com/file/ravanna/c/c/movies-604578_0010_01_ccdc5feb59f1b312.jpg
1678,movie,Spy Game,spy-game,amazon,,,108,4,58628,,,,R,,https://ravanna.vidangel.com/file/ravanna/1/8/movies-1535_0010_01_18a25d4898f84271.jpg
697336,movie,Spy Kids: Armageddon,spy-kids-armageddon,netflix,,,140,3,62257,,,,PG,,https://ravanna.vidangel.com/file/ravanna/gen/m/E/movie-790493_20240325_mE0SGlYIpycFm7WC.jpg
682617,movie,Squared Love,squared-love,netflix,,,139,5,45609,,,,TV-14,,https://ravanna.vidangel.com/file/ravanna/2/0/movies-787298_0010_01_203c4ff892fd5823.jpg
1667,movie,St. Vincent,st-vincent,amazon,,,148,5,41562,,,,PG-13,,https://ravanna.vidangel.com/file/ravanna/7/9/movies-239563_0010_02_7955b6aa57082418.jpg
672185,movie,Stan & Ollie,stan-ollie,amazon,,,104,3,37123,,,,PG,,https://ravanna.vidangel.com/file/ravanna/f/b/movies-394741_0010_05_fbad26c02d28e66a.jpg
2507,movie,Stand by Me,stand-by-me-1986,amazon,,,272,5,50639,,,,R,,https://ravanna.vidangel.com/file/ravanna/e/a/movies-235_0010_06_ea8d5e87282003fd.jpg
1328,movie,Star Trek,star-trek,paramount,,,126,5,72284,,,,PG-13,,https://ravanna.vidangel.com/file/ravanna/5/0/movies-13475_0010_08_506b33ea94467e8f.jpg
3732,movie,Star Trek Beyond,star-trek-beyond,amazon,,,171,5,64019,,,,PG-13,,https://ravanna.vidangel.com/file/ravanna/b/6/movies-188927_0010_02_b601cadfffa8f4d0.jpg
3312,movie,Star Trek II: The Wrath of Khan,star-trek-ii-the-wrath-of-khan-2,amazon,,,71,3,52459,,,,PG,,https://ravanna.vidangel.com/file/ravanna/7/8/movies-154_0010_09_7874a8ecfb2c068c.jpg
658710,movie,Star Trek III: The Search for Spock,star-trek-iii-the-search-for-spock,amazon,,,102,5,45160,,,,PG,,https://ravanna.vidangel.com/file/ravanna/e/7/movies-157_0010_03_e74c34ead4e6d76f.jpg
1004,movie,Star Trek Into Darkness,star-trek-into-darkness,paramount,,,135,5,72228,,,,PG-13,,https://ravanna.vidangel.com/file/ravanna/8/7/movies-54138_0010_04_87031d21a77707b1.jpg
3022,movie,Star Trek IV: The Voyage Home,star-trek-iv-the-voyage-home,amazon,,,113,5,58424,,,,PG,,https://ravanna.vidangel.com/file/ravanna/2/4/movies-168_0010_05_247fca9d39945744.jpg
3314,movie,Star Trek VI: The Undiscovered Country,star-trek-vi-the-undiscovered-country,amazon,,,125,5,52533,,,,PG,,https://ravanna.vidangel.com/file/ravanna/d/2/movies-174_0010_04_d2378e119be27c99.jpg
2885,movie,Star Trek: First Contact,star-trek-viii-first-contact,amazon-channels-paramount,,,100,5,69589,,,,PG-13,,https://content.vidangel.com/uploads/2016/04/star-trek-viii-first-contact.jpg
658471,movie,Star Trek: Generations,star-trek-generations,amazon-channels-paramount,,,96,5,50866,,,,PG,,https://ravanna.vidangel.com/file/ravanna/7/6/movies-193_0010_04_76b2a5572ea1ecb5.jpg
3296,movie,Star Trek: Nemesis,star-trek-x-nemesis,amazon-channels-paramount,,,65,5,32073,,,,PG-13,,https://ravanna.vidangel.com/file/ravanna/6/8/movies-201_0010_05_685340cfd149e159.jpg
700463,movie,Star Trek: Section 31,star-trek-section-31,amazon-channels-paramount,,,176,5,67501,,,,PG-13,,https://ravanna.vidangel.com/file/ravanna/c/3/movies-1114894_0010_02_c315b989e11e4f7c.jpg
670955,movie,State Like Sleep,state-like-sleep,amazon,,,209,5,34210,,,,R,,https://ravanna.vidangel.com/file/ravanna/a/b/movies-340268_0010_01_ab0cc2f72c3b9975.jpg
3267,movie,State of Play,state-of-play,amazon,,,132,5,46866,,,,PG-13,,https://ravanna.vidangel.com/file/ravanna/d/0/movies-16995_0010_01_d0788280fbdc1fdd.jpg
2249,movie,Steel Magnolias,steel-magnolias-1989,amazon,,,216,5,52929,,,,PG,,https://ravanna.vidangel.com/file/ravanna/b/1/movies-10860_0010_05_b1b32bdcd9610738.jpg
2476,movie,Step Brothers,step-brothers,amazon,,,383,4,67154,,,,R,,https://ravanna.vidangel.com/file/ravanna/6/2/movies-12133_0010_01_629ce7346ef62d4e.jpg
223871,movie,Step Sisters,step-sisters,netflix,,,220,5,36010,,,,PG-13,,https://ravanna.vidangel.com/file/ravanna/6/2/movies-431072_0010_04_625e8816357b4c2b.jpg
694732,movie,Stephen Curry: Underrated,stephen-curry-underrated,appletv,,,30,4,57485,,,,PG-13,,https://ravanna.vidangel.com/file/ravanna/f/5/movies-860278_0010_01_f56d7741b92c015c.jpg
702953,movie,Steve,steve,netflix,,,306,5,72681,,,,R,,https://ravanna.vidangel.com/file/ravanna/7/d/movies-1242404_0010_01_7d9fedc6839af8d5.jpg
656670,movie,Steve Bruner,steve-bruner,vidangel,,,5,2,65283,,,,NR,,https://content.vidangel.com/dry-bar-images/227-SteveBruner-SimplyPut-VidAngel.jpg
678200,movie,Steve Geyer,steve-geyer-twice-as-old-as-i-used-to-be,vidangel,,,12,3,61982,,,,NR,,https://content.vidangel.com/dry-bar-images/518-SteveGeyer-TwiceAsOldAsIUsedToBe-VidAngel.jpeg
2543,movie,Steve Jobs,steve-jobs,amazon,,,79,4,58393,,,,R,,https://ravanna.vidangel.com/file/ravanna/1/6/movies-321697_0010_05_16199d1bf4886dc2.jpg
668735,movie,Steve Martin and Martin Short: An Evening You Will Forget for the Rest of Your Life,steve-martin-and-martin-short-an-evening-you-will-forget-for-the-rest-of-your-life,netflix,,,80,5,32305,,,,TV-14,,https://ravanna.vidangel.com/file/ravanna/3/3/movies-525814_0010_01_33462ee069c972bd.jpg
300028,movie,Steve Soelberg,steve-soelberg-we-say-bim,vidangel,,,6,3,54815,,,,NR,,https://content.vidangel.com/dry-bar-images/SteveSoelberg-WeSayBim-VidAngel.jpg
677872,movie,Steve Soelberg,steve-soelberg-pirate-hymns,vidangel,,,8,0,41054,,,,NR,,https://content.vidangel.com/dry-bar-images/SteveSoelberg-PirateHymns-VidAngel.jpg
1735,movie,Still Alice,still-alice,amazon,,,56,5,54315,,,,PG-13,,https://ravanna.vidangel.com/file/ravanna/2/c/movies-284293_0010_02_2c530e927c878b1a.jpg
694106,movie,STILL: A Michael J. Fox Movie,still-a-michael-j-fox-movie,appletv,,,82,5,56289,,,,R,,https://ravanna.vidangel.com/file/ravanna/gen/t/k/movie-1058699_20230512_tksjOqqpRrUsjSB9.jpg
703142,movie,Stiller & Meara: Nothing Is Lost,stiller-meara-nothing-is-lost,appletv,,,70,5,72929,,,,TV-MA,,https://ravanna.vidangel.com/file/ravanna/gen/B/O/movie-1517758_20251024_BO3q4mhC8WcqlqdD.jpg
689508,movie,Stillwater,stillwater-2ce45,amazon,,,127,4,51013,,,,R,,https://ravanna.vidangel.com/file/ravanna/8/3/movies-616651_0010_02_8366b7017a0f08ff.jpg
1122,movie,Stir Crazy,stir-crazy,amazon,,,201,5,51314,,,,R,,https://ravanna.vidangel.com/file/ravanna/9/6/movies-21629_0010_01_96737e9a9c802e7d.jpg
659413,movie,Stonehearst Asylum,stonehearst-asylum,amazon-prime,,,123,5,43258,,,,PG-13,,https://ravanna.vidangel.com/file/ravanna/4/d/movies-207933_0010_01_4dfd4c7303aabc4c.jpg
683258,movie,Stowaway,stowaway,netflix,,,47,3,46278,,,,TV-MA,,https://ravanna.vidangel.com/file/ravanna/4/d/movies-559581_0010_04_4d66db196a972369.jpg
2480,movie,Straight Outta Compton,straight-outta-compton,amazon,,,1155,5,72856,,,,R,,https://ravanna.vidangel.com/file/ravanna/c/a/movies-277216_0010_01_ca50ff552919e99e.jpg
2229,movie,Stranger Than Fiction,stranger-than-fiction-2006,amazon,,,105,5,65868,,,,PG-13,,https://ravanna.vidangel.com/file/ravanna/f/f/movies-1262_0010_01_ff72dc8444ebb153.jpg
701942,movie,STRAW,straw,netflix,,,170,3,69700,,,,R,,https://ravanna.vidangel.com/file/ravanna/gen/z/x/movie-1426776_20250606_zxqVLEo9U7rybF9k.jpg
695987,movie,Strays,strays,amazon,,,593,5,66616,,,,R,,https://ravanna.vidangel.com/file/ravanna/gen/m/R/movie-912908_20231106_mRhSuevRu4qKWqAC.jpg
664573,movie,Striking Distance,striking-distance-2c7ef,netflix,,,295,5,76529,,,,R,,https://ravanna.vidangel.com/file/ravanna/8/e/movies-11074_0010_07_8eb1cae5d66fd16b.jpg
2178,movie,Stripes,stripes,amazon,,,178,5,48930,,,,R,,https://ravanna.vidangel.com/file/ravanna/f/b/movies-10890_0010_01_fbfd90dba1addaac.jpg
206679,movie,Stronger,stronger,amazon-prime,,,342,5,56727,,,,R,,https://ravanna.vidangel.com/file/ravanna/7/8/movies-395993_0010_01_7834375f288464ee.jpg
3656,movie,Stuart Little,stuart-little,amazon,,,117,4,56794,,,,PG,,https://ravanna.vidangel.com/file/ravanna/9/8/movies-10137_0010_01_989074aa8da51c94.jpg
693843,movie,Stutz,stutz,netflix,,,59,3,56097,,,,R,,https://ravanna.vidangel.com/file/ravanna/f/6/movies-799375_0010_04_f66dc6645e7e940b.jpg
196252,movie,Submergence,submergence,amazon-prime,,,70,5,35878,,,,PG-13,,https://ravanna.vidangel.com/file/ravanna/7/5/movies-375327_0010_01_75d9450200f05fa7.jpg
669122,movie,Submission,submission,amazon,,,156,4,32601,,,,R,,https://ravanna.vidangel.com/file/ravanna/b/3/movies-414454_0010_01_b3ffb4f79c9d95a8.jpg
699989,movie,Subservience,subservience,netflix,,,219,4,68674,,,,R,,https://ravanna.vidangel.com/file/ravanna/gen/P/A/movie-1064028_20241208_PAYqcVx8vH2lqr0J.jpg
703064,movie,Sugarplummed,sugarplummed,amazon,,,12,4,73018,,,,G,,https://ravanna.vidangel.com/file/ravanna/c/d/movies-1359060_0010_01_cd9611406f49e4f0.jpg
662824,movie,Sunshine Cleaning,sunshine-cleaning,amazon,,,151,5,39079,,,,R,,https://ravanna.vidangel.com/file/ravanna/a/d/movies-13090_0010_02_adf32aeca9680742.jpg
2504,movie,Super 8,super-8,amazon,,,253,5,64903,,,,PG-13,,https://ravanna.vidangel.com/file/ravanna/b/4/movies-37686_0010_01_b4c95c0f11762103.jpg
2707,movie,Superbad,superbad,amazon,,,874,5,65979,,,,R,,https://ravanna.vidangel.com/file/ravanna/d/3/movies-8363_0010_01_d30e8488441427b7.jpg
223338,movie,Supercon,supercon,amazon,,,639,5,35962,,,,R,,https://ravanna.vidangel.com/file/ravanna/f/e/movies-430011_0010_01_feb20af21a9c9b79.jpg
701418,movie,Surprised by Oxford,surprised-by-oxford,amazon-prime,,,67,3,71880,,,,R,,https://ravanna.vidangel.com/file/ravanna/gen/T/Y/movie-988452_20250428_TY55SVtzxkKNXwo4.jpg
697777,movie,Surrounded,surrounded,amazon,,,171,3,62535,,,,R,,https://ravanna.vidangel.com/file/ravanna/gen/M/L/movie-759584_20240509_MLUuK3gvZhcilIWh.jpg
2308,movie,Surviving Christmas,surviving-christmas,amazon,,,134,5,54129,,,,PG-13,,https://ravanna.vidangel.com/file/ravanna/8/a/movies-15566_0010_02_8a7d341cc91d1796.jpg
681088,movie,Susan Jones,susan-jones-lady-ha-ha,vidangel,,,5,2,43579,,,,NR,,https://content.vidangel.com/dry-bar-images/SusanJones-LadyHaha-VidAngel.jpg
671221,movie,Suspiria,suspiria-92554,amazon-prime,,,259,4,36434,,,,R,,https://ravanna.vidangel.com/file/ravanna/c/1/movies-361292_0010_03_c1babc51a51e61ad.jpg
686233,movie,Swan Song,swan-song,appletv,,,53,3,65033,,,,R,,https://ravanna.vidangel.com/file/ravanna/7/a/movies-765245_0010_01_7a76da032273760a.jpg
669183,movie,Sweet Country,sweet-country,amazon-prime,,,167,4,32873,,,,R,,https://ravanna.vidangel.com/file/ravanna/2/d/movies-468210_0010_04_2de0437c34b0f537.jpg
684379,movie,Sweet Girl,sweet-girl,netflix,,,140,4,47955,,,,R,,https://ravanna.vidangel.com/file/ravanna/2/4/movies-619297_0010_03_2467765d120b064b.jpg
215703,movie,Sweet Virginia,sweet-virginia,amazon-channels-amc,,,127,5,40698,,,,R,,https://ravanna.vidangel.com/file/ravanna/e/1/movies-413992_0010_05_e1da808f7eab53d3.jpg
664181,movie,Switchback,switchback,amazon,,,192,4,40606,,,,R,,https://ravanna.vidangel.com/file/ravanna/d/a/movies-10871_0010_02_da2c43a0eb957a3d.jpg
703216,movie,Switched for Christmas,switched-for-christmas,amazon,,,9,3,73084,,,,TV-G,,https://ravanna.vidangel.com/file/ravanna/gen/h/2/movie-475830_20251101_h2hJ4fEsZjA0ed5N.jpg
682219,movie,Sylvie's Love,sylvies-love,amazon-prime,,,137,5,45009,,,,PG-13,,https://ravanna.vidangel.com/file/ravanna/2/8/movies-584288_0010_01_2843148f299c3481.jpg
181584,movie,Synchronicity,synchronicity,amazon,,,102,4,53696,,,,R,,https://ravanna.vidangel.com/file/ravanna/d/c/movies-347945_0010_03_dc3025cd861b7d9e.jpg
676792,movie,T-34,t-34,amazon,,,164,5,41153,,,,TV-14,,https://ravanna.vidangel.com/file/ravanna/a/f/movies-505954_0010_03_afe2f410ffb24c72.jpg
57815,movie,Take Me Home,take-me-home,amazon-prime,,,36,4,41464,,,,PG-13,,https://ravanna.vidangel.com/file/ravanna/e/6/movies-85431_0010_01_e6631b0439322385.jpg
3397,movie,Take Shelter,take-shelter,amazon,,,74,5,65978,,,,R,,https://ravanna.vidangel.com/file/ravanna/d/8/movies-64720_0010_01_d8b93a487e3a661a.jpg
659732,movie,Takers,takers,amazon,,,275,5,40684,,,,PG-13,,https://ravanna.vidangel.com/file/ravanna/6/d/movies-22907_0010_04_6dbc1dc99957359b.jpg
695986,movie,Talk to Me,talk-to-me-d9010,amazon,,,344,5,68680,,,,R,,https://ravanna.vidangel.com/file/ravanna/b/5/movies-1008042_0010_0b_b5b276fa64ad74fa.jpg
675602,movie,Tall Girl,tall-girl,netflix,,,90,4,39377,,,,TV-PG,,https://ravanna.vidangel.com/file/ravanna/d/8/movies-625450_0010_07_d8c4c558ded40cf8.jpg
687179,movie,Tall Girl 2,tall-girl-2,netflix,,,54,5,49910,,,,TV-PG,,https://ravanna.vidangel.com/file/ravanna/c/5/movies-772272_0010_01_c55e876b95a395a9.jpg
2630,movie,Talladega Nights: The Ballad of Ricky Bobby,talladega-nights-the-ballad-of-ricky-bobby,amazon,,,208,5,62093,,,,PG-13,,https://ravanna.vidangel.com/file/ravanna/c/2/movies-9718_0010_01_c241e885e285d3c0.jpg
693287,movie,TAR,tar,peacock,,,58,4,62172,,,,R,,https://ravanna.vidangel.com/file/ravanna/e/a/movies-817758_0010_04_ea787d3114f373ab.jpg
3819,movie,Tarzan,tarzan-2013,amazon,,,166,4,51820,,,,PG,,https://ravanna.vidangel.com/file/ravanna/7/6/movies-230222_0010_01_76454251b32286e0.jpg
669082,movie,Tau,tau,netflix,,,120,4,32569,,,,R,,https://ravanna.vidangel.com/file/ravanna/d/1/movies-411143_0010_01_d11b19f480f9d6f6.jpg
1336,movie,Taxi Driver,taxi-driver,amazon,,,173,5,38037,,,,R,,https://ravanna.vidangel.com/file/ravanna/7/6/movies-103_0010_04_7600b1ed88e7f09d.jpg
674149,movie,Taylor Mason,taylor-mason-hysterical-perspective,vidangel,,,10,2,38411,,,,NR,,https://content.vidangel.com/dry-bar-images/TylerMason-HystericalPerspective-VidAngel.jpg
3863,movie,Team America: World Police,team-america-world-police,amazon,,,340,4,66581,,,,R,,https://ravanna.vidangel.com/file/ravanna/8/2/movies-3989_0010_03_82266dbf1c8ba1b1.jpg
2786,movie,Tears of the Sun,tears-of-the-sun,amazon,,,208,4,55270,,,,R,,https://ravanna.vidangel.com/file/ravanna/6/1/movies-9567_0010_04_61523d5425f4f24b.jpg
1593,movie,Ted,ted-unrated,amazon,,,364,5,63502,,,,R,,https://ravanna.vidangel.com/file/ravanna/b/e/movies-72105_0010_01_be61c2fa93629ffb.jpg
2405,movie,Ted 2,ted-2,amazon,,,534,5,75216,,,,R,,https://ravanna.vidangel.com/file/ravanna/8/4/movies-214756_0010_04_8434a64ca9e7ce49.jpg
1603,movie,Teenage Mutant Ninja Turtles,teenage-mutant-ninja-turtles,amazon-channels-paramount,,,93,4,62754,,,,PG-13,,https://ravanna.vidangel.com/file/ravanna/8/1/movies-98566_0010_01_8150bbaa2a2b20e4.jpg
695478,movie,Teenage Mutant Ninja Turtles: Mutant Mayhem,teenage-mutant-ninja-turtles-mutant-mayhem,amazon,,,167,3,72977,,,,PG,,https://ravanna.vidangel.com/file/ravanna/gen/S/Q/movie-614930_20230925_SQT58PnOwzTLrMPS.jpg
3675,movie,Teenage Mutant Ninja Turtles: Out of the Shadows,teenage-mutant-ninja-turtles-out-of-the-shadows,amazon,,,132,5,62755,,,,PG-13,,https://ravanna.vidangel.com/file/ravanna/9/e/movies-308531_0010_01_9e6a63900a6dc27b.jpg
683257,movie,Tell Me When,tell-me-when,netflix,,,71,5,46302,,,,TV-MA,,https://ravanna.vidangel.com/file/ravanna/8/0/movies-676859_0010_05_8013d63651494865.jpg
201297,movie,Terminal,terminal-2018,amazon,,,283,5,35449,,,,PG-13,,https://ravanna.vidangel.com/file/ravanna/6/7/movies-385332_0010_01_670e0e1e59d788ed.jpg
1299,movie,Terminator 2,terminator-2-judgment-day,amazon,,,209,5,71917,,,,R,,https://ravanna.vidangel.com/file/ravanna/7/1/movies-280_0010_05_71df0af5873b51d8.jpg
2325,movie,Terminator Genisys,terminator-genisys,amazon,,,149,3,65764,,,,PG-13,,https://ravanna.vidangel.com/file/ravanna/2/3/movies-87101_0010_05_23a861bba0f18c43.jpg
699933,movie,Terrifier 2,terrifier-2,amazon-prime,,,596,5,66657,,,,R,,https://ravanna.vidangel.com/file/ravanna/0/2/movies-663712_0010_08_024bdfb2a7a9f2bc.jpg
658722,movie,Testament,testament,amazon,,,44,4,57082,,,,PG,,https://ravanna.vidangel.com/file/ravanna/2/f/movies-21259_0010_02_2f6a76177f7e4307.jpg
693695,movie,Tetris,tetris,appletv,,,102,4,55808,,,,R,,https://ravanna.vidangel.com/file/ravanna/f/7/movies-726759_0010_0a_f7c3ed580b79ff4b.jpg
181405,movie,Thank You for Your Service,thank-you-for-your-service,netflix,,,256,5,57306,,,,R,,https://ravanna.vidangel.com/file/ravanna/b/b/movies-347629_0010_01_bbe52622a9518a72.jpg
1233,movie,Thanks for Sharing,thanks-for-sharing,amazon-prime,,,304,4,53671,,,,R,,https://ravanna.vidangel.com/file/ravanna/7/1/movies-112200_0010_06_714328187145e821.jpg
699932,movie,That Christmas,that-christmas,netflix,,,80,4,66530,,,,PG,,https://ravanna.vidangel.com/file/ravanna/2/e/movies-645757_0010_02_2e49342db6301572.jpg
2841,movie,The 'Burbs,the-burbs,amazon,,,219,5,69669,,,,PG,,https://ravanna.vidangel.com/file/ravanna/a/3/movies-11974_0010_01_a3c6c35817f0bc90.jpg
669698,movie,The 12th Man,the-12th-man,amazon,,,93,3,44266,,,,PG-13,,https://ravanna.vidangel.com/file/ravanna/6/a/movies-435577_0010_01_6a370ec338309a45.jpg
702572,movie,The 355,the-355,netflix,,,220,5,71559,,,,PG-13,,https://ravanna.vidangel.com/file/ravanna/gen/F/r/movie-522016_20250820_FrOpAacLGSonxRFO.jpg
2863,movie,The 40 Year Old Virgin,the-40-year-old-virgin,amazon,,,575,5,57585,,,,R,,https://ravanna.vidangel.com/file/ravanna/2/7/movies-6957_0010_04_27a198b4d896e475.jpg
2741,movie,The 5th Wave,the-5th-wave,amazon,,,146,4,71124,,,,PG-13,,https://ravanna.vidangel.com/file/ravanna/9/9/movies-299687_0010_01_99d5b16ea5e121e3.jpg
700483,movie,The Abyss,the-abyss-3f621,netflix,,,322,5,67706,,,,R,,https://ravanna.vidangel.com/file/ravanna/gen/a/d/movie-1053544_20250128_adPbE7buLOM1J9dF.jpg
702386,movie,The Accountant 2,the-accountant2,amazon-prime,,,283,4,71511,,,,R,,https://ravanna.vidangel.com/file/ravanna/gen/9/Q/movie-870028_20250808_9QJsMamf4OlhJCoR.jpg
687871,movie,The Adam Project,the-adam-project,netflix,,,167,4,50226,,,,PG-13,,https://ravanna.vidangel.com/file/ravanna/a/b/movies-696806_0010_01_abbfc81ad3b1a85d.jpg
1553,movie,The Addams Family,the-addams-family,amazon-channels-paramount,,,72,5,65567,,,,PG-13,,https://ravanna.vidangel.com/file/ravanna/4/e/movies-2907_0010_01_4e4c43d4c8aacac9.jpg
1369,movie,The Adjustment Bureau,the-adjustment-bureau,amazon,,,133,5,64432,,,,PG-13,,https://ravanna.vidangel.com/file/ravanna/e/b/movies-38050_0010_02_eb68b24093f9ee87.jpg
678987,movie,The Adventure of A.R.I.: My Robot Friend,the-adventure-of-ari-my-robot-friend,amazon,,,79,3,44424,,,,PG,,https://ravanna.vidangel.com/file/ravanna/f/e/movies-682075_0010_01_fe19703fd95d93fa.jpg
676322,movie,The Aeronauts,the-aeronauts,amazon-prime,,,60,4,40356,,,,PG-13,,https://ravanna.vidangel.com/file/ravanna/e/d/movies-514921_0010_01_ed7302aee48f1604.jpg
669632,movie,The After Party,the-after-party,netflix,,,682,5,33658,,,,TV-MA,,https://ravanna.vidangel.com/file/ravanna/0/1/movies-538604_0010_01_01f7fcaeb0090028.jpg
2012,movie,The Age of Adaline,the-age-of-adaline,amazon,,,52,5,53442,,,,PG-13,,https://ravanna.vidangel.com/file/ravanna/2/0/movies-293863_0010_02_204ab4160c08070c.jpg
1420,movie,The Amazing Spider-Man,the-amazing-spider-man,amazon,,,116,4,67685,,,,PG-13,,https://ravanna.vidangel.com/file/ravanna/d/7/movies-1930_0010_01_d71d9e9bee69070d.jpg
1188,movie,The Amazing Spider-Man 2,the-amazing-spider-man-2,amazon,,,112,4,67686,,,,PG-13,,https://ravanna.vidangel.com/file/ravanna/7/b/movies-102382_0010_08_7b1772d406467548.jpg
669859,movie,The Angel,the-angel,netflix,,,54,4,32222,,,,TV-MA,,https://ravanna.vidangel.com/file/ravanna/c/b/movies-468362_0010_01_cbe96d7fb661d0a3.jpg
3571,movie,The Angry Birds Movie,the-angry-birds-movie,amazon,,,192,5,56549,,,,PG,,https://ravanna.vidangel.com/file/ravanna/4/d/movies-153518_0010_04_4dfda20aa4c279d1.jpg
675105,movie,The Angry Birds Movie 2,the-angry-birds-movie-2,amazon,,,202,5,54529,,,,PG,,https://ravanna.vidangel.com/file/ravanna/f/f/movies-454640_0010_05_ff35a27a05ed0297.jpg
662615,movie,The Answer Man,the-answer-man,amazon-prime,,,94,4,46259,,,,R,,https://ravanna.vidangel.com/file/ravanna/e/9/movies-20407_0010_01_e950534970b41c7b.jpg
679354,movie,The Assistant,the-assistant,netflix,,,20,4,73756,,,,R,,https://ravanna.vidangel.com/file/ravanna/4/e/movies-627463_0010_01_4e77b52febc696bb.jpg
207286,movie,The Autopsy of Jane Doe,the-autopsy-of-jane-doe,amazon-channels-amc,,,423,4,73283,,,,R,,https://ravanna.vidangel.com/file/ravanna/0/5/movies-397243_0010_0e_058816dd2f0ca925.jpg
692165,movie,The Bad Guys,the-bad-guys,amazon,,,145,4,60397,,,,PG,,https://ravanna.vidangel.com/file/ravanna/gen/5/1/movie-629542_20221102_51xrqMSVakAZ7bJY.jpg
703309,movie,The Bad Guys 2,the-bad-guys-2,amazon,,,149,4,75710,,,,PG,,https://ravanna.vidangel.com/file/ravanna/c/1/movies-1175942_0010_02_c103d2a62832aff6.jpg
696277,movie,The Bad Guys: A Very Bad Holiday,the-bad-guys-a-very-bad-holiday,netflix,,,29,3,59771,,,,G,,https://ravanna.vidangel.com/file/ravanna/c/1/movies-1046032_0010_07_c1c434a5173eb09e.jpg
670506,movie,The Ballad of Buster Scruggs,the-ballad-of-buster-scruggs,netflix,,,157,4,52523,,,,R,,https://ravanna.vidangel.com/file/ravanna/3/f/movies-537996_0010_01_3f76f76eb1be0d7d.jpg
227378,movie,The Ballad of Lefty Brown,the-ballad-of-lefty-brown,amazon,,,137,3,41221,,,,R,,https://ravanna.vidangel.com/file/ravanna/5/b/movies-438457_0010_03_5ba0b81c5b7d8132.jpg
677296,movie,The Banker,the-banker-35ce3,appletv,,,162,5,64505,,,,PG-13,,https://ravanna.vidangel.com/file/ravanna/3/9/movies-627725_0010_01_396115f16c12f912.jpg
694812,movie,The Beanie Bubble,the-beanie-bubble,appletv,,,98,4,57552,,,,R,,https://ravanna.vidangel.com/file/ravanna/gen/I/V/movie-926008_20230728_IV0Aiw0k6ibK2roU.jpg
697384,movie,The Beautiful Game,the-beautiful-game,netflix,,,44,5,61800,,,,PG-13,,https://ravanna.vidangel.com/file/ravanna/gen/B/s/movie-857655_20240329_BsSK7mQGEmE2kSSe.jpg
697068,movie,The Beekeeper,the-beekeeper,amazon-prime,,,362,5,64731,,,,R,,https://ravanna.vidangel.com/file/ravanna/gen/2/Y/movie-866398_20240304_2YK8dv5WzqrlXzVA.jpg
177463,movie,The Belko Experiment,the-belko-experiment,amazon,,,341,5,35101,,,,R,,https://ravanna.vidangel.com/file/ravanna/5/2/movies-341006_0010_07_52d3befa790fcec4.jpg
3091,movie,The Benchwarmers,the-benchwarmers,amazon,,,189,5,56599,,,,PG-13,,https://ravanna.vidangel.com/file/ravanna/f/5/movies-9957_0010_02_f5910506c2cae9e1.jpg
703600,movie,The Best Christmas Pageant Ever,the-best-christmas-pageant-ever-eeed8,amazon-channels-starz,,,31,3,73744,,,,PG,,https://ravanna.vidangel.com/file/ravanna/f/7/movies-1206617_0010_03_f71e2f655a4036f9.jpg
1497,movie,The Best Man Holiday,the-best-man-holiday,amazon,,,413,5,66256,,,,R,,https://ravanna.vidangel.com/file/ravanna/1/f/movies-146304_0010_01_1fa3efc941a697e1.jpg
674319,movie,The Best of Enemies,the-best-of-enemies,amazon,,,133,5,47274,,,,PG-13,,https://ravanna.vidangel.com/file/ravanna/7/6/movies-458131_0010_01_76c537c7ab2c9614.jpg
1651,movie,The Best of Me,the-best-of-me,amazon,,,161,5,54224,,,,PG-13,,https://ravanna.vidangel.com/file/ravanna/1/b/movies-239571_0010_01_1ba04ccd5b226d63.jpg
703930,movie,The Best You Can,the-best-you-can,netflix,,,201,5,74035,,,,R,,https://ravanna.vidangel.com/file/ravanna/gen/F/a/movie-1238379_20251225_FajAVMO82qnMHbBG.jpg
1015,movie,The Big Lebowski,the-big-lebowski,amazon,,,536,5,63741,,,,R,,https://ravanna.vidangel.com/file/ravanna/5/2/movies-115_0010_01_529ca9837eceb982.jpg
2615,movie,The Big Short,the-big-short,amazon,,,260,3,57975,,,,R,,https://ravanna.vidangel.com/file/ravanna/a/b/movies-318846_0010_03_ab9638b154d6c13b.jpg
216817,movie,The Big Sick,the-big-sick,amazon-prime,,,137,3,32191,,,,R,,https://ravanna.vidangel.com/file/ravanna/a/6/movies-416477_0010_01_a689309180854b28.jpg
1383,movie,The Big Wedding,the-big-wedding,amazon,,,217,4,53231,,,,R,,https://ravanna.vidangel.com/file/ravanna/4/7/movies-87567_0010_01_4795fb2bd84f2d7b.jpg
699811,movie,The Bikeriders,the-bikeriders,amazon,,,408,5,66333,,,,R,,https://ravanna.vidangel.com/file/ravanna/gen/0/G/movie-1008409_20241117_0GKG6hyLcj9Iw1wv.jpg
3472,movie,The Birdcage,the-birdcage,amazon-channels-mgm,,,264,5,59932,,,,R,,https://ravanna.vidangel.com/file/ravanna/3/4/movies-11000_0010_02_3472a5c72b6f54d3.jpg
695212,movie,The Black Demon,the-black-demon,amazon-prime,,,100,5,57996,,,,R,,https://ravanna.vidangel.com/file/ravanna/gen/h/p/movie-890771_20230824_hpvOGAKsufaa89Vd.jpg
691863,movie,The Black Phone,the-black-phone,amazon,,,159,4,74950,,,,R,,https://ravanna.vidangel.com/file/ravanna/2/1/movies-756999_0010_02_218b00b44ee11cf8.jpg
700830,movie,The Blind,the-blind,amazon,,,115,4,69153,,,,PG-13,,https://ravanna.vidangel.com/file/ravanna/7/9/movies-1032194_0010_01_79e4bd1a3b122bb5.jpg
697236,movie,The Bloody Hundredth,the-bloody-hundredth,appletv,,,33,4,61527,,,,TV-14,,https://ravanna.vidangel.com/file/ravanna/f/c/movies-1251636_0010_01_fc7ebe5c0f32fe1f.jpg
3988,movie,The Blue Lagoon,the-blue-lagoon-1980,amazon,,,167,5,56343,,,,R,,https://ravanna.vidangel.com/file/ravanna/2/4/movies-5689_0010_05_240adb9c6e4bd866.jpg
2484,movie,The Blues Brothers,the-blues-brothers,amazon,,,162,4,60295,,,,R,,https://ravanna.vidangel.com/file/ravanna/1/8/movies-525_0010_0a_1879a92939bc10e0.jpg
706011,movie,The Bluff,the-bluff,amazon-prime,,,204,5,75117,,,,R,,https://ravanna.vidangel.com/file/ravanna/gen/4/V/movie-799882_20260225_4Vhfoyqq1bc25zCr.jpg
2020,movie,The Bone Collector,the-bone-collector,amazon,,,184,4,55756,,,,R,,https://ravanna.vidangel.com/file/ravanna/f/e/movies-9481_0010_01_fe83cb553647cb4f.jpg
199919,movie,The Book of Henry,the-book-of-henry,amazon,,,74,5,47623,,,,PG-13,,https://ravanna.vidangel.com/file/ravanna/8/6/movies-382614_0010_02_86a97ea600ff9c0d.jpg
184039,movie,The Book Of Love,the-book-of-love,amazon,,,120,5,35431,,,,PG-13,,https://ravanna.vidangel.com/file/ravanna/6/4/movies-352885_0010_01_644af7c228909ca5.jpg
671025,movie,The Bookshop,the-bookshop,amazon,,,34,5,36233,,,,PG,,https://ravanna.vidangel.com/file/ravanna/8/b/movies-444539_0010_01_8bef5ce9c1960cf1.jpg
153177,movie,The Boss Baby,the-boss-baby,amazon,,,186,5,34848,,,,TV-Y7,,https://ravanna.vidangel.com/file/ravanna/0/3/movies-295693_0010_09_03c93bd2efcecefc.jpg
692471,movie,The Boss Baby: Christmas Bonus,the-boss-baby-christmas-bonus,netflix,,,95,3,53990,,,,TV-Y7,,https://ravanna.vidangel.com/file/ravanna/4/3/movies-1045944_0010_01_439a7b4fdb304b19.jpg
1044,movie,The Bounty Hunter,the-bounty-hunter-2010,amazon,,,270,5,63627,,,,PG-13,,https://ravanna.vidangel.com/file/ravanna/7/c/movies-27573_0010_02_7c86a235431ddb42.jpg
1236,movie,The Bourne Identity,the-bourne-identity,amazon,,,129,5,72283,,,,PG-13,,https://ravanna.vidangel.com/file/ravanna/3/d/movies-2501_0010_02_3df502648dc6d608.jpg
1264,movie,The Bourne Legacy,the-bourne-legacy,amazon,,,120,4,63074,,,,PG-13,,https://ravanna.vidangel.com/file/ravanna/a/1/movies-49040_0010_01_a1937262f142b25c.jpg
1263,movie,The Bourne Supremacy,the-bourne-supremacy,amazon,,,66,5,63114,,,,PG-13,,https://ravanna.vidangel.com/file/ravanna/6/a/movies-2502_0010_01_6a049214cabee269.jpg
1265,movie,The Bourne Ultimatum,the-bourne-ultimatum,amazon,,,83,2,55720,,,,PG-13,,https://ravanna.vidangel.com/file/ravanna/d/6/movies-2503_0010_03_d68b86c02952abe7.jpg
2933,movie,The Boy,the-boy-2016,amazon,,,112,5,42639,,,,PG-13,,https://ravanna.vidangel.com/file/ravanna/b/3/movies-321258_0010_01_b3205af5c8b5b910.jpg
683378,movie,The Boy from Medellín,the-boy-from-medellin,amazon-prime,,,94,4,46501,,,,R,,https://ravanna.vidangel.com/file/ravanna/1/b/movies-736604_0010_04_1bae4b91fa8bde04.jpg
671627,movie,The Boy Who Harnessed the Wind,the-boy-who-harnessed-the-wind,netflix,,,21,4,36848,,,,TV-PG,,https://ravanna.vidangel.com/file/ravanna/c/1/movies-491480_0010_01_c1c32cb9b3b736ca.jpg
697145,movie,The Boys in the Boat,the-boys-in-the-boat,amazon,,,67,5,62085,,,,PG-13,,https://ravanna.vidangel.com/file/ravanna/gen/u/M/movie-823452_20240311_uMtQl135PN3Kr8OQ.jpg
656427,movie,The Breadwinner,the-breadwinner,amazon,,,27,1,35779,,,,PG-13,,https://ravanna.vidangel.com/file/ravanna/b/d/movies-435129_0010_05_bd67965de86e799a.jpg
1250,movie,The Breakfast Club,the-breakfast-club,amazon,,,179,5,68723,,,,R,,https://ravanna.vidangel.com/file/ravanna/f/f/movies-2108_0010_02_ff8edfcd2addd6f4.jpg
701138,movie,The Brutalist,the-brutalist,amazon,,,119,5,68994,,,,R,,https://ravanna.vidangel.com/file/ravanna/gen/s/M/movie-549509_20250401_sM0bMNdZOIp9dBEZ.jpg
688494,movie,The Bubble,the-bubble,netflix,,,427,5,50522,,,,R,,https://ravanna.vidangel.com/file/ravanna/8/8/movies-765119_0010_01_88652d0779659821.jpg
695652,movie,The Burial,the-burial,amazon-prime,,,114,3,58803,,,,R,,https://ravanna.vidangel.com/file/ravanna/gen/d/3/movie-763165_20231013_d3E4DQLmR3crWBGn.jpg
1483,movie,The Butler,lee-daniels-the-butler,amazon,,,224,5,56629,,,,PG-13,,https://ravanna.vidangel.com/file/ravanna/0/3/movies-132363_0010_03_0303adea4755f50e.jpg
2153,movie,The Cabin in the Woods,the-cabin-in-the-woods,amazon,,,233,5,41037,,,,R,,https://ravanna.vidangel.com/file/ravanna/9/0/movies-22970_0010_01_90e729f02e2cd65a.jpg
1438,movie,The Call,the-call-2013,amazon,,,149,5,52862,,,,R,,https://ravanna.vidangel.com/file/ravanna/c/c/movies-158011_0010_01_ccb0b1b46a1f03d6.jpg
3400,movie,The Captive,the-captive,amazon,,,50,5,38865,,,,R,,https://ravanna.vidangel.com/file/ravanna/8/f/movies-244761_0010_02_8f3716c233835036.jpg
220947,movie,The Case for Christ,the-case-for-christ,amazon,,,89,5,34837,,,,PG,,https://ravanna.vidangel.com/file/ravanna/3/7/movies-424998_0010_01_37b3c80c3e6dbb31.jpg
669110,movie,The Catcher Was a Spy,the-catcher-was-a-spy,amazon-channels-amc,,,63,4,63645,,,,R,,https://ravanna.vidangel.com/file/ravanna/b/0/movies-467952_0010_04_b04c0b2c1582dc9a.jpg
3462,movie,The Change-Up,the-change-up,amazon,,,520,5,66631,,,,R,,https://ravanna.vidangel.com/file/ravanna/2/f/movies-49520_0010_01_2f763cd90dab16af.jpg
669759,movie,The Children Act,the-children-act,amazon,,,45,4,33911,,,,R,,https://ravanna.vidangel.com/file/ravanna/e/e/movies-467936_0010_02_ee71d3d1f18d1214.jpg
2932,movie,The Choice,the-choice,amazon,,,132,5,56598,,,,PG-13,,https://ravanna.vidangel.com/file/ravanna/8/9/movies-330483_0010_01_89d00aa7265dba87.jpg
670587,movie,The Christmas Chronicles,the-christmas-chronicles,netflix,,,74,3,33534,,,,TV-PG,,https://ravanna.vidangel.com/file/ravanna/b/2/movies-527435_0010_01_b21b8f2c4f5a8fb5.jpg
681907,movie,The Christmas Chronicles: Part Two,the-christmas-chronicles-part-two,netflix,,,94,4,44587,,,,PG,,https://ravanna.vidangel.com/file/ravanna/6/8/movies-654028_0010_02_6867863fd95f4904.jpg
703415,movie,The Christmas Cottage,the-christmas-cottage,amazon,,,51,2,73494,,,,TV-14,,https://ravanna.vidangel.com/file/ravanna/gen/c/S/movie-480626_20251117_cSPDkNwMvDcN8V69.jpg
703588,movie,The Christmas Cup,the-christmas-cup,amazon-channels-hallmark,,,21,5,73690,,,,TV-G,,https://ravanna.vidangel.com/file/ravanna/gen/i/H/movie-1547922_20251204_iHJnFUtyHBsP5A42.jpg
670816,movie,The Christmas Cure,the-christmas-cure,amazon,,,18,4,34260,,,,G,,https://ravanna.vidangel.com/file/ravanna/gen/r/6/20230405_r63ggJvkIDmILf9m.jpg
703201,movie,The Christmas House,the-christmas-house,amazon,,,10,3,73233,,,,TV-G,,https://ravanna.vidangel.com/file/ravanna/gen/c/C/movie-746042_20251031_cC12AGp1dVrzdgk1.jpg
2449,movie,The Christmas Ornament,the-christmas-ornament,amazon-channels-hallmark,,,11,3,66496,,,,G,,https://ravanna.vidangel.com/file/ravanna/e/6/movies-238018_0010_01_e69f485ce8307e11.jpg
703072,movie,The Christmas Quest,the-christmas-quest,amazon-channels-hallmark,,,14,3,73121,,,,TV-G,,https://ravanna.vidangel.com/file/ravanna/gen/7/l/movie-1325912_20251020_7lhPZlnQO051yEpK.jpg
1486,movie,The Chronicles of Riddick,the-chronicles-of-riddick-theatrical,amazon,,,220,5,76451,,,,PG-13,,https://ravanna.vidangel.com/file/ravanna/f/5/movies-2789_0010_03_f56ea83617cc0f04.jpg
176891,movie,The Circle,the-circle,amazon,,,57,5,60698,,,,PG-13,,https://ravanna.vidangel.com/file/ravanna/8/3/movies-339988_0010_02_83db95f04df6788e.jpg
219788,movie,The Clapper,the-clapper,amazon,,,91,4,35765,,,,R,,https://ravanna.vidangel.com/file/ravanna/2/0/movies-422615_0010_02_206afadebe74b2bb.jpg
685365,movie,The Claus Family,the-claus-family,netflix,,,22,4,48899,,,,TV-G,,https://ravanna.vidangel.com/file/ravanna/e/7/movies-767896_0010_01_e7683cef8610c987.jpg
692259,movie,The Claus Family 2,the-claus-family-2,netflix,,,54,4,53659,,,,TV-G,,https://ravanna.vidangel.com/file/ravanna/2/b/movies-881180_0010_05_2b87b525eb47401e.jpg
696048,movie,The Claus Family 3,the-claus-family-3,netflix,,,25,5,59837,,,,TV-14,,https://ravanna.vidangel.com/file/ravanna/gen/o/9/movie-1051959_20231108_o9S5kWSg9D4CnDQG.jpg
656083,movie,The Cloverfield Paradox,the-cloverfield-paradox-2018,netflix,,,127,3,35433,,,,R,,https://ravanna.vidangel.com/file/ravanna/4/c/movies-384521_0010_09_4c221bf13b3563b3.jpg
2317,movie,The Cokeville Miracle,the-cokeville-miracle,amazon-prime,,,12,1,53367,,,,PG-13,,https://ravanna.vidangel.com/file/ravanna/f/3/movies-339060_0010_03_f39ec43db7a4a0db.jpg
208128,movie,The Commuter,the-commuter,amazon,,,141,3,59818,,,,PG-13,,https://ravanna.vidangel.com/file/ravanna/3/1/movies-399035_0010_01_31b633a9428954f7.jpg
695667,movie,The Conference,the-conference,netflix,,,291,4,63368,,,,TV-MA,,https://ravanna.vidangel.com/file/ravanna/4/5/movies-1161048_0010_06_452c567590f0d8a4.jpg
691640,movie,The Contractor,the-contractor-6cfcf,paramount,,,162,5,70362,,,,R,,https://ravanna.vidangel.com/file/ravanna/gen/w/V/movie-628900_20220912_wVDL3e2twkjALHBX.jpg
679673,movie,The Corrupted,the-corrupted,amazon,,,182,5,42272,,,,R,,https://ravanna.vidangel.com/file/ravanna/c/0/movies-512239_0010_01_c073ba8b6fa7eff2.jpg
684456,movie,The Courier,the-courier-6b996,amazon,,,99,5,48075,,,,PG-13,,https://ravanna.vidangel.com/file/ravanna/4/2/movies-522241_0010_01_429c9ae73a474078.jpg
8571,movie,The Crow,the-crow,amazon,,,415,5,62307,,,,R,,https://ravanna.vidangel.com/file/ravanna/9/9/movies-9495_0010_06_998dfae8d83d0cf0.jpg
660981,movie,The Cured,the-cured,amazon-channels-amc,,,103,2,32894,,,,R,,https://ravanna.vidangel.com/file/ravanna/b/9/movies-469721_0010_02_b9ec1a5d1b6b3e13.jpg
691868,movie,The Curse of Bridge Hollow,the-curse-of-bridge-hollow,netflix,,,115,5,53122,,,,TV-14,,https://ravanna.vidangel.com/file/ravanna/gen/b/u/movie-864959_20221009_buK19c239rsEhMBj.jpg
2132,movie,The Da Vinci Code,the-da-vinci-code,amazon-channels-mgm,,,128,5,54075,,,,PG-13,,https://ravanna.vidangel.com/file/ravanna/c/9/movies-591_0010_05_c9e4390930805afd.jpg
2556,movie,The Danish Girl,the-danish-girl,amazon,,,93,5,49503,,,,R,,https://ravanna.vidangel.com/file/ravanna/e/4/movies-306819_0010_01_e4042c2cd2ae3f97.jpg
670321,movie,The Dark,the-dark-19dc8,amazon-prime,,,82,5,32221,,,,R,,https://ravanna.vidangel.com/file/ravanna/c/c/movies-463322_0010_03_ccdaa0083ab2722f.jpg
184407,movie,The Dark Tower,the-dark-tower,amazon,,,92,4,66447,,,,PG-13,,https://ravanna.vidangel.com/file/ravanna/e/f/movies-353491_0010_01_ef91b4e8280786f9.jpg
679674,movie,The Dark Valley,the-dark-valley,amazon,,,97,4,42382,,,,PG-13,,https://ravanna.vidangel.com/file/ravanna/f/3/movies-248933_0010_01_f3f697aabcd1f35d.jpg
675089,movie,The Dead Don't Die,the-dead-dont-die,netflix,,,223,4,66808,,,,R,,https://ravanna.vidangel.com/file/ravanna/2/0/movies-535581_0010_06_2064e722b92cdf7c.jpg
9837,movie,The Dead Zone,the-dead-zone,amazon,,,81,4,43404,,,,R,,https://ravanna.vidangel.com/file/ravanna/f/2/movies-11336_0010_05_f2a0cb29a8d2e18d.jpg
660982,movie,The Death of Stalin,the-death-of-stalin,amazon-channels-amc,,,270,4,45847,,,,R,,https://ravanna.vidangel.com/file/ravanna/3/e/movies-402897_0010_02_3ef43a6f51163bf8.jpg
678934,movie,The Decline,the-decline,netflix,,,188,2,44650,,,,TV-MA,,https://ravanna.vidangel.com/file/ravanna/6/3/movies-674607_0010_03_6309981cd954ea8e.jpg
3155,movie,The Deer Hunter,the-deer-hunter,amazon,,,442,4,59942,,,,R,,https://ravanna.vidangel.com/file/ravanna/b/d/movies-11778_0010_03_bd3970124682b710.jpg
698809,movie,The Deliverance,the-deliverance,netflix,,,367,5,64678,,,,R,,https://ravanna.vidangel.com/file/ravanna/d/0/movies-930600_0010_01_d05c6da17a55fd32.jpg
3139,movie,The Descent,the-descent,amazon,,,219,5,54143,,,,R,,https://ravanna.vidangel.com/file/ravanna/e/c/movies-9392_0010_09_ecbd85a649bb10bc.jpg
680811,movie,The Devil All the Time,the-devil-all-the-time,netflix,,,317,5,43678,,,,R,,https://ravanna.vidangel.com/file/ravanna/4/0/movies-499932_0010_02_40ce9a42e916e4b5.jpg
658366,movie,The Devil's Arithmetic,the-devils-arithmetic,amazon,,,113,5,62608,,,,PG,,https://ravanna.vidangel.com/file/ravanna/e/e/movies-22509_0010_03_ee07b478ce5579ce.jpg
6864,movie,The Devil's Own,the-devils-own-1997,amazon,,,183,4,52957,,,,R,,https://ravanna.vidangel.com/file/ravanna/2/0/movies-4477_0010_05_20346994cd456118.jpg
3542,movie,The Dictator,the-dictator,amazon-channels-paramount,,,207,4,75155,,,,R,,https://ravanna.vidangel.com/file/ravanna/b/d/movies-76493_0010_03_bd03bcd4aafb22ca.jpg
682458,movie,The Dig,the-dig,netflix,,,73,5,45389,,,,PG-13,,https://ravanna.vidangel.com/file/ravanna/9/2/movies-532865_0010_01_924eca9201d66950.jpg
671871,movie,The Dirt,the-dirt,netflix,,,722,5,45577,,,,TV-MA,,https://ravanna.vidangel.com/file/ravanna/1/c/movies-327331_0010_01_1cce5dd31c714b44.jpg
196579,movie,The Discovery,the-discovery,netflix,,,94,3,31663,,,,TV-MA,,https://ravanna.vidangel.com/file/ravanna/e/e/movies-376134_0010_01_eeca0ae7e30b9f67.jpg
669083,movie,The Domestics,the-domestics,amazon,,,276,4,32571,,,,R,,https://ravanna.vidangel.com/file/ravanna/6/8/movies-426814_0010_03_684871f59480dc0d.jpg
1163,movie,The Double,the-double,amazon,,,84,4,55363,,,,R,,https://ravanna.vidangel.com/file/ravanna/b/1/movies-146015_0010_01_b142d7b441bd5c43.jpg
1845,movie,The Double,the-double-2,amazon,,,132,4,39479,,,,PG-13,,https://ravanna.vidangel.com/file/ravanna/1/8/movies-73499_0010_01_1844c7725e42d088.jpg
3702,movie,The Dream Team,the-dream-team,amazon,,,126,5,66217,,,,PG-13,,https://ravanna.vidangel.com/file/ravanna/0/5/movies-14550_0010_03_05718439f12903d7.jpg
154863,movie,The Dressmaker,the-dressmaker,amazon-prime,,,163,4,34850,,,,R,,https://ravanna.vidangel.com/file/ravanna/0/d/movies-298382_0010_01_0d928c9a609d5297.jpg
659887,movie,The Duchess,the-duchess,amazon,,,150,4,40723,,,,PG-13,,https://ravanna.vidangel.com/file/ravanna/5/2/movies-12783_0010_01_52a1708a471c91e0.jpg
1756,movie,The DUFF,the-duff,amazon,,,238,5,50465,,,,PG-13,,https://ravanna.vidangel.com/file/ravanna/a/a/movies-272693_0010_02_aadde6599aa77c98.jpg
700974,movie,The Electric State,the-electric-state,netflix,,,155,4,68392,,,,PG-13,,https://ravanna.vidangel.com/file/ravanna/c/4/movies-777443_0010_01_c430e4de7bae4601.jpg
685405,movie,The Electrical Life of Louis Wain,the-electrical-life-of-louis-wain,amazon-prime,,,55,5,48803,,,,PG-13,,https://ravanna.vidangel.com/file/ravanna/d/2/movies-617762_0010_09_d2553b3e73e3d2cc.jpg
635309,movie,The Emoji Movie,the-emoji-movie,amazon,,,103,5,34817,,,,PG,,https://ravanna.vidangel.com/file/ravanna/5/9/movies-378236_0010_05_59b1ad6dfe540fed.jpg
669029,movie,The Endless,the-endless,amazon,,,145,4,32388,,,,NR,,https://ravanna.vidangel.com/file/ravanna/1/e/movies-430231_0010_04_1ec39e89273dfcb9.jpg
1623,movie,The Equalizer,the-equalizer,amazon,,,251,4,74098,,,,R,,https://ravanna.vidangel.com/file/ravanna/8/3/movies-156022_0010_02_833e8a55d10f0a13.jpg
670501,movie,The Equalizer 2,the-equalizer-2,amazon,,,180,5,71349,,,,R,,https://ravanna.vidangel.com/file/ravanna/b/6/movies-345887_0010_05_b674508384713b17.jpg
695787,movie,The Equalizer 3,the-equalizer-3,amazon,,,110,3,69530,,,,R,,https://ravanna.vidangel.com/file/ravanna/gen/g/n/movie-926393_20231025_gnS8YVycEQWf26g8.jpg
669787,movie,The Escape,the-escape,amazon-channels-amc,,,68,5,33920,,,,NR,,https://ravanna.vidangel.com/file/ravanna/e/f/movies-475007_0010_07_ef1570dc3cb1dd64.jpg
656872,movie,The Escape of Prisoner 614,the-escape-of-prisoner-614,amazon,,,172,4,35428,,,,PG-13,,https://ravanna.vidangel.com/file/ravanna/4/1/movies-505418_0010_02_4193bcdd95a2b387.jpg
176890,movie,The Exception,the-exception,amazon,,,81,4,42267,,,,R,,https://ravanna.vidangel.com/file/ravanna/8/2/movies-339987_0010_01_82b2a31b8f263173.jpg
1069,movie,The Expendables,the-expendables,netflix,,,217,4,64750,,,,R,,https://ravanna.vidangel.com/file/ravanna/a/4/movies-27578_0010_06_a4626179d7371797.jpg
1070,movie,The Expendables 2,the-expendables-2,netflix,,,158,3,64861,,,,R,,https://ravanna.vidangel.com/file/ravanna/b/0/movies-76163_0010_04_b06e324a7ce6b90b.jpg
1592,movie,The Expendables 3,the-expendables-3,netflix,,,246,5,64748,,,,PG-13,,https://ravanna.vidangel.com/file/ravanna/0/d/movies-138103_0010_05_0db9758c563a596f.jpg
693440,movie,The Fabelmans,the-fabelmans,amazon,,,190,5,55422,,,,PG-13,,https://ravanna.vidangel.com/file/ravanna/9/7/movies-804095_0010_04_97e5c8f086d8df42.jpg
665291,movie,The Falcon and the Snowman,the-falcon-and-the-snowman,amazon,,,144,5,40736,,,,R,,https://ravanna.vidangel.com/file/ravanna/b/3/movies-26578_0010_04_b38f7e20b47c7b95.jpg
697884,movie,The Fall Guy,the-fall-guy-47625,amazon,,,347,5,62768,,,,PG-13,,https://ravanna.vidangel.com/file/ravanna/gen/e/m/movie-746036_20240522_em25iNe42WasH3dC.jpg
2413,movie,The Family Man,the-family-man,amazon,,,120,4,75630,,,,PG-13,,https://ravanna.vidangel.com/file/ravanna/1/9/movies-5994_0010_03_19d93d7ae07238c5.jpg
696403,movie,The Family Plan,the-family-plan,appletv,,,276,5,60016,,,,PG-13,,https://ravanna.vidangel.com/file/ravanna/gen/8/W/movie-1029575_20231215_8WixXjGQ5ZDv5tzo.jpg
703452,movie,The Family Plan 2,the-family-plan-2,appletv,,,199,5,73444,,,,PG-13,,https://ravanna.vidangel.com/file/ravanna/gen/w/e/movie-1363123_20251121_weZj0JaubnwOak0b.jpg
675262,movie,The Farewell,the-farewell,amazon,,,80,5,59445,,,,PG,,https://ravanna.vidangel.com/file/ravanna/2/e/movies-565310_0010_02_2e4767f9046da712.jpg
1272,movie,The Fast and the Furious,the-fast-and-the-furious,amazon,,,246,5,64264,,,,PG-13,,https://ravanna.vidangel.com/file/ravanna/b/1/movies-9799_0010_09_b102f22fe7bd5639.jpg
1702,movie,The Fast and the Furious: Tokyo Drift,the-fast-and-the-furious-tokyo-drift,amazon,,,208,5,66053,,,,PG-13,,https://ravanna.vidangel.com/file/ravanna/b/6/movies-9615_0010_05_b64e0859d25ecde6.jpg
684681,movie,The Father Who Moves Mountains,the-father-who-moves-mountains,netflix,,,44,5,48318,,,,TV-MA,,https://ravanna.vidangel.com/file/ravanna/8/6/movies-840427_0010_04_865fc1d22b1308b6.jpg
669221,movie,The Female Brain,the-female-brain,amazon-channels-amc,,,223,5,32892,,,,PG-13,,https://ravanna.vidangel.com/file/ravanna/6/6/movies-406668_0010_05_662523b9a719df0e.jpg
2731,movie,The Fifth Element,the-fifth-element,amazon,,,253,5,53215,,,,PG-13,,https://ravanna.vidangel.com/file/ravanna/c/1/movies-18_0010_01_c179c26c8dc8c835.jpg
1104,movie,The Fighter,the-fighter,amazon,,,426,5,46784,,,,R,,https://ravanna.vidangel.com/file/ravanna/9/2/movies-45317_0010_03_92333af39da4a91f.jpg
701080,movie,The Fire Inside,the-fire-inside,amazon-prime,,,131,5,68658,,,,PG-13,,https://ravanna.vidangel.com/file/ravanna/7/5/movies-610219_0010_05_75e8556d42184e51.jpg
2138,movie,The Firm,the-firm,paramount,,,122,5,72414,,,,R,,https://ravanna.vidangel.com/file/ravanna/6/0/movies-37233_0010_05_60faa734eaa8d82e.jpg
3216,movie,The Five-Year Engagement,the-five-year-engagement,amazon,,,283,4,56731,,,,R,,https://ravanna.vidangel.com/file/ravanna/c/1/movies-72207_0010_04_c1b35ec20c40c9f8.jpg
205795,movie,The Florida Project,the-florida-project,amazon,,,345,5,42018,,,,R,,https://ravanna.vidangel.com/file/ravanna/d/0/movies-394117_0010_03_d0f6b5780193a233.jpg
665575,movie,The Fog,the-fog-173a3,amazon,,,38,4,58797,,,,R,,https://ravanna.vidangel.com/file/ravanna/9/5/movies-790_0010_01_954db8cc508cbb86.jpg
198097,movie,The Foreigner,the-foreigner,amazon,,,174,4,64704,,,,R,,https://ravanna.vidangel.com/file/ravanna/b/1/movies-379149_0010_07_b115e6df551ccbf0.jpg
2745,movie,The Forest,the-forest,amazon,,,101,4,53796,,,,PG-13,,https://ravanna.vidangel.com/file/ravanna/1/d/movies-329440_0010_04_1d725c7c99b15a8f.jpg
656537,movie,The Forgiven,the-forgiven,amazon,,,197,4,48821,,,,R,,https://ravanna.vidangel.com/file/ravanna/f/4/movies-450766_0010_02_f45a8d9f87330bfa.jpg
685075,movie,The Forgotten Battle,the-forgotten-battle,netflix,,,158,4,48755,,,,TV-MA,,https://ravanna.vidangel.com/file/ravanna/e/6/movies-633515_0010_01_e6978d487db5fd00.jpg
161581,movie,The Founder,the-founder,netflix,,,79,5,34485,,,,PG-13,,https://ravanna.vidangel.com/file/ravanna/d/8/movies-310307_0010_02_d8efb72d4cdae58e.jpg
3134,movie,The Four Feathers,the-four-feathers,amazon,,,163,5,52772,,,,PG-13,,https://ravanna.vidangel.com/file/ravanna/d/1/movies-9093_0010_02_d10a2facb11c0fe8.jpg
702610,movie,The Friend,the-friend,amazon-channels-paramount,,,63,4,71653,,,,R,,https://ravanna.vidangel.com/file/ravanna/gen/4/T/movie-1186563_20250825_4TBBnKLdAKZFZsRX.jpg
671366,movie,The Front Runner,the-front-runner,amazon,,,131,4,36594,,,,R,,https://ravanna.vidangel.com/file/ravanna/5/c/movies-476764_0010_01_5c6d69c46a3491a0.jpg
661606,movie,The Frozen Ground,the-frozen-ground,amazon,,,358,5,43600,,,,R,,https://ravanna.vidangel.com/file/ravanna/5/f/movies-199373_0010_01_5fae3b9e631d0763.jpg
661174,movie,The Fundamentals of Caring,the-fundamentals-of-caring,netflix,,,190,4,42522,,,,TV-MA,,https://ravanna.vidangel.com/file/ravanna/0/3/movies-318121_0010_03_032ace561c73623c.jpg
1721,movie,The Gambler,the-gambler-remake,amazon,,,210,5,56746,,,,R,,https://ravanna.vidangel.com/file/ravanna/5/7/movies-284536_0010_02_57dcc414883e3f3d.jpg
2576,movie,The Game,the-game,amazon,,,152,4,53865,,,,R,,https://ravanna.vidangel.com/file/ravanna/f/b/movies-2649_0010_01_fba6d87c20e029ab.jpg
676092,movie,The Game Changers,the-game-changers,amazon,,,133,4,40008,,,,TV-MA,,https://ravanna.vidangel.com/file/ravanna/b/2/movies-463088_0010_01_b2a3999362e64c07.jpg
677049,movie,The Gentlemen,the-gentlemen,amazon,,,357,5,63606,,,,R,,https://ravanna.vidangel.com/file/ravanna/0/5/movies-522627_0010_0e_05c7d868e24ff796.jpg
2980,movie,The Ghost and the Darkness,the-ghost-and-the-darkness,amazon,,,71,2,48566,,,,R,,https://ravanna.vidangel.com/file/ravanna/4/1/movies-10586_0010_09_4141984d0819b20e.jpg
659760,movie,The Ghost Writer,the-ghost-writer,amazon,,,126,5,38794,,,,PG-13,,https://ravanna.vidangel.com/file/ravanna/f/b/movies-11439_0010_01_fbfa299de908a8b6.jpg
2345,movie,The Gift,the-gift,amazon,,,98,4,39018,,,,R,,https://ravanna.vidangel.com/file/ravanna/a/6/movies-328425_0010_08_a637ef0f67497faa.jpg
180803,movie,The Girl on the Train,the-girl-on-the-train,amazon,,,192,4,34945,,,,R,,https://ravanna.vidangel.com/file/ravanna/c/7/movies-346685_0010_06_c74795d80859146c.jpg
1583,movie,The Girl with the Dragon Tattoo,the-girl-with-the-dragon-tattoo-2011,amazon,,,119,5,62760,,,,R,,https://ravanna.vidangel.com/file/ravanna/3/3/movies-65754_0010_08_33aa2360d3a6eac4.jpg
1594,movie,The Giver,the-giver,amazon,,,24,3,60589,,,,PG-13,,https://ravanna.vidangel.com/file/ravanna/c/d/movies-227156_0010_01_cd11b871b334501e.jpg
174696,movie,The Glass Castle,the-glass-castle,amazon,,,170,5,56119,,,,PG-13,,https://ravanna.vidangel.com/file/ravanna/3/3/movies-336000_0010_04_3326a0d8f0094bd1.jpg
1381,movie,The Godfather,the-godfather,amazon-channels-paramount,,,151,4,70839,,,,R,,https://ravanna.vidangel.com/file/ravanna/5/4/movies-238_0010_02_543fadb7e38d8d7f.jpg
1302,movie,The Godfather Part II,the-godfather-part-ii,amazon,,,103,4,40311,,,,R,,https://ravanna.vidangel.com/file/ravanna/2/1/movies-240_0010_04_21205d3d17987d98.jpg
2063,movie,The Godfather: Part III,the-godfather-part-iii,amazon,,,165,4,63913,,,,R,,https://ravanna.vidangel.com/file/ravanna/a/d/movies-242_0010_03_ad9ecff92ec79366.jpg
9000,movie,The Golden Child,the-golden-child,amazon,,,164,5,36826,,,,PG-13,,https://ravanna.vidangel.com/file/ravanna/7/0/movies-10136_0010_01_7083a467ed1bbad5.jpg
692083,movie,The Good Nurse,the-good-nurse,netflix,,,57,4,53363,,,,R,,https://ravanna.vidangel.com/file/ravanna/gen/k/y/movie-541134_20221026_kymkjcZjdcdT6xng.jpg
700680,movie,The Gorge,the-gorge,appletv,,,136,5,67888,,,,PG-13,,https://ravanna.vidangel.com/file/ravanna/4/e/movies-950396_0010_01_4ed472ac149ce828.jpg
690713,movie,The Gray Man,the-gray-man-4f2e0,netflix,,,199,5,51947,,,,PG-13,,https://ravanna.vidangel.com/file/ravanna/3/3/movies-725201_0010_0e_33f237da246df557.jpg
3654,movie,The Great Debaters,the-great-debaters,amazon,,,129,5,69319,,,,PG-13,,https://ravanna.vidangel.com/file/ravanna/7/e/movies-14047_0010_02_7ee9dfd38dc85fd6.jpg
703945,movie,The Great Flood,the-great-flood,netflix,,,92,3,74053,,,,R,,https://ravanna.vidangel.com/file/ravanna/gen/H/M/movie-982843_20251228_HMwlJMDyKRhfA53U.jpg
674517,movie,The Great Hack,the-great-hack,netflix,,,85,4,38811,,,,TV-MA,,https://ravanna.vidangel.com/file/ravanna/d/e/movies-566222_0010_01_de29e5f6d4012d5a.jpg
2725,movie,The Great Outdoors,the-great-outdoors,amazon,,,248,5,69659,,,,PG,,https://ravanna.vidangel.com/file/ravanna/b/1/movies-2617_0010_03_b129fe7cd0471406.jpg
161993,movie,The Great Wall,the-great-wall,amazon,,,106,3,63594,,,,PG-13,,https://ravanna.vidangel.com/file/ravanna/2/e/movies-311324_0010_01_2edc355990f37fcb.jpg
691799,movie,The Greatest Beer Run Ever,the-greatest-beer-run-ever,appletv,,,197,4,62814,,,,R,,https://ravanna.vidangel.com/file/ravanna/a/5/movies-597922_0010_02_a5b61ea941fe725e.jpg
697003,movie,The Greatest Love Story Never Told,the-greatest-love-story-never-told,amazon-prime,,,184,4,62607,,,,R,,https://ravanna.vidangel.com/file/ravanna/gen/u/2/movie-1246030_20240227_u2vtAIXQJ5Pp3PAf.jpg
689935,movie,The Green Knight,the-green-knight,amazon,,,99,4,51315,,,,R,,https://ravanna.vidangel.com/file/ravanna/4/3/movies-559907_0010_01_43c51a8250ee286b.jpg
1391,movie,The Grey,the-grey,amazon,,,408,3,64806,,,,R,,https://ravanna.vidangel.com/file/ravanna/4/9/movies-75174_0010_02_495dba6a66e6ac78.jpg
671163,movie,The Grinch,the-grinch,amazon,,,41,3,60138,,,,PG,,https://ravanna.vidangel.com/file/ravanna/6/e/movies-360920_0010_02_6ec4954871049950.jpg
662075,movie,The Guard,the-guard,amazon,,,254,5,45599,,,,R,,https://ravanna.vidangel.com/file/ravanna/8/b/movies-67913_0010_01_8bf45f7bf976d0fe.jpg
669429,movie,The Guernsey Literary & Potato Peel Pie Society,the-guernsey-literary-potato-peel-pie-society,netflix,,,88,5,33444,,,,TV-14,,https://ravanna.vidangel.com/file/ravanna/2/c/movies-451480_0010_0f_2cc9a3c9795395f7.jpg
684781,movie,The Guilty,the-guilty-125c1,netflix,,,132,2,48409,,,,R,,https://ravanna.vidangel.com/file/ravanna/0/e/movies-567748_0010_01_0e0b9b621efc21cb.jpg
1769,movie,The Gunman,the-gunman,amazon,,,165,4,41914,,,,R,,https://ravanna.vidangel.com/file/ravanna/0/8/movies-266396_0010_01_082cb39884b6bf21.jpg
679263,movie,The Half of It,the-half-of-it,netflix,,,85,5,42172,,,,PG-13,,https://ravanna.vidangel.com/file/ravanna/4/0/movies-597219_0010_01_40420b4d6a42fbff.jpg
671367,movie,The Happy Prince,the-happy-prince,amazon,,,152,5,36593,,,,R,,https://ravanna.vidangel.com/file/ravanna/8/4/movies-427214_0010_01_84d29a36898ac758.jpg
664800,movie,The Hard Way,the-hard-way,amazon,,,436,4,67921,,,,R,,https://ravanna.vidangel.com/file/ravanna/1/c/movies-11384_0010_01_1c74ac2032c9a928.jpg
685429,movie,The Harder They Fall,the-harder-they-fall,netflix,,,276,4,48810,,,,R,,https://ravanna.vidangel.com/file/ravanna/9/9/movies-618162_0010_05_99a9061b906c0256.jpg
670928,movie,The Harrowing,the-harrowing,amazon,,,226,4,34088,,,,NR,,https://ravanna.vidangel.com/file/ravanna/f/f/movies-482375_0010_01_ff993fc0ba6d44e1.jpg
2616,movie,The Hateful Eight,the-hateful-eight,amazon,,,428,4,53166,,,,R,,https://ravanna.vidangel.com/file/ravanna/0/5/movies-273248_0010_03_0578987c07db5d4d.jpg
699859,movie,The Hating Game,the-hating-game,amazon,,,169,4,68820,,,,R,,https://ravanna.vidangel.com/file/ravanna/gen/j/C/movie-603661_20241122_jCpxNYqDVBLvPLHm.jpg
679079,movie,The Healer,the-healer,amazon-prime,,,135,5,42673,,,,TV-PG,,https://ravanna.vidangel.com/file/ravanna/f/f/movies-340270_0010_01_ffa3e393e335cd6a.jpg
1445,movie,The Help,the-help,amazon,,,160,5,56632,,,,PG-13,,https://ravanna.vidangel.com/file/ravanna/6/d/movies-50014_0010_03_6d47607526a80817.jpg
672447,movie,The Highwaymen,the-highwaymen,netflix,,,120,4,37292,,,,R,,https://ravanna.vidangel.com/file/ravanna/9/1/movies-500682_0010_01_91c8bd76854a9721.jpg
696694,movie,The Hill,the-hill,amazon,,,128,5,61670,,,,PG,,https://ravanna.vidangel.com/file/ravanna/gen/C/x/movie-862557_20240122_CxAmaA3gs2jtvJbV.jpg
203765,movie,The Hitman's Bodyguard,the-hitmans-bodyguard,amazon,,,470,5,70115,,,,R,,https://ravanna.vidangel.com/file/ravanna/3/e/movies-390043_0010_01_3ef45350aca6008a.jpg
696520,movie,The Holdovers,the-holdovers,amazon,,,204,5,61426,,,,R,,https://ravanna.vidangel.com/file/ravanna/6/f/movies-840430_0010_09_6fb5d059143cfda0.jpg
671558,movie,The Hole in the Ground,the-hole-in-the-ground,amazon,,,33,4,36763,,,,R,,https://ravanna.vidangel.com/file/ravanna/e/9/movies-484437_0010_02_e93be7b0f92da24e.jpg
1600,movie,The Holiday,the-holiday-2006,amazon,,,123,5,60294,,,,PG-13,,https://ravanna.vidangel.com/file/ravanna/5/a/movies-1581_0010_03_5a2ff3040cdd9d5c.jpg
670497,movie,The Holiday Calendar,the-holiday-calendar,netflix,,,31,5,33092,,,,TV-PG,,https://ravanna.vidangel.com/file/ravanna/b/1/movies-555850_0010_02_b1ba43f5f028ae91.jpg
3012,movie,The Homesman,the-homesman,amazon,,,168,4,53677,,,,R,,https://ravanna.vidangel.com/file/ravanna/1/7/movies-264656_0010_07_17832cb291f0867a.jpg
3760,movie,The Hours,the-hours,amazon,,,96,5,57668,,,,PG-13,,https://ravanna.vidangel.com/file/ravanna/3/d/movies-590_0010_01_3d747cbfc1c28307.jpg
670589,movie,The House with a Clock in Its Walls,the-house-with-a-clock-in-its-walls,amazon,,,123,4,33572,,,,PG,,https://ravanna.vidangel.com/file/ravanna/b/6/movies-463821_0010_01_b647a9823cf15e33.jpg
704141,movie,The Housemaid,the-housemaid-b5e1b,amazon,,,431,4,76149,,,,R,,https://ravanna.vidangel.com/file/ravanna/gen/O/I/movie-1368166_20260121_OIxCQxD44HX7IEYq.jpg
1455,movie,The Hunger Games,the-hunger-games,amazon,,,95,4,74386,,,,PG-13,,https://ravanna.vidangel.com/file/ravanna/5/c/movies-70160_0010_03_5c74bff87ebfa437.jpg
1058,movie,The Hunger Games: Catching Fire,the-hunger-games-catching-fire,amazon,,,100,5,74387,,,,PG-13,,https://ravanna.vidangel.com/file/ravanna/4/2/movies-101299_0010_05_428c455fd5f40961.jpg
1672,movie,The Hunger Games: Mockingjay - Part 1,the-hunger-games-mockingjay-part-1,amazon,,,30,3,74388,,,,PG-13,,https://ravanna.vidangel.com/file/ravanna/a/1/movies-131631_0010_03_a14ed36f39ebae82.jpg
2566,movie,The Hunger Games: Mockingjay - Part 2,the-hunger-games-mockingjay-part-2,amazon,,,82,3,74400,,,,PG-13,,https://ravanna.vidangel.com/file/ravanna/4/1/movies-131634_0010_09_4115e7c08536cb1a.jpg
696496,movie,The Hunger Games: The Ballad of Songbirds & Snakes,the-hunger-games-the-ballad-of-songbirds-snakes,amazon,,,139,4,74399,,,,PG-13,,https://ravanna.vidangel.com/file/ravanna/gen/e/f/movie-695721_20231226_efJUjomqBob4lRN1.jpg
678532,movie,The Hunt,the-hunt-f2fec,amazon,,,349,4,41713,,,,R,,https://ravanna.vidangel.com/file/ravanna/1/8/movies-514847_0010_01_185d312e7b4ccb78.jpg
1811,movie,The Hunt for Red October,the-hunt-for-red-october,amazon-channels-paramount,,,137,5,52615,,,,PG,,https://ravanna.vidangel.com/file/ravanna/3/1/movies-1669_0010_01_3186ba41861cac96.jpg
663561,movie,The Hunted,the-hunted,amazon-channels-mgm,,,132,3,40094,,,,R,,https://ravanna.vidangel.com/file/ravanna/9/7/movies-10632_0010_01_97e0e169375217c0.jpg
661011,movie,The Hunter's Prayer,the-hunters-prayer,amazon,,,85,5,40721,,,,R,,https://ravanna.vidangel.com/file/ravanna/9/3/movies-302150_0010_01_9366651847ca1375.jpg
3603,movie,The Huntsman: Winter's War,the-huntsman-winters-war,amazon,,,187,5,57195,,,,PG-13,,https://ravanna.vidangel.com/file/ravanna/b/d/movies-290595_0010_02_bd3e7054fac48656.jpg
659212,movie,The Hurricane Heist,the-hurricane-heist,amazon-channels-starz,,,156,5,32194,,,,PG-13,,https://ravanna.vidangel.com/file/ravanna/d/c/movies-430040_0010_03_dce9363a1ef060fa.jpg
2218,movie,The Hurt Locker,hurt-locker,amazon,,,253,3,64902,,,,R,,https://ravanna.vidangel.com/file/ravanna/7/b/movies-12162_0010_01_7b224310e19f090c.jpg
683828,movie,The Ice Road,the-ice-road,netflix,,,148,4,47109,,,,PG-13,,https://ravanna.vidangel.com/file/ravanna/2/8/movies-646207_0010_01_28027ab721d66d5f.jpg
661815,movie,The Iceman,the-iceman,amazon,,,314,5,51379,,,,R,,https://ravanna.vidangel.com/file/ravanna/3/d/movies-68812_0010_02_3d88556e9fc3f2ef.jpg
697673,movie,The Idea of You,the-idea-of-you,amazon-prime,,,185,5,62380,,,,R,,https://ravanna.vidangel.com/file/ravanna/gen/r/h/movie-843527_20240502_rhQLLzluTUpERN8K.jpg
1698,movie,The Imitation Game,the-imitation-game,amazon,,,100,4,65197,,,,PG-13,,https://ravanna.vidangel.com/file/ravanna/e/c/movies-205596_0010_08_ecf671349d6c2bf0.jpg
1017,movie,The Impossible,the-impossible,amazon,,,139,3,47228,,,,PG-13,,https://ravanna.vidangel.com/file/ravanna/9/c/movies-80278_0010_01_9cc46da2659b902a.jpg
224609,movie,The Incredible Jessica James,the-incredible-jessica-james,netflix,,,165,4,31833,,,,TV-MA,,https://ravanna.vidangel.com/file/ravanna/d/b/movies-432789_0010_01_db3caa51fbc41ed0.jpg
3156,movie,The Indian in the Cupboard,the-indian-in-the-cupboard,amazon,,,127,5,36580,,,,PG,,https://ravanna.vidangel.com/file/ravanna/b/c/movies-11359_0010_02_bc101f47598d742b.jpg
4006,movie,The Infiltrator,the-infiltrator,amazon,,,365,5,65977,,,,R,,https://ravanna.vidangel.com/file/ravanna/8/1/movies-325789_0010_05_81ca74f968ae8378.jpg
677337,movie,The Informer,the-informer,amazon-channels-starz,,,276,4,52120,,,,R,,https://ravanna.vidangel.com/file/ravanna/d/8/movies-466081_0010_04_d8dbc0f0fd97b95e.jpg
698635,movie,The Instigators,the-instigators,appletv,,,419,3,65155,,,,R,,https://ravanna.vidangel.com/file/ravanna/gen/G/I/movie-1059064_20240808_GIEx29WWAg7odnEk.jpg
4034,movie,The Interpreter,the-interpreter,amazon,,,67,5,50852,,,,PG-13,,https://ravanna.vidangel.com/file/ravanna/4/5/movies-179_0010_01_45e5cd0146d90ce8.jpg
1633,movie,The Interview,the-interview,amazon,,,437,5,65278,,,,R,,https://ravanna.vidangel.com/file/ravanna/a/3/movies-228967_0010_01_a339ddac35d80040.jpg
675792,movie,The Irishman,the-irishman,netflix,,,340,4,40101,,,,R,,https://ravanna.vidangel.com/file/ravanna/e/4/movies-398978_0010_02_e4f34529b68ffe79.jpg
697677,movie,The Iron Claw,the-iron-claw,amazon,,,176,5,74993,,,,R,,https://ravanna.vidangel.com/file/ravanna/9/c/movies-850165_0010_03_9c00bf74118c0074.jpg
1644,movie,The Italian Job,the-italian-job-2003,amazon-channels-amc,,,88,5,72429,,,,PG-13,,https://ravanna.vidangel.com/file/ravanna/6/9/movies-9654_0010_01_698387ae368051ba.jpg
2654,movie,The Jerk,the-jerk,amazon,,,228,5,57593,,,,R,,https://ravanna.vidangel.com/file/ravanna/6/5/movies-6471_0010_06_654f10f196fdb05c.jpg
2349,movie,The Karate Kid,the-karate-kid-1984,amazon,,,144,5,65424,,,,PG,,https://ravanna.vidangel.com/file/ravanna/e/0/movies-1885_0010_03_e0867ef07b2944bc.jpg
2806,movie,The Karate Kid,the-karate-kid-2010,amazon,,,82,4,64475,,,,PG,,https://ravanna.vidangel.com/file/ravanna/a/3/movies-38575_0010_05_a329a103152311e4.jpg
2354,movie,The Karate Kid Part II,the-karate-kid-part-ii,amazon,,,57,4,65436,,,,PG,,https://ravanna.vidangel.com/file/ravanna/d/c/movies-8856_0010_05_dc4b7aa6782ef60e.jpg
2355,movie,The Karate Kid Part III,the-karate-kid-part-iii,amazon,,,155,5,65437,,,,PG,,https://ravanna.vidangel.com/file/ravanna/9/f/movies-10495_0010_04_9fa62df30928c3ea.jpg
699514,movie,The Keeper,the-keeper-3e3fd,amazon-prime,,,214,5,66101,,,,PG-13,,https://ravanna.vidangel.com/file/ravanna/gen/i/G/movie-489763_20241021_iGprzhXNsphQ2gwR.jpg
672166,movie,The Kid,the-kid,amazon,,,177,5,38238,,,,R,,https://ravanna.vidangel.com/file/ravanna/a/b/movies-492565_0010_01_abdb1ae44d1d415b.jpg
696089,movie,The Killer,the-killer-e7eba,netflix,,,113,4,59353,,,,R,,https://ravanna.vidangel.com/file/ravanna/5/7/movies-800158_0010_02_5767eaf28111161f.jpg
698740,movie,The Killer,the-killer-c426f,peacock,,,214,4,64522,,,,R,,https://ravanna.vidangel.com/file/ravanna/7/0/movies-970347_0010_02_703855f3ea3c1851.jpg
208140,movie,The Killing of a Sacred Deer,the-killing-of-a-sacred-deer,amazon,,,111,5,41698,,,,R,,https://ravanna.vidangel.com/file/ravanna/6/4/movies-399057_0010_07_6448255d7643a8cd.jpg
670171,movie,The Kindergarten Teacher,the-kindergarten-teacher,netflix,,,66,5,33137,,,,R,,https://ravanna.vidangel.com/file/ravanna/d/b/movies-489927_0010_04_db61dcfa36f31853.jpg
676250,movie,The King,the-king,netflix,,,54,4,39807,,,,R,,https://ravanna.vidangel.com/file/ravanna/5/3/movies-504949_0010_01_53eee672380c6a04.jpg
679897,movie,The King of Staten Island,the-king-of-staten-island,amazon,,,463,5,59743,,,,R,,https://ravanna.vidangel.com/file/ravanna/b/0/movies-579583_0010_01_b0a6bc87d7126087.jpg
1245,movie,The King's Speech,the-kings-speech,amazon,,,56,4,34300,,,,R,,https://ravanna.vidangel.com/file/ravanna/a/2/movies-45269_0010_04_a2e6ef57e9c3e23e.jpg
3355,movie,The Kingdom,the-kingdom,amazon,,,179,4,56669,,,,R,,https://ravanna.vidangel.com/file/ravanna/6/3/movies-4349_0010_01_63aec2266f1ef33e.jpg
668786,movie,The Kissing Booth,the-kissing-booth,netflix,,,304,5,35194,,,,TV-14,,https://ravanna.vidangel.com/file/ravanna/7/e/movies-454983_0010_02_7ec08ee61427e8ad.jpg
680457,movie,The Kissing Booth 2,the-kissing-booth-2,netflix,,,194,5,42984,,,,TV-14,,https://ravanna.vidangel.com/file/ravanna/c/d/movies-583083_0010_02_cdd0d3e1cdf65faa.jpg
684273,movie,The Kissing Booth 3,the-kissing-booth-3,netflix,,,166,5,47792,,,,TV-14,,https://ravanna.vidangel.com/file/ravanna/e/d/movies-727745_0010_06_edcd77e26ab3a035.jpg
697142,movie,The Kitchen,the-kitchen-2bcf5,netflix,,,151,5,61611,,,,R,,https://ravanna.vidangel.com/file/ravanna/7/5/movies-956262_0010_01_756f16289fea4a64.jpg
676831,movie,The Knight Before Christmas,the-knight-before-christmas,netflix,,,21,3,48901,,,,TV-14,,https://ravanna.vidangel.com/file/ravanna/3/c/movies-611207_0010_01_3cc38bf997e6c3c4.jpg
669809,movie,The Land of Steady Habits,the-land-of-steady-habits,netflix,,,167,5,33987,,,,TV-MA,,https://ravanna.vidangel.com/file/ravanna/6/7/movies-452731_0010_02_67e00f56f7b1c3fa.jpg
680458,movie,The Larva Island Movie,the-larva-island-movie,netflix,,,275,4,42992,,,,TV-PG,,https://ravanna.vidangel.com/file/ravanna/d/9/movies-718867_0010_02_d9caea89eff3db0e.jpg
674521,movie,The Last Black Man in San Francisco,the-last-black-man-in-san-francisco,amazon,,,399,5,59417,,,,R,,https://ravanna.vidangel.com/file/ravanna/f/e/movies-522039_0010_09_fe4774bec33a94d4.jpg
3667,movie,The Last Castle,the-last-castle,amazon,,,247,3,65607,,,,R,,https://ravanna.vidangel.com/file/ravanna/7/0/movies-2100_0010_01_7042f4bfc159f445.jpg
683573,movie,The Last Days,the-last-days,netflix,,,65,4,46859,,,,PG-13,,https://ravanna.vidangel.com/file/ravanna/3/9/movies-20595_0010_01_391acfeb614505d5.jpg
679644,movie,The Last Days of American Crime,the-last-days-of-american-crime,netflix,,,466,5,42440,,,,TV-MA,,https://ravanna.vidangel.com/file/ravanna/5/6/movies-339095_0010_01_56cdfc7337d77c82.jpg
676972,movie,The Last Face,the-last-face,amazon,,,230,5,41008,,,,R,,https://ravanna.vidangel.com/file/ravanna/2/1/movies-287904_0010_01_219d57d9198f351b.jpg
677652,movie,The Last Full Measure,the-last-full-measure,amazon,,,160,3,42174,,,,R,,https://ravanna.vidangel.com/file/ravanna/f/4/movies-442065_0010_01_f41baa451a331daf.jpg
693768,movie,The Last Kingdom: Seven Kings Must Die,the-last-kingdom-seven-kings-must-die,netflix,,,107,4,55903,,,,R,,https://ravanna.vidangel.com/file/ravanna/gen/P/U/movie-948713_20230414_PU8jqNCSBAkakUP5.jpg
684133,movie,The Last Letter from Your Lover,the-last-letter-from-your-lover,netflix,,,78,4,47550,,,,TV-MA,,https://ravanna.vidangel.com/file/ravanna/d/5/movies-638449_0010_01_d5d4e07df1461580.jpg
3655,movie,The Last Stand,the-last-stand,amazon-prime,,,202,4,41052,,,,R,,https://ravanna.vidangel.com/file/ravanna/3/6/movies-76640_0010_01_36ed22a0f8074a0a.jpg
673247,movie,The Last Summer,the-last-summer,netflix,,,196,5,37782,,,,TV-14,,https://ravanna.vidangel.com/file/ravanna/7/c/movies-502292_0010_01_7c7608f2a145c208.jpg
677941,movie,The Last Thing He Wanted,the-last-thing-he-wanted,netflix,,,192,4,41224,,,,R,,https://ravanna.vidangel.com/file/ravanna/0/d/movies-505225_0010_01_0d4116ac58ffdd89.jpg
3799,movie,The Last Unicorn,the-last-unicorn,amazon,,,133,5,51701,,,,G,,https://ravanna.vidangel.com/file/ravanna/d/e/movies-10150_0010_04_de563fc543574920.jpg
696542,movie,The Last Voyage of the Demeter,the-last-voyage-of-the-demeter,amazon,,,154,4,61452,,,,R,,https://ravanna.vidangel.com/file/ravanna/1/f/movies-635910_0010_0a_1f8d147ec3039f6d.jpg
207090,movie,The Last Word,the-last-word,amazon,,,84,5,34948,,,,R,,https://ravanna.vidangel.com/file/ravanna/d/e/movies-396810_0010_01_dec5b6c279f8b3b6.jpg
675966,movie,The Laundromat,the-laundromat,netflix,,,102,4,39676,,,,R,,https://ravanna.vidangel.com/file/ravanna/d/2/movies-517909_0010_02_d24a82397d8e795a.jpg
1759,movie,The Lazarus Effect,the-lazarus-effect,amazon,,,168,5,52134,,,,PG-13,,https://ravanna.vidangel.com/file/ravanna/c/4/movies-243940_0010_01_c48ad134b42c36bb.jpg
2684,movie,The Legend of Zorro,the-legend-of-zorro,amazon,,,266,5,47073,,,,PG,,https://ravanna.vidangel.com/file/ravanna/d/4/movies-1656_0010_07_d4c1eb8f86d1c69e.jpg
660989,movie,The Leisure Seeker,the-leisure-seeker,amazon,,,101,5,35203,,,,R,,https://ravanna.vidangel.com/file/ravanna/b/a/movies-449749_0010_01_ba4bec337795dc1f.jpg
681407,movie,The Lie,the-lie,amazon-prime,,,75,3,43976,,,,R,,https://ravanna.vidangel.com/file/ravanna/0/a/movies-539649_0010_02_0a506d3b9644b423.jpg
701122,movie,The Life List,the-life-list,netflix,,,127,5,70227,,,,PG-13,,https://ravanna.vidangel.com/file/ravanna/gen/G/X/movie-1254786_20250328_GXVUmYGz3HZnkd8T.jpg
663566,movie,The Life of David Gale,the-life-of-david-gale,amazon,,,264,4,47966,,,,R,,https://ravanna.vidangel.com/file/ravanna/e/b/movies-11615_0010_01_ebbbfe781d792f2d.jpg
676135,movie,The Lighthouse,the-lighthouse,amazon,,,157,5,40731,,,,R,,https://ravanna.vidangel.com/file/ravanna/c/8/movies-503919_0010_04_c83b8ed286e3bb55.jpg
2489,movie,The Lincoln Lawyer,the-lincoln-lawyer,amazon,,,165,4,60350,,,,R,,https://ravanna.vidangel.com/file/ravanna/4/3/movies-50348_0010_01_43058e6fde756468.jpg
3036,movie,The Little Rascals,the-little-rascals,amazon,,,139,4,55357,,,,PG,,https://ravanna.vidangel.com/file/ravanna/1/9/movies-10897_0010_01_1924cea9ed8f9f5e.jpg
670505,movie,The Little Stranger,the-little-stranger,amazon,,,79,5,33157,,,,R,,https://ravanna.vidangel.com/file/ravanna/7/e/movies-455108_0010_01_7e9ec9450d506d52.jpg
698368,movie,The Long Game,the-long-game,netflix,,,95,3,64124,,,,PG,,https://ravanna.vidangel.com/file/ravanna/e/4/movies-1079810_0010_03_e41217c3756d1049.jpg
636656,movie,The Longest Yard,the-longest-yard-2005,amazon,,,338,5,74730,,,,PG-13,,https://ravanna.vidangel.com/file/ravanna/d/0/movies-9291_0010_01_d08f846eca1caf64.jpg
702934,movie,The Lost Bus,the-lost-bus,appletv,,,96,3,72653,,,,R,,https://ravanna.vidangel.com/file/ravanna/gen/2/d/movie-1236470_20251003_2dVMJd24uLjFdWQQ.jpg
689460,movie,The Lost City,the-lost-city,amazon,,,311,5,66045,,,,PG-13,,https://ravanna.vidangel.com/file/ravanna/c/0/movies-752623_0010_03_c080a7bf98c13ab6.jpg
163060,movie,The Lost City of Z,the-lost-city-of-z,amazon-prime,,,148,4,34314,,,,PG-13,,https://ravanna.vidangel.com/file/ravanna/b/9/movies-314095_0010_03_b94013d5432b4c90.jpg
686480,movie,The Lost Daughter,the-lost-daughter,netflix,,,204,4,49399,,,,R,,https://ravanna.vidangel.com/file/ravanna/5/3/movies-554230_0010_01_53a4450a39f75bf3.jpg
679074,movie,The Lost Husband,the-lost-husband,netflix,,,56,5,43185,,,,PG-13,,https://ravanna.vidangel.com/file/ravanna/6/a/movies-686142_0010_01_6aa7bdd3e1b09c52.jpg
692396,movie,The Lost Patient,the-lost-patient,netflix,,,61,4,53908,,,,TV-MA,,https://ravanna.vidangel.com/file/ravanna/gen/G/M/movie-1006917_20221129_GMPgbbtfcKjpgRMb.jpg
1647,movie,The Lost World: Jurassic Park,the-lost-world-jurassic-park,amazon,,,114,3,69719,,,,PG-13,,https://ravanna.vidangel.com/file/ravanna/1/f/movies-330_0010_01_1f3c5558d921bf42.jpg
10347,movie,The Love Guru,the-love-guru,amazon,,,283,5,39304,,,,PG-13,,https://ravanna.vidangel.com/file/ravanna/b/5/movies-12177_0010_01_b5d42e5c119c6e2a.jpg
679576,movie,The Lovebirds,the-lovebirds,netflix,,,252,4,42209,,,,R,,https://ravanna.vidangel.com/file/ravanna/1/f/movies-576156_0010_01_1f984a61e303f4fc.jpg
221535,movie,The Lovers,the-lovers,amazon,,,92,4,31800,,,,R,,https://ravanna.vidangel.com/file/ravanna/6/4/movies-426253_0010_05_64a8964b3473dcdf.jpg
2780,movie,The Machinist,the-machinist,amazon,,,197,4,55975,,,,R,,https://ravanna.vidangel.com/file/ravanna/f/5/movies-4553_0010_09_f5518730527cb7a3.jpg
693492,movie,The Magician's Elephant,the-magicians-elephant,netflix,,,46,3,55460,,,,PG,,https://ravanna.vidangel.com/file/ravanna/gen/U/d/movie-776835_20230317_Udulx5G3Lc3ri29R.jpg
690232,movie,The Man from Toronto,the-man-from-toronto,netflix,,,236,5,52623,,,,PG-13,,https://ravanna.vidangel.com/file/ravanna/1/b/movies-667739_0010_03_1b270852ba10017b.jpg
2983,movie,The Man in the Iron Mask,the-man-in-the-iron-mask,amazon,,,183,5,68775,,,,PG-13,,https://ravanna.vidangel.com/file/ravanna/e/f/movies-9313_0010_01_ef362f7df004f41b.jpg
656385,movie,The Man Who Invented Christmas,the-man-who-invented-christmas,amazon,,,79,5,35999,,,,PG,,https://ravanna.vidangel.com/file/ravanna/2/2/movies-450322_0010_01_222b55ec40e82fc1.jpg
671804,movie,The Man Who Killed Don Quixote,the-man-who-killed-don-quixote,amazon,,,301,5,38069,,,,NR,,https://ravanna.vidangel.com/file/ravanna/2/2/movies-297725_0010_03_22313e48af129889.jpg
184322,movie,The Man Who Knew Infinity,the-man-who-knew-infinity,amazon,,,77,4,37325,,,,PG-13,,https://ravanna.vidangel.com/file/ravanna/0/1/movies-353326_0010_01_019ce7d048087b59.jpg
676277,movie,The Man Without Gravity,the-man-without-gravity,netflix,,,68,5,39973,,,,TV-14,,https://ravanna.vidangel.com/file/ravanna/6/e/movies-636698_0010_01_6eaffb590e6de267.jpg
2962,movie,The Manchurian Candidate,the-manchurian-candidate-2004,amazon,,,105,4,51337,,,,R,,https://ravanna.vidangel.com/file/ravanna/b/0/movies-14462_0010_01_b0f33bf09967bd0e.jpg
680226,movie,The Mandela Effect,the-mandela-effect,amazon,,,52,5,42991,,,,PG-13,,https://ravanna.vidangel.com/file/ravanna/e/0/movies-491037_0010_01_e0f7dce5a656f804.jpg
684896,movie,The Manor,the-manor,amazon-prime,,,73,5,73718,,,,TV-MA,,https://ravanna.vidangel.com/file/ravanna/4/5/movies-767499_0010_01_4575fd33a748d15e.jpg
682599,movie,The Map of Tiny Perfect Things,the-map-of-tiny-perfect-things,amazon-prime,,,87,5,45632,,,,PG-13,,https://ravanna.vidangel.com/file/ravanna/8/c/movies-672647_0010_01_8cc8f5e0455d2e56.jpg
702539,movie,The Map That Leads to You,the-map-that-leads-to-you,amazon-prime,,,267,5,71515,,,,PG-13,,https://ravanna.vidangel.com/file/ravanna/gen/o/D/movie-1312946_20250820_oDQBrUQIf0q16a13.jpg
689801,movie,The Marksman,the-marksman,amazon,,,102,4,51248,,,,PG-13,,https://ravanna.vidangel.com/file/ravanna/e/5/movies-634528_0010_01_e52fd2c9af3090c4.jpg
697001,movie,The Marsh King's Daughter,the-marsh-kings-daughter,amazon,,,53,3,61701,,,,R,,https://ravanna.vidangel.com/file/ravanna/gen/8/D/movie-798362_20240226_8Dx3hX9kAkbM1scv.jpg
2669,movie,The Mask of Zorro,the-mask-of-zorro,amazon,,,166,5,76168,,,,PG-13,,https://ravanna.vidangel.com/file/ravanna/6/8/movies-9342_0010_06_687be95c8a14c862.jpg
1601,movie,The Master,the-master,amazon,,,136,4,68791,,,,R,,https://ravanna.vidangel.com/file/ravanna/0/5/movies-68722_0010_01_05a2ea36c8a8a354.jpg
3329,movie,The Mechanic,the-mechanic-2011,amazon,,,160,5,69668,,,,R,,https://ravanna.vidangel.com/file/ravanna/2/c/movies-27582_0010_01_2c242e7b1a42c7e1.jpg
2914,movie,The Men Who Stare at Goats,the-men-who-stare-at-goats,amazon-channels-starz,,,127,5,53545,,,,R,,https://ravanna.vidangel.com/file/ravanna/a/4/movies-10313_0010_03_a4d94811c07e5062.jpg
699312,movie,The Menendez Brothers,the-menendez-brothers,netflix,,,79,4,65521,,,,R,,https://ravanna.vidangel.com/file/ravanna/8/d/movies-1360610_0010_02_8d71582cf197439a.jpg
671631,movie,The Mercy,the-mercy,amazon,,,45,4,36849,,,,NR,,https://ravanna.vidangel.com/file/ravanna/8/4/movies-414001_0010_01_84abcc928f4a4aab.jpg
206911,movie,The Meyerowitz Stories,the-meyerowitz-stories-new-and-selected,netflix,,,135,5,31781,,,,TV-MA,,https://ravanna.vidangel.com/file/ravanna/d/3/movies-396398_0010_03_d369d9aa88653a10.jpg
662735,movie,The Midnight Meat Train,the-midnight-meat-train,amazon,,,200,4,39297,,,,R,,https://ravanna.vidangel.com/file/ravanna/b/6/movies-10185_0010_01_b6fb51d6e518c807.jpg
682158,movie,The Midnight Sky,the-midnight-sky,netflix,,,51,5,44876,,,,PG-13,,https://ravanna.vidangel.com/file/ravanna/b/0/movies-614911_0010_01_b08d405ab348686b.jpg
697930,movie,The Ministry of Ungentlemanly Warfare,the-ministry-of-ungentlemanly-warfare,amazon,,,173,4,63110,,,,R,,https://ravanna.vidangel.com/file/ravanna/f/2/movies-799583_0010_07_f2245e79ddadf6ae.jpg
7485,movie,The Mist,the-mist,amazon,,,341,4,52536,,,,R,,https://ravanna.vidangel.com/file/ravanna/c/b/movies-5876_0010_01_cb2e8e0ea84bde0e.jpg
683297,movie,The Mitchells vs. the Machines,the-mitchells-vs-the-machines,netflix,,,219,4,46357,,,,PG,,https://ravanna.vidangel.com/file/ravanna/8/3/movies-501929_0010_01_83993054bf70067c.jpg
2793,movie,The Money Pit,the-money-pit,amazon,,,184,5,59845,,,,PG,,https://ravanna.vidangel.com/file/ravanna/b/b/movies-10466_0010_02_bb0b6a4ebfbfba6e.jpg
695139,movie,The Monkey King,the-monkey-king-cbeb1,netflix,,,124,5,57897,,,,PG,,https://ravanna.vidangel.com/file/ravanna/gen/t/v/movie-832502_20230818_tvz0Xt0cNyl7hUWT.jpg
703559,movie,The More the Merrier,the-more-the-merrier,amazon-channels-hallmark,,,17,3,73615,,,,TV-14,,https://ravanna.vidangel.com/file/ravanna/gen/B/O/movie-1546001_20251201_BOnUpc9V5zJgWQbz.jpg
2990,movie,The Mortal Instruments: City of Bones,the-mortal-instruments-city-of-bones,amazon,,,190,5,52814,,,,PG-13,,https://ravanna.vidangel.com/file/ravanna/7/b/movies-123553_0010_01_7b28aecc1c8e947a.jpg
2419,movie,The Most Wonderful Time of the Year,the-most-wonderful-time-of-the-year,amazon,,,50,5,55927,,,,PG,,https://ravanna.vidangel.com/file/ravanna/c/a/movies-35830_0010_01_ca053bbf5cffa56a.jpg
694111,movie,The Mother,the-mother,netflix,,,180,5,56330,,,,R,,https://ravanna.vidangel.com/file/ravanna/gen/e/t/movie-552688_20230512_et3zBuiA3HJnfGhL.jpg
2721,movie,The Mummy,the-mummy-1999,amazon,,,246,5,40760,,,,PG-13,,https://ravanna.vidangel.com/file/ravanna/1/1/movies-564_0010_04_114d070d0298a57e.jpg
702915,movie,The Naked Gun,the-naked-gun,paramount,,,185,5,72544,,,,PG-13,,https://ravanna.vidangel.com/file/ravanna/gen/p/y/movie-1035259_20250930_pyxNuswwUFP62j3Q.jpg
660693,movie,The Naked Gun 2½: The Smell of Fear,the-naked-gun-212-the-smell-of-fear,amazon-channels-paramount,,,206,5,40676,,,,PG-13,,https://ravanna.vidangel.com/file/ravanna/1/3/movies-37137_0010_02_13cbb8a6d120a45f.jpg
656820,movie,The Naked Gun 33⅓: The Final Insult,the-naked-gun-3313-the-final-insult,amazon-channels-paramount,,,247,5,69534,,,,PG-13,,https://ravanna.vidangel.com/file/ravanna/d/0/movies-36593_0010_01_d0583a3133e24869.jpg
3417,movie,The Naked Gun: From the Files of Police Squad!,the-naked-gun-from-the-files-of-the-police-squad,amazon-channels-paramount,,,157,5,58240,,,,PG-13,,https://ravanna.vidangel.com/file/ravanna/2/e/movies-37136_0010_01_2e795b2fbd303b94.jpg
1335,movie,The Net,the-net,amazon,,,144,5,50771,,,,PG-13,,https://ravanna.vidangel.com/file/ravanna/9/8/movies-1642_0010_02_98c33484f44af957.jpg
2356,movie,The Next Karate Kid,the-next-karate-kid,amazon,,,109,5,49540,,,,PG,,https://ravanna.vidangel.com/file/ravanna/b/3/movies-11231_0010_02_b33e5142c9c61528.jpg
2883,movie,The Next Three Days,the-next-three-days,amazon,,,78,5,39313,,,,PG-13,,https://ravanna.vidangel.com/file/ravanna/6/0/movies-43539_0010_03_60b28569a4fed5f8.jpg
2555,movie,The Night Before,the-night-before,amazon,,,459,5,69650,,,,R,,https://ravanna.vidangel.com/file/ravanna/0/1/movies-296100_0010_03_0178cc98daa9ae77.jpg
664009,movie,The Ninth Gate,the-ninth-gate,amazon,,,128,4,42547,,,,R,,https://ravanna.vidangel.com/file/ravanna/7/f/movies-622_0010_02_7fc5b76c932d2c1c.jpg
692386,movie,The Noel Diary,the-noel-diary,netflix,,,34,5,53839,,,,TV-PG,,https://ravanna.vidangel.com/file/ravanna/gen/V/Q/movie-736918_20221124_VQb88xTWW29UYPyZ.jpg
693102,movie,The Northman,the-northman,netflix,,,259,5,73739,,,,R,,https://ravanna.vidangel.com/file/ravanna/gen/g/l/movie-639933_20230203_gl2PZ1Cn9r2Ycepn.jpg
1075,movie,The Nut Job,the-nut-job,amazon,,,44,2,56827,,,,PG,,https://ravanna.vidangel.com/file/ravanna/c/0/movies-227783_0010_01_c0323d802769e4fb.jpg
3648,movie,The Nutty Professor,the-nutty-professor,amazon,,,283,5,54451,,,,PG-13,,https://ravanna.vidangel.com/file/ravanna/3/1/movies-9327_0010_01_311c4c703fd7d5b8.jpg
680194,movie,The Old Guard,the-old-guard,netflix,,,235,4,42863,,,,R,,https://ravanna.vidangel.com/file/ravanna/c/b/movies-547016_0010_01_cb431ad0835e9e2b.jpg
702105,movie,The Old Guard 2,the-old-guard-2,netflix,,,196,4,70113,,,,R,,https://ravanna.vidangel.com/file/ravanna/4/2/movies-846422_0010_1e_4213153ff1c11a40.jpg
701884,movie,The Order,the-order-34458,amazon,,,247,4,70063,,,,R,,https://ravanna.vidangel.com/file/ravanna/gen/3/a/movie-1082195_20250603_3aKzCNyuberAX6Qz.jpg
184873,movie,The Osiris Child: Science Fiction Volume One,the-osiris-child-science-fiction-volume-one,amazon,,,111,5,31597,,,,NR,,https://ravanna.vidangel.com/file/ravanna/9/7/movies-354282_0010_09_97e1bf9123764b92.jpg
1037,movie,The Other Guys,the-other-guys,amazon,,,304,5,75455,,,,PG-13,,https://ravanna.vidangel.com/file/ravanna/b/b/movies-27581_0010_06_bb939be5b6f444a2.jpg
670508,movie,The Other Side of the Wind,the-other-side-of-the-wind,netflix,,,232,5,33171,,,,R,,https://ravanna.vidangel.com/file/ravanna/b/6/movies-299782_0010_02_b65469535024fce5.jpg
696678,movie,The Other Zoey,the-other-zoey,amazon-prime,,,133,5,60580,,,,PG-13,,https://ravanna.vidangel.com/file/ravanna/gen/K/p/movie-912916_20240119_KpyL99L28fTyzQNP.jpg
224901,movie,The Ottoman Lieutenant,the-ottoman-lieutenant,amazon,,,68,4,43477,,,,R,,https://ravanna.vidangel.com/file/ravanna/1/c/movies-433356_0010_02_1cfbadf068f20bb0.jpg
694651,movie,The Out-Laws,the-out-laws,netflix,,,362,5,57265,,,,R,,https://ravanna.vidangel.com/file/ravanna/8/5/movies-921636_0010_02_85f67847a27b837a.jpg
691651,movie,The Outfit,the-outfit,amazon,,,183,4,52649,,,,R,,https://ravanna.vidangel.com/file/ravanna/gen/A/l/movie-799876_20220912_Al31Sm22aA9ynhIs.jpg
701013,movie,The Outrun,the-outrun,netflix,,,101,5,68681,,,,R,,https://ravanna.vidangel.com/file/ravanna/gen/p/Z/movie-785542_20250318_pZGUBASi881luDss.jpg
660945,movie,The Outsider,the-outsider,netflix,,,179,4,41129,,,,TV-MA,,https://ravanna.vidangel.com/file/ravanna/3/f/movies-199928_0010_01_3ff4c7873414ea65.jpg
669430,movie,The Package,the-package-2018,netflix,,,792,5,33465,,,,R,,https://ravanna.vidangel.com/file/ravanna/0/a/movies-503619_0010_01_0a61258e53dcc19c.jpg
697609,movie,The Painter,the-painter,paramount,,,172,4,72277,,,,R,,https://ravanna.vidangel.com/file/ravanna/gen/p/a/movie-1211957_20240425_pa2lUO6x7ZP0Cs7Q.jpg
692816,movie,The Pale Blue Eye,the-pale-blue-eye,netflix,,,84,4,54877,,,,R,,https://ravanna.vidangel.com/file/ravanna/gen/1/3/movie-800815_20230105_13BfBaszyptqFt59.jpg
1379,movie,The Patriot,the-patriot,amazon,,,201,4,52461,,,,R,,https://ravanna.vidangel.com/file/ravanna/3/1/movies-2024_0010_01_315fbae99bf1d588.jpg
675244,movie,The Peanut Butter Falcon,the-peanut-butter-falcon,amazon,,,215,5,62437,,,,PG-13,,https://ravanna.vidangel.com/file/ravanna/1/7/movies-463257_0010_02_1715fa2bc0e22640.jpg
702292,movie,The Penguin Lessons,the-penguin-lessons,netflix,,,62,5,70704,,,,PG-13,,https://ravanna.vidangel.com/file/ravanna/gen/d/b/movie-1086497_20250725_dbn8JnGUQmSQAqly.jpg
692317,movie,The People We Hate at the Wedding,the-people-we-hate-at-the-wedding,amazon-prime,,,290,4,57761,,,,R,,https://ravanna.vidangel.com/file/ravanna/gen/x/N/movie-802372_20221118_xNfan8AjvVkm8tsC.jpg
672870,movie,The Perfect Date,the-perfect-date,netflix,,,99,4,37540,,,,TV-14,,https://ravanna.vidangel.com/file/ravanna/8/c/movies-543540_0010_02_8cb9920bd989e829.jpg
689582,movie,The Perfect Family,la-familia-perfecta,netflix,,,140,5,51165,,,,TV-MA,,https://ravanna.vidangel.com/file/ravanna/0/4/movies-826241_0010_01_0471d4fad92448e7.jpg
694585,movie,The Perfect Find,the-perfect-find,netflix,,,222,5,56988,,,,R,,https://ravanna.vidangel.com/file/ravanna/gen/6/s/movie-561717_20230626_6sl1SPRjrivCNUBG.jpg
703112,movie,The Perfect Neighbor,the-perfect-neighbor,netflix,,,79,3,72942,,,,R,,https://ravanna.vidangel.com/file/ravanna/gen/h/A/movie-1400782_20251023_hApj2pCEKRb1TPeF.jpg
673630,movie,The Perfection,the-perfection,netflix,,,235,5,38068,,,,TV-MA,,https://ravanna.vidangel.com/file/ravanna/6/2/movies-529962_0010_01_62f4be4c0770907e.jpg
1040,movie,The Perks of Being a Wallflower,the-perks-of-being-a-wallflower,amazon,,,140,5,56461,,,,PG-13,,https://ravanna.vidangel.com/file/ravanna/2/2/movies-84892_0010_01_22e460fb755399ba.jpg
702291,movie,The Phoenician Scheme,the-phoenician-scheme,amazon,,,183,5,74118,,,,PG-13,,https://ravanna.vidangel.com/file/ravanna/c/1/movies-1137350_0010_07_c1c10fd74d93eabe.jpg
1333,movie,The Pianist,the-pianist,amazon,,,88,3,65053,,,,R,,https://ravanna.vidangel.com/file/ravanna/6/9/movies-423_0010_07_692cf7b290e94423.jpg
699855,movie,The Piano Lesson,the-piano-lesson,netflix,,,122,5,66295,,,,PG-13,,https://ravanna.vidangel.com/file/ravanna/gen/t/1/movie-804406_20241122_t147i0kXnaELz97n.jpg
702371,movie,The Pickup,the-pickup,amazon-prime,,,354,4,71049,,,,R,,https://ravanna.vidangel.com/file/ravanna/gen/d/K/movie-1106289_20250806_dKoPJQDsiVHqlYdd.jpg
695740,movie,The Pigeon Tunnel,the-pigeon-tunnel,appletv,,,51,5,59286,,,,PG-13,,https://ravanna.vidangel.com/file/ravanna/gen/A/A/movie-1155770_20231020_AACzADFdHi1PzrFY.jpg
206020,movie,The Pirates of Somalia,the-pirates-of-somalia,amazon,,,181,5,34957,,,,R,,https://ravanna.vidangel.com/file/ravanna/8/8/movies-394537_0010_07_8837e69bc02f51f8.jpg
1477,movie,The Place Beyond the Pines,the-place-beyond-the-pines,amazon,,,274,5,68709,,,,R,,https://ravanna.vidangel.com/file/ravanna/4/8/movies-97367_0010_06_48114e02a935553c.jpg
678393,movie,The Platform,the-platform,netflix,,,220,4,41472,,,,TV-MA,,https://ravanna.vidangel.com/file/ravanna/2/b/movies-619264_0010_01_2bc87bd880474128.jpg
699271,movie,The Platform 2,the-platform-2,netflix,,,220,4,65477,,,,R,,https://ravanna.vidangel.com/file/ravanna/9/d/movies-1125510_0010_01_9d49ab6280e786b3.jpg
673685,movie,The Poison Rose,the-poison-rose,amazon,,,139,4,52513,,,,R,,https://ravanna.vidangel.com/file/ravanna/d/0/movies-529983_0010_01_d09de5a6efb5e443.jpg
655450,movie,The Polka King,the-polka-king,netflix,,,48,5,34842,,,,TV-14,,https://ravanna.vidangel.com/file/ravanna/e/b/movies-419472_0010_03_eb439b3256d0dd97.jpg
695366,movie,The Pope's Exorcist,the-popes-exorcist,amazon,,,174,5,58595,,,,R,,https://ravanna.vidangel.com/file/ravanna/gen/k/y/movie-758323_20230909_kyekMeIwyLlmkG1J.jpg
696521,movie,The Portable Door,the-portable-door,amazon-prime,,,60,5,60674,,,,PG-13,,https://ravanna.vidangel.com/file/ravanna/6/a/movies-830896_0010_03_6ab6da4531251843.jpg
671751,movie,The Possession of Hannah Grace,the-possession-of-hannah-grace,amazon,,,182,4,39416,,,,R,,https://ravanna.vidangel.com/file/ravanna/5/b/movies-434555_0010_01_5b4cbb8bc40f34ec.jpg
685944,movie,The Power of the Dog,the-power-of-the-dog,netflix,,,103,4,49052,,,,R,,https://ravanna.vidangel.com/file/ravanna/5/6/movies-600583_0010_03_56e78d575214e774.jpg
670543,movie,The Princess Switch,the-princess-switch,netflix,,,48,5,33294,,,,PG,,https://ravanna.vidangel.com/file/ravanna/8/8/movies-556803_0010_01_888a3e1a953fa3d2.jpg
671896,movie,The Prodigy,the-prodigy,amazon,,,71,5,37873,,,,R,,https://ravanna.vidangel.com/file/ravanna/0/2/movies-532671_0010_03_02990d715848acc3.jpg
673463,movie,The Professor,the-professor,amazon,,,174,5,38130,,,,R,,https://ravanna.vidangel.com/file/ravanna/c/e/movies-467956_0010_01_ce9df869dd74ca6a.jpg
673460,movie,The Professor and the Madman,the-professor-and-the-madman,amazon-prime,,,69,5,44845,,,,PG-13,,https://ravanna.vidangel.com/file/ravanna/9/b/movies-411728_0010_01_9bef36926a2f873f.jpg
682041,movie,The Prom,the-prom,netflix,,,144,5,44782,,,,PG-13,,https://ravanna.vidangel.com/file/ravanna/a/f/movies-611213_0010_04_af645f6fed1ab894.jpg
687444,movie,The Protégé,the-protege,amazon,,,141,4,50032,,,,R,,https://ravanna.vidangel.com/file/ravanna/0/c/movies-645788_0010_01_0c7654b58ea6c256.jpg
3727,movie,The Purge: Election Year,the-purge-election-year,amazon,,,348,4,58180,,,,R,,https://ravanna.vidangel.com/file/ravanna/a/7/movies-316727_0010_02_a79fadb9a793db0c.jpg
1453,movie,The Pursuit of Happyness,the-pursuit-of-happyness-2006,amazon,,,52,5,54875,,,,PG-13,,https://ravanna.vidangel.com/file/ravanna/1/7/movies-1402_0010_01_171adc7bfefb69b4.jpg
10295,movie,The Quick and the Dead,the-quick-and-the-dead-1995,amazon,,,186,4,54543,,,,R,,https://ravanna.vidangel.com/file/ravanna/f/3/movies-12106_0010_04_f3cb5c9a87d760f5.jpg
2979,movie,The Railway Man,the-railway-man,amazon,,,46,4,48274,,,,R,,https://ravanna.vidangel.com/file/ravanna/a/7/movies-127560_0010_01_a7ac88a3e18d88d0.jpg
3057,movie,The Rainmaker,john-grishams-the-rainmaker,amazon,,,143,5,40632,,,,PG-13,,https://ravanna.vidangel.com/file/ravanna/5/1/movies-11975_0010_02_5193a2e160ace3fd.jpg
674618,movie,The Red Sea Diving Resort,the-red-sea-diving-resort,netflix,,,164,4,39029,,,,TV-MA,,https://ravanna.vidangel.com/file/ravanna/2/4/movies-465003_0010_01_24435783572e8f4a.jpg
676542,movie,The Report,the-report,amazon-prime,,,74,3,40415,,,,R,,https://ravanna.vidangel.com/file/ravanna/e/1/movies-524348_0010_01_e18b29d5c4368aab.jpg
707043,movie,The Requin,the-requin-d2dba,netflix,,,323,4,76242,,,,R,,https://ravanna.vidangel.com/file/ravanna/gen/T/B/movie-803114_20260427_TBQdtwQiGnjFajbM.jpg
702294,movie,The Retirement Plan,the-retirement-plan,amazon,,,282,4,71338,,,,R,,https://ravanna.vidangel.com/file/ravanna/gen/3/V/movie-866346_20250728_3VoDPRpRSorttDPJ.jpg
701417,movie,The Return,the-return-75a15,amazon-channels-paramount,,,129,4,69855,,,,R,,https://ravanna.vidangel.com/file/ravanna/gen/7/y/movie-975511_20250428_7y8k4qLn8MSlu6w5.jpg
679124,movie,The Rhythm Section,the-rhythm-section,amazon,,,167,5,42201,,,,R,,https://ravanna.vidangel.com/file/ravanna/7/b/movies-466622_0010_04_7b4dd6619ade0948.jpg
681848,movie,The Ride,the-ride-ae66b,amazon-prime,,,102,5,45148,,,,PG-13,,https://ravanna.vidangel.com/file/ravanna/f/7/movies-526103_0010_01_f7cea6fdbbd9c8f0.jpg
671730,movie,The Ridiculous 6,the-ridiculous-6,netflix,,,294,5,39919,,,,TV-14,,https://ravanna.vidangel.com/file/ravanna/a/e/movies-347969_0010_01_aeb61eb29390bcec.jpg
1234,movie,The Right Kind of Wrong,the-right-kind-of-wrong,amazon,,,166,5,54051,,,,R,,https://ravanna.vidangel.com/file/ravanna/9/f/movies-209406_0010_01_9f8a2750d2675ebc.jpg
2156,movie,The Ring,the-ring,amazon,,,99,5,70421,,,,PG-13,,https://ravanna.vidangel.com/file/ravanna/6/9/movies-565_0010_02_69074e656238d7ee.jpg
704069,movie,The Rip,the-rip,netflix,,,572,4,74373,,,,R,,https://ravanna.vidangel.com/file/ravanna/gen/D/X/movie-1306368_20260113_DX5LecVYPaEfowJl.jpg
225138,movie,The Ritual,the-ritual-2017,netflix,,,277,4,34344,,,,TV-MA,,https://ravanna.vidangel.com/file/ravanna/b/e/movies-433808_0010_03_bef3a6d657a1c6e8.jpg
3206,movie,The River Wild,the-river-wild,amazon,,,127,5,63535,,,,PG-13,,https://ravanna.vidangel.com/file/ravanna/f/e/movies-8987_0010_03_fef33c73238c84fe.jpg
2647,movie,The Road,the-road-2009,amazon,,,97,5,76793,,,,R,,https://ravanna.vidangel.com/file/ravanna/4/5/movies-20766_0010_01_45cbccdd0476a777.jpg
697788,movie,The Roast of Tom Brady,the-roast-of-tom-brady,netflix,,,668,4,62598,,,,R,,https://ravanna.vidangel.com/file/ravanna/0/1/movies-1278360_0010_02_016e30303ebbb451.jpg
686836,movie,The Royal Treatment,the-royal-treatment,netflix,,,91,5,49644,,,,TV-PG,,https://ravanna.vidangel.com/file/ravanna/c/f/movies-790142_0010_04_cf4f18e9f66167ae.jpg
3272,movie,The Rundown,the-rundown,amazon,,,247,5,73093,,,,PG-13,,https://ravanna.vidangel.com/file/ravanna/b/7/movies-10159_0010_02_b7dcda520e0d1472.jpg
3454,movie,The Running Man,the-running-man,amazon-channels-amc,,,247,5,56915,,,,R,,https://ravanna.vidangel.com/file/ravanna/2/5/movies-865_0010_04_2500bd5017cfd518.jpg
703944,movie,The Running Man,the-running-man-1f2c0,amazon-prime,,,413,5,74335,,,,R,,https://ravanna.vidangel.com/file/ravanna/gen/y/E/movie-798645_20251228_yE3knEKv4UYqTE1v.jpg
664815,movie,The Russia House,the-russia-house-4698a,amazon,,,108,4,75605,,,,R,,https://ravanna.vidangel.com/file/ravanna/f/3/movies-10170_0010_02_f317f728efa32da7.jpg
2711,movie,The Saint,the-saint,amazon,,,138,5,54913,,,,PG-13,,https://ravanna.vidangel.com/file/ravanna/c/e/movies-10003_0010_01_cec49f0f242569a9.jpg
692006,movie,The School for Good and Evil,the-school-for-good-and-evil,netflix,,,238,5,53223,,,,PG-13,,https://ravanna.vidangel.com/file/ravanna/gen/i/V/movie-779782_20221019_iV7GMTYEYZJSChv9.jpg
663782,movie,The Score,the-score,amazon,,,130,5,38954,,,,R,,https://ravanna.vidangel.com/file/ravanna/7/f/movies-11371_0010_01_7ffe40126aef21e0.jpg
690469,movie,The Sea Beast,the-sea-beast,netflix,,,136,3,51679,,,,PG,,https://ravanna.vidangel.com/file/ravanna/b/7/movies-560057_0010_01_b75c408999fbb90a.jpg
150408,movie,The Sea of Trees,the-sea-of-trees,amazon,,,58,5,32077,,,,PG-13,,https://ravanna.vidangel.com/file/ravanna/3/3/movies-291351_0010_01_33270fd3c1a9b4e8.jpg
3944,movie,The Secret Life of Pets,the-secret-life-of-pets,netflix,,,207,5,65939,,,,PG,,https://ravanna.vidangel.com/file/ravanna/c/d/movies-328111_0010_02_cdf884be46992bd8.jpg
659303,movie,The Secret Scripture,the-secret-scripture,amazon-prime,,,57,5,39090,,,,PG-13,,https://ravanna.vidangel.com/file/ravanna/9/5/movies-283591_0010_01_9539beeae3b01a83.jpg
680696,movie,The Secret: Dare to Dream,the-secret-dare-to-dream,amazon,,,49,4,59764,,,,PG,,https://ravanna.vidangel.com/file/ravanna/5/7/movies-550231_0010_01_57489b8377552855.jpg
180342,movie,The Shack,the-shack,amazon,,,37,4,66602,,,,PG-13,,https://ravanna.vidangel.com/file/ravanna/gen/u/X/20230405_uXs3t612KF9N3wkB.jpg
3681,movie,The Shallows,the-shallows,amazon,,,302,3,58285,,,,PG-13,,https://ravanna.vidangel.com/file/ravanna/c/d/movies-332567_0010_03_cd581577a49400b7.jpg
698070,movie,The Shift,the-shift-6db1b,amazon,,,72,5,63792,,,,PG-13,,https://ravanna.vidangel.com/file/ravanna/gen/a/g/movie-1108658_20240610_ag9wlNWrsNwWu4Jb.jpg
679039,movie,The Siege of Jadotville,the-siege-of-jadotville,netflix,,,172,4,45012,,,,TV-MA,,https://ravanna.vidangel.com/file/ravanna/c/2/movies-334517_0010_01_c2fb97a523448890.jpg
672753,movie,The Silence,the-silence,netflix,,,106,5,38484,,,,TV-14,,https://ravanna.vidangel.com/file/ravanna/2/d/movies-527261_0010_01_2daef888aabf7852.jpg
2140,movie,The Silence of the Lambs,the-silence-of-the-lambs,amazon,,,150,4,61920,,,,R,,https://ravanna.vidangel.com/file/ravanna/b/e/movies-274_0010_01_be54bac39695cf01.jpg
679036,movie,The Silence of the Marsh,the-silence-of-the-marsh,netflix,,,183,5,41989,,,,TV-MA,,https://ravanna.vidangel.com/file/ravanna/f/e/movies-632931_0010_01_fec88d26b0c70b19.jpg
680446,movie,The Silencing,the-silencing,amazon,,,164,4,59765,,,,R,,https://ravanna.vidangel.com/file/ravanna/e/1/movies-603119_0010_04_e15d551758f91a32.jpg
700145,movie,The Six Triple Eight,the-six-triple-eight,netflix,,,89,5,66797,,,,PG-13,,https://ravanna.vidangel.com/file/ravanna/gen/N/Y/movie-1061699_20241220_NYLWfivwLmqkj96g.jpg
1676,movie,The Skeleton Twins,the-skeleton-twins,amazon,,,160,5,55521,,,,R,,https://ravanna.vidangel.com/file/ravanna/d/6/movies-244772_0010_01_d67beb9879dd4cf5.jpg
8161,movie,The Skulls II,the-skulls-2,amazon,,,125,4,38171,,,,R,,https://ravanna.vidangel.com/file/ravanna/b/6/movies-8460_0010_03_b66e46b74fcfffba.jpg
687181,movie,The Sky Is Everywhere,the-sky-is-everywhere,appletv,,,113,5,62816,,,,PG-13,,https://ravanna.vidangel.com/file/ravanna/8/9/movies-640265_0010_02_8961b222d3f9f918.jpg
680810,movie,The Sleepover,the-sleepover,netflix,,,184,5,43335,,,,TV-PG,,https://ravanna.vidangel.com/file/ravanna/5/a/movies-626393_0010_01_5a29e7478204a2cc.jpg
3700,movie,The Smurfs,the-smurfs-2011,amazon,,,252,5,56931,,,,PG,,https://ravanna.vidangel.com/file/ravanna/9/d/movies-41513_0010_01_9da33fd9effcdf9a.jpg
1353,movie,The Smurfs 2,the-smurfs-2,amazon,,,43,5,54343,,,,PG,,https://ravanna.vidangel.com/file/ravanna/7/a/movies-77931_0010_04_7ae9490299951d40.jpg
703549,movie,The Snow Must Go On,the-snow-must-go-on,amazon-channels-hallmark,,,8,2,73611,,,,TV-G,,https://ravanna.vidangel.com/file/ravanna/gen/S/M/movie-1547920_20251130_SMjPJSplS6HFyRr1.jpg
194883,movie,The Snowman,the-snowman,amazon,,,125,4,55973,,,,R,,https://ravanna.vidangel.com/file/ravanna/9/7/movies-372343_0010_02_97f05b71aa766de8.jpg
681055,movie,The Social Dilemma,the-social-dilemma,netflix,,,31,4,43588,,,,PG-13,,https://ravanna.vidangel.com/file/ravanna/b/1/movies-656690_0010_06_b15bba9b9175c6e2.jpg
1446,movie,The Social Network,the-social-network,amazon,,,138,5,49812,,,,PG-13,,https://ravanna.vidangel.com/file/ravanna/1/2/movies-37799_0010_01_12559f25bbfc36aa.jpg
191489,movie,The Space Between Us,the-space-between-us,amazon-channels-paramount,,,58,5,38320,,,,PG-13,,https://ravanna.vidangel.com/file/ravanna/a/1/movies-365942_0010_03_a1128c618310223a.jpg
1514,movie,The Spectacular Now,the-spectacular-now,amazon,,,219,5,67710,,,,R,,https://ravanna.vidangel.com/file/ravanna/6/2/movies-157386_0010_01_62f96f8205119630.jpg
2149,movie,The Spiderwick Chronicles,the-spiderwick-chronicles,amazon,,,160,3,65736,,,,PG,,https://ravanna.vidangel.com/file/ravanna/f/1/movies-8204_0010_06_f13b97c2f0fdaaed.jpg
1749,movie,The SpongeBob Movie: Sponge Out of Water,the-spongebob-movie-sponge-out-of-water,amazon-channels-paramount,,,178,3,56759,,,,PG,,https://ravanna.vidangel.com/file/ravanna/e/9/movies-228165_0010_04_e95ce43b934f3de7.jpg
670176,movie,The Spy Who Dumped Me,the-spy-who-dumped-me,amazon,,,494,4,33141,,,,R,,https://ravanna.vidangel.com/file/ravanna/4/7/movies-454992_0010_04_479976c1b0c2ac4b.jpg
2923,movie,The Stanford Prison Experiment,the-stanford-prison-experiment,amazon-channels-amc,,,228,4,55033,,,,R,,https://ravanna.vidangel.com/file/ravanna/c/3/movies-308032_0010_02_c32459d485d0b673.jpg
684745,movie,The Starling,the-starling,netflix,,,81,5,48344,,,,PG-13,,https://ravanna.vidangel.com/file/ravanna/9/1/movies-468225_0010_01_91390366e1b85a34.jpg
2795,movie,The Sting,the-sting,amazon,,,263,5,61574,,,,PG,,https://ravanna.vidangel.com/file/ravanna/a/7/movies-9277_0010_02_a7cf2d16d9b785e2.jpg
655067,movie,The Stolen,the-stolen,amazon,,,203,5,45111,,,,NR,,https://ravanna.vidangel.com/file/ravanna/5/f/movies-484238_0010_02_5feecdaf19eb30f5.jpg
692065,movie,The Stranger,the-stranger-f008d,netflix,,,146,4,53323,,,,TV-MA,,https://ravanna.vidangel.com/file/ravanna/f/4/movies-848791_0010_03_f417f30fe13d8902.jpg
2843,movie,The Strangers,the-strangers-theatrical,amazon,,,73,4,62740,,,,R,,https://ravanna.vidangel.com/file/ravanna/5/4/movies-10665_0010_07_54959bc62cfd272b.jpg
693292,movie,The Strays,the-strays,netflix,,,63,4,56527,,,,TV-MA,,https://ravanna.vidangel.com/file/ravanna/gen/V/5/movie-1063422_20230228_V5wvXydbZbRSUNfh.jpg
700295,movie,The Substance,the-substance,amazon,,,427,4,67923,,,,R,,https://ravanna.vidangel.com/file/ravanna/a/0/movies-933260_0010_01_a0d62501f5ea2a46.jpg
2022,movie,The Sum of All Fears,the-sum-of-all-fears,amazon,,,105,5,75751,,,,PG-13,,https://ravanna.vidangel.com/file/ravanna/7/e/movies-4614_0010_01_7eb2cd10dc31b218.jpg
695648,movie,The Super Mario Bros. Movie,the-super-mario-bros-movie,peacock,,,154,3,65439,,,,PG,,https://ravanna.vidangel.com/file/ravanna/gen/7/d/movie-502356_20231012_7dfgZq3N4mvxoZhW.jpg
657050,movie,The Sweetest Christmas,the-sweetest-christmas,amazon,,,54,5,73310,,,,TV-G,,https://content.vidangel.com/uploads/2018/05/yzaLHT3WxQelA66MSkUlGw9DlmK.poster.jpg
692372,movie,The Swimmers,the-swimmers,netflix,,,58,5,53837,,,,PG-13,,https://ravanna.vidangel.com/file/ravanna/gen/4/P/movie-821881_20221123_4PwGbYdU6SFxivjz.jpg
28230,movie,The Switch,the-switch,amazon,,,140,5,35095,,,,PG-13,,https://ravanna.vidangel.com/file/ravanna/8/0/movies-41210_0010_05_8005c69231c05e08.jpg
692210,movie,The Takeover,the-takeover,netflix,,,142,3,53585,,,,TV-MA,,https://ravanna.vidangel.com/file/ravanna/c/2/movies-944864_0010_04_c2f6c1f79d569fb7.jpg
704111,movie,The Tank,the-tank,amazon-prime,,,109,4,74461,,,,R,,https://ravanna.vidangel.com/file/ravanna/1/d/movies-1252037_0010_02_1d9ef4c91a6d0ac6.jpg
697853,movie,The Tearsmith,the-tearsmith,netflix,,,84,5,62725,,,,R,,https://ravanna.vidangel.com/file/ravanna/6/0/movies-1127166_0010_01_60806f169af2596a.jpg
686558,movie,The Tender Bar,the-tender-bar,amazon-prime,,,188,4,49460,,,,R,,https://ravanna.vidangel.com/file/ravanna/c/a/movies-727293_0010_04_ca245eabd3fe7157.jpg
2141,movie,The Terminal,the-terminal,amazon,,,96,5,65427,,,,PG-13,,https://ravanna.vidangel.com/file/ravanna/4/f/movies-594_0010_01_4fa6d4b957023952.jpg
1397,movie,The Terminator,the-terminator,amazon,,,155,4,56668,,,,R,,https://ravanna.vidangel.com/file/ravanna/b/c/movies-218_0010_02_bc2f642d5f7ec894.jpg
2702,movie,The Thing,the-thing-2011,amazon,,,158,4,55886,,,,R,,https://ravanna.vidangel.com/file/ravanna/d/5/movies-60935_0010_06_d5b67594b0d79068.jpg
665427,movie,The Thing,the-thing,amazon,,,200,4,39647,,,,R,,https://ravanna.vidangel.com/file/ravanna/8/b/movies-1091_0010_01_8ba76d8bb1cde31d.jpg
2547,movie,The Thomas Crown Affair,the-thomas-crown-affair-1999,amazon,,,122,4,55721,,,,R,,https://ravanna.vidangel.com/file/ravanna/5/2/movies-913_0010_01_522a6bd9baea35e5.jpg
702625,movie,The Thursday Murder Club,the-thursday-murder-club,netflix,,,133,5,71613,,,,PG-13,,https://ravanna.vidangel.com/file/ravanna/c/f/movies-744653_0010_02_cf6223f8dee8aefa.jpg
696799,movie,The Tiger's Apprentice,the-tigers-apprentice,amazon,,,184,4,60775,,,,PG,,https://ravanna.vidangel.com/file/ravanna/gen/s/B/movie-598387_20240202_sBBQDVZPCnvPLOnH.jpg
687067,movie,The Tinder Swindler,the-tinder-swindler,netflix,,,102,4,69427,,,,TV-MA,,https://ravanna.vidangel.com/file/ravanna/8/0/movies-923632_0010_01_80d68fdeb3c1e670.jpg
683865,movie,The Tomorrow War,the-tomorrow-war,amazon-prime,,,189,4,47193,,,,PG-13,,https://ravanna.vidangel.com/file/ravanna/b/7/movies-588228_0010_0a_b74ca2cca473d4db.jpg
1142,movie,The Tourist,the-tourist,amazon,,,108,5,53866,,,,PG-13,,https://ravanna.vidangel.com/file/ravanna/3/6/movies-37710_0010_0a_36c6ed3265b62bf7.jpg
686676,movie,The Tragedy of Macbeth,the-tragedy-of-macbeth,appletv,,,83,4,65010,,,,R,,https://ravanna.vidangel.com/file/ravanna/6/6/movies-591538_0010_05_6672d834082ab707.jpg
2406,movie,The Transporter Refueled,the-transporter-refueled,amazon,,,222,5,62785,,,,PG-13,,https://ravanna.vidangel.com/file/ravanna/e/6/movies-287948_0010_04_e6a560d52d39b75e.jpg
681451,movie,The Trial of the Chicago 7,the-trial-of-the-chicago-7,netflix,,,156,5,43986,,,,R,,https://ravanna.vidangel.com/file/ravanna/4/2/movies-556984_0010_01_42ccdfd3b5ca88a3.jpg
168515,movie,The Tribes of Palos Verdes,the-tribes-of-palos-verdes,amazon-channels-amc,,,201,5,36021,,,,R,,https://ravanna.vidangel.com/file/ravanna/2/a/movies-324562_0010_01_2a48d49c467379cc.jpg
685074,movie,The Trip,the-trip-8349f,netflix,,,455,4,48769,,,,TV-MA,,https://ravanna.vidangel.com/file/ravanna/0/9/movies-760747_0010_01_09644d19c711a6c5.jpg
2213,movie,The Truman Show,the-truman-show,amazon,,,88,5,74681,,,,PG,,https://ravanna.vidangel.com/file/ravanna/f/b/movies-37165_0010_04_fb0d51f4aa3582a3.jpg
706420,movie,The Truth and Tragedy of Moriah Wilson,the-truth-and-tragedy-of-moriah-wilson,netflix,,,21,4,75950,,,,TV-14,,https://ravanna.vidangel.com/file/ravanna/gen/C/Q/movie-1629369_20260403_CQUUFthbx6wtMQcv.jpg
1539,movie,The Twilight Saga: Breaking Dawn - Part 1,the-twilight-saga-breaking-dawn-part-1,amazon,,,123,5,69246,,,,PG-13,,https://ravanna.vidangel.com/file/ravanna/b/3/movies-50619_0010_06_b36c0d9561c94223.jpg
1549,movie,The Twilight Saga: Eclipse,the-twilight-saga-eclipse,amazon,,,109,5,69231,,,,PG-13,,https://ravanna.vidangel.com/file/ravanna/b/e/movies-24021_0010_02_be845bc570c3d2bb.jpg
1546,movie,The Twilight Saga: New Moon,the-twilight-saga-new-moon,amazon,,,78,5,69211,,,,PG-13,,https://ravanna.vidangel.com/file/ravanna/7/2/movies-18239_0010_02_72caba81bec813c1.jpg
675452,movie,The Two Popes,the-two-popes,netflix,,,83,5,40382,,,,PG-13,,https://ravanna.vidangel.com/file/ravanna/6/a/movies-551332_0010_01_6a38525f3fc97768.jpg
2818,movie,The Ugly Truth,the-ugly-truth,amazon,,,335,4,52669,,,,R,,https://ravanna.vidangel.com/file/ravanna/4/f/movies-20943_0010_03_4f35931232a51b68.jpg
691298,movie,The Unbearable Weight of Massive Talent,the-unbearable-weight-of-massive-talent,amazon,,,261,5,67409,,,,R,,https://ravanna.vidangel.com/file/ravanna/2/9/movies-648579_0010_03_29a4e68b4b7e1cbf.jpg
686035,movie,The Unforgivable,the-unforgiveable-2021,netflix,,,122,4,49181,,,,R,,https://ravanna.vidangel.com/file/ravanna/e/f/movies-645886_0010_0a_ef564f3144683a82.jpg
698696,movie,The Union,the-union,netflix,,,219,5,64329,,,,PG-13,,https://ravanna.vidangel.com/file/ravanna/gen/J/q/movie-704239_20240816_JqAoEbJ1ErPSbSxq.jpg
1047,movie,The Untouchables,the-untouchables,amazon,,,145,4,53863,,,,R,,https://ravanna.vidangel.com/file/ravanna/4/4/movies-117_0010_09_44e6477c75597c9c.jpg
671477,movie,The Upside,the-upside,amazon,,,126,5,37967,,,,PG-13,,https://ravanna.vidangel.com/file/ravanna/4/5/movies-440472_0010_01_45d8290c662e6fde.jpg
671102,movie,The Vanishing,the-vanishing-dc267,amazon,,,113,3,53893,,,,R,,https://ravanna.vidangel.com/file/ravanna/8/8/movies-449459_0010_01_88ded0f973dc54ac.jpg
184152,movie,The Vanishing of Sidney Hall,the-vanishing-of-sidney-hall,amazon,,,162,5,35560,,,,R,,https://ravanna.vidangel.com/file/ravanna/9/a/movies-353066_0010_01_9a2cb11ab0cb7e70.jpg
692635,movie,The Volcano: Rescue from Whakaari,the-volcano-rescue-from-whakaari,netflix,,,26,3,54195,,,,PG-13,,https://ravanna.vidangel.com/file/ravanna/gen/Z/s/movie-1018645_20221219_ZsqJYs7t25q8Hri9.jpg
2651,movie,The Vow,the-vow-2012,amazon,,,108,5,60754,,,,PG-13,,https://ravanna.vidangel.com/file/ravanna/6/f/movies-72570_0010_01_6fb19875b6b6b1d3.jpg
211524,movie,The Wall,the-wall,amazon-prime,,,387,3,30913,,,,R,,https://ravanna.vidangel.com/file/ravanna/7/4/movies-405775_0010_01_747116eb736f41df.jpg
671918,movie,The Wandering Earth,the-wandering-earth,netflix,,,78,4,37919,,,,PG-13,,https://ravanna.vidangel.com/file/ravanna/4/b/movies-535167_0010_01_4bbf8f178532b7c2.jpg
686557,movie,The Wasteland,the-wasteland,netflix,,,57,3,49504,,,,TV-MA,,https://ravanna.vidangel.com/file/ravanna/3/e/movies-800410_0010_01_3e6d18814b5740f8.jpg
2270,movie,The Wedding Date,the-wedding-date,amazon,,,194,5,56433,,,,PG-13,,https://ravanna.vidangel.com/file/ravanna/9/0/movies-6961_0010_03_9006b045358380d5.jpg
656829,movie,The Week Of,the-week-of,netflix,,,241,5,34328,,,,TV-14,,https://ravanna.vidangel.com/file/ravanna/6/3/movies-465109_0010_01_63feab0b3743a94c.jpg
687559,movie,The Weekend Away,the-weekend-away,netflix,,,178,5,50134,,,,TV-14,,https://ravanna.vidangel.com/file/ravanna/5/7/movies-840882_0010_01_57215d3d224aa65f.jpg
693429,movie,The Whale,the-whale,amazon,,,127,5,65957,,,,R,,https://ravanna.vidangel.com/file/ravanna/gen/H/t/movie-785084_20230313_Htx4nY3TkhikhLmg.jpg
682412,movie,The White Tiger,the-white-tiger,netflix,,,163,4,45378,,,,R,,https://ravanna.vidangel.com/file/ravanna/f/6/movies-628534_0010_01_f6fa6cb6f7188674.jpg
671217,movie,The Wife,the-wife,amazon,,,162,4,57644,,,,R,,https://ravanna.vidangel.com/file/ravanna/4/e/movies-340613_0010_02_4eac9abba80f718b.jpg
700464,movie,The Wild Robot,the-wild-robot,peacock,,,141,2,69488,,,,PG,,https://ravanna.vidangel.com/file/ravanna/gen/H/V/movie-1184918_20250124_HVlHft8dwcZ77YPd.jpg
679034,movie,The Willoughbys,the-willoughbys,netflix,,,128,4,41942,,,,PG,,https://ravanna.vidangel.com/file/ravanna/1/5/movies-560044_0010_01_15f90a6bd0f450a1.jpg
2935,movie,The Witch,the-witch,amazon,,,73,4,36957,,,,R,,https://ravanna.vidangel.com/file/ravanna/4/7/movies-310131_0010_03_47a35275f073bc10.jpg
684402,movie,The Witcher: Nightmare of the Wolf,the-witcher-nightmare-of-the-wolf,netflix,,,213,4,47992,,,,R,,https://ravanna.vidangel.com/file/ravanna/a/f/movies-666243_0010_01_af719d04e64a34ba.jpg
700638,movie,The Witcher: Sirens of the Deep,the-witcher-sirens-of-the-deep,netflix,,,206,4,67825,,,,R,,https://ravanna.vidangel.com/file/ravanna/gen/t/W/movie-1203329_20250211_tWdJJiDg4NAikHdq.jpg
1196,movie,The Wolf of Wall Street,the-wolf-of-wall-street,amazon,,,1143,5,60142,,,,R,,https://ravanna.vidangel.com/file/ravanna/1/e/movies-106646_0010_03_1e143c22521b220f.jpg
702973,movie,The Woman in Cabin 10,the-woman-in-cabin-10,netflix,,,135,4,74515,,,,R,,https://ravanna.vidangel.com/file/ravanna/gen/x/T/movie-1290879_20251010_xT9XYO3T4EwOuH3V.jpg
702046,movie,The Woman in the Yard,the-woman-in-the-yard,amazon-prime,,,63,4,73275,,,,PG-13,,https://ravanna.vidangel.com/file/ravanna/7/e/movies-1244944_0010_04_7ef408bd589f0609.jpg
692282,movie,The Wonder,the-wonder,netflix,,,24,5,53730,,,,R,,https://ravanna.vidangel.com/file/ravanna/gen/R/J/movie-823766_20221116_RJ2ahSlVNMUSu3IM.jpg
695489,movie,The Wonderful Story of Henry Sugar,the-wonderful-story-of-henry-sugar,netflix,,,22,4,58527,,,,PG,,https://ravanna.vidangel.com/file/ravanna/gen/S/7/movie-923939_20230927_S74I3MJQxFCRUnmC.jpg
8707,movie,The Woodsman,the-woodsman,amazon-prime,,,155,4,35418,,,,R,,https://ravanna.vidangel.com/file/ravanna/6/e/movies-9692_0010_01_6ea94eb45e506d59.jpg
660406,movie,The World Is Not Enough,the-world-is-not-enough,amazon,,,256,5,74866,,,,PG-13,,https://ravanna.vidangel.com/file/ravanna/2/c/movies-36643_0010_07_2c4ed6e097dbcebd.jpg
704187,movie,The Wrecking Crew,the-wrecking-crew-c35f2,amazon,,,545,5,74863,,,,R,,https://ravanna.vidangel.com/file/ravanna/gen/9/B/movie-1168190_20260128_9BLkpiMDjarMtIyL.jpg
679264,movie,The Wrong Missy,the-wrong-missy,netflix,,,526,5,42108,,,,TV-MA,,https://ravanna.vidangel.com/file/ravanna/2/2/movies-582596_0010_06_22415ed30b0ff08b.jpg
702758,movie,The Wrong Paris,the-wrong-paris,netflix,,,320,5,72032,,,,TV-14,,https://ravanna.vidangel.com/file/ravanna/b/8/movies-1321439_0010_02_b86800fcfa0c1aaf.jpg
668924,movie,The Year of Spectacular Men,the-year-of-spectacular-men,amazon-prime,,,227,5,32303,,,,NR,,https://ravanna.vidangel.com/file/ravanna/a/a/movies-433448_0010_01_aaf59b331b798f8e.jpg
3123,movie,The Young Messiah,the-young-messiah,amazon,,,91,5,56459,,,,PG-13,,https://ravanna.vidangel.com/file/ravanna/a/3/movies-318850_0010_01_a3027168344db65d.jpg
2734,movie,The Young Victoria,the-young-victoria,amazon,,,127,5,56143,,,,PG,,https://ravanna.vidangel.com/file/ravanna/a/2/movies-18320_0010_03_a23e37898889cb0f.jpg
148998,movie,The Zookeeper's Wife,the-zookeepers-wife,amazon,,,78,5,46310,,,,PG-13,,https://ravanna.vidangel.com/file/ravanna/f/a/movies-289222_0010_01_fa19e3dcbfec3409.jpg
176952,movie,Their Finest,their-finest,amazon,,,65,4,35365,,,,R,,https://ravanna.vidangel.com/file/ravanna/2/e/movies-340101_0010_01_2e4d2b66a850b764.jpg
702799,movie,Thelma,thelma-58f09,amazon,,,57,4,72703,,,,PG-13,,https://ravanna.vidangel.com/file/ravanna/gen/N/1/movie-1051891_20250915_N1zDAGQgJuIdcOmW.jpg
2214,movie,There Will Be Blood,there-will-be-blood-2,amazon,,,47,4,55040,,,,R,,https://ravanna.vidangel.com/file/ravanna/b/f/movies-7345_0010_08_bfc8aa80419bab7b.jpg
684869,movie,There's Someone Inside Your House,theres-someone-inside-your-house,netflix,,,350,5,48571,,,,TV-MA,,https://ravanna.vidangel.com/file/ravanna/f/b/movies-512025_0010_01_fb66cd1295a60e2c.jpg
694730,movie,They Cloned Tyrone,they-cloned-tyrone,netflix,,,780,5,57413,,,,R,,https://ravanna.vidangel.com/file/ravanna/e/8/movies-736769_0010_02_e865cb10b744da08.jpg
683327,movie,Things Heard & Seen,things-heard-seen,netflix,,,143,5,46367,,,,TV-MA,,https://ravanna.vidangel.com/file/ravanna/8/b/movies-631060_0010_01_8b137e75cc97ff75.jpg
691086,movie,Thirteen Lives,thirteen-lives,amazon-prime,,,47,3,52079,,,,PG-13,,https://ravanna.vidangel.com/file/ravanna/d/f/movies-698948_0010_01_df01a3f6a66f98a5.jpg
4065,movie,This Christmas,this-christmas,amazon,,,240,5,66586,,,,PG-13,,https://ravanna.vidangel.com/file/ravanna/5/0/movies-15250_0010_02_5040107deb4b4fab.jpg
1405,movie,This Is 40,this-is-40-theatrical,amazon,,,420,5,70925,,,,R,,https://ravanna.vidangel.com/file/ravanna/4/d/movies-89492_0010_04_4d09ac9ad0c6dcbb.jpg
696914,movie,This Is Me…Now,this-is-menow,amazon-prime,,,233,5,61007,,,,PG-13,,https://ravanna.vidangel.com/file/ravanna/b/1/movies-1217343_0010_03_b12c66161f08761c.jpg
2823,movie,This Is the End,this-is-the-end,amazon,,,888,5,66632,,,,R,,https://ravanna.vidangel.com/file/ravanna/0/3/movies-109414_0010_01_03df623bb9fcc437.jpg
661050,movie,Thoroughbreds,thoroughbreds,amazon,,,127,5,35310,,,,R,,https://ravanna.vidangel.com/file/ravanna/1/b/movies-397722_0010_02_1bf2af25491d990e.jpg
706497,movie,Thrash,thrash-f5116,netflix,,,273,4,75936,,,,R,,https://ravanna.vidangel.com/file/ravanna/gen/m/Y/movie-1290417_20260410_mYVyQihGVkgMb9L8.jpg
3345,movie,Three Days of the Condor,three-days-of-the-condor,amazon,,,95,4,39316,,,,R,,https://ravanna.vidangel.com/file/ravanna/a/b/movies-11963_0010_0a_ab7a867a07638243.jpg
693221,movie,Three Thousand Years of Longing,three-thousand-years-of-longing,amazon,,,74,4,55030,,,,R,,https://ravanna.vidangel.com/file/ravanna/gen/I/a/movie-556694_20230217_IaUMga75JYq9vTY7.jpg
703643,movie,Three Wise Men and a Baby,three-wise-men-and-a-baby,amazon-channels-hallmark,,,25,5,73795,,,,TV-G,,https://ravanna.vidangel.com/file/ravanna/gen/h/Y/movie-1028541_20251210_hY8UNTjwplZP92Fv.jpg
703525,movie,Three Wiser Men And A Boy,three-wiser-men-and-a-boy,amazon-channels-hallmark,,,24,5,73564,,,,TV-G,,https://ravanna.vidangel.com/file/ravanna/gen/B/t/movie-1293279_20251126_BtCNInLCRwlmM42Z.jpg
703411,movie,Three Wisest Men,three-wisest-men-774bc,amazon-channels-hallmark,,,35,5,73485,,,,TV-G,,https://ravanna.vidangel.com/file/ravanna/gen/S/X/movie-1537084_20251117_SX5wtl1eOwWTQQrE.jpg
692742,movie,Through My Window,through-my-window,netflix,,,246,5,54288,,,,TV-MA,,https://ravanna.vidangel.com/file/ravanna/gen/7/W/movie-818647_20221231_7WN85GfsIVaUl5Dc.jpg
694582,movie,Through My Window 2: Across the Sea,through-my-window-across-the-sea,netflix,,,216,4,61137,,,,R,,https://ravanna.vidangel.com/file/ravanna/0/6/movies-988078_0010_01_0676bc1a3988ee3c.jpg
696964,movie,Through My Window 3: Looking at You,through-my-window-3-looking-at-you,netflix,,,137,4,61149,,,,TV-MA,,https://ravanna.vidangel.com/file/ravanna/a/d/movies-1139566_0010_03_ad9b19975620cce5.jpg
683120,movie,Thunder Force,thunder-force,netflix,,,169,5,46166,,,,PG-13,,https://ravanna.vidangel.com/file/ravanna/0/e/movies-615678_0010_08_0e420eab5d3db212.jpg
685566,movie,"tick, tick... BOOM!",tick-tickboom,netflix,,,71,4,49797,,,,PG-13,,https://ravanna.vidangel.com/file/ravanna/1/8/movies-537116_0010_02_18d2222b784377aa.jpg
692852,movie,Ticket to Paradise,ticket-to-paradise,peacock,,,182,5,60887,,,,PG-13,,https://ravanna.vidangel.com/file/ravanna/gen/w/8/movie-800939_20230109_w8bAbYgqyvi2GjUG.jpg
703413,movie,Tidings For The Season,tidings-for-the-season,amazon-channels-hallmark,,,17,3,73532,,,,TV-G,,https://ravanna.vidangel.com/file/ravanna/gen/a/k/movie-1547915_20251117_akl2IG6ubfGhf5dZ.jpg
684782,movie,Till Death,till-death,netflix,,,342,4,57135,,,,R,,https://ravanna.vidangel.com/file/ravanna/1/9/movies-672741_0010_03_196d03227d143c35.jpg
683294,movie,Time,time,amazon-prime,,,50,5,46339,,,,PG-13,,https://ravanna.vidangel.com/file/ravanna/8/8/movies-653729_0010_01_88a78ab4ccc559a4.jpg
699629,movie,Time Cut,time-cut,netflix,,,80,5,65937,,,,PG-13,,https://ravanna.vidangel.com/file/ravanna/6/b/movies-827931_0010_04_6bdf81e5bb42c234.jpg
671028,movie,Time Freak,time-freak,amazon-prime,,,146,5,34219,,,,PG-13,,https://ravanna.vidangel.com/file/ravanna/d/4/movies-451925_0010_01_d4a3f9d5b57f41cb.jpg
678265,movie,Timeless Love,timeless-love,amazon-prime,,,8,2,41365,,,,PG,,https://ravanna.vidangel.com/file/ravanna/0/5/movies-663566_0010_01_05702b32c59fdf52.jpg
3737,movie,Timeline,timeline,amazon,,,194,4,67050,,,,PG-13,,https://ravanna.vidangel.com/file/ravanna/d/b/movies-9562_0010_0d_db1fc9c531181a70.jpg
1396,movie,Tinker Tailor Soldier Spy,tinker-tailor-soldier-spy,amazon,,,109,4,65886,,,,R,,https://ravanna.vidangel.com/file/ravanna/1/c/movies-49517_0010_02_1c86a1fa797da2e2.jpg
654708,movie,Tiny Christmas,tiny-christmas,amazon,,,30,2,32135,,,,TV-G,,https://ravanna.vidangel.com/file/ravanna/0/9/movies-483863_0010_01_098a9ceb89c9b188.jpg
669546,movie,To All the Boys I've Loved Before,to-all-the-boys-ive-loved-before,netflix,,,108,5,33742,,,,TV-14,,https://ravanna.vidangel.com/file/ravanna/d/4/movies-466282_0010_03_d4ffde735bf3032d.jpg
682597,movie,To All the Boys: Always and Forever,to-all-the-boys-always-and-forever,netflix,,,88,5,45521,,,,TV-14,,https://ravanna.vidangel.com/file/ravanna/3/2/movies-614409_0010_02_326fcc82db93fcbf.jpg
677795,movie,To All the Boys: P.S. I Still Love You,to-all-the-boys-ps-i-still-love-you,netflix,,,59,4,41005,,,,TV-14,,https://ravanna.vidangel.com/file/ravanna/0/5/movies-565426_0010_02_05187422712243f5.jpg
695258,movie,To Catch a Killer,to-catch-a-killer,amazon,,,230,4,68066,,,,R,,https://ravanna.vidangel.com/file/ravanna/gen/u/M/movie-605886_20230828_uMnBZUYEbGFqw5pi.jpg
3111,movie,To Kill a Mockingbird,to-kill-a-mockingbird-1962,amazon,,,52,5,55409,,,,NR,,https://ravanna.vidangel.com/file/ravanna/0/b/movies-595_0010_02_0b97a0743aa31992.jpg
209170,movie,To the Bone,to-the-bone,netflix,,,135,4,31815,,,,TV-MA,,https://ravanna.vidangel.com/file/ravanna/e/3/movies-401104_0010_01_e328453618c31b0d.jpg
706794,movie,Tom Clancy's Jack Ryan: Ghost War,tom-clancys-jack-ryan-ghost-war-adaf0,amazon-prime,,,196,3,76679,,,,R,,https://ravanna.vidangel.com/file/ravanna/a/7/movies-1380291_0010_05_a788da83c889b57c.jpg
683295,movie,Tom Clancy's Without Remorse,tom-clancys-without-remorse,amazon-prime,,,114,4,46338,,,,R,,https://ravanna.vidangel.com/file/ravanna/4/8/movies-567189_0010_03_48410c50309838fd.jpg
671368,movie,Tom Foss,tom-foss-walking-shoes,vidangel,,,5,2,39767,,,,NR,,https://content.vidangel.com/dry-bar-images/TomFoss-WalkingShoes-VidAngel.jpg
655565,movie,Tom Mabe,tom-mabe-dysfunctional,vidangel,,,8,3,32274,,,,NR,,https://content.vidangel.com/dry-bar-images/TomMabe-DysfunctionJunction-VidAngel.jpg
668734,movie,Tom Ryan,tom-ryan-off-the-verge,vidangel,,,5,1,58182,,,,NR,,https://content.vidangel.com/dry-bar-images/TomRyan-OffTheVerge-VidAngel.jpg
2481,movie,Tommy Boy,tommy-boy,amazon,,,213,5,71389,,,,PG-13,,https://ravanna.vidangel.com/file/ravanna/6/e/movies-11381_0010_04_6eedbe1bfea728aa.jpg
676361,movie,Tommy Drake,tommy-drake-mouse,vidangel,,,6,3,39887,,,,NR,,https://content.vidangel.com/dry-bar-images/TommyDrake-Mouse-VidAngel.jpg
669107,movie,Tommy Ryman,tommy-ryman-activated,vidangel,,,1,0,58261,,,,NR,,https://content.vidangel.com/dry-bar-images/TommyRyman-Activated-VidAngel.jpg
3328,movie,Tomorrow Never Dies,tomorrow-never-dies,amazon,,,242,5,74777,,,,PG-13,,https://ravanna.vidangel.com/file/ravanna/f/c/movies-714_0010_03_fcefed983ced41af.jpg
1326,movie,Top Gun,top-gun,amazon-channels-paramount,,,216,5,71730,,,,PG,,https://ravanna.vidangel.com/file/ravanna/7/4/movies-744_0010_01_74722c1d4e42f908.jpg
680774,movie,Top Gun: Maverick,top-gun-maverick,amazon-channels-paramount,,,118,5,70324,,,,PG-13,,https://ravanna.vidangel.com/file/ravanna/gen/i/y/20230404_iyxMsvgBXPXaQVNp.jpg
3870,movie,Top Secret!,top-secret,amazon,,,176,5,69460,,,,PG,,https://ravanna.vidangel.com/file/ravanna/b/a/movies-8764_0010_05_bae350bdccb041fe.jpg
1478,movie,Total Recall,total-recall,amazon,,,208,5,65194,,,,PG-13,,https://ravanna.vidangel.com/file/ravanna/5/2/movies-64635_0010_01_5212718906f1a513.jpg
2103,movie,Total Recall,total-recall-1990,amazon-channels-paramount,,,422,4,67182,,,,R,,https://ravanna.vidangel.com/file/ravanna/8/3/movies-861_0010_02_83395163b1988731.jpg
695573,movie,Totally Killer,totally-killer,amazon-prime,,,459,5,58935,,,,R,,https://ravanna.vidangel.com/file/ravanna/gen/z/F/movie-974931_20231005_zFzB9Pvn0uWfTrRe.jpg
1989,movie,Tower Heist,tower-heist,amazon,,,193,5,53202,,,,PG-13,,https://ravanna.vidangel.com/file/ravanna/9/f/movies-59108_0010_01_9f471654d8ba239f.jpg
659379,movie,Tracers,tracers,amazon,,,63,5,42227,,,,PG-13,,https://ravanna.vidangel.com/file/ravanna/c/a/movies-290764_0010_01_caa6bb6fe1e61d98.jpg
671749,movie,Trading Paint,trading-paint,amazon,,,91,3,51890,,,,R,,https://ravanna.vidangel.com/file/ravanna/3/1/movies-474214_0010_05_318480787b88d2cf.jpg
2424,movie,Trading Places,trading-places-2,amazon,,,173,5,63649,,,,R,,https://ravanna.vidangel.com/file/ravanna/6/4/movies-1621_0010_01_64bfc061f25e068a.jpg
2779,movie,Traffic,traffic,amazon,,,295,5,62655,,,,R,,https://ravanna.vidangel.com/file/ravanna/8/b/movies-1900_0010_01_8b1c6311b301486f.jpg
703448,movie,Train Dreams,train-dreams,netflix,,,51,5,73435,,,,PG-13,,https://ravanna.vidangel.com/file/ravanna/d/b/movies-1241983_0010_01_dbcb60a30ebb1ade.jpg
2326,movie,Trainwreck,trainwreck,amazon,,,380,5,69156,,,,R,,https://ravanna.vidangel.com/file/ravanna/5/9/movies-271718_0010_01_5947a8dee1e75eb9.jpg
702037,movie,Trainwreck: Poop Cruise,trainwreck-poop-cruise,netflix,,,99,4,70032,,,,R,,https://ravanna.vidangel.com/file/ravanna/8/9/movies-1484253_0010_05_89668f33edf1f50d.jpg
702257,movie,Trainwreck: The Astroworld Tragedy,trainwreck-the-astroworld-tragedy,netflix,,,136,4,71166,,,,R,,https://ravanna.vidangel.com/file/ravanna/5/e/movies-1477453_0010_01_5e9957f48da7a9f3.jpg
2003,movie,Transformers,transformers,paramount,,,212,5,70365,,,,PG-13,,https://ravanna.vidangel.com/file/ravanna/d/a/movies-1858_0010_09_dad2f49ebd3f6e1b.jpg
699800,movie,Transformers One,transformers-one,paramount,,,131,2,70363,,,,PG,,https://ravanna.vidangel.com/file/ravanna/gen/I/l/movie-698687_20241115_Il0NXToMmMetzl5j.jpg
1537,movie,Transformers: Age of Extinction,transformers-age-of-extinction,paramount,,,225,5,75043,,,,PG-13,,https://ravanna.vidangel.com/file/ravanna/6/f/movies-91314_0010_05_6feb556f2dc8db2c.jpg
1491,movie,Transformers: Dark of the Moon,transformers-dark-of-the-moon,paramount,,,264,5,71822,,,,PG-13,,https://ravanna.vidangel.com/file/ravanna/6/b/movies-38356_0010_02_6b3bd787f55800dd.jpg
1267,movie,Transformers: Revenge of the Fallen,transformers-revenge-of-the-fallen,paramount,,,176,5,70826,,,,PG-13,,https://ravanna.vidangel.com/file/ravanna/6/a/movies-8373_0010_04_6aeaac7b86ced79b.jpg
694727,movie,Transformers: Rise of the Beasts,transformers-rise-of-the-beasts,amazon-channels-paramount,,,160,4,71560,,,,PG-13,,https://ravanna.vidangel.com/file/ravanna/gen/W/P/movie-667538_20230720_WPXOf9JbSZg91p9H.jpg
174690,movie,Transformers: The Last Knight,transformers-the-last-knight,amazon-prime,,,230,5,71771,,,,PG-13,,https://ravanna.vidangel.com/file/ravanna/f/d/movies-335988_0010_03_fda1e16f075c8be4.jpg
706123,movie,Trap House,trap-house,netflix,,,259,4,75472,,,,R,,https://ravanna.vidangel.com/file/ravanna/2/b/movies-628847_0010_03_2bc52add4168f0d2.jpg
670560,movie,Trevor Noah: Son of Patricia,trevor-noah-son-of-patricia,netflix,,,89,3,33423,,,,TV-MA,,https://ravanna.vidangel.com/file/ravanna/f/c/movies-558341_0010_04_fc46043abf4862bc.jpg
693515,movie,Triangle of Sadness,triangle-of-sadness,netflix,,,216,4,76433,,,,R,,https://ravanna.vidangel.com/file/ravanna/5/d/movies-497828_0010_07_5ddc98ab22de83f6.jpg
698195,movie,Trigger Warning,trigger-warning,netflix,,,208,5,63302,,,,R,,https://ravanna.vidangel.com/file/ravanna/a/5/movies-704673_0010_0b_a51657ba4ea027a0.jpg
671898,movie,Triple Frontier,triple-frontier,netflix,,,284,4,37440,,,,R,,https://ravanna.vidangel.com/file/ravanna/4/9/movies-399361_0010_17_49fbe9deeada23a5.jpg
692417,movie,Troll,troll-e5f59,netflix,,,84,4,53947,,,,TV-14,,https://ravanna.vidangel.com/file/ravanna/gen/H/j/movie-736526_20221201_HjVrfNeLJittUA9L.jpg
684112,movie,Trollhunters: Rise of the Titans,trollhunters-rise-of-the-titans,netflix,,,164,5,47536,,,,TV-Y7,,https://ravanna.vidangel.com/file/ravanna/4/e/movies-730840_0010_05_4e07fd1a32cee247.jpg
80414,movie,Trolls,trolls,netflix,,,151,4,34987,,,,PG,,https://ravanna.vidangel.com/file/ravanna/7/4/movies-136799_0010_08_74946f463d6c9aac.jpg
676953,movie,Troop Zero,troop-zero,amazon-prime,,,159,4,40694,,,,PG,,https://ravanna.vidangel.com/file/ravanna/e/9/movies-525946_0010_02_e9161ec2ee9c7b69.jpg
1865,movie,Tropic Thunder,tropic-thunder,paramount,,,532,5,72632,,,,R,,https://ravanna.vidangel.com/file/ravanna/0/d/movies-7446_0010_14_0d3374ceb4d5f45a.jpg
683594,movie,Trouble,dog-gone-trouble,netflix,,,131,5,46743,,,,TV-Y7,,https://ravanna.vidangel.com/file/ravanna/2/3/movies-570480_0010_01_23785177f2202f49.jpg
2266,movie,True Grit,true-grit-2010,amazon,,,116,4,53612,,,,PG-13,,https://ravanna.vidangel.com/file/ravanna/b/7/movies-44264_0010_08_b77a98d63e6ca247.jpg
2268,movie,True Grit,true-grit,amazon,,,126,4,53579,,,,G,,https://ravanna.vidangel.com/file/ravanna/8/f/movies-17529_0010_02_8fae9f10401d645b.jpg
674133,movie,True Memoirs of an International Assassin,true-memoirs-of-an-international-assassin,netflix,,,240,5,38882,,,,TV-14,,https://ravanna.vidangel.com/file/ravanna/0/0/movies-339396_0010_04_00cfc9cd7e0c9c23.jpg
693099,movie,True Spirit,true-spirit,netflix,,,58,4,54839,,,,TV-PG,,https://ravanna.vidangel.com/file/ravanna/gen/R/d/movie-739986_20230203_RdzPUXChRpnjOZe6.jpg
2856,movie,Tucker and Dale vs. Evil,tucker-dale-vs-evil,amazon,,,313,5,41839,,,,R,,https://ravanna.vidangel.com/file/ravanna/3/f/movies-46838_0010_03_3f207f3b25b493ac.jpg
129893,movie,Tulip Fever,tulip-fever,netflix,,,159,4,35127,,,,R,,https://ravanna.vidangel.com/file/ravanna/5/3/movies-257785_0010_01_53d1c80105407255.jpg
660956,movie,Tully,tully,amazon,,,183,4,51038,,,,R,,https://ravanna.vidangel.com/file/ravanna/7/9/movies-400579_0010_01_791f2572c3f97b15.jpg
680806,movie,Tulsa,tulsa,amazon-prime,,,33,5,51866,,,,PG-13,,https://ravanna.vidangel.com/file/ravanna/3/b/movies-717676_0010_01_3b3887e25a20d239.jpg
3341,movie,Tumbledown,tumbledown,amazon,,,72,4,51614,,,,R,,https://ravanna.vidangel.com/file/ravanna/9/d/movies-207936_0010_01_9d2494330d57dac6.jpg
2225,movie,Twelve Monkeys,12-monkeys,amazon,,,190,4,57944,,,,R,,https://ravanna.vidangel.com/file/ravanna/2/5/movies-63_0010_03_257d5928fc4d1bd9.jpg
1545,movie,Twilight,twilight,amazon,,,79,5,69206,,,,PG-13,,https://ravanna.vidangel.com/file/ravanna/b/4/movies-8966_0010_02_b45b8ea10f873b32.jpg
664688,movie,Twin Peaks: Fire Walk with Me,twin-peaks-fire-walk-with-me,amazon,,,357,5,42184,,,,R,,https://ravanna.vidangel.com/file/ravanna/1/4/movies-1923_0010_02_145b00afed853afe.jpg
656159,movie,Tyler Boeh,tyler-boeh-wait-for-it,vidangel,,,7,2,35287,,,,NR,,https://content.vidangel.com/dry-bar-images/TylerBoeh-WaitForIt-VidAngel.jpg
1606,movie,Tyler Perry's A Madea Christmas,tyler-perrys-a-madea-christmas,amazon,,,193,5,54273,,,,PG-13,,https://ravanna.vidangel.com/file/ravanna/5/f/movies-175555_0010_01_5fe963ea216c8880.jpg
687443,movie,Tyler Perry's A Madea Homecoming,tyler-perrys-a-madea-homecoming,netflix,,,393,5,75636,,,,R,,https://ravanna.vidangel.com/file/ravanna/a/f/movies-845404_0010_01_afdcc2f75c509355.jpg
698395,movie,Tyler Perry's Divorce in the Black,tyler-perrys-divorce-in-the-black,amazon-prime,,,413,5,63671,,,,R,,https://ravanna.vidangel.com/file/ravanna/gen/N/q/movie-1213742_20240715_Nq1kworvwsnhovFl.jpg
2676,movie,U-571,u-571,amazon,,,164,4,64780,,,,PG-13,,https://ravanna.vidangel.com/file/ravanna/1/4/movies-3536_0010_02_147d96eb61883c53.jpg
698959,movie,Uglies,uglies,netflix,,,84,5,64984,,,,PG-13,,https://ravanna.vidangel.com/file/ravanna/gen/w/v/movie-748167_20240913_wvXQfebcZPMgY61C.jpg
698290,movie,Ultraman: Rising,ultraman-rising,netflix,,,157,4,63439,,,,PG,,https://ravanna.vidangel.com/file/ravanna/gen/C/2/movie-829402_20240701_C2KxxuFuv6jN3vu2.jpg
156554,movie,Una,una,amazon,,,91,3,34944,,,,R,,https://ravanna.vidangel.com/file/ravanna/4/c/movies-301334_0010_01_4c1969d0e371a6e5.jpg
1688,movie,Unbroken,unbroken,netflix,,,123,5,59944,,,,PG-13,,https://ravanna.vidangel.com/file/ravanna/9/8/movies-227306_0010_05_98aec6307cd54ec2.jpg
670821,movie,Unbroken: Path to Redemption,unbroken-path-to-redemption,amazon,,,78,5,34268,,,,PG-13,,https://ravanna.vidangel.com/file/ravanna/c/1/movies-506680_0010_02_c1e0ea93e286a34c.jpg
689402,movie,Uncharted,uncharted,amazon,,,194,5,64995,,,,PG-13,,https://ravanna.vidangel.com/file/ravanna/6/2/movies-335787_0010_04_62d6bdfeb1dddc72.jpg
2730,movie,Uncle Buck,uncle-buck,amazon,,,225,5,67138,,,,PG,,https://ravanna.vidangel.com/file/ravanna/b/2/movies-2616_0010_07_b2fa14cdd484f322.jpg
669784,movie,Uncle Drew,uncle-drew,amazon,,,151,5,68042,,,,PG-13,,https://ravanna.vidangel.com/file/ravanna/1/3/movies-474335_0010_01_1391d39c22b6a03f.jpg
681908,movie,Uncle Frank,uncle-frank,amazon-prime,,,164,5,45246,,,,R,,https://ravanna.vidangel.com/file/ravanna/3/f/movies-634544_0010_01_3f61b0ab6fce0b5b.jpg
678490,movie,Uncorked,uncorked,netflix,,,161,5,41620,,,,TV-MA,,https://ravanna.vidangel.com/file/ravanna/8/2/movies-660609_0010_01_823075f5780f5f26.jpg
676880,movie,Uncut Gems,uncut-gems,amazon,,,1205,5,42264,,,,R,,https://ravanna.vidangel.com/file/ravanna/0/2/movies-473033_0010_03_02d626824a0e7171.jpg
698048,movie,Under Paris,under-paris,netflix,,,157,4,62994,,,,TV-MA,,https://ravanna.vidangel.com/file/ravanna/gen/B/0/movie-1001311_20240605_B0cgIU8f7KEECSi6.jpg
672313,movie,Under the Silver Lake,under-the-silver-lake,amazon,,,438,4,38771,,,,R,,https://ravanna.vidangel.com/file/ravanna/f/7/movies-396461_0010_01_f742b8ac5885d035.jpg
1862,movie,Underworld,underworld-2003,amazon,,,246,4,60732,,,,R,,https://ravanna.vidangel.com/file/ravanna/f/0/movies-277_0010_02_f0ce965c440ceb7b.jpg
1361,movie,Underworld: Awakening,underworld-awakening,amazon,,,249,3,60971,,,,R,,https://ravanna.vidangel.com/file/ravanna/6/c/movies-52520_0010_02_6c7380ec2d7b36e2.jpg
661065,movie,Underworld: Blood Wars,underworld-blood-wars,amazon,,,248,4,48077,,,,R,,https://ravanna.vidangel.com/file/ravanna/7/2/movies-346672_0010_02_723f34644d40f115.jpg
1330,movie,Underworld: Evolution,underworld-evolution,amazon,,,308,4,60974,,,,R,,https://ravanna.vidangel.com/file/ravanna/9/5/movies-834_0010_01_957e6f8530008c85.jpg
1410,movie,Underworld: Rise of the Lycans,underworld-rise-of-the-lycans,amazon,,,207,4,66115,,,,R,,https://ravanna.vidangel.com/file/ravanna/8/0/movies-12437_0010_01_8055cb5e0b2f8b10.jpg
1802,movie,Unfriended,unfriended,amazon,,,447,5,45044,,,,R,,https://ravanna.vidangel.com/file/ravanna/c/d/movies-277685_0010_05_cd284a9d897b7358.jpg
670170,movie,Unfriended: Dark Web,unfriended-dark-web,amazon,,,145,4,33136,,,,R,,https://ravanna.vidangel.com/file/ravanna/5/4/movies-505058_0010_06_540763a598e6d3a3.jpg
697697,movie,Unfrosted,unfrosted,netflix,,,124,5,62391,,,,PG-13,,https://ravanna.vidangel.com/file/ravanna/gen/T/R/movie-844185_20240502_TR4bAZtY5GTLW7xA.jpg
680069,movie,Unhinged,unhinged,amazon,,,205,5,65652,,,,R,,https://ravanna.vidangel.com/file/ravanna/a/1/movies-625568_0010_02_a184be9cc841952d.jpg
672517,movie,Unicorn Store,unicorn-store,netflix,,,54,4,37338,,,,TV-PG,,https://ravanna.vidangel.com/file/ravanna/6/2/movies-423949_0010_01_62528f19b485c8af.jpg
2993,movie,United 93,united-93,amazon,,,176,3,59843,,,,R,,https://ravanna.vidangel.com/file/ravanna/9/f/movies-9829_0010_02_9f34ef80c6b58dc3.jpg
702646,movie,Unknown Number: The High School Catfish,unknown-number-the-high-school-catfish,netflix,,,178,4,71769,,,,R,,https://ravanna.vidangel.com/file/ravanna/f/6/movies-1517772_0010_01_f6480ed1beb2f23f.jpg
150352,movie,Unlocked,unlocked,amazon,,,126,4,38701,,,,R,,https://ravanna.vidangel.com/file/ravanna/c/1/movies-291276_0010_01_c19979324c48746b.jpg
660950,movie,Unsane,unsane,amazon,,,180,5,33667,,,,R,,https://ravanna.vidangel.com/file/ravanna/0/5/movies-467660_0010_01_050d1509894b15c5.jpg
700376,movie,Unstoppable,unstoppable-c1739,amazon-prime,,,121,5,67336,,,,PG-13,,https://ravanna.vidangel.com/file/ravanna/gen/A/b/movie-1101448_20250116_AbFzfEUhJ4N67hUg.jpg
702282,movie,Until Dawn,until-dawn,netflix,,,326,4,70639,,,,R,,https://ravanna.vidangel.com/file/ravanna/gen/z/q/movie-1232546_20250724_zqHqgzK81Gm33RJ2.jpg
694943,movie,Untold: Johnny Football,untold-johnny-football,netflix,,,103,5,57754,,,,R,,https://ravanna.vidangel.com/file/ravanna/3/9/movies-1151353_0010_02_3959484be3f2a773.jpg
684310,movie,Untold: Malice at the Palace,untold-malice-at-the-palace,netflix,,,94,4,47864,,,,TV-MA,,https://ravanna.vidangel.com/file/ravanna/7/5/movies-857497_0010_02_750ef5fd36f7de89.jpg
700270,movie,Untold: Sign Stealer,untold-sign-stealer,netflix,,,24,4,67922,,,,R,,https://ravanna.vidangel.com/file/ravanna/5/4/movies-1324989_0010_04_543c15bcdeddf581.jpg
698737,movie,Untold: The Murder of Air McNair,untold-the-murder-of-air-mcnair,netflix,,,39,4,64568,,,,PG-13,,https://ravanna.vidangel.com/file/ravanna/b/6/movies-1324987_0010_02_b6e50fdef8bd0b3c.jpg
2825,movie,Up in the Air,up-in-the-air,amazon,,,98,4,53415,,,,R,,https://ravanna.vidangel.com/file/ravanna/0/7/movies-22947_0010_01_07400dcda7596f6b.jpg
669663,movie,Upgrade,upgrade,netflix,,,193,4,62690,,,,R,,https://ravanna.vidangel.com/file/ravanna/9/8/movies-500664_0010_01_9898ba9f25e9a725.jpg
696845,movie,Upgraded,upgraded,amazon-prime,,,164,3,60879,,,,R,,https://ravanna.vidangel.com/file/ravanna/gen/Z/l/movie-1014590_20240209_ZlIL2BqDY3v0ulYt.jpg
673649,movie,USS Indianapolis: Men of Courage,uss-indianapolis-men-of-courage,amazon,,,251,4,63561,,,,R,,https://ravanna.vidangel.com/file/ravanna/6/b/movies-340945_0010_02_6b054834ab443476.jpg
684248,movie,Val,val,amazon-prime,,,73,5,47735,,,,R,,https://ravanna.vidangel.com/file/ravanna/9/e/movies-834027_0010_01_9e541b302e971b65.jpg
176878,movie,Valerian and the City of a Thousand Planets,valerian-and-the-city-of-a-thousand-planets,amazon,,,301,5,32187,,,,PG-13,,https://ravanna.vidangel.com/file/ravanna/5/e/movies-339964_0010_03_5e39735b6cb1a59a.jpg
1833,movie,Vanilla Sky,vanilla-sky,amazon,,,128,4,75297,,,,R,,https://ravanna.vidangel.com/file/ravanna/a/e/movies-1903_0010_01_ae4254f38ce1abe2.jpg
698394,movie,Vanished into the Night,vanished-into-the-night,netflix,,,93,5,63773,,,,TV-MA,,https://ravanna.vidangel.com/file/ravanna/gen/2/R/movie-1039868_20240715_2RKvSjz9pmiZ19KQ.jpg
664059,movie,Varsity Blues,varsity-blues,amazon,,,395,5,39904,,,,R,,https://ravanna.vidangel.com/file/ravanna/8/f/movies-14709_0010_05_8f707ff1063ae862.jpg
671283,movie,Velvet Buzzsaw,velvet-buzzsaw,netflix,,,165,5,36469,,,,R,,https://ravanna.vidangel.com/file/ravanna/d/d/movies-463684_0010_01_dda3970e166f9786.jpg
691563,movie,Vengeance,vengeance,amazon,,,98,4,52457,,,,R,,https://ravanna.vidangel.com/file/ravanna/1/6/movies-683340_0010_03_16344273604394d9.jpg
670817,movie,Venom,venom,amazon,,,199,5,34263,,,,PG-13,,https://ravanna.vidangel.com/file/ravanna/3/d/movies-335983_0010_01_3da46564c8dc2461.jpg
691703,movie,Venom: Let There Be Carnage,venom-let-there-be-carnage,amazon,,,166,5,52757,,,,PG-13,,https://ravanna.vidangel.com/file/ravanna/1/2/movies-580489_0010_09_12f77613515ee759.jpg
701662,movie,Venom: The Last Dance,venom-the-last-dance,netflix,,,202,5,69456,,,,PG-13,,https://ravanna.vidangel.com/file/ravanna/gen/J/V/movie-912649_20250514_JVYonGVpiOjiCxDs.jpg
10082,movie,Vertical Limit,vertical-limit,netflix,,,149,5,57041,,,,PG-13,,https://ravanna.vidangel.com/file/ravanna/b/b/movies-11678_0010_01_bb15cb6cb1725c09.jpg
160244,movie,Vice,vice,amazon-channels-starz,,,197,4,54139,,,,R,,https://ravanna.vidangel.com/file/ravanna/c/d/movies-307663_0010_09_cd6a836b4f92cbff.jpg
702977,movie,Vicious,vicious-78f0a,paramount,,,149,4,72683,,,,R,,https://ravanna.vidangel.com/file/ravanna/gen/9/v/movie-1251717_20251010_9v6zgSYzG64KNXon.jpg
220419,movie,Victoria and Abdul,victoria-and-abdul,amazon,,,106,5,48794,,,,PG-13,,https://ravanna.vidangel.com/file/ravanna/a/b/movies-423899_0010_03_ab775e14931c8068.jpg
674435,movie,Vinnie Montez,vinnie-montez-armed-hilarious,vidangel,,,6,2,38651,,,,NR,,https://content.vidangel.com/dry-bar-images/VinnieMontez-AmedHilarious-VidAngel.jpg
693972,movie,Violent Night,violent-night,amazon,,,451,5,56181,,,,R,,https://ravanna.vidangel.com/file/ravanna/gen/j/j/movie-899112_20230428_jjp2mQr4aXyCEAbU.jpg
133661,movie,Virunga,virunga,netflix,,,53,3,31867,,,,TV-MA,,https://ravanna.vidangel.com/file/ravanna/c/e/movies-263614_0010_01_cecfc76883f19020.jpg
678537,movie,Vivarium,vivarium,amazon,,,73,4,57305,,,,R,,https://ravanna.vidangel.com/file/ravanna/0/c/movies-458305_0010_0c_0ce8985fcae8c3d0.jpg
684259,movie,Vivo,vivo,netflix,,,73,3,47746,,,,PG,,https://ravanna.vidangel.com/file/ravanna/8/4/movies-449406_0010_01_845387e2a952a443.jpg
156568,movie,Voice from the Stone,voice-from-the-stone,amazon,,,85,4,34932,,,,R,,https://ravanna.vidangel.com/file/ravanna/2/9/movies-301372_0010_06_2945bc9a7a9d02c6.jpg
680685,movie,Waiting for Anya,waiting-for-anya,amazon-prime,,,48,3,61347,,,,PG-13,,https://ravanna.vidangel.com/file/ravanna/c/4/movies-525428_0010_01_c4e2bf2dd7a772c1.jpg
703657,movie,Wake Up Dead Man: A Knives Out Mystery,wake-up-dead-man-a-knives-out-mystery,netflix,,,190,5,73797,,,,PG-13,,https://ravanna.vidangel.com/file/ravanna/gen/s/w/movie-812583_20251212_swHj5ivpisz4CyJF.jpg
193649,movie,Wakefield,wakefield,amazon-channels-amc,,,130,4,73851,,,,R,,https://ravanna.vidangel.com/file/ravanna/4/9/movies-369894_0010_01_490b99f5e81d7918.jpg
683496,movie,Wander,wander,amazon,,,108,3,46663,,,,R,,https://ravanna.vidangel.com/file/ravanna/0/1/movies-646593_0010_02_01e69f4e385ff330.jpg
1504,movie,Wanted,wanted,amazon,,,297,4,52632,,,,R,,https://ravanna.vidangel.com/file/ravanna/2/6/movies-8909_0010_07_26dad6c7e746dd99.jpg
184875,movie,War Machine,war-machine,netflix,,,219,4,32082,,,,TV-MA,,https://ravanna.vidangel.com/file/ravanna/4/a/movies-354287_0010_04_4a4572a1400644e1.jpg
706110,movie,War Machine,war-machine-2026,netflix,,,251,3,75487,,,,R,,https://ravanna.vidangel.com/file/ravanna/gen/u/n/movie-1265609_20260308_unGu3EyjmiOTQF6X.jpg
2495,movie,War of the Worlds,war-of-the-worlds-2005,amazon-channels-paramount,,,121,3,58627,,,,PG-13,,https://ravanna.vidangel.com/file/ravanna/e/e/movies-74_0010_01_eefe18abd7c52bf9.jpg
702345,movie,War of the Worlds,war-of-the-worlds-2455f,amazon-prime,,,186,3,70915,,,,PG-13,,https://ravanna.vidangel.com/file/ravanna/gen/6/F/movie-755898_20250801_6FmwDN5fKZe1K721.jpg
701825,movie,Warfare,warfare,amazon,,,291,4,69587,,,,R,,https://ravanna.vidangel.com/file/ravanna/gen/w/C/movie-1241436_20250529_wCI4h3kn1Y8Mf3eW.jpg
696237,movie,Warhorse One,warhorse-one,peacock,,,149,3,59844,,,,R,,https://ravanna.vidangel.com/file/ravanna/gen/Q/q/movie-1076487_20231121_QqCzC1QEKXR3cMxm.jpg
2232,movie,Warrior,warrior,amazon,,,218,5,63468,,,,PG-13,,https://ravanna.vidangel.com/file/ravanna/2/5/movies-59440_0010_03_25874594df95cc88.jpg
692450,movie,Warriors of Future,warriors-of-future,netflix,,,144,3,53959,,,,TV-14,,https://ravanna.vidangel.com/file/ravanna/gen/u/G/movie-518896_20221204_uGXuctP5Nt072RjD.jpg
679885,movie,Wasp Network,wasp-network,netflix,,,97,4,42590,,,,TV-MA,,https://ravanna.vidangel.com/file/ravanna/2/8/movies-451184_0010_06_285a4a51cce8fb3e.jpg
2899,movie,Waterworld,waterworld,amazon,,,244,5,67059,,,,PG-13,,https://ravanna.vidangel.com/file/ravanna/8/a/movies-9804_0010_04_8a3d769b9069173c.jpg
677442,movie,Waves,waves,amazon,,,407,5,60798,,,,R,,https://ravanna.vidangel.com/file/ravanna/9/b/movies-533444_0010_01_9bd5b2f8579ece78.jpg
2230,movie,Wayne's World,waynes-world,amazon-channels-paramount,,,160,5,51406,,,,PG-13,,https://ravanna.vidangel.com/file/ravanna/6/3/movies-8872_0010_03_631e817829636dad.jpg
3792,movie,Wayne's World 2,waynes-world-2,amazon,,,238,5,52015,,,,PG-13,,https://ravanna.vidangel.com/file/ravanna/9/3/movies-8873_0010_07_93e3f9a11b38b1a3.jpg
682169,movie,We Can Be Heroes,we-can-be-heroes,netflix,,,91,3,44927,,,,PG,,https://ravanna.vidangel.com/file/ravanna/d/f/movies-615677_0010_01_df265464d177d8c6.jpg
693272,movie,We Have a Ghost,we-have-a-ghost,netflix,,,153,5,55139,,,,PG-13,,https://ravanna.vidangel.com/file/ravanna/b/6/movies-852096_0010_06_b67755d020708693.jpg
699934,movie,We Live in Time,we-live-in-time,amazon,,,207,4,71191,,,,R,,https://ravanna.vidangel.com/file/ravanna/6/6/movies-1100099_0010_09_666e576362ecb2f9.jpg
703529,movie,We Met in December,we-met-in-december,amazon-channels-hallmark,,,10,2,73570,,,,TV-G,,https://ravanna.vidangel.com/file/ravanna/gen/n/2/movie-1547918_20251128_n2sjMUOqUBLxFbic.jpg
1618,movie,We Were Soldiers,we-were-soldiers,amazon,,,239,3,52655,,,,R,,https://ravanna.vidangel.com/file/ravanna/d/2/movies-10590_0010_02_d2cabece62d9d9f7.jpg
691056,movie,Wedding Season,wedding-season,netflix,,,121,5,52080,,,,TV-PG,,https://ravanna.vidangel.com/file/ravanna/6/2/movies-818612_0010_01_6293a7815ca963d5.jpg
672633,movie,Welcome to Marwen,welcome-to-marwen,netflix,,,178,5,63122,,,,PG-13,,https://ravanna.vidangel.com/file/ravanna/4/4/movies-351044_0010_05_44a102d540b31111.jpg
692098,movie,Wendell & Wild,wendell-wild,netflix,,,112,5,53411,,,,PG-13,,https://ravanna.vidangel.com/file/ravanna/gen/6/7/movie-511817_20221028_67RTLymWPReMeAp3.jpg
211997,movie,What Happened to Monday,what-happened-to-monday,netflix,,,261,5,36427,,,,TV-MA,,https://ravanna.vidangel.com/file/ravanna/1/9/movies-406990_0010_01_1973bd629e31c4d2.jpg
165276,movie,"What Happened, Miss Simone?",what-happened-miss-simone,netflix,,,87,5,31792,,,,TV-14,,https://ravanna.vidangel.com/file/ravanna/3/a/movies-318044_0010_01_3a71d20352136053.jpg
697882,movie,What Happens Later,what-happens-later,amazon,,,78,3,62726,,,,R,,https://ravanna.vidangel.com/file/ravanna/gen/i/U/movie-970948_20240522_iUxT3okaRlZGcS3B.jpg
2946,movie,What If,what-if-2014,amazon,,,219,5,57042,,,,PG-13,,https://ravanna.vidangel.com/file/ravanna/d/4/movies-212716_0010_01_d46df765d04f8115.jpg
671739,movie,What Men Want,what-men-want,amazon,,,513,5,40585,,,,R,,https://ravanna.vidangel.com/file/ravanna/e/4/movies-487297_0010_06_e4b534d1853c5041.jpg
671027,movie,What They Had,what-they-had,amazon,,,151,4,34216,,,,R,,https://ravanna.vidangel.com/file/ravanna/b/4/movies-451919_0010_04_b45ce393feba1961.jpg
659392,movie,What We Did on Our Holiday,what-we-did-on-our-holiday,amazon-channels-starz,,,125,4,39002,,,,R,,https://ravanna.vidangel.com/file/ravanna/5/8/movies-276843_0010_04_5811bc2301f4d01e.jpg
3386,movie,What Women Want,what-women-want,amazon,,,235,5,60479,,,,PG-13,,https://ravanna.vidangel.com/file/ravanna/9/1/movies-3981_0010_05_9121c1aec413cbb5.jpg
3148,movie,What's Eating Gilbert Grape,whats-eating-gilbert-grape,amazon,,,91,5,65649,,,,PG-13,,https://ravanna.vidangel.com/file/ravanna/1/a/movies-1587_0010_0a_1a3f65664071ebcb.jpg
3499,movie,When a Stranger Calls,when-a-stranger-calls-2006,amazon,,,86,5,55498,,,,PG-13,,https://ravanna.vidangel.com/file/ravanna/7/2/movies-10053_0010_01_7252dfb8ed47c72d.jpg
224878,movie,When We First Met,when-we-first-met,netflix,,,270,5,35996,,,,TV-14,,https://ravanna.vidangel.com/file/ravanna/0/3/movies-433310_0010_01_03133eea80d7a7d6.jpg
697359,movie,When You Finish Saving the World,when-you-finish-saving-the-world,amazon,,,101,4,67046,,,,R,,https://ravanna.vidangel.com/file/ravanna/gen/7/c/movie-691422_20240328_7cswkaglRKHLQEwy.jpg
669109,movie,Where Is Kyra?,where-is-kyra,amazon,,,62,3,32583,,,,R,,https://ravanna.vidangel.com/file/ravanna/f/e/movies-385955_0010_01_feadd632bdb3709c.jpg
691773,movie,Where the Crawdads Sing,where-the-crawdads-sing,amazon,,,87,5,53769,,,,PG-13,,https://ravanna.vidangel.com/file/ravanna/gen/L/T/movie-682507_20220927_LT6EyqZvMGwvEiKW.jpg
2992,movie,While We're Young,while-were-young,amazon,,,192,4,38162,,,,R,,https://ravanna.vidangel.com/file/ravanna/e/b/movies-252512_0010_06_eb7695a78301d8dc.jpg
1677,movie,Whiplash,whiplash,amazon,,,215,3,59213,,,,R,,https://ravanna.vidangel.com/file/ravanna/1/b/movies-244786_0010_02_1b21450d6da888f1.jpg
3300,movie,Whiskey Tango Foxtrot,whiskey-tango-foxtrot,amazon,,,337,5,64999,,,,R,,https://ravanna.vidangel.com/file/ravanna/b/c/movies-279641_0010_05_bc2893fe14096b9b.jpg
670819,movie,White Boy Rick,white-boy-rick,amazon,,,488,5,34266,,,,R,,https://ravanna.vidangel.com/file/ravanna/f/c/movies-438808_0010_01_fc1145e8664c91f3.jpg
2989,movie,White Chicks,white-chicks,amazon,,,432,5,64045,,,,PG-13,,https://ravanna.vidangel.com/file/ravanna/6/6/movies-12153_0010_01_6617e0ac7765cdff.jpg
1480,movie,White House Down,white-house-down,amazon,,,166,3,68336,,,,PG-13,,https://ravanna.vidangel.com/file/ravanna/f/7/movies-117251_0010_03_f7a6b127f6631d5e.jpg
692738,movie,White Noise,white-noise-d70c7,netflix,,,93,4,54264,,,,R,,https://ravanna.vidangel.com/file/ravanna/b/6/movies-744594_0010_05_b69f90a9c758b5e7.jpg
692587,movie,Who Killed Santa? A Murderville Murder Mystery,who-killed-santa-a-murderville-murder-mystery,netflix,,,103,4,54084,,,,R,,https://ravanna.vidangel.com/file/ravanna/gen/9/5/movie-1050266_20221215_95XzfnrkawkB4XgY.jpg
683169,movie,Why Did You Kill Me?,why-did-you-kill-me,netflix,,,93,5,46254,,,,R,,https://ravanna.vidangel.com/file/ravanna/a/7/movies-810731_0010_02_a718b11f69c887f7.jpg
700214,movie,Wicked,wicked-c5192,peacock,,,104,5,68512,,,,PG,,https://ravanna.vidangel.com/file/ravanna/b/a/movies-402431_0010_02_ba4fb9ab530fdbef.jpg
703970,movie,Wicked: For Good,wicked-for-good,amazon,,,106,5,75566,,,,PG,,https://ravanna.vidangel.com/file/ravanna/5/f/movies-967941_0010_04_5f816c1778e48b38.jpg
692737,movie,Wildcat,wildcat,amazon-prime,,,142,4,54541,,,,R,,https://ravanna.vidangel.com/file/ravanna/c/4/movies-1019446_0010_01_c48595fe8cade9ea.jpg
671065,movie,Wildlife,wildlife,amazon-channels-amc,,,74,5,36214,,,,PG-13,,https://ravanna.vidangel.com/file/ravanna/2/b/movies-417812_0010_01_2b1b45c201e0f79b.jpg
189755,movie,Wildling,wildling,amazon-channels-amc,,,133,5,41694,,,,R,,https://ravanna.vidangel.com/file/ravanna/5/f/movies-362826_0010_01_5f9e305580d8265c.jpg
696777,movie,Will,will-3bfc5,netflix,,,194,5,60753,,,,TV-MA,,https://ravanna.vidangel.com/file/ravanna/gen/W/x/movie-973468_20240131_WxrJUSrzVYszZvFJ.jpg
699204,movie,Will & Harper,will-harper,netflix,,,96,4,65303,,,,R,,https://ravanna.vidangel.com/file/ravanna/a/7/movies-1214506_0010_01_a7f8a902e843b18b.jpg
695541,movie,Willie Brown & Friends,willie-brown-and-friends,vidangel,,,1,0,58856,,,,NR,,https://content.vidangel.com/dry-bar-images/WillieBrown_Friends-ImBesideMyself--VidAngel.jpg
683675,movie,Willy's Wonderland,willys-wonderland,amazon,,,200,5,46942,,,,R,,https://ravanna.vidangel.com/file/ravanna/b/8/movies-643586_0010_01_b8c92a3dfb909130.jpg
206579,movie,Wind River,wind-river,netflix,,,188,4,34275,,,,R,,https://ravanna.vidangel.com/file/ravanna/0/5/movies-395834_0010_04_0539b777d0e575e5.jpg
688129,movie,Windfall,windfall,netflix,,,120,3,50326,,,,R,,https://ravanna.vidangel.com/file/ravanna/3/d/movies-850018_0010_06_3db54ee17fce294d.jpg
673448,movie,Wine Country,wine-country,netflix,,,279,4,37889,,,,R,,https://ravanna.vidangel.com/file/ravanna/a/2/movies-513083_0010_01_a275314fff64c402.jpg
702665,movie,Winter Spring Summer or Fall,winter-spring-summer-or-fall,amazon-channels-paramount,,,175,5,71733,,,,R,,https://ravanna.vidangel.com/file/ravanna/gen/R/P/movie-1059073_20250901_RPjXBacwTDJY2PiK.jpg
684067,movie,Wish Dragon,wish-dragon,netflix,,,124,5,47485,,,,PG,,https://ravanna.vidangel.com/file/ravanna/8/f/movies-550205_0010_02_8ffd50adddbec4a9.jpg
2652,movie,Witness,witness,amazon,,,88,4,53370,,,,R,,https://ravanna.vidangel.com/file/ravanna/7/5/movies-9281_0010_01_75399bc130c01e50.jpg
701318,movie,Wolf Man,wolf-man,amazon,,,98,2,75709,,,,R,,https://ravanna.vidangel.com/file/ravanna/e/8/movies-710295_0010_03_e80c55640823b606.jpg
699201,movie,Wolfs,wolfs,appletv,,,296,4,65302,,,,R,,https://ravanna.vidangel.com/file/ravanna/6/f/movies-877817_0010_02_6f2f897b1a593525.jpg
180319,movie,Wolves,wolves,amazon-channels-amc,,,195,4,34614,,,,R,,https://ravanna.vidangel.com/file/ravanna/d/9/movies-345909_0010_01_d9d62def09c992c6.jpg
1781,movie,Woman in Gold,woman-in-gold,amazon,,,20,4,52094,,,,PG-13,,https://ravanna.vidangel.com/file/ravanna/8/a/movies-304357_0010_02_8a180474f816ef9a.jpg
699460,movie,Woman of the Hour,woman-of-the-hour,netflix,,,168,5,65719,,,,R,,https://ravanna.vidangel.com/file/ravanna/gen/r/I/movie-835113_20241018_rIRiJoPZGuarKkLS.jpg
693516,movie,Women Talking,women-talking,amazon,,,63,4,55511,,,,PG-13,,https://ravanna.vidangel.com/file/ravanna/gen/m/Z/movie-777245_20230320_mZntfPpTb46Bk9fm.jpg
212002,movie,Wonder,wonder,amazon,,,90,5,62985,,,,PG,,https://ravanna.vidangel.com/file/ravanna/d/9/movies-406997_0010_02_d930f1972e0cae81.jpg
222936,movie,Wonder Wheel,wonder-wheel,amazon-prime,,,247,5,35316,,,,PG-13,,https://ravanna.vidangel.com/file/ravanna/f/e/movies-429189_0010_0f_fed8e5bed8761bb9.jpg
680895,movie,Words on Bathroom Walls,words-on-bathroom-walls,amazon,,,89,5,61793,,,,PG-13,,https://ravanna.vidangel.com/file/ravanna/1/1/movies-523781_0010_05_112a889356aa49db.jpg
3818,movie,World Trade Center,world-trade-center,amazon-channels-paramount,,,164,5,60480,,,,PG-13,,https://ravanna.vidangel.com/file/ravanna/5/6/movies-1852_0010_01_563d7358f82b0c03.jpg
1008,movie,World War Z,world-war-z,amazon,,,157,4,55334,,,,PG-13,,https://ravanna.vidangel.com/file/ravanna/2/e/movies-72190_0010_02_2e1fd240db9eb163.jpg
684504,movie,Worth,worth,netflix,,,30,4,48140,,,,PG-13,,https://ravanna.vidangel.com/file/ravanna/c/2/movies-649394_0010_02_c21bf550e1ec835d.jpg
691186,movie,Wrath of Man,wrath-of-man,amazon,,,365,4,73998,,,,R,,https://ravanna.vidangel.com/file/ravanna/b/9/movies-637649_0010_02_b93dad3d49b7486b.jpg
703214,movie,Write Before Christmas,write-before-christmas,amazon,,,12,2,73083,,,,TV-14,,https://ravanna.vidangel.com/file/ravanna/3/1/movies-626319_0010_0c_31a7f7e58fc14a90.jpg
183789,movie,XOXO,xoxo,netflix,,,406,5,31803,,,,TV-MA,,https://ravanna.vidangel.com/file/ravanna/5/1/movies-352492_0010_02_5147db6a42b28bb8.jpg
683673,movie,Xtreme,xtreme,netflix,,,284,5,46902,,,,TV-MA,,https://ravanna.vidangel.com/file/ravanna/c/6/movies-726429_0010_05_c6a60fc870a961cb.jpg
3776,movie,xXx,xxx,amazon,,,226,5,68770,,,,PG-13,,https://ravanna.vidangel.com/file/ravanna/f/c/movies-7451_0010_0a_fcb381958ce6cafc.jpg
33515,movie,xXx: Return of Xander Cage,xxx-return-of-xander-cage,amazon-prime,,,347,5,34981,,,,PG-13,,https://ravanna.vidangel.com/file/ravanna/c/a/movies-47971_0010_09_ca2f92590ac6c46f.jpg
3229,movie,Year One,year-one,amazon,,,273,5,59453,,,,PG-13,,https://ravanna.vidangel.com/file/ravanna/a/6/movies-17610_0010_02_a65ecff99f582952.jpg
682218,movie,Yearly Departed,yearly-departed-1-1,amazon-prime,,,120,4,44999,,,,TV-MA,,https://ravanna.vidangel.com/file/ravanna/9/1/movies-781188_0010_01_91c0f5331d097563.jpg
658737,movie,Yellowbeard,yellowbeard,amazon-channels-mgm,,,372,5,42406,,,,PG,,https://ravanna.vidangel.com/file/ravanna/9/8/movies-11609_0010_01_98a448e211bbf9a6.jpg
682869,movie,Yes Day,yes-day,netflix,,,84,4,45868,,,,PG,,https://ravanna.vidangel.com/file/ravanna/7/5/movies-638597_0010_01_75f557a3741c2679.jpg
674723,movie,Yesterday,yesterday,amazon,,,132,5,61318,,,,PG-13,,https://ravanna.vidangel.com/file/ravanna/f/9/movies-515195_0010_01_f969fdcb5bc3a8aa.jpg
695244,movie,You Are So Not Invited to My Bat Mitzvah,you-are-so-not-invited-to-my-bat-mitzvah,netflix,,,243,5,59651,,,,PG-13,,https://ravanna.vidangel.com/file/ravanna/gen/I/Q/movie-999644_20230825_IQFgtfyDwg00fEFs.jpg
659907,movie,You Don't Mess with the Zohan,you-dont-mess-with-the-zohan,amazon,,,322,4,42411,,,,PG-13,,https://ravanna.vidangel.com/file/ravanna/c/5/movies-10661_0010_01_c564b7fc2a1505b2.jpg
700428,movie,You Gotta Believe,you-gotta-believe,netflix,,,98,5,67438,,,,PG,,https://ravanna.vidangel.com/file/ravanna/gen/Z/P/movie-1143508_20250121_ZPn3kvpgqFgl11iQ.jpg
696695,movie,You Hurt My Feelings,you-hurt-my-feelings,amazon,,,143,4,67525,,,,R,,https://ravanna.vidangel.com/file/ravanna/d/4/movies-890215_0010_05_d490754d76b6a9c6.jpg
693011,movie,You People,you-people,netflix,,,317,5,58286,,,,R,,https://ravanna.vidangel.com/file/ravanna/gen/h/3/movie-866413_20230127_h3OW3XsEuoQJJ7ih.jpg
700512,movie,You're Cordially Invited,youre-cordially-invited,amazon-prime,,,405,4,67642,,,,R,,https://ravanna.vidangel.com/file/ravanna/7/6/movies-996821_0010_03_76e5902b4ef64d4d.jpg
3195,movie,You're Next,youre-next,amazon-prime,,,277,4,56927,,,,R,,https://ravanna.vidangel.com/file/ravanna/3/f/movies-83899_0010_01_3f3ef117da6578ba.jpg
4045,movie,Young Sherlock Holmes,young-sherlock-holmes,amazon,,,104,5,52889,,,,PG-13,,https://ravanna.vidangel.com/file/ravanna/9/9/movies-11904_0010_06_9979d195a67e44b1.jpg
700272,movie,Your Fault,your-fault,amazon-prime,,,322,5,67287,,,,R,,https://ravanna.vidangel.com/file/ravanna/gen/o/F/movie-1156593_20250107_oFOyZRCU7WrqyUH4.jpg
662116,movie,Your Highness,your-highness,amazon,,,529,5,47365,,,,R,,https://ravanna.vidangel.com/file/ravanna/9/9/movies-38319_0010_01_99c7e5f397e140c8.jpg
693179,movie,Your Place or Mine,your-place-or-mine,netflix,,,167,5,54936,,,,PG-13,,https://ravanna.vidangel.com/file/ravanna/c/d/movies-703451_0010_02_cd8c79035aa9de23.jpg
3649,movie,"Yours, Mine & Ours",yours-mine-ours,amazon,,,181,5,53540,,,,PG,,https://ravanna.vidangel.com/file/ravanna/3/e/movies-13499_0010_02_3ebf8d09fa022bd6.jpg
3125,movie,Z for Zachariah,z-for-zachariah,amazon,,,43,5,51634,,,,PG-13,,https://ravanna.vidangel.com/file/ravanna/1/8/movies-193687_0010_01_182d4c7d654a3366.jpg
3276,movie,Zathura: A Space Adventure,zathura-a-space-adventure,amazon,,,127,4,53857,,,,PG,,https://ravanna.vidangel.com/file/ravanna/3/0/movies-6795_0010_02_308a10f8015c3d35.jpg
1523,movie,Zero Dark Thirty,zero-dark-thirty,amazon,,,134,4,52591,,,,R,,https://ravanna.vidangel.com/file/ravanna/3/c/movies-97630_0010_02_3c3796d2f8fecce3.jpg
199013,movie,Zero Days,zero-days,amazon,,,19,2,34845,,,,PG-13,,https://ravanna.vidangel.com/file/ravanna/a/a/movies-380808_0010_03_aaaf8153cbf1c2a1.jpg
637236,movie,Zoltan Kaszas,zoltan-kaszas,vidangel,,,11,3,33917,,,,NR,,https://content.vidangel.com/dry-bar-images/ZoltanKaszas-CatJokes-VidAngel.jpg
693302,movie,Zoltan Kaszas,zoltan-kaszas-average-intelligence-921,vidangel,,,5,3,56218,,,,NR,,https://content.vidangel.com/dry-bar-images/ZoltanKaszas-AverageIntelliegence-VidAngel.jpg
2046,movie,Zombieland,zombieland,netflix,,,207,5,55753,,,,R,,https://ravanna.vidangel.com/file/ravanna/a/5/movies-19908_0010_03_a54c6c03c7c7b226.jpg
676129,movie,Zombieland: Double Tap,zombieland-double-tap,amazon,,,422,5,40820,,,,R,,https://ravanna.vidangel.com/file/ravanna/9/d/movies-338967_0010_01_9d39fe834a724efc.jpg
668842,movie,Zoo,zoo-2018,amazon,,,104,3,35242,,,,PG,,https://ravanna.vidangel.com/file/ravanna/c/b/movies-472553_0010_01_cb5bd5e66c3da2ce.jpg
1368,movie,Zookeeper,zookeeper,amazon,,,146,5,66702,,,,PG,,https://ravanna.vidangel.com/file/ravanna/2/c/movies-38317_0010_04_2cda97cf88af924c.jpg
1232,movie,Zoolander,zoolander,amazon,,,151,5,76260,,,,PG-13,,https://ravanna.vidangel.com/file/ravanna/4/1/movies-9398_0010_05_4142615d32209a23.jpg
3076,movie,Zoolander 2,zoolander-no-2-the-magnum-edition,amazon,,,190,5,54023,,,,PG-13,,https://ravanna.vidangel.com/file/ravanna/a/b/movies-329833_0010_02_ab0362c4431d2f9d.jpg
658214,movie,Zoom,zoom,amazon,,,96,4,41167,,,,PG,,https://ravanna.vidangel.com/file/ravanna/f/7/movies-14113_0010_01_f7b946aea7a18caa.jpg
