detail,event_count,file_path,matched_media_id,matched_slug,media_type,plex_guid,sidecar_path,status,title
missing episode match metadata,0,F:\MediaStack\data\media\tv\Your Lie in April\Season 01\Your Lie in April - S01E21 - Snow.mkv,,,episode,imdb://tt4792754,,unmatched,Your Lie in April – Season 1 – Snow
missing episode match metadata,0,F:\MediaStack\data\media\tv\Your Lie in April\Season 01\Your Lie in April - S01E22 - Spring Breeze.mkv,,,episode,imdb://tt4792756,,unmatched,Your Lie in April – Season 1 – Spring Wind
missing episode match metadata,0,F:\MediaStack\data\media\tv\The Universe\Season 03\The Universe - S03E08 - Stopping Armageddon.mkv,,,episode,imdb://tt1358097,,unmatched,The Universe – Season 3 – Stopping Armageddon
missing episode match metadata,0,F:\MediaStack\data\media\tv\The Universe\Season 03\The Universe - S03E09 - Another Earth.mkv,,,episode,imdb://tt1358094,,unmatched,The Universe – Season 3 – Another Earth
missing episode match metadata,0,F:\MediaStack\data\media\tv\The Universe\Season 03\The Universe - S03E10 - Strangest Things.mkv,,,episode,imdb://tt1333586,,unmatched,The Universe – Season 3 – Strangest Things
missing episode match metadata,0,F:\MediaStack\data\media\tv\The Universe\Season 03\The Universe - S03E11 - Edge of Space.mkv,,,episode,imdb://tt1380708,,unmatched,The Universe – Season 3 – Edge of Space
missing episode match metadata,0,F:\MediaStack\data\media\tv\The Universe\Season 03\The Universe - S03E12 - Cosmic Phenomena.mkv,,,episode,imdb://tt1356506,,unmatched,The Universe – Season 3 – Cosmic Phenomena
missing episode match metadata,0,F:\MediaStack\data\media\tv\Your Lie in April\Season 01\Your Lie in April - S01E01 - Monotone+Colorful.mkv,,,episode,imdb://tt4138088,,unmatched,Your Lie in April – Season 1 – Monotone / Colorful
missing episode match metadata,0,F:\MediaStack\data\media\tv\Your Lie in April\Season 01\Your Lie in April - S01E02 - Friend A.mkv,,,episode,imdb://tt4138126,,unmatched,Your Lie in April – Season 1 – Friend A
missing episode match metadata,0,F:\MediaStack\data\media\tv\Your Lie in April\Season 01\Your Lie in April - S01E03 - Inside Spring.mkv,,,episode,imdb://tt4138154,,unmatched,Your Lie in April – Season 1 – Inside Spring
missing episode match metadata,0,F:\MediaStack\data\media\tv\Your Lie in April\Season 01\Your Lie in April - S01E04 - Set Out.mkv,,,episode,imdb://tt4162578,,unmatched,Your Lie in April – Season 1 – Departure
missing episode match metadata,0,F:\MediaStack\data\media\tv\Your Lie in April\Season 01\Your Lie in April - S01E05 - Gray Skies.mkv,,,episode,imdb://tt4180850,,unmatched,Your Lie in April – Season 1 – Gray Skies
missing episode match metadata,0,F:\MediaStack\data\media\tv\Your Lie in April\Season 01\Your Lie in April - S01E06 - On The Way Home.mkv,,,episode,imdb://tt4196914,,unmatched,Your Lie in April – Season 1 – On the Way Home
missing episode match metadata,0,F:\MediaStack\data\media\tv\Your Lie in April\Season 01\Your Lie in April - S01E07 - The Shadows Whisper.mkv,,,episode,imdb://tt4200352,,unmatched,Your Lie in April – Season 1 – The Shadows Whisper
missing episode match metadata,0,F:\MediaStack\data\media\tv\Your Lie in April\Season 01\Your Lie in April - S01E08 - Let It Ring.mkv,,,episode,imdb://tt4200354,,unmatched,Your Lie in April – Season 1 – Let It Ring
missing episode match metadata,0,F:\MediaStack\data\media\tv\Your Lie in April\Season 01\Your Lie in April - S01E09 - Resonance.mkv,,,episode,imdb://tt4233402,,unmatched,Your Lie in April – Season 1 – Resonance
missing episode match metadata,0,F:\MediaStack\data\media\tv\Your Lie in April\Season 01\Your Lie in April - S01E10 - The Scenery I Shared With You.mkv,,,episode,imdb://tt4233404,,unmatched,Your Lie in April – Season 1 – The Scenery I Shared with You
missing episode match metadata,0,F:\MediaStack\data\media\tv\Your Lie in April\Season 01\Your Lie in April - S01E11 - Light of Life.mkv,,,episode,imdb://tt4233406,,unmatched,Your Lie in April – Season 1 – Light of Life
missing episode match metadata,0,F:\MediaStack\data\media\tv\Your Lie in April\Season 01\Your Lie in April - S01E12 - Twinkle Little Star.mkv,,,episode,imdb://tt4294374,,unmatched,Your Lie in April – Season 1 – Twinkle Twinkle Little Star
missing episode match metadata,0,F:\MediaStack\data\media\tv\Your Lie in April\Season 01\Your Lie in April - S01E13 - Love's Sadness.mkv,,,episode,imdb://tt4294384,,unmatched,Your Lie in April – Season 1 – Love's Sorrow
missing episode match metadata,0,F:\MediaStack\data\media\tv\Your Lie in April\Season 01\Your Lie in April - S01E14 - Footprints.mkv,,,episode,imdb://tt4294388,,unmatched,Your Lie in April – Season 1 – Footsteps
missing episode match metadata,0,F:\MediaStack\data\media\tv\Your Lie in April\Season 01\Your Lie in April - S01E15 - Liar.mkv,,,episode,imdb://tt4384848,,unmatched,Your Lie in April – Season 1 – Liar
missing episode match metadata,0,F:\MediaStack\data\media\tv\Your Lie in April\Season 01\Your Lie in April - S01E16 - Two of a Kind.mkv,,,episode,imdb://tt4384854,,unmatched,Your Lie in April – Season 1 – Two of a Kind
missing episode match metadata,0,F:\MediaStack\data\media\tv\Your Lie in April\Season 01\Your Lie in April - S01E17 - Twilight.mkv,,,episode,imdb://tt4384860,,unmatched,Your Lie in April – Season 1 – Twilight
missing episode match metadata,0,F:\MediaStack\data\media\tv\Your Lie in April\Season 01\Your Lie in April - S01E18 - When Hearts Come Together.mkv,,,episode,imdb://tt4384864,,unmatched,Your Lie in April – Season 1 – Hearts Come Together
missing episode match metadata,0,"F:\MediaStack\data\media\tv\Your Lie in April\Season 01\Your Lie in April - S01E19 - Goodbye, Hero.mkv",,,episode,imdb://tt4792750,,unmatched,"Your Lie in April – Season 1 – Goodbye, Hero"
missing episode match metadata,0,F:\MediaStack\data\media\tv\Your Lie in April\Season 01\Your Lie in April - S01E20 - Hand in Hand.mkv,,,episode,imdb://tt4792752,,unmatched,Your Lie in April – Season 1 – Hand in Hand
missing episode match metadata,0,F:\MediaStack\data\media\tv\The Universe\Season 02\The Universe - S02E01 - Alien Planets.mkv,,,episode,imdb://tt1119104,,unmatched,The Universe – Season 2 – Alien Planets
missing episode match metadata,0,F:\MediaStack\data\media\tv\The Universe\Season 02\The Universe - S02E02 - Cosmic Holes.mkv,,,episode,imdb://tt1119109,,unmatched,The Universe – Season 2 – Cosmic Holes
missing episode match metadata,0,F:\MediaStack\data\media\tv\The Universe\Season 02\The Universe - S02E03 - Mysteries of the Moon.mkv,,,episode,imdb://tt1119110,,unmatched,The Universe – Season 2 – Mysteries of the Moon
missing episode match metadata,0,F:\MediaStack\data\media\tv\The Universe\Season 02\The Universe - S02E04 - The Milky Way.mkv,,,episode,imdb://tt1119111,,unmatched,The Universe – Season 2 – The Milky Way
missing episode match metadata,0,F:\MediaStack\data\media\tv\The Universe\Season 02\The Universe - S02E05 - Alien Moons.mkv,,,episode,imdb://tt1119112,,unmatched,The Universe – Season 2 – Alien Moons
missing episode match metadata,0,F:\MediaStack\data\media\tv\The Universe\Season 02\The Universe - S02E06 - Dark Matter.mkv,,,episode,imdb://tt1119113,,unmatched,The Universe – Season 2 – Dark Matter
missing episode match metadata,0,F:\MediaStack\data\media\tv\The Universe\Season 02\The Universe - S02E07 - Astrobiology.mkv,,,episode,imdb://tt1119114,,unmatched,The Universe – Season 2 – Astrobiology
missing episode match metadata,0,F:\MediaStack\data\media\tv\The Universe\Season 02\The Universe - S02E08 - Space Travel.mkv,,,episode,imdb://tt1119115,,unmatched,The Universe – Season 2 – Space Travel
missing episode match metadata,0,F:\MediaStack\data\media\tv\The Universe\Season 02\The Universe - S02E09 - Supernovas.mkv,,,episode,imdb://tt1119116,,unmatched,The Universe – Season 2 – Supernovas
missing episode match metadata,0,F:\MediaStack\data\media\tv\The Universe\Season 02\The Universe - S02E10 - Constellations.mkv,,,episode,imdb://tt1119105,,unmatched,The Universe – Season 2 – Constellations
missing episode match metadata,0,F:\MediaStack\data\media\tv\The Universe\Season 02\The Universe - S02E11 - Unexplained Mysteries.mkv,,,episode,imdb://tt1119106,,unmatched,The Universe – Season 2 – Unexplained Mysteries
missing episode match metadata,0,F:\MediaStack\data\media\tv\The Universe\Season 02\The Universe - S02E12 - Cosmic Collisions.mkv,,,episode,imdb://tt1119107,,unmatched,The Universe – Season 2 – Cosmic Collisions
missing episode match metadata,0,F:\MediaStack\data\media\tv\The Universe\Season 02\The Universe - S02E13 - Colonizing Space.mkv,,,episode,imdb://tt1119108,,unmatched,The Universe – Season 2 – Colonizing Space
missing episode match metadata,0,F:\MediaStack\data\media\tv\The Universe\Season 02\The Universe - S02E14 - Nebulas.mkv,,,episode,imdb://tt1208575,,unmatched,The Universe – Season 2 – Nebulas
missing episode match metadata,0,F:\MediaStack\data\media\tv\The Universe\Season 02\The Universe - S02E15 - Wildest Weather in the Cosmos.mkv,,,episode,imdb://tt1208577,,unmatched,The Universe – Season 2 – Wildest Weather in the Cosmos
missing episode match metadata,0,F:\MediaStack\data\media\tv\The Universe\Season 02\The Universe - S02E16 - Biggest Things in Space.mkv,,,episode,imdb://tt1209273,,unmatched,The Universe – Season 2 – Biggest Things in Space
missing episode match metadata,0,F:\MediaStack\data\media\tv\The Universe\Season 02\The Universe - S02E17 - Gravity.mkv,,,episode,imdb://tt1208574,,unmatched,The Universe – Season 2 – Gravity
missing episode match metadata,0,F:\MediaStack\data\media\tv\The Universe\Season 02\The Universe - S02E18 - Cosmic Apocalypse.mkv,,,episode,imdb://tt1246716,,unmatched,The Universe – Season 2 – Cosmic Apocalypse
missing episode match metadata,0,F:\MediaStack\data\media\tv\The Universe\Season 2\The Universe - S02E19 - Backyard Astronomers.mkv,,,episode,local://24953,,unmatched,The Universe – Season 2 – Episode 19
missing episode match metadata,0,F:\MediaStack\data\media\tv\The Universe\Season 03\The Universe - S03E01 - Deep Space Disasters.mkv,,,episode,imdb://tt1331969,,unmatched,The Universe – Season 3 – Deep Space Disasters
missing episode match metadata,0,F:\MediaStack\data\media\tv\The Universe\Season 03\The Universe - S03E02 - Parallel Universes.mkv,,,episode,imdb://tt1331971,,unmatched,The Universe – Season 3 – Parallel Universes
missing episode match metadata,0,F:\MediaStack\data\media\tv\The Universe\Season 03\The Universe - S03E03 - Light Speed.mkv,,,episode,imdb://tt1331970,,unmatched,The Universe – Season 3 – Light Speed
missing episode match metadata,0,F:\MediaStack\data\media\tv\The Universe\Season 03\The Universe - S03E04 - Sex In Space.mkv,,,episode,imdb://tt1331972,,unmatched,The Universe – Season 3 – Sex in Space
missing episode match metadata,0,F:\MediaStack\data\media\tv\The Universe\Season 03\The Universe - S03E05 - Alien Faces.mkv,,,episode,imdb://tt1358093,,unmatched,The Universe – Season 3 – Alien Faces
missing episode match metadata,0,F:\MediaStack\data\media\tv\The Universe\Season 03\The Universe - S03E06 - Deadly Comets and Meteors.mkv,,,episode,imdb://tt1358095,,unmatched,The Universe – Season 3 – Deadly Comets and Meteors
missing episode match metadata,0,F:\MediaStack\data\media\tv\The Universe\Season 03\The Universe - S03E07 - Living in Space.mkv,,,episode,imdb://tt1358096,,unmatched,The Universe – Season 3 – Living in Space
missing episode match metadata,0,F:\MediaStack\data\media\tv\Ted Lasso\Season 03\Ted Lasso - S03E04 - Big Week.Clean.mkv,,,episode,imdb://tt19655944,,unmatched,Ted Lasso – Season 3 – Big Week
missing episode match metadata,0,F:\MediaStack\data\media\tv\Ted Lasso\Season 03\Ted Lasso - S03E05 - Signs.Clean.mkv,,,episode,imdb://tt19655882,,unmatched,Ted Lasso – Season 3 – Signs
missing episode match metadata,0,F:\MediaStack\data\media\tv\Ted Lasso\Season 03\Ted Lasso - S03E06 - Sunflowers.Clean.mkv,,,episode,imdb://tt19655884,,unmatched,Ted Lasso – Season 3 – Sunflowers
missing episode match metadata,0,F:\MediaStack\data\media\tv\Ted Lasso\Season 03\Ted Lasso - S03E07 - The Strings That Bind Us.Clean.mkv,,,episode,imdb://tt19712480,,unmatched,Ted Lasso – Season 3 – The Strings That Bind Us
missing episode match metadata,0,F:\MediaStack\data\media\tv\Ted Lasso\Season 03\Ted Lasso - S03E08 - We’ll Never Have Paris.Clean.mkv,,,episode,imdb://tt19712482,,unmatched,Ted Lasso – Season 3 – We'll Never Have Paris
missing episode match metadata,0,F:\MediaStack\data\media\tv\Ted Lasso\Season 03\Ted Lasso - S03E09 - La Locker Room Aux Folles.Clean.mkv,,,episode,imdb://tt19712484,,unmatched,Ted Lasso – Season 3 – La Locker Room Aux Folles
missing episode match metadata,0,F:\MediaStack\data\media\tv\Ted Lasso\Season 03\Ted Lasso - S03E10 - International Break.Clean.mkv,,,episode,imdb://tt19712486,,unmatched,Ted Lasso – Season 3 – International Break
missing episode match metadata,0,F:\MediaStack\data\media\tv\Ted Lasso\Season 03\Ted Lasso - S03E11 - Mom City.Clean.mkv,,,episode,imdb://tt23743566,,unmatched,Ted Lasso – Season 3 – Mom City
missing episode match metadata,0,"F:\MediaStack\data\media\tv\Ted Lasso\Season 03\Ted Lasso - S03E12 - So Long, Farewell.Clean.mkv",,,episode,imdb://tt23743570,,unmatched,"Ted Lasso – Season 3 – So Long, Farewell"
missing episode match metadata,0,F:\MediaStack\data\media\tv\The Universe\Season 01\The Universe - S01E01 - Secrets of the Sun.mkv,,,episode,imdb://tt1053154,,unmatched,The Universe – Season 1 – Secrets of the Sun
missing episode match metadata,0,F:\MediaStack\data\media\tv\The Universe\Season 01\The Universe - S01E02 - Mars - The Red Planet.mkv,,,episode,imdb://tt1053153,,unmatched,The Universe – Season 1 – Mars: The Red Planet
missing episode match metadata,0,F:\MediaStack\data\media\tv\The Universe\Season 01\The Universe - S01E03 - The End of the Earth - Deep Space Threats to our Planet.mkv,,,episode,imdb://tt1053155,,unmatched,The Universe – Season 1 – The End of the Earth: Deep Space Threats to our Planet
missing episode match metadata,0,F:\MediaStack\data\media\tv\The Universe\Season 01\The Universe - S01E04 - Jupiter - The Giant Planet.mkv,,,episode,imdb://tt1055225,,unmatched,The Universe – Season 1 – Jupiter: The Giant Planet
missing episode match metadata,0,F:\MediaStack\data\media\tv\The Universe\Season 01\The Universe - S01E05 - The Moon.mkv,,,episode,imdb://tt1059163,,unmatched,The Universe – Season 1 – The Moon
missing episode match metadata,0,F:\MediaStack\data\media\tv\The Universe\Season 01\The Universe - S01E06 - Spaceship Earth.mkv,,,episode,imdb://tt1070254,,unmatched,The Universe – Season 1 – Spaceship Earth
missing episode match metadata,0,F:\MediaStack\data\media\tv\The Universe\Season 01\The Universe - S01E07 - The Inner Planets - Mercury & Venus.mkv,,,episode,imdb://tt1073072,,unmatched,The Universe – Season 1 – The Inner Planets: Mercury & Venus
missing episode match metadata,0,F:\MediaStack\data\media\tv\The Universe\Season 01\The Universe - S01E08 - Saturn - Lord of the Rings.mkv,,,episode,imdb://tt1076740,,unmatched,The Universe – Season 1 – Saturn: Lord of the Rings
missing episode match metadata,0,F:\MediaStack\data\media\tv\The Universe\Season 01\The Universe - S01E09 - Alien Galaxies.mkv,,,episode,imdb://tt1084936,,unmatched,The Universe – Season 1 – Alien Galaxies
missing episode match metadata,0,F:\MediaStack\data\media\tv\The Universe\Season 01\The Universe - S01E10 - Life and Death of a Star.mkv,,,episode,imdb://tt1082788,,unmatched,The Universe – Season 1 – Life and Death of a Star
missing episode match metadata,0,F:\MediaStack\data\media\tv\The Universe\Season 01\The Universe - S01E11 - The Outer Planets.mkv,,,episode,imdb://tt1090620,,unmatched,The Universe – Season 1 – The Outer Planets
missing episode match metadata,0,F:\MediaStack\data\media\tv\The Universe\Season 01\The Universe - S01E12 - The Most Dangerous Place in the Universe.mkv,,,episode,imdb://tt1090619,,unmatched,The Universe – Season 1 – The Most Dangerous Place in the Universe
missing episode match metadata,0,F:\MediaStack\data\media\tv\The Universe\Season 01\The Universe - S01E13 - Search for ET.mkv,,,episode,imdb://tt1099171,,unmatched,The Universe – Season 1 – Search for ET
missing episode match metadata,0,F:\MediaStack\data\media\tv\The Universe\Season 01\The Universe - S01E14 - Beyond the Big Bang.mkv,,,episode,imdb://tt1099790,,unmatched,The Universe – Season 1 – Beyond the Big Bang
missing episode match metadata,0,F:\MediaStack\data\media\tv\Ted Lasso\Season 01\Ted Lasso - S01E06 - Two Aces.Clean.mkv,,,episode,imdb://tt11046490,,unmatched,Ted Lasso – Season 1 – Two Aces
missing episode match metadata,0,F:\MediaStack\data\media\tv\Ted Lasso\Season 01\Ted Lasso - S01E07 - Make Rebecca Great Again.Clean.mkv,,,episode,imdb://tt11156378,,unmatched,Ted Lasso – Season 1 – Make Rebecca Great Again
missing episode match metadata,0,F:\MediaStack\data\media\tv\Ted Lasso\Season 01\Ted Lasso - S01E08 - The Diamond Dogs.Clean.mkv,,,episode,imdb://tt11193418,,unmatched,Ted Lasso – Season 1 – The Diamond Dogs
missing episode match metadata,0,F:\MediaStack\data\media\tv\Ted Lasso\Season 01\Ted Lasso - S01E09 - All Apologies.Clean.mkv,,,episode,imdb://tt11193420,,unmatched,Ted Lasso – Season 1 – All Apologies
missing episode match metadata,0,F:\MediaStack\data\media\tv\Ted Lasso\Season 01\Ted Lasso - S01E10 - The Hope That Kills You.Clean.mkv,,,episode,imdb://tt11193428,,unmatched,Ted Lasso – Season 1 – The Hope That Kills You
missing episode match metadata,0,F:\MediaStack\data\media\tv\Ted Lasso\Season 02\Ted Lasso - S02E01 - Goodbye Earl.Clean.mkv,,,episode,imdb://tt12926006,,unmatched,Ted Lasso – Season 2 – Goodbye Earl
missing episode match metadata,0,F:\MediaStack\data\media\tv\Ted Lasso\Season 02\Ted Lasso - S02E02 - Lavender.Clean.mkv,,,episode,imdb://tt14968630,,unmatched,Ted Lasso – Season 2 – Lavender
missing episode match metadata,0,F:\MediaStack\data\media\tv\Ted Lasso\Season 02\Ted Lasso - S02E03 - Do the Right-est Thing.Clean.mkv,,,episode,imdb://tt14968636,,unmatched,Ted Lasso – Season 2 – Do the Right-est Thing
missing episode match metadata,0,F:\MediaStack\data\media\tv\Ted Lasso\Season 02\Ted Lasso - S02E04 - Carol of the Bells.Clean.mkv,,,episode,imdb://tt14968638,,unmatched,Ted Lasso – Season 2 – Carol of the Bells
missing episode match metadata,0,F:\MediaStack\data\media\tv\Ted Lasso\Season 02\Ted Lasso - S02E05 - Rainbow.Clean.mkv,,,episode,imdb://tt14968642,,unmatched,Ted Lasso – Season 2 – Rainbow
missing episode match metadata,0,F:\MediaStack\data\media\tv\Ted Lasso\Season 02\Ted Lasso - S02E06 - The Signal.Clean.mkv,,,episode,imdb://tt14968644,,unmatched,Ted Lasso – Season 2 – The Signal
missing episode match metadata,0,F:\MediaStack\data\media\tv\Ted Lasso\Season 02\Ted Lasso - S02E07 - Headspace.Clean.mkv,,,episode,imdb://tt14968648,,unmatched,Ted Lasso – Season 2 – Headspace
missing episode match metadata,0,F:\MediaStack\data\media\tv\Ted Lasso\Season 02\Ted Lasso - S02E08 - Man City.Clean.mkv,,,episode,imdb://tt14968654,,unmatched,Ted Lasso – Season 2 – Man City
missing episode match metadata,0,F:\MediaStack\data\media\tv\Ted Lasso\Season 02\Ted Lasso - S02E09 - Beard After Hours.Clean.mkv,,,episode,imdb://tt14968652,,unmatched,Ted Lasso – Season 2 – Beard After Hours
missing episode match metadata,0,F:\MediaStack\data\media\tv\Ted Lasso\Season 02\Ted Lasso - S02E10 - No Weddings and a Funeral.Clean.mkv,,,episode,imdb://tt14968656,,unmatched,Ted Lasso – Season 2 – No Weddings and a Funeral
missing episode match metadata,0,F:\MediaStack\data\media\tv\Ted Lasso\Season 02\Ted Lasso - S02E11 - Midnight Train to Royston.Clean.mkv,,,episode,imdb://tt14968660,,unmatched,Ted Lasso – Season 2 – Midnight Train to Royston
missing episode match metadata,0,F:\MediaStack\data\media\tv\Ted Lasso\Season 02\Ted Lasso - S02E12 - Inverting the Pyramid of Success.Clean.mkv,,,episode,imdb://tt14968664,,unmatched,Ted Lasso – Season 2 – Inverting the Pyramid of Success
missing episode match metadata,0,F:\MediaStack\data\media\tv\Ted Lasso\Season 03\Ted Lasso - S03E01 - Smells Like Mean Spirit.Clean.mkv,,,episode,imdb://tt13362962,,unmatched,Ted Lasso – Season 3 – Smells Like Mean Spirit
missing episode match metadata,0,F:\MediaStack\data\media\tv\Ted Lasso\Season 03\Ted Lasso - S03E02 - (I Don’t Want to Go to) Chelsea.Clean.mkv,,,episode,imdb://tt19655878,,unmatched,Ted Lasso – Season 3 – (I Don't Want to Go to) Chelsea
missing episode match metadata,0,F:\MediaStack\data\media\tv\Ted Lasso\Season 03\Ted Lasso - S03E03 - 4-5-1.Clean.mkv,,,episode,imdb://tt19655880,,unmatched,Ted Lasso – Season 3 – 4-5-1
missing episode match metadata,0,F:\MediaStack\data\media\tv\Steins;Gate\Season 01\Steins;Gate - S01E02 - Time Travel Paranoia.mkv,,,episode,imdb://tt2055380,,unmatched,Steins;Gate – Season 1 – Time Travel Paranoia
missing episode match metadata,0,F:\MediaStack\data\media\tv\Steins;Gate\Season 01\Steins;Gate - S01E03 - Parallel Process Paranoia.mkv,,,episode,imdb://tt2055378,,unmatched,Steins;Gate – Season 1 – Parallel World Paranoia
missing episode match metadata,0,F:\MediaStack\data\media\tv\Steins;Gate\Season 01\Steins;Gate - S01E04 - Interpreter Rendezvous.mkv,,,episode,imdb://tt2055377,,unmatched,Steins;Gate – Season 1 – Interpreter Rendezvous
missing episode match metadata,0,F:\MediaStack\data\media\tv\Steins;Gate\Season 01\Steins;Gate - S01E05 - Starmine Rendezvous.mkv,,,episode,imdb://tt2055379,,unmatched,Steins;Gate – Season 1 – Starmine Rendezvous
missing episode match metadata,0,F:\MediaStack\data\media\tv\Steins;Gate\Season 01\Steins;Gate - S01E06 - Butterfly Effect's Divergence.mkv,,,episode,imdb://tt2054519,,unmatched,Steins;Gate – Season 1 – Butterfly Effect's Divergence
missing episode match metadata,0,F:\MediaStack\data\media\tv\Steins;Gate\Season 01\Steins;Gate - S01E07 - Divergence Singularity.mkv,,,episode,imdb://tt2156191,,unmatched,Steins;Gate – Season 1 – Divergence Singularity
missing episode match metadata,0,F:\MediaStack\data\media\tv\Steins;Gate\Season 01\Steins;Gate - S01E08 - Chaos Theory Homeostasis I.mkv,,,episode,imdb://tt2161049,,unmatched,Steins;Gate – Season 1 – Chaos Theory Homeostasis I
missing episode match metadata,0,F:\MediaStack\data\media\tv\Steins;Gate\Season 01\Steins;Gate - S01E09 - Chaos Theory Homeostasis II.mkv,,,episode,imdb://tt2161051,,unmatched,Steins;Gate – Season 1 – Chaos Theory Homeostasis II
missing episode match metadata,0,F:\MediaStack\data\media\tv\Steins;Gate\Season 01\Steins;Gate - S01E10 - Chaos Theory Homeostasis III.mkv,,,episode,imdb://tt2156189,,unmatched,Steins;Gate – Season 1 – Chaos Theory Homeostasis III
missing episode match metadata,0,F:\MediaStack\data\media\tv\Steins;Gate\Season 01\Steins;Gate - S01E11 - Dogma in Event Horizon.mkv,,,episode,imdb://tt2157965,,unmatched,Steins;Gate – Season 1 – Dogma in Event Horizon
missing episode match metadata,0,F:\MediaStack\data\media\tv\Steins;Gate\Season 01\Steins;Gate - S01E12 - Dogma in Ergosphere.mkv,,,episode,imdb://tt2157963,,unmatched,Steins;Gate – Season 1 – Dogma in Ergosphere
missing episode match metadata,0,F:\MediaStack\data\media\tv\Steins;Gate\Season 01\Steins;Gate - S01E13 - Metaphysics Necrosis.mkv,,,episode,imdb://tt2156199,,unmatched,Steins;Gate – Season 1 – Metaphysics Necrosis
missing episode match metadata,0,F:\MediaStack\data\media\tv\Steins;Gate\Season 01\Steins;Gate - S01E14 - Physically Necrosis.mkv,,,episode,imdb://tt2157969,,unmatched,Steins;Gate – Season 1 – Physically Necrosis
missing episode match metadata,0,F:\MediaStack\data\media\tv\Steins;Gate\Season 01\Steins;Gate - S01E15 - Missing Link Necrosis.mkv,,,episode,imdb://tt2156201,,unmatched,Steins;Gate – Season 1 – Missing Link Necrosis
missing episode match metadata,0,F:\MediaStack\data\media\tv\Steins;Gate\Season 01\Steins;Gate - S01E16 - Sacrificial Necrosis.mkv,,,episode,imdb://tt2156205,,unmatched,Steins;Gate – Season 1 – Sacrificial Necrosis
missing episode match metadata,0,F:\MediaStack\data\media\tv\Steins;Gate\Season 01\Steins;Gate - S01E17 - Made in Complex.mkv,,,episode,imdb://tt2156197,,unmatched,Steins;Gate – Season 1 – Made in Complex
missing episode match metadata,0,F:\MediaStack\data\media\tv\Steins;Gate\Season 01\Steins;Gate - S01E18 - Fractal Androgynous.mkv,,,episode,imdb://tt2156195,,unmatched,Steins;Gate – Season 1 – Fractal Androgynous
missing episode match metadata,0,F:\MediaStack\data\media\tv\Steins;Gate\Season 01\Steins;Gate - S01E19 - Endless Apoptosis.mkv,,,episode,imdb://tt2161047,,unmatched,Steins;Gate – Season 1 – Endless Apoptosis
missing episode match metadata,0,F:\MediaStack\data\media\tv\Steins;Gate\Season 01\Steins;Gate - S01E20 - Finalize Apoptosis.mkv,,,episode,imdb://tt2156193,,unmatched,Steins;Gate – Season 1 – Finalize Apoptosis
missing episode match metadata,0,F:\MediaStack\data\media\tv\Steins;Gate\Season 01\Steins;Gate - S01E21 - Paradox Meltdown.mkv,,,episode,imdb://tt2157967,,unmatched,Steins;Gate – Season 1 – Paradox Meltdown
missing episode match metadata,0,F:\MediaStack\data\media\tv\Steins;Gate\Season 01\Steins;Gate - S01E22 - Being Meltdown.mkv,,,episode,imdb://tt2157961,,unmatched,Steins;Gate – Season 1 – Being Meltdown
missing episode match metadata,0,F:\MediaStack\data\media\tv\Steins;Gate\Season 01\Steins;Gate - S01E23 - Open the Steins Gate.mkv,,,episode,imdb://tt2156203,,unmatched,Steins;Gate – Season 1 – Open the Steins Gate
missing episode match metadata,0,F:\MediaStack\data\media\tv\Steins;Gate\Season 01\Steins;Gate - S01E24 - Achievement Point.mkv,,,episode,imdb://tt2157959,,unmatched,Steins;Gate – Season 1 – Achievement Point
missing episode match metadata,0,F:\MediaStack\data\media\tv\Ted Lasso\Season 01\Ted Lasso - S01E01 - Pilot.Clean.mkv,,,episode,imdb://tt10989880,,unmatched,Ted Lasso – Season 1 – Pilot
missing episode match metadata,0,F:\MediaStack\data\media\tv\Ted Lasso\Season 01\Ted Lasso - S01E02 - Biscuits.Clean.mkv,,,episode,imdb://tt10989890,,unmatched,Ted Lasso – Season 1 – Biscuits
missing episode match metadata,0,F:\MediaStack\data\media\tv\Ted Lasso\Season 01\Ted Lasso - S01E03 - Trent Crimm - The Independent.Clean.mkv,,,episode,imdb://tt10989892,,unmatched,Ted Lasso – Season 1 – Trent Crimm: The Independent
missing episode match metadata,0,F:\MediaStack\data\media\tv\Ted Lasso\Season 01\Ted Lasso - S01E04 - For the Children.Clean.mkv,,,episode,imdb://tt11044158,,unmatched,Ted Lasso – Season 1 – For the Children
missing episode match metadata,0,F:\MediaStack\data\media\tv\Ted Lasso\Season 01\Ted Lasso - S01E05 - Tan Lines.Clean.mkv,,,episode,imdb://tt11044160,,unmatched,Ted Lasso – Season 1 – Tan Lines
missing episode match metadata,0,F:\MediaStack\data\media\tv\SpongeBob SquarePants\Season 15\SpongeBob SquarePants - S15E15-E16 - Smartificial Intelligence + Firehouse Bob.mkv,,,episode,tmdb://5965208,,unmatched,SpongeBob SquarePants – Season 15 – Firehouse Bob
missing episode match metadata,0,F:\MediaStack\data\media\tv\SpongeBob SquarePants\Season 15\SpongeBob SquarePants - S15E17-E18 - Pablum Plankton + MuseBob ModelPants.mkv,,,episode,imdb://tt35269225,,unmatched,SpongeBob SquarePants – Season 15 – Pablum Plankton
missing episode match metadata,0,F:\MediaStack\data\media\tv\SpongeBob SquarePants\Season 15\SpongeBob SquarePants - S15E17-E18 - Pablum Plankton + MuseBob ModelPants.mkv,,,episode,tmdb://5965237,,unmatched,SpongeBob SquarePants – Season 15 – MuseBob ModelPants
missing episode match metadata,0,F:\MediaStack\data\media\tv\SpongeBob SquarePants\Season 15\SpongeBob SquarePants - S15E19-E20 - Delivery of Doom + My Father the Boat.mkv,,,episode,tmdb://5965256,,unmatched,SpongeBob SquarePants – Season 15 – Delivery of Doom
missing episode match metadata,0,F:\MediaStack\data\media\tv\SpongeBob SquarePants\Season 15\SpongeBob SquarePants - S15E19-E20 - Delivery of Doom + My Father the Boat.mkv,,,episode,tmdb://5965259,,unmatched,SpongeBob SquarePants – Season 15 – My Father the Boat
missing episode match metadata,0,F:\MediaStack\data\media\tv\SpongeBob SquarePants\Season 15\SpongeBob SquarePants - S15E21-E22 - Who's Afraid of Mr. Snippers + A Fish Called Sandy.mkv,,,episode,tmdb://6002862,,unmatched,SpongeBob SquarePants – Season 15 – Who's Afraid of Mr. Snippers?
missing episode match metadata,0,F:\MediaStack\data\media\tv\SpongeBob SquarePants\Season 15\SpongeBob SquarePants - S15E21-E22 - Who's Afraid of Mr. Snippers + A Fish Called Sandy.mkv,,,episode,tmdb://6002863,,unmatched,SpongeBob SquarePants – Season 15 – A Fish Called Sandy
missing episode match metadata,0,F:\MediaStack\data\media\tv\SpongeBob SquarePants\Season 15\SpongeBob SquarePants - S15E23-E24 - Making Waves + Captain Quasar - The Next Iteration.mkv,,,episode,tmdb://6002866,,unmatched,SpongeBob SquarePants – Season 15 – Making Waves
missing episode match metadata,0,F:\MediaStack\data\media\tv\SpongeBob SquarePants\Season 15\SpongeBob SquarePants - S15E23-E24 - Making Waves + Captain Quasar - The Next Iteration.mkv,,,episode,tmdb://6002865,,unmatched,SpongeBob SquarePants – Season 15 – Captain Quasar: The Next Iteration
missing episode match metadata,0,F:\MediaStack\data\media\tv\SpongeBob SquarePants\Season 16\SpongeBob SquarePants - S16E01 - SpongeBob and Patrick's Timeline Twist-Up.mkv,,,episode,imdb://tt37785250,,unmatched,SpongeBob SquarePants – Season 16 – SpongeBob and Patrick's Timeline Twist-Up
missing episode match metadata,0,F:\MediaStack\data\media\tv\SpongeBob SquarePants\Season 16\SpongeBob SquarePants - S16E08 - The Haunted Bucket.mp4,,,episode,imdb://tt38809581,,unmatched,SpongeBob SquarePants – Season 16 – The Haunted Bucket
missing episode match metadata,0,F:\MediaStack\data\media\tv\SpongeBob SquarePants\Season 16\SpongeBob SquarePants - S16E09 - Go Fetch!.mp4,,,episode,imdb://tt38503716,,unmatched,SpongeBob SquarePants – Season 16 – Go Fetch!
missing episode match metadata,0,F:\MediaStack\data\media\tv\SpongeBob SquarePants\Season 16\SpongeBob SquarePants - S16E10 - Laundro-Madness.mp4,,,episode,imdb://tt38809586,,unmatched,SpongeBob SquarePants – Season 16 – Laundro-Madness
missing episode match metadata,0,F:\MediaStack\data\media\tv\SpongeBob SquarePants\Season 16\SpongeBob SquarePants - S16E11 - Hog Huntin.mp4,,,episode,imdb://tt38809592,,unmatched,SpongeBob SquarePants – Season 16 – Hog Huntin
missing episode match metadata,0,F:\MediaStack\data\media\tv\SpongeBob SquarePants\Season 16\SpongeBob SquarePants - S16E18 - Pigskin Pearl.mkv,,,episode,tmdb://6394546,,unmatched,SpongeBob SquarePants – Season 16 – Pigskin Pearl
missing episode match metadata,0,F:\MediaStack\data\media\tv\SpongeBob SquarePants\Season 16\SpongeBob SquarePants - S16E19 - The Green Tentacle.mkv,,,episode,tmdb://6394547,,unmatched,SpongeBob SquarePants – Season 16 – The Green Tentacle
missing episode match metadata,0,F:\MediaStack\data\media\tv\SpongeBob SquarePants\Season 16\SpongeBob SquarePants - S16E20 - Happy Krabby Birthday.mkv,,,episode,tmdb://6394548,,unmatched,SpongeBob SquarePants – Season 16 – Happy Krabby Birthday
missing episode match metadata,0,F:\MediaStack\data\media\tv\SpongeBob SquarePants\Season 16\SpongeBob SquarePants - S16E21 - Karate Pals.mkv,,,episode,tmdb://6394549,,unmatched,SpongeBob SquarePants – Season 16 – Karate Pals
missing episode match metadata,0,F:\MediaStack\data\media\tv\SpongeBob SquarePants\Season 16\SpongeBob SquarePants - S16E22 - Karen's Klatch.mkv,,,episode,tmdb://6394550,,unmatched,SpongeBob SquarePants – Season 16 – Karen's Klatch
missing episode match metadata,0,F:\MediaStack\data\media\tv\Steins;Gate\Season 01\Steins;Gate - S01E01 - Prologue to the Beginning and End.mkv,,,episode,imdb://tt2054520,,unmatched,Steins;Gate – Season 1 – Turning Point
missing episode match metadata,0,F:\MediaStack\data\media\tv\SpongeBob SquarePants\Season 12\SpongeBob SquarePants - S12E31-E32 - Swamp Mates + One Trick Sponge.mkv,,,episode,tmdb://2174210,,unmatched,SpongeBob SquarePants – Season 12 – Jolly Lodgers
missing episode match metadata,0,F:\MediaStack\data\media\tv\SpongeBob SquarePants\Season 12\SpongeBob SquarePants - S12E31-E32 - Swamp Mates + One Trick Sponge.mkv,,,episode,tmdb://2200847,,unmatched,SpongeBob SquarePants – Season 12 – Swamp Mates
missing episode match metadata,0,F:\MediaStack\data\media\tv\SpongeBob SquarePants\Season 12\SpongeBob SquarePants - S12E33 - Pineapple RV.mkv,,,episode,tmdb://2206298,,unmatched,SpongeBob SquarePants – Season 12 – One Trick Sponge
missing episode match metadata,0,F:\MediaStack\data\media\tv\SpongeBob SquarePants\Season 12\SpongeBob SquarePants - S12E34 - Boss for a Day.mkv,,,episode,tmdb://2331924,,unmatched,SpongeBob SquarePants – Season 12 – Boss for a Day
missing episode match metadata,0,F:\MediaStack\data\media\tv\SpongeBob SquarePants\Season 13\SpongeBob SquarePants - S13E03-E04 - Krusty Koncessionaires + Dream Hoppers.mkv,,,episode,imdb://tt10084388,,unmatched,SpongeBob SquarePants – Season 13 – Krusty Koncessionaires
missing episode match metadata,0,F:\MediaStack\data\media\tv\SpongeBob SquarePants\Season 13\SpongeBob SquarePants - S13E03-E04 - Krusty Koncessionaires + Dream Hoppers.mkv,,,episode,tmdb://2638537,,unmatched,SpongeBob SquarePants – Season 13 – Dream Hoppers
missing episode match metadata,0,"F:\MediaStack\data\media\tv\SpongeBob SquarePants\Season 13\SpongeBob SquarePants - S13E11-E12 - Knock Knock, Who's There + Plankton's Intern.mkv",,,episode,imdb://tt10084362,,unmatched,"SpongeBob SquarePants – Season 13 – Knock Knock, Who’s There?"
missing episode match metadata,0,"F:\MediaStack\data\media\tv\SpongeBob SquarePants\Season 13\SpongeBob SquarePants - S13E11-E12 - Knock Knock, Who's There + Plankton's Intern.mkv",,,episode,imdb://tt10084374,,unmatched,SpongeBob SquarePants – Season 13 – Plankton’s Intern
missing episode match metadata,0,F:\MediaStack\data\media\tv\SpongeBob SquarePants\Season 13\SpongeBob SquarePants - S13E57 - Spatula of the Heavens.mkv,,,episode,imdb://tt18949586,,unmatched,SpongeBob SquarePants – Season 13 – Spatula of the Heavens
missing episode match metadata,0,F:\MediaStack\data\media\tv\SpongeBob SquarePants\Season 13\SpongeBob SquarePants - S13E61 - SquidBird.mkv,,,episode,imdb://tt18949584,,unmatched,SpongeBob SquarePants – Season 13 – SquidBird
missing episode match metadata,0,F:\MediaStack\data\media\tv\SpongeBob SquarePants\Season 15\SpongeBob SquarePants - S15E01-E02 - UpWard + Unidentified Flailing Octopus.mkv,,,episode,imdb://tt33086232,,unmatched,SpongeBob SquarePants – Season 15 – UpWard
missing episode match metadata,0,F:\MediaStack\data\media\tv\SpongeBob SquarePants\Season 15\SpongeBob SquarePants - S15E01-E02 - UpWard + Unidentified Flailing Octopus.mkv,,,episode,tmdb://5633035,,unmatched,SpongeBob SquarePants – Season 15 – Unidentified Flailing Octopus
missing episode match metadata,0,F:\MediaStack\data\media\tv\SpongeBob SquarePants\Season 15\SpongeBob SquarePants - S15E03-E04 - Bad Luck Bob + The Sandman Cometh.mkv,,,episode,imdb://tt31227911,,unmatched,SpongeBob SquarePants – Season 15 – Bad Luck Bob
missing episode match metadata,0,F:\MediaStack\data\media\tv\SpongeBob SquarePants\Season 15\SpongeBob SquarePants - S15E03-E04 - Bad Luck Bob + The Sandman Cometh.mkv,,,episode,tmdb://5633037,,unmatched,SpongeBob SquarePants – Season 15 – The Sandman Cometh
missing episode match metadata,0,F:\MediaStack\data\media\tv\SpongeBob SquarePants\Season 15\SpongeBob SquarePants - S15E05-E06 - Biscuit Ballyhoo + Student Driver Survivor.mkv,,,episode,tmdb://5643043,,unmatched,SpongeBob SquarePants – Season 15 – Biscuit Ballyhoo
missing episode match metadata,0,F:\MediaStack\data\media\tv\SpongeBob SquarePants\Season 15\SpongeBob SquarePants - S15E05-E06 - Biscuit Ballyhoo + Student Driver Survivor.mkv,,,episode,tmdb://5643044,,unmatched,SpongeBob SquarePants – Season 15 – Student Driver Survivor
missing episode match metadata,0,F:\MediaStack\data\media\tv\SpongeBob SquarePants\Season 15\SpongeBob SquarePants - S15E07-E08 - Wiener Takes All + Stuck in an Elevator.mkv,,,episode,imdb://tt35135924,,unmatched,SpongeBob SquarePants – Season 15 – Wiener Takes All
missing episode match metadata,0,F:\MediaStack\data\media\tv\SpongeBob SquarePants\Season 15\SpongeBob SquarePants - S15E07-E08 - Wiener Takes All + Stuck in an Elevator.mkv,,,episode,tmdb://5694619,,unmatched,SpongeBob SquarePants – Season 15 – Stuck in an Elevator
missing episode match metadata,0,F:\MediaStack\data\media\tv\SpongeBob SquarePants\Season 15\SpongeBob SquarePants - S15E09-E10 - Squidness Protection + Dome Alone.mkv,,,episode,imdb://tt35232977,,unmatched,SpongeBob SquarePants – Season 15 – Squidness Protection
missing episode match metadata,0,F:\MediaStack\data\media\tv\SpongeBob SquarePants\Season 15\SpongeBob SquarePants - S15E09-E10 - Squidness Protection + Dome Alone.mkv,,,episode,tmdb://5733787,,unmatched,SpongeBob SquarePants – Season 15 – Dome Alone
missing episode match metadata,0,F:\MediaStack\data\media\tv\SpongeBob SquarePants\Season 15\SpongeBob SquarePants - S15E11-E12 - Wary Gary + Pinned.mkv,,,episode,tmdb://5733788,,unmatched,SpongeBob SquarePants – Season 15 – Wary Gary
missing episode match metadata,0,F:\MediaStack\data\media\tv\SpongeBob SquarePants\Season 15\SpongeBob SquarePants - S15E11-E12 - Wary Gary + Pinned.mkv,,,episode,tmdb://5733789,,unmatched,SpongeBob SquarePants – Season 15 – Pinned
missing episode match metadata,0,F:\MediaStack\data\media\tv\SpongeBob SquarePants\Season 15\SpongeBob SquarePants - S15E13-E14 - Jeffy T's Prankwell Emporium + A Taste of Plankton.mkv,,,episode,imdb://tt35269191,,unmatched,SpongeBob SquarePants – Season 15 – Jeffy T's Prankwell Emporium
missing episode match metadata,0,F:\MediaStack\data\media\tv\SpongeBob SquarePants\Season 15\SpongeBob SquarePants - S15E13-E14 - Jeffy T's Prankwell Emporium + A Taste of Plankton.mkv,,,episode,tmdb://5829075,,unmatched,SpongeBob SquarePants – Season 15 – A Taste of Plankton
missing episode match metadata,0,F:\MediaStack\data\media\tv\SpongeBob SquarePants\Season 15\SpongeBob SquarePants - S15E15-E16 - Smartificial Intelligence + Firehouse Bob.mkv,,,episode,imdb://tt35269198,,unmatched,SpongeBob SquarePants – Season 15 – Smartificial Intelligence
missing episode match metadata,0,F:\MediaStack\data\media\tv\SpongeBob SquarePants\Season 04\SpongeBob SquarePants - S04E32 - The Pink Purloiner.avi,,,episode,imdb://tt0954808,,unmatched,SpongeBob SquarePants – Season 4 – Driven to Tears
missing episode match metadata,0,F:\MediaStack\data\media\tv\SpongeBob SquarePants\Season 04\SpongeBob SquarePants - S04E33 - The Gift of Gum.avi,,,episode,tmdb://1026311,,unmatched,SpongeBob SquarePants – Season 4 – Rule of Dumb
missing episode match metadata,0,F:\MediaStack\data\media\tv\SpongeBob SquarePants\Season 10\SpongeBob SquarePants - S10E06 - Hello Bikini Bottom!.mkv,,,episode,tmdb://1026501,,unmatched,SpongeBob SquarePants – Season 10 – Plankton Gets the Boot
missing episode match metadata,0,F:\MediaStack\data\media\tv\SpongeBob SquarePants\Season 11\SpongeBob SquarePants - S11E30 - Bunny Hunt.mkv,,,episode,tmdb://1462979,,unmatched,SpongeBob SquarePants – Season 11 – My Leg!
missing episode match metadata,0,F:\MediaStack\data\media\tv\SpongeBob SquarePants\Season 11\SpongeBob SquarePants - S11E33 - Sanitation Insanity.mkv,,,episode,tmdb://1544241,,unmatched,SpongeBob SquarePants – Season 11 – Whale Watching
missing episode match metadata,0,F:\MediaStack\data\media\tv\SpongeBob SquarePants\Season 11\SpongeBob SquarePants - S11E35-E36 - Ink Lemonade + Mustard O' Mine.mkv,,,episode,imdb://tt8260838,,unmatched,SpongeBob SquarePants – Season 11 – Patnocchio
missing episode match metadata,0,F:\MediaStack\data\media\tv\SpongeBob SquarePants\Season 11\SpongeBob SquarePants - S11E35-E36 - Ink Lemonade + Mustard O' Mine.mkv,,,episode,tmdb://1544244,,unmatched,SpongeBob SquarePants – Season 11 – ChefBob
missing episode match metadata,0,F:\MediaStack\data\media\tv\SpongeBob SquarePants\Season 11\SpongeBob SquarePants - S11E38-E39 - Krusty Kleaners + Patnocchio.mkv,,,episode,tmdb://1544245,,unmatched,SpongeBob SquarePants – Season 11 – Library Cards
missing episode match metadata,0,F:\MediaStack\data\media\tv\SpongeBob SquarePants\Season 11\SpongeBob SquarePants - S11E38-E39 - Krusty Kleaners + Patnocchio.mkv,,,episode,tmdb://1544246,,unmatched,SpongeBob SquarePants – Season 11 – Plankton Paranoia
missing episode match metadata,0,F:\MediaStack\data\media\tv\SpongeBob SquarePants\Season 11\SpongeBob SquarePants - S11E43 - Plankton Paranoia.mkv,,,episode,tmdb://1544254,,unmatched,SpongeBob SquarePants – Season 11 – Bubble Town
missing episode match metadata,0,F:\MediaStack\data\media\tv\SpongeBob SquarePants\Season 11\SpongeBob SquarePants - S11E45 - The Grill is Gone.mkv,,,episode,tmdb://1544251,,unmatched,SpongeBob SquarePants – Season 11 – Karen's Virus
missing episode match metadata,0,F:\MediaStack\data\media\tv\SpongeBob SquarePants\Season 11\SpongeBob SquarePants - S11E46-E47 - The Night Patty + Bubbletown.mkv,,,episode,tmdb://1544255,,unmatched,SpongeBob SquarePants – Season 11 – Girls' Night Out
missing episode match metadata,0,F:\MediaStack\data\media\tv\SpongeBob SquarePants\Season 11\SpongeBob SquarePants - S11E46-E47 - The Night Patty + Bubbletown.mkv,,,episode,tmdb://1544247,,unmatched,SpongeBob SquarePants – Season 11 – Surf n' Turf
missing episode match metadata,0,F:\MediaStack\data\media\tv\SpongeBob SquarePants\Season 11\SpongeBob SquarePants - S11E49-E50 - Karen's Virus + Girls' Night Out.mkv,,,episode,imdb://tt8260950,,unmatched,SpongeBob SquarePants – Season 11 – Squirrel Jelly
missing episode match metadata,0,F:\MediaStack\data\media\tv\SpongeBob SquarePants\Season 11\SpongeBob SquarePants - S11E49-E50 - Karen's Virus + Girls' Night Out.mkv,,,episode,tmdb://1544257,,unmatched,SpongeBob SquarePants – Season 11 – The String
missing episode match metadata,0,F:\MediaStack\data\media\tv\SpongeBob SquarePants\Season 11\SpongeBob SquarePants - S11E51 - Surf N' Turf.mkv,,,episode,imdb://tt8260930,,unmatched,SpongeBob SquarePants – Season 11 – Goons on the Moon
missing episode match metadata,0,F:\MediaStack\data\media\tv\SpongeBob SquarePants\Season 11\SpongeBob SquarePants - S11E54-E55 - The String + Goons on the Moon.mkv,,,episode,local://24289,,unmatched,SpongeBob SquarePants – Season 11 – Episode 54
missing episode match metadata,0,F:\MediaStack\data\media\tv\SpongeBob SquarePants\Season 11\SpongeBob SquarePants - S11E54-E55 - The String + Goons on the Moon.mkv,,,episode,local://24290,,unmatched,SpongeBob SquarePants – Season 11 – Episode 55
missing episode match metadata,0,F:\MediaStack\data\media\tv\SpongeBob SquarePants\Season 12\SpongeBob SquarePants - S12E01 - The Nitwitting.mp4,,,episode,tmdb://1673047,,unmatched,SpongeBob SquarePants – Season 12 – The Nitwitting
missing episode match metadata,0,F:\MediaStack\data\media\tv\SpongeBob SquarePants\Season 12\SpongeBob SquarePants - S12E03 - The Krusty Slammer.mkv,,,episode,imdb://tt9222472,,unmatched,SpongeBob SquarePants – Season 12 – The Krusty Slammer
missing episode match metadata,0,F:\MediaStack\data\media\tv\SpongeBob SquarePants\Season 12\SpongeBob SquarePants - S12E05 - Stormy Weather.mp4,,,episode,imdb://tt9222478,,unmatched,SpongeBob SquarePants – Season 12 – Stormy Weather
missing episode match metadata,0,F:\MediaStack\data\media\tv\SpongeBob SquarePants\Season 12\SpongeBob SquarePants - S12E06 - Sandy's Nutty Nieces.mkv,,,episode,tmdb://1674893,,unmatched,SpongeBob SquarePants – Season 12 – Sandy's Nutty Nieces
missing episode match metadata,0,F:\MediaStack\data\media\tv\SpongeBob SquarePants\Season 12\SpongeBob SquarePants - S12E07 - Insecurity Guards.mkv,,,episode,tmdb://1838495,,unmatched,SpongeBob SquarePants – Season 12 – Insecurity Guards
missing episode match metadata,0,F:\MediaStack\data\media\tv\SpongeBob SquarePants\Season 12\SpongeBob SquarePants - S12E28 - Biddy Sitting.mkv,,,episode,tmdb://2060908,,unmatched,SpongeBob SquarePants – Season 12 – Who R Zoo?
missing episode match metadata,0,F:\MediaStack\data\media\tv\SpongeBob SquarePants\Season 04\SpongeBob SquarePants - S04E08 - Funny Pants.avi,,,episode,tmdb://1026288,,unmatched,SpongeBob SquarePants – Season 4 – Funny Pants
missing episode match metadata,0,F:\MediaStack\data\media\tv\SpongeBob SquarePants\Season 04\SpongeBob SquarePants - S04E09 - Mermaid Man & Barnacle Boy VI - The Motion Picture.avi,,,episode,imdb://tt0832774,,unmatched,SpongeBob SquarePants – Season 4 – Mermaid Man & Barnacle Boy VI - The Motion Picture
missing episode match metadata,0,F:\MediaStack\data\media\tv\SpongeBob SquarePants\Season 04\SpongeBob SquarePants - S04E10 - Enemy-in-Law.avi,,,episode,tmdb://1026289,,unmatched,SpongeBob SquarePants – Season 4 – Enemy In-Law
missing episode match metadata,0,F:\MediaStack\data\media\tv\SpongeBob SquarePants\Season 04\SpongeBob SquarePants - S04E11 - Patrick SmartPants.avi,,,episode,imdb://tt0832783,,unmatched,SpongeBob SquarePants – Season 4 – Patrick SmartPants
missing episode match metadata,0,F:\MediaStack\data\media\tv\SpongeBob SquarePants\Season 04\SpongeBob SquarePants - S04E12 - SquidBob TentaclePants.avi,,,episode,tmdb://1026292,,unmatched,SpongeBob SquarePants – Season 4 – SquidBob TentaclePants
missing episode match metadata,0,F:\MediaStack\data\media\tv\SpongeBob SquarePants\Season 04\SpongeBob SquarePants - S04E13 - Krusty Towers.avi,,,episode,imdb://tt0707315,,unmatched,SpongeBob SquarePants – Season 4 – Have You Seen This Snail?
missing episode match metadata,0,"F:\MediaStack\data\media\tv\SpongeBob SquarePants\Season 04\SpongeBob SquarePants - S04E14 - Mrs. Puff, You're Fired.avi",,,episode,imdb://tt0774435,,unmatched,SpongeBob SquarePants – Season 4 – Dunces and Dragons
missing episode match metadata,0,F:\MediaStack\data\media\tv\SpongeBob SquarePants\Season 04\SpongeBob SquarePants - S04E15 - Ghost Host.avi,,,episode,tmdb://1026293,,unmatched,SpongeBob SquarePants – Season 4 – Krusty Towers
missing episode match metadata,0,F:\MediaStack\data\media\tv\SpongeBob SquarePants\Season 04\SpongeBob SquarePants - S04E16 - Chimps Ahoy.avi,,,episode,tmdb://1026294,,unmatched,"SpongeBob SquarePants – Season 4 – Mrs. Puff, You're Fired"
missing episode match metadata,0,F:\MediaStack\data\media\tv\SpongeBob SquarePants\Season 04\SpongeBob SquarePants - S04E17 - Whale of a Birthday.avi,,,episode,tmdb://1026296,,unmatched,SpongeBob SquarePants – Season 4 – Chimps Ahoy
missing episode match metadata,0,F:\MediaStack\data\media\tv\SpongeBob SquarePants\Season 04\SpongeBob SquarePants - S04E18 - Karate Island.avi,,,episode,imdb://tt0832775,,unmatched,SpongeBob SquarePants – Season 4 – Ghost Host
missing episode match metadata,0,F:\MediaStack\data\media\tv\SpongeBob SquarePants\Season 04\SpongeBob SquarePants - S04E19 - All That Glitters.avi,,,episode,imdb://tt0810723,,unmatched,SpongeBob SquarePants – Season 4 – Whale of a Birthday
missing episode match metadata,0,F:\MediaStack\data\media\tv\SpongeBob SquarePants\Season 04\SpongeBob SquarePants - S04E20 - Wishing You Well.avi,,,episode,tmdb://1026298,,unmatched,SpongeBob SquarePants – Season 4 – Karate Island
missing episode match metadata,0,F:\MediaStack\data\media\tv\SpongeBob SquarePants\Season 04\SpongeBob SquarePants - S04E21 - New Leaf.avi,,,episode,imdb://tt0829059,,unmatched,SpongeBob SquarePants – Season 4 – All That Glitters
missing episode match metadata,0,F:\MediaStack\data\media\tv\SpongeBob SquarePants\Season 04\SpongeBob SquarePants - S04E22 - Once Bitten.avi,,,episode,tmdb://1026300,,unmatched,SpongeBob SquarePants – Season 4 – Wishing You Well
missing episode match metadata,0,F:\MediaStack\data\media\tv\SpongeBob SquarePants\Season 04\SpongeBob SquarePants - S04E23 - Squidtastic Voyage.avi,,,episode,tmdb://1026301,,unmatched,SpongeBob SquarePants – Season 4 – New Leaf
missing episode match metadata,0,F:\MediaStack\data\media\tv\SpongeBob SquarePants\Season 04\SpongeBob SquarePants - S04E24 - Bummer Vacation.avi,,,episode,tmdb://1026302,,unmatched,SpongeBob SquarePants – Season 4 – Once Bitten
missing episode match metadata,0,F:\MediaStack\data\media\tv\SpongeBob SquarePants\Season 04\SpongeBob SquarePants - S04E25 - Best Day Ever.avi,,,episode,tmdb://1026303,,unmatched,SpongeBob SquarePants – Season 4 – Squidtastic Voyage
missing episode match metadata,0,F:\MediaStack\data\media\tv\SpongeBob SquarePants\Season 04\SpongeBob SquarePants - S04E26 - Wigstruck.avi,,,episode,tmdb://1026304,,unmatched,SpongeBob SquarePants – Season 4 – Bummer Vacation
missing episode match metadata,0,F:\MediaStack\data\media\tv\SpongeBob SquarePants\Season 04\SpongeBob SquarePants - S04E27 - That's No Lady.avi,,,episode,tmdb://1026305,,unmatched,SpongeBob SquarePants – Season 4 – Best Day Ever
missing episode match metadata,0,F:\MediaStack\data\media\tv\SpongeBob SquarePants\Season 04\SpongeBob SquarePants - S04E28 - The Thing.avi,,,episode,tmdb://1026306,,unmatched,SpongeBob SquarePants – Season 4 – Wigstruck
missing episode match metadata,0,F:\MediaStack\data\media\tv\SpongeBob SquarePants\Season 04\SpongeBob SquarePants - S04E29 - Hocus Pocus.avi,,,episode,tmdb://1026307,,unmatched,SpongeBob SquarePants – Season 4 – That's No Lady
missing episode match metadata,0,F:\MediaStack\data\media\tv\SpongeBob SquarePants\Season 04\SpongeBob SquarePants - S04E30 - Driven to Tears.avi,,,episode,imdb://tt0937306,,unmatched,SpongeBob SquarePants – Season 4 – The Thing
missing episode match metadata,0,F:\MediaStack\data\media\tv\SpongeBob SquarePants\Season 04\SpongeBob SquarePants - S04E31 - Rule of Dumb.avi,,,episode,tmdb://1026309,,unmatched,SpongeBob SquarePants – Season 4 – Hocus Pocus
missing episode match metadata,0,F:\MediaStack\data\media\tv\SpongeBob SquarePants\Season 03\SpongeBob SquarePants - S03E15-E16 - Krab Borg + Rock-a-Bye Bivalve.mkv,,,episode,tmdb://1026262,,unmatched,SpongeBob SquarePants – Season 3 – Rock-a-Bye Bivalve
missing episode match metadata,0,F:\MediaStack\data\media\tv\SpongeBob SquarePants\Season 03\SpongeBob SquarePants - S03E17-E18 - Wet Painters + Krusty Krab Training Video.mkv,,,episode,tmdb://1026263,,unmatched,SpongeBob SquarePants – Season 3 – Wet Painters
missing episode match metadata,0,F:\MediaStack\data\media\tv\SpongeBob SquarePants\Season 03\SpongeBob SquarePants - S03E17-E18 - Wet Painters + Krusty Krab Training Video.mkv,,,episode,tmdb://1026264,,unmatched,SpongeBob SquarePants – Season 3 – Krusty Krab Training Video
missing episode match metadata,0,F:\MediaStack\data\media\tv\SpongeBob SquarePants\Season 03\SpongeBob SquarePants - S03E19-E20 - Chocolate with Nuts + Mermaid Man and Barnacle Boy V.mkv,,,episode,imdb://tt0707310,,unmatched,SpongeBob SquarePants – Season 3 – Party Pooper Pants
missing episode match metadata,0,F:\MediaStack\data\media\tv\SpongeBob SquarePants\Season 03\SpongeBob SquarePants - S03E19-E20 - Chocolate with Nuts + Mermaid Man and Barnacle Boy V.mkv,,,episode,tmdb://1026266,,unmatched,SpongeBob SquarePants – Season 3 – Chocolate with Nuts
missing episode match metadata,0,F:\MediaStack\data\media\tv\SpongeBob SquarePants\Season 03\SpongeBob SquarePants - S03E21-E22 - Club SpongeBob + My Pretty Seahorse.mkv,,,episode,tmdb://1026267,,unmatched,SpongeBob SquarePants – Season 3 – Mermaid Man and Barnacle Boy V
missing episode match metadata,0,F:\MediaStack\data\media\tv\SpongeBob SquarePants\Season 03\SpongeBob SquarePants - S03E21-E22 - Club SpongeBob + My Pretty Seahorse.mkv,,,episode,tmdb://1026247,,unmatched,SpongeBob SquarePants – Season 3 – Club SpongeBob
missing episode match metadata,0,F:\MediaStack\data\media\tv\SpongeBob SquarePants\Season 03\SpongeBob SquarePants - S03E23-E24 - Graveyard Shift + Krusty Love.mkv,,,episode,tmdb://1026248,,unmatched,SpongeBob SquarePants – Season 3 – My Pretty Seahorse
missing episode match metadata,0,F:\MediaStack\data\media\tv\SpongeBob SquarePants\Season 03\SpongeBob SquarePants - S03E23-E24 - Graveyard Shift + Krusty Love.mkv,,,episode,tmdb://1952665,,unmatched,SpongeBob SquarePants – Season 3 – Graveyard Shift
missing episode match metadata,0,F:\MediaStack\data\media\tv\SpongeBob SquarePants\Season 03\SpongeBob SquarePants - S03E25-E26 - New Student Starfish + Clams.mkv,,,episode,tmdb://1952666,,unmatched,SpongeBob SquarePants – Season 3 – Krusty Love
missing episode match metadata,0,F:\MediaStack\data\media\tv\SpongeBob SquarePants\Season 03\SpongeBob SquarePants - S03E25-E26 - New Student Starfish + Clams.mkv,,,episode,tmdb://1026268,,unmatched,SpongeBob SquarePants – Season 3 – New Student Starfish
missing episode match metadata,0,F:\MediaStack\data\media\tv\SpongeBob SquarePants\Season 03\SpongeBob SquarePants - S03E27-E28 - The Great Snail Race + Mid-Life Crustacean.mkv,,,episode,tmdb://1026270,,unmatched,SpongeBob SquarePants – Season 3 – Clams
missing episode match metadata,0,F:\MediaStack\data\media\tv\SpongeBob SquarePants\Season 03\SpongeBob SquarePants - S03E27-E28 - The Great Snail Race + Mid-Life Crustacean.mkv,,,episode,tmdb://1026271,,unmatched,SpongeBob SquarePants – Season 3 – The Great Snail Race
missing episode match metadata,0,F:\MediaStack\data\media\tv\SpongeBob SquarePants\Season 03\SpongeBob SquarePants - S03E29-E30 - Born Again Krabs + I Had an Accident.mkv,,,episode,tmdb://1026272,,unmatched,SpongeBob SquarePants – Season 3 – Mid-Life Crustacean
missing episode match metadata,0,F:\MediaStack\data\media\tv\SpongeBob SquarePants\Season 03\SpongeBob SquarePants - S03E29-E30 - Born Again Krabs + I Had an Accident.mkv,,,episode,imdb://tt0832793,,unmatched,SpongeBob SquarePants – Season 3 – The Sponge Who Could Fly
missing episode match metadata,0,F:\MediaStack\data\media\tv\SpongeBob SquarePants\Season 03\SpongeBob SquarePants - S03E31-E32 - Missing Identity + Plankton's Army.mkv,,,episode,tmdb://1952670,,unmatched,SpongeBob SquarePants – Season 3 – Gary Takes a Bath
missing episode match metadata,0,F:\MediaStack\data\media\tv\SpongeBob SquarePants\Season 03\SpongeBob SquarePants - S03E31-E32 - Missing Identity + Plankton's Army.mkv,,,episode,tmdb://1026273,,unmatched,SpongeBob SquarePants – Season 3 – Born Again Krabs
missing episode match metadata,0,F:\MediaStack\data\media\tv\SpongeBob SquarePants\Season 03\SpongeBob SquarePants - S03E33-E34 - Krabby Land + The Camping Episode.mkv,,,episode,tmdb://1026274,,unmatched,SpongeBob SquarePants – Season 3 – I Had an Accident
missing episode match metadata,0,F:\MediaStack\data\media\tv\SpongeBob SquarePants\Season 03\SpongeBob SquarePants - S03E33-E34 - Krabby Land + The Camping Episode.mkv,,,episode,tmdb://1026276,,unmatched,SpongeBob SquarePants – Season 3 – Missing Identity
missing episode match metadata,0,F:\MediaStack\data\media\tv\SpongeBob SquarePants\Season 03\SpongeBob SquarePants - S03E35-E36 - SpongeBob Meets the Strangler + Pranks a Lot.mkv,,,episode,tmdb://1026275,,unmatched,SpongeBob SquarePants – Season 3 – Plankton's Army
missing episode match metadata,0,F:\MediaStack\data\media\tv\SpongeBob SquarePants\Season 03\SpongeBob SquarePants - S03E35-E36 - SpongeBob Meets the Strangler + Pranks a Lot.mkv,,,episode,tmdb://1026269,,unmatched,SpongeBob SquarePants – Season 3 – Ugh
missing episode match metadata,0,F:\MediaStack\data\media\tv\SpongeBob SquarePants\Season 04\SpongeBob SquarePants - S04E01 - Fear of a Krabby Patty.avi,,,episode,imdb://tt0707308,,unmatched,SpongeBob SquarePants – Season 4 – Fear of a Krabby Patty
missing episode match metadata,0,F:\MediaStack\data\media\tv\SpongeBob SquarePants\Season 04\SpongeBob SquarePants - S04E02 - Shell of a Man.avi,,,episode,tmdb://1026282,,unmatched,SpongeBob SquarePants – Season 4 – Shell of a Man
missing episode match metadata,0,F:\MediaStack\data\media\tv\SpongeBob SquarePants\Season 04\SpongeBob SquarePants - S04E03 - The Lost Mattress.avi,,,episode,imdb://tt0832791,,unmatched,SpongeBob SquarePants – Season 4 – The Lost Mattress
missing episode match metadata,0,F:\MediaStack\data\media\tv\SpongeBob SquarePants\Season 04\SpongeBob SquarePants - S04E04 - Krabs vs. Plankton.avi,,,episode,tmdb://1026284,,unmatched,SpongeBob SquarePants – Season 4 – Krabs vs. Plankton
missing episode match metadata,0,F:\MediaStack\data\media\tv\SpongeBob SquarePants\Season 04\SpongeBob SquarePants - S04E05 - Skill Crane.avi,,,episode,tmdb://1172912,,unmatched,SpongeBob SquarePants – Season 4 – Skill Crane
missing episode match metadata,0,F:\MediaStack\data\media\tv\SpongeBob SquarePants\Season 04\SpongeBob SquarePants - S04E06 - Good Neighbors.avi,,,episode,tmdb://1026286,,unmatched,SpongeBob SquarePants – Season 4 – Good Neighbors
missing episode match metadata,0,F:\MediaStack\data\media\tv\SpongeBob SquarePants\Season 04\SpongeBob SquarePants - S04E07 - Selling Out.avi,,,episode,tmdb://1026287,,unmatched,SpongeBob SquarePants – Season 4 – Selling Out
missing episode match metadata,0,F:\MediaStack\data\media\tv\SpongeBob SquarePants\Season 02\SpongeBob SquarePants - S02E25-E26 - The Secret Box + Band Geeks.mkv,,,episode,tmdb://1108209,,unmatched,SpongeBob SquarePants – Season 2 – The Secret Box
missing episode match metadata,0,F:\MediaStack\data\media\tv\SpongeBob SquarePants\Season 02\SpongeBob SquarePants - S02E25-E26 - The Secret Box + Band Geeks.mkv,,,episode,tmdb://1108210,,unmatched,SpongeBob SquarePants – Season 2 – Band Geeks
missing episode match metadata,0,F:\MediaStack\data\media\tv\SpongeBob SquarePants\Season 02\SpongeBob SquarePants - S02E27-E28 - Sailor Mouth + Artist Unknown.mkv,,,episode,imdb://tt0832785,,unmatched,SpongeBob SquarePants – Season 2 – Sailor Mouth
missing episode match metadata,0,F:\MediaStack\data\media\tv\SpongeBob SquarePants\Season 02\SpongeBob SquarePants - S02E27-E28 - Sailor Mouth + Artist Unknown.mkv,,,episode,tmdb://1108212,,unmatched,SpongeBob SquarePants – Season 2 – Artist Unknown
missing episode match metadata,0,F:\MediaStack\data\media\tv\SpongeBob SquarePants\Season 02\SpongeBob SquarePants - S02E29-E30 - Jellyfish Hunter + The Fry Cook Games.mkv,,,episode,tmdb://1108213,,unmatched,SpongeBob SquarePants – Season 2 – Jellyfish Hunter
missing episode match metadata,0,F:\MediaStack\data\media\tv\SpongeBob SquarePants\Season 02\SpongeBob SquarePants - S02E29-E30 - Jellyfish Hunter + The Fry Cook Games.mkv,,,episode,tmdb://1108221,,unmatched,SpongeBob SquarePants – Season 2 – The Fry Cook Games
missing episode match metadata,0,F:\MediaStack\data\media\tv\SpongeBob SquarePants\Season 02\SpongeBob SquarePants - S02E31-E32 - Just One Bite + The Bully.mkv,,,episode,tmdb://1952655,,unmatched,SpongeBob SquarePants – Season 2 – Just One Bite
missing episode match metadata,0,F:\MediaStack\data\media\tv\SpongeBob SquarePants\Season 02\SpongeBob SquarePants - S02E31-E32 - Just One Bite + The Bully.mkv,,,episode,tmdb://1952656,,unmatched,SpongeBob SquarePants – Season 2 – The Bully
missing episode match metadata,0,"F:\MediaStack\data\media\tv\SpongeBob SquarePants\Season 02\SpongeBob SquarePants - S02E33-E34 - Squid on Strike + Sandy, SpongeBob, and the Worm.mkv",,,episode,tmdb://1108222,,unmatched,SpongeBob SquarePants – Season 2 – Squid on Strike
missing episode match metadata,0,"F:\MediaStack\data\media\tv\SpongeBob SquarePants\Season 02\SpongeBob SquarePants - S02E33-E34 - Squid on Strike + Sandy, SpongeBob, and the Worm.mkv",,,episode,tmdb://1108223,,unmatched,"SpongeBob SquarePants – Season 2 – Sandy, SpongeBob, and the Worm"
missing episode match metadata,0,F:\MediaStack\data\media\tv\SpongeBob SquarePants\Season 02\SpongeBob SquarePants - S02E35-E36 - Procrastination + I'm with Stupid.mkv,,,episode,imdb://tt0707295,,unmatched,SpongeBob SquarePants – Season 2 – Procrastination
missing episode match metadata,0,F:\MediaStack\data\media\tv\SpongeBob SquarePants\Season 02\SpongeBob SquarePants - S02E35-E36 - Procrastination + I'm with Stupid.mkv,,,episode,tmdb://1108220,,unmatched,SpongeBob SquarePants – Season 2 – I'm with Stupid
missing episode match metadata,0,F:\MediaStack\data\media\tv\SpongeBob SquarePants\Season 03\SpongeBob SquarePants - S03E01-E02 - Mermaid Man and Barnacle Boy IV + Doing Time.mkv,,,episode,tmdb://1026253,,unmatched,SpongeBob SquarePants – Season 3 – Mermaid Man and Barnacle Boy IV
missing episode match metadata,0,F:\MediaStack\data\media\tv\SpongeBob SquarePants\Season 03\SpongeBob SquarePants - S03E01-E02 - Mermaid Man and Barnacle Boy IV + Doing Time.mkv,,,episode,tmdb://1026254,,unmatched,SpongeBob SquarePants – Season 3 – Doing Time
missing episode match metadata,0,F:\MediaStack\data\media\tv\SpongeBob SquarePants\Season 03\SpongeBob SquarePants - S03E03-E04 - Welcome to the Chum Bucket + Frankendoodle.mkv,,,episode,tmdb://1952668,,unmatched,SpongeBob SquarePants – Season 3 – Welcome to the Chum Bucket
missing episode match metadata,0,F:\MediaStack\data\media\tv\SpongeBob SquarePants\Season 03\SpongeBob SquarePants - S03E03-E04 - Welcome to the Chum Bucket + Frankendoodle.mkv,,,episode,tmdb://1952669,,unmatched,SpongeBob SquarePants – Season 3 – Frankendoodle
missing episode match metadata,0,F:\MediaStack\data\media\tv\SpongeBob SquarePants\Season 03\SpongeBob SquarePants - S03E05-E06 - Snowball Effect + One Krabs Trash.mkv,,,episode,tmdb://1026255,,unmatched,SpongeBob SquarePants – Season 3 – Snowball Effect
missing episode match metadata,0,F:\MediaStack\data\media\tv\SpongeBob SquarePants\Season 03\SpongeBob SquarePants - S03E05-E06 - Snowball Effect + One Krabs Trash.mkv,,,episode,tmdb://1026256,,unmatched,SpongeBob SquarePants – Season 3 – One Krab's Trash
missing episode match metadata,0,F:\MediaStack\data\media\tv\SpongeBob SquarePants\Season 03\SpongeBob SquarePants - S03E07-E08 - Nasty Patty + Idiot Box.mkv,,,episode,tmdb://1026251,,unmatched,SpongeBob SquarePants – Season 3 – Nasty Patty
missing episode match metadata,0,F:\MediaStack\data\media\tv\SpongeBob SquarePants\Season 03\SpongeBob SquarePants - S03E07-E08 - Nasty Patty + Idiot Box.mkv,,,episode,tmdb://1026252,,unmatched,SpongeBob SquarePants – Season 3 – Idiot Box
missing episode match metadata,0,F:\MediaStack\data\media\tv\SpongeBob SquarePants\Season 03\SpongeBob SquarePants - S03E09-E10 - As Seen on TV + Can You Spare a Dime.mkv,,,episode,tmdb://1026257,,unmatched,SpongeBob SquarePants – Season 3 – As Seen on TV
missing episode match metadata,0,F:\MediaStack\data\media\tv\SpongeBob SquarePants\Season 03\SpongeBob SquarePants - S03E09-E10 - As Seen on TV + Can You Spare a Dime.mkv,,,episode,tmdb://1026258,,unmatched,SpongeBob SquarePants – Season 3 – Can You Spare a Dime?
missing episode match metadata,0,F:\MediaStack\data\media\tv\SpongeBob SquarePants\Season 03\SpongeBob SquarePants - S03E11-E12 - No Weenies Allowed + Squilliam Returns.mkv,,,episode,tmdb://1026259,,unmatched,SpongeBob SquarePants – Season 3 – No Weenies Allowed
missing episode match metadata,0,F:\MediaStack\data\media\tv\SpongeBob SquarePants\Season 03\SpongeBob SquarePants - S03E11-E12 - No Weenies Allowed + Squilliam Returns.mkv,,,episode,tmdb://1026260,,unmatched,SpongeBob SquarePants – Season 3 – Squilliam Returns
missing episode match metadata,0,F:\MediaStack\data\media\tv\SpongeBob SquarePants\Season 03\SpongeBob SquarePants - S03E13-E14 - The Algae's Always Greener + SpongeGuard on Duty.mkv,,,episode,tmdb://1026245,,unmatched,SpongeBob SquarePants – Season 3 – The Algae's Always Greener
missing episode match metadata,0,F:\MediaStack\data\media\tv\SpongeBob SquarePants\Season 03\SpongeBob SquarePants - S03E13-E14 - The Algae's Always Greener + SpongeGuard on Duty.mkv,,,episode,tmdb://1026246,,unmatched,SpongeBob SquarePants – Season 3 – SpongeGuard on Duty
missing episode match metadata,0,F:\MediaStack\data\media\tv\SpongeBob SquarePants\Season 03\SpongeBob SquarePants - S03E15-E16 - Krab Borg + Rock-a-Bye Bivalve.mkv,,,episode,tmdb://1026261,,unmatched,SpongeBob SquarePants – Season 3 – Krab Borg
missing episode match metadata,0,F:\MediaStack\data\media\tv\SpongeBob SquarePants\Season 02\SpongeBob SquarePants - S02E09-E10 - Dying for Pie + Imitation Krabs.mkv,,,episode,imdb://tt0766195,,unmatched,SpongeBob SquarePants – Season 2 – Dying for Pie
missing episode match metadata,0,F:\MediaStack\data\media\tv\SpongeBob SquarePants\Season 02\SpongeBob SquarePants - S02E11-E12 - Wormy + Patty Hype.mkv,,,episode,tmdb://1108190,,unmatched,SpongeBob SquarePants – Season 2 – Imitation Krabs
missing episode match metadata,0,F:\MediaStack\data\media\tv\SpongeBob SquarePants\Season 02\SpongeBob SquarePants - S02E11-E12 - Wormy + Patty Hype.mkv,,,episode,tmdb://1108191,,unmatched,SpongeBob SquarePants – Season 2 – Wormy
missing episode match metadata,0,F:\MediaStack\data\media\tv\SpongeBob SquarePants\Season 02\SpongeBob SquarePants - S02E13-E14 - Survival of the Idiots + Dumped.mkv,,,episode,tmdb://1108192,,unmatched,SpongeBob SquarePants – Season 2 – Patty Hype
missing episode match metadata,0,F:\MediaStack\data\media\tv\SpongeBob SquarePants\Season 02\SpongeBob SquarePants - S02E13-E14 - Survival of the Idiots + Dumped.mkv,,,episode,tmdb://1108197,,unmatched,SpongeBob SquarePants – Season 2 – Survival of the Idiots
missing episode match metadata,0,F:\MediaStack\data\media\tv\SpongeBob SquarePants\Season 02\SpongeBob SquarePants - S02E15-E16 - Grandma's Kisses + Squidville.mkv,,,episode,tmdb://1108198,,unmatched,SpongeBob SquarePants – Season 2 – Dumped
missing episode match metadata,0,F:\MediaStack\data\media\tv\SpongeBob SquarePants\Season 02\SpongeBob SquarePants - S02E15-E16 - Grandma's Kisses + Squidville.mkv,,,episode,tmdb://1108199,,unmatched,SpongeBob SquarePants – Season 2 – Grandma's Kisses
missing episode match metadata,0,F:\MediaStack\data\media\tv\SpongeBob SquarePants\Season 02\SpongeBob SquarePants - S02E17-E18 - No Free Rides + I'm Your Biggest Fanatic.mkv,,,episode,tmdb://1108200,,unmatched,SpongeBob SquarePants – Season 2 – Squidville
missing episode match metadata,0,F:\MediaStack\data\media\tv\SpongeBob SquarePants\Season 02\SpongeBob SquarePants - S02E17-E18 - No Free Rides + I'm Your Biggest Fanatic.mkv,,,episode,tmdb://1108201,,unmatched,SpongeBob SquarePants – Season 2 – No Free Rides
missing episode match metadata,0,F:\MediaStack\data\media\tv\SpongeBob SquarePants\Season 02\SpongeBob SquarePants - S02E19-E20 - Shanghaied + Gary Takes a Bath.mkv,,,episode,tmdb://1108202,,unmatched,SpongeBob SquarePants – Season 2 – I'm Your Biggest Fanatic
missing episode match metadata,0,F:\MediaStack\data\media\tv\SpongeBob SquarePants\Season 02\SpongeBob SquarePants - S02E19-E20 - Shanghaied + Gary Takes a Bath.mkv,,,episode,tmdb://1108205,,unmatched,SpongeBob SquarePants – Season 2 – Pressure
missing episode match metadata,0,F:\MediaStack\data\media\tv\SpongeBob SquarePants\Season 02\SpongeBob SquarePants - S02E21-E22 - Pressure + The Smoking Peanut.mkv,,,episode,tmdb://1108206,,unmatched,SpongeBob SquarePants – Season 2 – The Smoking Peanut
missing episode match metadata,0,F:\MediaStack\data\media\tv\SpongeBob SquarePants\Season 02\SpongeBob SquarePants - S02E21-E22 - Pressure + The Smoking Peanut.mkv,,,episode,tmdb://1108203,,unmatched,SpongeBob SquarePants – Season 2 – Shanghaied
missing episode match metadata,0,F:\MediaStack\data\media\tv\SpongeBob SquarePants\Season 02\SpongeBob SquarePants - S02E23-E24 - Prehibernation Week + Life of Crime.mkv,,,episode,imdb://tt0707306,,unmatched,SpongeBob SquarePants – Season 2 – Prehibernation Week
missing episode match metadata,0,F:\MediaStack\data\media\tv\SpongeBob SquarePants\Season 02\SpongeBob SquarePants - S02E23-E24 - Prehibernation Week + Life of Crime.mkv,,,episode,tmdb://1108208,,unmatched,SpongeBob SquarePants – Season 2 – Life of Crime
missing episode match metadata,0,F:\MediaStack\data\media\tv\SpongeBob SquarePants\Season 01\SpongeBob SquarePants - S01E28-E29 - SB-129 + Karate Choppers.mkv,,,episode,imdb://tt0769435,,unmatched,SpongeBob SquarePants – Season 1 – SB-129
missing episode match metadata,0,F:\MediaStack\data\media\tv\SpongeBob SquarePants\Season 01\SpongeBob SquarePants - S01E28-E29 - SB-129 + Karate Choppers.mkv,,,episode,tmdb://1001288,,unmatched,SpongeBob SquarePants – Season 1 – Karate Choppers
missing episode match metadata,0,F:\MediaStack\data\media\tv\SpongeBob SquarePants\Season 01\SpongeBob SquarePants - S01E30-E31 - Sleepy Time + Suds.mkv,,,episode,tmdb://1001289,,unmatched,SpongeBob SquarePants – Season 1 – Sleepy Time
missing episode match metadata,0,F:\MediaStack\data\media\tv\SpongeBob SquarePants\Season 01\SpongeBob SquarePants - S01E30-E31 - Sleepy Time + Suds.mkv,,,episode,tmdb://1001290,,unmatched,SpongeBob SquarePants – Season 1 – Suds
missing episode match metadata,0,F:\MediaStack\data\media\tv\SpongeBob SquarePants\Season 01\SpongeBob SquarePants - S01E32-E33 - Valentine's Day + The Paper.mkv,,,episode,tmdb://1001291,,unmatched,SpongeBob SquarePants – Season 1 – Valentine's Day
missing episode match metadata,0,F:\MediaStack\data\media\tv\SpongeBob SquarePants\Season 01\SpongeBob SquarePants - S01E32-E33 - Valentine's Day + The Paper.mkv,,,episode,tmdb://1001292,,unmatched,SpongeBob SquarePants – Season 1 – The Paper
missing episode match metadata,0,F:\MediaStack\data\media\tv\SpongeBob SquarePants\Season 01\SpongeBob SquarePants - S01E34-E35 - Arrgh! + Rock Bottom.mkv,,,episode,tmdb://1001293,,unmatched,SpongeBob SquarePants – Season 1 – Arrgh!
missing episode match metadata,0,F:\MediaStack\data\media\tv\SpongeBob SquarePants\Season 01\SpongeBob SquarePants - S01E34-E35 - Arrgh! + Rock Bottom.mkv,,,episode,tmdb://1001294,,unmatched,SpongeBob SquarePants – Season 1 – Rock Bottom
missing episode match metadata,0,F:\MediaStack\data\media\tv\SpongeBob SquarePants\Season 01\SpongeBob SquarePants - S01E36-E37 - Texas + Walking Small.mkv,,,episode,tmdb://1001295,,unmatched,SpongeBob SquarePants – Season 1 – Texas
missing episode match metadata,0,F:\MediaStack\data\media\tv\SpongeBob SquarePants\Season 01\SpongeBob SquarePants - S01E36-E37 - Texas + Walking Small.mkv,,,episode,tmdb://1001296,,unmatched,SpongeBob SquarePants – Season 1 – Walking Small
missing episode match metadata,0,F:\MediaStack\data\media\tv\SpongeBob SquarePants\Season 01\SpongeBob SquarePants - S01E38-E39 - Fools in April + Neptune's Spatula.mkv,,,episode,tmdb://1001297,,unmatched,SpongeBob SquarePants – Season 1 – Fools in April
missing episode match metadata,0,F:\MediaStack\data\media\tv\SpongeBob SquarePants\Season 01\SpongeBob SquarePants - S01E38-E39 - Fools in April + Neptune's Spatula.mkv,,,episode,tmdb://1001298,,unmatched,SpongeBob SquarePants – Season 1 – Neptune's Spatula
missing episode match metadata,0,F:\MediaStack\data\media\tv\SpongeBob SquarePants\Season 01\SpongeBob SquarePants - S01E40-E41 - Hooky + Mermaid Man and Barnacle Boy II.mkv,,,episode,tmdb://1001299,,unmatched,SpongeBob SquarePants – Season 1 – Hooky
missing episode match metadata,0,F:\MediaStack\data\media\tv\SpongeBob SquarePants\Season 01\SpongeBob SquarePants - S01E40-E41 - Hooky + Mermaid Man and Barnacle Boy II.mkv,,,episode,tmdb://1001300,,unmatched,SpongeBob SquarePants – Season 1 – Mermaid Man and Barnacle Boy II
missing episode match metadata,0,F:\MediaStack\data\media\tv\SpongeBob SquarePants\Season 02\SpongeBob SquarePants - S02E01-E02 - Something Smells + Bossy Boots.mkv,,,episode,imdb://tt0707289,,unmatched,SpongeBob SquarePants – Season 2 – Something Smells
missing episode match metadata,0,F:\MediaStack\data\media\tv\SpongeBob SquarePants\Season 02\SpongeBob SquarePants - S02E01-E02 - Something Smells + Bossy Boots.mkv,,,episode,tmdb://1108184,,unmatched,SpongeBob SquarePants – Season 2 – Bossy Boots
missing episode match metadata,0,F:\MediaStack\data\media\tv\SpongeBob SquarePants\Season 02\SpongeBob SquarePants - S02E03-E04 - Your Shoe's Untied + Squid's Day Off.mkv,,,episode,tmdb://1108181,,unmatched,SpongeBob SquarePants – Season 2 – Your Shoe's Untied
missing episode match metadata,0,F:\MediaStack\data\media\tv\SpongeBob SquarePants\Season 02\SpongeBob SquarePants - S02E03-E04 - Your Shoe's Untied + Squid's Day Off.mkv,,,episode,tmdb://1108182,,unmatched,SpongeBob SquarePants – Season 2 – Squid's Day Off
missing episode match metadata,0,F:\MediaStack\data\media\tv\SpongeBob SquarePants\Season 02\SpongeBob SquarePants - S02E05-E06 - Big Pink Loser + Bubble Buddy.mkv,,,episode,tmdb://1108185,,unmatched,SpongeBob SquarePants – Season 2 – Big Pink Loser
missing episode match metadata,0,F:\MediaStack\data\media\tv\SpongeBob SquarePants\Season 02\SpongeBob SquarePants - S02E05-E06 - Big Pink Loser + Bubble Buddy.mkv,,,episode,tmdb://1108186,,unmatched,SpongeBob SquarePants – Season 2 – Bubble Buddy
missing episode match metadata,0,F:\MediaStack\data\media\tv\SpongeBob SquarePants\Season 02\SpongeBob SquarePants - S02E07-E08 - Mermaid Man and Barnacle Boy III + Squirrel Jokes.mkv,,,episode,tmdb://1108187,,unmatched,SpongeBob SquarePants – Season 2 – Mermaid Man & Barnacle Boy III
missing episode match metadata,0,F:\MediaStack\data\media\tv\SpongeBob SquarePants\Season 02\SpongeBob SquarePants - S02E07-E08 - Mermaid Man and Barnacle Boy III + Squirrel Jokes.mkv,,,episode,tmdb://1108188,,unmatched,SpongeBob SquarePants – Season 2 – Squirrel Jokes
missing episode match metadata,0,F:\MediaStack\data\media\tv\SpongeBob SquarePants\Season 02\SpongeBob SquarePants - S02E09-E10 - Dying for Pie + Imitation Krabs.mkv,,,episode,tmdb://1108214,,unmatched,SpongeBob SquarePants – Season 2 – Christmas Who?
missing episode match metadata,0,F:\MediaStack\data\media\tv\SpongeBob SquarePants\Season 01\SpongeBob SquarePants - S01E01-E03 - Help Wanted + Reef Blower + Tea at the Treedome.mkv,,,episode,tmdb://1001262,,unmatched,SpongeBob SquarePants – Season 1 – Tea at the Treedome
missing episode match metadata,0,F:\MediaStack\data\media\tv\SpongeBob SquarePants\Season 01\SpongeBob SquarePants - S01E04-E05 - Bubblestand + Ripped Pants.mkv,,,episode,imdb://tt0769427,,unmatched,SpongeBob SquarePants – Season 1 – Bubblestand
missing episode match metadata,0,F:\MediaStack\data\media\tv\SpongeBob SquarePants\Season 01\SpongeBob SquarePants - S01E04-E05 - Bubblestand + Ripped Pants.mkv,,,episode,tmdb://1001264,,unmatched,SpongeBob SquarePants – Season 1 – Ripped Pants
missing episode match metadata,0,F:\MediaStack\data\media\tv\SpongeBob SquarePants\Season 01\SpongeBob SquarePants - S01E06-E07 - Jellyfishing + Plankton!.mkv,,,episode,imdb://tt0707296,,unmatched,SpongeBob SquarePants – Season 1 – Jellyfishing
missing episode match metadata,0,F:\MediaStack\data\media\tv\SpongeBob SquarePants\Season 01\SpongeBob SquarePants - S01E06-E07 - Jellyfishing + Plankton!.mkv,,,episode,tmdb://1001266,,unmatched,SpongeBob SquarePants – Season 1 – Plankton!
missing episode match metadata,0,F:\MediaStack\data\media\tv\SpongeBob SquarePants\Season 01\SpongeBob SquarePants - S01E08-E09 - Naughty Nautical Neighbors + Boating School.mkv,,,episode,imdb://tt0769432,,unmatched,SpongeBob SquarePants – Season 1 – Naughty Nautical Neighbors
missing episode match metadata,0,F:\MediaStack\data\media\tv\SpongeBob SquarePants\Season 01\SpongeBob SquarePants - S01E08-E09 - Naughty Nautical Neighbors + Boating School.mkv,,,episode,tmdb://1001268,,unmatched,SpongeBob SquarePants – Season 1 – Boating School
missing episode match metadata,0,F:\MediaStack\data\media\tv\SpongeBob SquarePants\Season 01\SpongeBob SquarePants - S01E10-E11 - Pizza Delivery + Home Sweet Pineapple.mkv,,,episode,imdb://tt0769433,,unmatched,SpongeBob SquarePants – Season 1 – Pizza Delivery
missing episode match metadata,0,F:\MediaStack\data\media\tv\SpongeBob SquarePants\Season 01\SpongeBob SquarePants - S01E10-E11 - Pizza Delivery + Home Sweet Pineapple.mkv,,,episode,tmdb://1001270,,unmatched,SpongeBob SquarePants – Season 1 – Home Sweet Pineapple
missing episode match metadata,0,F:\MediaStack\data\media\tv\SpongeBob SquarePants\Season 01\SpongeBob SquarePants - S01E12-E13 - Mermaid Man and Barnacle Boy + Pickles.mkv,,,episode,imdb://tt0707302,,unmatched,SpongeBob SquarePants – Season 1 – Mermaid Man and Barnacle Boy
missing episode match metadata,0,F:\MediaStack\data\media\tv\SpongeBob SquarePants\Season 01\SpongeBob SquarePants - S01E12-E13 - Mermaid Man and Barnacle Boy + Pickles.mkv,,,episode,tmdb://1001272,,unmatched,SpongeBob SquarePants – Season 1 – Pickles
missing episode match metadata,0,F:\MediaStack\data\media\tv\SpongeBob SquarePants\Season 01\SpongeBob SquarePants - S01E14-E15 - Hall Monitor + Jellyfish Jam.mkv,,,episode,imdb://tt0769429,,unmatched,SpongeBob SquarePants – Season 1 – Hall Monitor
missing episode match metadata,0,F:\MediaStack\data\media\tv\SpongeBob SquarePants\Season 01\SpongeBob SquarePants - S01E14-E15 - Hall Monitor + Jellyfish Jam.mkv,,,episode,tmdb://1001274,,unmatched,SpongeBob SquarePants – Season 1 – Jellyfish Jam
missing episode match metadata,0,F:\MediaStack\data\media\tv\SpongeBob SquarePants\Season 01\SpongeBob SquarePants - S01E16-E17 - Sandy's Rocket + Squeaky Boots.mkv,,,episode,tmdb://1001275,,unmatched,SpongeBob SquarePants – Season 1 – Sandy's Rocket
missing episode match metadata,0,F:\MediaStack\data\media\tv\SpongeBob SquarePants\Season 01\SpongeBob SquarePants - S01E16-E17 - Sandy's Rocket + Squeaky Boots.mkv,,,episode,tmdb://1001276,,unmatched,SpongeBob SquarePants – Season 1 – Squeaky Boots
missing episode match metadata,0,F:\MediaStack\data\media\tv\SpongeBob SquarePants\Season 01\SpongeBob SquarePants - S01E18-E19 - Nature Pants + Opposite Day.mkv,,,episode,imdb://tt0769431,,unmatched,SpongeBob SquarePants – Season 1 – Nature Pants
missing episode match metadata,0,F:\MediaStack\data\media\tv\SpongeBob SquarePants\Season 01\SpongeBob SquarePants - S01E18-E19 - Nature Pants + Opposite Day.mkv,,,episode,tmdb://1001278,,unmatched,SpongeBob SquarePants – Season 1 – Opposite Day
missing episode match metadata,0,F:\MediaStack\data\media\tv\SpongeBob SquarePants\Season 01\SpongeBob SquarePants - S01E20-E21 - Culture Shock + F.U.N.mkv,,,episode,tmdb://1001279,,unmatched,SpongeBob SquarePants – Season 1 – Culture Shock
missing episode match metadata,0,F:\MediaStack\data\media\tv\SpongeBob SquarePants\Season 01\SpongeBob SquarePants - S01E20-E21 - Culture Shock + F.U.N.mkv,,,episode,tmdb://1001280,,unmatched,SpongeBob SquarePants – Season 1 – F.U.N.
missing episode match metadata,0,F:\MediaStack\data\media\tv\SpongeBob SquarePants\Season 01\SpongeBob SquarePants - S01E22-E23 - MuscleBob BuffPants + Squidward the Unfriendly Ghost.mkv,,,episode,tmdb://1001281,,unmatched,SpongeBob SquarePants – Season 1 – MuscleBob BuffPants
missing episode match metadata,0,F:\MediaStack\data\media\tv\SpongeBob SquarePants\Season 01\SpongeBob SquarePants - S01E22-E23 - MuscleBob BuffPants + Squidward the Unfriendly Ghost.mkv,,,episode,tmdb://1001282,,unmatched,SpongeBob SquarePants – Season 1 – Squidward the Unfriendly Ghost
missing episode match metadata,0,F:\MediaStack\data\media\tv\SpongeBob SquarePants\Season 01\SpongeBob SquarePants - S01E24-E25 - The Chaperone + Employee of the Month.mkv,,,episode,tmdb://1001283,,unmatched,SpongeBob SquarePants – Season 1 – The Chaperone
missing episode match metadata,0,F:\MediaStack\data\media\tv\SpongeBob SquarePants\Season 01\SpongeBob SquarePants - S01E24-E25 - The Chaperone + Employee of the Month.mkv,,,episode,tmdb://1001284,,unmatched,SpongeBob SquarePants – Season 1 – Employee of the Month
missing episode match metadata,0,F:\MediaStack\data\media\tv\SpongeBob SquarePants\Season 01\SpongeBob SquarePants - S01E26-E27 - Scaredy Pants + I Was a Teenage Gary.mkv,,,episode,imdb://tt0707307,,unmatched,SpongeBob SquarePants – Season 1 – Scaredy Pants
missing episode match metadata,0,F:\MediaStack\data\media\tv\SpongeBob SquarePants\Season 01\SpongeBob SquarePants - S01E26-E27 - Scaredy Pants + I Was a Teenage Gary.mkv,,,episode,tmdb://1001286,,unmatched,SpongeBob SquarePants – Season 1 – I Was a Teenage Gary
missing episode match metadata,0,F:\MediaStack\data\media\tv\Solo Leveling\Season 02\Solo Leveling - S02E05 - This is What We're Trained to Do.mkv,,,episode,local://24055,,unmatched,Solo Leveling – Season 2 – Episode 5
missing episode match metadata,0,F:\MediaStack\data\media\tv\Solo Leveling\Season 02\Solo Leveling - S02E06 - Don't Look Down on My Guys.mkv,,,episode,local://24056,,unmatched,Solo Leveling – Season 2 – Episode 6
missing episode match metadata,0,F:\MediaStack\data\media\tv\Solo Leveling\Season 02\Solo Leveling - S02E07 - The 10th S-Rank Hunter.mkv,,,episode,local://24057,,unmatched,Solo Leveling – Season 2 – Episode 7
missing episode match metadata,0,F:\MediaStack\data\media\tv\Solo Leveling\Season 02\Solo Leveling - S02E08 - Looking Up Was Tiring Me Out.mkv,,,episode,local://24058,,unmatched,Solo Leveling – Season 2 – Episode 8
missing episode match metadata,0,F:\MediaStack\data\media\tv\Solo Leveling\Season 02\Solo Leveling - S02E09 - It was All Worth It.mkv,,,episode,local://24059,,unmatched,Solo Leveling – Season 2 – Episode 9
missing episode match metadata,0,F:\MediaStack\data\media\tv\Solo Leveling\Season 02\Solo Leveling - S02E10 - We Need a Hero.mkv,,,episode,local://24060,,unmatched,Solo Leveling – Season 2 – Episode 10
missing episode match metadata,0,F:\MediaStack\data\media\tv\Solo Leveling\Season 02\Solo Leveling - S02E11 - It's Going to Get Even More Intense.mkv,,,episode,local://24061,,unmatched,Solo Leveling – Season 2 – Episode 11
missing episode match metadata,0,F:\MediaStack\data\media\tv\Solo Leveling\Season 02\Solo Leveling - S02E12 - Are You the King of Humans.mkv,,,episode,local://24062,,unmatched,Solo Leveling – Season 2 – Episode 12
missing episode match metadata,0,F:\MediaStack\data\media\tv\Solo Leveling\Season 02\Solo Leveling - S02E13 - On to the Next Target.mkv,,,episode,local://24063,,unmatched,Solo Leveling – Season 2 – Episode 13
missing episode match metadata,0,F:\MediaStack\data\media\tv\SpongeBob SquarePants\Specials\SpongeBob SquarePants - S00E02 - Party Pooper Pants.mkv,,,episode,tmdb://6042071,,unmatched,SpongeBob SquarePants – Specials – Holiday Party
missing episode match metadata,0,F:\MediaStack\data\media\tv\SpongeBob SquarePants\Specials\SpongeBob SquarePants - S00E03 - The Sponge Who Could Fly.mkv,,,episode,tmdb://6042072,,unmatched,SpongeBob SquarePants – Specials – Plankton's Holiday Hits
missing episode match metadata,0,F:\MediaStack\data\media\tv\SpongeBob SquarePants\Specials\SpongeBob SquarePants - S00E04 - Ugh.mkv,,,episode,tmdb://6390387,,unmatched,SpongeBob SquarePants – Specials – Bikini Bottom's 7 Life Strategies
missing episode match metadata,0,F:\MediaStack\data\media\tv\SpongeBob SquarePants\Specials\SpongeBob SquarePants - S00E06 - Have You Seen This Snail.mkv,,,episode,tmdb://6390337,,unmatched,SpongeBob SquarePants – Specials – Recollections From the First Season Crew
missing episode match metadata,0,F:\MediaStack\data\media\tv\SpongeBob SquarePants\Specials\SpongeBob SquarePants - S00E07 - Dunces and Dragons.mkv,,,episode,tmdb://6390341,,unmatched,SpongeBob SquarePants – Specials – Everybody's Talking: The Voices Behind SpongeBob SquarePants
missing episode match metadata,0,F:\MediaStack\data\media\tv\SpongeBob SquarePants\Specials\SpongeBob SquarePants - S00E08 - Friend or Foe.mkv,,,episode,tmdb://6390347,,unmatched,SpongeBob SquarePants – Specials – Drawing the Goo Lagoon
missing episode match metadata,0,F:\MediaStack\data\media\tv\SpongeBob SquarePants\Specials\SpongeBob SquarePants - S00E09 - Atlantis SquarePantis.mkv,,,episode,tmdb://1026532,,unmatched,SpongeBob SquarePants – Specials – The Endless Summer
missing episode match metadata,0,F:\MediaStack\data\media\tv\SpongeBob SquarePants\Specials\SpongeBob SquarePants - S00E10 - Pest of the West.mkv,,,episode,tmdb://6390582,,unmatched,SpongeBob SquarePants – Specials – Around the World With SpongeBob SquarePants
missing episode match metadata,0,F:\MediaStack\data\media\tv\SpongeBob SquarePants\Specials\SpongeBob SquarePants - S00E11 - What Ever Happened to SpongeBob.mkv,,,episode,tmdb://6390621,,unmatched,SpongeBob SquarePants – Specials – How to Draw SpongeBob SquarePants & His Underwater Buddies
missing episode match metadata,0,F:\MediaStack\data\media\tv\SpongeBob SquarePants\Specials\SpongeBob SquarePants - S00E12 - SpongeBob SquarePants vs. The Big One.mkv,,,episode,tmdb://6390655,,unmatched,SpongeBob SquarePants – Specials – Behind the Scenes: The Voices of SpongeBob & Friends
missing episode match metadata,0,F:\MediaStack\data\media\tv\SpongeBob SquarePants\Specials\SpongeBob SquarePants - S00E14 - Truth or Square.mkv,,,episode,tmdb://6390652,,unmatched,SpongeBob SquarePants – Specials – Anything for Baby
missing episode match metadata,0,F:\MediaStack\data\media\tv\SpongeBob SquarePants\Specials\SpongeBob SquarePants - S00E15 - The Clash of Triton.mkv,,,episode,tmdb://6390653,,unmatched,SpongeBob SquarePants – Specials – Flowers for Sandy
missing episode match metadata,0,F:\MediaStack\data\media\tv\SpongeBob SquarePants\Season 01\SpongeBob SquarePants - S01E01-E03 - Help Wanted + Reef Blower + Tea at the Treedome.mkv,,,episode,imdb://tt0707293,,unmatched,SpongeBob SquarePants – Season 1 – Help Wanted
missing episode match metadata,0,F:\MediaStack\data\media\tv\SpongeBob SquarePants\Season 01\SpongeBob SquarePants - S01E01-E03 - Help Wanted + Reef Blower + Tea at the Treedome.mkv,,,episode,tmdb://1001261,,unmatched,SpongeBob SquarePants – Season 1 – Reef Blower
missing episode match metadata,0,F:\MediaStack\data\media\tv\Seinfeld\Season 09\Seinfeld - S09E19 - The Maid.mkv,,,episode,imdb://tt0697727,,unmatched,Seinfeld – Season 9 – The Maid
missing episode match metadata,0,F:\MediaStack\data\media\tv\Seinfeld\Season 09\Seinfeld - S09E20 - The Puerto Rican Day.mkv,,,episode,imdb://tt0697761,,unmatched,Seinfeld – Season 9 – The Puerto Rican Day
missing episode match metadata,0,F:\MediaStack\data\media\tv\Seinfeld\Season 09\Seinfeld - S09E21-E22 - The Chronicle (Part 1) + The Chronicle (Part 2).mkv,,,episode,imdb://tt0893212,,unmatched,Seinfeld – Season 9 – The Chronicle (1)
missing episode match metadata,0,F:\MediaStack\data\media\tv\Seinfeld\Season 09\Seinfeld - S09E21-E22 - The Chronicle (Part 1) + The Chronicle (Part 2).mkv,,,episode,tmdb://63282,,unmatched,Seinfeld – Season 9 – The Chronicle (2)
missing episode match metadata,0,F:\MediaStack\data\media\tv\Seinfeld\Season 09\Seinfeld - S09E23-E24 - The Finale (Part 1) + The Finale (Part 2).mkv,,,episode,imdb://tt0697695,,unmatched,Seinfeld – Season 9 – The Finale (1)
missing episode match metadata,0,F:\MediaStack\data\media\tv\Seinfeld\Season 09\Seinfeld - S09E23-E24 - The Finale (Part 1) + The Finale (Part 2).mkv,,,episode,tmdb://63283,,unmatched,Seinfeld – Season 9 – The Finale (2)
missing episode match metadata,0,F:\MediaStack\data\media\tv\Solo Leveling\Season 01\Solo Leveling - S01E01 - I'm Used to It.mkv,,,episode,imdb://tt21603464,,unmatched,Solo Leveling – Season 1 – I'm Used to It
missing episode match metadata,0,F:\MediaStack\data\media\tv\Solo Leveling\Season 01\Solo Leveling - S01E02 - If I Had One More Chance.mkv,,,episode,imdb://tt30801754,,unmatched,Solo Leveling – Season 1 – If I Had One More Chance
missing episode match metadata,0,F:\MediaStack\data\media\tv\Solo Leveling\Season 01\Solo Leveling - S01E03 - It's Like a Game.mkv,,,episode,imdb://tt30869507,,unmatched,Solo Leveling – Season 1 – It's Like a Game
missing episode match metadata,0,F:\MediaStack\data\media\tv\Solo Leveling\Season 01\Solo Leveling - S01E04 - I've Gotta Get Stronger.mkv,,,episode,imdb://tt30869508,,unmatched,Solo Leveling – Season 1 – I've Gotta Get Stronger
missing episode match metadata,0,F:\MediaStack\data\media\tv\Solo Leveling\Season 01\Solo Leveling - S01E05 - A Pretty Good Deal.mkv,,,episode,imdb://tt30869509,,unmatched,Solo Leveling – Season 1 – A Pretty Good Deal
missing episode match metadata,0,F:\MediaStack\data\media\tv\Solo Leveling\Season 01\Solo Leveling - S01E06 - The Real Hunt Begins.mkv,,,episode,imdb://tt30869510,,unmatched,Solo Leveling – Season 1 – The Real Hunt Begins
missing episode match metadata,0,F:\MediaStack\data\media\tv\Solo Leveling\Season 01\Solo Leveling - S01E07 - Let's See How Far I Can Go.mkv,,,episode,imdb://tt30869511,,unmatched,Solo Leveling – Season 1 – Let's See How Far I Can Go
missing episode match metadata,0,F:\MediaStack\data\media\tv\Solo Leveling\Season 01\Solo Leveling - S01E08 - This Is Frustrating.mkv,,,episode,imdb://tt31695633,,unmatched,Solo Leveling – Season 1 – This Is Frustrating
missing episode match metadata,0,F:\MediaStack\data\media\tv\Solo Leveling\Season 01\Solo Leveling - S01E09 - You've Been Hiding Your Skills.mkv,,,episode,imdb://tt30869514,,unmatched,Solo Leveling – Season 1 – You've Been Hiding Your Skills
missing episode match metadata,0,"F:\MediaStack\data\media\tv\Solo Leveling\Season 01\Solo Leveling - S01E10 - What Is This, a Picnic.mkv",,,episode,imdb://tt30869516,,unmatched,"Solo Leveling – Season 1 – What Is This, a Picnic?"
missing episode match metadata,0,F:\MediaStack\data\media\tv\Solo Leveling\Season 01\Solo Leveling - S01E11 - A Knight Who Defends an Empty Throne.mkv,,,episode,imdb://tt30869517,,unmatched,Solo Leveling – Season 1 – A Knight Who Defends an Empty Throne
missing episode match metadata,0,F:\MediaStack\data\media\tv\Solo Leveling\Season 01\Solo Leveling - S01E12 - Arise.mkv,,,episode,imdb://tt31529203,,unmatched,Solo Leveling – Season 1 – Arise
missing episode match metadata,0,"F:\MediaStack\data\media\tv\Solo Leveling\Season 02\Solo Leveling - S02E01 - You Aren't E-Rank, Are You.mkv",,,episode,local://24051,,unmatched,Solo Leveling – Season 2 – Episode 1
missing episode match metadata,0,F:\MediaStack\data\media\tv\Solo Leveling\Season 02\Solo Leveling - S02E02 - I Suppose You Aren't Aware.mkv,,,episode,local://24052,,unmatched,Solo Leveling – Season 2 – Episode 2
missing episode match metadata,0,F:\MediaStack\data\media\tv\Solo Leveling\Season 02\Solo Leveling - S02E03 - Still a Long Way to Go.mkv,,,episode,local://24053,,unmatched,Solo Leveling – Season 2 – Episode 3
missing episode match metadata,0,F:\MediaStack\data\media\tv\Solo Leveling\Season 02\Solo Leveling - S02E04 - I Need to Stop Faking.mkv,,,episode,local://24054,,unmatched,Solo Leveling – Season 2 – Episode 4
missing episode match metadata,0,F:\MediaStack\data\media\tv\Seinfeld\Season 08\Seinfeld - S08E16 - The Pothole.mkv,,,episode,imdb://tt0697760,,unmatched,Seinfeld – Season 8 – The Pothole
missing episode match metadata,0,F:\MediaStack\data\media\tv\Seinfeld\Season 08\Seinfeld - S08E17 - The English Patient.mkv,,,episode,imdb://tt0697691,,unmatched,Seinfeld – Season 8 – The English Patient
missing episode match metadata,0,F:\MediaStack\data\media\tv\Seinfeld\Season 08\Seinfeld - S08E18 - The Nap.mkv,,,episode,imdb://tt0697737,,unmatched,Seinfeld – Season 8 – The Nap
missing episode match metadata,0,F:\MediaStack\data\media\tv\Seinfeld\Season 08\Seinfeld - S08E19 - The Yada Yada.mkv,,,episode,imdb://tt0697814,,unmatched,Seinfeld – Season 8 – The Yada Yada
missing episode match metadata,0,F:\MediaStack\data\media\tv\Seinfeld\Season 08\Seinfeld - S08E20 - The Millennium.mkv,,,episode,imdb://tt0697732,,unmatched,Seinfeld – Season 8 – The Millennium
missing episode match metadata,0,F:\MediaStack\data\media\tv\Seinfeld\Season 08\Seinfeld - S08E21 - The Muffin Tops.mkv,,,episode,imdb://tt0697736,,unmatched,Seinfeld – Season 8 – The Muffin Tops
missing episode match metadata,0,F:\MediaStack\data\media\tv\Seinfeld\Season 08\Seinfeld - S08E22 - The Summer of George.mkv,,,episode,imdb://tt0697794,,unmatched,Seinfeld – Season 8 – The Summer of George
missing episode match metadata,0,F:\MediaStack\data\media\tv\Seinfeld\Season 09\Seinfeld - S09E01 - The Butter Shave.mkv,,,episode,imdb://tt0697665,,unmatched,Seinfeld – Season 9 – The Butter Shave
missing episode match metadata,0,F:\MediaStack\data\media\tv\Seinfeld\Season 09\Seinfeld - S09E02 - The Voice.mkv,,,episode,imdb://tt0697806,,unmatched,Seinfeld – Season 9 – The Voice
missing episode match metadata,0,F:\MediaStack\data\media\tv\Seinfeld\Season 09\Seinfeld - S09E03 - The Serenity Now.mkv,,,episode,imdb://tt0697773,,unmatched,Seinfeld – Season 9 – The Serenity Now
missing episode match metadata,0,F:\MediaStack\data\media\tv\Seinfeld\Season 09\Seinfeld - S09E04 - The Blood.mkv,,,episode,imdb://tt0697658,,unmatched,Seinfeld – Season 9 – The Blood
missing episode match metadata,0,F:\MediaStack\data\media\tv\Seinfeld\Season 09\Seinfeld - S09E05 - The Junk Mail.mkv,,,episode,imdb://tt0697716,,unmatched,Seinfeld – Season 9 – The Junk Mail
missing episode match metadata,0,F:\MediaStack\data\media\tv\Seinfeld\Season 09\Seinfeld - S09E06 - The Merv Griffin Show.mkv,,,episode,imdb://tt0697731,,unmatched,Seinfeld – Season 9 – The Merv Griffin Show
missing episode match metadata,0,F:\MediaStack\data\media\tv\Seinfeld\Season 09\Seinfeld - S09E07 - The Slicer.mkv,,,episode,imdb://tt0697777,,unmatched,Seinfeld – Season 9 – The Slicer
missing episode match metadata,0,F:\MediaStack\data\media\tv\Seinfeld\Season 09\Seinfeld - S09E08 - The Betrayal.mkv,,,episode,imdb://tt0697655,,unmatched,Seinfeld – Season 9 – The Betrayal
missing episode match metadata,0,F:\MediaStack\data\media\tv\Seinfeld\Season 09\Seinfeld - S09E09 - The Apology.mkv,,,episode,imdb://tt0697651,,unmatched,Seinfeld – Season 9 – The Apology
missing episode match metadata,0,F:\MediaStack\data\media\tv\Seinfeld\Season 09\Seinfeld - S09E10 - The Strike.mkv,,,episode,imdb://tt0697790,,unmatched,Seinfeld – Season 9 – The Strike
missing episode match metadata,0,F:\MediaStack\data\media\tv\Seinfeld\Season 09\Seinfeld - S09E11 - The Dealership.mkv,,,episode,imdb://tt0697683,,unmatched,Seinfeld – Season 9 – The Dealership
missing episode match metadata,0,F:\MediaStack\data\media\tv\Seinfeld\Season 09\Seinfeld - S09E12 - The Reverse Peephole.mkv,,,episode,imdb://tt0697767,,unmatched,Seinfeld – Season 9 – The Reverse Peephole
missing episode match metadata,0,F:\MediaStack\data\media\tv\Seinfeld\Season 09\Seinfeld - S09E13 - The Cartoon.mkv,,,episode,imdb://tt0697670,,unmatched,Seinfeld – Season 9 – The Cartoon
missing episode match metadata,0,F:\MediaStack\data\media\tv\Seinfeld\Season 09\Seinfeld - S09E14 - The Strongbox.mkv,,,episode,imdb://tt0697791,,unmatched,Seinfeld – Season 9 – The Strong Box
missing episode match metadata,0,F:\MediaStack\data\media\tv\Seinfeld\Season 09\Seinfeld - S09E15 - The Wizard.mkv,,,episode,imdb://tt0697813,,unmatched,Seinfeld – Season 9 – The Wizard
missing episode match metadata,0,F:\MediaStack\data\media\tv\Seinfeld\Season 09\Seinfeld - S09E16 - The Burning.mkv,,,episode,imdb://tt0697663,,unmatched,Seinfeld – Season 9 – The Burning
missing episode match metadata,0,F:\MediaStack\data\media\tv\Seinfeld\Season 09\Seinfeld - S09E17 - The Bookstore.mkv,,,episode,imdb://tt0697659,,unmatched,Seinfeld – Season 9 – The Bookstore
missing episode match metadata,0,F:\MediaStack\data\media\tv\Seinfeld\Season 09\Seinfeld - S09E18 - The Frogger.mkv,,,episode,imdb://tt0697701,,unmatched,Seinfeld – Season 9 – The Frogger
missing episode match metadata,0,F:\MediaStack\data\media\tv\Seinfeld\Season 07\Seinfeld - S07E12 - The Caddy.mkv,,,episode,imdb://tt0697666,,unmatched,Seinfeld – Season 7 – The Caddy
missing episode match metadata,0,F:\MediaStack\data\media\tv\Seinfeld\Season 07\Seinfeld - S07E13 - The Seven.mkv,,,episode,imdb://tt0697774,,unmatched,Seinfeld – Season 7 – The Seven
missing episode match metadata,0,F:\MediaStack\data\media\tv\Seinfeld\Season 07\Seinfeld - S07E14-E15 - The Cadillac (Part 1) + The Cadillac (Part 2).mkv,,,episode,imdb://tt0697667,,unmatched,Seinfeld – Season 7 – The Cadillac (1)
missing episode match metadata,0,F:\MediaStack\data\media\tv\Seinfeld\Season 07\Seinfeld - S07E14-E15 - The Cadillac (Part 1) + The Cadillac (Part 2).mkv,,,episode,tmdb://63228,,unmatched,Seinfeld – Season 7 – The Cadillac (2)
missing episode match metadata,0,F:\MediaStack\data\media\tv\Seinfeld\Season 07\Seinfeld - S07E16 - The Shower Head.mkv,,,episode,imdb://tt0697776,,unmatched,Seinfeld – Season 7 – The Shower Head
missing episode match metadata,0,F:\MediaStack\data\media\tv\Seinfeld\Season 07\Seinfeld - S07E17 - The Doll.mkv,,,episode,imdb://tt0697687,,unmatched,Seinfeld – Season 7 – The Doll
missing episode match metadata,0,F:\MediaStack\data\media\tv\Seinfeld\Season 07\Seinfeld - S07E18 - The Friars Club.mkv,,,episode,imdb://tt0697700,,unmatched,Seinfeld – Season 7 – The Friars Club
missing episode match metadata,0,F:\MediaStack\data\media\tv\Seinfeld\Season 07\Seinfeld - S07E19 - The Wig Master.mkv,,,episode,imdb://tt0697811,,unmatched,Seinfeld – Season 7 – The Wig Master
missing episode match metadata,0,F:\MediaStack\data\media\tv\Seinfeld\Season 07\Seinfeld - S07E20 - The Calzone.mkv,,,episode,imdb://tt0697669,,unmatched,Seinfeld – Season 7 – The Calzone
missing episode match metadata,0,F:\MediaStack\data\media\tv\Seinfeld\Season 07\Seinfeld - S07E21-E22 - The Bottle Deposit (Part 1) + The Bottle Deposit (Part 2).mkv,,,episode,imdb://tt0697660,,unmatched,Seinfeld – Season 7 – The Bottle Deposit (1)
missing episode match metadata,0,F:\MediaStack\data\media\tv\Seinfeld\Season 07\Seinfeld - S07E21-E22 - The Bottle Deposit (Part 1) + The Bottle Deposit (Part 2).mkv,,,episode,tmdb://63235,,unmatched,Seinfeld – Season 7 – The Bottle Deposit (2)
missing episode match metadata,0,F:\MediaStack\data\media\tv\Seinfeld\Season 07\Seinfeld - S07E23 - The Wait Out.mkv,,,episode,imdb://tt0697807,,unmatched,Seinfeld – Season 7 – The Wait Out
missing episode match metadata,0,F:\MediaStack\data\media\tv\Seinfeld\Season 07\Seinfeld - S07E24 - The Invitations.mkv,,,episode,imdb://tt0697712,,unmatched,Seinfeld – Season 7 – The Invitations
missing episode match metadata,0,F:\MediaStack\data\media\tv\Seinfeld\Season 08\Seinfeld - S08E01 - The Foundation.mkv,,,episode,imdb://tt0697699,,unmatched,Seinfeld – Season 8 – The Foundation
missing episode match metadata,0,F:\MediaStack\data\media\tv\Seinfeld\Season 08\Seinfeld - S08E02 - The Soul Mate.mkv,,,episode,imdb://tt0697780,,unmatched,Seinfeld – Season 8 – The Soul Mate
missing episode match metadata,0,F:\MediaStack\data\media\tv\Seinfeld\Season 08\Seinfeld - S08E03 - The Bizarro Jerry.mkv,,,episode,imdb://tt0697657,,unmatched,Seinfeld – Season 8 – The Bizarro Jerry
missing episode match metadata,0,F:\MediaStack\data\media\tv\Seinfeld\Season 08\Seinfeld - S08E04 - The Little Kicks.mkv,,,episode,imdb://tt0697725,,unmatched,Seinfeld – Season 8 – The Little Kicks
missing episode match metadata,0,F:\MediaStack\data\media\tv\Seinfeld\Season 08\Seinfeld - S08E05 - The Package.mkv,,,episode,imdb://tt0697746,,unmatched,Seinfeld – Season 8 – The Package
missing episode match metadata,0,F:\MediaStack\data\media\tv\Seinfeld\Season 08\Seinfeld - S08E06 - The Fatigues.mkv,,,episode,imdb://tt0697694,,unmatched,Seinfeld – Season 8 – The Fatigues
missing episode match metadata,0,F:\MediaStack\data\media\tv\Seinfeld\Season 08\Seinfeld - S08E07 - The Checks.mkv,,,episode,imdb://tt0697672,,unmatched,Seinfeld – Season 8 – The Checks
missing episode match metadata,0,F:\MediaStack\data\media\tv\Seinfeld\Season 08\Seinfeld - S08E08 - The Chicken Roaster.mkv,,,episode,imdb://tt0697674,,unmatched,Seinfeld – Season 8 – The Chicken Roaster
missing episode match metadata,0,F:\MediaStack\data\media\tv\Seinfeld\Season 08\Seinfeld - S08E09 - The Abstinence.mkv,,,episode,imdb://tt0697646,,unmatched,Seinfeld – Season 8 – The Abstinence
missing episode match metadata,0,F:\MediaStack\data\media\tv\Seinfeld\Season 08\Seinfeld - S08E10 - The Andrea Doria.mkv,,,episode,imdb://tt0697649,,unmatched,Seinfeld – Season 8 – The Andrea Doria
missing episode match metadata,0,F:\MediaStack\data\media\tv\Seinfeld\Season 08\Seinfeld - S08E11 - The Little Jerry.mkv,,,episode,imdb://tt0697724,,unmatched,Seinfeld – Season 8 – The Little Jerry
missing episode match metadata,0,F:\MediaStack\data\media\tv\Seinfeld\Season 08\Seinfeld - S08E12 - The Money.mkv,,,episode,imdb://tt0697734,,unmatched,Seinfeld – Season 8 – The Money
missing episode match metadata,0,F:\MediaStack\data\media\tv\Seinfeld\Season 08\Seinfeld - S08E13 - The Comeback.mkv,,,episode,imdb://tt0697678,,unmatched,Seinfeld – Season 8 – The Comeback
missing episode match metadata,0,F:\MediaStack\data\media\tv\Seinfeld\Season 08\Seinfeld - S08E14 - The Van Buren Boys.mkv,,,episode,imdb://tt0697803,,unmatched,Seinfeld – Season 8 – The Van Buren Boys
missing episode match metadata,0,F:\MediaStack\data\media\tv\Seinfeld\Season 08\Seinfeld - S08E15 - The Susie.mkv,,,episode,imdb://tt0697795,,unmatched,Seinfeld – Season 8 – The Susie
missing episode match metadata,0,F:\MediaStack\data\media\tv\Seinfeld\Season 06\Seinfeld - S06E11 - The Switch.mkv,,,episode,imdb://tt0697796,,unmatched,Seinfeld – Season 6 – The Switch
missing episode match metadata,0,F:\MediaStack\data\media\tv\Seinfeld\Season 06\Seinfeld - S06E12 - The Label Maker.mkv,,,episode,imdb://tt0697719,,unmatched,Seinfeld – Season 6 – The Label Maker
missing episode match metadata,0,F:\MediaStack\data\media\tv\Seinfeld\Season 06\Seinfeld - S06E13 - The Scofflaw.mkv,,,episode,imdb://tt0697770,,unmatched,Seinfeld – Season 6 – The Scofflaw
missing episode match metadata,0,F:\MediaStack\data\media\tv\Seinfeld\Season 06\Seinfeld - S06E14-E15 - The Highlights of 100 (Part 1) + The Highlights of 100 (Part 2).mkv,,,episode,imdb://tt0697644,,unmatched,Seinfeld – Season 6 – The Highlights of 100 (1)
missing episode match metadata,0,F:\MediaStack\data\media\tv\Seinfeld\Season 06\Seinfeld - S06E14-E15 - The Highlights of 100 (Part 1) + The Highlights of 100 (Part 2).mkv,,,episode,tmdb://63212,,unmatched,Seinfeld – Season 6 – The Highlights of 100 (2)
missing episode match metadata,0,F:\MediaStack\data\media\tv\Seinfeld\Season 06\Seinfeld - S06E16 - The Beard.mkv,,,episode,imdb://tt0697654,,unmatched,Seinfeld – Season 6 – The Beard
missing episode match metadata,0,F:\MediaStack\data\media\tv\Seinfeld\Season 06\Seinfeld - S06E17 - The Kiss Hello.mkv,,,episode,imdb://tt0697718,,unmatched,Seinfeld – Season 6 – The Kiss Hello
missing episode match metadata,0,F:\MediaStack\data\media\tv\Seinfeld\Season 06\Seinfeld - S06E18 - The Doorman.mkv,,,episode,imdb://tt0697689,,unmatched,Seinfeld – Season 6 – The Doorman
missing episode match metadata,0,F:\MediaStack\data\media\tv\Seinfeld\Season 06\Seinfeld - S06E19 - The Jimmy.mkv,,,episode,imdb://tt0697714,,unmatched,Seinfeld – Season 6 – The Jimmy
missing episode match metadata,0,F:\MediaStack\data\media\tv\Seinfeld\Season 06\Seinfeld - S06E20 - The Doodle.mkv,,,episode,imdb://tt0697688,,unmatched,Seinfeld – Season 6 – The Doodle
missing episode match metadata,0,F:\MediaStack\data\media\tv\Seinfeld\Season 06\Seinfeld - S06E21 - The Fusilli Jerry.mkv,,,episode,imdb://tt0697702,,unmatched,Seinfeld – Season 6 – The Fusilli Jerry
missing episode match metadata,0,F:\MediaStack\data\media\tv\Seinfeld\Season 06\Seinfeld - S06E22 - The Diplomat's Club.mkv,,,episode,imdb://tt0697685,,unmatched,Seinfeld – Season 6 – The Diplomat's Club
missing episode match metadata,0,F:\MediaStack\data\media\tv\Seinfeld\Season 06\Seinfeld - S06E23 - The Face Painter.mkv,,,episode,imdb://tt0697693,,unmatched,Seinfeld – Season 6 – The Face Painter
missing episode match metadata,0,F:\MediaStack\data\media\tv\Seinfeld\Season 06\Seinfeld - S06E24 - The Understudy.mkv,,,episode,imdb://tt0697802,,unmatched,Seinfeld – Season 6 – The Understudy
missing episode match metadata,0,F:\MediaStack\data\media\tv\Seinfeld\Season 07\Seinfeld - S07E01 - The Engagement.mkv,,,episode,imdb://tt0697690,,unmatched,Seinfeld – Season 7 – The Engagement
missing episode match metadata,0,F:\MediaStack\data\media\tv\Seinfeld\Season 07\Seinfeld - S07E02 - The Postponement.mkv,,,episode,imdb://tt0697759,,unmatched,Seinfeld – Season 7 – The Postponement
missing episode match metadata,0,F:\MediaStack\data\media\tv\Seinfeld\Season 07\Seinfeld - S07E03 - The Maestro.mkv,,,episode,imdb://tt0697726,,unmatched,Seinfeld – Season 7 – The Maestro
missing episode match metadata,0,F:\MediaStack\data\media\tv\Seinfeld\Season 07\Seinfeld - S07E04 - The Wink.mkv,,,episode,imdb://tt0697812,,unmatched,Seinfeld – Season 7 – The Wink
missing episode match metadata,0,F:\MediaStack\data\media\tv\Seinfeld\Season 07\Seinfeld - S07E05 - The Hot Tub.mkv,,,episode,imdb://tt0697710,,unmatched,Seinfeld – Season 7 – The Hot Tub
missing episode match metadata,0,F:\MediaStack\data\media\tv\Seinfeld\Season 07\Seinfeld - S07E06 - The Soup Nazi.mkv,,,episode,imdb://tt0697782,,unmatched,Seinfeld – Season 7 – The Soup Nazi
missing episode match metadata,0,F:\MediaStack\data\media\tv\Seinfeld\Season 07\Seinfeld - S07E07 - The Secret Code.mkv,,,episode,imdb://tt0697771,,unmatched,Seinfeld – Season 7 – The Secret Code
missing episode match metadata,0,F:\MediaStack\data\media\tv\Seinfeld\Season 07\Seinfeld - S07E08 - The Pool Guy.mkv,,,episode,imdb://tt0697758,,unmatched,Seinfeld – Season 7 – The Pool Guy
missing episode match metadata,0,F:\MediaStack\data\media\tv\Seinfeld\Season 07\Seinfeld - S07E09 - The Sponge.mkv,,,episode,imdb://tt0697783,,unmatched,Seinfeld – Season 7 – The Sponge
missing episode match metadata,0,F:\MediaStack\data\media\tv\Seinfeld\Season 07\Seinfeld - S07E10 - The Gum.mkv,,,episode,imdb://tt0697705,,unmatched,Seinfeld – Season 7 – The Gum
missing episode match metadata,0,F:\MediaStack\data\media\tv\Seinfeld\Season 07\Seinfeld - S07E11 - The Rye.mkv,,,episode,imdb://tt0697769,,unmatched,Seinfeld – Season 7 – The Rye
missing episode match metadata,0,F:\MediaStack\data\media\tv\Seinfeld\Season 05\Seinfeld - S05E07 - The Non-Fat Yogurt.mkv,,,episode,imdb://tt0697739,,unmatched,Seinfeld – Season 5 – The Non-Fat Yogurt
missing episode match metadata,0,F:\MediaStack\data\media\tv\Seinfeld\Season 05\Seinfeld - S05E08 - The Barber.mkv,,,episode,imdb://tt0697653,,unmatched,Seinfeld – Season 5 – The Barber
missing episode match metadata,0,F:\MediaStack\data\media\tv\Seinfeld\Season 05\Seinfeld - S05E09 - The Masseuse.mkv,,,episode,imdb://tt0697730,,unmatched,Seinfeld – Season 5 – The Masseuse
missing episode match metadata,0,F:\MediaStack\data\media\tv\Seinfeld\Season 05\Seinfeld - S05E10 - The Cigar Store Indian.mkv,,,episode,imdb://tt0697677,,unmatched,Seinfeld – Season 5 – The Cigar Store Indian
missing episode match metadata,0,F:\MediaStack\data\media\tv\Seinfeld\Season 05\Seinfeld - S05E11 - The Conversion.mkv,,,episode,imdb://tt0697680,,unmatched,Seinfeld – Season 5 – The Conversion
missing episode match metadata,0,F:\MediaStack\data\media\tv\Seinfeld\Season 05\Seinfeld - S05E12 - The Stall.mkv,,,episode,imdb://tt0697785,,unmatched,Seinfeld – Season 5 – The Stall
missing episode match metadata,0,F:\MediaStack\data\media\tv\Seinfeld\Season 05\Seinfeld - S05E13 - The Dinner Party.mkv,,,episode,imdb://tt0697684,,unmatched,Seinfeld – Season 5 – The Dinner Party
missing episode match metadata,0,F:\MediaStack\data\media\tv\Seinfeld\Season 05\Seinfeld - S05E14 - The Marine Biologist.mkv,,,episode,imdb://tt0697729,,unmatched,Seinfeld – Season 5 – The Marine Biologist
missing episode match metadata,0,F:\MediaStack\data\media\tv\Seinfeld\Season 05\Seinfeld - S05E15 - The Pie.mkv,,,episode,imdb://tt0697753,,unmatched,Seinfeld – Season 5 – The Pie
missing episode match metadata,0,F:\MediaStack\data\media\tv\Seinfeld\Season 05\Seinfeld - S05E16 - The Stand-In.mkv,,,episode,imdb://tt0697786,,unmatched,Seinfeld – Season 5 – The Stand-In
missing episode match metadata,0,F:\MediaStack\data\media\tv\Seinfeld\Season 05\Seinfeld - S05E17 - The Wife.mkv,,,episode,imdb://tt0697810,,unmatched,Seinfeld – Season 5 – The Wife
missing episode match metadata,0,F:\MediaStack\data\media\tv\Seinfeld\Season 05\Seinfeld - S05E18-E19 - The Raincoats (Part 1) + The Raincoats (Part 2).mkv,,,episode,imdb://tt0697764,,unmatched,Seinfeld – Season 5 – The Raincoats (1)
missing episode match metadata,0,F:\MediaStack\data\media\tv\Seinfeld\Season 05\Seinfeld - S05E18-E19 - The Raincoats (Part 1) + The Raincoats (Part 2).mkv,,,episode,tmdb://63186,,unmatched,Seinfeld – Season 5 – The Raincoats (2)
missing episode match metadata,0,F:\MediaStack\data\media\tv\Seinfeld\Season 05\Seinfeld - S05E20 - The Fire.mkv,,,episode,imdb://tt0697697,,unmatched,Seinfeld – Season 5 – The Fire
missing episode match metadata,0,F:\MediaStack\data\media\tv\Seinfeld\Season 05\Seinfeld - S05E21 - The Hamptons.mkv,,,episode,imdb://tt0697707,,unmatched,Seinfeld – Season 5 – The Hamptons
missing episode match metadata,0,F:\MediaStack\data\media\tv\Seinfeld\Season 05\Seinfeld - S05E22 - The Opposite.mkv,,,episode,imdb://tt0697744,,unmatched,Seinfeld – Season 5 – The Opposite
missing episode match metadata,0,F:\MediaStack\data\media\tv\Seinfeld\Season 06\Seinfeld - S06E01 - The Chaperone.mkv,,,episode,imdb://tt0697671,,unmatched,Seinfeld – Season 6 – The Chaperone
missing episode match metadata,0,F:\MediaStack\data\media\tv\Seinfeld\Season 06\Seinfeld - S06E02 - The Big Salad.mkv,,,episode,imdb://tt0697656,,unmatched,Seinfeld – Season 6 – The Big Salad
missing episode match metadata,0,F:\MediaStack\data\media\tv\Seinfeld\Season 06\Seinfeld - S06E03 - The Pledge Drive.mkv,,,episode,imdb://tt0697756,,unmatched,Seinfeld – Season 6 – The Pledge Drive
missing episode match metadata,0,F:\MediaStack\data\media\tv\Seinfeld\Season 06\Seinfeld - S06E04 - The Chinese Woman.mkv,,,episode,imdb://tt0697676,,unmatched,Seinfeld – Season 6 – The Chinese Woman
missing episode match metadata,0,F:\MediaStack\data\media\tv\Seinfeld\Season 06\Seinfeld - S06E05 - The Couch.mkv,,,episode,imdb://tt0697681,,unmatched,Seinfeld – Season 6 – The Couch
missing episode match metadata,0,F:\MediaStack\data\media\tv\Seinfeld\Season 06\Seinfeld - S06E06 - The Gymnast.mkv,,,episode,imdb://tt0697706,,unmatched,Seinfeld – Season 6 – The Gymnast
missing episode match metadata,0,F:\MediaStack\data\media\tv\Seinfeld\Season 06\Seinfeld - S06E07 - The Soup.mkv,,,episode,imdb://tt0697781,,unmatched,Seinfeld – Season 6 – The Soup
missing episode match metadata,0,F:\MediaStack\data\media\tv\Seinfeld\Season 06\Seinfeld - S06E08 - The Mom & Pop Store.mkv,,,episode,imdb://tt0697733,,unmatched,Seinfeld – Season 6 – The Mom & Pop Store
missing episode match metadata,0,F:\MediaStack\data\media\tv\Seinfeld\Season 06\Seinfeld - S06E09 - The Secretary.mkv,,,episode,imdb://tt0697772,,unmatched,Seinfeld – Season 6 – The Secretary
missing episode match metadata,0,F:\MediaStack\data\media\tv\Seinfeld\Season 06\Seinfeld - S06E10 - The Race.mkv,,,episode,imdb://tt0697763,,unmatched,Seinfeld – Season 6 – The Race
missing episode match metadata,0,F:\MediaStack\data\media\tv\Seinfeld\Season 04\Seinfeld - S04E07 - The Bubble Boy.mkv,,,episode,imdb://tt0697662,,unmatched,Seinfeld – Season 4 – The Bubble Boy
missing episode match metadata,0,F:\MediaStack\data\media\tv\Seinfeld\Season 04\Seinfeld - S04E08 - The Cheever Letters.mkv,,,episode,imdb://tt0697673,,unmatched,Seinfeld – Season 4 – The Cheever Letters
missing episode match metadata,0,F:\MediaStack\data\media\tv\Seinfeld\Season 04\Seinfeld - S04E09 - The Opera.mkv,,,episode,imdb://tt0697743,,unmatched,Seinfeld – Season 4 – The Opera
missing episode match metadata,0,F:\MediaStack\data\media\tv\Seinfeld\Season 04\Seinfeld - S04E10 - The Virgin.mkv,,,episode,imdb://tt0697804,,unmatched,Seinfeld – Season 4 – The Virgin
missing episode match metadata,0,F:\MediaStack\data\media\tv\Seinfeld\Season 04\Seinfeld - S04E11 - The Contest.mkv,,,episode,imdb://tt0697679,,unmatched,Seinfeld – Season 4 – The Contest
missing episode match metadata,0,F:\MediaStack\data\media\tv\Seinfeld\Season 04\Seinfeld - S04E12 - The Airport.mkv,,,episode,imdb://tt0697647,,unmatched,Seinfeld – Season 4 – The Airport
missing episode match metadata,0,F:\MediaStack\data\media\tv\Seinfeld\Season 04\Seinfeld - S04E13 - The Pick.mkv,,,episode,imdb://tt0697752,,unmatched,Seinfeld – Season 4 – The Pick
missing episode match metadata,0,F:\MediaStack\data\media\tv\Seinfeld\Season 04\Seinfeld - S04E14 - The Movie.mkv,,,episode,imdb://tt0697735,,unmatched,Seinfeld – Season 4 – The Movie
missing episode match metadata,0,F:\MediaStack\data\media\tv\Seinfeld\Season 04\Seinfeld - S04E15 - The Visa.mkv,,,episode,imdb://tt0697805,,unmatched,Seinfeld – Season 4 – The Visa
missing episode match metadata,0,F:\MediaStack\data\media\tv\Seinfeld\Season 04\Seinfeld - S04E16 - The Shoes.mkv,,,episode,imdb://tt0697775,,unmatched,Seinfeld – Season 4 – The Shoes
missing episode match metadata,0,F:\MediaStack\data\media\tv\Seinfeld\Season 04\Seinfeld - S04E17 - The Outing.mkv,,,episode,imdb://tt0697745,,unmatched,Seinfeld – Season 4 – The Outing
missing episode match metadata,0,F:\MediaStack\data\media\tv\Seinfeld\Season 04\Seinfeld - S04E18 - The Old Man.mkv,,,episode,imdb://tt0697742,,unmatched,Seinfeld – Season 4 – The Old Man
missing episode match metadata,0,F:\MediaStack\data\media\tv\Seinfeld\Season 04\Seinfeld - S04E19 - The Implant.mkv,,,episode,imdb://tt0697711,,unmatched,Seinfeld – Season 4 – The Implant
missing episode match metadata,0,F:\MediaStack\data\media\tv\Seinfeld\Season 04\Seinfeld - S04E20 - The Junior Mint.mkv,,,episode,imdb://tt0697715,,unmatched,Seinfeld – Season 4 – The Junior Mint
missing episode match metadata,0,F:\MediaStack\data\media\tv\Seinfeld\Season 04\Seinfeld - S04E21 - The Smelly Car.mkv,,,episode,imdb://tt0697778,,unmatched,Seinfeld – Season 4 – The Smelly Car
missing episode match metadata,0,F:\MediaStack\data\media\tv\Seinfeld\Season 04\Seinfeld - S04E22 - The Handicap Spot.mkv,,,episode,imdb://tt0697708,,unmatched,Seinfeld – Season 4 – The Handicap Spot
missing episode match metadata,0,F:\MediaStack\data\media\tv\Seinfeld\Season 04\Seinfeld - S04E23-E24 - The Pilot.mkv,,,episode,imdb://tt0697754,,unmatched,Seinfeld – Season 4 – The Pilot (1)
missing episode match metadata,0,F:\MediaStack\data\media\tv\Seinfeld\Season 04\Seinfeld - S04E23-E24 - The Pilot.mkv,,,episode,tmdb://63167,,unmatched,Seinfeld – Season 4 – The Pilot (2)
missing episode match metadata,0,F:\MediaStack\data\media\tv\Seinfeld\Season 05\Seinfeld - S05E01 - The Mango.mkv,,,episode,imdb://tt0697728,,unmatched,Seinfeld – Season 5 – The Mango
missing episode match metadata,0,F:\MediaStack\data\media\tv\Seinfeld\Season 05\Seinfeld - S05E02 - The Puffy Shirt.mkv,,,episode,imdb://tt0697762,,unmatched,Seinfeld – Season 5 – The Puffy Shirt
missing episode match metadata,0,F:\MediaStack\data\media\tv\Seinfeld\Season 05\Seinfeld - S05E03 - The Glasses.mkv,,,episode,imdb://tt0697703,,unmatched,Seinfeld – Season 5 – The Glasses
missing episode match metadata,0,F:\MediaStack\data\media\tv\Seinfeld\Season 05\Seinfeld - S05E04 - The Sniffing Accountant.mkv,,,episode,imdb://tt0697779,,unmatched,Seinfeld – Season 5 – The Sniffing Accountant
missing episode match metadata,0,F:\MediaStack\data\media\tv\Seinfeld\Season 05\Seinfeld - S05E05 - The Bris.mkv,,,episode,imdb://tt0697661,,unmatched,Seinfeld – Season 5 – The Bris
missing episode match metadata,0,F:\MediaStack\data\media\tv\Seinfeld\Season 05\Seinfeld - S05E06 - The Lip Reader.mkv,,,episode,imdb://tt0697723,,unmatched,Seinfeld – Season 5 – The Lip Reader
missing episode match metadata,0,F:\MediaStack\data\media\tv\Seinfeld\Season 03\Seinfeld - S03E02 - The Truth.mkv,,,episode,imdb://tt0697801,,unmatched,Seinfeld – Season 3 – The Truth
missing episode match metadata,0,F:\MediaStack\data\media\tv\Seinfeld\Season 03\Seinfeld - S03E03 - The Pen.mkv,,,episode,imdb://tt0697749,,unmatched,Seinfeld – Season 3 – The Pen
missing episode match metadata,0,F:\MediaStack\data\media\tv\Seinfeld\Season 03\Seinfeld - S03E04 - The Dog.mkv,,,episode,imdb://tt0697686,,unmatched,Seinfeld – Season 3 – The Dog
missing episode match metadata,0,F:\MediaStack\data\media\tv\Seinfeld\Season 03\Seinfeld - S03E05 - The Library.mkv,,,episode,imdb://tt0697721,,unmatched,Seinfeld – Season 3 – The Library
missing episode match metadata,0,F:\MediaStack\data\media\tv\Seinfeld\Season 03\Seinfeld - S03E06 - The Parking Garage.mkv,,,episode,imdb://tt0697747,,unmatched,Seinfeld – Season 3 – The Parking Garage
missing episode match metadata,0,F:\MediaStack\data\media\tv\Seinfeld\Season 03\Seinfeld - S03E07 - The Cafe.mkv,,,episode,imdb://tt0697668,,unmatched,Seinfeld – Season 3 – The Cafe
missing episode match metadata,0,F:\MediaStack\data\media\tv\Seinfeld\Season 03\Seinfeld - S03E08 - The Tape.mkv,,,episode,imdb://tt0697797,,unmatched,Seinfeld – Season 3 – The Tape
missing episode match metadata,0,F:\MediaStack\data\media\tv\Seinfeld\Season 03\Seinfeld - S03E09 - The Nose Job.mkv,,,episode,imdb://tt0697740,,unmatched,Seinfeld – Season 3 – The Nose Job
missing episode match metadata,0,F:\MediaStack\data\media\tv\Seinfeld\Season 03\Seinfeld - S03E10 - The Stranded.mkv,,,episode,imdb://tt0697789,,unmatched,Seinfeld – Season 3 – The Stranded
missing episode match metadata,0,F:\MediaStack\data\media\tv\Seinfeld\Season 03\Seinfeld - S03E11 - The Alternate Side.mkv,,,episode,imdb://tt0697648,,unmatched,Seinfeld – Season 3 – The Alternate Side
missing episode match metadata,0,F:\MediaStack\data\media\tv\Seinfeld\Season 03\Seinfeld - S03E12 - The Red Dot.mkv,,,episode,imdb://tt0697765,,unmatched,Seinfeld – Season 3 – The Red Dot
missing episode match metadata,0,F:\MediaStack\data\media\tv\Seinfeld\Season 03\Seinfeld - S03E13 - The Subway.mkv,,,episode,imdb://tt0697792,,unmatched,Seinfeld – Season 3 – The Subway
missing episode match metadata,0,F:\MediaStack\data\media\tv\Seinfeld\Season 03\Seinfeld - S03E14 - The Pez Dispenser.mkv,,,episode,imdb://tt0697750,,unmatched,Seinfeld – Season 3 – The Pez Dispenser
missing episode match metadata,0,F:\MediaStack\data\media\tv\Seinfeld\Season 03\Seinfeld - S03E15 - The Suicide.mkv,,,episode,imdb://tt0697793,,unmatched,Seinfeld – Season 3 – The Suicide
missing episode match metadata,0,F:\MediaStack\data\media\tv\Seinfeld\Season 03\Seinfeld - S03E16 - The Fix-Up.mkv,,,episode,imdb://tt0697698,,unmatched,Seinfeld – Season 3 – The Fix-Up
missing episode match metadata,0,F:\MediaStack\data\media\tv\Seinfeld\Season 03\Seinfeld - S03E17-E18 - The Boyfriend.mkv,,,episode,tmdb://63137,,unmatched,Seinfeld – Season 3 – The Boyfriend (1)
missing episode match metadata,0,F:\MediaStack\data\media\tv\Seinfeld\Season 03\Seinfeld - S03E17-E18 - The Boyfriend.mkv,,,episode,imdb://tt0697738,,unmatched,Seinfeld – Season 3 – The Boyfriend (2)
missing episode match metadata,0,F:\MediaStack\data\media\tv\Seinfeld\Season 03\Seinfeld - S03E19 - The Limo.mkv,,,episode,imdb://tt0697722,,unmatched,Seinfeld – Season 3 – The Limo
missing episode match metadata,0,F:\MediaStack\data\media\tv\Seinfeld\Season 03\Seinfeld - S03E20 - The Good Samaritan.mkv,,,episode,imdb://tt0697704,,unmatched,Seinfeld – Season 3 – The Good Samaritan
missing episode match metadata,0,F:\MediaStack\data\media\tv\Seinfeld\Season 03\Seinfeld - S03E21 - The Letter.mkv,,,episode,imdb://tt0697720,,unmatched,Seinfeld – Season 3 – The Letter
missing episode match metadata,0,F:\MediaStack\data\media\tv\Seinfeld\Season 03\Seinfeld - S03E22 - The Parking Space.mkv,,,episode,imdb://tt0697748,,unmatched,Seinfeld – Season 3 – The Parking Space
missing episode match metadata,0,F:\MediaStack\data\media\tv\Seinfeld\Season 03\Seinfeld - S03E23 - The Keys.mkv,,,episode,imdb://tt0697717,,unmatched,Seinfeld – Season 3 – The Keys
missing episode match metadata,0,F:\MediaStack\data\media\tv\Seinfeld\Season 04\Seinfeld - S04E01 - The Trip (1).mkv,,,episode,imdb://tt0697799,,unmatched,Seinfeld – Season 4 – The Trip (1)
missing episode match metadata,0,F:\MediaStack\data\media\tv\Seinfeld\Season 04\Seinfeld - S04E02 - The Trip (2).mkv,,,episode,imdb://tt0697800,,unmatched,Seinfeld – Season 4 – The Trip (2)
missing episode match metadata,0,F:\MediaStack\data\media\tv\Seinfeld\Season 04\Seinfeld - S04E03-E04 - The Pitch + The Ticket.mkv,,,episode,imdb://tt0697755,,unmatched,Seinfeld – Season 4 – The Pitch
missing episode match metadata,0,F:\MediaStack\data\media\tv\Seinfeld\Season 04\Seinfeld - S04E03-E04 - The Pitch + The Ticket.mkv,,,episode,imdb://tt0697798,,unmatched,Seinfeld – Season 4 – The Ticket
missing episode match metadata,0,F:\MediaStack\data\media\tv\Seinfeld\Season 04\Seinfeld - S04E05 - The Wallet.mkv,,,episode,imdb://tt0697808,,unmatched,Seinfeld – Season 4 – The Wallet
missing episode match metadata,0,F:\MediaStack\data\media\tv\Seinfeld\Season 04\Seinfeld - S04E06 - The Watch.mkv,,,episode,imdb://tt0697809,,unmatched,Seinfeld – Season 4 – The Watch
missing episode match metadata,0,"F:\MediaStack\data\media\tv\Re - ZERO, Starting Life in Another World\Season 03\Re - ZERO, Starting Life in Another World - S03E06 - Conditions of the Knight.mkv",,,episode,local://23833,,unmatched,Re:ZERO -Starting Life in Another World- – Season 3 – Episode 6
missing episode match metadata,0,"F:\MediaStack\data\media\tv\Re - ZERO, Starting Life in Another World\Season 03\Re - ZERO, Starting Life in Another World - S03E07 - The Newest of Heroes and the Most Ancient of Heroes.mkv",,,episode,local://23834,,unmatched,Re:ZERO -Starting Life in Another World- – Season 3 – Episode 7
missing episode match metadata,0,"F:\MediaStack\data\media\tv\Re - ZERO, Starting Life in Another World\Season 03\Re - ZERO, Starting Life in Another World - S03E08 - The One I'll Love Someday.mkv",,,episode,local://23835,,unmatched,Re:ZERO -Starting Life in Another World- – Season 3 – Episode 8
missing episode match metadata,0,"F:\MediaStack\data\media\tv\Re - ZERO, Starting Life in Another World\Season 03\Re - ZERO, Starting Life in Another World - S03E09 - City Scramble.mkv",,,episode,local://23836,,unmatched,Re:ZERO -Starting Life in Another World- – Season 3 – Episode 9
missing episode match metadata,0,"F:\MediaStack\data\media\tv\Re - ZERO, Starting Life in Another World\Season 03\Re - ZERO, Starting Life in Another World - S03E10 - The Plan to Conquer Greed.mkv",,,episode,local://23837,,unmatched,Re:ZERO -Starting Life in Another World- – Season 3 – Episode 10
missing episode match metadata,0,"F:\MediaStack\data\media\tv\Re - ZERO, Starting Life in Another World\Season 03\Re - ZERO, Starting Life in Another World - S03E11 - Liliana Masquerade.mkv",,,episode,local://23838,,unmatched,Re:ZERO -Starting Life in Another World- – Season 3 – Episode 11
missing episode match metadata,0,"F:\MediaStack\data\media\tv\Re - ZERO, Starting Life in Another World\Season 03\Re - ZERO, Starting Life in Another World - S03E12 - Regulus Corneas.mkv",,,episode,local://23839,,unmatched,Re:ZERO -Starting Life in Another World- – Season 3 – Episode 12
missing episode match metadata,0,"F:\MediaStack\data\media\tv\Re - ZERO, Starting Life in Another World\Season 03\Re - ZERO, Starting Life in Another World - S03E13 - The Warrior's Commendation.mkv",,,episode,local://23840,,unmatched,Re:ZERO -Starting Life in Another World- – Season 3 – Episode 13
missing episode match metadata,0,"F:\MediaStack\data\media\tv\Re - ZERO, Starting Life in Another World\Season 03\Re - ZERO, Starting Life in Another World - S03E14 - Theresia van Astrea.mkv",,,episode,local://23841,,unmatched,Re:ZERO -Starting Life in Another World- – Season 3 – Episode 14
missing episode match metadata,0,"F:\MediaStack\data\media\tv\Re - ZERO, Starting Life in Another World\Season 03\Re - ZERO, Starting Life in Another World - S03E15 - A Hideous Dinner Party.mkv",,,episode,local://23842,,unmatched,Re:ZERO -Starting Life in Another World- – Season 3 – Episode 15
missing episode match metadata,0,"F:\MediaStack\data\media\tv\Re - ZERO, Starting Life in Another World\Season 03\Re - ZERO, Starting Life in Another World - S03E16 - The Result of the Battle for Priestella.mkv",,,episode,local://23843,,unmatched,Re:ZERO -Starting Life in Another World- – Season 3 – Episode 16
missing episode match metadata,0,F:\MediaStack\data\media\tv\Seinfeld\Season 01\Seinfeld - S01E01 - The Seinfeld Chronicles.mkv,,,episode,imdb://tt0098286,,unmatched,Seinfeld – Season 1 – The Seinfeld Chronicles
missing episode match metadata,0,F:\MediaStack\data\media\tv\Seinfeld\Season 01\Seinfeld - S01E02 - The Stake Out.mkv,,,episode,imdb://tt0697784,,unmatched,Seinfeld – Season 1 – The Stake Out
missing episode match metadata,0,F:\MediaStack\data\media\tv\Seinfeld\Season 01\Seinfeld - S01E03 - The Robbery.mkv,,,episode,imdb://tt0697768,,unmatched,Seinfeld – Season 1 – The Robbery
missing episode match metadata,0,F:\MediaStack\data\media\tv\Seinfeld\Season 01\Seinfeld - S01E04 - Male Unbonding.mkv,,,episode,imdb://tt0697645,,unmatched,Seinfeld – Season 1 – Male Unbonding
missing episode match metadata,0,F:\MediaStack\data\media\tv\Seinfeld\Season 01\Seinfeld - S01E05 - The Stock Tip.mkv,,,episode,imdb://tt0697788,,unmatched,Seinfeld – Season 1 – The Stock Tip
missing episode match metadata,0,F:\MediaStack\data\media\tv\Seinfeld\Season 02\Seinfeld - S02E01 - The Ex-Girlfriend.mkv,,,episode,imdb://tt0697692,,unmatched,Seinfeld – Season 2 – The Ex-Girlfriend
missing episode match metadata,0,F:\MediaStack\data\media\tv\Seinfeld\Season 02\Seinfeld - S02E02 - The Pony Remark.mkv,,,episode,imdb://tt0697757,,unmatched,Seinfeld – Season 2 – The Pony Remark
missing episode match metadata,0,F:\MediaStack\data\media\tv\Seinfeld\Season 02\Seinfeld - S02E03 - The Jacket.mkv,,,episode,imdb://tt0697713,,unmatched,Seinfeld – Season 2 – The Jacket
missing episode match metadata,0,F:\MediaStack\data\media\tv\Seinfeld\Season 02\Seinfeld - S02E04 - The Phone Message.mkv,,,episode,imdb://tt0697751,,unmatched,Seinfeld – Season 2 – The Phone Message
missing episode match metadata,0,F:\MediaStack\data\media\tv\Seinfeld\Season 02\Seinfeld - S02E05 - The Apartment.mkv,,,episode,imdb://tt0697650,,unmatched,Seinfeld – Season 2 – The Apartment
missing episode match metadata,0,F:\MediaStack\data\media\tv\Seinfeld\Season 02\Seinfeld - S02E06 - The Statue.mkv,,,episode,imdb://tt0697787,,unmatched,Seinfeld – Season 2 – The Statue
missing episode match metadata,0,F:\MediaStack\data\media\tv\Seinfeld\Season 02\Seinfeld - S02E07 - The Revenge.mkv,,,episode,imdb://tt0697766,,unmatched,Seinfeld – Season 2 – The Revenge
missing episode match metadata,0,F:\MediaStack\data\media\tv\Seinfeld\Season 02\Seinfeld - S02E08 - The Heart Attack.mkv,,,episode,imdb://tt0697709,,unmatched,Seinfeld – Season 2 – The Heart Attack
missing episode match metadata,0,F:\MediaStack\data\media\tv\Seinfeld\Season 02\Seinfeld - S02E09 - The Deal.mkv,,,episode,imdb://tt0697682,,unmatched,Seinfeld – Season 2 – The Deal
missing episode match metadata,0,F:\MediaStack\data\media\tv\Seinfeld\Season 02\Seinfeld - S02E10 - The Baby Shower.mkv,,,episode,imdb://tt0697652,,unmatched,Seinfeld – Season 2 – The Baby Shower
missing episode match metadata,0,F:\MediaStack\data\media\tv\Seinfeld\Season 02\Seinfeld - S02E11 - The Chinese Restaurant.mkv,,,episode,imdb://tt0697675,,unmatched,Seinfeld – Season 2 – The Chinese Restaurant
missing episode match metadata,0,F:\MediaStack\data\media\tv\Seinfeld\Season 02\Seinfeld - S02E12 - The Busboy.mkv,,,episode,imdb://tt0697664,,unmatched,Seinfeld – Season 2 – The Busboy
missing episode match metadata,0,F:\MediaStack\data\media\tv\Seinfeld\Season 03\Seinfeld - S03E01 - The Note.mkv,,,episode,imdb://tt0697741,,unmatched,Seinfeld – Season 3 – The Note
missing episode match metadata,0,"F:\MediaStack\data\media\tv\Re - ZERO, Starting Life in Another World\Season 02\Re - ZERO, Starting Life in Another World - S02E08 - The Value of Life.mkv",,,episode,local://23809,,unmatched,Re:ZERO -Starting Life in Another World- – Season 2 – Episode 8
missing episode match metadata,0,"F:\MediaStack\data\media\tv\Re - ZERO, Starting Life in Another World\Season 02\Re - ZERO, Starting Life in Another World - S02E09 - Love Love Love Love Love Love You.mkv",,,episode,local://23810,,unmatched,Re:ZERO -Starting Life in Another World- – Season 2 – Episode 9
missing episode match metadata,0,"F:\MediaStack\data\media\tv\Re - ZERO, Starting Life in Another World\Season 02\Re - ZERO, Starting Life in Another World - S02E10 - I Know Hell.mkv",,,episode,local://23811,,unmatched,Re:ZERO -Starting Life in Another World- – Season 2 – Episode 10
missing episode match metadata,0,"F:\MediaStack\data\media\tv\Re - ZERO, Starting Life in Another World\Season 02\Re - ZERO, Starting Life in Another World - S02E11 - The Taste of Death.mkv",,,episode,local://23812,,unmatched,Re:ZERO -Starting Life in Another World- – Season 2 – Episode 11
missing episode match metadata,0,"F:\MediaStack\data\media\tv\Re - ZERO, Starting Life in Another World\Season 02\Re - ZERO, Starting Life in Another World - S02E12 - The Witches' Tea Party.mkv",,,episode,local://23813,,unmatched,Re:ZERO -Starting Life in Another World- – Season 2 – Episode 12
missing episode match metadata,0,"F:\MediaStack\data\media\tv\Re - ZERO, Starting Life in Another World\Season 02\Re - ZERO, Starting Life in Another World - S02E13 - The Sounds That Make You Want to Cry.mkv",,,episode,local://23814,,unmatched,Re:ZERO -Starting Life in Another World- – Season 2 – Episode 13
missing episode match metadata,0,"F:\MediaStack\data\media\tv\Re - ZERO, Starting Life in Another World\Season 02\Re - ZERO, Starting Life in Another World - S02E14 - Straight Bet.mkv",,,episode,local://23815,,unmatched,Re:ZERO -Starting Life in Another World- – Season 2 – Episode 14
missing episode match metadata,0,"F:\MediaStack\data\media\tv\Re - ZERO, Starting Life in Another World\Season 02\Re - ZERO, Starting Life in Another World - S02E15 - Otto Suwen + A Reason to Believe.mkv",,,episode,local://23816,,unmatched,Re:ZERO -Starting Life in Another World- – Season 2 – Episode 15
missing episode match metadata,0,"F:\MediaStack\data\media\tv\Re - ZERO, Starting Life in Another World\Season 02\Re - ZERO, Starting Life in Another World - S02E16 - Nobody Can Lift a Quain Stone Alone.mkv",,,episode,local://23817,,unmatched,Re:ZERO -Starting Life in Another World- – Season 2 – Episode 16
missing episode match metadata,0,"F:\MediaStack\data\media\tv\Re - ZERO, Starting Life in Another World\Season 02\Re - ZERO, Starting Life in Another World - S02E17 - A Journey Through Memories.mkv",,,episode,local://23818,,unmatched,Re:ZERO -Starting Life in Another World- – Season 2 – Episode 17
missing episode match metadata,0,"F:\MediaStack\data\media\tv\Re - ZERO, Starting Life in Another World\Season 02\Re - ZERO, Starting Life in Another World - S02E18 - The Day Betelgeuse Laughed.mkv",,,episode,local://23819,,unmatched,Re:ZERO -Starting Life in Another World- – Season 2 – Episode 18
missing episode match metadata,0,"F:\MediaStack\data\media\tv\Re - ZERO, Starting Life in Another World\Season 02\Re - ZERO, Starting Life in Another World - S02E19 - The Permafrost of Elior Forest.mkv",,,episode,local://23820,,unmatched,Re:ZERO -Starting Life in Another World- – Season 2 – Episode 19
missing episode match metadata,0,"F:\MediaStack\data\media\tv\Re - ZERO, Starting Life in Another World\Season 02\Re - ZERO, Starting Life in Another World - S02E20 - The Beginning of the Sanctuary and the Beginning of the End.mkv",,,episode,local://23821,,unmatched,Re:ZERO -Starting Life in Another World- – Season 2 – Episode 20
missing episode match metadata,0,"F:\MediaStack\data\media\tv\Re - ZERO, Starting Life in Another World\Season 02\Re - ZERO, Starting Life in Another World - S02E21 - Reunion of Roars.mkv",,,episode,local://23822,,unmatched,Re:ZERO -Starting Life in Another World- – Season 2 – Episode 21
missing episode match metadata,0,"F:\MediaStack\data\media\tv\Re - ZERO, Starting Life in Another World\Season 02\Re - ZERO, Starting Life in Another World - S02E22 - Happiness Reflected on the Water's Surface.mkv",,,episode,local://23823,,unmatched,Re:ZERO -Starting Life in Another World- – Season 2 – Episode 22
missing episode match metadata,0,"F:\MediaStack\data\media\tv\Re - ZERO, Starting Life in Another World\Season 02\Re - ZERO, Starting Life in Another World - S02E23 - Love Me Down to My Blood and Guts.mkv",,,episode,local://23824,,unmatched,Re:ZERO -Starting Life in Another World- – Season 2 – Episode 23
missing episode match metadata,0,"F:\MediaStack\data\media\tv\Re - ZERO, Starting Life in Another World\Season 02\Re - ZERO, Starting Life in Another World - S02E24 - Choose Me.mkv",,,episode,local://23825,,unmatched,Re:ZERO -Starting Life in Another World- – Season 2 – Episode 24
missing episode match metadata,0,"F:\MediaStack\data\media\tv\Re - ZERO, Starting Life in Another World\Season 02\Re - ZERO, Starting Life in Another World - S02E25 - Offbeat Steps Under the Moonlight.mkv",,,episode,local://23826,,unmatched,Re:ZERO -Starting Life in Another World- – Season 2 – Episode 25
missing episode match metadata,0,"F:\MediaStack\data\media\tv\Re - ZERO, Starting Life in Another World\Season 03\Re - ZERO, Starting Life in Another World - S03E01 - Theatrical Malice.mkv",,,episode,local://23828,,unmatched,Re:ZERO -Starting Life in Another World- – Season 3 – Episode 1
missing episode match metadata,0,"F:\MediaStack\data\media\tv\Re - ZERO, Starting Life in Another World\Season 03\Re - ZERO, Starting Life in Another World - S03E02 - A Showdown of Fire and Ice.mkv",,,episode,local://23829,,unmatched,Re:ZERO -Starting Life in Another World- – Season 3 – Episode 2
missing episode match metadata,0,"F:\MediaStack\data\media\tv\Re - ZERO, Starting Life in Another World\Season 03\Re - ZERO, Starting Life in Another World - S03E03 - Gorgeous Tiger.mkv",,,episode,local://23830,,unmatched,Re:ZERO -Starting Life in Another World- – Season 3 – Episode 3
missing episode match metadata,0,"F:\MediaStack\data\media\tv\Re - ZERO, Starting Life in Another World\Season 03\Re - ZERO, Starting Life in Another World - S03E04 - Operation - Take Back the Government Office.mkv",,,episode,local://23831,,unmatched,Re:ZERO -Starting Life in Another World- – Season 3 – Episode 4
missing episode match metadata,0,"F:\MediaStack\data\media\tv\Re - ZERO, Starting Life in Another World\Season 03\Re - ZERO, Starting Life in Another World - S03E05 - A Dark Torrent.mkv",,,episode,local://23832,,unmatched,Re:ZERO -Starting Life in Another World- – Season 3 – Episode 5
missing episode match metadata,0,"F:\MediaStack\data\media\tv\Re - ZERO, Starting Life in Another World\Season 01\Re - ZERO, Starting Life in Another World - S01E13 - Self-Proclaimed Knight Natsuki Subaru.mkv",,,episode,imdb://tt5799428,,unmatched,Re:ZERO -Starting Life in Another World- – Season 1 – Self-Proclaimed Knight Natsuki Subaru
missing episode match metadata,0,"F:\MediaStack\data\media\tv\Re - ZERO, Starting Life in Another World\Season 01\Re - ZERO, Starting Life in Another World - S01E14 - The Sickness Called Despair.mkv",,,episode,imdb://tt5873382,,unmatched,Re:ZERO -Starting Life in Another World- – Season 1 – The Sickness Called Despair
missing episode match metadata,0,"F:\MediaStack\data\media\tv\Re - ZERO, Starting Life in Another World\Season 01\Re - ZERO, Starting Life in Another World - S01E15 - The Outside of Madness.mkv",,,episode,imdb://tt5908784,,unmatched,Re:ZERO -Starting Life in Another World- – Season 1 – The Outside of Madness
missing episode match metadata,0,"F:\MediaStack\data\media\tv\Re - ZERO, Starting Life in Another World\Season 01\Re - ZERO, Starting Life in Another World - S01E16 - The Greed of a Pig.mkv",,,episode,imdb://tt5908790,,unmatched,Re:ZERO -Starting Life in Another World- – Season 1 – A Pig's Greed
missing episode match metadata,0,"F:\MediaStack\data\media\tv\Re - ZERO, Starting Life in Another World\Season 01\Re - ZERO, Starting Life in Another World - S01E17 - Disgrace in the Extreme.mkv",,,episode,imdb://tt5908792,,unmatched,Re:ZERO -Starting Life in Another World- – Season 1 – Disgrace in the Extreme
missing episode match metadata,0,"F:\MediaStack\data\media\tv\Re - ZERO, Starting Life in Another World\Season 01\Re - ZERO, Starting Life in Another World - S01E18 - From Zero.mkv",,,episode,imdb://tt5986832,,unmatched,Re:ZERO -Starting Life in Another World- – Season 1 – From Zero
missing episode match metadata,0,"F:\MediaStack\data\media\tv\Re - ZERO, Starting Life in Another World\Season 01\Re - ZERO, Starting Life in Another World - S01E19 - Battle Against the White Whale.mkv",,,episode,imdb://tt5989740,,unmatched,Re:ZERO -Starting Life in Another World- – Season 1 – Battle Against the White Whale
missing episode match metadata,0,"F:\MediaStack\data\media\tv\Re - ZERO, Starting Life in Another World\Season 01\Re - ZERO, Starting Life in Another World - S01E20 - Wilhelm van Astrea.mkv",,,episode,imdb://tt5989742,,unmatched,Re:ZERO -Starting Life in Another World- – Season 1 – Wilhelm van Astrea
missing episode match metadata,0,"F:\MediaStack\data\media\tv\Re - ZERO, Starting Life in Another World\Season 01\Re - ZERO, Starting Life in Another World - S01E21 - A Wager That Defies Despair.mkv",,,episode,imdb://tt5989748,,unmatched,Re:ZERO -Starting Life in Another World- – Season 1 – A Wager That Defies Despair
missing episode match metadata,0,"F:\MediaStack\data\media\tv\Re - ZERO, Starting Life in Another World\Season 01\Re - ZERO, Starting Life in Another World - S01E22 - A Flash of Sloth.mkv",,,episode,imdb://tt6011532,,unmatched,Re:ZERO -Starting Life in Another World- – Season 1 – A Flash of Sloth
missing episode match metadata,0,"F:\MediaStack\data\media\tv\Re - ZERO, Starting Life in Another World\Season 01\Re - ZERO, Starting Life in Another World - S01E23 - Nefarious Sloth.mkv",,,episode,imdb://tt6035436,,unmatched,Re:ZERO -Starting Life in Another World- – Season 1 – Nefarious Sloth
missing episode match metadata,0,"F:\MediaStack\data\media\tv\Re - ZERO, Starting Life in Another World\Season 01\Re - ZERO, Starting Life in Another World - S01E24 - The Self-Proclaimed Knight and the Greatest Knight.mkv",,,episode,imdb://tt6035840,,unmatched,Re:ZERO -Starting Life in Another World- – Season 1 – The Self-Proclaimed Knight and the Greatest of Knights
missing episode match metadata,0,"F:\MediaStack\data\media\tv\Re - ZERO, Starting Life in Another World\Season 01\Re - ZERO, Starting Life in Another World - S01E25 - That's All This Story Is About.mkv",,,episode,imdb://tt6051358,,unmatched,Re:ZERO -Starting Life in Another World- – Season 1 – That’s All This Story Is About
missing episode match metadata,0,"F:\MediaStack\data\media\tv\Re - ZERO, Starting Life in Another World\Season 02\Re - ZERO, Starting Life in Another World - S02E01 - Each One's Promise.mkv",,,episode,local://23802,,unmatched,Re:ZERO -Starting Life in Another World- – Season 2 – Episode 1
missing episode match metadata,0,"F:\MediaStack\data\media\tv\Re - ZERO, Starting Life in Another World\Season 02\Re - ZERO, Starting Life in Another World - S02E02 - The Next Location.mkv",,,episode,local://23803,,unmatched,Re:ZERO -Starting Life in Another World- – Season 2 – Episode 2
missing episode match metadata,0,"F:\MediaStack\data\media\tv\Re - ZERO, Starting Life in Another World\Season 02\Re - ZERO, Starting Life in Another World - S02E03 - The Long-Awaited Reunion.mkv",,,episode,local://23804,,unmatched,Re:ZERO -Starting Life in Another World- – Season 2 – Episode 3
missing episode match metadata,0,"F:\MediaStack\data\media\tv\Re - ZERO, Starting Life in Another World\Season 02\Re - ZERO, Starting Life in Another World - S02E04 - Parent and Child.mkv",,,episode,local://23805,,unmatched,Re:ZERO -Starting Life in Another World- – Season 2 – Episode 4
missing episode match metadata,0,"F:\MediaStack\data\media\tv\Re - ZERO, Starting Life in Another World\Season 02\Re - ZERO, Starting Life in Another World - S02E05 - A Step Forward.mkv",,,episode,local://23806,,unmatched,Re:ZERO -Starting Life in Another World- – Season 2 – Episode 5
missing episode match metadata,0,"F:\MediaStack\data\media\tv\Re - ZERO, Starting Life in Another World\Season 02\Re - ZERO, Starting Life in Another World - S02E06 - The Maiden's Gospel.mkv",,,episode,local://23807,,unmatched,Re:ZERO -Starting Life in Another World- – Season 2 – Episode 6
missing episode match metadata,0,"F:\MediaStack\data\media\tv\Re - ZERO, Starting Life in Another World\Season 02\Re - ZERO, Starting Life in Another World - S02E07 - Friend.mkv",,,episode,local://23808,,unmatched,Re:ZERO -Starting Life in Another World- – Season 2 – Episode 7
missing episode match metadata,0,F:\MediaStack\data\media\tv\Parasyte -the maxim-\Season 01\Parasyte -the maxim- - S01E22 - Quiescence and Awakening.mkv,,,episode,imdb://tt4503624,,unmatched,Parasyte -the maxim- – Season 1 – Quiescence and Awakening
missing episode match metadata,0,F:\MediaStack\data\media\tv\Parasyte -the maxim-\Season 01\Parasyte -the maxim- - S01E23 - Life and Oath.mkv,,,episode,imdb://tt4503634,,unmatched,Parasyte -the maxim- – Season 1 – Life and Oath
missing episode match metadata,0,F:\MediaStack\data\media\tv\Parasyte -the maxim-\Season 01\Parasyte -the maxim- - S01E24 - Parasyte.mkv,,,episode,imdb://tt4503630,,unmatched,Parasyte -the maxim- – Season 1 – Parasyte
missing episode match metadata,0,F:\MediaStack\data\media\tv\Pride and Prejudice\Season 01\Pride and Prejudice - S01E01 - Episode 1.mkv,,,episode,imdb://tt1263532,,unmatched,Pride and Prejudice – Season 1 – Episode 1
missing episode match metadata,0,F:\MediaStack\data\media\tv\Pride and Prejudice\Season 01\Pride and Prejudice - S01E02 - Episode 2.mkv,,,episode,imdb://tt1263533,,unmatched,Pride and Prejudice – Season 1 – Episode 2
missing episode match metadata,0,F:\MediaStack\data\media\tv\Pride and Prejudice\Season 01\Pride and Prejudice - S01E03 - Episode 3.mkv,,,episode,imdb://tt1263534,,unmatched,Pride and Prejudice – Season 1 – Episode 3
missing episode match metadata,0,F:\MediaStack\data\media\tv\Pride and Prejudice\Season 01\Pride and Prejudice - S01E04 - Episode 4.mkv,,,episode,imdb://tt1263535,,unmatched,Pride and Prejudice – Season 1 – Episode 4
missing episode match metadata,0,F:\MediaStack\data\media\tv\Pride and Prejudice\Season 01\Pride and Prejudice - S01E05 - Episode 5.mkv,,,episode,imdb://tt1263536,,unmatched,Pride and Prejudice – Season 1 – Episode 5
missing episode match metadata,0,F:\MediaStack\data\media\tv\Pride and Prejudice\Season 01\Pride and Prejudice - S01E06 - Episode 6.mkv,,,episode,imdb://tt1263537,,unmatched,Pride and Prejudice – Season 1 – Episode 6
missing episode match metadata,0,"F:\MediaStack\data\media\tv\Re - ZERO, Starting Life in Another World\Season 01\Re - ZERO, Starting Life in Another World - S01E01 - The End of the Beginning and the Beginning of the End.mkv",,,episode,imdb://tt5610338,,unmatched,Re:ZERO -Starting Life in Another World- – Season 1 – The End of the Beginning and the Beginning of the End
missing episode match metadata,0,"F:\MediaStack\data\media\tv\Re - ZERO, Starting Life in Another World\Season 01\Re - ZERO, Starting Life in Another World - S01E02 - Reunion with the Witch.mkv",,,episode,imdb://tt5610344,,unmatched,Re:ZERO -Starting Life in Another World- – Season 1 – Reunion with the Witch
missing episode match metadata,0,"F:\MediaStack\data\media\tv\Re - ZERO, Starting Life in Another World\Season 01\Re - ZERO, Starting Life in Another World - S01E03 - Starting Life from Zero in Another World.mkv",,,episode,imdb://tt5705706,,unmatched,Re:ZERO -Starting Life in Another World- – Season 1 – Starting Life from Zero in Another World
missing episode match metadata,0,"F:\MediaStack\data\media\tv\Re - ZERO, Starting Life in Another World\Season 01\Re - ZERO, Starting Life in Another World - S01E04 - The Happy Roswaal Mansion Family.mkv",,,episode,imdb://tt5705708,,unmatched,Re:ZERO -Starting Life in Another World- – Season 1 – The Happy Roswaal Mansion Family
missing episode match metadata,0,"F:\MediaStack\data\media\tv\Re - ZERO, Starting Life in Another World\Season 01\Re - ZERO, Starting Life in Another World - S01E05 - The Morning of Our Promise Is Still Distant.mkv",,,episode,imdb://tt5705712,,unmatched,Re:ZERO -Starting Life in Another World- – Season 1 – The Morning of Our Promise Is Still Distant
missing episode match metadata,0,"F:\MediaStack\data\media\tv\Re - ZERO, Starting Life in Another World\Season 01\Re - ZERO, Starting Life in Another World - S01E06 - The Sound of Chains.mkv",,,episode,imdb://tt5705714,,unmatched,Re:ZERO -Starting Life in Another World- – Season 1 – The Sound of Chains
missing episode match metadata,0,"F:\MediaStack\data\media\tv\Re - ZERO, Starting Life in Another World\Season 01\Re - ZERO, Starting Life in Another World - S01E07 - Natsuki Subaru's Restart.mkv",,,episode,imdb://tt5799360,,unmatched,Re:ZERO -Starting Life in Another World- – Season 1 – Natsuki Subaru’s Restart
missing episode match metadata,0,"F:\MediaStack\data\media\tv\Re - ZERO, Starting Life in Another World\Season 01\Re - ZERO, Starting Life in Another World - S01E08 - I Cried, Cried My Lungs Out, and Stopped Crying.mkv",,,episode,imdb://tt5799380,,unmatched,"Re:ZERO -Starting Life in Another World- – Season 1 – I Cried, Cried My Lungs Out, and Stopped Crying"
missing episode match metadata,0,"F:\MediaStack\data\media\tv\Re - ZERO, Starting Life in Another World\Season 01\Re - ZERO, Starting Life in Another World - S01E09 - The Meaning of Courage.mkv",,,episode,imdb://tt5799388,,unmatched,Re:ZERO -Starting Life in Another World- – Season 1 – The Meaning of Courage
missing episode match metadata,0,"F:\MediaStack\data\media\tv\Re - ZERO, Starting Life in Another World\Season 01\Re - ZERO, Starting Life in Another World - S01E10 - Fanatical Methods Like a Demon.mkv",,,episode,imdb://tt5799400,,unmatched,Re:ZERO -Starting Life in Another World- – Season 1 – Demonically Inspired Methods
missing episode match metadata,0,"F:\MediaStack\data\media\tv\Re - ZERO, Starting Life in Another World\Season 01\Re - ZERO, Starting Life in Another World - S01E11 - Rem.mkv",,,episode,imdb://tt5799418,,unmatched,Re:ZERO -Starting Life in Another World- – Season 1 – Rem
missing episode match metadata,0,"F:\MediaStack\data\media\tv\Re - ZERO, Starting Life in Another World\Season 01\Re - ZERO, Starting Life in Another World - S01E12 - Return to the Capital.mkv",,,episode,imdb://tt5799422,,unmatched,Re:ZERO -Starting Life in Another World- – Season 1 – Return to the Capital
missing episode match metadata,0,F:\MediaStack\data\media\tv\P90X\Season 02\P90X - S02E05 - Abs+Core Plus.mp4,,,episode,tmdb://5110909,,unmatched,P90X – Season 2 – Abs Core Plus
missing episode match metadata,0,F:\MediaStack\data\media\tv\Parasyte -the maxim-\Season 01\Parasyte -the maxim- - S01E01 - Metamorphosis.mkv,,,episode,imdb://tt3780376,,unmatched,Parasyte -the maxim- – Season 1 – Metamorphosis
missing episode match metadata,0,F:\MediaStack\data\media\tv\Parasyte -the maxim-\Season 01\Parasyte -the maxim- - S01E02 - Demon in the Flesh.mkv,,,episode,imdb://tt4138046,,unmatched,Parasyte -the maxim- – Season 1 – Demon in the Flesh
missing episode match metadata,0,F:\MediaStack\data\media\tv\Parasyte -the maxim-\Season 01\Parasyte -the maxim- - S01E03 - Feast.mkv,,,episode,imdb://tt4138074,,unmatched,Parasyte -the maxim- – Season 1 – Feast
missing episode match metadata,0,F:\MediaStack\data\media\tv\Parasyte -the maxim-\Season 01\Parasyte -the maxim- - S01E04 - Disheveled Hair.mkv,,,episode,imdb://tt4157908,,unmatched,Parasyte -the maxim- – Season 1 – Disheveled Hair
missing episode match metadata,0,F:\MediaStack\data\media\tv\Parasyte -the maxim-\Season 01\Parasyte -the maxim- - S01E05 - The Stranger.mkv,,,episode,imdb://tt4174568,,unmatched,Parasyte -the maxim- – Season 1 – The Stranger
missing episode match metadata,0,F:\MediaStack\data\media\tv\Parasyte -the maxim-\Season 01\Parasyte -the maxim- - S01E06 - The Sun Also Rises.mkv,,,episode,imdb://tt4194502,,unmatched,Parasyte -the maxim- – Season 1 – The Sun Also Rises
missing episode match metadata,0,F:\MediaStack\data\media\tv\Parasyte -the maxim-\Season 01\Parasyte -the maxim- - S01E07 - Dark Night's Passing.mkv,,,episode,imdb://tt4194512,,unmatched,Parasyte -the maxim- – Season 1 – Dark Night's Passing
missing episode match metadata,0,F:\MediaStack\data\media\tv\Parasyte -the maxim-\Season 01\Parasyte -the maxim- - S01E08 - Freezing Point.mkv,,,episode,imdb://tt4200356,,unmatched,Parasyte -the maxim- – Season 1 – Freezing Point
missing episode match metadata,0,F:\MediaStack\data\media\tv\Parasyte -the maxim-\Season 01\Parasyte -the maxim- - S01E09 - Beyond Good and Evil.mkv,,,episode,imdb://tt4214606,,unmatched,Parasyte -the maxim- – Season 1 – Beyond Good and Evil
missing episode match metadata,0,F:\MediaStack\data\media\tv\Parasyte -the maxim-\Season 01\Parasyte -the maxim- - S01E10 - What Mad Universe.mkv,,,episode,imdb://tt4229818,,unmatched,Parasyte -the maxim- – Season 1 – What Mad Universe
missing episode match metadata,0,F:\MediaStack\data\media\tv\Parasyte -the maxim-\Season 01\Parasyte -the maxim- - S01E11 - The Blue Bird.mkv,,,episode,imdb://tt4229820,,unmatched,Parasyte -the maxim- – Season 1 – The Blue Bird
missing episode match metadata,0,F:\MediaStack\data\media\tv\Parasyte -the maxim-\Season 01\Parasyte -the maxim- - S01E12 - Kokoro.mkv,,,episode,imdb://tt4229822,,unmatched,Parasyte -the maxim- – Season 1 – Kokoro
missing episode match metadata,0,F:\MediaStack\data\media\tv\Parasyte -the maxim-\Season 01\Parasyte -the maxim- - S01E13 - Hello Sadness.mkv,,,episode,imdb://tt4306832,,unmatched,Parasyte -the maxim- – Season 1 – Hello Sadness
missing episode match metadata,0,F:\MediaStack\data\media\tv\Parasyte -the maxim-\Season 01\Parasyte -the maxim- - S01E14 - The Selfish Gene.mkv,,,episode,imdb://tt4306834,,unmatched,Parasyte -the maxim- – Season 1 – The Selfish Gene
missing episode match metadata,0,F:\MediaStack\data\media\tv\Parasyte -the maxim-\Season 01\Parasyte -the maxim- - S01E15 - Something Wicked This Way Comes.mkv,,,episode,imdb://tt4306838,,unmatched,Parasyte -the maxim- – Season 1 – Something Wicked This Way Comes
missing episode match metadata,0,F:\MediaStack\data\media\tv\Parasyte -the maxim-\Season 01\Parasyte -the maxim- - S01E16 - Happy Family.mkv,,,episode,imdb://tt4306840,,unmatched,Parasyte -the maxim- – Season 1 – Happy Family
missing episode match metadata,0,F:\MediaStack\data\media\tv\Parasyte -the maxim-\Season 01\Parasyte -the maxim- - S01E17 - The Adventure of the Dying Detective.mkv,,,episode,imdb://tt4384868,,unmatched,Parasyte -the maxim- – Season 1 – The Adventure of the Dying Detective
missing episode match metadata,0,F:\MediaStack\data\media\tv\Parasyte -the maxim-\Season 01\Parasyte -the maxim- - S01E18 - More Than Human.mkv,,,episode,imdb://tt4384870,,unmatched,Parasyte -the maxim- – Season 1 – More Than Human
missing episode match metadata,0,F:\MediaStack\data\media\tv\Parasyte -the maxim-\Season 01\Parasyte -the maxim- - S01E19 - In Cold Blood.mkv,,,episode,imdb://tt4384874,,unmatched,Parasyte -the maxim- – Season 1 – In Cold Blood
missing episode match metadata,0,F:\MediaStack\data\media\tv\Parasyte -the maxim-\Season 01\Parasyte -the maxim- - S01E20 - Crime and Punishment.mkv,,,episode,imdb://tt4406444,,unmatched,Parasyte -the maxim- – Season 1 – Crime and Punishment
missing episode match metadata,0,F:\MediaStack\data\media\tv\Parasyte -the maxim-\Season 01\Parasyte -the maxim- - S01E21 - Sex and Spirit.mkv,,,episode,imdb://tt4503620,,unmatched,Parasyte -the maxim- – Season 1 – Sex and Spirit
missing episode match metadata,0,F:\MediaStack\data\media\tv\The Office (US)\Season 09\The Office (US) - S09E10 - Lice.mkv,,,episode,imdb://tt2572724,,unmatched,The Office (US) – Season 9 – Lice
missing episode match metadata,0,F:\MediaStack\data\media\tv\The Office (US)\Season 09\The Office (US) - S09E11 - Suit Warehouse.mkv,,,episode,imdb://tt2572726,,unmatched,The Office (US) – Season 9 – Suit Warehouse
missing episode match metadata,0,F:\MediaStack\data\media\tv\The Office (US)\Season 09\The Office (US) - S09E12 - Customer Loyalty.mkv,,,episode,imdb://tt2572728,,unmatched,The Office (US) – Season 9 – Customer Loyalty
missing episode match metadata,0,F:\MediaStack\data\media\tv\The Office (US)\Season 09\The Office (US) - S09E13 - Junior Salesman.mkv,,,episode,imdb://tt2572732,,unmatched,The Office (US) – Season 9 – Junior Salesman
missing episode match metadata,0,F:\MediaStack\data\media\tv\The Office (US)\Season 09\The Office (US) - S09E14 - Vandalism.mkv,,,episode,imdb://tt2572734,,unmatched,The Office (US) – Season 9 – Vandalism
missing episode match metadata,0,F:\MediaStack\data\media\tv\The Office (US)\Season 09\The Office (US) - S09E15 - Couples Discount.mkv,,,episode,imdb://tt2572738,,unmatched,The Office (US) – Season 9 – Couples Discount
missing episode match metadata,0,F:\MediaStack\data\media\tv\The Office (US)\Season 09\The Office (US) - S09E16 - Moving On.mkv,,,episode,imdb://tt2572740,,unmatched,The Office (US) – Season 9 – Moving On
missing episode match metadata,0,F:\MediaStack\data\media\tv\The Office (US)\Season 09\The Office (US) - S09E17 - The Farm.mkv,,,episode,imdb://tt2361870,,unmatched,The Office (US) – Season 9 – The Farm
missing episode match metadata,0,F:\MediaStack\data\media\tv\The Office (US)\Season 09\The Office (US) - S09E18 - Promos.mkv,,,episode,imdb://tt2669734,,unmatched,The Office (US) – Season 9 – Promos
missing episode match metadata,0,F:\MediaStack\data\media\tv\The Office (US)\Season 09\The Office (US) - S09E19 - Stairmageddon.mkv,,,episode,imdb://tt2669736,,unmatched,The Office (US) – Season 9 – Stairmageddon
missing episode match metadata,0,F:\MediaStack\data\media\tv\The Office (US)\Season 09\The Office (US) - S09E20 - Paper Airplane.mkv,,,episode,imdb://tt2669744,,unmatched,The Office (US) – Season 9 – Paper Airplane
missing episode match metadata,0,F:\MediaStack\data\media\tv\The Office (US)\Season 09\The Office (US) - S09E21 - Livin' the Dream.mkv,,,episode,imdb://tt2876480,,unmatched,The Office (US) – Season 9 – Livin' the Dream
missing episode match metadata,0,F:\MediaStack\data\media\tv\The Office (US)\Season 09\The Office (US) - S09E22 - A.A.R.M.mkv,,,episode,imdb://tt2669740,,unmatched,The Office (US) – Season 9 – A.A.R.M.
missing episode match metadata,0,F:\MediaStack\data\media\tv\The Office (US)\Season 09\The Office (US) - S09E23 - Finale.mkv,,,episode,imdb://tt2669746,,unmatched,The Office (US) – Season 9 – Finale
missing episode match metadata,0,F:\MediaStack\data\media\tv\P90X\Season 01\P90X - S01E01 - Chest & Back.mp4,,,episode,tmdb://5110892,,unmatched,P90X – Season 1 – Chest & Back
missing episode match metadata,0,F:\MediaStack\data\media\tv\P90X\Season 01\P90X - S01E02 - Plyometrics.mp4,,,episode,tmdb://5110893,,unmatched,P90X – Season 1 – Plyometrics
missing episode match metadata,0,F:\MediaStack\data\media\tv\P90X\Season 01\P90X - S01E03 - Shoulders & Arms.mp4,,,episode,tmdb://5110894,,unmatched,P90X – Season 1 – Shoulders & Arms
missing episode match metadata,0,F:\MediaStack\data\media\tv\P90X\Season 01\P90X - S01E04 - Yoga X.mp4,,,episode,tmdb://5110895,,unmatched,P90X – Season 1 – Yoga X
missing episode match metadata,0,F:\MediaStack\data\media\tv\P90X\Season 01\P90X - S01E05 - Legs & Back.mp4,,,episode,tmdb://5110896,,unmatched,P90X – Season 1 – Legs & Back
missing episode match metadata,0,F:\MediaStack\data\media\tv\P90X\Season 01\P90X - S01E06 - Kenpo X.mp4,,,episode,tmdb://5110897,,unmatched,P90X – Season 1 – Kenpo X
missing episode match metadata,0,F:\MediaStack\data\media\tv\P90X\Season 01\P90X - S01E07 - X Stretch.mp4,,,episode,tmdb://5110899,,unmatched,P90X – Season 1 – X Stretch
missing episode match metadata,0,F:\MediaStack\data\media\tv\P90X\Season 01\P90X - S01E08 - Core Synergistics.mp4,,,episode,tmdb://5110900,,unmatched,P90X – Season 1 – Core Synergistics
missing episode match metadata,0,"F:\MediaStack\data\media\tv\P90X\Season 01\P90X - S01E09 - Chest, Shoulders & Triceps.mp4",,,episode,tmdb://5110901,,unmatched,"P90X – Season 1 – Chest, Shoulders & Triceps"
missing episode match metadata,0,F:\MediaStack\data\media\tv\P90X\Season 01\P90X - S01E10 - Back & Biceps.mp4,,,episode,tmdb://5110902,,unmatched,P90X – Season 1 – Back & Biceps
missing episode match metadata,0,F:\MediaStack\data\media\tv\P90X\Season 01\P90X - S01E11 - Cardio X.mp4,,,episode,tmdb://5110898,,unmatched,P90X – Season 1 – Cardio X
missing episode match metadata,0,F:\MediaStack\data\media\tv\P90X\Season 01\P90X - S01E12 - Ab Ripper X.mp4,,,episode,tmdb://5110903,,unmatched,P90X – Season 1 – Ab Ripper X
missing episode match metadata,0,F:\MediaStack\data\media\tv\P90X\Season 02\P90X - S02E01 - Interval X Plus.mp4,,,episode,tmdb://5110905,,unmatched,P90X – Season 2 – Interval X Plus
missing episode match metadata,0,F:\MediaStack\data\media\tv\P90X\Season 02\P90X - S02E02 - Kenpo Cardio Plus.mp4,,,episode,tmdb://5110906,,unmatched,P90X – Season 2 – Kenpo Cardio Plus
missing episode match metadata,0,F:\MediaStack\data\media\tv\P90X\Season 02\P90X - S02E03 - Upper Plus.mp4,,,episode,tmdb://5110907,,unmatched,P90X – Season 2 – Upper Plus
missing episode match metadata,0,F:\MediaStack\data\media\tv\P90X\Season 02\P90X - S02E04 - Total Body Plus.mp4,,,episode,tmdb://5110908,,unmatched,P90X – Season 2 – Total Body Plus
missing episode match metadata,0,F:\MediaStack\data\media\tv\The Office (US)\Season 08\The Office (US) - S08E07 - Pam's Replacement.mkv,,,episode,imdb://tt2077604,,unmatched,The Office (US) – Season 8 – Pam's Replacement
missing episode match metadata,0,F:\MediaStack\data\media\tv\The Office (US)\Season 08\The Office (US) - S08E08 - Gettysburg.mkv,,,episode,imdb://tt2071306,,unmatched,The Office (US) – Season 8 – Gettysburg
missing episode match metadata,0,F:\MediaStack\data\media\tv\The Office (US)\Season 08\The Office (US) - S08E09 - Mrs. California.mkv,,,episode,imdb://tt2107510,,unmatched,The Office (US) – Season 8 – Mrs. California
missing episode match metadata,0,F:\MediaStack\data\media\tv\The Office (US)\Season 08\The Office (US) - S08E10 - Christmas Wishes.mkv,,,episode,imdb://tt2113519,,unmatched,The Office (US) – Season 8 – Christmas Wishes
missing episode match metadata,0,F:\MediaStack\data\media\tv\The Office (US)\Season 08\The Office (US) - S08E11 - Trivia.mkv,,,episode,imdb://tt2139249,,unmatched,The Office (US) – Season 8 – Trivia
missing episode match metadata,0,F:\MediaStack\data\media\tv\The Office (US)\Season 08\The Office (US) - S08E12 - Pool Party.mkv,,,episode,imdb://tt2156255,,unmatched,The Office (US) – Season 8 – Pool Party
missing episode match metadata,0,F:\MediaStack\data\media\tv\The Office (US)\Season 08\The Office (US) - S08E13 - Jury Duty.mkv,,,episode,imdb://tt2181631,,unmatched,The Office (US) – Season 8 – Jury Duty
missing episode match metadata,0,F:\MediaStack\data\media\tv\The Office (US)\Season 08\The Office (US) - S08E14 - Special Project.mkv,,,episode,imdb://tt2190001,,unmatched,The Office (US) – Season 8 – Special Project
missing episode match metadata,0,F:\MediaStack\data\media\tv\The Office (US)\Season 08\The Office (US) - S08E15 - Tallahassee.mkv,,,episode,imdb://tt2202113,,unmatched,The Office (US) – Season 8 – Tallahassee
missing episode match metadata,0,F:\MediaStack\data\media\tv\The Office (US)\Season 08\The Office (US) - S08E16 - After Hours.mkv,,,episode,imdb://tt2213999,,unmatched,The Office (US) – Season 8 – After Hours
missing episode match metadata,0,F:\MediaStack\data\media\tv\The Office (US)\Season 08\The Office (US) - S08E17 - Test the Store.mkv,,,episode,imdb://tt2230719,,unmatched,The Office (US) – Season 8 – Test the Store
missing episode match metadata,0,F:\MediaStack\data\media\tv\The Office (US)\Season 08\The Office (US) - S08E18 - Last Day in Florida.mkv,,,episode,imdb://tt2268001,,unmatched,The Office (US) – Season 8 – Last Day in Florida
missing episode match metadata,0,F:\MediaStack\data\media\tv\The Office (US)\Season 08\The Office (US) - S08E19 - Get the Girl.mkv,,,episode,imdb://tt2267999,,unmatched,The Office (US) – Season 8 – Get the Girl
missing episode match metadata,0,F:\MediaStack\data\media\tv\The Office (US)\Season 08\The Office (US) - S08E20 - Welcome Party.mkv,,,episode,imdb://tt2280881,,unmatched,The Office (US) – Season 8 – Welcome Party
missing episode match metadata,0,F:\MediaStack\data\media\tv\The Office (US)\Season 08\The Office (US) - S08E21 - Angry Andy.mkv,,,episode,imdb://tt2362659,,unmatched,The Office (US) – Season 8 – Angry Andy
missing episode match metadata,0,F:\MediaStack\data\media\tv\The Office (US)\Season 08\The Office (US) - S08E22 - Fundraiser.mkv,,,episode,imdb://tt2366113,,unmatched,The Office (US) – Season 8 – Fundraiser
missing episode match metadata,0,F:\MediaStack\data\media\tv\The Office (US)\Season 08\The Office (US) - S08E23 - Turf War.mkv,,,episode,imdb://tt2366115,,unmatched,The Office (US) – Season 8 – Turf War
missing episode match metadata,0,F:\MediaStack\data\media\tv\The Office (US)\Season 08\The Office (US) - S08E24 - Free Family Portrait Studio.mkv,,,episode,imdb://tt2374269,,unmatched,The Office (US) – Season 8 – Free Family Portrait Studio
missing episode match metadata,0,F:\MediaStack\data\media\tv\The Office (US)\Season 09\The Office (US) - S09E01 - New Guys.mkv,,,episode,imdb://tt2240226,,unmatched,The Office (US) – Season 9 – New Guys
missing episode match metadata,0,F:\MediaStack\data\media\tv\The Office (US)\Season 09\The Office (US) - S09E02 - Roy's Wedding.mkv,,,episode,imdb://tt2240224,,unmatched,The Office (US) – Season 9 – Roy's Wedding
missing episode match metadata,0,F:\MediaStack\data\media\tv\The Office (US)\Season 09\The Office (US) - S09E03 - Andy's Ancestry.mkv,,,episode,imdb://tt2359466,,unmatched,The Office (US) – Season 9 – Andy's Ancestry
missing episode match metadata,0,F:\MediaStack\data\media\tv\The Office (US)\Season 09\The Office (US) - S09E04 - Work Bus.mkv,,,episode,imdb://tt2349780,,unmatched,The Office (US) – Season 9 – Work Bus
missing episode match metadata,0,F:\MediaStack\data\media\tv\The Office (US)\Season 09\The Office (US) - S09E05 - Here Comes Treble.mkv,,,episode,imdb://tt2433396,,unmatched,The Office (US) – Season 9 – Here Comes Treble
missing episode match metadata,0,F:\MediaStack\data\media\tv\The Office (US)\Season 09\The Office (US) - S09E06 - The Boat.mkv,,,episode,imdb://tt2435600,,unmatched,The Office (US) – Season 9 – The Boat
missing episode match metadata,0,F:\MediaStack\data\media\tv\The Office (US)\Season 09\The Office (US) - S09E07 - The Whale.mkv,,,episode,imdb://tt2471292,,unmatched,The Office (US) – Season 9 – The Whale
missing episode match metadata,0,F:\MediaStack\data\media\tv\The Office (US)\Season 09\The Office (US) - S09E08 - The Target.mkv,,,episode,imdb://tt2476014,,unmatched,The Office (US) – Season 9 – The Target
missing episode match metadata,0,F:\MediaStack\data\media\tv\The Office (US)\Season 09\The Office (US) - S09E09 - Dwight Christmas.mkv,,,episode,imdb://tt2514850,,unmatched,The Office (US) – Season 9 – Dwight Christmas
missing episode match metadata,0,F:\MediaStack\data\media\tv\The Office (US)\Season 07\The Office (US) - S07E10 - China.mkv,,,episode,imdb://tt1752581,,unmatched,The Office (US) – Season 7 – China
missing episode match metadata,0,F:\MediaStack\data\media\tv\The Office (US)\Season 07\The Office (US) - S07E11 - Classy Christmas (1).mkv,,,episode,tmdb://170285,,unmatched,The Office (US) – Season 7 – Classy Christmas
missing episode match metadata,0,F:\MediaStack\data\media\tv\The Office (US)\Season 07\The Office (US) - S07E12 - Classy Christmas (2).mkv,,,episode,imdb://tt1776740,,unmatched,The Office (US) – Season 7 – Ultimatum
missing episode match metadata,0,F:\MediaStack\data\media\tv\The Office (US)\Season 07\The Office (US) - S07E13 - Ultimatum.mkv,,,episode,imdb://tt1810331,,unmatched,The Office (US) – Season 7 – The Seminar
missing episode match metadata,0,F:\MediaStack\data\media\tv\The Office (US)\Season 07\The Office (US) - S07E14 - The Seminar.mkv,,,episode,imdb://tt1817005,,unmatched,The Office (US) – Season 7 – The Search
missing episode match metadata,0,F:\MediaStack\data\media\tv\The Office (US)\Season 07\The Office (US) - S07E15 - The Search.mkv,,,episode,imdb://tt1817006,,unmatched,The Office (US) – Season 7 – PDA
missing episode match metadata,0,F:\MediaStack\data\media\tv\The Office (US)\Season 07\The Office (US) - S07E16 - PDA.mkv,,,episode,imdb://tt1817007,,unmatched,The Office (US) – Season 7 – Threat Level Midnight
missing episode match metadata,0,F:\MediaStack\data\media\tv\The Office (US)\Season 07\The Office (US) - S07E17 - Threat Level Midnight.mkv,,,episode,imdb://tt1832204,,unmatched,The Office (US) – Season 7 – Todd Packer
missing episode match metadata,0,F:\MediaStack\data\media\tv\The Office (US)\Season 07\The Office (US) - S07E18 - Todd Packer.mkv,,,episode,imdb://tt1833194,,unmatched,The Office (US) – Season 7 – Garage Sale
missing episode match metadata,0,F:\MediaStack\data\media\tv\The Office (US)\Season 07\The Office (US) - S07E19 - Garage Sale.mkv,,,episode,imdb://tt1833195,,unmatched,The Office (US) – Season 7 – Training Day
missing episode match metadata,0,F:\MediaStack\data\media\tv\The Office (US)\Season 07\The Office (US) - S07E20 - Training Day.mkv,,,episode,imdb://tt1833196,,unmatched,The Office (US) – Season 7 – Michael's Last Dundies
missing episode match metadata,0,F:\MediaStack\data\media\tv\The Office (US)\Season 07\The Office (US) - S07E21 - Michael's Last Dundies.mkv,,,episode,imdb://tt1833197,,unmatched,"The Office (US) – Season 7 – Goodbye, Michael"
missing episode match metadata,0,"F:\MediaStack\data\media\tv\The Office (US)\Season 07\The Office (US) - S07E22 - Goodbye, Michael.mkv",,,episode,imdb://tt39173559,,unmatched,The Office (US) – Season 7 – The Inner Circle
missing episode match metadata,0,F:\MediaStack\data\media\tv\The Office (US)\Season 07\The Office (US) - S07E23 - The Inner Circle.mkv,,,episode,imdb://tt1848619,,unmatched,"The Office (US) – Season 7 – Dwight K. Schrute, (Acting) Manager"
missing episode match metadata,0,"F:\MediaStack\data\media\tv\The Office (US)\Season 07\The Office (US) - S07E24 - Dwight K. Schrute, (Acting) Manager.mkv",,,episode,tmdb://170287,,unmatched,The Office (US) – Season 7 – Search Committee
missing episode match metadata,0,F:\MediaStack\data\media\tv\The Office (US)\Season 07\The Office (US) - S07E25 - Search Committee (1).mkv,,,episode,local://24824,,unmatched,The Office (US) – Season 7 – Episode 25
missing episode match metadata,0,F:\MediaStack\data\media\tv\The Office (US)\Season 07\The Office (US) - S07E26 - Search Committee (2).mkv,,,episode,local://24825,,unmatched,The Office (US) – Season 7 – Episode 26
missing episode match metadata,0,F:\MediaStack\data\media\tv\The Office (US)\Season 08\The Office (US) - S08E01 - The List.mkv,,,episode,imdb://tt2000321,,unmatched,The Office (US) – Season 8 – The List
missing episode match metadata,0,F:\MediaStack\data\media\tv\The Office (US)\Season 08\The Office (US) - S08E02 - The Incentive.mkv,,,episode,imdb://tt2051718,,unmatched,The Office (US) – Season 8 – The Incentive
missing episode match metadata,0,F:\MediaStack\data\media\tv\The Office (US)\Season 08\The Office (US) - S08E03 - Lotto.mkv,,,episode,imdb://tt2061513,,unmatched,The Office (US) – Season 8 – Lotto
missing episode match metadata,0,F:\MediaStack\data\media\tv\The Office (US)\Season 08\The Office (US) - S08E04 - Garden Party.mkv,,,episode,imdb://tt2072796,,unmatched,The Office (US) – Season 8 – Garden Party
missing episode match metadata,0,F:\MediaStack\data\media\tv\The Office (US)\Season 08\The Office (US) - S08E05 - Spooked.mkv,,,episode,imdb://tt2074990,,unmatched,The Office (US) – Season 8 – Spooked
missing episode match metadata,0,F:\MediaStack\data\media\tv\The Office (US)\Season 08\The Office (US) - S08E06 - Doomsday.mkv,,,episode,imdb://tt2079359,,unmatched,The Office (US) – Season 8 – Doomsday
missing episode match metadata,0,F:\MediaStack\data\media\tv\The Office (US)\Season 06\The Office (US) - S06E13 - Secret Santa.mkv,,,episode,imdb://tt1564719,,unmatched,The Office (US) – Season 6 – The Banker
missing episode match metadata,0,F:\MediaStack\data\media\tv\The Office (US)\Season 06\The Office (US) - S06E14 - The Banker.mkv,,,episode,imdb://tt1564720,,unmatched,The Office (US) – Season 6 – Sabre
missing episode match metadata,0,F:\MediaStack\data\media\tv\The Office (US)\Season 06\The Office (US) - S06E15 - Sabre.mkv,,,episode,imdb://tt1564721,,unmatched,The Office (US) – Season 6 – The Manager and the Salesman
missing episode match metadata,0,F:\MediaStack\data\media\tv\The Office (US)\Season 06\The Office (US) - S06E16 - Manager and Salesman.mkv,,,episode,imdb://tt1582153,,unmatched,The Office (US) – Season 6 – The Delivery
missing episode match metadata,0,F:\MediaStack\data\media\tv\The Office (US)\Season 06\The Office (US) - S06E17 - The Delivery (1).mkv,,,episode,imdb://tt1589333,,unmatched,The Office (US) – Season 6 – St. Patrick's Day
missing episode match metadata,0,F:\MediaStack\data\media\tv\The Office (US)\Season 06\The Office (US) - S06E18 - The Delivery (2).mkv,,,episode,imdb://tt1589334,,unmatched,The Office (US) – Season 6 – New Leads
missing episode match metadata,0,F:\MediaStack\data\media\tv\The Office (US)\Season 06\The Office (US) - S06E19 - St. Patrick's Day.mkv,,,episode,imdb://tt1589335,,unmatched,The Office (US) – Season 6 – Happy Hour
missing episode match metadata,0,F:\MediaStack\data\media\tv\The Office (US)\Season 06\The Office (US) - S06E20 - New Leads.mkv,,,episode,imdb://tt1589336,,unmatched,The Office (US) – Season 6 – Secretary's Day
missing episode match metadata,0,F:\MediaStack\data\media\tv\The Office (US)\Season 06\The Office (US) - S06E21 - Happy Hour.mkv,,,episode,imdb://tt1589337,,unmatched,The Office (US) – Season 6 – Body Language
missing episode match metadata,0,F:\MediaStack\data\media\tv\The Office (US)\Season 06\The Office (US) - S06E22 - Secretary's Day.mkv,,,episode,imdb://tt1589338,,unmatched,The Office (US) – Season 6 – The Cover-Up
missing episode match metadata,0,F:\MediaStack\data\media\tv\The Office (US)\Season 06\The Office (US) - S06E23 - Body Language.mkv,,,episode,imdb://tt1610228,,unmatched,The Office (US) – Season 6 – The Chump
missing episode match metadata,0,F:\MediaStack\data\media\tv\The Office (US)\Season 06\The Office (US) - S06E24 - The Cover-Up.mkv,,,episode,imdb://tt1610229,,unmatched,The Office (US) – Season 6 – Whistleblower
missing episode match metadata,0,F:\MediaStack\data\media\tv\The Office (US)\Season 06\The Office (US) - S06E25 - The Chump.mkv,,,episode,local://24797,,unmatched,The Office (US) – Season 6 – Episode 25
missing episode match metadata,0,F:\MediaStack\data\media\tv\The Office (US)\Season 06\The Office (US) - S06E26 - Whistleblower.mkv,,,episode,local://24798,,unmatched,The Office (US) – Season 6 – Episode 26
missing episode match metadata,0,F:\MediaStack\data\media\tv\The Office (US)\Season 07\The Office (US) - S07E01 - Nepotism.mkv,,,episode,imdb://tt1691733,,unmatched,The Office (US) – Season 7 – Nepotism
missing episode match metadata,0,F:\MediaStack\data\media\tv\The Office (US)\Season 07\The Office (US) - S07E02 - Counseling.mkv,,,episode,imdb://tt1707764,,unmatched,The Office (US) – Season 7 – Counseling
missing episode match metadata,0,F:\MediaStack\data\media\tv\The Office (US)\Season 07\The Office (US) - S07E03 - Andy's Play.mkv,,,episode,imdb://tt1707765,,unmatched,The Office (US) – Season 7 – Andy's Play
missing episode match metadata,0,F:\MediaStack\data\media\tv\The Office (US)\Season 07\The Office (US) - S07E04 - Sex Ed.mkv,,,episode,imdb://tt1707766,,unmatched,The Office (US) – Season 7 – Sex Ed
missing episode match metadata,0,F:\MediaStack\data\media\tv\The Office (US)\Season 07\The Office (US) - S07E05 - The Sting.mkv,,,episode,imdb://tt1725593,,unmatched,The Office (US) – Season 7 – The Sting
missing episode match metadata,0,F:\MediaStack\data\media\tv\The Office (US)\Season 07\The Office (US) - S07E06 - Costume Contest.mkv,,,episode,imdb://tt1725594,,unmatched,The Office (US) – Season 7 – Costume Contest
missing episode match metadata,0,F:\MediaStack\data\media\tv\The Office (US)\Season 07\The Office (US) - S07E07 - Christening.mkv,,,episode,imdb://tt1724495,,unmatched,The Office (US) – Season 7 – Christening
missing episode match metadata,0,F:\MediaStack\data\media\tv\The Office (US)\Season 07\The Office (US) - S07E08 - Viewing Party.mkv,,,episode,imdb://tt1752582,,unmatched,The Office (US) – Season 7 – Viewing Party
missing episode match metadata,0,F:\MediaStack\data\media\tv\The Office (US)\Season 07\The Office (US) - S07E09 - WUPHF.com.mkv,,,episode,imdb://tt1752583,,unmatched,The Office (US) – Season 7 – WUPHF.com
missing episode match metadata,0,F:\MediaStack\data\media\tv\The Office (US)\Season 05\The Office (US) - S05E15 - Lecture Circuit (2).mkv,,,episode,imdb://tt1248738,,unmatched,The Office (US) – Season 5 – Lecture Circuit (2)
missing episode match metadata,0,F:\MediaStack\data\media\tv\The Office (US)\Season 05\The Office (US) - S05E16 - Blood Drive.mkv,,,episode,imdb://tt1248739,,unmatched,The Office (US) – Season 5 – Blood Drive
missing episode match metadata,0,F:\MediaStack\data\media\tv\The Office (US)\Season 05\The Office (US) - S05E17 - Golden Ticket.mkv,,,episode,imdb://tt1248740,,unmatched,The Office (US) – Season 5 – Golden Ticket
missing episode match metadata,0,F:\MediaStack\data\media\tv\The Office (US)\Season 05\The Office (US) - S05E18 - New Boss.mkv,,,episode,imdb://tt1248741,,unmatched,The Office (US) – Season 5 – New Boss
missing episode match metadata,0,F:\MediaStack\data\media\tv\The Office (US)\Season 05\The Office (US) - S05E19 - Two Weeks.mkv,,,episode,imdb://tt1248742,,unmatched,The Office (US) – Season 5 – Two Weeks
missing episode match metadata,0,F:\MediaStack\data\media\tv\The Office (US)\Season 05\The Office (US) - S05E20 - Dream Team.mkv,,,episode,imdb://tt1248745,,unmatched,The Office (US) – Season 5 – Dream Team
missing episode match metadata,0,F:\MediaStack\data\media\tv\The Office (US)\Season 05\The Office (US) - S05E21 - The Michael Scott Paper Company.mkv,,,episode,imdb://tt1248744,,unmatched,The Office (US) – Season 5 – Michael Scott Paper Company
missing episode match metadata,0,F:\MediaStack\data\media\tv\The Office (US)\Season 05\The Office (US) - S05E22 - Heavy Competition.mkv,,,episode,imdb://tt1248746,,unmatched,The Office (US) – Season 5 – Heavy Competition
missing episode match metadata,0,F:\MediaStack\data\media\tv\The Office (US)\Season 05\The Office (US) - S05E23 - Broke.mkv,,,episode,imdb://tt1268727,,unmatched,The Office (US) – Season 5 – Broke
missing episode match metadata,0,F:\MediaStack\data\media\tv\The Office (US)\Season 05\The Office (US) - S05E24 - Casual Friday.mkv,,,episode,imdb://tt1406712,,unmatched,The Office (US) – Season 5 – Casual Friday
missing episode match metadata,0,F:\MediaStack\data\media\tv\The Office (US)\Season 05\The Office (US) - S05E25 - Cafe Disco.mkv,,,episode,imdb://tt1417507,,unmatched,The Office (US) – Season 5 – Cafe Disco
missing episode match metadata,0,F:\MediaStack\data\media\tv\The Office (US)\Season 05\The Office (US) - S05E26 - Company Picnic.mkv,,,episode,imdb://tt1417732,,unmatched,The Office (US) – Season 5 – Company Picnic
missing episode match metadata,0,F:\MediaStack\data\media\tv\The Office (US)\Season 06\The Office (US) - S06E01 - Gossip.mkv,,,episode,imdb://tt1467798,,unmatched,The Office (US) – Season 6 – Gossip
missing episode match metadata,0,F:\MediaStack\data\media\tv\The Office (US)\Season 06\The Office (US) - S06E02 - The Meeting.mkv,,,episode,imdb://tt1487740,,unmatched,The Office (US) – Season 6 – The Meeting
missing episode match metadata,0,F:\MediaStack\data\media\tv\The Office (US)\Season 06\The Office (US) - S06E03 - The Promotion.mkv,,,episode,imdb://tt1487741,,unmatched,The Office (US) – Season 6 – The Promotion
missing episode match metadata,0,F:\MediaStack\data\media\tv\The Office (US)\Season 06\The Office (US) - S06E04 - Niagara (1).mkv,,,episode,imdb://tt1487742,,unmatched,The Office (US) – Season 6 – Niagara
missing episode match metadata,0,F:\MediaStack\data\media\tv\The Office (US)\Season 06\The Office (US) - S06E05 - Niagara (2).mkv,,,episode,imdb://tt1520196,,unmatched,The Office (US) – Season 6 – Mafia
missing episode match metadata,0,F:\MediaStack\data\media\tv\The Office (US)\Season 06\The Office (US) - S06E06 - Mafia.mkv,,,episode,imdb://tt1520197,,unmatched,The Office (US) – Season 6 – The Lover
missing episode match metadata,0,F:\MediaStack\data\media\tv\The Office (US)\Season 06\The Office (US) - S06E07 - The Lover.mkv,,,episode,imdb://tt1524878,,unmatched,The Office (US) – Season 6 – Koi Pond
missing episode match metadata,0,F:\MediaStack\data\media\tv\The Office (US)\Season 06\The Office (US) - S06E08 - Koi Pond.mkv,,,episode,imdb://tt1531589,,unmatched,The Office (US) – Season 6 – Double Date
missing episode match metadata,0,F:\MediaStack\data\media\tv\The Office (US)\Season 06\The Office (US) - S06E09 - Double Date.mkv,,,episode,imdb://tt1535367,,unmatched,The Office (US) – Season 6 – Murder
missing episode match metadata,0,F:\MediaStack\data\media\tv\The Office (US)\Season 06\The Office (US) - S06E10 - Murder.mkv,,,episode,imdb://tt1536326,,unmatched,The Office (US) – Season 6 – Shareholder Meeting
missing episode match metadata,0,F:\MediaStack\data\media\tv\The Office (US)\Season 06\The Office (US) - S06E11 - Shareholder Meeting.mkv,,,episode,imdb://tt1544466,,unmatched,The Office (US) – Season 6 – Scott's Tots
missing episode match metadata,0,F:\MediaStack\data\media\tv\The Office (US)\Season 06\The Office (US) - S06E12 - Scott's Tots.mkv,,,episode,imdb://tt1548747,,unmatched,The Office (US) – Season 6 – Secret Santa
missing episode match metadata,0,F:\MediaStack\data\media\tv\The Office (US)\Season 04\The Office (US) - S04E11 - Survivor Man.mkv,,,episode,imdb://tt1031450,,unmatched,The Office (US) – Season 4 – Night Out
missing episode match metadata,0,F:\MediaStack\data\media\tv\The Office (US)\Season 04\The Office (US) - S04E12 - The Deposition.mkv,,,episode,imdb://tt1031451,,unmatched,The Office (US) – Season 4 – Did I Stutter?
missing episode match metadata,0,F:\MediaStack\data\media\tv\The Office (US)\Season 04\The Office (US) - S04E13 - Dinner Party.mkv,,,episode,imdb://tt1031452,,unmatched,The Office (US) – Season 4 – Job Fair
missing episode match metadata,0,F:\MediaStack\data\media\tv\The Office (US)\Season 04\The Office (US) - S04E14 - The Chair Model.mkv,,,episode,imdb://tt1031453,,unmatched,The Office (US) – Season 4 – Goodbye Toby
missing episode match metadata,0,F:\MediaStack\data\media\tv\The Office (US)\Season 04\The Office (US) - S04E15 - Night Out.mkv,,,episode,local://24740,,unmatched,The Office (US) – Season 4 – Episode 15
missing episode match metadata,0,F:\MediaStack\data\media\tv\The Office (US)\Season 04\The Office (US) - S04E16 - Did I Stutter.mkv,,,episode,local://24741,,unmatched,The Office (US) – Season 4 – Episode 16
missing episode match metadata,0,F:\MediaStack\data\media\tv\The Office (US)\Season 04\The Office (US) - S04E17 - Job Fair.mkv,,,episode,local://24742,,unmatched,The Office (US) – Season 4 – Episode 17
missing episode match metadata,0,"F:\MediaStack\data\media\tv\The Office (US)\Season 04\The Office (US) - S04E18 - Goodbye, Toby (1).mkv",,,episode,local://25019,,unmatched,The Office (US) – Season 4 – Episode 18
missing episode match metadata,0,"F:\MediaStack\data\media\tv\The Office (US)\Season 04\The Office (US) - S04E19 - Goodbye, Toby (2).mkv",,,episode,local://25020,,unmatched,The Office (US) – Season 4 – Episode 19
missing episode match metadata,0,F:\MediaStack\data\media\tv\The Office (US)\Season 05\The Office (US) - S05E01 - Weight Loss.mkv,,,episode,imdb://tt1236462,,unmatched,The Office (US) – Season 5 – Weight Loss
missing episode match metadata,0,F:\MediaStack\data\media\tv\The Office (US)\Season 05\The Office (US) - S05E02 - Business Ethics.mkv,,,episode,imdb://tt1248743,,unmatched,The Office (US) – Season 5 – Business Ethics
missing episode match metadata,0,F:\MediaStack\data\media\tv\The Office (US)\Season 05\The Office (US) - S05E03 - Baby Shower.mkv,,,episode,imdb://tt1248747,,unmatched,The Office (US) – Season 5 – Baby Shower
missing episode match metadata,0,F:\MediaStack\data\media\tv\The Office (US)\Season 05\The Office (US) - S05E04 - Crime Aid.mkv,,,episode,imdb://tt1248748,,unmatched,The Office (US) – Season 5 – Crime Aid
missing episode match metadata,0,F:\MediaStack\data\media\tv\The Office (US)\Season 05\The Office (US) - S05E05 - Employee Transfer.mkv,,,episode,imdb://tt1248749,,unmatched,The Office (US) – Season 5 – Employee Transfer
missing episode match metadata,0,F:\MediaStack\data\media\tv\The Office (US)\Season 05\The Office (US) - S05E06 - Customer Survey.mkv,,,episode,imdb://tt1248750,,unmatched,The Office (US) – Season 5 – Customer Survey
missing episode match metadata,0,F:\MediaStack\data\media\tv\The Office (US)\Season 05\The Office (US) - S05E07 - Business Trip.mkv,,,episode,imdb://tt1248751,,unmatched,The Office (US) – Season 5 – Business Trip
missing episode match metadata,0,F:\MediaStack\data\media\tv\The Office (US)\Season 05\The Office (US) - S05E08 - Frame Toby.mkv,,,episode,imdb://tt1248752,,unmatched,The Office (US) – Season 5 – Frame Toby
missing episode match metadata,0,F:\MediaStack\data\media\tv\The Office (US)\Season 05\The Office (US) - S05E09 - The Surplus.mkv,,,episode,imdb://tt1248753,,unmatched,The Office (US) – Season 5 – The Surplus
missing episode match metadata,0,F:\MediaStack\data\media\tv\The Office (US)\Season 05\The Office (US) - S05E10 - Moroccan Christmas.mkv,,,episode,imdb://tt1248733,,unmatched,The Office (US) – Season 5 – Moroccan Christmas
missing episode match metadata,0,F:\MediaStack\data\media\tv\The Office (US)\Season 05\The Office (US) - S05E11 - The Duel.mkv,,,episode,imdb://tt1248734,,unmatched,The Office (US) – Season 5 – The Duel
missing episode match metadata,0,F:\MediaStack\data\media\tv\The Office (US)\Season 05\The Office (US) - S05E12 - Prince Family Paper.mkv,,,episode,imdb://tt1248735,,unmatched,The Office (US) – Season 5 – Prince Family Paper
missing episode match metadata,0,F:\MediaStack\data\media\tv\The Office (US)\Season 05\The Office (US) - S05E13 - Stress Relief.mkv,,,episode,imdb://tt1248736,,unmatched,The Office (US) – Season 5 – Stress Relief
missing episode match metadata,0,F:\MediaStack\data\media\tv\The Office (US)\Season 05\The Office (US) - S05E14 - Lecture Circuit (1).mkv,,,episode,imdb://tt1248737,,unmatched,The Office (US) – Season 5 – Lecture Circuit (1)
missing episode match metadata,0,F:\MediaStack\data\media\tv\The Office (US)\Season 03\The Office (US) - S03E11 - Back from Vacation.mkv,,,episode,imdb://tt0918835,,unmatched,The Office (US) – Season 3 – Back from Vacation
missing episode match metadata,0,F:\MediaStack\data\media\tv\The Office (US)\Season 03\The Office (US) - S03E12 - Traveling Salesmen.mkv,,,episode,imdb://tt0934246,,unmatched,The Office (US) – Season 3 – Traveling Salesmen
missing episode match metadata,0,F:\MediaStack\data\media\tv\The Office (US)\Season 03\The Office (US) - S03E13 - The Return.mkv,,,episode,imdb://tt0937879,,unmatched,The Office (US) – Season 3 – The Return
missing episode match metadata,0,F:\MediaStack\data\media\tv\The Office (US)\Season 03\The Office (US) - S03E14 - Ben Franklin.mkv,,,episode,imdb://tt0954759,,unmatched,The Office (US) – Season 3 – Ben Franklin
missing episode match metadata,0,F:\MediaStack\data\media\tv\The Office (US)\Season 03\The Office (US) - S03E15 - Phyllis' Wedding.mkv,,,episode,imdb://tt0962460,,unmatched,The Office (US) – Season 3 – Phyllis' Wedding
missing episode match metadata,0,F:\MediaStack\data\media\tv\The Office (US)\Season 03\The Office (US) - S03E16 - Business School.mkv,,,episode,imdb://tt0964922,,unmatched,The Office (US) – Season 3 – Business School
missing episode match metadata,0,F:\MediaStack\data\media\tv\The Office (US)\Season 03\The Office (US) - S03E17 - Cocktails.mkv,,,episode,imdb://tt0967814,,unmatched,The Office (US) – Season 3 – Cocktails
missing episode match metadata,0,F:\MediaStack\data\media\tv\The Office (US)\Season 03\The Office (US) - S03E18 - The Negotiation.mkv,,,episode,imdb://tt0983623,,unmatched,The Office (US) – Season 3 – The Negotiation
missing episode match metadata,0,F:\MediaStack\data\media\tv\The Office (US)\Season 03\The Office (US) - S03E19 - Safety Training.mkv,,,episode,imdb://tt0966362,,unmatched,The Office (US) – Season 3 – Safety Training
missing episode match metadata,0,F:\MediaStack\data\media\tv\The Office (US)\Season 03\The Office (US) - S03E20 - Product Recall.mkv,,,episode,imdb://tt1008441,,unmatched,The Office (US) – Season 3 – Product Recall
missing episode match metadata,0,F:\MediaStack\data\media\tv\The Office (US)\Season 03\The Office (US) - S03E21 - Women's Appreciation.mkv,,,episode,imdb://tt1020711,,unmatched,The Office (US) – Season 3 – Women's Appreciation
missing episode match metadata,0,F:\MediaStack\data\media\tv\The Office (US)\Season 03\The Office (US) - S03E22 - Beach Games.mkv,,,episode,imdb://tt1028389,,unmatched,The Office (US) – Season 3 – Beach Games
missing episode match metadata,0,F:\MediaStack\data\media\tv\The Office (US)\Season 03\The Office (US) - S03E23 - The Job.mkv,,,episode,imdb://tt1030253,,unmatched,The Office (US) – Season 3 – The Job
missing episode match metadata,0,F:\MediaStack\data\media\tv\The Office (US)\Season 04\The Office (US) - S04E01 - Fun Run (1).mkv,,,episode,tmdb://170244,,unmatched,The Office (US) – Season 4 – Fun Run
missing episode match metadata,0,F:\MediaStack\data\media\tv\The Office (US)\Season 04\The Office (US) - S04E02 - Fun Run (2).mkv,,,episode,imdb://tt1026035,,unmatched,The Office (US) – Season 4 – Dunder Mifflin Infinity
missing episode match metadata,0,F:\MediaStack\data\media\tv\The Office (US)\Season 04\The Office (US) - S04E03 - Dunder Mifflin Infinity (1).mkv,,,episode,tmdb://170248,,unmatched,The Office (US) – Season 4 – Launch Party
missing episode match metadata,0,F:\MediaStack\data\media\tv\The Office (US)\Season 04\The Office (US) - S04E04 - Dunder Mifflin Infinity (2).mkv,,,episode,tmdb://170250,,unmatched,The Office (US) – Season 4 – Money
missing episode match metadata,0,F:\MediaStack\data\media\tv\The Office (US)\Season 04\The Office (US) - S04E05 - Launch Party (1).mkv,,,episode,imdb://tt1031473,,unmatched,The Office (US) – Season 4 – Local Ad
missing episode match metadata,0,F:\MediaStack\data\media\tv\The Office (US)\Season 04\The Office (US) - S04E06 - Launch Party (2).mkv,,,episode,imdb://tt1031474,,unmatched,The Office (US) – Season 4 – Branch Wars
missing episode match metadata,0,F:\MediaStack\data\media\tv\The Office (US)\Season 04\The Office (US) - S04E07 - Money (1).mkv,,,episode,imdb://tt1031475,,unmatched,The Office (US) – Season 4 – Survivor Man
missing episode match metadata,0,F:\MediaStack\data\media\tv\The Office (US)\Season 04\The Office (US) - S04E08 - Money (2).mkv,,,episode,imdb://tt1031476,,unmatched,The Office (US) – Season 4 – The Deposition
missing episode match metadata,0,F:\MediaStack\data\media\tv\The Office (US)\Season 04\The Office (US) - S04E09 - Local Ad.mkv,,,episode,imdb://tt1031477,,unmatched,The Office (US) – Season 4 – Dinner Party
missing episode match metadata,0,F:\MediaStack\data\media\tv\The Office (US)\Season 04\The Office (US) - S04E10 - Branch Wars.mkv,,,episode,imdb://tt1031449,,unmatched,The Office (US) – Season 4 – Chair Model
missing episode match metadata,0,F:\MediaStack\data\media\tv\The Office (US)\Season 02\The Office (US) - S02E06 - The Fight.mkv,,,episode,imdb://tt0664526,,unmatched,The Office (US) – Season 2 – The Fight
missing episode match metadata,0,F:\MediaStack\data\media\tv\The Office (US)\Season 02\The Office (US) - S02E07 - The Client.mkv,,,episode,imdb://tt0664524,,unmatched,The Office (US) – Season 2 – The Client
missing episode match metadata,0,F:\MediaStack\data\media\tv\The Office (US)\Season 02\The Office (US) - S02E08 - Performance Review.mkv,,,episode,imdb://tt0664520,,unmatched,The Office (US) – Season 2 – Performance Review
missing episode match metadata,0,F:\MediaStack\data\media\tv\The Office (US)\Season 02\The Office (US) - S02E09 - Email Surveillance.mkv,,,episode,imdb://tt0664515,,unmatched,The Office (US) – Season 2 – Email Surveillance
missing episode match metadata,0,F:\MediaStack\data\media\tv\The Office (US)\Season 02\The Office (US) - S02E10 - Christmas Party.mkv,,,episode,imdb://tt0664513,,unmatched,The Office (US) – Season 2 – Christmas Party
missing episode match metadata,0,F:\MediaStack\data\media\tv\The Office (US)\Season 02\The Office (US) - S02E11 - Booze Cruise.mkv,,,episode,imdb://tt0664511,,unmatched,The Office (US) – Season 2 – Booze Cruise
missing episode match metadata,0,F:\MediaStack\data\media\tv\The Office (US)\Season 02\The Office (US) - S02E12 - The Injury.mkv,,,episode,imdb://tt0664528,,unmatched,The Office (US) – Season 2 – The Injury
missing episode match metadata,0,F:\MediaStack\data\media\tv\The Office (US)\Season 02\The Office (US) - S02E13 - The Secret.mkv,,,episode,imdb://tt0756967,,unmatched,The Office (US) – Season 2 – The Secret
missing episode match metadata,0,F:\MediaStack\data\media\tv\The Office (US)\Season 02\The Office (US) - S02E14 - The Carpet.mkv,,,episode,imdb://tt0756966,,unmatched,The Office (US) – Season 2 – The Carpet
missing episode match metadata,0,F:\MediaStack\data\media\tv\The Office (US)\Season 02\The Office (US) - S02E15 - Boys And Girls.mkv,,,episode,imdb://tt0664512,,unmatched,The Office (US) – Season 2 – Boys and Girls
missing episode match metadata,0,F:\MediaStack\data\media\tv\The Office (US)\Season 02\The Office (US) - S02E16 - Valentine's Day.mkv,,,episode,imdb://tt0763221,,unmatched,The Office (US) – Season 2 – Valentine's Day
missing episode match metadata,0,F:\MediaStack\data\media\tv\The Office (US)\Season 02\The Office (US) - S02E17 - Dwight's Speech.mkv,,,episode,imdb://tt0770626,,unmatched,The Office (US) – Season 2 – Dwight's Speech
missing episode match metadata,0,F:\MediaStack\data\media\tv\The Office (US)\Season 02\The Office (US) - S02E18 - Take Your Daughter to Work Day.mkv,,,episode,imdb://tt0779510,,unmatched,The Office (US) – Season 2 – Take Your Daughter to Work Day
missing episode match metadata,0,F:\MediaStack\data\media\tv\The Office (US)\Season 02\The Office (US) - S02E19 - Michael's Birthday.mkv,,,episode,imdb://tt0776249,,unmatched,The Office (US) – Season 2 – Michael's Birthday
missing episode match metadata,0,F:\MediaStack\data\media\tv\The Office (US)\Season 02\The Office (US) - S02E20 - Drug Testing.mkv,,,episode,imdb://tt0795874,,unmatched,The Office (US) – Season 2 – Drug Testing
missing episode match metadata,0,F:\MediaStack\data\media\tv\The Office (US)\Season 02\The Office (US) - S02E21 - Conflict Resolution.mkv,,,episode,imdb://tt0796140,,unmatched,The Office (US) – Season 2 – Conflict Resolution
missing episode match metadata,0,F:\MediaStack\data\media\tv\The Office (US)\Season 02\The Office (US) - S02E22 - Casino Night.mkv,,,episode,imdb://tt0800604,,unmatched,The Office (US) – Season 2 – Casino Night
missing episode match metadata,0,F:\MediaStack\data\media\tv\The Office (US)\Season 03\The Office (US) - S03E01 - Gay Witch Hunt.mkv,,,episode,imdb://tt0859444,,unmatched,The Office (US) – Season 3 – Gay Witch Hunt
missing episode match metadata,0,F:\MediaStack\data\media\tv\The Office (US)\Season 03\The Office (US) - S03E02 - The Convention.mkv,,,episode,imdb://tt0859445,,unmatched,The Office (US) – Season 3 – The Convention
missing episode match metadata,0,F:\MediaStack\data\media\tv\The Office (US)\Season 03\The Office (US) - S03E03 - The Coup.mkv,,,episode,imdb://tt0868440,,unmatched,The Office (US) – Season 3 – The Coup
missing episode match metadata,0,F:\MediaStack\data\media\tv\The Office (US)\Season 03\The Office (US) - S03E04 - Grief Counseling.mkv,,,episode,imdb://tt0877241,,unmatched,The Office (US) – Season 3 – Grief Counseling
missing episode match metadata,0,F:\MediaStack\data\media\tv\The Office (US)\Season 03\The Office (US) - S03E05 - Initiation.mkv,,,episode,imdb://tt0873237,,unmatched,The Office (US) – Season 3 – Initiation
missing episode match metadata,0,F:\MediaStack\data\media\tv\The Office (US)\Season 03\The Office (US) - S03E06 - Diwali.mkv,,,episode,imdb://tt0888293,,unmatched,The Office (US) – Season 3 – Diwali
missing episode match metadata,0,F:\MediaStack\data\media\tv\The Office (US)\Season 03\The Office (US) - S03E07 - Branch Closing.mkv,,,episode,imdb://tt0888292,,unmatched,The Office (US) – Season 3 – Branch Closing
missing episode match metadata,0,F:\MediaStack\data\media\tv\The Office (US)\Season 03\The Office (US) - S03E08 - The Merger.mkv,,,episode,imdb://tt0894520,,unmatched,The Office (US) – Season 3 – The Merger
missing episode match metadata,0,F:\MediaStack\data\media\tv\The Office (US)\Season 03\The Office (US) - S03E09 - The Convict.mkv,,,episode,imdb://tt0900677,,unmatched,The Office (US) – Season 3 – The Convict
missing episode match metadata,0,F:\MediaStack\data\media\tv\The Office (US)\Season 03\The Office (US) - S03E10 - A Benihana Christmas.mkv,,,episode,imdb://tt0908674,,unmatched,The Office (US) – Season 3 – A Benihana Christmas
missing episode match metadata,0,F:\MediaStack\data\media\tv\My Hero Academia\Season 08\My Hero Academia - S08E09 - Epilogue + The Hellish Todoroki Family - Final.mkv,,,episode,imdb://tt38954666,,unmatched,"My Hero Academia – Season 8 – Epilogue, The Hellish Todoroki Family: Final"
missing episode match metadata,0,F:\MediaStack\data\media\tv\My Hero Academia\Season 08\My Hero Academia - S08E10 - The Girl Who Loves Smiles.mkv,,,episode,imdb://tt39017059,,unmatched,My Hero Academia – Season 8 – The Girl Who Loves Smiles
missing episode match metadata,0,F:\MediaStack\data\media\tv\My Hero Academia\Season 08\My Hero Academia - S08E11 - My Hero Academia.mkv,,,episode,imdb://tt39017071,,unmatched,My Hero Academia – Season 8 – My Hero Academia
missing episode match metadata,0,F:\MediaStack\data\media\tv\The Office (US)\Specials\The Office (US) - S00E01 - Webisodes - The Accountants.mkv,,,episode,tmdb://170252,,unmatched,The Office (US) – Specials – The Accountants: The Books Don't Balance
missing episode match metadata,0,F:\MediaStack\data\media\tv\The Office (US)\Specials\The Office (US) - S00E02 - Webisodes - Kevin's Bank Loan.mkv,,,episode,tmdb://2413270,,unmatched,The Office (US) – Specials – The Accountants: Phyllis
missing episode match metadata,0,F:\MediaStack\data\media\tv\The Office (US)\Specials\The Office (US) - S00E03 - Webisodes - The Outburst.mkv,,,episode,tmdb://2413272,,unmatched,The Office (US) – Specials – The Accountants: Meredith
missing episode match metadata,0,F:\MediaStack\data\media\tv\The Office (US)\Specials\The Office (US) - S00E04 - Webisodes - Blackmail.mkv,,,episode,tmdb://2413273,,unmatched,The Office (US) – Specials – The Accountants: Stanley
missing episode match metadata,0,F:\MediaStack\data\media\tv\The Office (US)\Specials\The Office (US) - S00E05 - Webisodes - Subtle Sexuality.mkv,,,episode,tmdb://2413274,,unmatched,The Office (US) – Specials – The Accountants: Someone in the Warehouse
missing episode match metadata,0,F:\MediaStack\data\media\tv\The Office (US)\Specials\The Office (US) - S00E06 - Webisodes - The Mentor.mkv,,,episode,tmdb://2413275,,unmatched,The Office (US) – Specials – The Accountants: The Memo
missing episode match metadata,0,F:\MediaStack\data\media\tv\The Office (US)\Specials\The Office (US) - S00E07 - The Pod Caster.mkv,,,episode,tmdb://2413276,,unmatched,The Office (US) – Specials – The Accountants: Things Are Getting Tense
missing episode match metadata,0,F:\MediaStack\data\media\tv\The Office (US)\Specials\The Office (US) - S00E08 - Threat Level Midnight - The Movie.mkv,,,episode,tmdb://2413277,,unmatched,The Office (US) – Specials – The Accountants: You're Mean
missing episode match metadata,0,F:\MediaStack\data\media\tv\The Office (US)\Specials\The Office (US) - S00E09 - Recap Special.mkv,,,episode,tmdb://2413278,,unmatched,The Office (US) – Specials – The Accountants: Michael's Office
missing episode match metadata,0,F:\MediaStack\data\media\tv\The Office (US)\Specials\The Office (US) - S00E10 - Webisodes - The 3rd Floor.mkv,,,episode,tmdb://2413280,,unmatched,The Office (US) – Specials – The Accountants: The Best Day of My Life
missing episode match metadata,0,F:\MediaStack\data\media\tv\The Office (US)\Specials\The Office (US) - S00E11 - Webisodes - The Podcast.mkv,,,episode,tmdb://2301607,,unmatched,The Office (US) – Specials – Season 2 Blooper Reel
missing episode match metadata,0,F:\MediaStack\data\media\tv\The Office (US)\Specials\The Office (US) - S00E12 - Webisodes - The Girl Next Door.mkv,,,episode,tmdb://2301617,,unmatched,The Office (US) – Specials – Season 3 Blooper Reel
missing episode match metadata,0,F:\MediaStack\data\media\tv\The Office (US)\Specials\The Office (US) - S00E13 - The Office Retrospective.mkv,,,episode,tmdb://170255,,unmatched,The Office (US) – Specials – Kevin's Loan: Money Trouble
missing episode match metadata,0,F:\MediaStack\data\media\tv\The Office (US)\Specials\The Office (US) - S00E14 - Season 2 Blooper Reel.mkv,,,episode,tmdb://2413285,,unmatched,The Office (US) – Specials – Kevin's Loan: Malone's Cones
missing episode match metadata,0,F:\MediaStack\data\media\tv\The Office (US)\Season 01\The Office (US) - S01E01 - Pilot.mkv,,,episode,imdb://tt0664521,,unmatched,The Office (US) – Season 1 – Pilot
missing episode match metadata,0,F:\MediaStack\data\media\tv\The Office (US)\Season 01\The Office (US) - S01E02 - Diversity Day.mkv,,,episode,imdb://tt0664514,,unmatched,The Office (US) – Season 1 – Diversity Day
missing episode match metadata,0,F:\MediaStack\data\media\tv\The Office (US)\Season 01\The Office (US) - S01E03 - Health Care.mkv,,,episode,imdb://tt0664517,,unmatched,The Office (US) – Season 1 – Health Care
missing episode match metadata,0,F:\MediaStack\data\media\tv\The Office (US)\Season 01\The Office (US) - S01E04 - The Alliance.mkv,,,episode,imdb://tt0664523,,unmatched,The Office (US) – Season 1 – The Alliance
missing episode match metadata,0,F:\MediaStack\data\media\tv\The Office (US)\Season 01\The Office (US) - S01E05 - Basketball.mkv,,,episode,imdb://tt0664510,,unmatched,The Office (US) – Season 1 – Basketball
missing episode match metadata,0,F:\MediaStack\data\media\tv\The Office (US)\Season 01\The Office (US) - S01E06 - Hot Girl.mkv,,,episode,imdb://tt0664518,,unmatched,The Office (US) – Season 1 – Hot Girl
missing episode match metadata,0,F:\MediaStack\data\media\tv\The Office (US)\Season 02\The Office (US) - S02E01 - The Dundies.mkv,,,episode,imdb://tt0664525,,unmatched,The Office (US) – Season 2 – The Dundies
missing episode match metadata,0,F:\MediaStack\data\media\tv\The Office (US)\Season 02\The Office (US) - S02E02 - Sexual Harassment.mkv,,,episode,imdb://tt0664522,,unmatched,The Office (US) – Season 2 – Sexual Harassment
missing episode match metadata,0,F:\MediaStack\data\media\tv\The Office (US)\Season 02\The Office (US) - S02E03 - Office Olympics.mkv,,,episode,imdb://tt0664519,,unmatched,The Office (US) – Season 2 – Office Olympics
missing episode match metadata,0,F:\MediaStack\data\media\tv\The Office (US)\Season 02\The Office (US) - S02E04 - The Fire.mkv,,,episode,imdb://tt0664527,,unmatched,The Office (US) – Season 2 – The Fire
missing episode match metadata,0,F:\MediaStack\data\media\tv\The Office (US)\Season 02\The Office (US) - S02E05 - Halloween.mkv,,,episode,imdb://tt0664516,,unmatched,The Office (US) – Season 2 – Halloween
missing episode match metadata,0,"F:\MediaStack\data\media\tv\My Hero Academia\Season 07\My Hero Academia - S07E10 - Wounded Hero, Burning Bright and True!!.mkv",,,episode,imdb://tt32472740,,unmatched,"My Hero Academia – Season 7 – Wounded Hero, Burning Bright and True!!"
missing episode match metadata,0,F:\MediaStack\data\media\tv\My Hero Academia\Season 07\My Hero Academia - S07E11 - Light Fades to Rain.mkv,,,episode,imdb://tt32902817,,unmatched,My Hero Academia – Season 7 – Light Fades to Rain
missing episode match metadata,0,"F:\MediaStack\data\media\tv\My Hero Academia\Season 07\My Hero Academia - S07E12 - Those Who Defend, Those Who Violate.mkv",,,episode,imdb://tt32897747,,unmatched,"My Hero Academia – Season 7 – Those Who Defend, Those Who Violate"
missing episode match metadata,0,"F:\MediaStack\data\media\tv\My Hero Academia\Season 07\My Hero Academia - S07E13 - A Chain of Events, Across the Ages.mkv",,,episode,imdb://tt32916106,,unmatched,"My Hero Academia – Season 7 – A Chain of Events, Across the Ages"
missing episode match metadata,0,F:\MediaStack\data\media\tv\My Hero Academia\Season 07\My Hero Academia - S07E14 - Together With Shoji.mkv,,,episode,imdb://tt33076815,,unmatched,My Hero Academia – Season 7 – Together with Shoji
missing episode match metadata,0,F:\MediaStack\data\media\tv\My Hero Academia\Season 07\My Hero Academia - S07E15 - Butterfly Effect.mkv,,,episode,imdb://tt33144470,,unmatched,My Hero Academia – Season 7 – Butterfly Effect
missing episode match metadata,0,F:\MediaStack\data\media\tv\My Hero Academia\Season 07\My Hero Academia - S07E16 - The Chain Thus Far.mkv,,,episode,imdb://tt33164889,,unmatched,My Hero Academia – Season 7 – The Chain Thus Far
missing episode match metadata,0,F:\MediaStack\data\media\tv\My Hero Academia\Season 07\My Hero Academia - S07E17 - Hopes.mkv,,,episode,imdb://tt33307811,,unmatched,My Hero Academia – Season 7 – Hopes
missing episode match metadata,0,F:\MediaStack\data\media\tv\My Hero Academia\Season 07\My Hero Academia - S07E18 - It's a Small World.mkv,,,episode,imdb://tt33309600,,unmatched,My Hero Academia – Season 7 – It's a Small World
missing episode match metadata,0,F:\MediaStack\data\media\tv\My Hero Academia\Season 07\My Hero Academia - S07E19 - I Am Here.mkv,,,episode,imdb://tt33341758,,unmatched,My Hero Academia – Season 7 – I Am Here
missing episode match metadata,0,F:\MediaStack\data\media\tv\My Hero Academia\Season 07\My Hero Academia - S07E20 - A Girl's Ego.mkv,,,episode,imdb://tt33472435,,unmatched,My Hero Academia – Season 7 – A Girl's Ego
missing episode match metadata,0,F:\MediaStack\data\media\tv\My Hero Academia\Season 07\My Hero Academia - S07E21 - Battle Without a Quirk.mkv,,,episode,imdb://tt33472436,,unmatched,My Hero Academia – Season 7 – Battle Without a Quirk
missing episode match metadata,0,F:\MediaStack\data\media\tv\My Hero Academia\Season 08\My Hero Academia - S08E01 - Toshinori Yagi - Rising+Origin.mkv,,,episode,imdb://tt33996608,,unmatched,My Hero Academia – Season 8 – Toshinori Yagi: Rising/Origin
missing episode match metadata,0,"F:\MediaStack\data\media\tv\My Hero Academia\Season 08\My Hero Academia - S08E02 - The End of an Era, and the Beginning.mkv",,,episode,imdb://tt38454754,,unmatched,"My Hero Academia – Season 8 – The End of an Era, and the Beginning"
missing episode match metadata,0,F:\MediaStack\data\media\tv\My Hero Academia\Season 08\My Hero Academia - S08E03 - The Final Boss!!.mkv,,,episode,imdb://tt38599375,,unmatched,My Hero Academia – Season 8 – The Final Boss!!
missing episode match metadata,0,F:\MediaStack\data\media\tv\My Hero Academia\Season 08\My Hero Academia - S08E04 - Quirk - Explosion!!.mkv,,,episode,imdb://tt38672635,,unmatched,My Hero Academia – Season 8 – Quirk: Explosion!!
missing episode match metadata,0,F:\MediaStack\data\media\tv\My Hero Academia\Season 08\My Hero Academia - S08E05 - History's Greatest Villain.mkv,,,episode,imdb://tt38743550,,unmatched,My Hero Academia – Season 8 – History's Greatest Villain
missing episode match metadata,0,"F:\MediaStack\data\media\tv\My Hero Academia\Season 08\My Hero Academia - S08E06 - Wrench It Open, Izuku Midoriya!!.mkv",,,episode,imdb://tt38781372,,unmatched,"My Hero Academia – Season 8 – Wrench It Open, Izuku Midoriya!!"
missing episode match metadata,0,F:\MediaStack\data\media\tv\My Hero Academia\Season 08\My Hero Academia - S08E07 - From Aizawa.mkv,,,episode,imdb://tt38838825,,unmatched,My Hero Academia – Season 8 – From Aizawa
missing episode match metadata,0,F:\MediaStack\data\media\tv\My Hero Academia\Season 08\My Hero Academia - S08E08 - Izuku Midoriya - Rising.mkv,,,episode,imdb://tt38896857,,unmatched,My Hero Academia – Season 8 – Izuku Midoriya: Rising
missing episode match metadata,0,F:\MediaStack\data\media\tv\My Hero Academia\Season 06\My Hero Academia - S06E10 - The Ones Within Us.mkv,,,episode,imdb://tt23985088,,unmatched,My Hero Academia – Season 6 – The Ones Within Us
missing episode match metadata,0,F:\MediaStack\data\media\tv\My Hero Academia\Season 06\My Hero Academia - S06E11 - Dabi's Dance.mkv,,,episode,imdb://tt24017110,,unmatched,My Hero Academia – Season 6 – Dabi's Dance
missing episode match metadata,0,F:\MediaStack\data\media\tv\My Hero Academia\Season 06\My Hero Academia - S06E12 - Threads of Hope.mkv,,,episode,imdb://tt24325896,,unmatched,My Hero Academia – Season 6 – Threads of Hope
missing episode match metadata,0,F:\MediaStack\data\media\tv\My Hero Academia\Season 06\My Hero Academia - S06E13 - Final Performance.mkv,,,episode,imdb://tt24979510,,unmatched,My Hero Academia – Season 6 – Final Performance
missing episode match metadata,0,F:\MediaStack\data\media\tv\My Hero Academia\Season 06\My Hero Academia - S06E14 - Hellish Hell.mkv,,,episode,imdb://tt25052564,,unmatched,My Hero Academia – Season 6 – Hellish Hell
missing episode match metadata,0,F:\MediaStack\data\media\tv\My Hero Academia\Season 06\My Hero Academia - S06E15 - Tartarus.mkv,,,episode,imdb://tt25788844,,unmatched,My Hero Academia – Season 6 – Tartarus
missing episode match metadata,0,"F:\MediaStack\data\media\tv\My Hero Academia\Season 06\My Hero Academia - S06E16 - The Hellish Todoroki Family, Part 2.mkv",,,episode,imdb://tt26235638,,unmatched,"My Hero Academia – Season 6 – The Hellish Todoroki Family, Part 2"
missing episode match metadata,0,F:\MediaStack\data\media\tv\My Hero Academia\Season 06\My Hero Academia - S06E17 - The Wrong Way to Put Out a Fire.mkv,,,episode,imdb://tt26422554,,unmatched,My Hero Academia – Season 6 – The Wrong Way to Put Out a Fire
missing episode match metadata,0,F:\MediaStack\data\media\tv\My Hero Academia\Season 06\My Hero Academia - S06E18 - Izuku Midoriya and Tomura Shigaraki.mkv,,,episode,imdb://tt26472712,,unmatched,My Hero Academia – Season 6 – Izuku Midoriya and Tomura Shigaraki
missing episode match metadata,0,F:\MediaStack\data\media\tv\My Hero Academia\Season 06\My Hero Academia - S06E19 - Full Power!!.mkv,,,episode,imdb://tt26627910,,unmatched,My Hero Academia – Season 6 – Full Power!!
missing episode match metadata,0,F:\MediaStack\data\media\tv\My Hero Academia\Season 06\My Hero Academia - S06E20 - Hired Gun.mkv,,,episode,imdb://tt26691825,,unmatched,My Hero Academia – Season 6 – Hired Gun
missing episode match metadata,0,F:\MediaStack\data\media\tv\My Hero Academia\Season 06\My Hero Academia - S06E21 - The Lovely Lady Nagant.mkv,,,episode,imdb://tt26755132,,unmatched,My Hero Academia – Season 6 – The Lovely Lady Nagant
missing episode match metadata,0,F:\MediaStack\data\media\tv\My Hero Academia\Season 06\My Hero Academia - S06E22 - Friend.mkv,,,episode,imdb://tt26899179,,unmatched,My Hero Academia – Season 6 – Friend
missing episode match metadata,0,F:\MediaStack\data\media\tv\My Hero Academia\Season 06\My Hero Academia - S06E23 - Deku vs. Class A.mkv,,,episode,imdb://tt27005527,,unmatched,My Hero Academia – Season 6 – Deku vs. Class A
missing episode match metadata,0,F:\MediaStack\data\media\tv\My Hero Academia\Season 06\My Hero Academia - S06E24 - A Young Woman's Declaration.mkv,,,episode,imdb://tt27110730,,unmatched,My Hero Academia – Season 6 – A Young Woman's Declaration
missing episode match metadata,0,F:\MediaStack\data\media\tv\My Hero Academia\Season 06\My Hero Academia - S06E25 - No Man Is an Island.mkv,,,episode,imdb://tt27208432,,unmatched,My Hero Academia – Season 6 – No Man Is an Island
missing episode match metadata,0,F:\MediaStack\data\media\tv\My Hero Academia\Season 07\My Hero Academia - S07E01 - In the Nick of Time! A Big-Time Maverick From the West.mkv,,,episode,imdb://tt31107434,,unmatched,My Hero Academia – Season 7 – In the Nick of Time! A Big-Time Maverick from the West
missing episode match metadata,0,F:\MediaStack\data\media\tv\My Hero Academia\Season 07\My Hero Academia - S07E02 - Specter.mkv,,,episode,imdb://tt32179154,,unmatched,My Hero Academia – Season 7 – Specter
missing episode match metadata,0,F:\MediaStack\data\media\tv\My Hero Academia\Season 07\My Hero Academia - S07E03 - Villain.mkv,,,episode,imdb://tt32179162,,unmatched,My Hero Academia – Season 7 – Villain
missing episode match metadata,0,F:\MediaStack\data\media\tv\My Hero Academia\Season 07\My Hero Academia - S07E04 - The Story of How We All Became Heroes.mkv,,,episode,imdb://tt32179165,,unmatched,My Hero Academia – Season 7 – The Story of How We All Became Heroes
missing episode match metadata,0,F:\MediaStack\data\media\tv\My Hero Academia\Season 07\My Hero Academia - S07E05 - Let You Down.mkv,,,episode,imdb://tt32260216,,unmatched,My Hero Academia – Season 7 – Let You Down
missing episode match metadata,0,F:\MediaStack\data\media\tv\My Hero Academia\Season 07\My Hero Academia - S07E06 - Division.mkv,,,episode,imdb://tt32260220,,unmatched,My Hero Academia – Season 7 – Division
missing episode match metadata,0,F:\MediaStack\data\media\tv\My Hero Academia\Season 07\My Hero Academia - S07E07 - Inflation.mkv,,,episode,imdb://tt32328438,,unmatched,My Hero Academia – Season 7 – Inflation
missing episode match metadata,0,F:\MediaStack\data\media\tv\My Hero Academia\Season 07\My Hero Academia - S07E08 - Two Flashfires.mkv,,,episode,imdb://tt32338548,,unmatched,My Hero Academia – Season 7 – Two Flashfires
missing episode match metadata,0,F:\MediaStack\data\media\tv\My Hero Academia\Season 07\My Hero Academia - S07E09 - Extras.mkv,,,episode,imdb://tt32462794,,unmatched,My Hero Academia – Season 7 – Extras
missing episode match metadata,0,F:\MediaStack\data\media\tv\My Hero Academia\Season 05\My Hero Academia - S05E11 - Our Brawl.mkv,,,episode,imdb://tt14773078,,unmatched,My Hero Academia – Season 5 – Our Brawl
missing episode match metadata,0,F:\MediaStack\data\media\tv\My Hero Academia\Season 05\My Hero Academia - S05E12 - The New Power and All For One.mkv,,,episode,imdb://tt14787492,,unmatched,My Hero Academia – Season 5 – The New Power and All For One
missing episode match metadata,0,F:\MediaStack\data\media\tv\My Hero Academia\Season 05\My Hero Academia - S05E13 - Have a Merry Christmas!.mkv,,,episode,imdb://tt14881664,,unmatched,My Hero Academia – Season 5 – Have a Merry Christmas!
missing episode match metadata,0,F:\MediaStack\data\media\tv\My Hero Academia\Season 05\My Hero Academia - S05E14 - Off to Endeavor's Agency!.mkv,,,episode,imdb://tt14880464,,unmatched,My Hero Academia – Season 5 – Off to Endeavor's Agency!
missing episode match metadata,0,F:\MediaStack\data\media\tv\My Hero Academia\Season 05\My Hero Academia - S05E15 - One Thing at a Time.mkv,,,episode,imdb://tt14883966,,unmatched,My Hero Academia – Season 5 – One Thing at a Time
missing episode match metadata,0,"F:\MediaStack\data\media\tv\My Hero Academia\Season 05\My Hero Academia - S05E16 - Long Time No See, Selkie.mkv",,,episode,imdb://tt14883972,,unmatched,"My Hero Academia – Season 5 – Long Time No See, Selkie"
missing episode match metadata,0,F:\MediaStack\data\media\tv\My Hero Academia\Season 05\My Hero Academia - S05E17 - The Hellish Todoroki Family.mkv,,,episode,imdb://tt14883978,,unmatched,My Hero Academia – Season 5 – The Hellish Todoroki Family
missing episode match metadata,0,F:\MediaStack\data\media\tv\My Hero Academia\Season 05\My Hero Academia - S05E18 - The Unforgiven.mkv,,,episode,imdb://tt14883984,,unmatched,My Hero Academia – Season 5 – The Unforgiven
missing episode match metadata,0,F:\MediaStack\data\media\tv\My Hero Academia\Season 05\My Hero Academia - S05E19 - More of a Hero Than Anyone.mkv,,,episode,imdb://tt14883986,,unmatched,My Hero Academia – Season 5 – More of a Hero Than Anyone
missing episode match metadata,0,F:\MediaStack\data\media\tv\My Hero Academia\Season 05\My Hero Academia - S05E20 - My Villain Academia.mkv,,,episode,imdb://tt15270414,,unmatched,My Hero Academia – Season 5 – My Villain Academia
missing episode match metadata,0,F:\MediaStack\data\media\tv\My Hero Academia\Season 05\My Hero Academia - S05E21 - Revival Party.mkv,,,episode,imdb://tt15270022,,unmatched,My Hero Academia – Season 5 – Revival Party
missing episode match metadata,0,F:\MediaStack\data\media\tv\My Hero Academia\Season 05\My Hero Academia - S05E22 - Sad Man's Parade.mkv,,,episode,imdb://tt15327608,,unmatched,My Hero Academia – Season 5 – Sad Man's Parade
missing episode match metadata,0,F:\MediaStack\data\media\tv\My Hero Academia\Season 05\My Hero Academia - S05E23 - Tenko Shimura - Origin.mkv,,,episode,imdb://tt15360920,,unmatched,My Hero Academia – Season 5 – Tenko Shimura: Origin
missing episode match metadata,0,F:\MediaStack\data\media\tv\My Hero Academia\Season 05\My Hero Academia - S05E24 - Tomura Shigaraki - Origin.mkv,,,episode,imdb://tt15409956,,unmatched,My Hero Academia – Season 5 – Tomura Shigaraki: Origin
missing episode match metadata,0,"F:\MediaStack\data\media\tv\My Hero Academia\Season 05\My Hero Academia - S05E25 - The High, Deep Blue Sky.mkv",,,episode,imdb://tt15446624,,unmatched,"My Hero Academia – Season 5 – The High, Deep Blue Sky"
missing episode match metadata,0,F:\MediaStack\data\media\tv\My Hero Academia\Season 06\My Hero Academia - S06E01 - A Quiet Beginning.mkv,,,episode,imdb://tt21362966,,unmatched,My Hero Academia – Season 6 – A Quiet Beginning
missing episode match metadata,0,"F:\MediaStack\data\media\tv\My Hero Academia\Season 06\My Hero Academia - S06E02 - Mirko, the No. 5 Hero.mkv",,,episode,imdb://tt22552078,,unmatched,"My Hero Academia – Season 6 – Mirko, the No. 5 Hero"
missing episode match metadata,0,F:\MediaStack\data\media\tv\My Hero Academia\Season 06\My Hero Academia - S06E03 - One's Justice.mkv,,,episode,imdb://tt22689154,,unmatched,My Hero Academia – Season 6 – One's Justice
missing episode match metadata,0,F:\MediaStack\data\media\tv\My Hero Academia\Season 06\My Hero Academia - S06E04 - Inheritance.mkv,,,episode,imdb://tt22941792,,unmatched,My Hero Academia – Season 6 – Inheritance
missing episode match metadata,0,F:\MediaStack\data\media\tv\My Hero Academia\Season 06\My Hero Academia - S06E05 - The Thrill of Destruction.mkv,,,episode,imdb://tt23128510,,unmatched,My Hero Academia – Season 6 – The Thrill of Destruction
missing episode match metadata,0,"F:\MediaStack\data\media\tv\My Hero Academia\Season 06\My Hero Academia - S06E06 - Encounter, Part 2.mkv",,,episode,imdb://tt23396996,,unmatched,"My Hero Academia – Season 6 – Encounter, Part 2"
missing episode match metadata,0,F:\MediaStack\data\media\tv\My Hero Academia\Season 06\My Hero Academia - S06E07 - Disaster Walker.mkv,,,episode,imdb://tt23653100,,unmatched,My Hero Academia – Season 6 – Disaster Walker
missing episode match metadata,0,F:\MediaStack\data\media\tv\My Hero Academia\Season 06\My Hero Academia - S06E08 - League of Villains vs. U.A. Students.mkv,,,episode,imdb://tt23752282,,unmatched,My Hero Academia – Season 6 – League of Villains vs. U.A. Students
missing episode match metadata,0,F:\MediaStack\data\media\tv\My Hero Academia\Season 06\My Hero Academia - S06E09 - Katsuki Bakugo - Rising.mkv,,,episode,imdb://tt23837284,,unmatched,My Hero Academia – Season 6 – Katsuki Bakugo: Rising
missing episode match metadata,0,F:\MediaStack\data\media\tv\My Hero Academia\Season 04\My Hero Academia - S04E11 - Lemillion.mkv,,,episode,imdb://tt11470614,,unmatched,My Hero Academia – Season 4 – Lemillion
missing episode match metadata,0,F:\MediaStack\data\media\tv\My Hero Academia\Season 04\My Hero Academia - S04E12 - Unforeseen Hope.mkv,,,episode,imdb://tt11474584,,unmatched,My Hero Academia – Season 4 – Unforeseen Hope
missing episode match metadata,0,F:\MediaStack\data\media\tv\My Hero Academia\Season 04\My Hero Academia - S04E13 - Infinite 100%.mkv,,,episode,imdb://tt11488600,,unmatched,My Hero Academia – Season 4 – Infinite 100%
missing episode match metadata,0,F:\MediaStack\data\media\tv\My Hero Academia\Season 04\My Hero Academia - S04E14 - Bright Future.mkv,,,episode,imdb://tt11629136,,unmatched,My Hero Academia – Season 4 – Bright Future
missing episode match metadata,0,F:\MediaStack\data\media\tv\My Hero Academia\Season 04\My Hero Academia - S04E15 - Smoldering Flames.mkv,,,episode,imdb://tt11669458,,unmatched,My Hero Academia – Season 4 – Smoldering Flames
missing episode match metadata,0,F:\MediaStack\data\media\tv\My Hero Academia\Season 04\My Hero Academia - S04E16 - Win Those Kids' Hearts.mkv,,,episode,imdb://tt11673820,,unmatched,My Hero Academia – Season 4 – Win Those Kids’ Hearts
missing episode match metadata,0,F:\MediaStack\data\media\tv\My Hero Academia\Season 04\My Hero Academia - S04E17 - Relief for License Trainees.mkv,,,episode,imdb://tt11717528,,unmatched,My Hero Academia – Season 4 – Relief for License Trainees
missing episode match metadata,0,F:\MediaStack\data\media\tv\My Hero Academia\Season 04\My Hero Academia - S04E18 - School Festival.mkv,,,episode,imdb://tt11753246,,unmatched,My Hero Academia – Season 4 – School Festival
missing episode match metadata,0,F:\MediaStack\data\media\tv\My Hero Academia\Season 04\My Hero Academia - S04E19 - Prepping for the School Festival Is the Funnest Part.mkv,,,episode,imdb://tt11800388,,unmatched,My Hero Academia – Season 4 – Prepping for the School Festival Is the Most Fun Part
missing episode match metadata,0,F:\MediaStack\data\media\tv\My Hero Academia\Season 04\My Hero Academia - S04E20 - Golden Tips Imperial.mkv,,,episode,imdb://tt11836630,,unmatched,My Hero Academia – Season 4 – Gold Tips Imperial
missing episode match metadata,0,F:\MediaStack\data\media\tv\My Hero Academia\Season 04\My Hero Academia - S04E21 - Deku vs. Gentle Criminal.mkv,,,episode,imdb://tt11888390,,unmatched,My Hero Academia – Season 4 – Deku vs. Gentle Criminal
missing episode match metadata,0,F:\MediaStack\data\media\tv\My Hero Academia\Season 04\My Hero Academia - S04E22 - School Festival Start!!.mkv,,,episode,imdb://tt11928130,,unmatched,My Hero Academia – Season 4 – School Festival Start!!
missing episode match metadata,0,F:\MediaStack\data\media\tv\My Hero Academia\Season 04\My Hero Academia - S04E23 - Let It Flow! School Festival!.mkv,,,episode,imdb://tt11966048,,unmatched,My Hero Academia – Season 4 – Let It Flow! School Festival!
missing episode match metadata,0,F:\MediaStack\data\media\tv\My Hero Academia\Season 04\My Hero Academia - S04E24 - Japanese Hero Billboard Chart.mkv,,,episode,imdb://tt12006138,,unmatched,My Hero Academia – Season 4 – Japanese Hero Billboard Chart
missing episode match metadata,0,F:\MediaStack\data\media\tv\My Hero Academia\Season 04\My Hero Academia - S04E25 - His Start.mkv,,,episode,imdb://tt12045824,,unmatched,My Hero Academia – Season 4 – His Start
missing episode match metadata,0,F:\MediaStack\data\media\tv\My Hero Academia\Season 05\My Hero Academia - S05E01 - All Hands on Deck! Class 1-A.mkv,,,episode,imdb://tt14177156,,unmatched,My Hero Academia – Season 5 – All Hands on Deck! Class 1-A
missing episode match metadata,0,F:\MediaStack\data\media\tv\My Hero Academia\Season 05\My Hero Academia - S05E02 - Vestiges.mkv,,,episode,imdb://tt14364042,,unmatched,My Hero Academia – Season 5 – Vestiges
missing episode match metadata,0,F:\MediaStack\data\media\tv\My Hero Academia\Season 05\My Hero Academia - S05E03 - Clash! Class A vs. Class B!.mkv,,,episode,imdb://tt14443398,,unmatched,My Hero Academia – Season 5 – Clash! Class A vs. Class B!
missing episode match metadata,0,"F:\MediaStack\data\media\tv\My Hero Academia\Season 05\My Hero Academia - S05E04 - Make It Happen, Shinso!.mkv",,,episode,imdb://tt14445860,,unmatched,"My Hero Academia – Season 5 – Make It Happen, Shinso!"
missing episode match metadata,0,F:\MediaStack\data\media\tv\My Hero Academia\Season 05\My Hero Academia - S05E05 - Operation New Improv Moves.mkv,,,episode,imdb://tt14471924,,unmatched,My Hero Academia – Season 5 – Operation New Improv Moves
missing episode match metadata,0,F:\MediaStack\data\media\tv\My Hero Academia\Season 05\My Hero Academia - S05E06 - Foresight.mkv,,,episode,imdb://tt14515298,,unmatched,My Hero Academia – Season 5 – Foresight
missing episode match metadata,0,F:\MediaStack\data\media\tv\My Hero Academia\Season 05\My Hero Academia - S05E07 - Match 3.mkv,,,episode,imdb://tt14558200,,unmatched,My Hero Academia – Season 5 – Match 3
missing episode match metadata,0,F:\MediaStack\data\media\tv\My Hero Academia\Season 05\My Hero Academia - S05E08 - Match 3 Conclusion.mkv,,,episode,imdb://tt14605396,,unmatched,My Hero Academia – Season 5 – Match 3 Conclusion
missing episode match metadata,0,F:\MediaStack\data\media\tv\My Hero Academia\Season 05\My Hero Academia - S05E09 - Early Bird!.mkv,,,episode,imdb://tt14650904,,unmatched,My Hero Academia – Season 5 – Early Bird!
missing episode match metadata,0,F:\MediaStack\data\media\tv\My Hero Academia\Season 05\My Hero Academia - S05E10 - That Which Is Inherited.mkv,,,episode,imdb://tt14697046,,unmatched,My Hero Academia – Season 5 – That Which Is Inherited
missing episode match metadata,0,F:\MediaStack\data\media\tv\My Hero Academia\Season 03\My Hero Academia - S03E09 - All For One.mkv,,,episode,imdb://tt8470632,,unmatched,My Hero Academia – Season 3 – All For One
missing episode match metadata,0,F:\MediaStack\data\media\tv\My Hero Academia\Season 03\My Hero Academia - S03E10 - Symbol of Peace.mkv,,,episode,imdb://tt8500172,,unmatched,My Hero Academia – Season 3 – Symbol of Peace
missing episode match metadata,0,F:\MediaStack\data\media\tv\My Hero Academia\Season 03\My Hero Academia - S03E11 - One For All.mkv,,,episode,imdb://tt8527962,,unmatched,My Hero Academia – Season 3 – One For All
missing episode match metadata,0,"F:\MediaStack\data\media\tv\My Hero Academia\Season 03\My Hero Academia - S03E12 - End of the Beginning, Beginning of the End.mkv",,,episode,imdb://tt8527964,,unmatched,"My Hero Academia – Season 3 – End of the Beginning, Beginning of the End"
missing episode match metadata,0,F:\MediaStack\data\media\tv\My Hero Academia\Season 03\My Hero Academia - S03E13 - Moving into Dorms.mkv,,,episode,imdb://tt8527966,,unmatched,My Hero Academia – Season 3 – Moving into Dorms
missing episode match metadata,0,F:\MediaStack\data\media\tv\My Hero Academia\Season 03\My Hero Academia - S03E14 - Create Those Ultimate Moves.mkv,,,episode,imdb://tt8527970,,unmatched,My Hero Academia – Season 3 – Create Those Ultimate Moves
missing episode match metadata,0,F:\MediaStack\data\media\tv\My Hero Academia\Season 03\My Hero Academia - S03E15 - The Test.mkv,,,episode,imdb://tt8527972,,unmatched,My Hero Academia – Season 3 – The Test
missing episode match metadata,0,F:\MediaStack\data\media\tv\My Hero Academia\Season 03\My Hero Academia - S03E16 - Shiketsu High Lurking.mkv,,,episode,imdb://tt8527974,,unmatched,My Hero Academia – Season 3 – Shiketsu High Lurking
missing episode match metadata,0,F:\MediaStack\data\media\tv\My Hero Academia\Season 03\My Hero Academia - S03E17 - Class 1-A.mkv,,,episode,imdb://tt8527976,,unmatched,My Hero Academia – Season 3 – Class 1-A
missing episode match metadata,0,F:\MediaStack\data\media\tv\My Hero Academia\Season 03\My Hero Academia - S03E18 - RUSH!.mkv,,,episode,imdb://tt8729464,,unmatched,My Hero Academia – Season 3 – RUSH!
missing episode match metadata,0,F:\MediaStack\data\media\tv\My Hero Academia\Season 03\My Hero Academia - S03E19 - Rescue Exercises.mkv,,,episode,imdb://tt8729468,,unmatched,My Hero Academia – Season 3 – Rescue Exercises
missing episode match metadata,0,F:\MediaStack\data\media\tv\My Hero Academia\Season 03\My Hero Academia - S03E20 - Special Episode - Save the World with Love!.mkv,,,episode,imdb://tt8729474,,unmatched,My Hero Academia – Season 3 – Special Episode: Save the World with Love!
missing episode match metadata,0,F:\MediaStack\data\media\tv\My Hero Academia\Season 03\My Hero Academia - S03E21 - What's the Big Idea.mkv,,,episode,imdb://tt8828878,,unmatched,My Hero Academia – Season 3 – What’s the Big Idea?
missing episode match metadata,0,F:\MediaStack\data\media\tv\My Hero Academia\Season 03\My Hero Academia - S03E22 - A Talk About Your Quirk.mkv,,,episode,imdb://tt8828886,,unmatched,My Hero Academia – Season 3 – A Talk about Your Quirk
missing episode match metadata,0,"F:\MediaStack\data\media\tv\My Hero Academia\Season 03\My Hero Academia - S03E23 - Deku vs. Kacchan, Part 2.mkv",,,episode,imdb://tt8828896,,unmatched,"My Hero Academia – Season 3 – Deku vs. Kacchan, Part 2"
missing episode match metadata,0,F:\MediaStack\data\media\tv\My Hero Academia\Season 03\My Hero Academia - S03E24 - A Season for Encounters.mkv,,,episode,imdb://tt8828904,,unmatched,My Hero Academia – Season 3 – A Season for Encounters
missing episode match metadata,0,F:\MediaStack\data\media\tv\My Hero Academia\Season 03\My Hero Academia - S03E25 - Unrivaled.mkv,,,episode,imdb://tt8828914,,unmatched,My Hero Academia – Season 3 – Unrivaled
missing episode match metadata,0,F:\MediaStack\data\media\tv\My Hero Academia\Season 04\My Hero Academia - S04E01 - The Scoop on U.A. Class 1-A.mkv,,,episode,imdb://tt10662262,,unmatched,My Hero Academia – Season 4 – The Scoop on U.A. Class 1-A
missing episode match metadata,0,F:\MediaStack\data\media\tv\My Hero Academia\Season 04\My Hero Academia - S04E02 - Overhaul.mkv,,,episode,imdb://tt11075838,,unmatched,My Hero Academia – Season 4 – Overhaul
missing episode match metadata,0,F:\MediaStack\data\media\tv\My Hero Academia\Season 04\My Hero Academia - S04E03 - Boy Meets.mkv,,,episode,imdb://tt11075840,,unmatched,My Hero Academia – Season 4 – Boy Meets…
missing episode match metadata,0,F:\MediaStack\data\media\tv\My Hero Academia\Season 04\My Hero Academia - S04E04 - Fighting Fate.mkv,,,episode,imdb://tt11075842,,unmatched,My Hero Academia – Season 4 – Fighting Fate
missing episode match metadata,0,"F:\MediaStack\data\media\tv\My Hero Academia\Season 04\My Hero Academia - S04E05 - Let's Go, Gutsy Red Riot.mkv",,,episode,imdb://tt11217812,,unmatched,"My Hero Academia – Season 4 – Let’s Go, Gutsy Red Riot"
missing episode match metadata,0,F:\MediaStack\data\media\tv\My Hero Academia\Season 04\My Hero Academia - S04E06 - An Unpleasant Talk.mkv,,,episode,imdb://tt11248004,,unmatched,My Hero Academia – Season 4 – An Unpleasant Talk
missing episode match metadata,0,F:\MediaStack\data\media\tv\My Hero Academia\Season 04\My Hero Academia - S04E07 - GO!!.mkv,,,episode,imdb://tt11248006,,unmatched,My Hero Academia – Season 4 – GO!!
missing episode match metadata,0,F:\MediaStack\data\media\tv\My Hero Academia\Season 04\My Hero Academia - S04E08 - Suneater of the Big Three.mkv,,,episode,imdb://tt11403234,,unmatched,My Hero Academia – Season 4 – Suneater of the Big Three
missing episode match metadata,0,F:\MediaStack\data\media\tv\My Hero Academia\Season 04\My Hero Academia - S04E09 - Red Riot.mkv,,,episode,imdb://tt11440192,,unmatched,My Hero Academia – Season 4 – Red Riot
missing episode match metadata,0,F:\MediaStack\data\media\tv\My Hero Academia\Season 04\My Hero Academia - S04E10 - Temp Squad.mkv,,,episode,imdb://tt11440196,,unmatched,My Hero Academia – Season 4 – Temp Squad
missing episode match metadata,0,F:\MediaStack\data\media\tv\My Hero Academia\Season 02\My Hero Academia - S02E10 - Shoto Todoroki - Origin.mkv,,,episode,imdb://tt6941178,,unmatched,My Hero Academia – Season 2 – Shoto Todoroki: Origin
missing episode match metadata,0,"F:\MediaStack\data\media\tv\My Hero Academia\Season 02\My Hero Academia - S02E11 - Fight On, Iida.mkv",,,episode,imdb://tt6968644,,unmatched,"My Hero Academia – Season 2 – Fight On, Iida"
missing episode match metadata,0,F:\MediaStack\data\media\tv\My Hero Academia\Season 02\My Hero Academia - S02E12 - Todoroki vs. Bakugo.mkv,,,episode,imdb://tt6999046,,unmatched,My Hero Academia – Season 2 – Todoroki vs. Bakugo
missing episode match metadata,0,F:\MediaStack\data\media\tv\My Hero Academia\Season 02\My Hero Academia - S02E13 - Time to Pick Some Names.mkv,,,episode,imdb://tt7059622,,unmatched,My Hero Academia – Season 2 – Time to Pick Some Names
missing episode match metadata,0,F:\MediaStack\data\media\tv\My Hero Academia\Season 02\My Hero Academia - S02E14 - Bizarre! Gran Torino Appears.mkv,,,episode,imdb://tt7060244,,unmatched,My Hero Academia – Season 2 – Bizarre! Gran Torino Appears
missing episode match metadata,0,F:\MediaStack\data\media\tv\My Hero Academia\Season 02\My Hero Academia - S02E15 - Midoriya and Shigaraki.mkv,,,episode,imdb://tt7117836,,unmatched,My Hero Academia – Season 2 – Midoriya and Shigaraki
missing episode match metadata,0,F:\MediaStack\data\media\tv\My Hero Academia\Season 02\My Hero Academia - S02E16 - Hero Killer - Stain vs. U.A. Students.mkv,,,episode,imdb://tt7173282,,unmatched,My Hero Academia – Season 2 – Hero Killer: Stain vs U.A. Students
missing episode match metadata,0,F:\MediaStack\data\media\tv\My Hero Academia\Season 02\My Hero Academia - S02E17 - Climax.mkv,,,episode,imdb://tt7199246,,unmatched,My Hero Academia – Season 2 – Climax
missing episode match metadata,0,F:\MediaStack\data\media\tv\My Hero Academia\Season 02\My Hero Academia - S02E18 - The Aftermath of Hero Killer - Stain.mkv,,,episode,imdb://tt7209232,,unmatched,My Hero Academia – Season 2 – The Aftermath of Hero Killer: Stain
missing episode match metadata,0,F:\MediaStack\data\media\tv\My Hero Academia\Season 02\My Hero Academia - S02E19 - Everyone's Internships.mkv,,,episode,imdb://tt7247290,,unmatched,My Hero Academia – Season 2 – Everyone's Internships
missing episode match metadata,0,F:\MediaStack\data\media\tv\My Hero Academia\Season 02\My Hero Academia - S02E20 - Listen Up!! A Tale from the Past.mkv,,,episode,imdb://tt7247296,,unmatched,My Hero Academia – Season 2 – Listen Up!! A Tale from the Past
missing episode match metadata,0,F:\MediaStack\data\media\tv\My Hero Academia\Season 02\My Hero Academia - S02E21 - Gear Up for Final Exams.mkv,,,episode,imdb://tt7274486,,unmatched,My Hero Academia – Season 2 – Gear up for Final Exams
missing episode match metadata,0,F:\MediaStack\data\media\tv\My Hero Academia\Season 02\My Hero Academia - S02E22 - Yaoyorozu - Rising.mkv,,,episode,imdb://tt7324058,,unmatched,My Hero Academia – Season 2 – Yaoyorozu: Rising
missing episode match metadata,0,F:\MediaStack\data\media\tv\My Hero Academia\Season 02\My Hero Academia - S02E23 - Stripping the Varnish.mkv,,,episode,imdb://tt7381336,,unmatched,My Hero Academia – Season 2 – Stripping the Varnish
missing episode match metadata,0,F:\MediaStack\data\media\tv\My Hero Academia\Season 02\My Hero Academia - S02E24 - Katsuki Bakugo - Origin.mkv,,,episode,imdb://tt7412652,,unmatched,My Hero Academia – Season 2 – Katsuki Bakugo: Origin
missing episode match metadata,0,F:\MediaStack\data\media\tv\My Hero Academia\Season 02\My Hero Academia - S02E25 - Encounter.mkv,,,episode,imdb://tt7412654,,unmatched,My Hero Academia – Season 2 – Encounter
missing episode match metadata,0,F:\MediaStack\data\media\tv\My Hero Academia\Season 03\My Hero Academia - S03E01 - Game Start.mkv,,,episode,imdb://tt7954990,,unmatched,My Hero Academia – Season 3 – Game Start
missing episode match metadata,0,"F:\MediaStack\data\media\tv\My Hero Academia\Season 03\My Hero Academia - S03E02 - Wild, Wild Pussycats.mkv",,,episode,imdb://tt8251060,,unmatched,"My Hero Academia – Season 3 – Wild, Wild Pussycats"
missing episode match metadata,0,F:\MediaStack\data\media\tv\My Hero Academia\Season 03\My Hero Academia - S03E03 - Kota.mkv,,,episode,imdb://tt8283134,,unmatched,My Hero Academia – Season 3 – Kota
missing episode match metadata,0,F:\MediaStack\data\media\tv\My Hero Academia\Season 03\My Hero Academia - S03E04 - My Hero.mkv,,,episode,imdb://tt8345072,,unmatched,My Hero Academia – Season 3 – My Hero
missing episode match metadata,0,"F:\MediaStack\data\media\tv\My Hero Academia\Season 03\My Hero Academia - S03E05 - Drive It Home, Iron Fist!!!.mkv",,,episode,imdb://tt8357954,,unmatched,"My Hero Academia – Season 3 – Drive It Home, Iron Fist!!!"
missing episode match metadata,0,F:\MediaStack\data\media\tv\My Hero Academia\Season 03\My Hero Academia - S03E06 - Roaring Upheaval.mkv,,,episode,imdb://tt8374422,,unmatched,My Hero Academia – Season 3 – Roaring Upheaval
missing episode match metadata,0,F:\MediaStack\data\media\tv\My Hero Academia\Season 03\My Hero Academia - S03E07 - What a Twist!.mkv,,,episode,imdb://tt8407960,,unmatched,My Hero Academia – Season 3 – What a Twist!
missing episode match metadata,0,F:\MediaStack\data\media\tv\My Hero Academia\Season 03\My Hero Academia - S03E08 - From Iida to Midoriya.mkv,,,episode,imdb://tt8438822,,unmatched,My Hero Academia – Season 3 – From Iida to Midoriya
missing episode match metadata,0,F:\MediaStack\data\media\tv\Mob Psycho 100\Season 03\Mob Psycho 100 - S03E10 - Mob 2 ~Rival~.mkv,,,episode,imdb://tt23875764,,unmatched,Mob Psycho 100 – Season 3 – Mob 2 ~Rival~
missing episode match metadata,0,F:\MediaStack\data\media\tv\Mob Psycho 100\Season 03\Mob Psycho 100 - S03E11 - Mob 3 ~Trauma~.mkv,,,episode,imdb://tt23994272,,unmatched,Mob Psycho 100 – Season 3 – Mob 3 ~Trauma~
missing episode match metadata,0,F:\MediaStack\data\media\tv\Mob Psycho 100\Season 03\Mob Psycho 100 - S03E12 - Confession ~The Future~.mkv,,,episode,imdb://tt23994498,,unmatched,Mob Psycho 100 – Season 3 – Confession ~The Future~
missing episode match metadata,0,F:\MediaStack\data\media\tv\My Hero Academia\Season 01\My Hero Academia - S01E01 - Izuku Midoriya - Origin.mkv,,,episode,imdb://tt5632458,,unmatched,My Hero Academia – Season 1 – Izuku Midoriya: Origin
missing episode match metadata,0,F:\MediaStack\data\media\tv\My Hero Academia\Season 01\My Hero Academia - S01E02 - What It Takes to Be a Hero.mkv,,,episode,imdb://tt5632464,,unmatched,My Hero Academia – Season 1 – What It Takes to Be a Hero
missing episode match metadata,0,F:\MediaStack\data\media\tv\My Hero Academia\Season 01\My Hero Academia - S01E03 - Roaring Muscles.mkv,,,episode,imdb://tt5645636,,unmatched,My Hero Academia – Season 1 – Roaring Muscles
missing episode match metadata,0,F:\MediaStack\data\media\tv\My Hero Academia\Season 01\My Hero Academia - S01E04 - Start Line.mkv,,,episode,imdb://tt5647850,,unmatched,My Hero Academia – Season 1 – Start Line
missing episode match metadata,0,F:\MediaStack\data\media\tv\My Hero Academia\Season 01\My Hero Academia - S01E05 - What I Can Do for Now.mkv,,,episode,imdb://tt5647858,,unmatched,My Hero Academia – Season 1 – What I Can Do for Now
missing episode match metadata,0,"F:\MediaStack\data\media\tv\My Hero Academia\Season 01\My Hero Academia - S01E06 - Rage, You Damn Nerd.mkv",,,episode,imdb://tt5647864,,unmatched,"My Hero Academia – Season 1 – Rage, You Damn Nerd"
missing episode match metadata,0,F:\MediaStack\data\media\tv\My Hero Academia\Season 01\My Hero Academia - S01E07 - Deku vs. Kacchan.mkv,,,episode,imdb://tt5647866,,unmatched,My Hero Academia – Season 1 – Deku vs. Kacchan
missing episode match metadata,0,F:\MediaStack\data\media\tv\My Hero Academia\Season 01\My Hero Academia - S01E08 - Bakugo's Start Line.mkv,,,episode,imdb://tt5647868,,unmatched,My Hero Academia – Season 1 – Bakugo’s Start Line
missing episode match metadata,0,"F:\MediaStack\data\media\tv\My Hero Academia\Season 01\My Hero Academia - S01E09 - Yeah, Just Do Your Best, Iida!.mkv",,,episode,imdb://tt5647870,,unmatched,"My Hero Academia – Season 1 – Yeah, Just Do Your Best, Iida!"
missing episode match metadata,0,F:\MediaStack\data\media\tv\My Hero Academia\Season 01\My Hero Academia - S01E10 - Encounter With the Unknown.mkv,,,episode,imdb://tt5647874,,unmatched,My Hero Academia – Season 1 – Encounter with the Unknown
missing episode match metadata,0,F:\MediaStack\data\media\tv\My Hero Academia\Season 01\My Hero Academia - S01E11 - Game Over.mkv,,,episode,imdb://tt5647876,,unmatched,My Hero Academia – Season 1 – Game Over
missing episode match metadata,0,F:\MediaStack\data\media\tv\My Hero Academia\Season 01\My Hero Academia - S01E12 - All Might.mkv,,,episode,imdb://tt5647880,,unmatched,My Hero Academia – Season 1 – All Might
missing episode match metadata,0,F:\MediaStack\data\media\tv\My Hero Academia\Season 01\My Hero Academia - S01E13 - In Each of Our Hearts.mkv,,,episode,imdb://tt5647884,,unmatched,My Hero Academia – Season 1 – In Each of Our Hearts
missing episode match metadata,0,"F:\MediaStack\data\media\tv\My Hero Academia\Season 02\My Hero Academia - S02E01 - That's the Idea, Ochaco.mkv",,,episode,imdb://tt6725308,,unmatched,"My Hero Academia – Season 2 – That’s the Idea, Ochaco"
missing episode match metadata,0,F:\MediaStack\data\media\tv\My Hero Academia\Season 02\My Hero Academia - S02E02 - Roaring Sports Festival.mkv,,,episode,imdb://tt6782928,,unmatched,My Hero Academia – Season 2 – Roaring Sports Festival
missing episode match metadata,0,F:\MediaStack\data\media\tv\My Hero Academia\Season 02\My Hero Academia - S02E03 - In Their Own Quirky Ways.mkv,,,episode,imdb://tt6782936,,unmatched,My Hero Academia – Season 2 – In Their Own Quirky Ways
missing episode match metadata,0,"F:\MediaStack\data\media\tv\My Hero Academia\Season 02\My Hero Academia - S02E04 - Strategy, Strategy, Strategy.mkv",,,episode,imdb://tt6812992,,unmatched,"My Hero Academia – Season 2 – Strategy, Strategy, Strategy"
missing episode match metadata,0,F:\MediaStack\data\media\tv\My Hero Academia\Season 02\My Hero Academia - S02E05 - Cavalry Battle Finale.mkv,,,episode,imdb://tt6815554,,unmatched,My Hero Academia – Season 2 – Cavalry Battle Finale
missing episode match metadata,0,F:\MediaStack\data\media\tv\My Hero Academia\Season 02\My Hero Academia - S02E06 - The Boy Born with Everything.mkv,,,episode,imdb://tt6835306,,unmatched,My Hero Academia – Season 2 – The Boy Born with Everything
missing episode match metadata,0,F:\MediaStack\data\media\tv\My Hero Academia\Season 02\My Hero Academia - S02E07 - Victory or Defeat.mkv,,,episode,imdb://tt6858780,,unmatched,My Hero Academia – Season 2 – Victory or Defeat
missing episode match metadata,0,"F:\MediaStack\data\media\tv\My Hero Academia\Season 02\My Hero Academia - S02E08 - Battle on, Challengers!.mkv",,,episode,imdb://tt6884066,,unmatched,"My Hero Academia – Season 2 – Battle on, Challengers!"
missing episode match metadata,0,F:\MediaStack\data\media\tv\My Hero Academia\Season 02\My Hero Academia - S02E09 - Bakugo vs. Uraraka.mkv,,,episode,imdb://tt6912810,,unmatched,My Hero Academia – Season 2 – Bakugo vs. Uraraka
missing episode match metadata,0,F:\MediaStack\data\media\tv\Mob Psycho 100\Season 01\Mob Psycho 100 - S01E12 - Mob and Reigen ~A Giant Tsuchinoko Appears~.mkv,,,episode,imdb://tt6076750,,unmatched,Mob Psycho 100 – Season 1 – Mob and Reigen ~A Giant Tsuchinoko Appears~
missing episode match metadata,0,F:\MediaStack\data\media\tv\Mob Psycho 100\Season 02\Mob Psycho 100 - S02E01 - Ripped Apart ~Someone Is Watching~.mkv,,,episode,imdb://tt9300038,,unmatched,Mob Psycho 100 – Season 2 – Ripped Apart ~Someone Is Watching~
missing episode match metadata,0,F:\MediaStack\data\media\tv\Mob Psycho 100\Season 02\Mob Psycho 100 - S02E02 - Urban Legends ~Encountering Rumors~.mkv,,,episode,imdb://tt9599670,,unmatched,Mob Psycho 100 – Season 2 – Urban Legends ~Encountering Rumors~
missing episode match metadata,0,F:\MediaStack\data\media\tv\Mob Psycho 100\Season 02\Mob Psycho 100 - S02E03 - One Danger After Another ~Degeneration~.mkv,,,episode,imdb://tt9640514,,unmatched,Mob Psycho 100 – Season 2 – One Danger After Another ~Degeneration~
missing episode match metadata,0,F:\MediaStack\data\media\tv\Mob Psycho 100\Season 02\Mob Psycho 100 - S02E04 - Inside ~Evil Spirit~.mkv,,,episode,imdb://tt9680128,,unmatched,Mob Psycho 100 – Season 2 – Inside ~Evil Spirit~
missing episode match metadata,0,F:\MediaStack\data\media\tv\Mob Psycho 100\Season 02\Mob Psycho 100 - S02E05 - Discord ~Choices~.mkv,,,episode,imdb://tt9723998,,unmatched,Mob Psycho 100 – Season 2 – Discord ~Choices~
missing episode match metadata,0,"F:\MediaStack\data\media\tv\Mob Psycho 100\Season 02\Mob Psycho 100 - S02E06 - Poor, Lonely, Whitey.mkv",,,episode,imdb://tt9766676,,unmatched,"Mob Psycho 100 – Season 2 – Poor, Lonely, Whitey"
missing episode match metadata,0,F:\MediaStack\data\media\tv\Mob Psycho 100\Season 02\Mob Psycho 100 - S02E07 - Cornered ~True Identity~.mkv,,,episode,imdb://tt9766682,,unmatched,Mob Psycho 100 – Season 2 – Cornered ~True Identity~
missing episode match metadata,0,F:\MediaStack\data\media\tv\Mob Psycho 100\Season 02\Mob Psycho 100 - S02E08 - Even Then ~Continue Forward~.mkv,,,episode,imdb://tt9842112,,unmatched,Mob Psycho 100 – Season 2 – Even Then ~Continue Forward~
missing episode match metadata,0,F:\MediaStack\data\media\tv\Mob Psycho 100\Season 02\Mob Psycho 100 - S02E09 - Show Me What You've Got ~Band Together~.mkv,,,episode,imdb://tt9880392,,unmatched,Mob Psycho 100 – Season 2 – Show Me What You've Got ~Band Together~
missing episode match metadata,0,F:\MediaStack\data\media\tv\Mob Psycho 100\Season 02\Mob Psycho 100 - S02E10 - Collision ~Power Type~.mkv,,,episode,imdb://tt10009134,,unmatched,Mob Psycho 100 – Season 2 – Collision ~Power Type~
missing episode match metadata,0,F:\MediaStack\data\media\tv\Mob Psycho 100\Season 02\Mob Psycho 100 - S02E11 - Guidance ~Psychic Sensor~.mkv,,,episode,imdb://tt10009140,,unmatched,Mob Psycho 100 – Season 2 – Guidance ~Psychic Sensor~
missing episode match metadata,0,F:\MediaStack\data\media\tv\Mob Psycho 100\Season 02\Mob Psycho 100 - S02E12 - Battle for Social Rehabilitation ~Friendship~.mkv,,,episode,imdb://tt10115062,,unmatched,Mob Psycho 100 – Season 2 – The Battle for Social Rehabilitation ~Friendship~
missing episode match metadata,0,F:\MediaStack\data\media\tv\Mob Psycho 100\Season 02\Mob Psycho 100 - S02E13 - Boss Fight ~The Final Light~.mkv,,,episode,imdb://tt10079058,,unmatched,Mob Psycho 100 – Season 2 – Boss Fight ~The Final Light~
missing episode match metadata,0,F:\MediaStack\data\media\tv\Mob Psycho 100\Season 03\Mob Psycho 100 - S03E01 - Future ~Career Paths~.mkv,,,episode,imdb://tt21362990,,unmatched,Mob Psycho 100 – Season 3 – Future ~Career Paths~
missing episode match metadata,0,F:\MediaStack\data\media\tv\Mob Psycho 100\Season 03\Mob Psycho 100 - S03E02 - Yokai Hunter Amakusa Haruaki Appears! ~The Threat of a Hundred Demons!!~.mkv,,,episode,imdb://tt22500204,,unmatched,Mob Psycho 100 – Season 3 – Yokai Hunter Amakusa Haruaki Appears! ~The Threat of a Hundred Demons!!~
missing episode match metadata,0,F:\MediaStack\data\media\tv\Mob Psycho 100\Season 03\Mob Psycho 100 - S03E03 - Getting Carried Away ~100%~.mkv,,,episode,imdb://tt22496160,,unmatched,Mob Psycho 100 – Season 3 – Getting Carried Away ~100%~
missing episode match metadata,0,F:\MediaStack\data\media\tv\Mob Psycho 100\Season 03\Mob Psycho 100 - S03E04 - Divine Tree 1 ~The Founder Appears~.mkv,,,episode,imdb://tt22865140,,unmatched,Mob Psycho 100 – Season 3 – Divine Tree 1 ~The Founder Appears~
missing episode match metadata,0,F:\MediaStack\data\media\tv\Mob Psycho 100\Season 03\Mob Psycho 100 - S03E05 - Divine Tree 2 ~Peace~.mkv,,,episode,imdb://tt23018608,,unmatched,Mob Psycho 100 – Season 3 – Divine Tree 2 ~Peace~
missing episode match metadata,0,F:\MediaStack\data\media\tv\Mob Psycho 100\Season 03\Mob Psycho 100 - S03E06 - Divine Tree 3 ~Dimple Is~.mkv,,,episode,imdb://tt23018612,,unmatched,Mob Psycho 100 – Season 3 – Divine Tree 3 ~Dimple Is~
missing episode match metadata,0,F:\MediaStack\data\media\tv\Mob Psycho 100\Season 03\Mob Psycho 100 - S03E07 - Transmission 1 ~Winter Break~.mkv,,,episode,imdb://tt23018616,,unmatched,Mob Psycho 100 – Season 3 – Transmission 1 ~Winter Break~
missing episode match metadata,0,F:\MediaStack\data\media\tv\Mob Psycho 100\Season 03\Mob Psycho 100 - S03E08 - Transmission 2 ~Encountering the Unknown~.mkv,,,episode,imdb://tt23722424,,unmatched,Mob Psycho 100 – Season 3 – Transmission 2 ~Encountering the Unknown~
missing episode match metadata,0,F:\MediaStack\data\media\tv\Mob Psycho 100\Season 03\Mob Psycho 100 - S03E09 - Mob 1 ~Moving~.mkv,,,episode,imdb://tt23793514,,unmatched,Mob Psycho 100 – Season 3 – Mob 1 ~Moving~
missing episode match metadata,0,"F:\MediaStack\data\media\tv\JUJUTSU KAISEN\Season 02\JUJUTSU KAISEN - S02E22 - Metamorphosis, Part 2.mkv",,,episode,local://23483,,unmatched,JUJUTSU KAISEN – Season 2 – Episode 22
missing episode match metadata,0,"F:\MediaStack\data\media\tv\JUJUTSU KAISEN\Season 02\JUJUTSU KAISEN - S02E23 - Shibuya Incident - Gate, Close.mkv",,,episode,local://23484,,unmatched,JUJUTSU KAISEN – Season 2 – Episode 23
missing episode match metadata,0,F:\MediaStack\data\media\tv\JUJUTSU KAISEN\Season 03\JUJUTSU KAISEN - S03E01 - Execution.mkv,,,episode,local://23486,,unmatched,JUJUTSU KAISEN – Season 3 – Episode 1
missing episode match metadata,0,F:\MediaStack\data\media\tv\JUJUTSU KAISEN\Season 03\JUJUTSU KAISEN - S03E02 - One More Time.mkv,,,episode,local://23487,,unmatched,JUJUTSU KAISEN – Season 3 – Episode 2
missing episode match metadata,0,F:\MediaStack\data\media\tv\JUJUTSU KAISEN\Season 03\JUJUTSU KAISEN - S03E03 - About the Culling Game.mkv,,,episode,local://23488,,unmatched,JUJUTSU KAISEN – Season 3 – Episode 3
missing episode match metadata,0,F:\MediaStack\data\media\tv\JUJUTSU KAISEN\Season 03\JUJUTSU KAISEN - S03E04 - Perfect Preparation.mkv,,,episode,local://23489,,unmatched,JUJUTSU KAISEN – Season 3 – Episode 4
missing episode match metadata,0,F:\MediaStack\data\media\tv\JUJUTSU KAISEN\Season 03\JUJUTSU KAISEN - S03E05 - Passion.mkv,,,episode,local://23490,,unmatched,JUJUTSU KAISEN – Season 3 – Episode 5
missing episode match metadata,0,F:\MediaStack\data\media\tv\JUJUTSU KAISEN\Season 03\JUJUTSU KAISEN - S03E06 - Cog.mkv,,,episode,local://23491,,unmatched,JUJUTSU KAISEN – Season 3 – Episode 6
missing episode match metadata,0,F:\MediaStack\data\media\tv\JUJUTSU KAISEN\Season 03\JUJUTSU KAISEN - S03E07 - Tokyo Colony No. 1.mkv,,,episode,local://23492,,unmatched,JUJUTSU KAISEN – Season 3 – Episode 7
missing episode match metadata,0,"F:\MediaStack\data\media\tv\JUJUTSU KAISEN\Season 03\JUJUTSU KAISEN - S03E08 - Tokyo Colony No. 1, Part 2.mkv",,,episode,local://23493,,unmatched,JUJUTSU KAISEN – Season 3 – Episode 8
missing episode match metadata,0,"F:\MediaStack\data\media\tv\JUJUTSU KAISEN\Season 03\JUJUTSU KAISEN - S03E09 - Tokyo Colony No. 1, Part 3.mkv",,,episode,local://23494,,unmatched,JUJUTSU KAISEN – Season 3 – Episode 9
missing episode match metadata,0,F:\MediaStack\data\media\tv\Mob Psycho 100\Season 01\Mob Psycho 100 - S01E01 - Self-Proclaimed Psychic - Reigen Arataka ~And Mob~.mkv,,,episode,imdb://tt6014452,,unmatched,Mob Psycho 100 – Season 1 – Self-Proclaimed Psychic: Reigen Arataka ~And Mob~
missing episode match metadata,0,F:\MediaStack\data\media\tv\Mob Psycho 100\Season 01\Mob Psycho 100 - S01E02 - Doubts about Youth ~The Telepathy Club Appears~.mkv,,,episode,imdb://tt6015858,,unmatched,Mob Psycho 100 – Season 1 – Doubts About Youth ~The Telepathy Club Appears~
missing episode match metadata,0,"F:\MediaStack\data\media\tv\Mob Psycho 100\Season 01\Mob Psycho 100 - S01E03 - An Invitation to a Meeting ~Simply Put, I Just Want to be Popular~.mkv",,,episode,imdb://tt6015860,,unmatched,"Mob Psycho 100 – Season 1 – An Invite to a Meeting ~Simply Put, I Just Want to Be Popular~"
missing episode match metadata,0,F:\MediaStack\data\media\tv\Mob Psycho 100\Season 01\Mob Psycho 100 - S01E04 - Idiots Only Event ~Kin~.mkv,,,episode,imdb://tt6015862,,unmatched,Mob Psycho 100 – Season 1 – Idiots Only Event ~Kin~
missing episode match metadata,0,F:\MediaStack\data\media\tv\Mob Psycho 100\Season 01\Mob Psycho 100 - S01E05 - OCHIMUSHA ~Psychic Powers and Me~.mkv,,,episode,imdb://tt6015864,,unmatched,Mob Psycho 100 – Season 1 – OCHIMUSHA ~Psychic Powers and Me~
missing episode match metadata,0,F:\MediaStack\data\media\tv\Mob Psycho 100\Season 01\Mob Psycho 100 - S01E06 - Discord ~To Become One~.mkv,,,episode,imdb://tt6015866,,unmatched,Mob Psycho 100 – Season 1 – Discord ~To Become One~
missing episode match metadata,0,F:\MediaStack\data\media\tv\Mob Psycho 100\Season 01\Mob Psycho 100 - S01E07 - Exaltation ~I've Obtained Loss~.mkv,,,episode,imdb://tt6015868,,unmatched,Mob Psycho 100 – Season 1 – Exaltation ~I've Obtained Loss~
missing episode match metadata,0,F:\MediaStack\data\media\tv\Mob Psycho 100\Season 01\Mob Psycho 100 - S01E08 - The Older Brother Bows ~Destructive Intent~.mkv,,,episode,imdb://tt6014450,,unmatched,Mob Psycho 100 – Season 1 – The Older Brother Bows ~Destructive Intent~
missing episode match metadata,0,F:\MediaStack\data\media\tv\Mob Psycho 100\Season 01\Mob Psycho 100 - S01E09 - Claw ~7th Division~.mkv,,,episode,imdb://tt6015872,,unmatched,Mob Psycho 100 – Season 1 – Claw ~7th Division~
missing episode match metadata,0,F:\MediaStack\data\media\tv\Mob Psycho 100\Season 01\Mob Psycho 100 - S01E10 - The Heinous Aura ~Mastermind~.mkv,,,episode,imdb://tt6076712,,unmatched,Mob Psycho 100 – Season 1 – The Heinous Aura ~Mastermind~
missing episode match metadata,0,F:\MediaStack\data\media\tv\Mob Psycho 100\Season 01\Mob Psycho 100 - S01E11 - Master ~Leader~.mkv,,,episode,imdb://tt6076714,,unmatched,Mob Psycho 100 – Season 1 – Master ~Leader~
missing episode match metadata,0,F:\MediaStack\data\media\tv\JUJUTSU KAISEN\Season 01\JUJUTSU KAISEN - S01E20 - Nonstandard.mkv,,,episode,imdb://tt14134754,,unmatched,JUJUTSU KAISEN – Season 1 – Nonstandard
missing episode match metadata,0,F:\MediaStack\data\media\tv\JUJUTSU KAISEN\Season 01\JUJUTSU KAISEN - S01E21 - Jujutsu Koshien.mkv,,,episode,imdb://tt14173780,,unmatched,JUJUTSU KAISEN – Season 1 – Jujutsu Koshien
missing episode match metadata,0,F:\MediaStack\data\media\tv\JUJUTSU KAISEN\Season 01\JUJUTSU KAISEN - S01E22 - The Origin of Blind Obedience.mkv,,,episode,imdb://tt14180466,,unmatched,JUJUTSU KAISEN – Season 1 – The Origin of Blind Obedience
missing episode match metadata,0,F:\MediaStack\data\media\tv\JUJUTSU KAISEN\Season 01\JUJUTSU KAISEN - S01E23 - The Origin of Blind Obedience - 2.mkv,,,episode,imdb://tt14191372,,unmatched,JUJUTSU KAISEN – Season 1 – The Origin of Blind Obedience -II-
missing episode match metadata,0,F:\MediaStack\data\media\tv\JUJUTSU KAISEN\Season 01\JUJUTSU KAISEN - S01E24 - Accomplices.mkv,,,episode,imdb://tt14217976,,unmatched,JUJUTSU KAISEN – Season 1 – Accomplices
missing episode match metadata,0,F:\MediaStack\data\media\tv\JUJUTSU KAISEN\Season 02\JUJUTSU KAISEN - S02E01 - Hidden Inventory.mkv,,,episode,local://23462,,unmatched,JUJUTSU KAISEN – Season 2 – Episode 1
missing episode match metadata,0,F:\MediaStack\data\media\tv\JUJUTSU KAISEN\Season 02\JUJUTSU KAISEN - S02E02 - Hidden Inventory 2.mkv,,,episode,local://23463,,unmatched,JUJUTSU KAISEN – Season 2 – Episode 2
missing episode match metadata,0,F:\MediaStack\data\media\tv\JUJUTSU KAISEN\Season 02\JUJUTSU KAISEN - S02E03 - Hidden Inventory 3.mkv,,,episode,local://23464,,unmatched,JUJUTSU KAISEN – Season 2 – Episode 3
missing episode match metadata,0,F:\MediaStack\data\media\tv\JUJUTSU KAISEN\Season 02\JUJUTSU KAISEN - S02E04 - Hidden Inventory 4.mkv,,,episode,local://23465,,unmatched,JUJUTSU KAISEN – Season 2 – Episode 4
missing episode match metadata,0,F:\MediaStack\data\media\tv\JUJUTSU KAISEN\Season 02\JUJUTSU KAISEN - S02E05 - Premature Death.mkv,,,episode,local://23466,,unmatched,JUJUTSU KAISEN – Season 2 – Episode 5
missing episode match metadata,0,F:\MediaStack\data\media\tv\JUJUTSU KAISEN\Season 02\JUJUTSU KAISEN - S02E06 - It's Like That.mkv,,,episode,local://23467,,unmatched,JUJUTSU KAISEN – Season 2 – Episode 6
missing episode match metadata,0,F:\MediaStack\data\media\tv\JUJUTSU KAISEN\Season 02\JUJUTSU KAISEN - S02E07 - Evening Festival.mkv,,,episode,local://23468,,unmatched,JUJUTSU KAISEN – Season 2 – Episode 7
missing episode match metadata,0,F:\MediaStack\data\media\tv\JUJUTSU KAISEN\Season 02\JUJUTSU KAISEN - S02E08 - Shibuya Incident.mkv,,,episode,local://23469,,unmatched,JUJUTSU KAISEN – Season 2 – Episode 8
missing episode match metadata,0,"F:\MediaStack\data\media\tv\JUJUTSU KAISEN\Season 02\JUJUTSU KAISEN - S02E09 - Shibuya Incident - Gate, Open.mkv",,,episode,local://23470,,unmatched,JUJUTSU KAISEN – Season 2 – Episode 9
missing episode match metadata,0,F:\MediaStack\data\media\tv\JUJUTSU KAISEN\Season 02\JUJUTSU KAISEN - S02E10 - Pandemonium.mkv,,,episode,local://23471,,unmatched,JUJUTSU KAISEN – Season 2 – Episode 10
missing episode match metadata,0,F:\MediaStack\data\media\tv\JUJUTSU KAISEN\Season 02\JUJUTSU KAISEN - S02E11 - Seance.mkv,,,episode,local://23472,,unmatched,JUJUTSU KAISEN – Season 2 – Episode 11
missing episode match metadata,0,F:\MediaStack\data\media\tv\JUJUTSU KAISEN\Season 02\JUJUTSU KAISEN - S02E12 - Dull Knife.mkv,,,episode,local://23473,,unmatched,JUJUTSU KAISEN – Season 2 – Episode 12
missing episode match metadata,0,F:\MediaStack\data\media\tv\JUJUTSU KAISEN\Season 02\JUJUTSU KAISEN - S02E13 - Red Scale.mkv,,,episode,local://23474,,unmatched,JUJUTSU KAISEN – Season 2 – Episode 13
missing episode match metadata,0,F:\MediaStack\data\media\tv\JUJUTSU KAISEN\Season 02\JUJUTSU KAISEN - S02E14 - Fluctuations.mkv,,,episode,local://23475,,unmatched,JUJUTSU KAISEN – Season 2 – Episode 14
missing episode match metadata,0,"F:\MediaStack\data\media\tv\JUJUTSU KAISEN\Season 02\JUJUTSU KAISEN - S02E15 - Fluctuations, Part 2.mkv",,,episode,local://23476,,unmatched,JUJUTSU KAISEN – Season 2 – Episode 15
missing episode match metadata,0,F:\MediaStack\data\media\tv\JUJUTSU KAISEN\Season 02\JUJUTSU KAISEN - S02E16 - Thunderclap.mkv,,,episode,local://23477,,unmatched,JUJUTSU KAISEN – Season 2 – Episode 16
missing episode match metadata,0,"F:\MediaStack\data\media\tv\JUJUTSU KAISEN\Season 02\JUJUTSU KAISEN - S02E17 - Thunderclap, Part 2.mkv",,,episode,local://23478,,unmatched,JUJUTSU KAISEN – Season 2 – Episode 17
missing episode match metadata,0,F:\MediaStack\data\media\tv\JUJUTSU KAISEN\Season 02\JUJUTSU KAISEN - S02E18 - Right and Wrong.mkv,,,episode,local://23479,,unmatched,JUJUTSU KAISEN – Season 2 – Episode 18
missing episode match metadata,0,"F:\MediaStack\data\media\tv\JUJUTSU KAISEN\Season 02\JUJUTSU KAISEN - S02E19 - Right and Wrong, Part 2.mkv",,,episode,local://23480,,unmatched,JUJUTSU KAISEN – Season 2 – Episode 19
missing episode match metadata,0,"F:\MediaStack\data\media\tv\JUJUTSU KAISEN\Season 02\JUJUTSU KAISEN - S02E20 - Right and Wrong, Part 3.mkv",,,episode,local://23481,,unmatched,JUJUTSU KAISEN – Season 2 – Episode 20
missing episode match metadata,0,F:\MediaStack\data\media\tv\JUJUTSU KAISEN\Season 02\JUJUTSU KAISEN - S02E21 - Metamorphosis.mkv,,,episode,local://23482,,unmatched,JUJUTSU KAISEN – Season 2 – Episode 21
missing episode match metadata,0,F:\MediaStack\data\media\tv\JUJUTSU KAISEN\Season 01\JUJUTSU KAISEN - S01E01 - Ryoumen Sukuna.mkv,,,episode,imdb://tt12967596,,unmatched,JUJUTSU KAISEN – Season 1 – Ryomen Sukuna
missing episode match metadata,0,F:\MediaStack\data\media\tv\JUJUTSU KAISEN\Season 01\JUJUTSU KAISEN - S01E02 - For Myself.mkv,,,episode,imdb://tt13220442,,unmatched,JUJUTSU KAISEN – Season 1 – For Myself
missing episode match metadata,0,F:\MediaStack\data\media\tv\JUJUTSU KAISEN\Season 01\JUJUTSU KAISEN - S01E03 - Girl of Steel.mkv,,,episode,imdb://tt13220444,,unmatched,JUJUTSU KAISEN – Season 1 – Girl of Steel
missing episode match metadata,0,F:\MediaStack\data\media\tv\JUJUTSU KAISEN\Season 01\JUJUTSU KAISEN - S01E04 - Curse Womb Must Die.mkv,,,episode,imdb://tt13220452,,unmatched,JUJUTSU KAISEN – Season 1 – Curse Womb Must Die
missing episode match metadata,0,F:\MediaStack\data\media\tv\JUJUTSU KAISEN\Season 01\JUJUTSU KAISEN - S01E05 - Curse Womb Must Die -II.mkv,,,episode,imdb://tt13352292,,unmatched,JUJUTSU KAISEN – Season 1 – Curse Womb Must Die -II-
missing episode match metadata,0,F:\MediaStack\data\media\tv\JUJUTSU KAISEN\Season 01\JUJUTSU KAISEN - S01E06 - After Rain.mkv,,,episode,imdb://tt13361162,,unmatched,JUJUTSU KAISEN – Season 1 – After Rain
missing episode match metadata,0,F:\MediaStack\data\media\tv\JUJUTSU KAISEN\Season 01\JUJUTSU KAISEN - S01E07 - Assault.mkv,,,episode,imdb://tt13375940,,unmatched,JUJUTSU KAISEN – Season 1 – Assault
missing episode match metadata,0,F:\MediaStack\data\media\tv\JUJUTSU KAISEN\Season 01\JUJUTSU KAISEN - S01E08 - Boredom.mkv,,,episode,imdb://tt13375942,,unmatched,JUJUTSU KAISEN – Season 1 – Boredom
missing episode match metadata,0,F:\MediaStack\data\media\tv\JUJUTSU KAISEN\Season 01\JUJUTSU KAISEN - S01E09 - Small Fry and Reverse Retribution.mkv,,,episode,imdb://tt13375944,,unmatched,JUJUTSU KAISEN – Season 1 – Small Fry and Reverse Retribution
missing episode match metadata,0,F:\MediaStack\data\media\tv\JUJUTSU KAISEN\Season 01\JUJUTSU KAISEN - S01E10 - Idle Transfiguration.mkv,,,episode,imdb://tt13587028,,unmatched,JUJUTSU KAISEN – Season 1 – Idle Transfiguration
missing episode match metadata,0,F:\MediaStack\data\media\tv\JUJUTSU KAISEN\Season 01\JUJUTSU KAISEN - S01E11 - Narrow-minded.mkv,,,episode,imdb://tt13594214,,unmatched,JUJUTSU KAISEN – Season 1 – Narrow-minded
missing episode match metadata,0,"F:\MediaStack\data\media\tv\JUJUTSU KAISEN\Season 01\JUJUTSU KAISEN - S01E12 - To You, Someday.mkv",,,episode,imdb://tt13625562,,unmatched,"JUJUTSU KAISEN – Season 1 – To You, Someday"
missing episode match metadata,0,F:\MediaStack\data\media\tv\JUJUTSU KAISEN\Season 01\JUJUTSU KAISEN - S01E13 - Tomorrow.mkv,,,episode,imdb://tt13707046,,unmatched,JUJUTSU KAISEN – Season 1 – Tomorrow
missing episode match metadata,0,F:\MediaStack\data\media\tv\JUJUTSU KAISEN\Season 01\JUJUTSU KAISEN - S01E14 - Kyoto Sister School Exchange Event - Group Battle 0.mkv,,,episode,imdb://tt13847654,,unmatched,JUJUTSU KAISEN – Season 1 – Kyoto Sister School Exchange Event - Group Battle 0 -
missing episode match metadata,0,F:\MediaStack\data\media\tv\JUJUTSU KAISEN\Season 01\JUJUTSU KAISEN - S01E15 - Kyoto Sister School Exchange Event - Group Battle 1.mkv,,,episode,imdb://tt13873752,,unmatched,JUJUTSU KAISEN – Season 1 – Kyoto Sister School Exchange Event - Group Battle 1 -
missing episode match metadata,0,F:\MediaStack\data\media\tv\JUJUTSU KAISEN\Season 01\JUJUTSU KAISEN - S01E16 - Kyoto Sister School Exchange Event - Group Battle 2.mkv,,,episode,imdb://tt13944548,,unmatched,JUJUTSU KAISEN – Season 1 – Kyoto Sister School Exchange Event - Group Battle 2 -
missing episode match metadata,0,F:\MediaStack\data\media\tv\JUJUTSU KAISEN\Season 01\JUJUTSU KAISEN - S01E17 - Kyoto Sister School Exchange Event - Group Battle 3.mkv,,,episode,imdb://tt14023258,,unmatched,JUJUTSU KAISEN – Season 1 – Kyoto Sister School Exchange Event - Group Battle 3 -
missing episode match metadata,0,F:\MediaStack\data\media\tv\JUJUTSU KAISEN\Season 01\JUJUTSU KAISEN - S01E18 - Sage.mkv,,,episode,imdb://tt14030804,,unmatched,JUJUTSU KAISEN – Season 1 – Sage
missing episode match metadata,0,F:\MediaStack\data\media\tv\JUJUTSU KAISEN\Season 01\JUJUTSU KAISEN - S01E19 - Black Flash.mkv,,,episode,imdb://tt14030806,,unmatched,JUJUTSU KAISEN – Season 1 – Black Flash
missing episode match metadata,0,F:\MediaStack\data\media\tv\Fullmetal Alchemist - Brotherhood\Season 01\Fullmetal Alchemist - Brotherhood - S01E39 - Daydream.mkv,,,episode,imdb://tt1571822,,unmatched,Fullmetal Alchemist: Brotherhood – Season 1 – Daydream
missing episode match metadata,0,F:\MediaStack\data\media\tv\Fullmetal Alchemist - Brotherhood\Season 01\Fullmetal Alchemist - Brotherhood - S01E40 - Homunculus (The Dwarf in the Flask).mkv,,,episode,imdb://tt1580981,,unmatched,Fullmetal Alchemist: Brotherhood – Season 1 – Homunculus (The Dwarf in the Flask)
missing episode match metadata,0,F:\MediaStack\data\media\tv\Fullmetal Alchemist - Brotherhood\Season 01\Fullmetal Alchemist - Brotherhood - S01E41 - The Abyss.mkv,,,episode,imdb://tt1585804,,unmatched,Fullmetal Alchemist: Brotherhood – Season 1 – The Abyss
missing episode match metadata,0,F:\MediaStack\data\media\tv\Fullmetal Alchemist - Brotherhood\Season 01\Fullmetal Alchemist - Brotherhood - S01E42 - Signs of a Counteroffensive.mkv,,,episode,imdb://tt1589090,,unmatched,Fullmetal Alchemist: Brotherhood – Season 1 – Signs of a Counteroffensive
missing episode match metadata,0,F:\MediaStack\data\media\tv\Fullmetal Alchemist - Brotherhood\Season 01\Fullmetal Alchemist - Brotherhood - S01E43 - Bite of the Ant.mkv,,,episode,imdb://tt1593017,,unmatched,Fullmetal Alchemist: Brotherhood – Season 1 – Bite of the Ant
missing episode match metadata,0,F:\MediaStack\data\media\tv\Fullmetal Alchemist - Brotherhood\Season 01\Fullmetal Alchemist - Brotherhood - S01E44 - Revving at Full Throttle.mkv,,,episode,imdb://tt1596850,,unmatched,Fullmetal Alchemist: Brotherhood – Season 1 – Revving at Full Throttle
missing episode match metadata,0,F:\MediaStack\data\media\tv\Fullmetal Alchemist - Brotherhood\Season 01\Fullmetal Alchemist - Brotherhood - S01E45 - The Promised Day.mkv,,,episode,imdb://tt1600988,,unmatched,Fullmetal Alchemist: Brotherhood – Season 1 – The Promised Day
missing episode match metadata,0,F:\MediaStack\data\media\tv\Fullmetal Alchemist - Brotherhood\Season 01\Fullmetal Alchemist - Brotherhood - S01E46 - Looming Shadows.mkv,,,episode,imdb://tt1605239,,unmatched,Fullmetal Alchemist: Brotherhood – Season 1 – Looming Shadows
missing episode match metadata,0,F:\MediaStack\data\media\tv\Fullmetal Alchemist - Brotherhood\Season 01\Fullmetal Alchemist - Brotherhood - S01E47 - Emissary of Darkness.mkv,,,episode,imdb://tt1608867,,unmatched,Fullmetal Alchemist: Brotherhood – Season 1 – Emissary of Darkness
missing episode match metadata,0,F:\MediaStack\data\media\tv\Fullmetal Alchemist - Brotherhood\Season 01\Fullmetal Alchemist - Brotherhood - S01E48 - The Oath in the Tunnel.mkv,,,episode,imdb://tt1612914,,unmatched,Fullmetal Alchemist: Brotherhood – Season 1 – The Oath in the Tunnel
missing episode match metadata,0,F:\MediaStack\data\media\tv\Fullmetal Alchemist - Brotherhood\Season 01\Fullmetal Alchemist - Brotherhood - S01E49 - Filial Affection.mkv,,,episode,imdb://tt1616769,,unmatched,Fullmetal Alchemist: Brotherhood – Season 1 – Filial Affection
missing episode match metadata,0,F:\MediaStack\data\media\tv\Fullmetal Alchemist - Brotherhood\Season 01\Fullmetal Alchemist - Brotherhood - S01E50 - Upheaval in Central.mkv,,,episode,imdb://tt1621686,,unmatched,Fullmetal Alchemist: Brotherhood – Season 1 – Upheaval in Central
missing episode match metadata,0,F:\MediaStack\data\media\tv\Fullmetal Alchemist - Brotherhood\Season 01\Fullmetal Alchemist - Brotherhood - S01E51 - The Immortal Legion.mkv,,,episode,imdb://tt1626341,,unmatched,Fullmetal Alchemist: Brotherhood – Season 1 – The Immortal Legion
missing episode match metadata,0,F:\MediaStack\data\media\tv\Fullmetal Alchemist - Brotherhood\Season 01\Fullmetal Alchemist - Brotherhood - S01E52 - Combined Strength.mkv,,,episode,imdb://tt1630401,,unmatched,Fullmetal Alchemist: Brotherhood – Season 1 – Combined Strength
missing episode match metadata,0,F:\MediaStack\data\media\tv\Fullmetal Alchemist - Brotherhood\Season 01\Fullmetal Alchemist - Brotherhood - S01E53 - Flame of Vengeance.mkv,,,episode,imdb://tt1634626,,unmatched,Fullmetal Alchemist: Brotherhood – Season 1 – Flame of Vengeance
missing episode match metadata,0,F:\MediaStack\data\media\tv\Fullmetal Alchemist - Brotherhood\Season 01\Fullmetal Alchemist - Brotherhood - S01E54 - Beyond the Inferno.mkv,,,episode,imdb://tt1639964,,unmatched,Fullmetal Alchemist: Brotherhood – Season 1 – Beyond the Inferno
missing episode match metadata,0,F:\MediaStack\data\media\tv\Fullmetal Alchemist - Brotherhood\Season 01\Fullmetal Alchemist - Brotherhood - S01E55 - The Adults' Way of Life.mkv,,,episode,imdb://tt1643650,,unmatched,Fullmetal Alchemist: Brotherhood – Season 1 – The Adults' Way of Life
missing episode match metadata,0,F:\MediaStack\data\media\tv\Fullmetal Alchemist - Brotherhood\Season 01\Fullmetal Alchemist - Brotherhood - S01E56 - The Return of the Führer.mkv,,,episode,imdb://tt1647872,,unmatched,Fullmetal Alchemist: Brotherhood – Season 1 – The Return of the Führer
missing episode match metadata,0,F:\MediaStack\data\media\tv\Fullmetal Alchemist - Brotherhood\Season 01\Fullmetal Alchemist - Brotherhood - S01E57 - Eternal Leave.mkv,,,episode,imdb://tt1651583,,unmatched,Fullmetal Alchemist: Brotherhood – Season 1 – Eternal Leave
missing episode match metadata,0,F:\MediaStack\data\media\tv\Fullmetal Alchemist - Brotherhood\Season 01\Fullmetal Alchemist - Brotherhood - S01E58 - Sacrifices.mkv,,,episode,imdb://tt1656322,,unmatched,Fullmetal Alchemist: Brotherhood – Season 1 – Sacrifices
missing episode match metadata,0,F:\MediaStack\data\media\tv\Fullmetal Alchemist - Brotherhood\Season 01\Fullmetal Alchemist - Brotherhood - S01E59 - Lost Light.mkv,,,episode,imdb://tt1659862,,unmatched,Fullmetal Alchemist: Brotherhood – Season 1 – Lost Light
missing episode match metadata,0,"F:\MediaStack\data\media\tv\Fullmetal Alchemist - Brotherhood\Season 01\Fullmetal Alchemist - Brotherhood - S01E60 - Eye of Heaven, Gateway of Earth.mkv",,,episode,imdb://tt1663961,,unmatched,"Fullmetal Alchemist: Brotherhood – Season 1 – Eye of Heaven, Gateway of Earth"
missing episode match metadata,0,F:\MediaStack\data\media\tv\Fullmetal Alchemist - Brotherhood\Season 01\Fullmetal Alchemist - Brotherhood - S01E61 - He Who Would Swallow God.mkv,,,episode,imdb://tt1667948,,unmatched,Fullmetal Alchemist: Brotherhood – Season 1 – He Who Would Swallow God
missing episode match metadata,0,F:\MediaStack\data\media\tv\Fullmetal Alchemist - Brotherhood\Season 01\Fullmetal Alchemist - Brotherhood - S01E62 - A Fierce Counterattack.mkv,,,episode,imdb://tt1673082,,unmatched,Fullmetal Alchemist: Brotherhood – Season 1 – A Fierce Counterattack
missing episode match metadata,0,F:\MediaStack\data\media\tv\Fullmetal Alchemist - Brotherhood\Season 01\Fullmetal Alchemist - Brotherhood - S01E63 - The Other Side of the Gateway.mkv,,,episode,imdb://tt1675927,,unmatched,Fullmetal Alchemist: Brotherhood – Season 1 – The Other Side of the Gateway
missing episode match metadata,0,F:\MediaStack\data\media\tv\Fullmetal Alchemist - Brotherhood\Season 01\Fullmetal Alchemist - Brotherhood - S01E64 - Journey's End.mkv,,,episode,imdb://tt1680453,,unmatched,Fullmetal Alchemist: Brotherhood – Season 1 – Journey's End
missing episode match metadata,0,F:\MediaStack\data\media\tv\Fullmetal Alchemist - Brotherhood\Season 01\Fullmetal Alchemist - Brotherhood - S01E11 - Miracle at Rush Valley.mkv,,,episode,imdb://tt1434022,,unmatched,Fullmetal Alchemist: Brotherhood – Season 1 – Miracle at Rush Valley
missing episode match metadata,0,"F:\MediaStack\data\media\tv\Fullmetal Alchemist - Brotherhood\Season 01\Fullmetal Alchemist - Brotherhood - S01E12 - One Is All, All Is One.mkv",,,episode,imdb://tt1434023,,unmatched,"Fullmetal Alchemist: Brotherhood – Season 1 – One is All, All is One"
missing episode match metadata,0,F:\MediaStack\data\media\tv\Fullmetal Alchemist - Brotherhood\Season 01\Fullmetal Alchemist - Brotherhood - S01E13 - Beasts of Dublith.mkv,,,episode,imdb://tt1434024,,unmatched,Fullmetal Alchemist: Brotherhood – Season 1 – Beasts of Dublith
missing episode match metadata,0,F:\MediaStack\data\media\tv\Fullmetal Alchemist - Brotherhood\Season 01\Fullmetal Alchemist - Brotherhood - S01E14 - Those Who Lurk Underground.mkv,,,episode,imdb://tt1459319,,unmatched,Fullmetal Alchemist: Brotherhood – Season 1 – Those Who Lurk Underground
missing episode match metadata,0,F:\MediaStack\data\media\tv\Fullmetal Alchemist - Brotherhood\Season 01\Fullmetal Alchemist - Brotherhood - S01E15 - Envoy from the East.mkv,,,episode,imdb://tt1461557,,unmatched,Fullmetal Alchemist: Brotherhood – Season 1 – Envoy from the East
missing episode match metadata,0,F:\MediaStack\data\media\tv\Fullmetal Alchemist - Brotherhood\Season 01\Fullmetal Alchemist - Brotherhood - S01E16 - Footsteps of a Comrade-in-Arms.mkv,,,episode,imdb://tt1461558,,unmatched,Fullmetal Alchemist: Brotherhood – Season 1 – Footsteps of a Comrade-in-Arms
missing episode match metadata,0,F:\MediaStack\data\media\tv\Fullmetal Alchemist - Brotherhood\Season 01\Fullmetal Alchemist - Brotherhood - S01E17 - Cold Flame.mkv,,,episode,imdb://tt1461559,,unmatched,Fullmetal Alchemist: Brotherhood – Season 1 – Cold Flame
missing episode match metadata,0,F:\MediaStack\data\media\tv\Fullmetal Alchemist - Brotherhood\Season 01\Fullmetal Alchemist - Brotherhood - S01E18 - The Arrogant Palm of a Small Human.mkv,,,episode,imdb://tt1477737,,unmatched,Fullmetal Alchemist: Brotherhood – Season 1 – The Arrogant Palm of a Small Human
missing episode match metadata,0,F:\MediaStack\data\media\tv\Fullmetal Alchemist - Brotherhood\Season 01\Fullmetal Alchemist - Brotherhood - S01E19 - Death of the Undying.mkv,,,episode,imdb://tt1484138,,unmatched,Fullmetal Alchemist: Brotherhood – Season 1 – Death of the Undying
missing episode match metadata,0,F:\MediaStack\data\media\tv\Fullmetal Alchemist - Brotherhood\Season 01\Fullmetal Alchemist - Brotherhood - S01E20 - Father Before the Grave.mkv,,,episode,imdb://tt1487438,,unmatched,Fullmetal Alchemist: Brotherhood – Season 1 – Father Before the Grave
missing episode match metadata,0,F:\MediaStack\data\media\tv\Fullmetal Alchemist - Brotherhood\Season 01\Fullmetal Alchemist - Brotherhood - S01E21 - Advance of the Fool.mkv,,,episode,imdb://tt1491878,,unmatched,Fullmetal Alchemist: Brotherhood – Season 1 – Advance of the Fool
missing episode match metadata,0,F:\MediaStack\data\media\tv\Fullmetal Alchemist - Brotherhood\Season 01\Fullmetal Alchemist - Brotherhood - S01E22 - Backs in the Distance.mkv,,,episode,imdb://tt1500794,,unmatched,Fullmetal Alchemist: Brotherhood – Season 1 – Backs in the Distance
missing episode match metadata,0,F:\MediaStack\data\media\tv\Fullmetal Alchemist - Brotherhood\Season 01\Fullmetal Alchemist - Brotherhood - S01E23 - Girl on the Battlefield.mkv,,,episode,imdb://tt1505214,,unmatched,Fullmetal Alchemist: Brotherhood – Season 1 – Girl on the Battlefield
missing episode match metadata,0,F:\MediaStack\data\media\tv\Fullmetal Alchemist - Brotherhood\Season 01\Fullmetal Alchemist - Brotherhood - S01E24 - Inside the Belly.mkv,,,episode,imdb://tt1509989,,unmatched,Fullmetal Alchemist: Brotherhood – Season 1 – Inside the Belly
missing episode match metadata,0,F:\MediaStack\data\media\tv\Fullmetal Alchemist - Brotherhood\Season 01\Fullmetal Alchemist - Brotherhood - S01E25 - Doorway of Darkness.mkv,,,episode,imdb://tt1513120,,unmatched,Fullmetal Alchemist: Brotherhood – Season 1 – Doorway of Darkness
missing episode match metadata,0,F:\MediaStack\data\media\tv\Fullmetal Alchemist - Brotherhood\Season 01\Fullmetal Alchemist - Brotherhood - S01E26 - Reunion.mkv,,,episode,imdb://tt1514922,,unmatched,Fullmetal Alchemist: Brotherhood – Season 1 – Reunion
missing episode match metadata,0,F:\MediaStack\data\media\tv\Fullmetal Alchemist - Brotherhood\Season 01\Fullmetal Alchemist - Brotherhood - S01E27 - Interlude Party.mkv,,,episode,imdb://tt1521981,,unmatched,Fullmetal Alchemist: Brotherhood – Season 1 – Interlude Party
missing episode match metadata,0,F:\MediaStack\data\media\tv\Fullmetal Alchemist - Brotherhood\Season 01\Fullmetal Alchemist - Brotherhood - S01E28 - Father.mkv,,,episode,imdb://tt1526676,,unmatched,Fullmetal Alchemist: Brotherhood – Season 1 – Father
missing episode match metadata,0,F:\MediaStack\data\media\tv\Fullmetal Alchemist - Brotherhood\Season 01\Fullmetal Alchemist - Brotherhood - S01E29 - Struggle of the Fool.mkv,,,episode,imdb://tt1530725,,unmatched,Fullmetal Alchemist: Brotherhood – Season 1 – Struggle of the Fool
missing episode match metadata,0,F:\MediaStack\data\media\tv\Fullmetal Alchemist - Brotherhood\Season 01\Fullmetal Alchemist - Brotherhood - S01E30 - The Ishvalan War of Extermination.mkv,,,episode,imdb://tt1534640,,unmatched,Fullmetal Alchemist: Brotherhood – Season 1 – The Ishvalan War of Extermination
missing episode match metadata,0,F:\MediaStack\data\media\tv\Fullmetal Alchemist - Brotherhood\Season 01\Fullmetal Alchemist - Brotherhood - S01E31 - The 520 Cenz Promise.mkv,,,episode,imdb://tt1539093,,unmatched,Fullmetal Alchemist: Brotherhood – Season 1 – The 520 Cens Promise
missing episode match metadata,0,F:\MediaStack\data\media\tv\Fullmetal Alchemist - Brotherhood\Season 01\Fullmetal Alchemist - Brotherhood - S01E32 - The Führer's Son.mkv,,,episode,imdb://tt1543387,,unmatched,Fullmetal Alchemist: Brotherhood – Season 1 – The Führer's Son
missing episode match metadata,0,F:\MediaStack\data\media\tv\Fullmetal Alchemist - Brotherhood\Season 01\Fullmetal Alchemist - Brotherhood - S01E33 - The Northern Wall of Briggs.mkv,,,episode,imdb://tt1547750,,unmatched,Fullmetal Alchemist: Brotherhood – Season 1 – The Northern Wall of Briggs
missing episode match metadata,0,F:\MediaStack\data\media\tv\Fullmetal Alchemist - Brotherhood\Season 01\Fullmetal Alchemist - Brotherhood - S01E34 - Ice Queen.mkv,,,episode,imdb://tt1548830,,unmatched,Fullmetal Alchemist: Brotherhood – Season 1 – Ice Queen
missing episode match metadata,0,F:\MediaStack\data\media\tv\Fullmetal Alchemist - Brotherhood\Season 01\Fullmetal Alchemist - Brotherhood - S01E35 - The Shape of This Country.mkv,,,episode,imdb://tt1554336,,unmatched,Fullmetal Alchemist: Brotherhood – Season 1 – The Shape of This Country
missing episode match metadata,0,F:\MediaStack\data\media\tv\Fullmetal Alchemist - Brotherhood\Season 01\Fullmetal Alchemist - Brotherhood - S01E36 - Family Portrait.mkv,,,episode,imdb://tt1562664,,unmatched,Fullmetal Alchemist: Brotherhood – Season 1 – Family Portrait
missing episode match metadata,0,F:\MediaStack\data\media\tv\Fullmetal Alchemist - Brotherhood\Season 01\Fullmetal Alchemist - Brotherhood - S01E37 - The First Homunculus.mkv,,,episode,imdb://tt1566096,,unmatched,Fullmetal Alchemist: Brotherhood – Season 1 – The First Homunculus
missing episode match metadata,0,F:\MediaStack\data\media\tv\Fullmetal Alchemist - Brotherhood\Season 01\Fullmetal Alchemist - Brotherhood - S01E38 - Conflict at Baschool.mkv,,,episode,imdb://tt1570817,,unmatched,Fullmetal Alchemist: Brotherhood – Season 1 – Conflict at Baschool
missing episode match metadata,0,F:\MediaStack\data\media\tv\Foyle's War\Season 04\Foyle's War - S04E03 - Bleak Midwinter.mkv,,,episode,local://23117,,unmatched,Foyle's War – Season 4 – Episode 3
missing episode match metadata,0,F:\MediaStack\data\media\tv\Foyle's War\Season 04\Foyle's War - S04E04 - Casualties of War.mkv,,,episode,local://23118,,unmatched,Foyle's War – Season 4 – Episode 4
missing episode match metadata,0,F:\MediaStack\data\media\tv\Foyle's War\Season 05\Foyle's War - S05E01 - Plan of Attack.mkv,,,episode,imdb://tt0845685,,unmatched,Foyle's War – Season 5 – Bleak Midwinter
missing episode match metadata,0,F:\MediaStack\data\media\tv\Foyle's War\Season 05\Foyle's War - S05E02 - Broken Souls.mkv,,,episode,imdb://tt0845686,,unmatched,Foyle's War – Season 5 – Casualties of War
missing episode match metadata,0,F:\MediaStack\data\media\tv\Foyle's War\Season 05\Foyle's War - S05E03 - All Clear.mkv,,,episode,local://23123,,unmatched,Foyle's War – Season 5 – Episode 3
missing episode match metadata,0,F:\MediaStack\data\media\tv\Foyle's War\Season 06\Foyle's War - S06E01 - The Russian House.mp4,,,episode,tmdb://1033003,,unmatched,Foyle's War – Season 6 – Plan of Attack
missing episode match metadata,0,F:\MediaStack\data\media\tv\Foyle's War\Season 06\Foyle's War - S06E02 - Killing Time.mp4,,,episode,imdb://tt1158422,,unmatched,Foyle's War – Season 6 – Broken Souls
missing episode match metadata,0,F:\MediaStack\data\media\tv\Foyle's War\Season 06\Foyle's War - S06E03 - The Hide.mp4,,,episode,imdb://tt1189618,,unmatched,Foyle's War – Season 6 – All Clear
missing episode match metadata,0,F:\MediaStack\data\media\tv\Foyle's War\Season 07\Foyle's War - S07E01 - The Eternity Ring.mkv,,,episode,imdb://tt1578957,,unmatched,Foyle's War – Season 7 – The Russian House
missing episode match metadata,0,F:\MediaStack\data\media\tv\Foyle's War\Season 07\Foyle's War - S07E02 - The Cage.mkv,,,episode,imdb://tt1591806,,unmatched,Foyle's War – Season 7 – Killing Time
missing episode match metadata,0,F:\MediaStack\data\media\tv\Foyle's War\Season 07\Foyle's War - S07E03 - Sunflower.mkv,,,episode,imdb://tt1591807,,unmatched,Foyle's War – Season 7 – The Hide
missing episode match metadata,0,F:\MediaStack\data\media\tv\Foyle's War\Season 08\Foyle's War - S08E01 - High Castle.mp4,,,episode,imdb://tt2753848,,unmatched,Foyle's War – Season 8 – The Eternity Ring
missing episode match metadata,0,F:\MediaStack\data\media\tv\Foyle's War\Season 08\Foyle's War - S08E02 - Trespass.mp4,,,episode,imdb://tt2753836,,unmatched,Foyle's War – Season 8 – The Cage
missing episode match metadata,0,F:\MediaStack\data\media\tv\Foyle's War\Season 08\Foyle's War - S08E03 - Elise.mp4,,,episode,imdb://tt2767682,,unmatched,Foyle's War – Season 8 – Sunflower
missing episode match metadata,0,F:\MediaStack\data\media\tv\Fullmetal Alchemist - Brotherhood\Season 01\Fullmetal Alchemist - Brotherhood - S01E01 - Fullmetal Alchemist.mkv,,,episode,imdb://tt1413326,,unmatched,Fullmetal Alchemist: Brotherhood – Season 1 – Fullmetal Alchemist
missing episode match metadata,0,F:\MediaStack\data\media\tv\Fullmetal Alchemist - Brotherhood\Season 01\Fullmetal Alchemist - Brotherhood - S01E02 - The First Day.mkv,,,episode,imdb://tt1413327,,unmatched,Fullmetal Alchemist: Brotherhood – Season 1 – The First Day
missing episode match metadata,0,F:\MediaStack\data\media\tv\Fullmetal Alchemist - Brotherhood\Season 01\Fullmetal Alchemist - Brotherhood - S01E03 - City of Heresy.mkv,,,episode,imdb://tt1415050,,unmatched,Fullmetal Alchemist: Brotherhood – Season 1 – City of Heresy
missing episode match metadata,0,F:\MediaStack\data\media\tv\Fullmetal Alchemist - Brotherhood\Season 01\Fullmetal Alchemist - Brotherhood - S01E04 - An Alchemist's Anguish.mkv,,,episode,imdb://tt1415049,,unmatched,Fullmetal Alchemist: Brotherhood – Season 1 – An Alchemist's Anguish
missing episode match metadata,0,F:\MediaStack\data\media\tv\Fullmetal Alchemist - Brotherhood\Season 01\Fullmetal Alchemist - Brotherhood - S01E05 - Rain of Sorrows.mkv,,,episode,imdb://tt1415051,,unmatched,Fullmetal Alchemist: Brotherhood – Season 1 – Rain of Sorrows
missing episode match metadata,0,F:\MediaStack\data\media\tv\Fullmetal Alchemist - Brotherhood\Season 01\Fullmetal Alchemist - Brotherhood - S01E06 - Road of Hope.mkv,,,episode,imdb://tt1424977,,unmatched,Fullmetal Alchemist: Brotherhood – Season 1 – Road of Hope
missing episode match metadata,0,F:\MediaStack\data\media\tv\Fullmetal Alchemist - Brotherhood\Season 01\Fullmetal Alchemist - Brotherhood - S01E07 - Hidden Truths.mkv,,,episode,imdb://tt1429692,,unmatched,Fullmetal Alchemist: Brotherhood – Season 1 – Hidden Truths
missing episode match metadata,0,F:\MediaStack\data\media\tv\Fullmetal Alchemist - Brotherhood\Season 01\Fullmetal Alchemist - Brotherhood - S01E08 - The Fifth Laboratory.mkv,,,episode,imdb://tt1433389,,unmatched,Fullmetal Alchemist: Brotherhood – Season 1 – The Fifth Laboratory
missing episode match metadata,0,F:\MediaStack\data\media\tv\Fullmetal Alchemist - Brotherhood\Season 01\Fullmetal Alchemist - Brotherhood - S01E09 - Created Feelings.mkv,,,episode,imdb://tt1434026,,unmatched,Fullmetal Alchemist: Brotherhood – Season 1 – Created Feelings
missing episode match metadata,0,F:\MediaStack\data\media\tv\Fullmetal Alchemist - Brotherhood\Season 01\Fullmetal Alchemist - Brotherhood - S01E10 - Separate Destinations.mkv,,,episode,imdb://tt1434025,,unmatched,Fullmetal Alchemist: Brotherhood – Season 1 – Separate Destinations
missing episode match metadata,0,F:\MediaStack\data\media\tv\DuckTales (2017)\Season 03\DuckTales (2017) - S03E11 - The Forbidden Fountain of the Foreverglades!.mkv,,,episode,imdb://tt12884598,,unmatched,DuckTales (2017) – Season 3 – The Forbidden Fountain of the Foreverglades!
missing episode match metadata,0,F:\MediaStack\data\media\tv\DuckTales (2017)\Season 03\DuckTales (2017) - S03E12 - Let's Get Dangerous!.mkv,,,episode,imdb://tt12884608,,unmatched,DuckTales (2017) – Season 3 – Let's Get Dangerous!
missing episode match metadata,0,F:\MediaStack\data\media\tv\DuckTales (2017)\Season 03\DuckTales (2017) - S03E13 - Escape from the ImpossiBin!.mkv,,,episode,imdb://tt12884612,,unmatched,DuckTales (2017) – Season 3 – Escape from the ImpossiBin!
missing episode match metadata,0,F:\MediaStack\data\media\tv\DuckTales (2017)\Season 03\DuckTales (2017) - S03E14 - The Split Sword of Swanstantine!.mkv,,,episode,imdb://tt13248064,,unmatched,DuckTales (2017) – Season 3 – The Split Sword of Swanstantine!
missing episode match metadata,0,F:\MediaStack\data\media\tv\DuckTales (2017)\Season 03\DuckTales (2017) - S03E15 - New Gods on the Block!.mkv,,,episode,imdb://tt13248180,,unmatched,DuckTales (2017) – Season 3 – New Gods on the Block!
missing episode match metadata,0,F:\MediaStack\data\media\tv\DuckTales (2017)\Season 03\DuckTales (2017) - S03E16 - The First Adventure!.mkv,,,episode,imdb://tt13248184,,unmatched,DuckTales (2017) – Season 3 – The First Adventure!
missing episode match metadata,0,F:\MediaStack\data\media\tv\DuckTales (2017)\Season 03\DuckTales (2017) - S03E17 - The Fight for Castle McDuck!.mkv,,,episode,imdb://tt13247592,,unmatched,DuckTales (2017) – Season 3 – The Fight for Castle McDuck!
missing episode match metadata,0,F:\MediaStack\data\media\tv\DuckTales (2017)\Season 03\DuckTales (2017) - S03E18 - How Santa Stole Christmas!.mkv,,,episode,imdb://tt13247594,,unmatched,DuckTales (2017) – Season 3 – How Santa Stole Christmas!
missing episode match metadata,0,F:\MediaStack\data\media\tv\DuckTales (2017)\Season 03\DuckTales (2017) - S03E19 - Beaks in the Shell!.mkv,,,episode,imdb://tt13611268,,unmatched,DuckTales (2017) – Season 3 – Beaks in the Shell!
missing episode match metadata,0,F:\MediaStack\data\media\tv\DuckTales (2017)\Season 03\DuckTales (2017) - S03E20 - The Lost Cargo of Kit Cloudkicker!.mkv,,,episode,imdb://tt14037626,,unmatched,DuckTales (2017) – Season 3 – The Lost Cargo of Kit Cloudkicker!
missing episode match metadata,0,F:\MediaStack\data\media\tv\DuckTales (2017)\Season 03\DuckTales (2017) - S03E21 - The Life and Crimes of Scrooge McDuck!.mkv,,,episode,imdb://tt14037628,,unmatched,DuckTales (2017) – Season 3 – The Life And Crimes of Scrooge McDuck!
missing episode match metadata,0,F:\MediaStack\data\media\tv\DuckTales (2017)\Season 03\DuckTales (2017) - S03E22 - The Last Adventure!.mkv,,,episode,imdb://tt14037632,,unmatched,DuckTales (2017) – Season 3 – The Last Adventure!
missing episode match metadata,0,F:\MediaStack\data\media\tv\Foyle's War\Season 01\Foyle's War - S01E01 - The German Woman.mkv,,,episode,imdb://tt0293812,,unmatched,Foyle's War – Season 1 – The German Woman
missing episode match metadata,0,F:\MediaStack\data\media\tv\Foyle's War\Season 01\Foyle's War - S01E02 - The White Feather.mkv,,,episode,imdb://tt0394582,,unmatched,Foyle's War – Season 1 – The White Feather
missing episode match metadata,0,F:\MediaStack\data\media\tv\Foyle's War\Season 01\Foyle's War - S01E03 - A Lesson in Murder.mkv,,,episode,imdb://tt0582079,,unmatched,Foyle's War – Season 1 – A Lesson in Murder
missing episode match metadata,0,F:\MediaStack\data\media\tv\Foyle's War\Season 01\Foyle's War - S01E04 - Eagle Day.mkv,,,episode,imdb://tt0394581,,unmatched,Foyle's War – Season 1 – Eagle Day
missing episode match metadata,0,F:\MediaStack\data\media\tv\Foyle's War\Season 02\Foyle's War - S02E01 - Fifty Ships.mkv,,,episode,imdb://tt0582084,,unmatched,Foyle's War – Season 2 – Fifty Ships
missing episode match metadata,0,F:\MediaStack\data\media\tv\Foyle's War\Season 02\Foyle's War - S02E02 - Among The Few.mkv,,,episode,imdb://tt0582080,,unmatched,Foyle's War – Season 2 – Among the Few
missing episode match metadata,0,F:\MediaStack\data\media\tv\Foyle's War\Season 02\Foyle's War - S02E03 - War Games.mkv,,,episode,imdb://tt0582091,,unmatched,Foyle's War – Season 2 – War Games
missing episode match metadata,0,F:\MediaStack\data\media\tv\Foyle's War\Season 02\Foyle's War - S02E04 - The Funk Hole.mkv,,,episode,imdb://tt0582087,,unmatched,Foyle's War – Season 2 – The Funk Hole
missing episode match metadata,0,F:\MediaStack\data\media\tv\Foyle's War\Season 03\Foyle's War - S03E01 - The French Drop.mkv,,,episode,imdb://tt0582086,,unmatched,Foyle's War – Season 3 – The French Drop
missing episode match metadata,0,F:\MediaStack\data\media\tv\Foyle's War\Season 03\Foyle's War - S03E02 - Enemy Fire.mkv,,,episode,imdb://tt0582083,,unmatched,Foyle's War – Season 3 – Enemy Fire
missing episode match metadata,0,F:\MediaStack\data\media\tv\Foyle's War\Season 03\Foyle's War - S03E03 - They Fought in the Fields.mkv,,,episode,imdb://tt0582090,,unmatched,Foyle's War – Season 3 – They Fought in the Fields
missing episode match metadata,0,F:\MediaStack\data\media\tv\Foyle's War\Season 03\Foyle's War - S03E04 - A War of Nerves.mkv,,,episode,imdb://tt0582092,,unmatched,Foyle's War – Season 3 – A War of Nerves
missing episode match metadata,0,F:\MediaStack\data\media\tv\Foyle's War\Season 04\Foyle's War - S04E01 - Invasion.mkv,,,episode,imdb://tt0582085,,unmatched,Foyle's War – Season 4 – Invasion
missing episode match metadata,0,F:\MediaStack\data\media\tv\Foyle's War\Season 04\Foyle's War - S04E02 - Bad Blood.mkv,,,episode,imdb://tt0582081,,unmatched,Foyle's War – Season 4 – Bad Blood
missing episode match metadata,0,F:\MediaStack\data\media\tv\DuckTales (2017)\Season 02\DuckTales (2017) - S02E08 - Treasure of the Found Lamp!.mkv,,,episode,imdb://tt9777480,,unmatched,DuckTales (2017) – Season 2 – Treasure of the Found Lamp!
missing episode match metadata,0,F:\MediaStack\data\media\tv\DuckTales (2017)\Season 02\DuckTales (2017) - S02E09 - The Outlaw Scrooge McDuck!.mkv,,,episode,imdb://tt10248368,,unmatched,DuckTales (2017) – Season 2 – The Outlaw Scrooge McDuck!
missing episode match metadata,0,F:\MediaStack\data\media\tv\DuckTales (2017)\Season 02\DuckTales (2017) - S02E10 - The 87 Cent Solution!.mkv,,,episode,imdb://tt9777488,,unmatched,DuckTales (2017) – Season 2 – The 87 Cent Solution!
missing episode match metadata,0,F:\MediaStack\data\media\tv\DuckTales (2017)\Season 02\DuckTales (2017) - S02E11 - The Golden Spear!.mkv,,,episode,imdb://tt10231422,,unmatched,DuckTales (2017) – Season 2 – The Golden Spear!
missing episode match metadata,0,F:\MediaStack\data\media\tv\DuckTales (2017)\Season 02\DuckTales (2017) - S02E12 - Nothing Can Stop Della Duck!.mkv,,,episode,imdb://tt10231434,,unmatched,DuckTales (2017) – Season 2 – Nothing Can Stop Della Duck!
missing episode match metadata,0,F:\MediaStack\data\media\tv\DuckTales (2017)\Season 02\DuckTales (2017) - S02E13 - Raiders of the Doomsday Vault!.mkv,,,episode,imdb://tt10231436,,unmatched,DuckTales (2017) – Season 2 – Raiders of the Doomsday Vault!
missing episode match metadata,0,F:\MediaStack\data\media\tv\DuckTales (2017)\Season 02\DuckTales (2017) - S02E14 - Friendship Hates Magic!.mkv,,,episode,imdb://tt9777492,,unmatched,DuckTales (2017) – Season 2 – Friendship Hates Magic!
missing episode match metadata,0,F:\MediaStack\data\media\tv\DuckTales (2017)\Season 02\DuckTales (2017) - S02E15 - The Dangerous Chemistry of Gandra Dee!.mkv,,,episode,imdb://tt10155902,,unmatched,DuckTales (2017) – Season 2 – The Dangerous Chemistry of Gandra Dee!
missing episode match metadata,0,F:\MediaStack\data\media\tv\DuckTales (2017)\Season 02\DuckTales (2017) - S02E16 - The Duck Knight Returns!.mkv,,,episode,imdb://tt10322804,,unmatched,DuckTales (2017) – Season 2 – The Duck Knight Returns!
missing episode match metadata,0,F:\MediaStack\data\media\tv\DuckTales (2017)\Season 02\DuckTales (2017) - S02E17 - What Ever Happened to Donald Duck!!.mkv,,,episode,imdb://tt10467984,,unmatched,DuckTales (2017) – Season 2 – What Ever Happened to Donald Duck?!
missing episode match metadata,0,"F:\MediaStack\data\media\tv\DuckTales (2017)\Season 02\DuckTales (2017) - S02E18 - Happy Birthday, Doofus Drake!.mkv",,,episode,imdb://tt10467978,,unmatched,"DuckTales (2017) – Season 2 – Happy Birthday, Doofus Drake!"
missing episode match metadata,0,F:\MediaStack\data\media\tv\DuckTales (2017)\Season 02\DuckTales (2017) - S02E19 - A Nightmare on Killmotor Hill!.mkv,,,episode,imdb://tt10381660,,unmatched,DuckTales (2017) – Season 2 – A Nightmare on Killmotor Hill!
missing episode match metadata,0,F:\MediaStack\data\media\tv\DuckTales (2017)\Season 02\DuckTales (2017) - S02E20 - The Golden Armory of Cornelius Coot!.mkv,,,episode,imdb://tt10384902,,unmatched,DuckTales (2017) – Season 2 – The Golden Armory of Cornelius Coot!
missing episode match metadata,0,F:\MediaStack\data\media\tv\DuckTales (2017)\Season 02\DuckTales (2017) - S02E21 - Timephoon!.mkv,,,episode,imdb://tt10782920,,unmatched,DuckTales (2017) – Season 2 – Timephoon!
missing episode match metadata,0,F:\MediaStack\data\media\tv\DuckTales (2017)\Season 02\DuckTales (2017) - S02E22 - GlomTales!.mkv,,,episode,imdb://tt10782922,,unmatched,DuckTales (2017) – Season 2 – GlomTales!
missing episode match metadata,0,F:\MediaStack\data\media\tv\DuckTales (2017)\Season 02\DuckTales (2017) - S02E23 - The Richest Duck in the World!.mkv,,,episode,imdb://tt10782926,,unmatched,DuckTales (2017) – Season 2 – The Richest Duck in the World!
missing episode match metadata,0,F:\MediaStack\data\media\tv\DuckTales (2017)\Season 02\DuckTales (2017) - S02E24 - Moonvasion!.mkv,,,episode,imdb://tt10468006,,unmatched,DuckTales (2017) – Season 2 – Moonvasion!
missing episode match metadata,0,F:\MediaStack\data\media\tv\DuckTales (2017)\Season 03\DuckTales (2017) - S03E01 - Challenge of the Senior Junior Woodchucks!.mkv,,,episode,imdb://tt10334208,,unmatched,DuckTales (2017) – Season 3 – Challenge of the Senior Junior Woodchucks!
missing episode match metadata,0,F:\MediaStack\data\media\tv\DuckTales (2017)\Season 03\DuckTales (2017) - S03E02 - Quack Pack!.mkv,,,episode,imdb://tt1119405,,unmatched,DuckTales (2017) – Season 3 – Quack Pack!
missing episode match metadata,0,F:\MediaStack\data\media\tv\DuckTales (2017)\Season 03\DuckTales (2017) - S03E03 - Double-O-Duck in You Only Crash Twice!.mkv,,,episode,imdb://tt1231655,,unmatched,DuckTales (2017) – Season 3 – Double-O-Duck in You Only Crash Twice!
missing episode match metadata,0,F:\MediaStack\data\media\tv\DuckTales (2017)\Season 03\DuckTales (2017) - S03E04 - The Lost Harp of Mervana!.mkv,,,episode,imdb://tt11973534,,unmatched,DuckTales (2017) – Season 3 – The Lost Harp of Mervana!
missing episode match metadata,0,F:\MediaStack\data\media\tv\DuckTales (2017)\Season 03\DuckTales (2017) - S03E05 - Louie's Eleven!.mkv,,,episode,imdb://tt11973536,,unmatched,DuckTales (2017) – Season 3 – Louie's Eleven!
missing episode match metadata,0,F:\MediaStack\data\media\tv\DuckTales (2017)\Season 03\DuckTales (2017) - S03E06 - Astro B.O.Y.D.!.mkv,,,episode,imdb://tt11973540,,unmatched,DuckTales (2017) – Season 3 – Astro B.O.Y.D.!
missing episode match metadata,0,F:\MediaStack\data\media\tv\DuckTales (2017)\Season 03\DuckTales (2017) - S03E07 - The Rumble for Ragnarok!.mkv,,,episode,imdb://tt11973546,,unmatched,DuckTales (2017) – Season 3 – The Rumble for Ragnarok!
missing episode match metadata,0,F:\MediaStack\data\media\tv\DuckTales (2017)\Season 03\DuckTales (2017) - S03E08 - The Phantom and the Sorceress!.mkv,,,episode,imdb://tt12838846,,unmatched,DuckTales (2017) – Season 3 – The Phantom and the Sorceress
missing episode match metadata,0,F:\MediaStack\data\media\tv\DuckTales (2017)\Season 03\DuckTales (2017) - S03E09 - They Put a Moonlander on the Earth!.mkv,,,episode,imdb://tt12856770,,unmatched,DuckTales (2017) – Season 3 – They Put a Moonlander on the Earth!
missing episode match metadata,0,F:\MediaStack\data\media\tv\DuckTales (2017)\Season 03\DuckTales (2017) - S03E10 - The Trickening!.mkv,,,episode,imdb://tt12884594,,unmatched,DuckTales (2017) – Season 3 – The Trickening!
missing episode match metadata,0,F:\MediaStack\data\media\tv\DuckTales (2017)\Season 01\DuckTales (2017) - S01E07 - The Infernal Internship of Mark Beaks!.mkv,,,episode,imdb://tt7363810,,unmatched,DuckTales (2017) – Season 1 – The Infernal Internship of Mark Beaks!
missing episode match metadata,0,F:\MediaStack\data\media\tv\DuckTales (2017)\Season 01\DuckTales (2017) - S01E08 - The Living Mummies of Toth-Ra!.mkv,,,episode,imdb://tt7441310,,unmatched,DuckTales (2017) – Season 1 – The Living Mummies of Toth-Ra!
missing episode match metadata,0,F:\MediaStack\data\media\tv\DuckTales (2017)\Season 01\DuckTales (2017) - S01E09 - The Impossible Summit of Mt. Neverrest!.mkv,,,episode,imdb://tt7441872,,unmatched,DuckTales (2017) – Season 1 – The Impossible Summit of Mt. Neverrest
missing episode match metadata,0,F:\MediaStack\data\media\tv\DuckTales (2017)\Season 01\DuckTales (2017) - S01E10 - The Spear of Selene!.mkv,,,episode,imdb://tt8217578,,unmatched,DuckTales (2017) – Season 1 – The Spear of Selene!
missing episode match metadata,0,F:\MediaStack\data\media\tv\DuckTales (2017)\Season 01\DuckTales (2017) - S01E11 - Beware the B.U.D.D.Y. System!.mkv,,,episode,imdb://tt8228740,,unmatched,DuckTales (2017) – Season 1 – Beware the B.U.D.D.Y. System!
missing episode match metadata,0,F:\MediaStack\data\media\tv\DuckTales (2017)\Season 01\DuckTales (2017) - S01E12 - The Missing Links of Moorshire!.mkv,,,episode,imdb://tt8207012,,unmatched,DuckTales (2017) – Season 1 – The Missing Links of Moorshire!
missing episode match metadata,0,F:\MediaStack\data\media\tv\DuckTales (2017)\Season 01\DuckTales (2017) - S01E13 - McMystery at McDuck McManor!.mkv,,,episode,imdb://tt8209772,,unmatched,DuckTales (2017) – Season 1 – McMystery at McDuck McManor!
missing episode match metadata,0,F:\MediaStack\data\media\tv\DuckTales (2017)\Season 01\DuckTales (2017) - S01E14 - Jaw$!.mkv,,,episode,imdb://tt8373292,,unmatched,DuckTales (2017) – Season 1 – JAW$!
missing episode match metadata,0,F:\MediaStack\data\media\tv\DuckTales (2017)\Season 01\DuckTales (2017) - S01E15 - The Golden Lagoon of White Agony Plains!.mkv,,,episode,imdb://tt8373294,,unmatched,DuckTales (2017) – Season 1 – The Golden Lagoon of White Agony Plains!
missing episode match metadata,0,F:\MediaStack\data\media\tv\DuckTales (2017)\Season 01\DuckTales (2017) - S01E16 - Day of the Only Child!.mkv,,,episode,imdb://tt8373290,,unmatched,DuckTales (2017) – Season 1 – Day of the Only Child!
missing episode match metadata,0,F:\MediaStack\data\media\tv\DuckTales (2017)\Season 01\DuckTales (2017) - S01E17 - From the Confidential Case Files of Agent 22!.mkv,,,episode,imdb://tt8373296,,unmatched,DuckTales (2017) – Season 1 – From the Confidential Casefiles of Agent 22!
missing episode match metadata,0,F:\MediaStack\data\media\tv\DuckTales (2017)\Season 01\DuckTales (2017) - S01E18 - Who is Gizmoduck!!.mkv,,,episode,imdb://tt8373304,,unmatched,DuckTales (2017) – Season 1 – Who is Gizmoduck?!
missing episode match metadata,0,F:\MediaStack\data\media\tv\DuckTales (2017)\Season 01\DuckTales (2017) - S01E19 - The Other Bin of Scrooge McDuck!.mkv,,,episode,imdb://tt8373300,,unmatched,DuckTales (2017) – Season 1 – The Other Bin of Scrooge McDuck!
missing episode match metadata,0,F:\MediaStack\data\media\tv\DuckTales (2017)\Season 01\DuckTales (2017) - S01E20 - Sky Pirates…In the Sky!.mkv,,,episode,imdb://tt8373298,,unmatched,DuckTales (2017) – Season 1 – Sky Pirates...In the Sky!
missing episode match metadata,0,F:\MediaStack\data\media\tv\DuckTales (2017)\Season 01\DuckTales (2017) - S01E21 - The Secret(s) of Castle McDuck!.mkv,,,episode,imdb://tt8373306,,unmatched,DuckTales (2017) – Season 1 – The Secret(s) of Castle McDuck!
missing episode match metadata,0,F:\MediaStack\data\media\tv\DuckTales (2017)\Season 01\DuckTales (2017) - S01E22 - The Last Crash of the Sunchaser!.mkv,,,episode,imdb://tt8373310,,unmatched,DuckTales (2017) – Season 1 – The Last Crash of the Sunchaser!
missing episode match metadata,0,F:\MediaStack\data\media\tv\DuckTales (2017)\Season 01\DuckTales (2017) - S01E23 - The Shadow War!.mkv,,,episode,imdb://tt8373324,,unmatched,DuckTales (2017) – Season 1 – The Shadow War
missing episode match metadata,0,F:\MediaStack\data\media\tv\DuckTales (2017)\Season 02\DuckTales (2017) - S02E01 - The Most Dangerous Game…Night!.mkv,,,episode,imdb://tt7391478,,unmatched,DuckTales (2017) – Season 2 – The Most Dangerous Game...Night!
missing episode match metadata,0,F:\MediaStack\data\media\tv\DuckTales (2017)\Season 02\DuckTales (2017) - S02E02 - The Depths of Cousin Fethry!.mkv,,,episode,imdb://tt9038454,,unmatched,DuckTales (2017) – Season 2 – The Depths of Cousin Fethry!
missing episode match metadata,0,F:\MediaStack\data\media\tv\DuckTales (2017)\Season 02\DuckTales (2017) - S02E03 - The Ballad of Duke Baloney!.mkv,,,episode,imdb://tt9125700,,unmatched,DuckTales (2017) – Season 2 – The Ballad of Duke Baloney!
missing episode match metadata,0,F:\MediaStack\data\media\tv\DuckTales (2017)\Season 02\DuckTales (2017) - S02E04 - The Town Where Everyone Was Nice!.mkv,,,episode,imdb://tt9119810,,unmatched,DuckTales (2017) – Season 2 – The Town Where Everyone Was Nice!
missing episode match metadata,0,F:\MediaStack\data\media\tv\DuckTales (2017)\Season 02\DuckTales (2017) - S02E05 - Storkules in Duckburg!.mkv,,,episode,imdb://tt9125702,,unmatched,DuckTales (2017) – Season 2 – Storkules in Duckburg!
missing episode match metadata,0,F:\MediaStack\data\media\tv\DuckTales (2017)\Season 02\DuckTales (2017) - S02E06 - Last Christmas!.mkv,,,episode,imdb://tt9220132,,unmatched,DuckTales (2017) – Season 2 – Last Christmas!
missing episode match metadata,0,F:\MediaStack\data\media\tv\DuckTales (2017)\Season 02\DuckTales (2017) - S02E07 - What Ever Happened to Della Duck!!.mkv,,,episode,imdb://tt9313942,,unmatched,DuckTales (2017) – Season 2 – What Ever Happened to Della Duck?!
missing episode match metadata,0,F:\MediaStack\data\media\tv\DuckTales\Season 03\DuckTales - S03E04 - The Good Muddahs.mp4,,,episode,imdb://tt0566952,,unmatched,DuckTales – Season 3 – The Good Muddahs
missing episode match metadata,0,F:\MediaStack\data\media\tv\DuckTales\Season 03\DuckTales - S03E05 - My Mother the Psychic.mp4,,,episode,imdb://tt1052588,,unmatched,DuckTales – Season 3 – My Mother the Psychic
missing episode match metadata,0,F:\MediaStack\data\media\tv\DuckTales\Season 03\DuckTales - S03E06 - Metal Attraction.mp4,,,episode,imdb://tt1052585,,unmatched,DuckTales – Season 3 – Metal Attraction
missing episode match metadata,0,F:\MediaStack\data\media\tv\DuckTales\Season 03\DuckTales - S03E07 - Dough Ray Me.mp4,,,episode,imdb://tt1052571,,unmatched,DuckTales – Season 3 – Dough Ray Me
missing episode match metadata,0,F:\MediaStack\data\media\tv\DuckTales\Season 03\DuckTales - S03E08 - Bubba's Big Brainstorm.mp4,,,episode,imdb://tt1052564,,unmatched,DuckTales – Season 3 – Bubba's Big Brainstorm
missing episode match metadata,0,F:\MediaStack\data\media\tv\DuckTales\Season 03\DuckTales - S03E09 - The Big Flub.mp4,,,episode,imdb://tt1052596,,unmatched,DuckTales – Season 3 – The Big Flub
missing episode match metadata,0,F:\MediaStack\data\media\tv\DuckTales\Season 03\DuckTales - S03E10 - A Case of Mistaken Secret Identity.mp4,,,episode,imdb://tt1052554,,unmatched,DuckTales – Season 3 – A Case of Mistaken Secret Identity
missing episode match metadata,0,F:\MediaStack\data\media\tv\DuckTales\Season 03\DuckTales - S03E11 - Blue Collar Scrooge.mp4,,,episode,imdb://tt1052563,,unmatched,DuckTales – Season 3 – Blue Collar Scrooge
missing episode match metadata,0,F:\MediaStack\data\media\tv\DuckTales\Season 03\DuckTales - S03E12 - Beaglemania.mp4,,,episode,imdb://tt1052562,,unmatched,DuckTales – Season 3 – Beaglemania
missing episode match metadata,0,F:\MediaStack\data\media\tv\DuckTales\Season 03\DuckTales - S03E13 - Yuppy Ducks.mp4,,,episode,imdb://tt1052616,,unmatched,DuckTales – Season 3 – Yuppy Ducks
missing episode match metadata,0,F:\MediaStack\data\media\tv\DuckTales\Season 03\DuckTales - S03E14 - The Bride Wore Stripes.mp4,,,episode,imdb://tt1052598,,unmatched,DuckTales – Season 3 – The Bride Wore Stripes
missing episode match metadata,0,F:\MediaStack\data\media\tv\DuckTales\Season 03\DuckTales - S03E15 - The Unbreakable Bin.mp4,,,episode,imdb://tt1052608,,unmatched,DuckTales – Season 3 – The Unbreakable Bin
missing episode match metadata,0,F:\MediaStack\data\media\tv\DuckTales\Season 03\DuckTales - S03E16 - Attack of the Fifty-Foot Webby.mp4,,,episode,imdb://tt1052558,,unmatched,DuckTales – Season 3 – Attack of the Fifty-Foot Webby
missing episode match metadata,0,F:\MediaStack\data\media\tv\DuckTales\Season 03\DuckTales - S03E17 - The Masked Mallard.mp4,,,episode,imdb://tt1052604,,unmatched,DuckTales – Season 3 – The Masked Mallard
missing episode match metadata,0,F:\MediaStack\data\media\tv\DuckTales\Season 03\DuckTales - S03E18 - A DuckTales Valentine (Amour or Less).mp4,,,episode,imdb://tt1052555,,unmatched,DuckTales – Season 3 – A DuckTales Valentine (Amour or Less)
missing episode match metadata,0,F:\MediaStack\data\media\tv\DuckTales\Season 04\DuckTales - S04E01 - Ducky Mountain High.mp4,,,episode,imdb://tt1052575,,unmatched,DuckTales – Season 4 – Ducky Mountain High
missing episode match metadata,0,F:\MediaStack\data\media\tv\DuckTales\Season 04\DuckTales - S04E02 - Attack of the Metal Mites.mp4,,,episode,imdb://tt1052559,,unmatched,DuckTales – Season 4 – Attack of the Metal Mites
missing episode match metadata,0,F:\MediaStack\data\media\tv\DuckTales\Season 04\DuckTales - S04E03 - The Duck Who Knew Too Much.mp4,,,episode,imdb://tt1052600,,unmatched,DuckTales – Season 4 – The Duck Who Knew Too Much
missing episode match metadata,0,F:\MediaStack\data\media\tv\DuckTales\Season 04\DuckTales - S04E04 - New Gizmo-Kids on the Block.mp4,,,episode,imdb://tt1052589,,unmatched,DuckTales – Season 4 – New Gizmo-Kids on the Block
missing episode match metadata,0,F:\MediaStack\data\media\tv\DuckTales\Season 04\DuckTales - S04E05 - Scrooge's Last Adventure.mp4,,,episode,imdb://tt1052592,,unmatched,DuckTales – Season 4 – Scrooge's Last Adventure
missing episode match metadata,0,F:\MediaStack\data\media\tv\DuckTales\Season 04\DuckTales - S04E06 - The Golden Goose (1).mp4,,,episode,imdb://tt1052602,,unmatched,DuckTales – Season 4 – The Golden Goose (1)
missing episode match metadata,0,F:\MediaStack\data\media\tv\DuckTales\Season 04\DuckTales - S04E07 - The Golden Goose (2).mp4,,,episode,imdb://tt1108183,,unmatched,DuckTales – Season 4 – The Golden Goose (2)
missing episode match metadata,0,F:\MediaStack\data\media\tv\DuckTales (2017)\Season 01\DuckTales (2017) - S01E01 - Woo-oo!.mkv,,,episode,imdb://tt6341020,,unmatched,DuckTales (2017) – Season 1 – Woo-oo!
missing episode match metadata,0,F:\MediaStack\data\media\tv\DuckTales (2017)\Season 01\DuckTales (2017) - S01E02 - Daytrip of Doom!.mkv,,,episode,imdb://tt7238546,,unmatched,DuckTales (2017) – Season 1 – Daytrip of Doom!
missing episode match metadata,0,F:\MediaStack\data\media\tv\DuckTales (2017)\Season 01\DuckTales (2017) - S01E03 - The Great Dime Chase!.mkv,,,episode,imdb://tt7150820,,unmatched,DuckTales (2017) – Season 1 – The Great Dime Chase!
missing episode match metadata,0,F:\MediaStack\data\media\tv\DuckTales (2017)\Season 01\DuckTales (2017) - S01E04 - The Beagle Birthday Massacre!.mkv,,,episode,imdb://tt7028066,,unmatched,DuckTales (2017) – Season 1 – The Beagle Birthday Massacre!
missing episode match metadata,0,F:\MediaStack\data\media\tv\DuckTales (2017)\Season 01\DuckTales (2017) - S01E05 - Terror of the Terra-Firmians!.mkv,,,episode,imdb://tt7363804,,unmatched,DuckTales (2017) – Season 1 – Terror of the Terra-Firmians!
missing episode match metadata,0,F:\MediaStack\data\media\tv\DuckTales (2017)\Season 01\DuckTales (2017) - S01E06 - The House of the Lucky Gander!.mkv,,,episode,imdb://tt7383182,,unmatched,DuckTales (2017) – Season 1 – The House of the Lucky Gander!
missing episode match metadata,0,F:\MediaStack\data\media\tv\DuckTales\Season 01\DuckTales - S01E55 - Dime Enough for Luck.mp4,,,episode,imdb://tt1052581,,unmatched,DuckTales – Season 1 – Launchpad's First Crash
missing episode match metadata,0,F:\MediaStack\data\media\tv\DuckTales\Season 01\DuckTales - S01E56 - Duck in the Iron Mask.mp4,,,episode,imdb://tt1052569,,unmatched,DuckTales – Season 1 – Dime Enough For Luck
missing episode match metadata,0,F:\MediaStack\data\media\tv\DuckTales\Season 01\DuckTales - S01E57 - The Uncrashable Hindentanic.mp4,,,episode,imdb://tt1008181,,unmatched,DuckTales – Season 1 – Duck in the Iron Mask
missing episode match metadata,0,F:\MediaStack\data\media\tv\DuckTales\Season 01\DuckTales - S01E58 - The Status Seekers.mp4,,,episode,imdb://tt0948896,,unmatched,DuckTales – Season 1 – The Uncrashable Hindentanic
missing episode match metadata,0,F:\MediaStack\data\media\tv\DuckTales\Season 01\DuckTales - S01E59 - Nothing to Fear.mp4,,,episode,imdb://tt1052607,,unmatched,DuckTales – Season 1 – The Status Seekers
missing episode match metadata,0,F:\MediaStack\data\media\tv\DuckTales\Season 01\DuckTales - S01E60 - Dr. Jekyll & Mr. McDuck.mp4,,,episode,imdb://tt0566947,,unmatched,DuckTales – Season 1 – Nothing to Fear
missing episode match metadata,0,F:\MediaStack\data\media\tv\DuckTales\Season 01\DuckTales - S01E61 - Once Upon a Dime.mp4,,,episode,imdb://tt0845182,,unmatched,DuckTales – Season 1 – Dr. Jekyll & Mr. McDuck
missing episode match metadata,0,F:\MediaStack\data\media\tv\DuckTales\Season 01\DuckTales - S01E62 - Spies in Their Eyes.mp4,,,episode,imdb://tt1052590,,unmatched,DuckTales – Season 1 – Once Upon a Dime
missing episode match metadata,0,F:\MediaStack\data\media\tv\DuckTales\Season 01\DuckTales - S01E63 - All Ducks on Deck.mp4,,,episode,imdb://tt0566951,,unmatched,DuckTales – Season 1 – Spies In Their Eyes
missing episode match metadata,0,F:\MediaStack\data\media\tv\DuckTales\Season 01\DuckTales - S01E64 - Ducky Horror Picture Show.mp4,,,episode,imdb://tt1052556,,unmatched,DuckTales – Season 1 – All Ducks On Deck
missing episode match metadata,0,F:\MediaStack\data\media\tv\DuckTales\Season 01\DuckTales - S01E65 - Till Nephews Do Us Part.mp4,,,episode,imdb://tt1052574,,unmatched,DuckTales – Season 1 – Ducky Horror Picture Show
missing episode match metadata,0,F:\MediaStack\data\media\tv\DuckTales\Season 02\DuckTales - S02E01 - Time is Money (1) - Marking Time.mp4,,,episode,imdb://tt0394457,,unmatched,DuckTales – Season 2 – Marking Time (1)
missing episode match metadata,0,F:\MediaStack\data\media\tv\DuckTales\Season 02\DuckTales - S02E02 - Time is Money (2) - The Duck Who Would Be King.mp4,,,episode,imdb://tt1052610,,unmatched,DuckTales – Season 2 – The Duck Who Would Be King (2)
missing episode match metadata,0,F:\MediaStack\data\media\tv\DuckTales\Season 02\DuckTales - S02E03 - Time is Money (3) - Bubba Trubba.mp4,,,episode,imdb://tt1052611,,unmatched,DuckTales – Season 2 – Bubba Trubba (3)
missing episode match metadata,0,F:\MediaStack\data\media\tv\DuckTales\Season 02\DuckTales - S02E04 - Time is Money (4) - Ducks on the Lam.mp4,,,episode,imdb://tt1052612,,unmatched,DuckTales – Season 2 – Ducks on the Lam (4)
missing episode match metadata,0,F:\MediaStack\data\media\tv\DuckTales\Season 02\DuckTales - S02E05 - Time is Money (5) - Ali Bubba's Cave.mp4,,,episode,imdb://tt1052613,,unmatched,DuckTales – Season 2 – Ali Bubba's Cave (5)
missing episode match metadata,0,F:\MediaStack\data\media\tv\DuckTales\Season 02\DuckTales - S02E06 - Super Ducktales (1) - Liquid Assets.mp4,,,episode,imdb://tt1052582,,unmatched,DuckTales – Season 2 – Liquid Assets (1)
missing episode match metadata,0,F:\MediaStack\data\media\tv\DuckTales\Season 02\DuckTales - S02E07 - Super Ducktales (2) - Frozen Assets.mp4,,,episode,imdb://tt1052577,,unmatched,DuckTales – Season 2 – Frozen Assets (2)
missing episode match metadata,0,F:\MediaStack\data\media\tv\DuckTales\Season 02\DuckTales - S02E08 - Super Ducktales (3) - Full Metal Duck.mp4,,,episode,imdb://tt1052578,,unmatched,DuckTales – Season 2 – Full Metal Duck (3)
missing episode match metadata,0,F:\MediaStack\data\media\tv\DuckTales\Season 02\DuckTales - S02E09 - Super Ducktales (4) - The Billionaire Beagle Boys Club.mp4,,,episode,imdb://tt1052597,,unmatched,DuckTales – Season 2 – The Billionaire Beagle Boys Club (4)
missing episode match metadata,0,F:\MediaStack\data\media\tv\DuckTales\Season 02\DuckTales - S02E10 - Super Ducktales (5) - Money to Burn.mp4,,,episode,imdb://tt1052587,,unmatched,DuckTales – Season 2 – Money to Burn (5)
missing episode match metadata,0,F:\MediaStack\data\media\tv\DuckTales\Season 03\DuckTales - S03E01 - The Land of Trala La.mp4,,,episode,imdb://tt1052603,,unmatched,DuckTales – Season 3 – The Land of Trala La
missing episode match metadata,0,F:\MediaStack\data\media\tv\DuckTales\Season 03\DuckTales - S03E02 - Allowance Day.mp4,,,episode,imdb://tt1052557,,unmatched,DuckTales – Season 3 – Allowance Day
missing episode match metadata,0,F:\MediaStack\data\media\tv\DuckTales\Season 03\DuckTales - S03E03 - Bubbeo & Juliet.mp4,,,episode,imdb://tt1052565,,unmatched,DuckTales – Season 3 – Bubbeo & Juliet
missing episode match metadata,0,F:\MediaStack\data\media\tv\DuckTales\Season 01\DuckTales - S01E31 - Bermuda Triangle Tangle.mp4,,,episode,imdb://tt0566936,,unmatched,DuckTales – Season 1 – Bermuda Triangle Tangle
missing episode match metadata,0,F:\MediaStack\data\media\tv\DuckTales\Season 01\DuckTales - S01E32 - Micro Ducks from Outer Space.mp4,,,episode,imdb://tt1052586,,unmatched,DuckTales – Season 1 – Micro Ducks from Outer Space
missing episode match metadata,0,F:\MediaStack\data\media\tv\DuckTales\Season 01\DuckTales - S01E33 - Back to the Klondike.mp4,,,episode,imdb://tt1052561,,unmatched,DuckTales – Season 1 – Back to the Klondike
missing episode match metadata,0,F:\MediaStack\data\media\tv\DuckTales\Season 01\DuckTales - S01E34 - Horse Scents.mp4,,,episode,imdb://tt0566942,,unmatched,DuckTales – Season 1 – Horse Scents
missing episode match metadata,0,F:\MediaStack\data\media\tv\DuckTales\Season 01\DuckTales - S01E35 - Scrooge's Pet.mp4,,,episode,imdb://tt0566948,,unmatched,DuckTales – Season 1 – Scrooge's Pet
missing episode match metadata,0,F:\MediaStack\data\media\tv\DuckTales\Season 01\DuckTales - S01E36 - Catch as Cash Can (1) - A Drain on the Economy.mp4,,,episode,imdb://tt0948893,,unmatched,DuckTales – Season 1 – A Drain on the Economy (1)
missing episode match metadata,0,F:\MediaStack\data\media\tv\DuckTales\Season 01\DuckTales - S01E37 - Catch as Cash Can (2) - A Whale of a Bad Time.mp4,,,episode,imdb://tt1052566,,unmatched,DuckTales – Season 1 – A Whale of a Bad Time (2)
missing episode match metadata,0,F:\MediaStack\data\media\tv\DuckTales\Season 01\DuckTales - S01E38 - Catch as Cash Can (3) - Aqua Ducks.mp4,,,episode,imdb://tt1052567,,unmatched,DuckTales – Season 1 – Aqua Ducks (3)
missing episode match metadata,0,F:\MediaStack\data\media\tv\DuckTales\Season 01\DuckTales - S01E39 - Catch as Cash Can (4) - Working for Scales.mp4,,,episode,imdb://tt1052568,,unmatched,DuckTales – Season 1 – Working for Scales (4)
missing episode match metadata,0,F:\MediaStack\data\media\tv\DuckTales\Season 01\DuckTales - S01E40 - Merit-Time Adventure.mp4,,,episode,imdb://tt0566946,,unmatched,DuckTales – Season 1 – Merit-Time Adventure
missing episode match metadata,0,F:\MediaStack\data\media\tv\DuckTales\Season 01\DuckTales - S01E41 - The Golden Fleecing.mp4,,,episode,imdb://tt1052601,,unmatched,DuckTales – Season 1 – The Golden Fleecing
missing episode match metadata,0,F:\MediaStack\data\media\tv\DuckTales\Season 01\DuckTales - S01E42 - Ducks of the West.mp4,,,episode,imdb://tt1052573,,unmatched,DuckTales – Season 1 – Ducks of the West
missing episode match metadata,0,F:\MediaStack\data\media\tv\DuckTales\Season 01\DuckTales - S01E43 - Time Teasers.mp4,,,episode,imdb://tt1052614,,unmatched,DuckTales – Season 1 – Time Teasers
missing episode match metadata,0,F:\MediaStack\data\media\tv\DuckTales\Season 01\DuckTales - S01E44 - Back Out in the Outback.mp4,,,episode,imdb://tt1052560,,unmatched,DuckTales – Season 1 – Back Out in the Outback
missing episode match metadata,0,F:\MediaStack\data\media\tv\DuckTales\Season 01\DuckTales - S01E45 - Raiders of the Lost Harp.mp4,,,episode,imdb://tt1052591,,unmatched,DuckTales – Season 1 – Raiders of the Lost Harp
missing episode match metadata,0,F:\MediaStack\data\media\tv\DuckTales\Season 01\DuckTales - S01E46 - The Right Duck.mp4,,,episode,imdb://tt1052606,,unmatched,DuckTales – Season 1 – The Right Duck
missing episode match metadata,0,F:\MediaStack\data\media\tv\DuckTales\Season 01\DuckTales - S01E47 - Scroogerello.mp4,,,episode,imdb://tt1052593,,unmatched,DuckTales – Season 1 – Scroogerello
missing episode match metadata,0,F:\MediaStack\data\media\tv\DuckTales\Season 01\DuckTales - S01E48 - Double-O-Duck.mp4,,,episode,imdb://tt0566938,,unmatched,DuckTales – Season 1 – Double-O-Duck
missing episode match metadata,0,F:\MediaStack\data\media\tv\DuckTales\Season 01\DuckTales - S01E49 - Luck o' the Ducks.mp4,,,episode,imdb://tt1008179,,unmatched,DuckTales – Season 1 – Luck o' the Ducks
missing episode match metadata,0,F:\MediaStack\data\media\tv\DuckTales\Season 01\DuckTales - S01E50 - Duckworth's Revolt.mp4,,,episode,imdb://tt0566940,,unmatched,DuckTales – Season 1 – Duckworth's Revolt
missing episode match metadata,0,F:\MediaStack\data\media\tv\DuckTales\Season 01\DuckTales - S01E51 - Magica's Magic Mirror + Take Me Out of the Ballgame.mp4,,,episode,tmdb://3762226,,unmatched,DuckTales – Season 1 – Magica's Magic Mirror
missing episode match metadata,0,F:\MediaStack\data\media\tv\DuckTales\Season 01\DuckTales - S01E52 - Duck to the Future.mp4,,,episode,imdb://tt1052583,,unmatched,DuckTales – Season 1 – Take Me Out of the Ballgame
missing episode match metadata,0,F:\MediaStack\data\media\tv\DuckTales\Season 01\DuckTales - S01E53 - Jungle Duck.mp4,,,episode,imdb://tt0566939,,unmatched,DuckTales – Season 1 – Duck to the Future
missing episode match metadata,0,F:\MediaStack\data\media\tv\DuckTales\Season 01\DuckTales - S01E54 - Launchpad's First Crash.mp4,,,episode,imdb://tt1052580,,unmatched,DuckTales – Season 1 – Jungle Duck
missing episode match metadata,0,F:\MediaStack\data\media\tv\DuckTales\Season 01\DuckTales - S01E06 - Send in the Clones.mp4,,,episode,imdb://tt0940026,,unmatched,DuckTales – Season 1 – Send in the Clones
missing episode match metadata,0,F:\MediaStack\data\media\tv\DuckTales\Season 01\DuckTales - S01E07 - Sphinx for the Memories.mp4,,,episode,imdb://tt0566949,,unmatched,DuckTales – Season 1 – Sphinx for the Memories
missing episode match metadata,0,F:\MediaStack\data\media\tv\DuckTales\Season 01\DuckTales - S01E08 - Where No Duck Has Gone Before.mp4,,,episode,imdb://tt0566953,,unmatched,DuckTales – Season 1 – Where No Duck Has Gone Before
missing episode match metadata,0,F:\MediaStack\data\media\tv\DuckTales\Season 01\DuckTales - S01E09 - Armstrong.mp4,,,episode,imdb://tt0756854,,unmatched,DuckTales – Season 1 – Armstrong
missing episode match metadata,0,F:\MediaStack\data\media\tv\DuckTales\Season 01\DuckTales - S01E10 - Robot Robbers.mp4,,,episode,imdb://tt0941455,,unmatched,DuckTales – Season 1 – Robot Robbers
missing episode match metadata,0,F:\MediaStack\data\media\tv\DuckTales\Season 01\DuckTales - S01E11 - Magica's Shadow War.mp4,,,episode,imdb://tt0941454,,unmatched,DuckTales – Season 1 – Magica's Shadow War
missing episode match metadata,0,F:\MediaStack\data\media\tv\DuckTales\Season 01\DuckTales - S01E12 - Master of the Djinni.mp4,,,episode,imdb://tt0566945,,unmatched,DuckTales – Season 1 – Master of the Djinni
missing episode match metadata,0,F:\MediaStack\data\media\tv\DuckTales\Season 01\DuckTales - S01E13 - Hotel Strangeduck.mp4,,,episode,imdb://tt0566943,,unmatched,DuckTales – Season 1 – Hotel Strangeduck
missing episode match metadata,0,F:\MediaStack\data\media\tv\DuckTales\Season 01\DuckTales - S01E14 - Lost Crown of Genghis Khan.mp4,,,episode,imdb://tt1033804,,unmatched,DuckTales – Season 1 – Lost Crown of Genghis Khan
missing episode match metadata,0,F:\MediaStack\data\media\tv\DuckTales\Season 01\DuckTales - S01E15 - Duckman of Aquatraz.mp4,,,episode,imdb://tt1033803,,unmatched,DuckTales – Season 1 – Duckman of Aquatraz
missing episode match metadata,0,F:\MediaStack\data\media\tv\DuckTales\Season 01\DuckTales - S01E16 - The Money Vanishes.mp4,,,episode,imdb://tt1052605,,unmatched,DuckTales – Season 1 – The Money Vanishes
missing episode match metadata,0,F:\MediaStack\data\media\tv\DuckTales\Season 01\DuckTales - S01E17 - Sir Gyro de Gearloose.mp4,,,episode,imdb://tt1052594,,unmatched,DuckTales – Season 1 – Sir Gyro de Gearloose
missing episode match metadata,0,F:\MediaStack\data\media\tv\DuckTales\Season 01\DuckTales - S01E18 - Dinosaur Ducks.mp4,,,episode,imdb://tt1052570,,unmatched,DuckTales – Season 1 – Dinosaur Ducks
missing episode match metadata,0,F:\MediaStack\data\media\tv\DuckTales\Season 01\DuckTales - S01E19 - Hero for Hire.mp4,,,episode,imdb://tt0566941,,unmatched,DuckTales – Season 1 – Hero for Hire
missing episode match metadata,0,F:\MediaStack\data\media\tv\DuckTales\Season 01\DuckTales - S01E20 - Superdoo!.mp4,,,episode,imdb://tt0948895,,unmatched,DuckTales – Season 1 – Superdoo!
missing episode match metadata,0,F:\MediaStack\data\media\tv\DuckTales\Season 01\DuckTales - S01E21 - Maid of the Myth.mp4,,,episode,imdb://tt1052584,,unmatched,DuckTales – Season 1 – Maid of the Myth
missing episode match metadata,0,F:\MediaStack\data\media\tv\DuckTales\Season 01\DuckTales - S01E22 - Down & Out in Duckburg.mp4,,,episode,imdb://tt1052572,,unmatched,DuckTales – Season 1 – Down & Out in Duckburg
missing episode match metadata,0,F:\MediaStack\data\media\tv\DuckTales\Season 01\DuckTales - S01E23 - Much Ado About Scrooge.mp4,,,episode,imdb://tt1008180,,unmatched,DuckTales – Season 1 – Much Ado About Scrooge
missing episode match metadata,0,F:\MediaStack\data\media\tv\DuckTales\Season 01\DuckTales - S01E24 - Top Duck.mp4,,,episode,imdb://tt0845666,,unmatched,DuckTales – Season 1 – Top Duck
missing episode match metadata,0,F:\MediaStack\data\media\tv\DuckTales\Season 01\DuckTales - S01E25 - Pearl of Wisdom.mp4,,,episode,imdb://tt0948894,,unmatched,DuckTales – Season 1 – Pearl of Wisdom
missing episode match metadata,0,F:\MediaStack\data\media\tv\DuckTales\Season 01\DuckTales - S01E26 - The Curse of Castle McDuck.mp4,,,episode,imdb://tt1052599,,unmatched,DuckTales – Season 1 – The Curse of Castle McDuck
missing episode match metadata,0,F:\MediaStack\data\media\tv\DuckTales\Season 01\DuckTales - S01E27 - Launchpad's Civil War.mp4,,,episode,imdb://tt0566944,,unmatched,DuckTales – Season 1 – Launchpad's Civil War
missing episode match metadata,0,F:\MediaStack\data\media\tv\DuckTales\Season 01\DuckTales - S01E28 - Sweet Duck of Youth.mp4,,,episode,imdb://tt1052595,,unmatched,DuckTales – Season 1 – Sweet Duck of Youth
missing episode match metadata,0,F:\MediaStack\data\media\tv\DuckTales\Season 01\DuckTales - S01E29 - Earth Quack.mp4,,,episode,imdb://tt1052576,,unmatched,DuckTales – Season 1 – Earth Quack
missing episode match metadata,0,F:\MediaStack\data\media\tv\DuckTales\Season 01\DuckTales - S01E30 - Home Sweet Homer.mp4,,,episode,imdb://tt1052579,,unmatched,DuckTales – Season 1 – Home Sweet Homer
missing episode match metadata,0,F:\MediaStack\data\media\tv\DuckTales\Season 01\DuckTales - S01E01 - Treasure of the Golden Suns (1) - Don't Give up the Ship.mp4,,,episode,imdb://tt0756856,,unmatched,DuckTales – Season 1 – Don't Give Up the Ship (1)
missing episode match metadata,0,F:\MediaStack\data\media\tv\DuckTales\Season 01\DuckTales - S01E02 - Treasure of the Golden Suns (2) - Wronguay in Ronguay.mp4,,,episode,imdb://tt1052615,,unmatched,DuckTales – Season 1 – Wronguay in Ronguay (2)
missing episode match metadata,0,F:\MediaStack\data\media\tv\DuckTales\Season 01\DuckTales - S01E03 - Treasure of the Golden Suns (3) - Three Ducks of the Condor.mp4,,,episode,imdb://tt1052609,,unmatched,DuckTales – Season 1 – Three Ducks of the Condor (3)
missing episode match metadata,0,F:\MediaStack\data\media\tv\DuckTales\Season 01\DuckTales - S01E04 - Treasure of the Golden Suns (4) - Cold Duck.mp4,,,episode,imdb://tt0756855,,unmatched,DuckTales – Season 1 – Cold Duck (4)
missing episode match metadata,0,F:\MediaStack\data\media\tv\DuckTales\Season 01\DuckTales - S01E05 - Treasure of the Golden Suns (5) - Too Much of a Gold Thing.mp4,,,episode,imdb://tt0756857,,unmatched,DuckTales – Season 1 – Too Much of a Gold Thing (5)
missing episode match metadata,0,F:\MediaStack\data\media\tv\Demon Slayer - Kimetsu no Yaiba\Season 03\Demon Slayer - Kimetsu no Yaiba - S03E08 - Gathering.mkv,,,episode,imdb://tt17163896,,unmatched,Demon Slayer: Kimetsu no Yaiba – Season 3 – Gathering
missing episode match metadata,0,F:\MediaStack\data\media\tv\Demon Slayer - Kimetsu no Yaiba\Season 03\Demon Slayer - Kimetsu no Yaiba - S03E09 - Defeating an Upper Rank Demon.mkv,,,episode,imdb://tt17337688,,unmatched,Demon Slayer: Kimetsu no Yaiba – Season 3 – Defeating an Upper Rank Demon
missing episode match metadata,0,F:\MediaStack\data\media\tv\Demon Slayer - Kimetsu no Yaiba\Season 03\Demon Slayer - Kimetsu no Yaiba - S03E10 - Never Give Up.mkv,,,episode,imdb://tt17521746,,unmatched,Demon Slayer: Kimetsu no Yaiba – Season 3 – Never Give Up
missing episode match metadata,0,F:\MediaStack\data\media\tv\Demon Slayer - Kimetsu no Yaiba\Season 03\Demon Slayer - Kimetsu no Yaiba - S03E11 - No Matter How Many Lives.mkv,,,episode,imdb://tt18034898,,unmatched,Demon Slayer: Kimetsu no Yaiba – Season 3 – No Matter How Many Lives
missing episode match metadata,0,F:\MediaStack\data\media\tv\Demon Slayer - Kimetsu no Yaiba\Season 04\Demon Slayer - Kimetsu no Yaiba - S04E01 - Someone's Dream.mkv,,,episode,imdb://tt27204288,,unmatched,Demon Slayer: Kimetsu no Yaiba – Season 4 – Someone's Dream
missing episode match metadata,0,F:\MediaStack\data\media\tv\Demon Slayer - Kimetsu no Yaiba\Season 04\Demon Slayer - Kimetsu no Yaiba - S04E02 - Yoriichi Type Zero.mkv,,,episode,imdb://tt27471302,,unmatched,Demon Slayer: Kimetsu no Yaiba – Season 4 – Yoriichi Type Zero
missing episode match metadata,0,F:\MediaStack\data\media\tv\Demon Slayer - Kimetsu no Yaiba\Season 04\Demon Slayer - Kimetsu no Yaiba - S04E03 - A Sword From Over 300 Years Ago.mkv,,,episode,imdb://tt27488498,,unmatched,Demon Slayer: Kimetsu no Yaiba – Season 4 – A Sword From Over 300 Years Ago
missing episode match metadata,0,"F:\MediaStack\data\media\tv\Demon Slayer - Kimetsu no Yaiba\Season 04\Demon Slayer - Kimetsu no Yaiba - S04E04 - Thank You, Tokito.mkv",,,episode,imdb://tt27580481,,unmatched,"Demon Slayer: Kimetsu no Yaiba – Season 4 – Thank You, Tokito"
missing episode match metadata,0,F:\MediaStack\data\media\tv\Demon Slayer - Kimetsu no Yaiba\Season 04\Demon Slayer - Kimetsu no Yaiba - S04E05 - Bright Red Sword.mkv,,,episode,imdb://tt27643967,,unmatched,Demon Slayer: Kimetsu no Yaiba – Season 4 – Bright Red Sword
missing episode match metadata,0,F:\MediaStack\data\media\tv\Demon Slayer - Kimetsu no Yaiba\Season 04\Demon Slayer - Kimetsu no Yaiba - S04E06 - Aren't You Going to Become a Hashira.mkv,,,episode,imdb://tt27696585,,unmatched,Demon Slayer: Kimetsu no Yaiba – Season 4 – Aren't You Going to Become a Hashira?
missing episode match metadata,0,F:\MediaStack\data\media\tv\Demon Slayer - Kimetsu no Yaiba\Season 04\Demon Slayer - Kimetsu no Yaiba - S04E07 - Awful Villain.mkv,,,episode,imdb://tt27752537,,unmatched,Demon Slayer: Kimetsu no Yaiba – Season 4 – Awful Villain
missing episode match metadata,0,F:\MediaStack\data\media\tv\Demon Slayer - Kimetsu no Yaiba\Season 04\Demon Slayer - Kimetsu no Yaiba - S04E08 - The Mu in Muichiro.mkv,,,episode,imdb://tt27820012,,unmatched,Demon Slayer: Kimetsu no Yaiba – Season 4 – The ‘Mu’ In Muichiro
missing episode match metadata,0,F:\MediaStack\data\media\tv\Demon Slayer - Kimetsu no Yaiba\Season 04\Demon Slayer - Kimetsu no Yaiba - S04E09 - Mist Hashira Muichiro Tokito.mkv,,,episode,imdb://tt27880399,,unmatched,Demon Slayer: Kimetsu no Yaiba – Season 4 – Mist Hashira: Muichiro Tokito
missing episode match metadata,0,F:\MediaStack\data\media\tv\Demon Slayer - Kimetsu no Yaiba\Season 04\Demon Slayer - Kimetsu no Yaiba - S04E10 - Love Hashira Mitsuri Kanroji.mkv,,,episode,imdb://tt27941580,,unmatched,Demon Slayer: Kimetsu no Yaiba – Season 4 – Love Hashira: Mitsuri Kanroji
missing episode match metadata,0,F:\MediaStack\data\media\tv\Demon Slayer - Kimetsu no Yaiba\Season 04\Demon Slayer - Kimetsu no Yaiba - S04E11 - A Connected Bond - Daybreak and First Light.mkv,,,episode,imdb://tt28069671,,unmatched,Demon Slayer: Kimetsu no Yaiba – Season 4 – A Connected Bond: Daybreak and First Light
missing episode match metadata,0,F:\MediaStack\data\media\tv\Demon Slayer - Kimetsu no Yaiba\Season 05\Demon Slayer - Kimetsu no Yaiba - S05E01 - To Defeat Muzan Kibutsuji.mkv,,,episode,imdb://tt29452416,,unmatched,Demon Slayer: Kimetsu no Yaiba – Season 5 – To Defeat Muzan Kibutsuji
missing episode match metadata,0,F:\MediaStack\data\media\tv\Demon Slayer - Kimetsu no Yaiba\Season 05\Demon Slayer - Kimetsu no Yaiba - S05E02 - Water Hashira Giyu Tomioka's Pain.mkv,,,episode,imdb://tt29452420,,unmatched,Demon Slayer: Kimetsu no Yaiba – Season 5 – Water Hashira Giyu Tomioka's Pain
missing episode match metadata,0,F:\MediaStack\data\media\tv\Demon Slayer - Kimetsu no Yaiba\Season 05\Demon Slayer - Kimetsu no Yaiba - S05E03 - Fully Recovered Tanjiro Joins the Hashira Training!!.mkv,,,episode,imdb://tt29452422,,unmatched,Demon Slayer: Kimetsu no Yaiba – Season 5 – Fully Recovered Tanjiro Joins the Hashira Training!!
missing episode match metadata,0,F:\MediaStack\data\media\tv\Demon Slayer - Kimetsu no Yaiba\Season 05\Demon Slayer - Kimetsu no Yaiba - S05E04 - To Bring a Smile to One's Face.mkv,,,episode,imdb://tt29452429,,unmatched,Demon Slayer: Kimetsu no Yaiba – Season 5 – To Bring a Smile to One's Face
missing episode match metadata,0,F:\MediaStack\data\media\tv\Demon Slayer - Kimetsu no Yaiba\Season 05\Demon Slayer - Kimetsu no Yaiba - S05E05 - I Even Ate Demons.mkv,,,episode,imdb://tt29452430,,unmatched,Demon Slayer: Kimetsu no Yaiba – Season 5 – I Even Ate Demons…
missing episode match metadata,0,F:\MediaStack\data\media\tv\Demon Slayer - Kimetsu no Yaiba\Season 05\Demon Slayer - Kimetsu no Yaiba - S05E06 - The Strongest of the Demon Slayer Corps.mkv,,,episode,imdb://tt29452434,,unmatched,Demon Slayer: Kimetsu no Yaiba – Season 5 – The Strongest of the Demon Slayer Corps
missing episode match metadata,0,F:\MediaStack\data\media\tv\Demon Slayer - Kimetsu no Yaiba\Season 05\Demon Slayer - Kimetsu no Yaiba - S05E07 - Stone Hashira Gyomei Himejima.mkv,,,episode,imdb://tt29452436,,unmatched,Demon Slayer: Kimetsu no Yaiba – Season 5 – Stone Hashira: Gyōmei Himejima
missing episode match metadata,0,F:\MediaStack\data\media\tv\Demon Slayer - Kimetsu no Yaiba\Season 05\Demon Slayer - Kimetsu no Yaiba - S05E08 - The Hashira Unite.mkv,,,episode,imdb://tt29452438,,unmatched,Demon Slayer: Kimetsu no Yaiba – Season 5 – The Hashira Unite
missing episode match metadata,0,F:\MediaStack\data\media\tv\Demon Slayer - Kimetsu no Yaiba\Season 01\Demon Slayer - Kimetsu no Yaiba - S01E17 - You Must Master a Single Thing.mkv,,,episode,imdb://tt10433096,,unmatched,Demon Slayer: Kimetsu no Yaiba – Season 1 – You Must Master a Single Thing
missing episode match metadata,0,F:\MediaStack\data\media\tv\Demon Slayer - Kimetsu no Yaiba\Season 01\Demon Slayer - Kimetsu no Yaiba - S01E18 - A Forged Bond.mkv,,,episode,imdb://tt10433098,,unmatched,Demon Slayer: Kimetsu no Yaiba – Season 1 – A Forged Bond
missing episode match metadata,0,F:\MediaStack\data\media\tv\Demon Slayer - Kimetsu no Yaiba\Season 01\Demon Slayer - Kimetsu no Yaiba - S01E19 - Hinokami.mkv,,,episode,imdb://tt10433100,,unmatched,Demon Slayer: Kimetsu no Yaiba – Season 1 – Hinokami
missing episode match metadata,0,F:\MediaStack\data\media\tv\Demon Slayer - Kimetsu no Yaiba\Season 01\Demon Slayer - Kimetsu no Yaiba - S01E20 - Pretend Family.mkv,,,episode,imdb://tt10433102,,unmatched,Demon Slayer: Kimetsu no Yaiba – Season 1 – Pretend Family
missing episode match metadata,0,F:\MediaStack\data\media\tv\Demon Slayer - Kimetsu no Yaiba\Season 01\Demon Slayer - Kimetsu no Yaiba - S01E21 - Against Corps Rules.mkv,,,episode,imdb://tt10433104,,unmatched,Demon Slayer: Kimetsu no Yaiba – Season 1 – Against Corps Rules
missing episode match metadata,0,F:\MediaStack\data\media\tv\Demon Slayer - Kimetsu no Yaiba\Season 01\Demon Slayer - Kimetsu no Yaiba - S01E22 - Master of the Mansion.mkv,,,episode,imdb://tt10433106,,unmatched,Demon Slayer: Kimetsu no Yaiba – Season 1 – Master of the Mansion
missing episode match metadata,0,F:\MediaStack\data\media\tv\Demon Slayer - Kimetsu no Yaiba\Season 01\Demon Slayer - Kimetsu no Yaiba - S01E23 - Hashira Meeting.mkv,,,episode,imdb://tt10433108,,unmatched,Demon Slayer: Kimetsu no Yaiba – Season 1 – Hashira Meeting
missing episode match metadata,0,F:\MediaStack\data\media\tv\Demon Slayer - Kimetsu no Yaiba\Season 01\Demon Slayer - Kimetsu no Yaiba - S01E24 - Rehabilitation Training.mkv,,,episode,imdb://tt10433110,,unmatched,Demon Slayer: Kimetsu no Yaiba – Season 1 – Rehabilitation Training
missing episode match metadata,0,"F:\MediaStack\data\media\tv\Demon Slayer - Kimetsu no Yaiba\Season 01\Demon Slayer - Kimetsu no Yaiba - S01E25 - Tsuguko, Kanao Tsuyuri.mkv",,,episode,imdb://tt10433112,,unmatched,"Demon Slayer: Kimetsu no Yaiba – Season 1 – Tsuguko, Kanao Tsuyuri"
missing episode match metadata,0,F:\MediaStack\data\media\tv\Demon Slayer - Kimetsu no Yaiba\Season 01\Demon Slayer - Kimetsu no Yaiba - S01E26 - New Mission.mkv,,,episode,imdb://tt10433114,,unmatched,Demon Slayer: Kimetsu no Yaiba – Season 1 – New Mission
missing episode match metadata,0,F:\MediaStack\data\media\tv\Demon Slayer - Kimetsu no Yaiba\Season 02\Demon Slayer - Kimetsu no Yaiba - S02E01 - Flame Hashira Kyojuro Rengoku.mkv,,,episode,imdb://tt14617256,,unmatched,Demon Slayer: Kimetsu no Yaiba – Season 2 – Flame Hashira: Kyojuro Rengoku
missing episode match metadata,0,F:\MediaStack\data\media\tv\Demon Slayer - Kimetsu no Yaiba\Season 02\Demon Slayer - Kimetsu no Yaiba - S02E02 - Deep Sleep.mkv,,,episode,imdb://tt15681070,,unmatched,Demon Slayer: Kimetsu no Yaiba – Season 2 – Deep Sleep
missing episode match metadata,0,F:\MediaStack\data\media\tv\Demon Slayer - Kimetsu no Yaiba\Season 02\Demon Slayer - Kimetsu no Yaiba - S02E03 - Should Have Been.mkv,,,episode,imdb://tt15713684,,unmatched,Demon Slayer: Kimetsu no Yaiba – Season 2 – Should Have Been
missing episode match metadata,0,F:\MediaStack\data\media\tv\Demon Slayer - Kimetsu no Yaiba\Season 02\Demon Slayer - Kimetsu no Yaiba - S02E04 - Insult.mkv,,,episode,imdb://tt15779046,,unmatched,Demon Slayer: Kimetsu no Yaiba – Season 2 – Insult
missing episode match metadata,0,F:\MediaStack\data\media\tv\Demon Slayer - Kimetsu no Yaiba\Season 02\Demon Slayer - Kimetsu no Yaiba - S02E05 - Move Forward!.mkv,,,episode,imdb://tt15757610,,unmatched,Demon Slayer: Kimetsu no Yaiba – Season 2 – Move Forward!
missing episode match metadata,0,F:\MediaStack\data\media\tv\Demon Slayer - Kimetsu no Yaiba\Season 02\Demon Slayer - Kimetsu no Yaiba - S02E06 - Akaza.mkv,,,episode,imdb://tt15757628,,unmatched,Demon Slayer: Kimetsu no Yaiba – Season 2 – Akaza
missing episode match metadata,0,F:\MediaStack\data\media\tv\Demon Slayer - Kimetsu no Yaiba\Season 02\Demon Slayer - Kimetsu no Yaiba - S02E07 - Set Your Heart Ablaze.mkv,,,episode,imdb://tt15757632,,unmatched,Demon Slayer: Kimetsu no Yaiba – Season 2 – Set Your Heart Ablaze
missing episode match metadata,0,F:\MediaStack\data\media\tv\Demon Slayer - Kimetsu no Yaiba\Season 03\Demon Slayer - Kimetsu no Yaiba - S03E01 - Sound Hashira Tengen Uzui.mkv,,,episode,imdb://tt15757634,,unmatched,Demon Slayer: Kimetsu no Yaiba – Season 3 – Sound Hashira: Tengen Uzui
missing episode match metadata,0,F:\MediaStack\data\media\tv\Demon Slayer - Kimetsu no Yaiba\Season 03\Demon Slayer - Kimetsu no Yaiba - S03E02 - Infiltrating the Entertainment District.mkv,,,episode,imdb://tt16407960,,unmatched,Demon Slayer: Kimetsu no Yaiba – Season 3 – Infiltrating the Red Light District
missing episode match metadata,0,F:\MediaStack\data\media\tv\Demon Slayer - Kimetsu no Yaiba\Season 03\Demon Slayer - Kimetsu no Yaiba - S03E03 - What Are You.mkv,,,episode,imdb://tt16441532,,unmatched,Demon Slayer: Kimetsu no Yaiba – Season 3 – What Are You?
missing episode match metadata,0,F:\MediaStack\data\media\tv\Demon Slayer - Kimetsu no Yaiba\Season 03\Demon Slayer - Kimetsu no Yaiba - S03E04 - Tonight.mkv,,,episode,imdb://tt16503168,,unmatched,Demon Slayer: Kimetsu no Yaiba – Season 3 – Tonight
missing episode match metadata,0,F:\MediaStack\data\media\tv\Demon Slayer - Kimetsu no Yaiba\Season 03\Demon Slayer - Kimetsu no Yaiba - S03E05 - Things Are Gonna Get Real Flashy!!.mkv,,,episode,imdb://tt16767544,,unmatched,Demon Slayer: Kimetsu no Yaiba – Season 3 – Things Are Gonna Get Real Flashy!!
missing episode match metadata,0,F:\MediaStack\data\media\tv\Demon Slayer - Kimetsu no Yaiba\Season 03\Demon Slayer - Kimetsu no Yaiba - S03E06 - Layered Memories.mkv,,,episode,imdb://tt16972222,,unmatched,Demon Slayer: Kimetsu no Yaiba – Season 3 – Layered Memories
missing episode match metadata,0,F:\MediaStack\data\media\tv\Demon Slayer - Kimetsu no Yaiba\Season 03\Demon Slayer - Kimetsu no Yaiba - S03E07 - Transformation.mkv,,,episode,imdb://tt17008706,,unmatched,Demon Slayer: Kimetsu no Yaiba – Season 3 – Transformation
missing episode match metadata,0,F:\MediaStack\data\media\tv\Death Note\Season 01\Death Note - S01E33 - Scorn.mkv,,,episode,imdb://tt1029788,,unmatched,Death Note – Season 1 – Scorn
missing episode match metadata,0,F:\MediaStack\data\media\tv\Death Note\Season 01\Death Note - S01E34 - Vigilance.mkv,,,episode,imdb://tt1043073,,unmatched,Death Note – Season 1 – Vigilance
missing episode match metadata,0,F:\MediaStack\data\media\tv\Death Note\Season 01\Death Note - S01E35 - Malice.mkv,,,episode,imdb://tt1043074,,unmatched,Death Note – Season 1 – Malice
missing episode match metadata,0,F:\MediaStack\data\media\tv\Death Note\Season 01\Death Note - S01E36 - 1.28.mkv,,,episode,imdb://tt1044252,,unmatched,Death Note – Season 1 – 1.28
missing episode match metadata,0,F:\MediaStack\data\media\tv\Death Note\Season 01\Death Note - S01E37 - New World.mkv,,,episode,imdb://tt1043075,,unmatched,Death Note – Season 1 – New World
missing episode match metadata,0,F:\MediaStack\data\media\tv\Demon Slayer - Kimetsu no Yaiba\Season 01\Demon Slayer - Kimetsu no Yaiba - S01E01 - Cruelty.mkv,,,episode,imdb://tt9828480,,unmatched,Demon Slayer: Kimetsu no Yaiba – Season 1 – Cruelty
missing episode match metadata,0,F:\MediaStack\data\media\tv\Demon Slayer - Kimetsu no Yaiba\Season 01\Demon Slayer - Kimetsu no Yaiba - S01E02 - Trainer Sakonji Urokodaki.mkv,,,episode,imdb://tt9913012,,unmatched,Demon Slayer: Kimetsu no Yaiba – Season 1 – Trainer Sakonji Urokodaki
missing episode match metadata,0,F:\MediaStack\data\media\tv\Demon Slayer - Kimetsu no Yaiba\Season 01\Demon Slayer - Kimetsu no Yaiba - S01E03 - Sabito and Makomo.mkv,,,episode,imdb://tt9913014,,unmatched,Demon Slayer: Kimetsu no Yaiba – Season 1 – Sabito and Makomo
missing episode match metadata,0,F:\MediaStack\data\media\tv\Demon Slayer - Kimetsu no Yaiba\Season 01\Demon Slayer - Kimetsu no Yaiba - S01E04 - Final Selection.mkv,,,episode,imdb://tt9913018,,unmatched,Demon Slayer: Kimetsu no Yaiba – Season 1 – Final Selection
missing episode match metadata,0,F:\MediaStack\data\media\tv\Demon Slayer - Kimetsu no Yaiba\Season 01\Demon Slayer - Kimetsu no Yaiba - S01E05 - My Own Steel.mkv,,,episode,imdb://tt9913022,,unmatched,Demon Slayer: Kimetsu no Yaiba – Season 1 – My Own Steel
missing episode match metadata,0,F:\MediaStack\data\media\tv\Demon Slayer - Kimetsu no Yaiba\Season 01\Demon Slayer - Kimetsu no Yaiba - S01E06 - Swordsman Accompanying a Demon.mkv,,,episode,imdb://tt9913028,,unmatched,Demon Slayer: Kimetsu no Yaiba – Season 1 – Swordsman Accompanying a Demon
missing episode match metadata,0,F:\MediaStack\data\media\tv\Demon Slayer - Kimetsu no Yaiba\Season 01\Demon Slayer - Kimetsu no Yaiba - S01E07 - Muzan Kibutsuji.mkv,,,episode,imdb://tt9913030,,unmatched,Demon Slayer: Kimetsu no Yaiba – Season 1 – Muzan Kibutsuji
missing episode match metadata,0,F:\MediaStack\data\media\tv\Demon Slayer - Kimetsu no Yaiba\Season 01\Demon Slayer - Kimetsu no Yaiba - S01E08 - The Smell of Enchanting Blood.mkv,,,episode,imdb://tt9913032,,unmatched,Demon Slayer: Kimetsu no Yaiba – Season 1 – The Smell of Enchanting Blood
missing episode match metadata,0,F:\MediaStack\data\media\tv\Demon Slayer - Kimetsu no Yaiba\Season 01\Demon Slayer - Kimetsu no Yaiba - S01E09 - Temari Demon and Arrow Demon.mkv,,,episode,imdb://tt9913036,,unmatched,Demon Slayer: Kimetsu no Yaiba – Season 1 – Temari Demon and Arrow Demon
missing episode match metadata,0,F:\MediaStack\data\media\tv\Demon Slayer - Kimetsu no Yaiba\Season 01\Demon Slayer - Kimetsu no Yaiba - S01E10 - Together Forever.mkv,,,episode,imdb://tt9913038,,unmatched,Demon Slayer: Kimetsu no Yaiba – Season 1 – Together Forever
missing episode match metadata,0,F:\MediaStack\data\media\tv\Demon Slayer - Kimetsu no Yaiba\Season 01\Demon Slayer - Kimetsu no Yaiba - S01E11 - Tsuzumi Mansion.mkv,,,episode,imdb://tt9913040,,unmatched,Demon Slayer: Kimetsu no Yaiba – Season 1 – Tsuzumi Mansion
missing episode match metadata,0,"F:\MediaStack\data\media\tv\Demon Slayer - Kimetsu no Yaiba\Season 01\Demon Slayer - Kimetsu no Yaiba - S01E12 - The Boar Bares Its Fangs, Zenitsu Sleeps.mkv",,,episode,imdb://tt9913050,,unmatched,"Demon Slayer: Kimetsu no Yaiba – Season 1 – The Boar Bares Its Fangs, Zenitsu Sleeps"
missing episode match metadata,0,F:\MediaStack\data\media\tv\Demon Slayer - Kimetsu no Yaiba\Season 01\Demon Slayer - Kimetsu no Yaiba - S01E13 - Something More Important Than Life.mkv,,,episode,imdb://tt10346080,,unmatched,Demon Slayer: Kimetsu no Yaiba – Season 1 – Something More Important Than Life
missing episode match metadata,0,F:\MediaStack\data\media\tv\Demon Slayer - Kimetsu no Yaiba\Season 01\Demon Slayer - Kimetsu no Yaiba - S01E14 - The House With the Wisteria Family Crest.mkv,,,episode,imdb://tt10433090,,unmatched,Demon Slayer: Kimetsu no Yaiba – Season 1 – The House With the Wisteria Family Crest
missing episode match metadata,0,F:\MediaStack\data\media\tv\Demon Slayer - Kimetsu no Yaiba\Season 01\Demon Slayer - Kimetsu no Yaiba - S01E15 - Mount Natagumo.mkv,,,episode,imdb://tt10433092,,unmatched,Demon Slayer: Kimetsu no Yaiba – Season 1 – Mount Natagumo
missing episode match metadata,0,F:\MediaStack\data\media\tv\Demon Slayer - Kimetsu no Yaiba\Season 01\Demon Slayer - Kimetsu no Yaiba - S01E16 - Letting Someone Else Go First.mkv,,,episode,imdb://tt10433094,,unmatched,Demon Slayer: Kimetsu no Yaiba – Season 1 – Letting Someone Else Go First
missing episode match metadata,0,F:\MediaStack\data\media\tv\Death Note\Season 01\Death Note - S01E14 - Friend.mkv,,,episode,imdb://tt0947907,,unmatched,Death Note – Season 1 – Friend
missing episode match metadata,0,F:\MediaStack\data\media\tv\Death Note\Season 01\Death Note - S01E15 - Wager.mkv,,,episode,imdb://tt0947906,,unmatched,Death Note – Season 1 – Wager
missing episode match metadata,0,F:\MediaStack\data\media\tv\Death Note\Season 01\Death Note - S01E16 - Decision.mkv,,,episode,imdb://tt0950512,,unmatched,Death Note – Season 1 – Decision
missing episode match metadata,0,F:\MediaStack\data\media\tv\Death Note\Season 01\Death Note - S01E17 - Execution.mkv,,,episode,imdb://tt0950513,,unmatched,Death Note – Season 1 – Execution
missing episode match metadata,0,F:\MediaStack\data\media\tv\Death Note\Season 01\Death Note - S01E18 - Ally.mkv,,,episode,imdb://tt0954288,,unmatched,Death Note – Season 1 – Ally
missing episode match metadata,0,F:\MediaStack\data\media\tv\Death Note\Season 01\Death Note - S01E19 - Matsuda.mkv,,,episode,imdb://tt0961420,,unmatched,Death Note – Season 1 – Matsuda
missing episode match metadata,0,F:\MediaStack\data\media\tv\Death Note\Season 01\Death Note - S01E20 - Makeshift.mkv,,,episode,imdb://tt0966785,,unmatched,Death Note – Season 1 – Makeshift
missing episode match metadata,0,F:\MediaStack\data\media\tv\Death Note\Season 01\Death Note - S01E21 - Performance.mkv,,,episode,imdb://tt0972446,,unmatched,Death Note – Season 1 – Performance
missing episode match metadata,0,F:\MediaStack\data\media\tv\Death Note\Season 01\Death Note - S01E22 - Guidance.mkv,,,episode,imdb://tt0972447,,unmatched,Death Note – Season 1 – Guidance
missing episode match metadata,0,F:\MediaStack\data\media\tv\Death Note\Season 01\Death Note - S01E23 - Frenzy.mkv,,,episode,imdb://tt0983351,,unmatched,Death Note – Season 1 – Frenzy
missing episode match metadata,0,F:\MediaStack\data\media\tv\Death Note\Season 01\Death Note - S01E24 - Revival.mkv,,,episode,imdb://tt0990612,,unmatched,Death Note – Season 1 – Revival
missing episode match metadata,0,F:\MediaStack\data\media\tv\Death Note\Season 01\Death Note - S01E25 - Silence.mkv,,,episode,imdb://tt0990611,,unmatched,Death Note – Season 1 – Silence
missing episode match metadata,0,F:\MediaStack\data\media\tv\Death Note\Season 01\Death Note - S01E26 - Renewal.mkv,,,episode,imdb://tt0990613,,unmatched,Death Note – Season 1 – Renewal
missing episode match metadata,0,F:\MediaStack\data\media\tv\Death Note\Season 01\Death Note - S01E27 - Abduction.mkv,,,episode,imdb://tt1007230,,unmatched,Death Note – Season 1 – Abduction
missing episode match metadata,0,F:\MediaStack\data\media\tv\Death Note\Season 01\Death Note - S01E28 - Impatience.mkv,,,episode,imdb://tt1010095,,unmatched,Death Note – Season 1 – Impatience
missing episode match metadata,0,F:\MediaStack\data\media\tv\Death Note\Season 01\Death Note - S01E29 - Father.mkv,,,episode,imdb://tt1021402,,unmatched,Death Note – Season 1 – Father
missing episode match metadata,0,F:\MediaStack\data\media\tv\Death Note\Season 01\Death Note - S01E30 - Justice.mkv,,,episode,imdb://tt1021404,,unmatched,Death Note – Season 1 – Justice
missing episode match metadata,0,F:\MediaStack\data\media\tv\Death Note\Season 01\Death Note - S01E31 - Transfer.mkv,,,episode,imdb://tt1021403,,unmatched,Death Note – Season 1 – Transfer
missing episode match metadata,0,F:\MediaStack\data\media\tv\Death Note\Season 01\Death Note - S01E32 - Selection.mkv,,,episode,imdb://tt1029789,,unmatched,Death Note – Season 1 – Selection
missing episode match metadata,0,F:\MediaStack\data\media\tv\Cowboy Bebop\Season 01\Cowboy Bebop - S01E13 - Session #1 - Asteroid Blues.mkv,,,episode,imdb://tt0618963,,unmatched,Cowboy Bebop – Season 1 – Asteroid Blues
missing episode match metadata,0,F:\MediaStack\data\media\tv\Cowboy Bebop\Season 01\Cowboy Bebop - S01E14 - Session #4 - Gateway Shuffle.mkv,,,episode,imdb://tt0618968,,unmatched,Cowboy Bebop – Season 1 – Gateway Shuffle
missing episode match metadata,0,F:\MediaStack\data\media\tv\Cowboy Bebop\Season 01\Cowboy Bebop - S01E15 - Session #5 - Ballad of Fallen Angels.mkv,,,episode,imdb://tt0618964,,unmatched,Cowboy Bebop – Season 1 – Ballad of Fallen Angels
missing episode match metadata,0,F:\MediaStack\data\media\tv\Cowboy Bebop\Season 01\Cowboy Bebop - S01E16 - Session #6 - Sympathy for the Devil.mkv,,,episode,imdb://tt0618979,,unmatched,Cowboy Bebop – Season 1 – Sympathy for the Devil
missing episode match metadata,0,F:\MediaStack\data\media\tv\Cowboy Bebop\Season 01\Cowboy Bebop - S01E17 - Session #16 - Black Dog Serenade.mkv,,,episode,imdb://tt0824568,,unmatched,Cowboy Bebop – Season 1 – Black Dog Serenade
missing episode match metadata,0,F:\MediaStack\data\media\tv\Cowboy Bebop\Season 01\Cowboy Bebop - S01E18 - Session #17 - Mushroom Samba.mkv,,,episode,imdb://tt0618974,,unmatched,Cowboy Bebop – Season 1 – Mushroom Samba
missing episode match metadata,0,F:\MediaStack\data\media\tv\Cowboy Bebop\Season 01\Cowboy Bebop - S01E19 - Session #19 - Wild Horses.mkv,,,episode,imdb://tt0822555,,unmatched,Cowboy Bebop – Season 1 – Wild Horses
missing episode match metadata,0,F:\MediaStack\data\media\tv\Cowboy Bebop\Season 01\Cowboy Bebop - S01E20 - Session #20 - Pierrot Le Fou.mkv,,,episode,imdb://tt0618976,,unmatched,Cowboy Bebop – Season 1 – Pierrot Le Fou
missing episode match metadata,0,F:\MediaStack\data\media\tv\Cowboy Bebop\Season 01\Cowboy Bebop - S01E21 - Session #21 - Boogie Woogie Feng Shui.mkv,,,episode,imdb://tt0822553,,unmatched,Cowboy Bebop – Season 1 – Boogie Woogie Feng Shui
missing episode match metadata,0,F:\MediaStack\data\media\tv\Cowboy Bebop\Season 01\Cowboy Bebop - S01E22 - Session #22 - Cowboy Funk.mkv,,,episode,imdb://tt0618966,,unmatched,Cowboy Bebop – Season 1 – Cowboy Funk
missing episode match metadata,0,F:\MediaStack\data\media\tv\Cowboy Bebop\Season 01\Cowboy Bebop - S01E23 - Session #23 - Brain Scratch.mkv,,,episode,imdb://tt0618965,,unmatched,Cowboy Bebop – Season 1 – Brain Scratch
missing episode match metadata,0,F:\MediaStack\data\media\tv\Cowboy Bebop\Season 01\Cowboy Bebop - S01E24 - Session #24 - Hard Luck Woman.mkv,,,episode,imdb://tt0618969,,unmatched,Cowboy Bebop – Season 1 – Hard Luck Woman
missing episode match metadata,0,F:\MediaStack\data\media\tv\Cowboy Bebop\Season 01\Cowboy Bebop - S01E25 - Session #25 - The Real Folk Blues (1).mkv,,,episode,imdb://tt0766181,,unmatched,Cowboy Bebop – Season 1 – The Real Folk Blues (1)
missing episode match metadata,0,F:\MediaStack\data\media\tv\Cowboy Bebop\Season 01\Cowboy Bebop - S01E26 - Session #26 - The Real Folk Blues (2).mkv,,,episode,imdb://tt0618980,,unmatched,Cowboy Bebop – Season 1 – The Real Folk Blues (2)
missing episode match metadata,0,F:\MediaStack\data\media\tv\Death Note\Season 01\Death Note - S01E01 - Rebirth.mkv,,,episode,imdb://tt0885243,,unmatched,Death Note – Season 1 – Rebirth
missing episode match metadata,0,F:\MediaStack\data\media\tv\Death Note\Season 01\Death Note - S01E02 - Confrontation.mkv,,,episode,imdb://tt0900488,,unmatched,Death Note – Season 1 – Confrontation
missing episode match metadata,0,F:\MediaStack\data\media\tv\Death Note\Season 01\Death Note - S01E03 - Dealings.mkv,,,episode,imdb://tt0909466,,unmatched,Death Note – Season 1 – Dealings
missing episode match metadata,0,F:\MediaStack\data\media\tv\Death Note\Season 01\Death Note - S01E04 - Pursuit.mkv,,,episode,imdb://tt0901528,,unmatched,Death Note – Season 1 – Pursuit
missing episode match metadata,0,F:\MediaStack\data\media\tv\Death Note\Season 01\Death Note - S01E05 - Tactics.mkv,,,episode,imdb://tt0903684,,unmatched,Death Note – Season 1 – Tactics
missing episode match metadata,0,F:\MediaStack\data\media\tv\Death Note\Season 01\Death Note - S01E06 - Unraveling.mkv,,,episode,imdb://tt0905451,,unmatched,Death Note – Season 1 – Unraveling
missing episode match metadata,0,F:\MediaStack\data\media\tv\Death Note\Season 01\Death Note - S01E07 - Overcast.mkv,,,episode,imdb://tt0919367,,unmatched,Death Note – Season 1 – Overcast
missing episode match metadata,0,F:\MediaStack\data\media\tv\Death Note\Season 01\Death Note - S01E08 - Glare.mkv,,,episode,imdb://tt0919369,,unmatched,Death Note – Season 1 – Glare
missing episode match metadata,0,F:\MediaStack\data\media\tv\Death Note\Season 01\Death Note - S01E09 - Encounter.mkv,,,episode,imdb://tt0919370,,unmatched,Death Note – Season 1 – Encounter
missing episode match metadata,0,F:\MediaStack\data\media\tv\Death Note\Season 01\Death Note - S01E10 - Doubt.mkv,,,episode,imdb://tt0919368,,unmatched,Death Note – Season 1 – Doubt
missing episode match metadata,0,F:\MediaStack\data\media\tv\Death Note\Season 01\Death Note - S01E11 - Assault.mkv,,,episode,imdb://tt0919371,,unmatched,Death Note – Season 1 – Assault
missing episode match metadata,0,F:\MediaStack\data\media\tv\Death Note\Season 01\Death Note - S01E12 - Love.mkv,,,episode,imdb://tt0924022,,unmatched,Death Note – Season 1 – Love
missing episode match metadata,0,F:\MediaStack\data\media\tv\Death Note\Season 01\Death Note - S01E13 - Confession.mkv,,,episode,imdb://tt0924023,,unmatched,Death Note – Season 1 – Confession
missing episode match metadata,0,F:\MediaStack\data\media\tv\Chainsaw Man\Season 01\Chainsaw Man - S01E04 - RESCUE.mkv,,,episode,imdb://tt23055240,,unmatched,Chainsaw Man – Season 1 – RESCUE
missing episode match metadata,0,F:\MediaStack\data\media\tv\Chainsaw Man\Season 01\Chainsaw Man - S01E05 - GUN DEVIL.mkv,,,episode,imdb://tt23475664,,unmatched,Chainsaw Man – Season 1 – GUN DEVIL
missing episode match metadata,0,F:\MediaStack\data\media\tv\Chainsaw Man\Season 01\Chainsaw Man - S01E06 - KILL DENJI.mkv,,,episode,imdb://tt23650588,,unmatched,Chainsaw Man – Season 1 – KILL DENJI
missing episode match metadata,0,F:\MediaStack\data\media\tv\Chainsaw Man\Season 01\Chainsaw Man - S01E07 - THE TASTE OF A KISS.mkv,,,episode,imdb://tt23779658,,unmatched,Chainsaw Man – Season 1 – THE TASTE OF A KISS
missing episode match metadata,0,F:\MediaStack\data\media\tv\Chainsaw Man\Season 01\Chainsaw Man - S01E08 - GUNFIRE.mkv,,,episode,imdb://tt23854592,,unmatched,Chainsaw Man – Season 1 – GUNFIRE
missing episode match metadata,0,F:\MediaStack\data\media\tv\Chainsaw Man\Season 01\Chainsaw Man - S01E09 - FROM KYOTO.mkv,,,episode,imdb://tt24058952,,unmatched,Chainsaw Man – Season 1 – FROM KYOTO
missing episode match metadata,0,F:\MediaStack\data\media\tv\Chainsaw Man\Season 01\Chainsaw Man - S01E10 - BRUISED & BATTERED.mkv,,,episode,imdb://tt24250910,,unmatched,Chainsaw Man – Season 1 – BRUISED & BATTERED
missing episode match metadata,0,F:\MediaStack\data\media\tv\Chainsaw Man\Season 01\Chainsaw Man - S01E11 - MISSION START.mkv,,,episode,imdb://tt24438368,,unmatched,Chainsaw Man – Season 1 – MISSION START
missing episode match metadata,0,F:\MediaStack\data\media\tv\Chainsaw Man\Season 01\Chainsaw Man - S01E12 - KATANA VS. CHAINSAW.mkv,,,episode,imdb://tt24438514,,unmatched,Chainsaw Man – Season 1 – KATANA VS. CHAINSAW
missing episode match metadata,0,F:\MediaStack\data\media\tv\Cowboy Bebop\Season 01\Cowboy Bebop - S01E01 - Session #2 - Stray Dog Strut.mkv,,,episode,imdb://tt0618978,,unmatched,Cowboy Bebop – Season 1 – Stray Dog Strut
missing episode match metadata,0,F:\MediaStack\data\media\tv\Cowboy Bebop\Season 01\Cowboy Bebop - S01E02 - Session #3 - Honky Tonk Women.mkv,,,episode,imdb://tt0618971,,unmatched,Cowboy Bebop – Season 1 – Honky Tonk Women
missing episode match metadata,0,F:\MediaStack\data\media\tv\Cowboy Bebop\Season 01\Cowboy Bebop - S01E03 - Session #7 - Heavy Metal Queen.mkv,,,episode,imdb://tt0618970,,unmatched,Cowboy Bebop – Season 1 – Heavy Metal Queen
missing episode match metadata,0,F:\MediaStack\data\media\tv\Cowboy Bebop\Season 01\Cowboy Bebop - S01E04 - Session #8 - Waltz for Venus.mkv,,,episode,imdb://tt0618981,,unmatched,Cowboy Bebop – Season 1 – Waltz for Venus
missing episode match metadata,0,F:\MediaStack\data\media\tv\Cowboy Bebop\Season 01\Cowboy Bebop - S01E05 - Session #9 - Jamming with Edward.mkv,,,episode,imdb://tt0618972,,unmatched,Cowboy Bebop – Season 1 – Jamming with Edward
missing episode match metadata,0,F:\MediaStack\data\media\tv\Cowboy Bebop\Season 01\Cowboy Bebop - S01E06 - Session #10 - Ganymede Elegy.mkv,,,episode,imdb://tt0618967,,unmatched,Cowboy Bebop – Season 1 – Ganymede Elegy
missing episode match metadata,0,F:\MediaStack\data\media\tv\Cowboy Bebop\Season 01\Cowboy Bebop - S01E07 - Session #11 - Toys in the Attic.mkv,,,episode,imdb://tt0822554,,unmatched,Cowboy Bebop – Season 1 – Toys in the Attic
missing episode match metadata,0,F:\MediaStack\data\media\tv\Cowboy Bebop\Season 01\Cowboy Bebop - S01E08 - Session #12 - Jupiter Jazz (1).mkv,,,episode,imdb://tt0618973,,unmatched,Cowboy Bebop – Season 1 – Jupiter Jazz (1)
missing episode match metadata,0,F:\MediaStack\data\media\tv\Cowboy Bebop\Season 01\Cowboy Bebop - S01E09 - Session #13 - Jupiter Jazz (2).mkv,,,episode,tmdb://750958,,unmatched,Cowboy Bebop – Season 1 – Jupiter Jazz (2)
missing episode match metadata,0,F:\MediaStack\data\media\tv\Cowboy Bebop\Season 01\Cowboy Bebop - S01E10 - Session #14 - Bohemian Rhapsody.mkv,,,episode,imdb://tt0822552,,unmatched,Cowboy Bebop – Season 1 – Bohemian Rhapsody
missing episode match metadata,0,F:\MediaStack\data\media\tv\Cowboy Bebop\Season 01\Cowboy Bebop - S01E11 - Session #15 - My Funny Valentine.mkv,,,episode,imdb://tt0618975,,unmatched,Cowboy Bebop – Season 1 – My Funny Valentine
missing episode match metadata,0,F:\MediaStack\data\media\tv\Cowboy Bebop\Season 01\Cowboy Bebop - S01E12 - Session #18 - Speak Like a Child.mkv,,,episode,imdb://tt0618977,,unmatched,Cowboy Bebop – Season 1 – Speak Like a Child
missing episode match metadata,0,F:\MediaStack\data\media\tv\The Blacklist\Season 09\The Blacklist - S09E20 - Caelum Bank.mkv,,,episode,imdb://tt19432956,,unmatched,The Blacklist – Season 9 – Caelum Bank
missing episode match metadata,0,F:\MediaStack\data\media\tv\The Blacklist\Season 09\The Blacklist - S09E21 - Marvin Gerard - Conclusion (1).mkv,,,episode,imdb://tt19432958,,unmatched,The Blacklist – Season 9 – Marvin Gerard: Conclusion (1)
missing episode match metadata,0,F:\MediaStack\data\media\tv\The Blacklist\Season 09\The Blacklist - S09E22 - Marvin Gerard - Conclusion (2).mkv,,,episode,imdb://tt19432962,,unmatched,The Blacklist – Season 9 – Marvin Gerard: Conclusion (2)
missing episode match metadata,0,F:\MediaStack\data\media\tv\The Blacklist\Season 10\The Blacklist - S10E01 - The Night Owl.mkv,,,episode,imdb://tt18307976,,unmatched,The Blacklist – Season 10 – The Night Owl
missing episode match metadata,0,F:\MediaStack\data\media\tv\The Blacklist\Season 10\The Blacklist - S10E02 - The Whaler.mkv,,,episode,imdb://tt22466148,,unmatched,The Blacklist – Season 10 – The Whaler
missing episode match metadata,0,F:\MediaStack\data\media\tv\The Blacklist\Season 10\The Blacklist - S10E03 - The Four Guns.mkv,,,episode,imdb://tt26593667,,unmatched,The Blacklist – Season 10 – The Four Guns
missing episode match metadata,0,F:\MediaStack\data\media\tv\The Blacklist\Season 10\The Blacklist - S10E04 - The Hyena.mkv,,,episode,imdb://tt26593672,,unmatched,The Blacklist – Season 10 – The Hyena
missing episode match metadata,0,F:\MediaStack\data\media\tv\The Blacklist\Season 10\The Blacklist - S10E05 - The Dockery Affair.mkv,,,episode,imdb://tt26939676,,unmatched,The Blacklist – Season 10 – The Dockery Affair
missing episode match metadata,0,F:\MediaStack\data\media\tv\The Blacklist\Season 10\The Blacklist - S10E06 - Dr. Laken Perillos - Conclusion.mkv,,,episode,imdb://tt26941487,,unmatched,The Blacklist – Season 10 – Dr. Laken Perillos: Conclusion
missing episode match metadata,0,F:\MediaStack\data\media\tv\The Blacklist\Season 10\The Blacklist - S10E07 - The Freelancer (2).mkv,,,episode,imdb://tt26969214,,unmatched,The Blacklist – Season 10 – The Freelancer (2)
missing episode match metadata,0,F:\MediaStack\data\media\tv\The Blacklist\Season 10\The Blacklist - S10E08 - The Troll Farmer (2).mkv,,,episode,imdb://tt27009880,,unmatched,The Blacklist – Season 10 – The Troll Farmer (2)
missing episode match metadata,0,F:\MediaStack\data\media\tv\The Blacklist\Season 10\The Blacklist - S10E09 - The Troll Farmer (3).mkv,,,episode,imdb://tt27010079,,unmatched,The Blacklist – Season 10 – The Troll Farmer (3)
missing episode match metadata,0,F:\MediaStack\data\media\tv\The Blacklist\Season 10\The Blacklist - S10E10 - The Postman.mkv,,,episode,imdb://tt27010844,,unmatched,The Blacklist – Season 10 – The Postman
missing episode match metadata,0,F:\MediaStack\data\media\tv\The Blacklist\Season 10\The Blacklist - S10E11 - The Man in the Hat.mkv,,,episode,imdb://tt27125987,,unmatched,The Blacklist – Season 10 – The Man in the Hat
missing episode match metadata,0,F:\MediaStack\data\media\tv\The Blacklist\Season 10\The Blacklist - S10E12 - Dr. Michael Abani.mkv,,,episode,imdb://tt27495169,,unmatched,The Blacklist – Season 10 – Dr. Michael Abani
missing episode match metadata,0,F:\MediaStack\data\media\tv\The Blacklist\Season 10\The Blacklist - S10E13 - The Sicilian Error of Color.mkv,,,episode,imdb://tt27578308,,unmatched,The Blacklist – Season 10 – The Sicilian Error of Color
missing episode match metadata,0,F:\MediaStack\data\media\tv\The Blacklist\Season 10\The Blacklist - S10E14 - The Nowhere Bride.mkv,,,episode,imdb://tt27587550,,unmatched,The Blacklist – Season 10 – The Nowhere Bride
missing episode match metadata,0,F:\MediaStack\data\media\tv\The Blacklist\Season 10\The Blacklist - S10E15 - The Hat Trick.mkv,,,episode,imdb://tt27588738,,unmatched,The Blacklist – Season 10 – The Hat Trick
missing episode match metadata,0,F:\MediaStack\data\media\tv\The Blacklist\Season 10\The Blacklist - S10E16 - Blair Foster.mkv,,,episode,imdb://tt27588745,,unmatched,The Blacklist – Season 10 – Blair Foster
missing episode match metadata,0,F:\MediaStack\data\media\tv\The Blacklist\Season 10\The Blacklist - S10E17 - The Morgana Logistics Corporation.mkv,,,episode,imdb://tt27588747,,unmatched,The Blacklist – Season 10 – The Morgana Logistics Corporation
missing episode match metadata,0,F:\MediaStack\data\media\tv\The Blacklist\Season 10\The Blacklist - S10E18 - Wormwood.mkv,,,episode,imdb://tt27588751,,unmatched,The Blacklist – Season 10 – Wormwood
missing episode match metadata,0,F:\MediaStack\data\media\tv\The Blacklist\Season 10\The Blacklist - S10E19 - Room 417.mkv,,,episode,imdb://tt27588755,,unmatched,The Blacklist – Season 10 – Room 417
missing episode match metadata,0,F:\MediaStack\data\media\tv\The Blacklist\Season 10\The Blacklist - S10E20 - Arthur Hudson.mkv,,,episode,imdb://tt27588761,,unmatched,The Blacklist – Season 10 – Arthur Hudson
missing episode match metadata,0,F:\MediaStack\data\media\tv\The Blacklist\Season 10\The Blacklist - S10E21 - Raymond Reddington (1).mkv,,,episode,imdb://tt27588764,,unmatched,The Blacklist – Season 10 – Raymond Reddington (1)
missing episode match metadata,0,F:\MediaStack\data\media\tv\The Blacklist\Season 10\The Blacklist - S10E22 - Raymond Reddington - Good Night (2).mkv,,,episode,imdb://tt27588765,,unmatched,The Blacklist – Season 10 – Raymond Reddington: Good Night (2)
missing episode match metadata,0,F:\MediaStack\data\media\tv\Chainsaw Man\Season 01\Chainsaw Man - S01E01 - DOG & CHAINSAW.mkv,,,episode,imdb://tt15190820,,unmatched,Chainsaw Man – Season 1 – DOG & CHAINSAW
missing episode match metadata,0,F:\MediaStack\data\media\tv\Chainsaw Man\Season 01\Chainsaw Man - S01E02 - ARRIVAL IN TOKYO.mkv,,,episode,imdb://tt17324012,,unmatched,Chainsaw Man – Season 1 – ARRIVAL IN TOKYO
missing episode match metadata,0,F:\MediaStack\data\media\tv\Chainsaw Man\Season 01\Chainsaw Man - S01E03 - MEOWY'S WHEREABOUTS.mkv,,,episode,imdb://tt23018132,,unmatched,Chainsaw Man – Season 1 – MEOWY'S WHEREABOUTS
missing episode match metadata,0,F:\MediaStack\data\media\tv\The Blacklist\Season 08\The Blacklist - S08E16 - Nicholas Obenrader.mkv,,,episode,imdb://tt14497992,,unmatched,The Blacklist – Season 8 – Nicholas Obenrader
missing episode match metadata,0,F:\MediaStack\data\media\tv\The Blacklist\Season 08\The Blacklist - S08E17 - Ivan Stepanov.mkv,,,episode,imdb://tt14532462,,unmatched,The Blacklist – Season 8 – Ivan Stepanov
missing episode match metadata,0,F:\MediaStack\data\media\tv\The Blacklist\Season 08\The Blacklist - S08E18 - The Protean.mkv,,,episode,imdb://tt14588114,,unmatched,The Blacklist – Season 8 – The Protean
missing episode match metadata,0,F:\MediaStack\data\media\tv\The Blacklist\Season 08\The Blacklist - S08E19 - Balthazar 'Bino' Baker.mkv,,,episode,imdb://tt14613082,,unmatched,"The Blacklist – Season 8 – Balthazar ""Bino"" Baker"
missing episode match metadata,0,F:\MediaStack\data\media\tv\The Blacklist\Season 08\The Blacklist - S08E20 - Godwin Page.mkv,,,episode,imdb://tt14702260,,unmatched,The Blacklist – Season 8 – Godwin Page
missing episode match metadata,0,F:\MediaStack\data\media\tv\The Blacklist\Season 08\The Blacklist - S08E21 - Nachalo.mkv,,,episode,imdb://tt14780740,,unmatched,The Blacklist – Season 8 – Nachalo
missing episode match metadata,0,F:\MediaStack\data\media\tv\The Blacklist\Season 08\The Blacklist - S08E22 - Konets.mkv,,,episode,imdb://tt14786744,,unmatched,The Blacklist – Season 8 – Konets
missing episode match metadata,0,F:\MediaStack\data\media\tv\The Blacklist\Season 09\The Blacklist - S09E01 - The Skinner.mkv,,,episode,imdb://tt13983590,,unmatched,The Blacklist – Season 9 – The Skinner (1)
missing episode match metadata,0,F:\MediaStack\data\media\tv\The Blacklist\Season 09\The Blacklist - S09E02 - The Skinner - Conclusion.mkv,,,episode,imdb://tt15403598,,unmatched,The Blacklist – Season 9 – The Skinner: Conclusion (2)
missing episode match metadata,0,F:\MediaStack\data\media\tv\The Blacklist\Season 09\The Blacklist - S09E03 - The SPK.mkv,,,episode,imdb://tt15550568,,unmatched,The Blacklist – Season 9 – The SPK
missing episode match metadata,0,F:\MediaStack\data\media\tv\The Blacklist\Season 09\The Blacklist - S09E04 - The Avenging Angel.mkv,,,episode,imdb://tt15797046,,unmatched,The Blacklist – Season 9 – The Avenging Angel
missing episode match metadata,0,F:\MediaStack\data\media\tv\The Blacklist\Season 09\The Blacklist - S09E05 - Benjamin T. Okara.mkv,,,episode,imdb://tt16022762,,unmatched,The Blacklist – Season 9 – Benjamin T. Okara
missing episode match metadata,0,"F:\MediaStack\data\media\tv\The Blacklist\Season 09\The Blacklist - S09E06 - Dr. Roberta Sand, Ph.D.mkv",,,episode,imdb://tt16156598,,unmatched,"The Blacklist – Season 9 – Dr. Roberta Sand, Ph.D."
missing episode match metadata,0,F:\MediaStack\data\media\tv\The Blacklist\Season 09\The Blacklist - S09E07 - Between Sleep and Awake.mkv,,,episode,imdb://tt16300980,,unmatched,The Blacklist – Season 9 – Between Sleep and Awake
missing episode match metadata,0,F:\MediaStack\data\media\tv\The Blacklist\Season 09\The Blacklist - S09E08 - Dr. Razmik Meier.mkv,,,episode,imdb://tt16152146,,unmatched,The Blacklist – Season 9 – Dr. Razmik Maier
missing episode match metadata,0,F:\MediaStack\data\media\tv\The Blacklist\Season 09\The Blacklist - S09E09 - Boukman Baptiste.mkv,,,episode,imdb://tt16970602,,unmatched,The Blacklist – Season 9 – Boukman Baptiste
missing episode match metadata,0,F:\MediaStack\data\media\tv\The Blacklist\Season 09\The Blacklist - S09E10 - Arcane Wireless.mkv,,,episode,imdb://tt17291296,,unmatched,The Blacklist – Season 9 – Arcane Wireless
missing episode match metadata,0,F:\MediaStack\data\media\tv\The Blacklist\Season 09\The Blacklist - S09E11 - The Conglomerate.mkv,,,episode,imdb://tt18285230,,unmatched,The Blacklist – Season 9 – The Conglomerate
missing episode match metadata,0,F:\MediaStack\data\media\tv\The Blacklist\Season 09\The Blacklist - S09E12 - The Chairman.mkv,,,episode,imdb://tt18412792,,unmatched,The Blacklist – Season 9 – The Chairman
missing episode match metadata,0,"F:\MediaStack\data\media\tv\The Blacklist\Season 09\The Blacklist - S09E13 - Genuine Models, Inc.mkv",,,episode,imdb://tt18547182,,unmatched,"The Blacklist – Season 9 – Genuine Models, Inc."
missing episode match metadata,0,F:\MediaStack\data\media\tv\The Blacklist\Season 09\The Blacklist - S09E14 - Eva Mason.mkv,,,episode,imdb://tt18884452,,unmatched,The Blacklist – Season 9 – Eva Mason
missing episode match metadata,0,F:\MediaStack\data\media\tv\The Blacklist\Season 09\The Blacklist - S09E15 - Andrew Kennison.mkv,,,episode,imdb://tt19071728,,unmatched,The Blacklist – Season 9 – Andrew Kennison
missing episode match metadata,0,F:\MediaStack\data\media\tv\The Blacklist\Season 09\The Blacklist - S09E16 - Helen Maghi.mkv,,,episode,imdb://tt19071734,,unmatched,The Blacklist – Season 9 – Helen Maghi
missing episode match metadata,0,F:\MediaStack\data\media\tv\The Blacklist\Season 09\The Blacklist - S09E17 - El Conejo.mkv,,,episode,imdb://tt19071738,,unmatched,The Blacklist – Season 9 – El Conejo
missing episode match metadata,0,F:\MediaStack\data\media\tv\The Blacklist\Season 09\The Blacklist - S09E18 - Laszlo Jankowics.mkv,,,episode,imdb://tt19071740,,unmatched,The Blacklist – Season 9 – Laszlo Jankowics
missing episode match metadata,0,F:\MediaStack\data\media\tv\The Blacklist\Season 09\The Blacklist - S09E19 - The Bear Mask.mkv,,,episode,imdb://tt19432954,,unmatched,The Blacklist – Season 9 – The Bear Mask
missing episode match metadata,0,F:\MediaStack\data\media\tv\The Blacklist\Season 07\The Blacklist - S07E08 - The Hawaladar.mkv,,,episode,imdb://tt11146876,,unmatched,The Blacklist – Season 7 – The Hawaladar
missing episode match metadata,0,F:\MediaStack\data\media\tv\The Blacklist\Season 07\The Blacklist - S07E09 - Orion Relocation Services.mkv,,,episode,imdb://tt11251968,,unmatched,The Blacklist – Season 7 – Orion Relocation Services
missing episode match metadata,0,F:\MediaStack\data\media\tv\The Blacklist\Season 07\The Blacklist - S07E10 - Katarina Rostova.mkv,,,episode,imdb://tt11251970,,unmatched,The Blacklist – Season 7 – Katarina Rostova
missing episode match metadata,0,F:\MediaStack\data\media\tv\The Blacklist\Season 07\The Blacklist - S07E11 - Victoria Fenberg.mkv,,,episode,imdb://tt11316574,,unmatched,The Blacklist – Season 7 – Victoria Fenberg
missing episode match metadata,0,F:\MediaStack\data\media\tv\The Blacklist\Season 07\The Blacklist - S07E12 - Cornelius Ruck.mkv,,,episode,imdb://tt11796430,,unmatched,The Blacklist – Season 7 – Cornelius Ruck
missing episode match metadata,0,F:\MediaStack\data\media\tv\The Blacklist\Season 07\The Blacklist - S07E13 - Newton Purcell.mkv,,,episode,imdb://tt11796500,,unmatched,The Blacklist – Season 7 – Newton Purcell
missing episode match metadata,0,F:\MediaStack\data\media\tv\The Blacklist\Season 07\The Blacklist - S07E14 - Twamie Ullulaq.mkv,,,episode,imdb://tt11798946,,unmatched,The Blacklist – Season 7 – Twamie Ullulaq
missing episode match metadata,0,F:\MediaStack\data\media\tv\The Blacklist\Season 07\The Blacklist - S07E15 - Gordon Kemp.mkv,,,episode,imdb://tt11800876,,unmatched,The Blacklist – Season 7 – Gordon Kemp
missing episode match metadata,0,F:\MediaStack\data\media\tv\The Blacklist\Season 07\The Blacklist - S07E16 - Nyle Hatcher.mkv,,,episode,imdb://tt11783890,,unmatched,The Blacklist – Season 7 – Nyle Hatcher
missing episode match metadata,0,F:\MediaStack\data\media\tv\The Blacklist\Season 07\The Blacklist - S07E17 - Brothers.mkv,,,episode,imdb://tt11861036,,unmatched,The Blacklist – Season 7 – Brothers
missing episode match metadata,0,F:\MediaStack\data\media\tv\The Blacklist\Season 07\The Blacklist - S07E18 - Roy Cain.mkv,,,episode,imdb://tt11945940,,unmatched,The Blacklist – Season 7 – Roy Cain
missing episode match metadata,0,F:\MediaStack\data\media\tv\The Blacklist\Season 07\The Blacklist - S07E19 - The Kazanjian Brothers.mkv,,,episode,imdb://tt12094734,,unmatched,The Blacklist – Season 7 – The Kazanjian Brothers
missing episode match metadata,0,F:\MediaStack\data\media\tv\The Blacklist\Season 08\The Blacklist - S08E01 - Roanoke.mkv,,,episode,imdb://tt11825262,,unmatched,The Blacklist – Season 8 – Roanoke
missing episode match metadata,0,F:\MediaStack\data\media\tv\The Blacklist\Season 08\The Blacklist - S08E02 - Katarina Rostova - Conclusion.mkv,,,episode,imdb://tt13310840,,unmatched,The Blacklist – Season 8 – Katarina Rostova: Conclusion
missing episode match metadata,0,F:\MediaStack\data\media\tv\The Blacklist\Season 08\The Blacklist - S08E03 - 16 Ounces.mkv,,,episode,imdb://tt13434420,,unmatched,The Blacklist – Season 8 – 16 Ounces
missing episode match metadata,0,F:\MediaStack\data\media\tv\The Blacklist\Season 08\The Blacklist - S08E04 - Elizabeth Keen.mkv,,,episode,imdb://tt13592110,,unmatched,The Blacklist – Season 8 – Elizabeth Keen
missing episode match metadata,0,F:\MediaStack\data\media\tv\The Blacklist\Season 08\The Blacklist - S08E05 - The Fribourg Confidence.mkv,,,episode,imdb://tt13586364,,unmatched,The Blacklist – Season 8 – The Fribourg Confidence
missing episode match metadata,0,F:\MediaStack\data\media\tv\The Blacklist\Season 08\The Blacklist - S08E06 - The Wellstone Agency.mkv,,,episode,imdb://tt13666844,,unmatched,The Blacklist – Season 8 – The Wellstone Agency
missing episode match metadata,0,F:\MediaStack\data\media\tv\The Blacklist\Season 08\The Blacklist - S08E07 - Chemical Mary.mkv,,,episode,imdb://tt13856360,,unmatched,The Blacklist – Season 8 – Chemical Mary
missing episode match metadata,0,F:\MediaStack\data\media\tv\The Blacklist\Season 08\The Blacklist - S08E08 - Ogden Greeley.mkv,,,episode,imdb://tt13848578,,unmatched,The Blacklist – Season 8 – Ogden Greeley
missing episode match metadata,0,F:\MediaStack\data\media\tv\The Blacklist\Season 08\The Blacklist - S08E09 - The Cyranoid.mkv,,,episode,imdb://tt14071404,,unmatched,The Blacklist – Season 8 – The Cyranoid
missing episode match metadata,0,F:\MediaStack\data\media\tv\The Blacklist\Season 08\The Blacklist - S08E10 - Dr. Laken Perillos.mkv,,,episode,imdb://tt14088742,,unmatched,The Blacklist – Season 8 – Dr. Laken Perillos
missing episode match metadata,0,F:\MediaStack\data\media\tv\The Blacklist\Season 08\The Blacklist - S08E11 - Captain Kidd.mkv,,,episode,imdb://tt14078316,,unmatched,The Blacklist – Season 8 – Captain Kidd
missing episode match metadata,0,F:\MediaStack\data\media\tv\The Blacklist\Season 08\The Blacklist - S08E12 - Rakitin.mkv,,,episode,imdb://tt14251014,,unmatched,The Blacklist – Season 8 – Rakitin
missing episode match metadata,0,F:\MediaStack\data\media\tv\The Blacklist\Season 08\The Blacklist - S08E13 - Anne.mkv,,,episode,imdb://tt14351420,,unmatched,The Blacklist – Season 8 – Anne
missing episode match metadata,0,F:\MediaStack\data\media\tv\The Blacklist\Season 08\The Blacklist - S08E14 - Misère.mkv,,,episode,imdb://tt14396554,,unmatched,The Blacklist – Season 8 – Misère
missing episode match metadata,0,F:\MediaStack\data\media\tv\The Blacklist\Season 08\The Blacklist - S08E15 - The Russian Knot.mkv,,,episode,imdb://tt14450768,,unmatched,The Blacklist – Season 8 – The Russian Knot
missing episode match metadata,0,F:\MediaStack\data\media\tv\The Blacklist\Season 06\The Blacklist - S06E07 - General Shiro.mkv,,,episode,imdb://tt9083080,,unmatched,The Blacklist – Season 6 – General Shiro
missing episode match metadata,0,F:\MediaStack\data\media\tv\The Blacklist\Season 06\The Blacklist - S06E08 - Marko Jankowics.mkv,,,episode,imdb://tt9159714,,unmatched,The Blacklist – Season 6 – Marko Jankowics
missing episode match metadata,0,F:\MediaStack\data\media\tv\The Blacklist\Season 06\The Blacklist - S06E09 - Minister D.mkv,,,episode,imdb://tt9179086,,unmatched,The Blacklist – Season 6 – Minister D
missing episode match metadata,0,F:\MediaStack\data\media\tv\The Blacklist\Season 06\The Blacklist - S06E10 - The Cryptobanker.mkv,,,episode,imdb://tt9261262,,unmatched,The Blacklist – Season 6 – The Cryptobanker
missing episode match metadata,0,F:\MediaStack\data\media\tv\The Blacklist\Season 06\The Blacklist - S06E11 - Bastien Moreau.mkv,,,episode,imdb://tt9261270,,unmatched,The Blacklist – Season 6 – Bastien Moreau (1)
missing episode match metadata,0,F:\MediaStack\data\media\tv\The Blacklist\Season 06\The Blacklist - S06E12 - Bastien Moreau - Conclusion.mkv,,,episode,imdb://tt9261276,,unmatched,The Blacklist – Season 6 – Bastien Moreau: Conclusion (2)
missing episode match metadata,0,F:\MediaStack\data\media\tv\The Blacklist\Season 06\The Blacklist - S06E13 - Robert Vesco.mkv,,,episode,imdb://tt9261280,,unmatched,The Blacklist – Season 6 – Robert Vesco
missing episode match metadata,0,F:\MediaStack\data\media\tv\The Blacklist\Season 06\The Blacklist - S06E14 - The Osterman Umbrella Company.mkv,,,episode,imdb://tt9261282,,unmatched,The Blacklist – Season 6 – The Osterman Umbrella Company
missing episode match metadata,0,F:\MediaStack\data\media\tv\The Blacklist\Season 06\The Blacklist - S06E15 - Olivia Olson.mkv,,,episode,imdb://tt9262958,,unmatched,The Blacklist – Season 6 – Olivia Olson
missing episode match metadata,0,F:\MediaStack\data\media\tv\The Blacklist\Season 06\The Blacklist - S06E16 - Lady Luck.mkv,,,episode,imdb://tt9263022,,unmatched,The Blacklist – Season 6 – Lady Luck
missing episode match metadata,0,F:\MediaStack\data\media\tv\The Blacklist\Season 06\The Blacklist - S06E17 - The Third Estate.mkv,,,episode,imdb://tt9664006,,unmatched,The Blacklist – Season 6 – The Third Estate
missing episode match metadata,0,F:\MediaStack\data\media\tv\The Blacklist\Season 06\The Blacklist - S06E18 - The Brockton College Killer.mkv,,,episode,imdb://tt9664014,,unmatched,The Blacklist – Season 6 – The Brockton College Killer
missing episode match metadata,0,F:\MediaStack\data\media\tv\The Blacklist\Season 06\The Blacklist - S06E19 - Rassvet.mkv,,,episode,imdb://tt9664012,,unmatched,The Blacklist – Season 6 – Rassvet
missing episode match metadata,0,F:\MediaStack\data\media\tv\The Blacklist\Season 06\The Blacklist - S06E20 - Guillermo Rizal.mkv,,,episode,imdb://tt9664020,,unmatched,The Blacklist – Season 6 – Guillermo Rizal
missing episode match metadata,0,F:\MediaStack\data\media\tv\The Blacklist\Season 06\The Blacklist - S06E21 - Anna McMahon.mkv,,,episode,imdb://tt9664022,,unmatched,The Blacklist – Season 6 – Anna McMahon
missing episode match metadata,0,F:\MediaStack\data\media\tv\The Blacklist\Season 06\The Blacklist - S06E22 - Robert Diaz.mkv,,,episode,imdb://tt9664024,,unmatched,The Blacklist – Season 6 – Robert Diaz
missing episode match metadata,0,F:\MediaStack\data\media\tv\The Blacklist\Season 07\The Blacklist - S07E01 - Louis T. Steinhil.mkv,,,episode,imdb://tt10003824,,unmatched,The Blacklist – Season 7 – Louis T. Steinhil (1)
missing episode match metadata,0,F:\MediaStack\data\media\tv\The Blacklist\Season 07\The Blacklist - S07E02 - Louis T. Steinhil - Conclusion.mkv,,,episode,imdb://tt10370688,,unmatched,The Blacklist – Season 7 – Louis T. Steinhil: Conclusion (2)
missing episode match metadata,0,F:\MediaStack\data\media\tv\The Blacklist\Season 07\The Blacklist - S07E03 - Les Fleurs du Mal.mkv,,,episode,imdb://tt10799662,,unmatched,The Blacklist – Season 7 – Les Fleurs du Mal
missing episode match metadata,0,F:\MediaStack\data\media\tv\The Blacklist\Season 07\The Blacklist - S07E04 - Kuwait.mkv,,,episode,imdb://tt10941734,,unmatched,The Blacklist – Season 7 – Kuwait
missing episode match metadata,0,F:\MediaStack\data\media\tv\The Blacklist\Season 07\The Blacklist - S07E05 - Norman Devane.mkv,,,episode,imdb://tt10940036,,unmatched,The Blacklist – Season 7 – Norman Devane
missing episode match metadata,0,F:\MediaStack\data\media\tv\The Blacklist\Season 07\The Blacklist - S07E06 - Dr. Lewis Powell.mkv,,,episode,imdb://tt10993746,,unmatched,The Blacklist – Season 7 – Dr. Lewis Powell
missing episode match metadata,0,F:\MediaStack\data\media\tv\The Blacklist\Season 07\The Blacklist - S07E07 - Hannah Hayes.mkv,,,episode,imdb://tt11146878,,unmatched,The Blacklist – Season 7 – Hannah Hayes
missing episode match metadata,0,F:\MediaStack\data\media\tv\The Blacklist\Season 05\The Blacklist - S05E05 - Ilyas Surkov.mkv,,,episode,imdb://tt7104292,,unmatched,The Blacklist – Season 5 – Ilyas Surkov
missing episode match metadata,0,F:\MediaStack\data\media\tv\The Blacklist\Season 05\The Blacklist - S05E06 - The Travel Agency.mkv,,,episode,imdb://tt7406856,,unmatched,The Blacklist – Season 5 – The Travel Agency
missing episode match metadata,0,F:\MediaStack\data\media\tv\The Blacklist\Season 05\The Blacklist - S05E07 - The Kilgannon Corporation.mkv,,,episode,imdb://tt7492604,,unmatched,The Blacklist – Season 5 – The Kilgannon Corporation
missing episode match metadata,0,F:\MediaStack\data\media\tv\The Blacklist\Season 05\The Blacklist - S05E08 - Ian Garvey.mkv,,,episode,imdb://tt7492786,,unmatched,The Blacklist – Season 5 – Ian Garvey
missing episode match metadata,0,F:\MediaStack\data\media\tv\The Blacklist\Season 05\The Blacklist - S05E09 - Ruin.mkv,,,episode,imdb://tt7550154,,unmatched,The Blacklist – Season 5 – Ruin
missing episode match metadata,0,F:\MediaStack\data\media\tv\The Blacklist\Season 05\The Blacklist - S05E10 - The Informant.mkv,,,episode,imdb://tt7492796,,unmatched,The Blacklist – Season 5 – The Informant
missing episode match metadata,0,F:\MediaStack\data\media\tv\The Blacklist\Season 05\The Blacklist - S05E11 - Abraham Stern.mkv,,,episode,imdb://tt7611838,,unmatched,The Blacklist – Season 5 – Abraham Stern
missing episode match metadata,0,F:\MediaStack\data\media\tv\The Blacklist\Season 05\The Blacklist - S05E12 - The Cook.mkv,,,episode,imdb://tt7652054,,unmatched,The Blacklist – Season 5 – The Cook
missing episode match metadata,0,F:\MediaStack\data\media\tv\The Blacklist\Season 05\The Blacklist - S05E13 - The Invisible Hand.mkv,,,episode,imdb://tt7635092,,unmatched,The Blacklist – Season 5 – The Invisible Hand
missing episode match metadata,0,F:\MediaStack\data\media\tv\The Blacklist\Season 05\The Blacklist - S05E14 - Mr. Raleigh Sinclair III.mkv,,,episode,imdb://tt7919458,,unmatched,The Blacklist – Season 5 – Mr. Raleigh Sinclair III
missing episode match metadata,0,F:\MediaStack\data\media\tv\The Blacklist\Season 05\The Blacklist - S05E15 - Pattie Sue Edwards.mkv,,,episode,imdb://tt7919460,,unmatched,The Blacklist – Season 5 – Pattie Sue Edwards
missing episode match metadata,0,F:\MediaStack\data\media\tv\The Blacklist\Season 05\The Blacklist - S05E16 - The Capricorn Killer.mkv,,,episode,imdb://tt7997030,,unmatched,The Blacklist – Season 5 – The Capricorn Killer
missing episode match metadata,0,F:\MediaStack\data\media\tv\The Blacklist\Season 05\The Blacklist - S05E17 - Anna-Gracia Duerte.mkv,,,episode,imdb://tt7997034,,unmatched,The Blacklist – Season 5 – Anna-Gracia Duerte
missing episode match metadata,0,F:\MediaStack\data\media\tv\The Blacklist\Season 05\The Blacklist - S05E18 - Zarak Mosadek.mkv,,,episode,imdb://tt7996990,,unmatched,The Blacklist – Season 5 – Zarak Mosadek
missing episode match metadata,0,F:\MediaStack\data\media\tv\The Blacklist\Season 05\The Blacklist - S05E19 - Ian Garvey - Conclusion.mkv,,,episode,imdb://tt8156286,,unmatched,The Blacklist – Season 5 – Ian Garvey: Conclusion
missing episode match metadata,0,F:\MediaStack\data\media\tv\The Blacklist\Season 05\The Blacklist - S05E20 - Nicholas T. Moore.mkv,,,episode,imdb://tt8140446,,unmatched,The Blacklist – Season 5 – Nicholas T. Moore
missing episode match metadata,0,F:\MediaStack\data\media\tv\The Blacklist\Season 05\The Blacklist - S05E21 - Lawrence Dane Devlin.mkv,,,episode,imdb://tt8213662,,unmatched,The Blacklist – Season 5 – Lawrence Dane Devlin
missing episode match metadata,0,F:\MediaStack\data\media\tv\The Blacklist\Season 05\The Blacklist - S05E22 - Sutton Ross.mkv,,,episode,imdb://tt8213670,,unmatched,The Blacklist – Season 5 – Sutton Ross
missing episode match metadata,0,F:\MediaStack\data\media\tv\The Blacklist\Season 06\The Blacklist - S06E01 - Dr. Hans Koehler.mkv,,,episode,imdb://tt8408814,,unmatched,The Blacklist – Season 6 – Dr. Hans Koehler
missing episode match metadata,0,F:\MediaStack\data\media\tv\The Blacklist\Season 06\The Blacklist - S06E02 - The Corsican.mkv,,,episode,imdb://tt8853056,,unmatched,The Blacklist – Season 6 – The Corsican
missing episode match metadata,0,F:\MediaStack\data\media\tv\The Blacklist\Season 06\The Blacklist - S06E03 - The Pharmacist.mkv,,,episode,imdb://tt8849322,,unmatched,The Blacklist – Season 6 – The Pharmacist
missing episode match metadata,0,F:\MediaStack\data\media\tv\The Blacklist\Season 06\The Blacklist - S06E04 - The Pawnbrokers.mkv,,,episode,imdb://tt8858402,,unmatched,The Blacklist – Season 6 – The Pawnbrokers
missing episode match metadata,0,F:\MediaStack\data\media\tv\The Blacklist\Season 06\The Blacklist - S06E05 - Alter Ego.mkv,,,episode,imdb://tt9004076,,unmatched,The Blacklist – Season 6 – Alter Ego
missing episode match metadata,0,F:\MediaStack\data\media\tv\The Blacklist\Season 06\The Blacklist - S06E06 - The Ethicist.mkv,,,episode,imdb://tt8992996,,unmatched,The Blacklist – Season 6 – The Ethicist
missing episode match metadata,0,F:\MediaStack\data\media\tv\The Blacklist\Season 04\The Blacklist - S04E06 - The Thrushes.mkv,,,episode,imdb://tt6087294,,unmatched,The Blacklist – Season 4 – The Thrushes
missing episode match metadata,0,F:\MediaStack\data\media\tv\The Blacklist\Season 04\The Blacklist - S04E07 - Dr. Adrian Shaw.mkv,,,episode,imdb://tt6113994,,unmatched,The Blacklist – Season 4 – Dr. Adrian Shaw (1)
missing episode match metadata,0,F:\MediaStack\data\media\tv\The Blacklist\Season 04\The Blacklist - S04E08 - Dr. Adrian Shaw - Conclusion.mkv,,,episode,imdb://tt6143800,,unmatched,The Blacklist – Season 4 – Dr. Adrian Shaw: Conclusion (2)
missing episode match metadata,0,F:\MediaStack\data\media\tv\The Blacklist\Season 04\The Blacklist - S04E09 - Lipet's Seafood Company.mkv,,,episode,imdb://tt6182812,,unmatched,The Blacklist – Season 4 – Lipet's Seafood Company
missing episode match metadata,0,F:\MediaStack\data\media\tv\The Blacklist\Season 04\The Blacklist - S04E10 - The Forecaster.mkv,,,episode,imdb://tt6210144,,unmatched,The Blacklist – Season 4 – The Forecaster
missing episode match metadata,0,F:\MediaStack\data\media\tv\The Blacklist\Season 04\The Blacklist - S04E11 - The Harem.mkv,,,episode,imdb://tt6257202,,unmatched,The Blacklist – Season 4 – The Harem
missing episode match metadata,0,F:\MediaStack\data\media\tv\The Blacklist\Season 04\The Blacklist - S04E12 - Natalie Luca.mkv,,,episode,imdb://tt6443932,,unmatched,The Blacklist – Season 4 – Natalie Luca
missing episode match metadata,0,F:\MediaStack\data\media\tv\The Blacklist\Season 04\The Blacklist - S04E13 - Isabella Stone.mkv,,,episode,imdb://tt6454576,,unmatched,The Blacklist – Season 4 – Isabella Stone
missing episode match metadata,0,F:\MediaStack\data\media\tv\The Blacklist\Season 04\The Blacklist - S04E14 - The Architect.mkv,,,episode,imdb://tt6439022,,unmatched,The Blacklist – Season 4 – The Architect
missing episode match metadata,0,F:\MediaStack\data\media\tv\The Blacklist\Season 04\The Blacklist - S04E15 - The Apothecary.mkv,,,episode,imdb://tt6441958,,unmatched,The Blacklist – Season 4 – The Apothecary
missing episode match metadata,0,F:\MediaStack\data\media\tv\The Blacklist\Season 04\The Blacklist - S04E16 - Dembe Zuma.mkv,,,episode,imdb://tt6509160,,unmatched,The Blacklist – Season 4 – Dembe Zuma
missing episode match metadata,0,F:\MediaStack\data\media\tv\The Blacklist\Season 04\The Blacklist - S04E17 - Requiem.mkv,,,episode,imdb://tt6520976,,unmatched,The Blacklist – Season 4 – Requiem
missing episode match metadata,0,F:\MediaStack\data\media\tv\The Blacklist\Season 04\The Blacklist - S04E18 - Philomena.mkv,,,episode,imdb://tt6626200,,unmatched,The Blacklist – Season 4 – Philomena
missing episode match metadata,0,F:\MediaStack\data\media\tv\The Blacklist\Season 04\The Blacklist - S04E19 - Dr. Bogdan Krilov.mkv,,,episode,imdb://tt6668958,,unmatched,The Blacklist – Season 4 – Dr. Bogdan Krilov
missing episode match metadata,0,F:\MediaStack\data\media\tv\The Blacklist\Season 04\The Blacklist - S04E20 - The Debt Collector.mkv,,,episode,imdb://tt6769268,,unmatched,The Blacklist – Season 4 – The Debt Collector
missing episode match metadata,0,F:\MediaStack\data\media\tv\The Blacklist\Season 04\The Blacklist - S04E21 - Mr. Kaplan.mkv,,,episode,imdb://tt6769298,,unmatched,The Blacklist – Season 4 – Mr. Kaplan (1)
missing episode match metadata,0,F:\MediaStack\data\media\tv\The Blacklist\Season 04\The Blacklist - S04E22 - Mr. Kaplan - Conclusion.mkv,,,episode,imdb://tt6769302,,unmatched,The Blacklist – Season 4 – Mr. Kaplan: Conclusion (2)
missing episode match metadata,0,F:\MediaStack\data\media\tv\The Blacklist\Season 05\The Blacklist - S05E01 - Smokey Putnum.mkv,,,episode,imdb://tt6882980,,unmatched,The Blacklist – Season 5 – Smokey Putnum
missing episode match metadata,0,F:\MediaStack\data\media\tv\The Blacklist\Season 05\The Blacklist - S05E02 - Greyson Blaise.mkv,,,episode,imdb://tt7103730,,unmatched,The Blacklist – Season 5 – Greyson Blaise
missing episode match metadata,0,F:\MediaStack\data\media\tv\The Blacklist\Season 05\The Blacklist - S05E03 - Miss Rebecca Thrall.mkv,,,episode,imdb://tt7103736,,unmatched,The Blacklist – Season 5 – Miss Rebecca Thrall
missing episode match metadata,0,F:\MediaStack\data\media\tv\The Blacklist\Season 05\The Blacklist - S05E04 - The Endling.mkv,,,episode,imdb://tt7103748,,unmatched,The Blacklist – Season 5 – The Endling
missing episode match metadata,0,F:\MediaStack\data\media\tv\The Blacklist\Season 03\The Blacklist - S03E03 - Eli Matchett.mkv,,,episode,imdb://tt5068464,,unmatched,The Blacklist – Season 3 – Eli Matchett
missing episode match metadata,0,F:\MediaStack\data\media\tv\The Blacklist\Season 03\The Blacklist - S03E04 - The Djinn.mkv,,,episode,imdb://tt5015108,,unmatched,The Blacklist – Season 3 – The Djinn
missing episode match metadata,0,F:\MediaStack\data\media\tv\The Blacklist\Season 03\The Blacklist - S03E05 - Arioch Cain.mkv,,,episode,imdb://tt5019538,,unmatched,The Blacklist – Season 3 – Arioch Cain
missing episode match metadata,0,F:\MediaStack\data\media\tv\The Blacklist\Season 03\The Blacklist - S03E06 - Sir Crispin Crandall.mkv,,,episode,imdb://tt5030014,,unmatched,The Blacklist – Season 3 – Sir Crispin Crandall
missing episode match metadata,0,F:\MediaStack\data\media\tv\The Blacklist\Season 03\The Blacklist - S03E07 - Zal Bin Hasaan.mkv,,,episode,imdb://tt5060376,,unmatched,The Blacklist – Season 3 – Zal Bin Hasaan
missing episode match metadata,0,F:\MediaStack\data\media\tv\The Blacklist\Season 03\The Blacklist - S03E08 - Kings of the Highway.mkv,,,episode,imdb://tt5158338,,unmatched,The Blacklist – Season 3 – Kings of the Highway
missing episode match metadata,0,F:\MediaStack\data\media\tv\The Blacklist\Season 03\The Blacklist - S03E09 - The Director.mkv,,,episode,imdb://tt5135540,,unmatched,The Blacklist – Season 3 – The Director (1)
missing episode match metadata,0,F:\MediaStack\data\media\tv\The Blacklist\Season 03\The Blacklist - S03E10 - The Director - Conclusion.mkv,,,episode,imdb://tt5155304,,unmatched,The Blacklist – Season 3 – The Director: Conclusion (2)
missing episode match metadata,0,F:\MediaStack\data\media\tv\The Blacklist\Season 03\The Blacklist - S03E11 - Mr. Gregory Devry.mkv,,,episode,imdb://tt5182064,,unmatched,The Blacklist – Season 3 – Mr. Gregory Devry
missing episode match metadata,0,F:\MediaStack\data\media\tv\The Blacklist\Season 03\The Blacklist - S03E12 - The Vehm.mkv,,,episode,imdb://tt5182070,,unmatched,The Blacklist – Season 3 – The Vehm
missing episode match metadata,0,F:\MediaStack\data\media\tv\The Blacklist\Season 03\The Blacklist - S03E13 - Alistair Pitt.mkv,,,episode,imdb://tt5182072,,unmatched,The Blacklist – Season 3 – Alistair Pitt
missing episode match metadata,0,F:\MediaStack\data\media\tv\The Blacklist\Season 03\The Blacklist - S03E14 - Lady Ambrosia.mkv,,,episode,imdb://tt5182074,,unmatched,The Blacklist – Season 3 – Lady Ambrosia
missing episode match metadata,0,F:\MediaStack\data\media\tv\The Blacklist\Season 03\The Blacklist - S03E15 - Drexel.mkv,,,episode,imdb://tt5182076,,unmatched,The Blacklist – Season 3 – Drexel
missing episode match metadata,0,F:\MediaStack\data\media\tv\The Blacklist\Season 03\The Blacklist - S03E16 - The Caretaker.mkv,,,episode,imdb://tt5182078,,unmatched,The Blacklist – Season 3 – The Caretaker
missing episode match metadata,0,F:\MediaStack\data\media\tv\The Blacklist\Season 03\The Blacklist - S03E17 - Mr. Solomon.mkv,,,episode,imdb://tt5182084,,unmatched,The Blacklist – Season 3 – Mr. Solomon (1)
missing episode match metadata,0,F:\MediaStack\data\media\tv\The Blacklist\Season 03\The Blacklist - S03E18 - Mr. Solomon - Conclusion.mkv,,,episode,imdb://tt5182088,,unmatched,The Blacklist – Season 3 – Mr. Solomon: Conclusion (2)
missing episode match metadata,0,F:\MediaStack\data\media\tv\The Blacklist\Season 03\The Blacklist - S03E19 - Cape May.mkv,,,episode,imdb://tt5182086,,unmatched,The Blacklist – Season 3 – Cape May
missing episode match metadata,0,F:\MediaStack\data\media\tv\The Blacklist\Season 03\The Blacklist - S03E20 - The Artax Network.mkv,,,episode,imdb://tt5182092,,unmatched,The Blacklist – Season 3 – The Artax Network
missing episode match metadata,0,F:\MediaStack\data\media\tv\The Blacklist\Season 03\The Blacklist - S03E21 - Susan Hargrave.mkv,,,episode,imdb://tt5182096,,unmatched,The Blacklist – Season 3 – Susan Hargrave
missing episode match metadata,0,F:\MediaStack\data\media\tv\The Blacklist\Season 03\The Blacklist - S03E22 - Alexander Kirk.mkv,,,episode,imdb://tt5182098,,unmatched,The Blacklist – Season 3 – Alexander Kirk (1)
missing episode match metadata,0,F:\MediaStack\data\media\tv\The Blacklist\Season 03\The Blacklist - S03E23 - Alexander Kirk - Conclusion.mkv,,,episode,imdb://tt5640786,,unmatched,The Blacklist – Season 3 – Alexander Kirk: Conclusion (2)
missing episode match metadata,0,F:\MediaStack\data\media\tv\The Blacklist\Season 04\The Blacklist - S04E01 - Esteban.mkv,,,episode,imdb://tt5257552,,unmatched,The Blacklist – Season 4 – Esteban
missing episode match metadata,0,F:\MediaStack\data\media\tv\The Blacklist\Season 04\The Blacklist - S04E02 - Mato.mkv,,,episode,imdb://tt6047394,,unmatched,The Blacklist – Season 4 – Mato
missing episode match metadata,0,F:\MediaStack\data\media\tv\The Blacklist\Season 04\The Blacklist - S04E03 - Miles McGrath.mkv,,,episode,imdb://tt6047396,,unmatched,The Blacklist – Season 4 – Miles McGrath
missing episode match metadata,0,F:\MediaStack\data\media\tv\The Blacklist\Season 04\The Blacklist - S04E04 - Gaia.mkv,,,episode,imdb://tt5992968,,unmatched,The Blacklist – Season 4 – Gaia
missing episode match metadata,0,F:\MediaStack\data\media\tv\The Blacklist\Season 04\The Blacklist - S04E05 - The Lindquist Concern.mkv,,,episode,imdb://tt6047398,,unmatched,The Blacklist – Season 4 – The Lindquist Concern
missing episode match metadata,0,F:\MediaStack\data\media\tv\The Blacklist\Season 02\The Blacklist - S02E02 - Monarch Douglas Bank.mkv,,,episode,imdb://tt4045862,,unmatched,The Blacklist – Season 2 – Monarch Douglas Bank
missing episode match metadata,0,F:\MediaStack\data\media\tv\The Blacklist\Season 02\The Blacklist - S02E03 - Dr. James Covington.mkv,,,episode,imdb://tt3977666,,unmatched,The Blacklist – Season 2 – Dr. James Covington
missing episode match metadata,0,F:\MediaStack\data\media\tv\The Blacklist\Season 02\The Blacklist - S02E04 - Dr. Linus Creel.mkv,,,episode,imdb://tt4061178,,unmatched,The Blacklist – Season 2 – Dr. Linus Creel
missing episode match metadata,0,F:\MediaStack\data\media\tv\The Blacklist\Season 02\The Blacklist - S02E05 - The Front.mkv,,,episode,imdb://tt4054174,,unmatched,The Blacklist – Season 2 – The Front
missing episode match metadata,0,F:\MediaStack\data\media\tv\The Blacklist\Season 02\The Blacklist - S02E06 - The Mombasa Cartel.mkv,,,episode,imdb://tt4109836,,unmatched,The Blacklist – Season 2 – The Mombasa Cartel
missing episode match metadata,0,F:\MediaStack\data\media\tv\The Blacklist\Season 02\The Blacklist - S02E07 - The Scimitar.mkv,,,episode,imdb://tt4094332,,unmatched,The Blacklist – Season 2 – The Scimitar
missing episode match metadata,0,F:\MediaStack\data\media\tv\The Blacklist\Season 02\The Blacklist - S02E08 - The Decembrist.mkv,,,episode,imdb://tt4156774,,unmatched,The Blacklist – Season 2 – The Decembrist
missing episode match metadata,0,F:\MediaStack\data\media\tv\The Blacklist\Season 02\The Blacklist - S02E09 - Luther Braxton.mkv,,,episode,imdb://tt4210902,,unmatched,The Blacklist – Season 2 – Luther Braxton (1)
missing episode match metadata,0,F:\MediaStack\data\media\tv\The Blacklist\Season 02\The Blacklist - S02E10 - Luther Braxton - Conclusion.mkv,,,episode,imdb://tt4283600,,unmatched,The Blacklist – Season 2 – Luther Braxton: Conclusion (2)
missing episode match metadata,0,F:\MediaStack\data\media\tv\The Blacklist\Season 02\The Blacklist - S02E11 - Ruslan Denisov.mkv,,,episode,imdb://tt4287704,,unmatched,The Blacklist – Season 2 – Ruslan Denisov
missing episode match metadata,0,F:\MediaStack\data\media\tv\The Blacklist\Season 02\The Blacklist - S02E12 - The Kenyon Family.mkv,,,episode,imdb://tt4355076,,unmatched,The Blacklist – Season 2 – The Kenyon Family
missing episode match metadata,0,F:\MediaStack\data\media\tv\The Blacklist\Season 02\The Blacklist - S02E13 - The Deer Hunter.mkv,,,episode,imdb://tt4378652,,unmatched,The Blacklist – Season 2 – The Deer Hunter
missing episode match metadata,0,F:\MediaStack\data\media\tv\The Blacklist\Season 02\The Blacklist - S02E14 - T. Earl King VI.mkv,,,episode,imdb://tt4454532,,unmatched,The Blacklist – Season 2 – T. Earl King VI
missing episode match metadata,0,F:\MediaStack\data\media\tv\The Blacklist\Season 02\The Blacklist - S02E15 - The Major.mkv,,,episode,imdb://tt4472210,,unmatched,The Blacklist – Season 2 – The Major
missing episode match metadata,0,F:\MediaStack\data\media\tv\The Blacklist\Season 02\The Blacklist - S02E16 - Tom Keen.mkv,,,episode,imdb://tt4491502,,unmatched,The Blacklist – Season 2 – Tom Keen
missing episode match metadata,0,F:\MediaStack\data\media\tv\The Blacklist\Season 02\The Blacklist - S02E17 - The Longevity Initiative.mkv,,,episode,imdb://tt4509728,,unmatched,The Blacklist – Season 2 – The Longevity Initiative
missing episode match metadata,0,F:\MediaStack\data\media\tv\The Blacklist\Season 02\The Blacklist - S02E18 - Vanessa Cruz.mkv,,,episode,imdb://tt4527132,,unmatched,The Blacklist – Season 2 – Vanessa Cruz
missing episode match metadata,0,F:\MediaStack\data\media\tv\The Blacklist\Season 02\The Blacklist - S02E19 - Leonard Caul.mkv,,,episode,imdb://tt4578464,,unmatched,The Blacklist – Season 2 – Leonard Caul
missing episode match metadata,0,F:\MediaStack\data\media\tv\The Blacklist\Season 02\The Blacklist - S02E20 - Quon Zhang.mkv,,,episode,imdb://tt4558970,,unmatched,The Blacklist – Season 2 – Quon Zhang
missing episode match metadata,0,F:\MediaStack\data\media\tv\The Blacklist\Season 02\The Blacklist - S02E21 - Karakurt.mkv,,,episode,imdb://tt4578448,,unmatched,The Blacklist – Season 2 – Karakurt
missing episode match metadata,0,F:\MediaStack\data\media\tv\The Blacklist\Season 02\The Blacklist - S02E22 - Tom Connolly.mkv,,,episode,imdb://tt4578450,,unmatched,The Blacklist – Season 2 – Tom Connolly
missing episode match metadata,0,F:\MediaStack\data\media\tv\The Blacklist\Season 03\The Blacklist - S03E01 - The Troll Farmer.mkv,,,episode,imdb://tt4578466,,unmatched,The Blacklist – Season 3 – The Troll Farmer
missing episode match metadata,0,F:\MediaStack\data\media\tv\The Blacklist\Season 03\The Blacklist - S03E02 - Marvin Gerard.mkv,,,episode,imdb://tt4941520,,unmatched,The Blacklist – Season 3 – Marvin Gerard
missing episode match metadata,0,F:\MediaStack\data\media\tv\The Blacklist\Season 01\The Blacklist - S01E04 - The Stewmaker.mkv,,,episode,imdb://tt3173408,,unmatched,The Blacklist – Season 1 – The Stewmaker
missing episode match metadata,0,F:\MediaStack\data\media\tv\The Blacklist\Season 01\The Blacklist - S01E05 - The Courier.mkv,,,episode,imdb://tt3173410,,unmatched,The Blacklist – Season 1 – The Courier
missing episode match metadata,0,F:\MediaStack\data\media\tv\The Blacklist\Season 01\The Blacklist - S01E06 - Gina Zanetakos.mkv,,,episode,imdb://tt3265304,,unmatched,The Blacklist – Season 1 – Gina Zanetakos
missing episode match metadata,0,F:\MediaStack\data\media\tv\The Blacklist\Season 01\The Blacklist - S01E07 - Frederick Barnes.mkv,,,episode,imdb://tt3277226,,unmatched,The Blacklist – Season 1 – Frederick Barnes
missing episode match metadata,0,F:\MediaStack\data\media\tv\The Blacklist\Season 01\The Blacklist - S01E08 - General Ludd.mkv,,,episode,imdb://tt3276448,,unmatched,The Blacklist – Season 1 – General Ludd
missing episode match metadata,0,F:\MediaStack\data\media\tv\The Blacklist\Season 01\The Blacklist - S01E09 - Anslo Garrick.mkv,,,episode,imdb://tt3276450,,unmatched,The Blacklist – Season 1 – Anslo Garrick (1)
missing episode match metadata,0,F:\MediaStack\data\media\tv\The Blacklist\Season 01\The Blacklist - S01E10 - Anslo Garrick - Conclusion.mkv,,,episode,imdb://tt3276452,,unmatched,The Blacklist – Season 1 – Anslo Garrick (2)
missing episode match metadata,0,F:\MediaStack\data\media\tv\The Blacklist\Season 01\The Blacklist - S01E11 - The Good Samaritan.mkv,,,episode,imdb://tt3276454,,unmatched,The Blacklist – Season 1 – The Good Samaritan
missing episode match metadata,0,F:\MediaStack\data\media\tv\The Blacklist\Season 01\The Blacklist - S01E12 - The Alchemist.mkv,,,episode,imdb://tt3276456,,unmatched,The Blacklist – Season 1 – The Alchemist
missing episode match metadata,0,F:\MediaStack\data\media\tv\The Blacklist\Season 01\The Blacklist - S01E13 - The Cyprus Agency.mkv,,,episode,imdb://tt3276458,,unmatched,The Blacklist – Season 1 – The Cyprus Agency
missing episode match metadata,0,F:\MediaStack\data\media\tv\The Blacklist\Season 01\The Blacklist - S01E14 - Madeline Pratt.mkv,,,episode,imdb://tt3276460,,unmatched,The Blacklist – Season 1 – Madeline Pratt
missing episode match metadata,0,F:\MediaStack\data\media\tv\The Blacklist\Season 01\The Blacklist - S01E15 - The Judge.mkv,,,episode,imdb://tt3276462,,unmatched,The Blacklist – Season 1 – The Judge
missing episode match metadata,0,F:\MediaStack\data\media\tv\The Blacklist\Season 01\The Blacklist - S01E16 - Mako Tanida.mkv,,,episode,imdb://tt3276464,,unmatched,The Blacklist – Season 1 – Mako Tanida
missing episode match metadata,0,F:\MediaStack\data\media\tv\The Blacklist\Season 01\The Blacklist - S01E17 - Ivan.mkv,,,episode,imdb://tt3276466,,unmatched,The Blacklist – Season 1 – Ivan
missing episode match metadata,0,F:\MediaStack\data\media\tv\The Blacklist\Season 01\The Blacklist - S01E18 - Milton Bobbit.mkv,,,episode,imdb://tt3276468,,unmatched,The Blacklist – Season 1 – Milton Bobbit
missing episode match metadata,0,F:\MediaStack\data\media\tv\The Blacklist\Season 01\The Blacklist - S01E19 - The Pavlovich Brothers.mkv,,,episode,imdb://tt3276474,,unmatched,The Blacklist – Season 1 – The Pavlovich Brothers
missing episode match metadata,0,F:\MediaStack\data\media\tv\The Blacklist\Season 01\The Blacklist - S01E20 - The Kingmaker.mkv,,,episode,imdb://tt3276476,,unmatched,The Blacklist – Season 1 – The Kingmaker
missing episode match metadata,0,F:\MediaStack\data\media\tv\The Blacklist\Season 01\The Blacklist - S01E21 - Berlin.mkv,,,episode,imdb://tt3276470,,unmatched,The Blacklist – Season 1 – Berlin (1)
missing episode match metadata,0,F:\MediaStack\data\media\tv\The Blacklist\Season 01\The Blacklist - S01E22 - Berlin - Conclusion.mkv,,,episode,imdb://tt3276472,,unmatched,The Blacklist – Season 1 – Berlin: Conclusion (2)
missing episode match metadata,0,F:\MediaStack\data\media\tv\The Blacklist\Season 02\The Blacklist - S02E01 - Lord Baltimore.mkv,,,episode,imdb://tt3381714,,unmatched,The Blacklist – Season 2 – Lord Baltimore
missing episode match metadata,0,F:\MediaStack\data\media\tv\Attack on Titan\Season 04\Attack on Titan - S04E06 - The War Hammer Titan.mp4,,,episode,imdb://tt13819632,,unmatched,Attack on Titan – Season 4 – The War Hammer Titan
missing episode match metadata,0,F:\MediaStack\data\media\tv\Attack on Titan\Season 04\Attack on Titan - S04E07 - Assault.mp4,,,episode,imdb://tt13857684,,unmatched,Attack on Titan – Season 4 – Assault
missing episode match metadata,0,F:\MediaStack\data\media\tv\Attack on Titan\Season 04\Attack on Titan - S04E08 - Assassin's Bullet.mp4,,,episode,imdb://tt13907662,,unmatched,Attack on Titan – Season 4 – Assassin's Bullet
missing episode match metadata,0,F:\MediaStack\data\media\tv\Attack on Titan\Season 04\Attack on Titan - S04E09 - Brave Volunteers.mp4,,,episode,imdb://tt13971296,,unmatched,Attack on Titan – Season 4 – Brave Volunteers
missing episode match metadata,0,F:\MediaStack\data\media\tv\Attack on Titan\Season 04\Attack on Titan - S04E10 - A Sound Argument.mp4,,,episode,imdb://tt13989258,,unmatched,Attack on Titan – Season 4 – A Sound Argument
missing episode match metadata,0,F:\MediaStack\data\media\tv\Attack on Titan\Season 04\Attack on Titan - S04E11 - Deceiver.mp4,,,episode,imdb://tt13996128,,unmatched,Attack on Titan – Season 4 – Deceiver
missing episode match metadata,0,F:\MediaStack\data\media\tv\Attack on Titan\Season 04\Attack on Titan - S04E12 - Guides.mp4,,,episode,imdb://tt14026060,,unmatched,Attack on Titan – Season 4 – Guides
missing episode match metadata,0,F:\MediaStack\data\media\tv\Attack on Titan\Season 04\Attack on Titan - S04E13 - Children of the Forest.mp4,,,episode,imdb://tt14093766,,unmatched,Attack on Titan – Season 4 – Children of the Forest
missing episode match metadata,0,F:\MediaStack\data\media\tv\Attack on Titan\Season 04\Attack on Titan - S04E14 - Savagery.mp4,,,episode,imdb://tt14132418,,unmatched,Attack on Titan – Season 4 – Savagery
missing episode match metadata,0,F:\MediaStack\data\media\tv\Attack on Titan\Season 04\Attack on Titan - S04E15 - Sole Salvation.mp4,,,episode,imdb://tt14134628,,unmatched,Attack on Titan – Season 4 – Sole Salvation
missing episode match metadata,0,F:\MediaStack\data\media\tv\Attack on Titan\Season 04\Attack on Titan - S04E16 - Above and Below.mp4,,,episode,imdb://tt14134634,,unmatched,Attack on Titan – Season 4 – Above and Below
missing episode match metadata,0,F:\MediaStack\data\media\tv\Attack on Titan\Season 04\Attack on Titan - S04E17 - Judgment.mp4,,,episode,imdb://tt14342824,,unmatched,Attack on Titan – Season 4 – Judgment
missing episode match metadata,0,F:\MediaStack\data\media\tv\Attack on Titan\Season 04\Attack on Titan - S04E18 - Sneak Attack.mp4,,,episode,imdb://tt14551446,,unmatched,Attack on Titan – Season 4 – Sneak Attack
missing episode match metadata,0,F:\MediaStack\data\media\tv\Attack on Titan\Season 04\Attack on Titan - S04E19 - Two Brothers.mp4,,,episode,imdb://tt17277218,,unmatched,Attack on Titan – Season 4 – Two Brothers
missing episode match metadata,0,F:\MediaStack\data\media\tv\Attack on Titan\Season 04\Attack on Titan - S04E20 - Memories of the Future.mp4,,,episode,imdb://tt17505964,,unmatched,Attack on Titan – Season 4 – Memories of the Future
missing episode match metadata,0,"F:\MediaStack\data\media\tv\Attack on Titan\Season 04\Attack on Titan - S04E21 - From You, 2,000 Years Ago.mp4",,,episode,imdb://tt17594170,,unmatched,"Attack on Titan – Season 4 – From You, 2,000 Years Ago"
missing episode match metadata,0,F:\MediaStack\data\media\tv\Attack on Titan\Season 04\Attack on Titan - S04E22 - Thaw.mp4,,,episode,imdb://tt18211918,,unmatched,Attack on Titan – Season 4 – Thaw
missing episode match metadata,0,F:\MediaStack\data\media\tv\Attack on Titan\Season 04\Attack on Titan - S04E23 - Sunset.mp4,,,episode,imdb://tt18286830,,unmatched,Attack on Titan – Season 4 – Sunset
missing episode match metadata,0,F:\MediaStack\data\media\tv\Attack on Titan\Season 04\Attack on Titan - S04E24 - Pride.mp4,,,episode,imdb://tt18327540,,unmatched,Attack on Titan – Season 4 – Pride
missing episode match metadata,0,F:\MediaStack\data\media\tv\Attack on Titan\Season 04\Attack on Titan - S04E25 - Night of the End.mp4,,,episode,imdb://tt18412610,,unmatched,Attack on Titan – Season 4 – Night of the End
missing episode match metadata,0,F:\MediaStack\data\media\tv\Attack on Titan\Season 04\Attack on Titan - S04E26 - Traitor.mp4,,,episode,imdb://tt18484352,,unmatched,Attack on Titan – Season 4 – Traitor
missing episode match metadata,0,F:\MediaStack\data\media\tv\Attack on Titan\Season 04\Attack on Titan - S04E27 - Retrospective.mp4,,,episode,imdb://tt18856536,,unmatched,Attack on Titan – Season 4 – Retrospective
missing episode match metadata,0,F:\MediaStack\data\media\tv\Attack on Titan\Season 04\Attack on Titan - S04E28 - The Dawn of Humanity.mp4,,,episode,imdb://tt18953204,,unmatched,Attack on Titan – Season 4 – The Dawn of Humanity
missing episode match metadata,0,F:\MediaStack\data\media\tv\Attack on Titan\Season 04\Attack on Titan - S04E29 - The Final Chapters - Special 1.mp4,,,episode,local://22767,,unmatched,Attack on Titan – Season 4 – Episode 29
missing episode match metadata,0,F:\MediaStack\data\media\tv\Attack on Titan\Season 04\Attack on Titan - S04E30 - The Final Chapters Special 2.mp4,,,episode,local://22768,,unmatched,Attack on Titan – Season 4 – Episode 30
missing episode match metadata,0,F:\MediaStack\data\media\tv\The Blacklist\Season 01\The Blacklist - S01E01 - Pilot.mkv,,,episode,imdb://tt2920128,,unmatched,The Blacklist – Season 1 – Pilot
missing episode match metadata,0,F:\MediaStack\data\media\tv\The Blacklist\Season 01\The Blacklist - S01E02 - The Freelancer.mkv,,,episode,imdb://tt3173404,,unmatched,The Blacklist – Season 1 – The Freelancer
missing episode match metadata,0,F:\MediaStack\data\media\tv\The Blacklist\Season 01\The Blacklist - S01E03 - Wujing.mkv,,,episode,imdb://tt3173406,,unmatched,The Blacklist – Season 1 – Wujing
missing episode match metadata,0,F:\MediaStack\data\media\tv\Attack on Titan\Season 03\Attack on Titan - S03E03 - Old Story.mkv,,,episode,imdb://tt8543946,,unmatched,Attack on Titan – Season 3 – Old Story
missing episode match metadata,0,F:\MediaStack\data\media\tv\Attack on Titan\Season 03\Attack on Titan - S03E04 - Trust.mkv,,,episode,imdb://tt8543952,,unmatched,Attack on Titan – Season 3 – Trust
missing episode match metadata,0,F:\MediaStack\data\media\tv\Attack on Titan\Season 03\Attack on Titan - S03E05 - Reply.mkv,,,episode,imdb://tt8543956,,unmatched,Attack on Titan – Season 3 – Reply
missing episode match metadata,0,F:\MediaStack\data\media\tv\Attack on Titan\Season 03\Attack on Titan - S03E06 - Sin.mkv,,,episode,imdb://tt8543958,,unmatched,Attack on Titan – Season 3 – Sin
missing episode match metadata,0,F:\MediaStack\data\media\tv\Attack on Titan\Season 03\Attack on Titan - S03E07 - Wish.mkv,,,episode,imdb://tt8733180,,unmatched,Attack on Titan – Season 3 – Wish
missing episode match metadata,0,F:\MediaStack\data\media\tv\Attack on Titan\Season 03\Attack on Titan - S03E08 - Outside the Walls of Orvud District.mkv,,,episode,imdb://tt8733182,,unmatched,Attack on Titan – Season 3 – Outside the Walls of Orvud District
missing episode match metadata,0,F:\MediaStack\data\media\tv\Attack on Titan\Season 03\Attack on Titan - S03E09 - Ruler of the Walls.mkv,,,episode,imdb://tt8733184,,unmatched,Attack on Titan – Season 3 – Ruler of the Walls
missing episode match metadata,0,F:\MediaStack\data\media\tv\Attack on Titan\Season 03\Attack on Titan - S03E10 - Friends.mkv,,,episode,imdb://tt8733188,,unmatched,Attack on Titan – Season 3 – Friends
missing episode match metadata,0,F:\MediaStack\data\media\tv\Attack on Titan\Season 03\Attack on Titan - S03E11 - Bystander.mkv,,,episode,imdb://tt8733190,,unmatched,Attack on Titan – Season 3 – Bystander
missing episode match metadata,0,F:\MediaStack\data\media\tv\Attack on Titan\Season 03\Attack on Titan - S03E12 - Night of the Battle to Retake the Wall.mkv,,,episode,imdb://tt8733192,,unmatched,Attack on Titan – Season 3 – Night of the Battle to Retake the Wall
missing episode match metadata,0,F:\MediaStack\data\media\tv\Attack on Titan\Season 03\Attack on Titan - S03E13 - The Town Where Everything Began.mkv,,,episode,imdb://tt9038682,,unmatched,Attack on Titan – Season 3 – The Town Where Everything Began
missing episode match metadata,0,F:\MediaStack\data\media\tv\Attack on Titan\Season 03\Attack on Titan - S03E14 - Thunder Spears.mkv,,,episode,imdb://tt9790722,,unmatched,Attack on Titan – Season 3 – Thunder Spears
missing episode match metadata,0,F:\MediaStack\data\media\tv\Attack on Titan\Season 03\Attack on Titan - S03E15 - Descent.mkv,,,episode,imdb://tt9806162,,unmatched,Attack on Titan – Season 3 – Descent
missing episode match metadata,0,F:\MediaStack\data\media\tv\Attack on Titan\Season 03\Attack on Titan - S03E16 - Perfect Game.mkv,,,episode,imdb://tt9898836,,unmatched,Attack on Titan – Season 3 – Perfect Game
missing episode match metadata,0,F:\MediaStack\data\media\tv\Attack on Titan\Season 03\Attack on Titan - S03E17 - Hero.mkv,,,episode,imdb://tt9906260,,unmatched,Attack on Titan – Season 3 – Hero
missing episode match metadata,0,F:\MediaStack\data\media\tv\Attack on Titan\Season 03\Attack on Titan - S03E18 - Midnight Sun.mkv,,,episode,imdb://tt10023374,,unmatched,Attack on Titan – Season 3 – Midnight Sun
missing episode match metadata,0,F:\MediaStack\data\media\tv\Attack on Titan\Season 03\Attack on Titan - S03E19 - The Basement.mkv,,,episode,imdb://tt10023452,,unmatched,Attack on Titan – Season 3 – The Basement
missing episode match metadata,0,F:\MediaStack\data\media\tv\Attack on Titan\Season 03\Attack on Titan - S03E20 - That Day.mkv,,,episode,imdb://tt10034602,,unmatched,Attack on Titan – Season 3 – That Day
missing episode match metadata,0,F:\MediaStack\data\media\tv\Attack on Titan\Season 03\Attack on Titan - S03E21 - Attack Titan.mkv,,,episode,imdb://tt10064964,,unmatched,Attack on Titan – Season 3 – The Attack Titan
missing episode match metadata,0,F:\MediaStack\data\media\tv\Attack on Titan\Season 03\Attack on Titan - S03E22 - The Other Side of the Wall.mkv,,,episode,imdb://tt10064968,,unmatched,Attack on Titan – Season 3 – The Other Side of the Wall
missing episode match metadata,0,F:\MediaStack\data\media\tv\Attack on Titan\Season 04\Attack on Titan - S04E01 - The Other Side of the Sea.mp4,,,episode,imdb://tt10783086,,unmatched,Attack on Titan – Season 4 – The Other Side of the Sea
missing episode match metadata,0,F:\MediaStack\data\media\tv\Attack on Titan\Season 04\Attack on Titan - S04E02 - Midnight Train.mp4,,,episode,imdb://tt13586908,,unmatched,Attack on Titan – Season 4 – Midnight Train
missing episode match metadata,0,F:\MediaStack\data\media\tv\Attack on Titan\Season 04\Attack on Titan - S04E03 - The Door of Hope.mp4,,,episode,imdb://tt13611850,,unmatched,Attack on Titan – Season 4 – The Door of Hope
missing episode match metadata,0,F:\MediaStack\data\media\tv\Attack on Titan\Season 04\Attack on Titan - S04E04 - From One Hand to Another.mp4,,,episode,imdb://tt13605712,,unmatched,Attack on Titan – Season 4 – From One Hand to Another
missing episode match metadata,0,F:\MediaStack\data\media\tv\Attack on Titan\Season 04\Attack on Titan - S04E05 - Declaration of War.mp4,,,episode,imdb://tt13605714,,unmatched,Attack on Titan – Season 4 – Declaration of War
missing episode match metadata,0,F:\MediaStack\data\media\tv\Attack on Titan\Season 02\Attack on Titan - S02E03 - Southwestward.mkv,,,episode,imdb://tt6723672,,unmatched,Attack on Titan – Season 2 – Southwestward
missing episode match metadata,0,F:\MediaStack\data\media\tv\Attack on Titan\Season 02\Attack on Titan - S02E04 - Soldier.mkv,,,episode,imdb://tt6723674,,unmatched,Attack on Titan – Season 2 – Soldier
missing episode match metadata,0,F:\MediaStack\data\media\tv\Attack on Titan\Season 02\Attack on Titan - S02E05 - Historia.mkv,,,episode,imdb://tt6723678,,unmatched,Attack on Titan – Season 2 – Historia
missing episode match metadata,0,F:\MediaStack\data\media\tv\Attack on Titan\Season 02\Attack on Titan - S02E06 - Warrior.mkv,,,episode,imdb://tt6723680,,unmatched,Attack on Titan – Season 2 – Warrior
missing episode match metadata,0,F:\MediaStack\data\media\tv\Attack on Titan\Season 02\Attack on Titan - S02E07 - Close Combat.mkv,,,episode,imdb://tt6723686,,unmatched,Attack on Titan – Season 2 – Close Combat
missing episode match metadata,0,F:\MediaStack\data\media\tv\Attack on Titan\Season 02\Attack on Titan - S02E08 - The Hunters.mkv,,,episode,imdb://tt6723692,,unmatched,Attack on Titan – Season 2 – The Hunters
missing episode match metadata,0,F:\MediaStack\data\media\tv\Attack on Titan\Season 02\Attack on Titan - S02E09 - Opening.mkv,,,episode,imdb://tt6723698,,unmatched,Attack on Titan – Season 2 – Opening
missing episode match metadata,0,F:\MediaStack\data\media\tv\Attack on Titan\Season 02\Attack on Titan - S02E10 - Children.mkv,,,episode,imdb://tt6723700,,unmatched,Attack on Titan – Season 2 – Children
missing episode match metadata,0,F:\MediaStack\data\media\tv\Attack on Titan\Season 02\Attack on Titan - S02E11 - Charge.mkv,,,episode,imdb://tt6723708,,unmatched,Attack on Titan – Season 2 – Charge
missing episode match metadata,0,F:\MediaStack\data\media\tv\Attack on Titan\Season 02\Attack on Titan - S02E12 - Scream.mkv,,,episode,imdb://tt6723710,,unmatched,Attack on Titan – Season 2 – Scream
missing episode match metadata,0,F:\MediaStack\data\media\tv\Attack on Titan\Season 03\Attack on Titan - S03E01 - Smoke Signal.mkv,,,episode,imdb://tt7029252,,unmatched,Attack on Titan – Season 3 – Smoke Signal
missing episode match metadata,0,F:\MediaStack\data\media\tv\Attack on Titan\Season 03\Attack on Titan - S03E02 - Pain.mkv,,,episode,imdb://tt8517724,,unmatched,Attack on Titan – Season 3 – Pain
missing episode match metadata,0,F:\MediaStack\data\media\tv\Attack on Titan\Season 01\Attack on Titan - S01E07 - Small Blade - The Struggle for Trost (3).mkv,,,episode,imdb://tt2928458,,unmatched,Attack on Titan – Season 1 – Small Blade: The Struggle for Trost (3)
missing episode match metadata,0,F:\MediaStack\data\media\tv\Attack on Titan\Season 01\Attack on Titan - S01E08 - I Can Hear His Heartbeat - The Struggle for Trost (4).mkv,,,episode,imdb://tt2928456,,unmatched,Attack on Titan – Season 1 – I Can Hear His Heartbeat: The Struggle for Trost (4)
missing episode match metadata,0,F:\MediaStack\data\media\tv\Attack on Titan\Season 01\Attack on Titan - S01E09 - Whereabouts of His Left Arm - The Struggle for Trost (5).mkv,,,episode,imdb://tt2955788,,unmatched,Attack on Titan – Season 1 – Whereabouts of His Left Arm: The Struggle for Trost (5)
missing episode match metadata,0,F:\MediaStack\data\media\tv\Attack on Titan\Season 01\Attack on Titan - S01E10 - Response - The Struggle for Trost (6).mkv,,,episode,imdb://tt2955786,,unmatched,Attack on Titan – Season 1 – Response: The Struggle for Trost (6)
missing episode match metadata,0,F:\MediaStack\data\media\tv\Attack on Titan\Season 01\Attack on Titan - S01E11 - Idol - The Struggle for Trost (7).mkv,,,episode,imdb://tt2990156,,unmatched,Attack on Titan – Season 1 – Idol: The Struggle for Trost (7)
missing episode match metadata,0,F:\MediaStack\data\media\tv\Attack on Titan\Season 01\Attack on Titan - S01E12 - Wound - The Struggle for Trost (8).mkv,,,episode,imdb://tt3005840,,unmatched,Attack on Titan – Season 1 – Wound: The Struggle for Trost (8)
missing episode match metadata,0,F:\MediaStack\data\media\tv\Attack on Titan\Season 01\Attack on Titan - S01E13 - Primal Desire - The Struggle for Trost (9).mkv,,,episode,imdb://tt3034014,,unmatched,Attack on Titan – Season 1 – Primal Desire: The Struggle for Trost (9)
missing episode match metadata,0,F:\MediaStack\data\media\tv\Attack on Titan\Season 01\Attack on Titan - S01E14 - Can't Look into His Eyes Yet - Eve of the Counterattack (1).mkv,,,episode,imdb://tt3038178,,unmatched,Attack on Titan – Season 1 – Can't Look Into His Eyes Yet: Eve of the Counterattack (1)
missing episode match metadata,0,F:\MediaStack\data\media\tv\Attack on Titan\Season 01\Attack on Titan - S01E15 - Special Operations Squad - Eve of the Counterattack (2).mkv,,,episode,imdb://tt3069226,,unmatched,Attack on Titan – Season 1 – Special Operations Squad: Eve of the Counterattack (2)
missing episode match metadata,0,F:\MediaStack\data\media\tv\Attack on Titan\Season 01\Attack on Titan - S01E16 - What Needs to Be Done Now - Eve of the Counterattack (3).mkv,,,episode,imdb://tt3086098,,unmatched,Attack on Titan – Season 1 – What Needs to be Done Now: Eve of the Counterattack (3)
missing episode match metadata,0,F:\MediaStack\data\media\tv\Attack on Titan\Season 01\Attack on Titan - S01E17 - Female Titan - The 57th Exterior Scouting Mission (1).mkv,,,episode,imdb://tt3104218,,unmatched,Attack on Titan – Season 1 – Female Titan: The 57th Exterior Scouting Mission (1)
missing episode match metadata,0,F:\MediaStack\data\media\tv\Attack on Titan\Season 01\Attack on Titan - S01E18 - Forest of Giant Trees - The 57th Exterior Scouting Mission (2).mkv,,,episode,imdb://tt3104224,,unmatched,Attack on Titan – Season 1 – Forest of Giant Trees: The 57th Expedition Scouting Mission (2)
missing episode match metadata,0,F:\MediaStack\data\media\tv\Attack on Titan\Season 01\Attack on Titan - S01E19 - Bite - The 57th Exterior Scouting Mission (3).mkv,,,episode,imdb://tt3122060,,unmatched,Attack on Titan – Season 1 – Bite: The 57th Expedition Scouting Mission (3)
missing episode match metadata,0,F:\MediaStack\data\media\tv\Attack on Titan\Season 01\Attack on Titan - S01E20 - Erwin Smith - The 57th Exterior Scouting Mission (4).mkv,,,episode,imdb://tt3134450,,unmatched,Attack on Titan – Season 1 – Erwin Smith: The 57th Exterior Scouting Mission (4)
missing episode match metadata,0,F:\MediaStack\data\media\tv\Attack on Titan\Season 01\Attack on Titan - S01E21 - Crushing Blow - The 57th Exterior Scouting Mission (5).mkv,,,episode,imdb://tt3148020,,unmatched,Attack on Titan – Season 1 – Crushing Blow: The 57th Exterior Scouting Mission (5)
missing episode match metadata,0,F:\MediaStack\data\media\tv\Attack on Titan\Season 01\Attack on Titan - S01E22 - The Defeated - The 57th Exterior Scouting Mission (6).mkv,,,episode,imdb://tt3158344,,unmatched,Attack on Titan – Season 1 – The Defeated: The 57th Expedition Scouting Mission (6)
missing episode match metadata,0,F:\MediaStack\data\media\tv\Attack on Titan\Season 01\Attack on Titan - S01E23 - Smile - Assault on Stohess (1).mkv,,,episode,imdb://tt3174238,,unmatched,Attack on Titan – Season 1 – Smile: Assault on Stohess (1)
missing episode match metadata,0,F:\MediaStack\data\media\tv\Attack on Titan\Season 01\Attack on Titan - S01E24 - Mercy - Assault on Stohess (2).mkv,,,episode,imdb://tt3174242,,unmatched,Attack on Titan – Season 1 – Mercy: Assault on Stohess (2)
missing episode match metadata,0,F:\MediaStack\data\media\tv\Attack on Titan\Season 01\Attack on Titan - S01E25 - Wall - Assault on Stohess (3).mkv,,,episode,imdb://tt3174248,,unmatched,Attack on Titan – Season 1 – Wall: Assault on Stohess (3)
missing episode match metadata,0,F:\MediaStack\data\media\tv\Attack on Titan\Season 02\Attack on Titan - S02E01 - Beast Titan.mkv,,,episode,imdb://tt4228718,,unmatched,Attack on Titan – Season 2 – Beast Titan
missing episode match metadata,0,F:\MediaStack\data\media\tv\Attack on Titan\Season 02\Attack on Titan - S02E02 - I'm Home.mkv,,,episode,imdb://tt6723670,,unmatched,Attack on Titan – Season 2 – I'm Home
missing episode match metadata,0,F:\MediaStack\data\media\tv\Ascendance of a Bookworm\Season 01\Ascendance of a Bookworm - S01E17 - Needs.mkv,,,episode,imdb://tt12071980,,unmatched,Ascendance of a Bookworm – Season 1 – Needs
missing episode match metadata,0,F:\MediaStack\data\media\tv\Ascendance of a Bookworm\Season 01\Ascendance of a Bookworm - S01E18 - Orphanage Reforms.mkv,,,episode,imdb://tt12071988,,unmatched,Ascendance of a Bookworm – Season 1 – Orphanage Reforms
missing episode match metadata,0,F:\MediaStack\data\media\tv\Ascendance of a Bookworm\Season 01\Ascendance of a Bookworm - S01E19 - Cleanups and Star Festivals.mkv,,,episode,imdb://tt12071984,,unmatched,Ascendance of a Bookworm – Season 1 – Cleanups and Star Festivals
missing episode match metadata,0,F:\MediaStack\data\media\tv\Ascendance of a Bookworm\Season 01\Ascendance of a Bookworm - S01E20 - The Path Ahead of Lutz.mkv,,,episode,imdb://tt12071990,,unmatched,Ascendance of a Bookworm – Season 1 – The Path Ahead of Lutz
missing episode match metadata,0,F:\MediaStack\data\media\tv\Ascendance of a Bookworm\Season 01\Ascendance of a Bookworm - S01E21 - New Retainers.mkv,,,episode,imdb://tt12291120,,unmatched,Ascendance of a Bookworm – Season 1 – New Retainers
missing episode match metadata,0,F:\MediaStack\data\media\tv\Ascendance of a Bookworm\Season 01\Ascendance of a Bookworm - S01E22 - Wilma and Holy Scriptures for Kids.mkv,,,episode,imdb://tt12291128,,unmatched,Ascendance of a Bookworm – Season 1 – Wilma and Holy Scriptures for Kids
missing episode match metadata,0,F:\MediaStack\data\media\tv\Ascendance of a Bookworm\Season 01\Ascendance of a Bookworm - S01E23 - Harvest Festivals and Staying Home.mkv,,,episode,imdb://tt12332852,,unmatched,Ascendance of a Bookworm – Season 1 – Harvest Festivals and Staying Home
missing episode match metadata,0,F:\MediaStack\data\media\tv\Ascendance of a Bookworm\Season 01\Ascendance of a Bookworm - S01E24 - Knight Orders and Requests.mkv,,,episode,imdb://tt12412706,,unmatched,Ascendance of a Bookworm – Season 1 – Knight Orders and Requests
missing episode match metadata,0,F:\MediaStack\data\media\tv\Ascendance of a Bookworm\Season 01\Ascendance of a Bookworm - S01E25 - Trombe and Battles.mkv,,,episode,imdb://tt12412722,,unmatched,Ascendance of a Bookworm – Season 1 – Trombe and Battles
missing episode match metadata,0,F:\MediaStack\data\media\tv\Ascendance of a Bookworm\Season 01\Ascendance of a Bookworm - S01E26 - Dreamlike World.mkv,,,episode,imdb://tt12412718,,unmatched,Ascendance of a Bookworm – Season 1 – Dreamlike World
missing episode match metadata,0,F:\MediaStack\data\media\tv\Ascendance of a Bookworm\Season 01\Ascendance of a Bookworm - S01E27 - The Beginning of Winter.mkv,,,episode,tmdb://3608753,,unmatched,Ascendance of a Bookworm – Season 1 – The Beginning of Winter
missing episode match metadata,0,F:\MediaStack\data\media\tv\Ascendance of a Bookworm\Season 01\Ascendance of a Bookworm - S01E28 - The Story About Winter Stays and the Future.mkv,,,episode,tmdb://3638422,,unmatched,Ascendance of a Bookworm – Season 1 – The Story About Winter Stays and the Future
missing episode match metadata,0,F:\MediaStack\data\media\tv\Ascendance of a Bookworm\Season 01\Ascendance of a Bookworm - S01E29 - The Dedication Ceremony and Spring Arrives.mkv,,,episode,tmdb://3638424,,unmatched,Ascendance of a Bookworm – Season 1 – The Dedication Ceremony and Spring Arrives
missing episode match metadata,0,F:\MediaStack\data\media\tv\Ascendance of a Bookworm\Season 01\Ascendance of a Bookworm - S01E30 - Spring Prayer.mkv,,,episode,imdb://tt19894602,,unmatched,Ascendance of a Bookworm – Season 1 – Spring Prayer
missing episode match metadata,0,F:\MediaStack\data\media\tv\Ascendance of a Bookworm\Season 01\Ascendance of a Bookworm - S01E31 - Gift From the Blue-Robed Priest and Going Home.mkv,,,episode,imdb://tt19894624,,unmatched,Ascendance of a Bookworm – Season 1 – Gift From the Blue-Robed Priest and Going Home
missing episode match metadata,0,F:\MediaStack\data\media\tv\Ascendance of a Bookworm\Season 01\Ascendance of a Bookworm - S01E32 - The Abandoned Child of the Cathedral and Making Colors.mkv,,,episode,imdb://tt20913510,,unmatched,Ascendance of a Bookworm – Season 1 – The Abandoned Child of the Cathedral and Making Colors
missing episode match metadata,0,F:\MediaStack\data\media\tv\Ascendance of a Bookworm\Season 01\Ascendance of a Bookworm - S01E33 - Delia and Dirk.mkv,,,episode,imdb://tt20913512,,unmatched,Ascendance of a Bookworm – Season 1 – Delia and Dirk
missing episode match metadata,0,F:\MediaStack\data\media\tv\Ascendance of a Bookworm\Season 01\Ascendance of a Bookworm - S01E34 - Ominous Developments.mkv,,,episode,imdb://tt20913514,,unmatched,Ascendance of a Bookworm – Season 1 – Ominous Developments
missing episode match metadata,0,F:\MediaStack\data\media\tv\Ascendance of a Bookworm\Season 01\Ascendance of a Bookworm - S01E35 - The Black Protective Charm.mkv,,,episode,imdb://tt20913520,,unmatched,Ascendance of a Bookworm – Season 1 – The Black Protective Charm
missing episode match metadata,0,F:\MediaStack\data\media\tv\Ascendance of a Bookworm\Season 01\Ascendance of a Bookworm - S01E36 - Blessing.mkv,,,episode,imdb://tt20913524,,unmatched,Ascendance of a Bookworm – Season 1 – Blessing
missing episode match metadata,0,"F:\MediaStack\data\media\tv\Attack on Titan\Season 01\Attack on Titan - S01E01 - To You, in 2,000 Years - The Fall of Shiganshina (1).mkv",,,episode,imdb://tt2825724,,unmatched,"Attack on Titan – Season 1 – To You, in 2000 Years: The Fall of Shiganshina (1)"
missing episode match metadata,0,F:\MediaStack\data\media\tv\Attack on Titan\Season 01\Attack on Titan - S01E02 - That Day - The Fall of Shiganshina (2).mkv,,,episode,imdb://tt2844574,,unmatched,Attack on Titan – Season 1 – That Day: The Fall of Shiganshina (2)
missing episode match metadata,0,F:\MediaStack\data\media\tv\Attack on Titan\Season 01\Attack on Titan - S01E03 - A Dim Light Amid Despair - Humanity's Comeback (1).mkv,,,episode,imdb://tt2858742,,unmatched,Attack on Titan – Season 1 – A Dim Light Amid Despair: Humanity's Comeback (1)
missing episode match metadata,0,F:\MediaStack\data\media\tv\Attack on Titan\Season 01\Attack on Titan - S01E04 - The Night of the Closing Ceremony - Humanity's Comeback (2).mkv,,,episode,imdb://tt2858740,,unmatched,Attack on Titan – Season 1 – The Night of the Closing Ceremony: Humanity's Comeback (2)
missing episode match metadata,0,F:\MediaStack\data\media\tv\Attack on Titan\Season 01\Attack on Titan - S01E05 - First Battle - The Struggle for Trost (1).mkv,,,episode,imdb://tt2879076,,unmatched,Attack on Titan – Season 1 – First Battle: The Struggle for Trost (1)
missing episode match metadata,0,F:\MediaStack\data\media\tv\Attack on Titan\Season 01\Attack on Titan - S01E06 - The World the Girl Saw - The Struggle for Trost (2).mkv,,,episode,imdb://tt2899140,,unmatched,Attack on Titan – Season 1 – The World the Girl Saw: The Struggle for Trost (2)
missing episode match metadata,0,F:\MediaStack\data\media\tv\Arrested Development\Season 05\Arrested Development - S05E08 - Premature Independence.mkv,,,episode,imdb://tt4861470,,unmatched,Arrested Development – Season 5 – Premature Independence
missing episode match metadata,0,F:\MediaStack\data\media\tv\Arrested Development\Season 05\Arrested Development - S05E09 - Unexpected Company.mkv,,,episode,imdb://tt4861472,,unmatched,Arrested Development – Season 5 – Unexpected Company
missing episode match metadata,0,F:\MediaStack\data\media\tv\Arrested Development\Season 05\Arrested Development - S05E10 - Taste Makers.mkv,,,episode,imdb://tt4861478,,unmatched,Arrested Development – Season 5 – Taste Makers
missing episode match metadata,0,F:\MediaStack\data\media\tv\Arrested Development\Season 05\Arrested Development - S05E11 - Chain Migration.mkv,,,episode,imdb://tt4861482,,unmatched,Arrested Development – Season 5 – Chain Migration
missing episode match metadata,0,F:\MediaStack\data\media\tv\Arrested Development\Season 05\Arrested Development - S05E12 - Check Mates.mkv,,,episode,imdb://tt4861486,,unmatched,Arrested Development – Season 5 – Check Mates
missing episode match metadata,0,F:\MediaStack\data\media\tv\Arrested Development\Season 05\Arrested Development - S05E13 - The Untethered Sole.mkv,,,episode,imdb://tt4861484,,unmatched,Arrested Development – Season 5 – The Untethered Sole
missing episode match metadata,0,F:\MediaStack\data\media\tv\Arrested Development\Season 05\Arrested Development - S05E14 - Saving for Arraignment Day.mkv,,,episode,imdb://tt4861490,,unmatched,Arrested Development – Season 5 – Saving for Arraignment Day
missing episode match metadata,0,F:\MediaStack\data\media\tv\Arrested Development\Season 05\Arrested Development - S05E15 - Courting Disasters.mkv,,,episode,imdb://tt4861494,,unmatched,Arrested Development – Season 5 – Courting Disasters
missing episode match metadata,0,F:\MediaStack\data\media\tv\Arrested Development\Season 05\Arrested Development - S05E16 - The Fallout.mkv,,,episode,imdb://tt4589904,,unmatched,Arrested Development – Season 5 – The Fallout
missing episode match metadata,0,F:\MediaStack\data\media\tv\Ascendance of a Bookworm\Season 01\Ascendance of a Bookworm - S01E01 - A World Without Books.mkv,,,episode,imdb://tt10972968,,unmatched,Ascendance of a Bookworm – Season 1 – A World Without Books
missing episode match metadata,0,F:\MediaStack\data\media\tv\Ascendance of a Bookworm\Season 01\Ascendance of a Bookworm - S01E02 - Life Improvements and Slates.mkv,,,episode,imdb://tt11043480,,unmatched,Ascendance of a Bookworm – Season 1 – Life Improvements and Slates
missing episode match metadata,0,F:\MediaStack\data\media\tv\Ascendance of a Bookworm\Season 01\Ascendance of a Bookworm - S01E03 - The Events of Winter.mkv,,,episode,imdb://tt11056362,,unmatched,Ascendance of a Bookworm – Season 1 – The Events of Winter
missing episode match metadata,0,F:\MediaStack\data\media\tv\Ascendance of a Bookworm\Season 01\Ascendance of a Bookworm - S01E04 - Forests and Clay Tablets.mkv,,,episode,imdb://tt11166904,,unmatched,Ascendance of a Bookworm – Season 1 – Forests and Clay Tablets
missing episode match metadata,0,F:\MediaStack\data\media\tv\Ascendance of a Bookworm\Season 01\Ascendance of a Bookworm - S01E05 - Baptisms and Strange Fevers.mkv,,,episode,imdb://tt11166906,,unmatched,Ascendance of a Bookworm – Season 1 – Baptisms and Strange Fevers
missing episode match metadata,0,F:\MediaStack\data\media\tv\Ascendance of a Bookworm\Season 01\Ascendance of a Bookworm - S01E06 - Meeting.mkv,,,episode,imdb://tt11166912,,unmatched,Ascendance of a Bookworm – Season 1 – Meeting
missing episode match metadata,0,F:\MediaStack\data\media\tv\Ascendance of a Bookworm\Season 01\Ascendance of a Bookworm - S01E07 - Seeds of Suspicion.mkv,,,episode,imdb://tt11237920,,unmatched,Ascendance of a Bookworm – Season 1 – Seeds of Suspicion
missing episode match metadata,0,F:\MediaStack\data\media\tv\Ascendance of a Bookworm\Season 01\Ascendance of a Bookworm - S01E08 - Lutz's Main.mkv,,,episode,imdb://tt11264640,,unmatched,Ascendance of a Bookworm – Season 1 – Lutz's Main
missing episode match metadata,0,F:\MediaStack\data\media\tv\Ascendance of a Bookworm\Season 01\Ascendance of a Bookworm - S01E09 - The Guild Master's Granddaughter.mkv,,,episode,imdb://tt11268876,,unmatched,Ascendance of a Bookworm – Season 1 – The Guild Master's Granddaughter
missing episode match metadata,0,F:\MediaStack\data\media\tv\Ascendance of a Bookworm\Season 01\Ascendance of a Bookworm - S01E10 - To the Second Winter.mkv,,,episode,imdb://tt11310650,,unmatched,Ascendance of a Bookworm – Season 1 – To the Second Winter
missing episode match metadata,0,F:\MediaStack\data\media\tv\Ascendance of a Bookworm\Season 01\Ascendance of a Bookworm - S01E11 - Life-or-Death Choices and Family Meetings.mkv,,,episode,imdb://tt11310652,,unmatched,Ascendance of a Bookworm – Season 1 – Life-or-Death Choices and Family Meetings
missing episode match metadata,0,F:\MediaStack\data\media\tv\Ascendance of a Bookworm\Season 01\Ascendance of a Bookworm - S01E12 - Baptism and Divine Paradises.mkv,,,episode,imdb://tt11310656,,unmatched,Ascendance of a Bookworm – Season 1 – Baptism and Divine Paradises
missing episode match metadata,0,F:\MediaStack\data\media\tv\Ascendance of a Bookworm\Season 01\Ascendance of a Bookworm - S01E13 - The Choice To Be an Apprentice Priestess.mkv,,,episode,imdb://tt11455732,,unmatched,Ascendance of a Bookworm – Season 1 – The Choice To Be an Apprentice Priestess
missing episode match metadata,0,F:\MediaStack\data\media\tv\Ascendance of a Bookworm\Season 01\Ascendance of a Bookworm - S01E14 - Conclusions.mkv,,,episode,imdb://tt11455734,,unmatched,Ascendance of a Bookworm – Season 1 – Conclusions
missing episode match metadata,0,F:\MediaStack\data\media\tv\Ascendance of a Bookworm\Season 01\Ascendance of a Bookworm - S01E15 - Apprentice Priestess.mkv,,,episode,imdb://tt11614574,,unmatched,Ascendance of a Bookworm – Season 1 – Apprentice Priestess
missing episode match metadata,0,F:\MediaStack\data\media\tv\Ascendance of a Bookworm\Season 01\Ascendance of a Bookworm - S01E16 - Blue Robes and Uncommon Sense.mkv,,,episode,imdb://tt12071978,,unmatched,Ascendance of a Bookworm – Season 1 – Blue Robes and Uncommon Sense
missing episode match metadata,0,F:\MediaStack\data\media\tv\Arrested Development\Season 03\Arrested Development - S03E13 - Development Arrested.mkv,,,episode,imdb://tt0757386,,unmatched,Arrested Development – Season 3 – Development Arrested
missing episode match metadata,0,F:\MediaStack\data\media\tv\Arrested Development\Season 04\Arrested Development - S04E01 - Flight of the Phoenix.mkv,,,episode,imdb://tt2128813,,unmatched,Arrested Development – Season 4 – Flight of the Phoenix
missing episode match metadata,0,F:\MediaStack\data\media\tv\Arrested Development\Season 04\Arrested Development - S04E02 - Borderline Personalities.mkv,,,episode,imdb://tt2128815,,unmatched,Arrested Development – Season 4 – Borderline Personalities
missing episode match metadata,0,F:\MediaStack\data\media\tv\Arrested Development\Season 04\Arrested Development - S04E03 - Indian Takers.mkv,,,episode,imdb://tt2128816,,unmatched,Arrested Development – Season 4 – Indian Takers
missing episode match metadata,0,F:\MediaStack\data\media\tv\Arrested Development\Season 04\Arrested Development - S04E04 - The B. Team.mkv,,,episode,imdb://tt2128817,,unmatched,Arrested Development – Season 4 – The B. Team
missing episode match metadata,0,F:\MediaStack\data\media\tv\Arrested Development\Season 04\Arrested Development - S04E05 - A New Start.mkv,,,episode,imdb://tt2128818,,unmatched,Arrested Development – Season 4 – A New Start
missing episode match metadata,0,F:\MediaStack\data\media\tv\Arrested Development\Season 04\Arrested Development - S04E06 - Double Crossers.mkv,,,episode,imdb://tt2128819,,unmatched,Arrested Development – Season 4 – Double Crossers
missing episode match metadata,0,F:\MediaStack\data\media\tv\Arrested Development\Season 04\Arrested Development - S04E07 - Colony Collapse.mkv,,,episode,imdb://tt2128820,,unmatched,Arrested Development – Season 4 – Colony Collapse
missing episode match metadata,0,F:\MediaStack\data\media\tv\Arrested Development\Season 04\Arrested Development - S04E08 - Red Hairing.mkv,,,episode,imdb://tt2128821,,unmatched,Arrested Development – Season 4 – Red Hairing
missing episode match metadata,0,F:\MediaStack\data\media\tv\Arrested Development\Season 04\Arrested Development - S04E09 - Smashed.mkv,,,episode,imdb://tt2128822,,unmatched,Arrested Development – Season 4 – Smashed
missing episode match metadata,0,F:\MediaStack\data\media\tv\Arrested Development\Season 04\Arrested Development - S04E10 - Queen B.mkv,,,episode,imdb://tt2128814,,unmatched,Arrested Development – Season 4 – Queen B.
missing episode match metadata,0,F:\MediaStack\data\media\tv\Arrested Development\Season 04\Arrested Development - S04E11 - A New Attitude.mkv,,,episode,imdb://tt2495824,,unmatched,Arrested Development – Season 4 – A New Attitude
missing episode match metadata,0,F:\MediaStack\data\media\tv\Arrested Development\Season 04\Arrested Development - S04E12 - Señoritis.mkv,,,episode,imdb://tt2604336,,unmatched,Arrested Development – Season 4 – Señoritis
missing episode match metadata,0,F:\MediaStack\data\media\tv\Arrested Development\Season 04\Arrested Development - S04E13 - It Gets Better.mkv,,,episode,imdb://tt2604334,,unmatched,Arrested Development – Season 4 – It Gets Better
missing episode match metadata,0,F:\MediaStack\data\media\tv\Arrested Development\Season 04\Arrested Development - S04E14 - Off the Hook.mkv,,,episode,imdb://tt2604338,,unmatched,Arrested Development – Season 4 – Off the Hook
missing episode match metadata,0,F:\MediaStack\data\media\tv\Arrested Development\Season 04\Arrested Development - S04E15 - Blockheads.mkv,,,episode,imdb://tt2826310,,unmatched,Arrested Development – Season 4 – Blockheads
missing episode match metadata,0,F:\MediaStack\data\media\tv\Arrested Development\Season 05\Arrested Development - S05E01 - Family Leave.mkv,,,episode,imdb://tt4589902,,unmatched,Arrested Development – Season 5 – Family Leave
missing episode match metadata,0,F:\MediaStack\data\media\tv\Arrested Development\Season 05\Arrested Development - S05E02 - Self-Deportation.mkv,,,episode,imdb://tt4861452,,unmatched,Arrested Development – Season 5 – Self-Deportation
missing episode match metadata,0,F:\MediaStack\data\media\tv\Arrested Development\Season 05\Arrested Development - S05E03 - Everyone Gets Atrophy.mkv,,,episode,imdb://tt4861456,,unmatched,Arrested Development – Season 5 – Everyone Gets Atrophy
missing episode match metadata,0,F:\MediaStack\data\media\tv\Arrested Development\Season 05\Arrested Development - S05E04 - An Old Start.mkv,,,episode,imdb://tt4861458,,unmatched,"Arrested Development – Season 5 – Old Start, An"
missing episode match metadata,0,F:\MediaStack\data\media\tv\Arrested Development\Season 05\Arrested Development - S05E05 - Sinking Feelings.mkv,,,episode,imdb://tt4861460,,unmatched,Arrested Development – Season 5 – Sinking Feelings
missing episode match metadata,0,F:\MediaStack\data\media\tv\Arrested Development\Season 05\Arrested Development - S05E06 - Emotional Baggage.mkv,,,episode,imdb://tt4861462,,unmatched,Arrested Development – Season 5 – Emotional Baggage
missing episode match metadata,0,F:\MediaStack\data\media\tv\Arrested Development\Season 05\Arrested Development - S05E07 - Rom-Traum.mkv,,,episode,imdb://tt4861466,,unmatched,Arrested Development – Season 5 – Rom-Traum
missing episode match metadata,0,F:\MediaStack\data\media\tv\Arrested Development\Season 02\Arrested Development - S02E05 - Sad Sack.mkv,,,episode,imdb://tt0515243,,unmatched,Arrested Development – Season 2 – Sad Sack
missing episode match metadata,0,F:\MediaStack\data\media\tv\Arrested Development\Season 02\Arrested Development - S02E06 - Afternoon Delight.mkv,,,episode,imdb://tt0515207,,unmatched,Arrested Development – Season 2 – Afternoon Delight
missing episode match metadata,0,F:\MediaStack\data\media\tv\Arrested Development\Season 02\Arrested Development - S02E07 - Switch Hitter.mkv,,,episode,imdb://tt0515248,,unmatched,Arrested Development – Season 2 – Switch Hitter
missing episode match metadata,0,F:\MediaStack\data\media\tv\Arrested Development\Season 02\Arrested Development - S02E08 - Queen for a Day.mkv,,,episode,imdb://tt0515239,,unmatched,Arrested Development – Season 2 – Queen for a Day
missing episode match metadata,0,F:\MediaStack\data\media\tv\Arrested Development\Season 02\Arrested Development - S02E09 - Burning Love.mkv,,,episode,imdb://tt0515213,,unmatched,Arrested Development – Season 2 – Burning Love
missing episode match metadata,0,"F:\MediaStack\data\media\tv\Arrested Development\Season 02\Arrested Development - S02E10 - Ready, Aim, Marry Me!.mkv",,,episode,imdb://tt0515240,,unmatched,"Arrested Development – Season 2 – Ready, Aim, Marry Me"
missing episode match metadata,0,F:\MediaStack\data\media\tv\Arrested Development\Season 02\Arrested Development - S02E11 - Out on a Limb.mkv,,,episode,imdb://tt0515234,,unmatched,Arrested Development – Season 2 – Out on a Limb
missing episode match metadata,0,F:\MediaStack\data\media\tv\Arrested Development\Season 02\Arrested Development - S02E12 - Hand to God.mkv,,,episode,imdb://tt0515220,,unmatched,Arrested Development – Season 2 – Hand to God
missing episode match metadata,0,F:\MediaStack\data\media\tv\Arrested Development\Season 02\Arrested Development - S02E13 - Motherboy XXX.mkv,,,episode,imdb://tt0515229,,unmatched,Arrested Development – Season 2 – Motherboy XXX
missing episode match metadata,0,F:\MediaStack\data\media\tv\Arrested Development\Season 02\Arrested Development - S02E14 - The Immaculate Election.mkv,,,episode,imdb://tt0515251,,unmatched,Arrested Development – Season 2 – The Immaculate Election
missing episode match metadata,0,F:\MediaStack\data\media\tv\Arrested Development\Season 02\Arrested Development - S02E15 - Sword of Destiny.mkv,,,episode,imdb://tt0515255,,unmatched,Arrested Development – Season 2 – Sword of Destiny
missing episode match metadata,0,F:\MediaStack\data\media\tv\Arrested Development\Season 02\Arrested Development - S02E16 - Meat the Veals.mkv,,,episode,imdb://tt0515227,,unmatched,Arrested Development – Season 2 – Meat the Veals
missing episode match metadata,0,F:\MediaStack\data\media\tv\Arrested Development\Season 02\Arrested Development - S02E17 - Spring Breakout.mkv,,,episode,imdb://tt0515245,,unmatched,Arrested Development – Season 2 – Spring Breakout
missing episode match metadata,0,F:\MediaStack\data\media\tv\Arrested Development\Season 02\Arrested Development - S02E18 - Righteous Brothers.mkv,,,episode,imdb://tt0515241,,unmatched,Arrested Development – Season 2 – The Righteous Brothers
missing episode match metadata,0,F:\MediaStack\data\media\tv\Arrested Development\Season 03\Arrested Development - S03E01 - The Cabin Show.mkv,,,episode,imdb://tt0515250,,unmatched,Arrested Development – Season 3 – The Cabin Show
missing episode match metadata,0,F:\MediaStack\data\media\tv\Arrested Development\Season 03\Arrested Development - S03E02 - For British Eyes Only.mkv,,,episode,imdb://tt0515249,,unmatched,Arrested Development – Season 3 – For British Eyes Only
missing episode match metadata,0,F:\MediaStack\data\media\tv\Arrested Development\Season 03\Arrested Development - S03E03 - Forget Me Now.mkv,,,episode,imdb://tt0515218,,unmatched,Arrested Development – Season 3 – Forget-Me-Now
missing episode match metadata,0,F:\MediaStack\data\media\tv\Arrested Development\Season 03\Arrested Development - S03E04 - Notapusy.mkv,,,episode,imdb://tt0515233,,unmatched,Arrested Development – Season 3 – Notapusy
missing episode match metadata,0,F:\MediaStack\data\media\tv\Arrested Development\Season 03\Arrested Development - S03E05 - Mr. F.mkv,,,episode,imdb://tt0515230,,unmatched,Arrested Development – Season 3 – Mr. F
missing episode match metadata,0,F:\MediaStack\data\media\tv\Arrested Development\Season 03\Arrested Development - S03E06 - The Ocean Walker.mkv,,,episode,imdb://tt0515252,,unmatched,Arrested Development – Season 3 – The Ocean Walker
missing episode match metadata,0,F:\MediaStack\data\media\tv\Arrested Development\Season 03\Arrested Development - S03E07 - Prison Break-In.mkv,,,episode,imdb://tt0515237,,unmatched,Arrested Development – Season 3 – Prison Break-In
missing episode match metadata,0,F:\MediaStack\data\media\tv\Arrested Development\Season 03\Arrested Development - S03E08 - Making a Stand.mkv,,,episode,imdb://tt0515225,,unmatched,Arrested Development – Season 3 – Making a Stand
missing episode match metadata,0,F:\MediaStack\data\media\tv\Arrested Development\Season 03\Arrested Development - S03E09 - S.O.B.s.mkv,,,episode,imdb://tt0515242,,unmatched,Arrested Development – Season 3 – S.O.B.s
missing episode match metadata,0,F:\MediaStack\data\media\tv\Arrested Development\Season 03\Arrested Development - S03E10 - Fakin' It.mkv,,,episode,imdb://tt0515216,,unmatched,Arrested Development – Season 3 – Fakin' It
missing episode match metadata,0,F:\MediaStack\data\media\tv\Arrested Development\Season 03\Arrested Development - S03E11 - Family Ties.mkv,,,episode,imdb://tt0515217,,unmatched,Arrested Development – Season 3 – Family Ties
missing episode match metadata,0,F:\MediaStack\data\media\tv\Arrested Development\Season 03\Arrested Development - S03E12 - Exit Strategy.mkv,,,episode,imdb://tt0515215,,unmatched,Arrested Development – Season 3 – Exit Strategy
missing episode match metadata,0,F:\MediaStack\data\media\tv\Arrested Development\Season 01\Arrested Development - S01E03 - Bringing Up Buster.mkv,,,episode,imdb://tt0515212,,unmatched,Arrested Development – Season 1 – Bringing Up Buster
missing episode match metadata,0,F:\MediaStack\data\media\tv\Arrested Development\Season 01\Arrested Development - S01E04 - Key Decisions.mkv,,,episode,imdb://tt0515223,,unmatched,Arrested Development – Season 1 – Key Decisions
missing episode match metadata,0,F:\MediaStack\data\media\tv\Arrested Development\Season 01\Arrested Development - S01E05 - Charity Drive.mkv,,,episode,imdb://tt0515214,,unmatched,Arrested Development – Season 1 – Charity Drive
missing episode match metadata,0,F:\MediaStack\data\media\tv\Arrested Development\Season 01\Arrested Development - S01E06 - Visiting Ours.mkv,,,episode,imdb://tt0515257,,unmatched,Arrested Development – Season 1 – Visiting Ours
missing episode match metadata,0,F:\MediaStack\data\media\tv\Arrested Development\Season 01\Arrested Development - S01E07 - In God We Trust.mkv,,,episode,imdb://tt0515221,,unmatched,Arrested Development – Season 1 – In God We Trust
missing episode match metadata,0,"F:\MediaStack\data\media\tv\Arrested Development\Season 01\Arrested Development - S01E08 - My Mother, The Car.mkv",,,episode,imdb://tt0515231,,unmatched,"Arrested Development – Season 1 – My Mother, the Car"
missing episode match metadata,0,F:\MediaStack\data\media\tv\Arrested Development\Season 01\Arrested Development - S01E09 - Storming the Castle.mkv,,,episode,imdb://tt0515247,,unmatched,Arrested Development – Season 1 – Storming the Castle
missing episode match metadata,0,F:\MediaStack\data\media\tv\Arrested Development\Season 01\Arrested Development - S01E10 - Pier Pressure.mkv,,,episode,imdb://tt0515235,,unmatched,Arrested Development – Season 1 – Pier Pressure
missing episode match metadata,0,F:\MediaStack\data\media\tv\Arrested Development\Season 01\Arrested Development - S01E11 - Public Relations.mkv,,,episode,imdb://tt0515238,,unmatched,Arrested Development – Season 1 – Public Relations
missing episode match metadata,0,F:\MediaStack\data\media\tv\Arrested Development\Season 01\Arrested Development - S01E12 - Marta Complex.mkv,,,episode,imdb://tt0515226,,unmatched,Arrested Development – Season 1 – Marta Complex
missing episode match metadata,0,F:\MediaStack\data\media\tv\Arrested Development\Season 01\Arrested Development - S01E13 - Beef Consomme.mkv,,,episode,imdb://tt0515210,,unmatched,Arrested Development – Season 1 – Beef Consommé
missing episode match metadata,0,F:\MediaStack\data\media\tv\Arrested Development\Season 01\Arrested Development - S01E14 - Shock and Aww.mkv,,,episode,imdb://tt0515244,,unmatched,Arrested Development – Season 1 – Shock and Aww
missing episode match metadata,0,F:\MediaStack\data\media\tv\Arrested Development\Season 01\Arrested Development - S01E15 - Staff Infection.mkv,,,episode,imdb://tt0515246,,unmatched,Arrested Development – Season 1 – Staff Infection
missing episode match metadata,0,F:\MediaStack\data\media\tv\Arrested Development\Season 01\Arrested Development - S01E16 - Altar Egos.mkv,,,episode,imdb://tt0515208,,unmatched,Arrested Development – Season 1 – Altar Egos
missing episode match metadata,0,F:\MediaStack\data\media\tv\Arrested Development\Season 01\Arrested Development - S01E17 - Justice Is Blind.mkv,,,episode,imdb://tt0515222,,unmatched,Arrested Development – Season 1 – Justice Is Blind
missing episode match metadata,0,F:\MediaStack\data\media\tv\Arrested Development\Season 01\Arrested Development - S01E18 - Missing Kitty.mkv,,,episode,imdb://tt0515228,,unmatched,Arrested Development – Season 1 – Missing Kitty
missing episode match metadata,0,F:\MediaStack\data\media\tv\Arrested Development\Season 01\Arrested Development - S01E19 - Best Man for the Gob.mkv,,,episode,imdb://tt0515211,,unmatched,Arrested Development – Season 1 – Best Man for the Gob
missing episode match metadata,0,F:\MediaStack\data\media\tv\Arrested Development\Season 01\Arrested Development - S01E20 - Whistler's Mother.mkv,,,episode,imdb://tt0515258,,unmatched,Arrested Development – Season 1 – Whistler's Mother
missing episode match metadata,0,F:\MediaStack\data\media\tv\Arrested Development\Season 01\Arrested Development - S01E21 - Not Without My Daughter.mkv,,,episode,imdb://tt0515232,,unmatched,Arrested Development – Season 1 – Not Without My Daughter
missing episode match metadata,0,F:\MediaStack\data\media\tv\Arrested Development\Season 01\Arrested Development - S01E22 - Let 'Em Eat Cake.mkv,,,episode,imdb://tt0515224,,unmatched,Arrested Development – Season 1 – Let 'Em Eat Cake
missing episode match metadata,0,F:\MediaStack\data\media\tv\Arrested Development\Season 02\Arrested Development - S02E01 - The One Where Michael Leaves.mkv,,,episode,imdb://tt0515253,,unmatched,Arrested Development – Season 2 – The One Where Michael Leaves
missing episode match metadata,0,F:\MediaStack\data\media\tv\Arrested Development\Season 02\Arrested Development - S02E02 - The One Where They Build a House.mkv,,,episode,imdb://tt0515254,,unmatched,Arrested Development – Season 2 – The One Where They Build a House
missing episode match metadata,0,F:\MediaStack\data\media\tv\Arrested Development\Season 02\Arrested Development - S02E03 - ¡Amigos!.mkv,,,episode,imdb://tt0515209,,unmatched,Arrested Development – Season 2 – Amigos
missing episode match metadata,0,F:\MediaStack\data\media\tv\Arrested Development\Season 02\Arrested Development - S02E04 - Good Grief.mkv,,,episode,imdb://tt0515219,,unmatched,Arrested Development – Season 2 – Good Grief
missing episode match metadata,0,F:\MediaStack\data\media\tv\Adventure Time - Distant Lands\Season 01\Adventure Time - Distant Lands - S01E02 - Obsidian.mkv,,,episode,imdb://tt11198702,,unmatched,Adventure Time: Distant Lands – Season 1 – Obsidian
missing episode match metadata,0,F:\MediaStack\data\media\tv\Adventure Time - Distant Lands\Season 01\Adventure Time - Distant Lands - S01E03 - Together Again.mkv,,,episode,imdb://tt11198708,,unmatched,Adventure Time: Distant Lands – Season 1 – Together Again
missing episode match metadata,0,F:\MediaStack\data\media\tv\Adventure Time - Distant Lands\Season 01\Adventure Time - Distant Lands - S01E04 - Wizard City.mkv,,,episode,imdb://tt11198704,,unmatched,Adventure Time: Distant Lands – Season 1 – Wizard City
missing episode match metadata,0,F:\MediaStack\data\media\tv\Adventure Time - Fionna and Cake\Season 01\Adventure Time - Fionna and Cake - S01E01 - Fionna Campbell.mkv,,,episode,imdb://tt15251002,,unmatched,Adventure Time: Fionna and Cake – Season 1 – Fionna Campbell
missing episode match metadata,0,F:\MediaStack\data\media\tv\Adventure Time - Fionna and Cake\Season 01\Adventure Time - Fionna and Cake - S01E02 - Simon Petrikov.mkv,,,episode,imdb://tt28811491,,unmatched,Adventure Time: Fionna and Cake – Season 1 – Simon Petrikov
missing episode match metadata,0,F:\MediaStack\data\media\tv\Adventure Time - Fionna and Cake\Season 01\Adventure Time - Fionna and Cake - S01E03 - Cake the Cat.mkv,,,episode,imdb://tt28819058,,unmatched,Adventure Time: Fionna and Cake – Season 1 – Cake the Cat
missing episode match metadata,0,F:\MediaStack\data\media\tv\Adventure Time - Fionna and Cake\Season 01\Adventure Time - Fionna and Cake - S01E04 - Prismo the Wishmaster.mkv,,,episode,imdb://tt29005589,,unmatched,Adventure Time: Fionna and Cake – Season 1 – Prismo the Wishmaster
missing episode match metadata,0,F:\MediaStack\data\media\tv\Adventure Time - Fionna and Cake\Season 01\Adventure Time - Fionna and Cake - S01E05 - Destiny.mkv,,,episode,imdb://tt29044692,,unmatched,Adventure Time: Fionna and Cake – Season 1 – Destiny
missing episode match metadata,0,F:\MediaStack\data\media\tv\Adventure Time - Fionna and Cake\Season 01\Adventure Time - Fionna and Cake - S01E06 - The Winter King.mkv,,,episode,imdb://tt29044696,,unmatched,Adventure Time: Fionna and Cake – Season 1 – The Winter King
missing episode match metadata,0,F:\MediaStack\data\media\tv\Adventure Time - Fionna and Cake\Season 01\Adventure Time - Fionna and Cake - S01E07 - The Star.mkv,,,episode,imdb://tt29044699,,unmatched,Adventure Time: Fionna and Cake – Season 1 – The Star
missing episode match metadata,0,F:\MediaStack\data\media\tv\Adventure Time - Fionna and Cake\Season 01\Adventure Time - Fionna and Cake - S01E08 - Jerry.mkv,,,episode,imdb://tt29044700,,unmatched,Adventure Time: Fionna and Cake – Season 1 – Jerry
missing episode match metadata,0,F:\MediaStack\data\media\tv\Adventure Time - Fionna and Cake\Season 01\Adventure Time - Fionna and Cake - S01E09 - Casper & Nova.mkv,,,episode,imdb://tt29044703,,unmatched,Adventure Time: Fionna and Cake – Season 1 – Casper & Nova
missing episode match metadata,0,F:\MediaStack\data\media\tv\Adventure Time - Fionna and Cake\Season 01\Adventure Time - Fionna and Cake - S01E10 - Cheers.mkv,,,episode,imdb://tt29044705,,unmatched,Adventure Time: Fionna and Cake – Season 1 – Cheers
missing episode match metadata,0,F:\MediaStack\data\media\tv\Adventure Time - Fionna and Cake\Season 02\Adventure Time - Fionna and Cake - S02E01 - The Hare and the Sprout.mkv,,,episode,imdb://tt30310514,,unmatched,Adventure Time: Fionna and Cake – Season 2 – The Hare and the Sprout
missing episode match metadata,0,F:\MediaStack\data\media\tv\Adventure Time - Fionna and Cake\Season 02\Adventure Time - Fionna and Cake - S02E02 - The Crocodile Who Bit a Log.mkv,,,episode,imdb://tt38773663,,unmatched,Adventure Time: Fionna and Cake – Season 2 – The Crocodile Who Bit a Log
missing episode match metadata,0,F:\MediaStack\data\media\tv\Adventure Time - Fionna and Cake\Season 02\Adventure Time - Fionna and Cake - S02E03 - The Lion of Embers.mkv,,,episode,imdb://tt38773662,,unmatched,Adventure Time: Fionna and Cake – Season 2 – The Lion of Embers
missing episode match metadata,0,F:\MediaStack\data\media\tv\Adventure Time - Fionna and Cake\Season 02\Adventure Time - Fionna and Cake - S02E04 - The Cat Who Tipped the Box.mkv,,,episode,imdb://tt38773664,,unmatched,Adventure Time: Fionna and Cake – Season 2 – The Cat Who Tipped the Box
missing episode match metadata,0,F:\MediaStack\data\media\tv\Adventure Time - Fionna and Cake\Season 02\Adventure Time - Fionna and Cake - S02E05 - The Butterfly and the River.mkv,,,episode,imdb://tt38773667,,unmatched,Adventure Time: Fionna and Cake – Season 2 – The Butterfly and the River
missing episode match metadata,0,F:\MediaStack\data\media\tv\Adventure Time - Fionna and Cake\Season 02\Adventure Time - Fionna and Cake - S02E06 - The Bird in the Clock.mkv,,,episode,imdb://tt38773665,,unmatched,Adventure Time: Fionna and Cake – Season 2 – The Bird in the Clock
missing episode match metadata,0,F:\MediaStack\data\media\tv\Adventure Time - Fionna and Cake\Season 02\Adventure Time - Fionna and Cake - S02E07 - The Wolves Who Wandered.mkv,,,episode,imdb://tt38773666,,unmatched,Adventure Time: Fionna and Cake – Season 2 – The Wolves Who Wandered
missing episode match metadata,0,F:\MediaStack\data\media\tv\Adventure Time - Fionna and Cake\Season 02\Adventure Time - Fionna and Cake - S02E08 - The Insect That Sang.mkv,,,episode,imdb://tt38773668,,unmatched,Adventure Time: Fionna and Cake – Season 2 – The Insect that Sang
missing episode match metadata,0,F:\MediaStack\data\media\tv\Adventure Time - Fionna and Cake\Season 02\Adventure Time - Fionna and Cake - S02E09 - The Worm and his Orchard.mkv,,,episode,imdb://tt38773669,,unmatched,Adventure Time: Fionna and Cake – Season 2 – The Worm and his Orchard
missing episode match metadata,0,F:\MediaStack\data\media\tv\Adventure Time - Fionna and Cake\Season 02\Adventure Time - Fionna and Cake - S02E10 - The Bear and the Rose.mkv,,,episode,imdb://tt38773670,,unmatched,Adventure Time: Fionna and Cake – Season 2 – The Bear and the Rose
missing episode match metadata,0,F:\MediaStack\data\media\tv\Arrested Development\Season 01\Arrested Development - S01E01 - Pilot.mkv,,,episode,imdb://tt0515236,,unmatched,Arrested Development – Season 1 – Pilot
missing episode match metadata,0,F:\MediaStack\data\media\tv\Arrested Development\Season 01\Arrested Development - S01E02 - Top Banana.mkv,,,episode,imdb://tt0515256,,unmatched,Arrested Development – Season 1 – Top Banana
missing episode match metadata,0,F:\MediaStack\data\media\tv\Adventure Time\Season 09\Adventure Time - S09E02 - Elements - Skyhooks (1).mkv,,,episode,imdb://tt6736250,,unmatched,Adventure Time – Season 9 – Elements: Skyhooks (1)
missing episode match metadata,0,F:\MediaStack\data\media\tv\Adventure Time\Season 09\Adventure Time - S09E03 - Elements - Bespoken For (2).mkv,,,episode,imdb://tt6736252,,unmatched,Adventure Time – Season 9 – Elements: Bespoken For (2)
missing episode match metadata,0,F:\MediaStack\data\media\tv\Adventure Time\Season 09\Adventure Time - S09E04 - Elements - Winter Light (3).mkv,,,episode,imdb://tt6736254,,unmatched,Adventure Time – Season 9 – Elements: Winter Light (3)
missing episode match metadata,0,F:\MediaStack\data\media\tv\Adventure Time\Season 09\Adventure Time - S09E05 - Elements - Cloudy (4).mkv,,,episode,imdb://tt6736256,,unmatched,Adventure Time – Season 9 – Elements: Cloudy (4)
missing episode match metadata,0,F:\MediaStack\data\media\tv\Adventure Time\Season 09\Adventure Time - S09E06 - Elements - Slime Central (5).mkv,,,episode,imdb://tt6736258,,unmatched,Adventure Time – Season 9 – Elements: Slime Central (5)
missing episode match metadata,0,F:\MediaStack\data\media\tv\Adventure Time\Season 09\Adventure Time - S09E07 - Elements - Happy Warrior (6).mkv,,,episode,imdb://tt6736260,,unmatched,Adventure Time – Season 9 – Elements: Happy Warrior (6)
missing episode match metadata,0,F:\MediaStack\data\media\tv\Adventure Time\Season 09\Adventure Time - S09E08 - Elements - Hero Heart (7).mkv,,,episode,imdb://tt6736262,,unmatched,Adventure Time – Season 9 – Elements: Hero Heart (7)
missing episode match metadata,0,F:\MediaStack\data\media\tv\Adventure Time\Season 09\Adventure Time - S09E09 - Elements - Skyhooks II (8).mkv,,,episode,imdb://tt6736264,,unmatched,Adventure Time – Season 9 – Elements: Skyhooks II (8)
missing episode match metadata,0,F:\MediaStack\data\media\tv\Adventure Time\Season 09\Adventure Time - S09E10 - Abstract.mkv,,,episode,imdb://tt7102620,,unmatched,Adventure Time – Season 9 – Abstract
missing episode match metadata,0,F:\MediaStack\data\media\tv\Adventure Time\Season 09\Adventure Time - S09E11 - Ketchup.mkv,,,episode,imdb://tt7102622,,unmatched,Adventure Time – Season 9 – Ketchup
missing episode match metadata,0,F:\MediaStack\data\media\tv\Adventure Time\Season 09\Adventure Time - S09E12 - Fionna and Cake and Fionna.mkv,,,episode,imdb://tt7102626,,unmatched,Adventure Time – Season 9 – Fionna and Cake and Fionna
missing episode match metadata,0,F:\MediaStack\data\media\tv\Adventure Time\Season 09\Adventure Time - S09E13 - Whispers.mkv,,,episode,imdb://tt7102628,,unmatched,Adventure Time – Season 9 – Whispers
missing episode match metadata,0,F:\MediaStack\data\media\tv\Adventure Time\Season 09\Adventure Time - S09E14 - Three Buckets.mkv,,,episode,imdb://tt7102630,,unmatched,Adventure Time – Season 9 – Three Buckets
missing episode match metadata,0,F:\MediaStack\data\media\tv\Adventure Time\Season 10\Adventure Time - S10E01 - The Wild Hunt.mkv,,,episode,imdb://tt7308394,,unmatched,Adventure Time – Season 10 – The Wild Hunt
missing episode match metadata,0,F:\MediaStack\data\media\tv\Adventure Time\Season 10\Adventure Time - S10E03 - Son of Rap Bear.mkv,,,episode,imdb://tt7308416,,unmatched,Adventure Time – Season 10 – Son of Rap Bear
missing episode match metadata,0,F:\MediaStack\data\media\tv\Adventure Time\Season 10\Adventure Time - S10E05 - Seventeen.mkv,,,episode,imdb://tt7650228,,unmatched,Adventure Time – Season 10 – Seventeen
missing episode match metadata,0,F:\MediaStack\data\media\tv\Adventure Time\Season 10\Adventure Time - S10E06 - Ring of Fire.mkv,,,episode,imdb://tt7650230,,unmatched,Adventure Time – Season 10 – Ring of Fire
missing episode match metadata,0,F:\MediaStack\data\media\tv\Adventure Time\Season 10\Adventure Time - S10E07 - Marcy & Hunson.mkv,,,episode,imdb://tt7650234,,unmatched,Adventure Time – Season 10 – Marcy & Hunson
missing episode match metadata,0,F:\MediaStack\data\media\tv\Adventure Time\Season 10\Adventure Time - S10E08 - The First Investigation.mkv,,,episode,imdb://tt7650238,,unmatched,Adventure Time – Season 10 – The First Investigation
missing episode match metadata,0,F:\MediaStack\data\media\tv\Adventure Time\Season 10\Adventure Time - S10E09 - Blenanas.mkv,,,episode,imdb://tt8058684,,unmatched,Adventure Time – Season 10 – Blenanas
missing episode match metadata,0,F:\MediaStack\data\media\tv\Adventure Time\Season 10\Adventure Time - S10E10 - Jake the Starchild.mkv,,,episode,imdb://tt8058686,,unmatched,Adventure Time – Season 10 – Jake the Starchild
missing episode match metadata,0,F:\MediaStack\data\media\tv\Adventure Time\Season 10\Adventure Time - S10E11 - Temple of Mars.mkv,,,episode,imdb://tt8058682,,unmatched,Adventure Time – Season 10 – Temple of Mars
missing episode match metadata,0,F:\MediaStack\data\media\tv\Adventure Time\Season 10\Adventure Time - S10E12 - Gumbaldia.mkv,,,episode,imdb://tt8058688,,unmatched,Adventure Time – Season 10 – Gumbaldia
missing episode match metadata,0,F:\MediaStack\data\media\tv\Adventure Time - Distant Lands\Season 01\Adventure Time - Distant Lands - S01E01 - BMO.mkv,,,episode,imdb://tt11198700,,unmatched,Adventure Time: Distant Lands – Season 1 – BMO
missing episode match metadata,0,F:\MediaStack\data\media\tv\Adventure Time\Season 01\Adventure Time - S01E18 - Dungeon.mkv,,,episode,imdb://tt1698777,,unmatched,Adventure Time – Season 1 – Dungeon
missing episode match metadata,0,F:\MediaStack\data\media\tv\Adventure Time\Season 01\Adventure Time - S01E19 - The Duke.mkv,,,episode,imdb://tt1698781,,unmatched,Adventure Time – Season 1 – The Duke
missing episode match metadata,0,F:\MediaStack\data\media\tv\Adventure Time\Season 01\Adventure Time - S01E20 - Freak City.mkv,,,episode,imdb://tt1698779,,unmatched,Adventure Time – Season 1 – Freak City
missing episode match metadata,0,F:\MediaStack\data\media\tv\Adventure Time\Season 01\Adventure Time - S01E21 - Donny.mkv,,,episode,imdb://tt1901191,,unmatched,Adventure Time – Season 1 – Donny
missing episode match metadata,0,F:\MediaStack\data\media\tv\Adventure Time\Season 01\Adventure Time - S01E22 - Henchman.mkv,,,episode,imdb://tt1698775,,unmatched,Adventure Time – Season 1 – Henchman
missing episode match metadata,0,F:\MediaStack\data\media\tv\Adventure Time\Season 01\Adventure Time - S01E23 - Rainy Day Daydream.mkv,,,episode,imdb://tt1748407,,unmatched,Adventure Time – Season 1 – Rainy Day Daydream
missing episode match metadata,0,F:\MediaStack\data\media\tv\Adventure Time\Season 01\Adventure Time - S01E24 - What Have You Done.mkv,,,episode,imdb://tt1763360,,unmatched,Adventure Time – Season 1 – What Have You Done?
missing episode match metadata,0,F:\MediaStack\data\media\tv\Adventure Time\Season 01\Adventure Time - S01E25 - His Hero.mkv,,,episode,imdb://tt1748408,,unmatched,Adventure Time – Season 1 – His Hero
missing episode match metadata,0,F:\MediaStack\data\media\tv\Adventure Time\Season 01\Adventure Time - S01E26 - Gut Grinder.mkv,,,episode,imdb://tt1698773,,unmatched,Adventure Time – Season 1 – Gut Grinder
missing episode match metadata,0,F:\MediaStack\data\media\tv\Adventure Time\Season 07\Adventure Time - S07E06 - Stakes - Marceline the Vampire Queen (1).mkv,,,episode,imdb://tt5175672,,unmatched,Adventure Time – Season 7 – Stakes: Marceline the Vampire Queen (1)
missing episode match metadata,0,F:\MediaStack\data\media\tv\Adventure Time\Season 07\Adventure Time - S07E08 - Stakes - Vamps About (3).mkv,,,episode,imdb://tt5178356,,unmatched,Adventure Time – Season 7 – Stakes: Vamps About (3)
missing episode match metadata,0,F:\MediaStack\data\media\tv\Adventure Time\Season 07\Adventure Time - S07E23 - Crossover.mkv,,,episode,imdb://tt5337588,,unmatched,Adventure Time – Season 7 – Crossover
missing episode match metadata,0,F:\MediaStack\data\media\tv\Adventure Time\Season 07\Adventure Time - S07E24 - The Hall of Egress.mkv,,,episode,imdb://tt5490178,,unmatched,Adventure Time – Season 7 – The Hall of Egress
missing episode match metadata,0,F:\MediaStack\data\media\tv\Adventure Time\Season 07\Adventure Time - S07E25 - Flute Spell.mkv,,,episode,imdb://tt5509092,,unmatched,Adventure Time – Season 7 – Flute Spell
missing episode match metadata,0,F:\MediaStack\data\media\tv\Adventure Time\Season 08\Adventure Time - S08E01 - Broke His Crown.mkv,,,episode,imdb://tt5575862,,unmatched,Adventure Time – Season 8 – Broke His Crown
missing episode match metadata,0,F:\MediaStack\data\media\tv\Adventure Time\Season 08\Adventure Time - S08E02 - Don't Look.mkv,,,episode,imdb://tt5571800,,unmatched,Adventure Time – Season 8 – Don't Look
missing episode match metadata,0,F:\MediaStack\data\media\tv\Adventure Time\Season 08\Adventure Time - S08E03 - Beyond the Grotto.mkv,,,episode,imdb://tt5597954,,unmatched,Adventure Time – Season 8 – Beyond the Grotto
missing episode match metadata,0,F:\MediaStack\data\media\tv\Adventure Time\Season 08\Adventure Time - S08E04 - Lady Rainicorn of the Crystal Dimension.mkv,,,episode,imdb://tt5709708,,unmatched,Adventure Time – Season 8 – Lady Rainicorn of the Crystal Dimension
missing episode match metadata,0,F:\MediaStack\data\media\tv\Adventure Time\Season 08\Adventure Time - S08E05 - I Am a Sword.mkv,,,episode,imdb://tt5622154,,unmatched,Adventure Time – Season 8 – I am a Sword
missing episode match metadata,0,F:\MediaStack\data\media\tv\Adventure Time\Season 08\Adventure Time - S08E06 - Bun Bun.mkv,,,episode,imdb://tt5700380,,unmatched,Adventure Time – Season 8 – Bun Bun
missing episode match metadata,0,F:\MediaStack\data\media\tv\Adventure Time\Season 08\Adventure Time - S08E07 - Normal Man.mkv,,,episode,imdb://tt5654832,,unmatched,Adventure Time – Season 8 – Normal Man
missing episode match metadata,0,F:\MediaStack\data\media\tv\Adventure Time\Season 08\Adventure Time - S08E12 - Preboot.mkv,,,episode,imdb://tt6186784,,unmatched,Adventure Time – Season 8 – Preboot
missing episode match metadata,0,F:\MediaStack\data\media\tv\Adventure Time\Season 08\Adventure Time - S08E15 - Do No Harm.mkv,,,episode,imdb://tt6355336,,unmatched,Adventure Time – Season 8 – Do No Harm
missing episode match metadata,0,F:\MediaStack\data\media\tv\Adventure Time\Season 08\Adventure Time - S08E24 - Islands - Hide and Seek (5).mkv,,,episode,imdb://tt6355366,,unmatched,Adventure Time – Season 8 – Islands: Hide and Seek (5)
missing episode match metadata,0,F:\MediaStack\data\media\tv\Adventure Time\Season 08\Adventure Time - S08E25 - Islands - Min & Marty (6).mkv,,,episode,imdb://tt6355370,,unmatched,Adventure Time – Season 8 – Islands: Min & Marty (6)
missing episode match metadata,0,F:\MediaStack\data\media\tv\Adventure Time\Season 08\Adventure Time - S08E27 - Islands - The Light Cloud (8).mkv,,,episode,imdb://tt6355376,,unmatched,Adventure Time – Season 8 – Islands: The Light Cloud (8)
missing episode match metadata,0,F:\MediaStack\data\media\tv\A.M. Yoga for Your Week\Season 01\A.M. Yoga for Your Week - S01E02 - Twists.mkv,,,episode,local://22437,,unmatched,A.M. Yoga for Your Week – Season 1 – Episode 2
missing episode match metadata,0,F:\MediaStack\data\media\tv\A.M. Yoga for Your Week\Season 01\A.M. Yoga for Your Week - S01E03 - Backbends.mkv,,,episode,local://22438,,unmatched,A.M. Yoga for Your Week – Season 1 – Episode 3
missing episode match metadata,0,F:\MediaStack\data\media\tv\A.M. Yoga for Your Week\Season 01\A.M. Yoga for Your Week - S01E04 - Forward Bends.mkv,,,episode,local://22439,,unmatched,A.M. Yoga for Your Week – Season 1 – Episode 4
missing episode match metadata,0,F:\MediaStack\data\media\tv\A.M. Yoga for Your Week\Season 01\A.M. Yoga for Your Week - S01E05 - Hip Openers.mkv,,,episode,local://22440,,unmatched,A.M. Yoga for Your Week – Season 1 – Episode 5
missing episode match metadata,0,F:\MediaStack\data\media\tv\Adventure Time\Season 01\Adventure Time - S01E01 - Slumber Party Panic.mkv,,,episode,imdb://tt1615520,,unmatched,Adventure Time – Season 1 – Slumber Party Panic
missing episode match metadata,0,F:\MediaStack\data\media\tv\Adventure Time\Season 01\Adventure Time - S01E02 - Trouble in Lumpy Space.mkv,,,episode,imdb://tt1615521,,unmatched,Adventure Time – Season 1 – Trouble in Lumpy Space
missing episode match metadata,0,F:\MediaStack\data\media\tv\Adventure Time\Season 01\Adventure Time - S01E03 - Prisoners of Love.mkv,,,episode,imdb://tt1622039,,unmatched,Adventure Time – Season 1 – Prisoners of Love
missing episode match metadata,0,F:\MediaStack\data\media\tv\Adventure Time\Season 01\Adventure Time - S01E04 - Tree Trunks.mkv,,,episode,imdb://tt1626279,,unmatched,Adventure Time – Season 1 – Tree Trunks
missing episode match metadata,0,F:\MediaStack\data\media\tv\Adventure Time\Season 01\Adventure Time - S01E05 - The Enchiridion!.mkv,,,episode,imdb://tt1626278,,unmatched,Adventure Time – Season 1 – The Enchiridion!
missing episode match metadata,0,F:\MediaStack\data\media\tv\Adventure Time\Season 01\Adventure Time - S01E06 - The Jiggler.mkv,,,episode,imdb://tt2237922,,unmatched,Adventure Time – Season 1 – The Jiggler
missing episode match metadata,0,F:\MediaStack\data\media\tv\Adventure Time\Season 01\Adventure Time - S01E07 - Ricardio the Heart Guy.mkv,,,episode,imdb://tt1626280,,unmatched,Adventure Time – Season 1 – Ricardio the Heart Guy
missing episode match metadata,0,F:\MediaStack\data\media\tv\Adventure Time\Season 01\Adventure Time - S01E08 - Business Time.mkv,,,episode,imdb://tt2237940,,unmatched,Adventure Time – Season 1 – Business Time
missing episode match metadata,0,F:\MediaStack\data\media\tv\Adventure Time\Season 01\Adventure Time - S01E09 - My Two Favorite People.mkv,,,episode,imdb://tt2237954,,unmatched,Adventure Time – Season 1 – My Two Favorite People
missing episode match metadata,0,F:\MediaStack\data\media\tv\Adventure Time\Season 01\Adventure Time - S01E10 - Memories of Boom Boom Mountain.mkv,,,episode,imdb://tt1685055,,unmatched,Adventure Time – Season 1 – Memories of Boom Boom Mountain
missing episode match metadata,0,F:\MediaStack\data\media\tv\Adventure Time\Season 01\Adventure Time - S01E11 - Wizard.mkv,,,episode,imdb://tt1698778,,unmatched,Adventure Time – Season 1 – Wizard
missing episode match metadata,0,F:\MediaStack\data\media\tv\Adventure Time\Season 01\Adventure Time - S01E12 - Evicted!.mkv,,,episode,imdb://tt2237972,,unmatched,Adventure Time – Season 1 – Evicted!
missing episode match metadata,0,F:\MediaStack\data\media\tv\Adventure Time\Season 01\Adventure Time - S01E13 - City of Thieves.mkv,,,episode,imdb://tt1699254,,unmatched,Adventure Time – Season 1 – City of Thieves
missing episode match metadata,0,F:\MediaStack\data\media\tv\Adventure Time\Season 01\Adventure Time - S01E14 - The Witch's Garden.mkv,,,episode,imdb://tt1698782,,unmatched,Adventure Time – Season 1 – The Witch's Garden
missing episode match metadata,0,F:\MediaStack\data\media\tv\Adventure Time\Season 01\Adventure Time - S01E15 - What is Life.mkv,,,episode,imdb://tt1698784,,unmatched,Adventure Time – Season 1 – What Is Life?
missing episode match metadata,0,F:\MediaStack\data\media\tv\Adventure Time\Season 01\Adventure Time - S01E16 - Ocean of Fear.mkv,,,episode,imdb://tt1698780,,unmatched,Adventure Time – Season 1 – Ocean of Fear
missing episode match metadata,0,F:\MediaStack\data\media\tv\Adventure Time\Season 01\Adventure Time - S01E17 - When Wedding Bells Thaw.mkv,,,episode,imdb://tt1698783,,unmatched,Adventure Time – Season 1 – When Wedding Bells Thaw
missing episode match metadata,0,F:\MediaStack\data\media\tv\A.M. Yoga for Your Week\Season 01\A.M. Yoga for Your Week - S01E01 - Standing Poses.mkv,,,episode,local://22436,,unmatched,A.M. Yoga for Your Week – Season 1 – Episode 1
media directory does not exist,0,F:\MediaStack\data\media\tv\Hunter x Hunter (2011)\Season 03\Hunter x Hunter (2011) - S03E09 - Defeat x And x Reunion.mkv,,,episode,local://23431,,skipped,Hunter x Hunter – Season 3 – Episode 9
media directory does not exist,0,F:\MediaStack\data\media\tv\Hunter x Hunter (2011)\Season 03\Hunter x Hunter (2011) - S03E10 - Chairman x And x Release.mkv,,,episode,local://23432,,skipped,Hunter x Hunter – Season 3 – Episode 10
media directory does not exist,0,F:\MediaStack\data\media\tv\Hunter x Hunter (2011)\Season 03\Hunter x Hunter (2011) - S03E11 - Salvation x And x Future.mkv,,,episode,local://23433,,skipped,Hunter x Hunter – Season 3 – Episode 11
media directory does not exist,0,F:\MediaStack\data\media\tv\Hunter x Hunter (2011)\Season 03\Hunter x Hunter (2011) - S03E12 - Past x And x Future.mkv,,,episode,local://23434,,skipped,Hunter x Hunter – Season 3 – Episode 12
media directory does not exist,0,F:\MediaStack\data\media\tv\Hunter x Hunter (2011)\Season 02\Hunter x Hunter (2011) - S02E66 - Breakdown x And x Awakening.mkv,,,episode,imdb://tt3055178,,skipped,Hunter x Hunter – Season 2 – Strategy x And x Scheme
media directory does not exist,0,F:\MediaStack\data\media\tv\Hunter x Hunter (2011)\Season 02\Hunter x Hunter (2011) - S02E67 - Great Power x And x Ultimate Power.mkv,,,episode,imdb://tt3055180,,skipped,Hunter x Hunter – Season 2 – 15 x 15
media directory does not exist,0,F:\MediaStack\data\media\tv\Hunter x Hunter (2011)\Season 02\Hunter x Hunter (2011) - S02E68 - Zero x And x Rose.mkv,,,episode,imdb://tt3055174,,skipped,Hunter x Hunter – Season 2 – Pirates x And x Guesses
media directory does not exist,0,F:\MediaStack\data\media\tv\Hunter x Hunter (2011)\Season 02\Hunter x Hunter (2011) - S02E69 - Hostility x And x Determination.mkv,,,episode,imdb://tt3055184,,skipped,Hunter x Hunter – Season 2 – A x Heated x Showdown
media directory does not exist,0,F:\MediaStack\data\media\tv\Hunter x Hunter (2011)\Season 02\Hunter x Hunter (2011) - S02E70 - Unparalleled Joy x And x Unconditional Love.mkv,,,episode,imdb://tt3055176,,skipped,Hunter x Hunter – Season 2 – Guts x And x Courage
media directory does not exist,0,F:\MediaStack\data\media\tv\Hunter x Hunter (2011)\Season 02\Hunter x Hunter (2011) - S02E71 - Formidable Enemy x And x Clear Objective.mkv,,,episode,imdb://tt3055182,,skipped,Hunter x Hunter – Season 2 – Bargain x And x Deal
media directory does not exist,0,F:\MediaStack\data\media\tv\Hunter x Hunter (2011)\Season 02\Hunter x Hunter (2011) - S02E72 - Magic x to x Destroy.mkv,,,episode,imdb://tt3055186,,skipped,Hunter x Hunter – Season 2 – Chase x And x Chance
media directory does not exist,0,F:\MediaStack\data\media\tv\Hunter x Hunter (2011)\Season 02\Hunter x Hunter (2011) - S02E73 - Anger x And x Light.mkv,,,episode,imdb://tt3055190,,skipped,Hunter x Hunter – Season 2 – Insanity x And x Sanity
media directory does not exist,0,F:\MediaStack\data\media\tv\Hunter x Hunter (2011)\Season 02\Hunter x Hunter (2011) - S02E74 - Flash x And x Start.mkv,,,episode,imdb://tt3055194,,skipped,Hunter x Hunter – Season 2 – Victor x And x Loser
media directory does not exist,0,F:\MediaStack\data\media\tv\Hunter x Hunter (2011)\Season 02\Hunter x Hunter (2011) - S02E75 - Deadline x To x Live.mkv,,,episode,imdb://tt3055192,,skipped,Hunter x Hunter – Season 2 – Ging's Friends x And x True Friends
media directory does not exist,0,F:\MediaStack\data\media\tv\Hunter x Hunter (2011)\Season 02\Hunter x Hunter (2011) - S02E76 - The Word x Is x You.mkv,,,episode,imdb://tt2919438,,skipped,Hunter x Hunter – Season 2 – Reunion x And x Understanding
media directory does not exist,0,F:\MediaStack\data\media\tv\Hunter x Hunter (2011)\Season 02\Hunter x Hunter (2011) - S02E77 - This Person x And x This Moment.mkv,,,episode,imdb://tt3055198,,skipped,Hunter x Hunter – Season 2 – Unease x And x Sighting
media directory does not exist,0,F:\MediaStack\data\media\tv\Hunter x Hunter (2011)\Season 02\Hunter x Hunter (2011) - S02E78 - Homecoming x And x True Name.mkv,,,episode,imdb://tt3055200,,skipped,Hunter x Hunter – Season 2 – Very x Rapid x Reproduction
media directory does not exist,0,F:\MediaStack\data\media\tv\Hunter x Hunter (2011)\Season 03\Hunter x Hunter (2011) - S03E01 - Debate x Among x Zodiacs.mkv,,,episode,local://23423,,skipped,Hunter x Hunter – Season 3 – Episode 1
media directory does not exist,0,F:\MediaStack\data\media\tv\Hunter x Hunter (2011)\Season 03\Hunter x Hunter (2011) - S03E02 - Request x And x Wish.mkv,,,episode,local://23424,,skipped,Hunter x Hunter – Season 3 – Episode 2
media directory does not exist,0,F:\MediaStack\data\media\tv\Hunter x Hunter (2011)\Season 03\Hunter x Hunter (2011) - S03E03 - Alluka x And x Something.mkv,,,episode,local://23425,,skipped,Hunter x Hunter – Season 3 – Episode 3
media directory does not exist,0,F:\MediaStack\data\media\tv\Hunter x Hunter (2011)\Season 03\Hunter x Hunter (2011) - S03E04 - Joining the Fray x And x Open Hostilities.mkv,,,episode,local://23426,,skipped,Hunter x Hunter – Season 3 – Episode 4
media directory does not exist,0,F:\MediaStack\data\media\tv\Hunter x Hunter (2011)\Season 03\Hunter x Hunter (2011) - S03E05 - Magician x And x Butler.mkv,,,episode,local://23427,,skipped,Hunter x Hunter – Season 3 – Episode 5
media directory does not exist,0,F:\MediaStack\data\media\tv\Hunter x Hunter (2011)\Season 03\Hunter x Hunter (2011) - S03E06 - Needles x And x Debt.mkv,,,episode,local://23428,,skipped,Hunter x Hunter – Season 3 – Episode 6
media directory does not exist,0,F:\MediaStack\data\media\tv\Hunter x Hunter (2011)\Season 03\Hunter x Hunter (2011) - S03E07 - Sin x And x Claw.mkv,,,episode,local://23429,,skipped,Hunter x Hunter – Season 3 – Episode 7
media directory does not exist,0,F:\MediaStack\data\media\tv\Hunter x Hunter (2011)\Season 03\Hunter x Hunter (2011) - S03E08 - Approval x And x Coalition.mkv,,,episode,local://23430,,skipped,Hunter x Hunter – Season 3 – Episode 8
media directory does not exist,0,F:\MediaStack\data\media\tv\Hunter x Hunter (2011)\Season 02\Hunter x Hunter (2011) - S02E39 - Carnage x And x Devastation.mkv,,,episode,local://23381,,skipped,Hunter x Hunter – Season 2 – Episode 39
media directory does not exist,0,F:\MediaStack\data\media\tv\Hunter x Hunter (2011)\Season 02\Hunter x Hunter (2011) - S02E40 - Infiltration x And x Selection.mkv,,,episode,local://23382,,skipped,Hunter x Hunter – Season 2 – Episode 40
media directory does not exist,0,F:\MediaStack\data\media\tv\Hunter x Hunter (2011)\Season 02\Hunter x Hunter (2011) - S02E41 - Combination x And x Evolution.mkv,,,episode,local://23383,,skipped,Hunter x Hunter – Season 2 – Episode 41
media directory does not exist,0,F:\MediaStack\data\media\tv\Hunter x Hunter (2011)\Season 02\Hunter x Hunter (2011) - S02E42 - Tracking x And x Pursuit.mkv,,,episode,local://23384,,skipped,Hunter x Hunter – Season 2 – Episode 42
media directory does not exist,0,F:\MediaStack\data\media\tv\Hunter x Hunter (2011)\Season 02\Hunter x Hunter (2011) - S02E43 - Ikalgo x And x Lightning.mkv,,,episode,local://23385,,skipped,Hunter x Hunter – Season 2 – Episode 43
media directory does not exist,0,F:\MediaStack\data\media\tv\Hunter x Hunter (2011)\Season 02\Hunter x Hunter (2011) - S02E44 - Power x And x Games.mkv,,,episode,local://23386,,skipped,Hunter x Hunter – Season 2 – Episode 44
media directory does not exist,0,F:\MediaStack\data\media\tv\Hunter x Hunter (2011)\Season 02\Hunter x Hunter (2011) - S02E45 - Check x And x Mate.mkv,,,episode,local://23387,,skipped,Hunter x Hunter – Season 2 – Episode 45
media directory does not exist,0,F:\MediaStack\data\media\tv\Hunter x Hunter (2011)\Season 02\Hunter x Hunter (2011) - S02E46 - Doubt x And x Hesitation.mkv,,,episode,local://23388,,skipped,Hunter x Hunter – Season 2 – Episode 46
media directory does not exist,0,F:\MediaStack\data\media\tv\Hunter x Hunter (2011)\Season 02\Hunter x Hunter (2011) - S02E47 - Resolve x And x Awakening.mkv,,,episode,local://23389,,skipped,Hunter x Hunter – Season 2 – Episode 47
media directory does not exist,0,F:\MediaStack\data\media\tv\Hunter x Hunter (2011)\Season 02\Hunter x Hunter (2011) - S02E48 - Knov x And x Morel.mkv,,,episode,local://23390,,skipped,Hunter x Hunter – Season 2 – Episode 48
media directory does not exist,0,F:\MediaStack\data\media\tv\Hunter x Hunter (2011)\Season 02\Hunter x Hunter (2011) - S02E49 - Return x And x Retire.mkv,,,episode,local://23391,,skipped,Hunter x Hunter – Season 2 – Episode 49
media directory does not exist,0,F:\MediaStack\data\media\tv\Hunter x Hunter (2011)\Season 02\Hunter x Hunter (2011) - S02E50 - Gungi x Of x Komugi.mkv,,,episode,local://23392,,skipped,Hunter x Hunter – Season 2 – Episode 50
media directory does not exist,0,F:\MediaStack\data\media\tv\Hunter x Hunter (2011)\Season 02\Hunter x Hunter (2011) - S02E51 - Taking Stock x And x Taking Action.mkv,,,episode,local://23393,,skipped,Hunter x Hunter – Season 2 – Episode 51
media directory does not exist,0,F:\MediaStack\data\media\tv\Hunter x Hunter (2011)\Season 02\Hunter x Hunter (2011) - S02E52 - Confusion x And x Expectation.mkv,,,episode,local://23394,,skipped,Hunter x Hunter – Season 2 – Episode 52
media directory does not exist,0,F:\MediaStack\data\media\tv\Hunter x Hunter (2011)\Season 02\Hunter x Hunter (2011) - S02E53 - Charge x And x Invade.mkv,,,episode,local://23395,,skipped,Hunter x Hunter – Season 2 – Episode 53
media directory does not exist,0,F:\MediaStack\data\media\tv\Hunter x Hunter (2011)\Season 02\Hunter x Hunter (2011) - S02E54 - Monster x And x Monster.mkv,,,episode,local://23396,,skipped,Hunter x Hunter – Season 2 – Episode 54
media directory does not exist,0,F:\MediaStack\data\media\tv\Hunter x Hunter (2011)\Season 02\Hunter x Hunter (2011) - S02E55 - An x Indebted x Insect.mkv,,,episode,local://23397,,skipped,Hunter x Hunter – Season 2 – Episode 55
media directory does not exist,0,F:\MediaStack\data\media\tv\Hunter x Hunter (2011)\Season 02\Hunter x Hunter (2011) - S02E56 - Divide x And x Conquer.mkv,,,episode,local://23398,,skipped,Hunter x Hunter – Season 2 – Episode 56
media directory does not exist,0,F:\MediaStack\data\media\tv\Hunter x Hunter (2011)\Season 02\Hunter x Hunter (2011) - S02E57 - Duty x and x Question.mkv,,,episode,local://23399,,skipped,Hunter x Hunter – Season 2 – Episode 57
media directory does not exist,0,F:\MediaStack\data\media\tv\Hunter x Hunter (2011)\Season 02\Hunter x Hunter (2011) - S02E58 - Revenge x And x Recovery.mkv,,,episode,local://23400,,skipped,Hunter x Hunter – Season 2 – Episode 58
media directory does not exist,0,F:\MediaStack\data\media\tv\Hunter x Hunter (2011)\Season 02\Hunter x Hunter (2011) - S02E59 - Insult x And x Payback.mkv,,,episode,local://23401,,skipped,Hunter x Hunter – Season 2 – Episode 59
media directory does not exist,0,F:\MediaStack\data\media\tv\Hunter x Hunter (2011)\Season 02\Hunter x Hunter (2011) - S02E60 - A x False x Rage.mkv,,,episode,local://23403,,skipped,Hunter x Hunter – Season 2 – Episode 60
media directory does not exist,0,F:\MediaStack\data\media\tv\Hunter x Hunter (2011)\Season 02\Hunter x Hunter (2011) - S02E61 - Strong x Or x Weak.mkv,,,episode,local://23404,,skipped,Hunter x Hunter – Season 2 – Episode 61
media directory does not exist,0,F:\MediaStack\data\media\tv\Hunter x Hunter (2011)\Season 02\Hunter x Hunter (2011) - S02E62 - Fake x And x Real.mkv,,,episode,local://23405,,skipped,Hunter x Hunter – Season 2 – Episode 62
media directory does not exist,0,F:\MediaStack\data\media\tv\Hunter x Hunter (2011)\Season 02\Hunter x Hunter (2011) - S02E63 - Defeat x And x Dignity.mkv,,,episode,imdb://tt3055164,,skipped,Hunter x Hunter – Season 2 – A x Hard x Master?
media directory does not exist,0,F:\MediaStack\data\media\tv\Hunter x Hunter (2011)\Season 02\Hunter x Hunter (2011) - S02E64 - Pose x And x Name.mkv,,,episode,imdb://tt3055166,,skipped,Hunter x Hunter – Season 2 – Strengthen x And x Threaten
media directory does not exist,0,F:\MediaStack\data\media\tv\Hunter x Hunter (2011)\Season 02\Hunter x Hunter (2011) - S02E65 - Centipede x And x Memory.mkv,,,episode,imdb://tt3055170,,skipped,"Hunter x Hunter – Season 2 – Evil Fist x And x Rock, Paper, Scissors"
media directory does not exist,0,F:\MediaStack\data\media\tv\Hunter x Hunter (2011)\Season 02\Hunter x Hunter (2011) - S02E10 - Pirates x And x Guesses.mkv,,,episode,local://23352,,skipped,Hunter x Hunter – Season 2 – Episode 10
media directory does not exist,0,F:\MediaStack\data\media\tv\Hunter x Hunter (2011)\Season 02\Hunter x Hunter (2011) - S02E11 - A x Heated x Showdown.mkv,,,episode,local://23353,,skipped,Hunter x Hunter – Season 2 – Episode 11
media directory does not exist,0,F:\MediaStack\data\media\tv\Hunter x Hunter (2011)\Season 02\Hunter x Hunter (2011) - S02E12 - Guts x And x Courage.mkv,,,episode,local://23354,,skipped,Hunter x Hunter – Season 2 – Episode 12
media directory does not exist,0,F:\MediaStack\data\media\tv\Hunter x Hunter (2011)\Season 02\Hunter x Hunter (2011) - S02E13 - Bargain x And x Deal.mkv,,,episode,local://23355,,skipped,Hunter x Hunter – Season 2 – Episode 13
media directory does not exist,0,F:\MediaStack\data\media\tv\Hunter x Hunter (2011)\Season 02\Hunter x Hunter (2011) - S02E14 - Chase x And x Chance.mkv,,,episode,local://23356,,skipped,Hunter x Hunter – Season 2 – Episode 14
media directory does not exist,0,F:\MediaStack\data\media\tv\Hunter x Hunter (2011)\Season 02\Hunter x Hunter (2011) - S02E15 - Insanity x And x Sanity.mkv,,,episode,local://23357,,skipped,Hunter x Hunter – Season 2 – Episode 15
media directory does not exist,0,F:\MediaStack\data\media\tv\Hunter x Hunter (2011)\Season 02\Hunter x Hunter (2011) - S02E16 - Victor x And x Loser.mkv,,,episode,local://23358,,skipped,Hunter x Hunter – Season 2 – Episode 16
media directory does not exist,0,F:\MediaStack\data\media\tv\Hunter x Hunter (2011)\Season 02\Hunter x Hunter (2011) - S02E17 - Ging's Friends x And x True Friends.mkv,,,episode,local://23359,,skipped,Hunter x Hunter – Season 2 – Episode 17
media directory does not exist,0,F:\MediaStack\data\media\tv\Hunter x Hunter (2011)\Season 02\Hunter x Hunter (2011) - S02E18 - Reunion x And x Understanding.mkv,,,episode,local://23360,,skipped,Hunter x Hunter – Season 2 – Episode 18
media directory does not exist,0,F:\MediaStack\data\media\tv\Hunter x Hunter (2011)\Season 02\Hunter x Hunter (2011) - S02E19 - Unease x And x Sighting.mkv,,,episode,local://23361,,skipped,Hunter x Hunter – Season 2 – Episode 19
media directory does not exist,0,F:\MediaStack\data\media\tv\Hunter x Hunter (2011)\Season 02\Hunter x Hunter (2011) - S02E20 - Very x Rapid x Reproduction.mkv,,,episode,local://23362,,skipped,Hunter x Hunter – Season 2 – Episode 20
media directory does not exist,0,F:\MediaStack\data\media\tv\Hunter x Hunter (2011)\Season 02\Hunter x Hunter (2011) - S02E21 - No x Good x NGL.mkv,,,episode,local://23363,,skipped,Hunter x Hunter – Season 2 – Episode 21
media directory does not exist,0,F:\MediaStack\data\media\tv\Hunter x Hunter (2011)\Season 02\Hunter x Hunter (2011) - S02E22 - Evil x And x Terrible.mkv,,,episode,local://23364,,skipped,Hunter x Hunter – Season 2 – Episode 22
media directory does not exist,0,F:\MediaStack\data\media\tv\Hunter x Hunter (2011)\Season 02\Hunter x Hunter (2011) - S02E23 - The x Fight x Begins.mkv,,,episode,local://23365,,skipped,Hunter x Hunter – Season 2 – Episode 23
media directory does not exist,0,F:\MediaStack\data\media\tv\Hunter x Hunter (2011)\Season 02\Hunter x Hunter (2011) - S02E24 - Kite x And x Slots.mkv,,,episode,local://23366,,skipped,Hunter x Hunter – Season 2 – Episode 24
media directory does not exist,0,F:\MediaStack\data\media\tv\Hunter x Hunter (2011)\Season 02\Hunter x Hunter (2011) - S02E25 - Inspiration x To x Evolve.mkv,,,episode,local://23367,,skipped,Hunter x Hunter – Season 2 – Episode 25
media directory does not exist,0,F:\MediaStack\data\media\tv\Hunter x Hunter (2011)\Season 02\Hunter x Hunter (2011) - S02E26 - A x Fated x Awakening.mkv,,,episode,local://23368,,skipped,Hunter x Hunter – Season 2 – Episode 26
media directory does not exist,0,F:\MediaStack\data\media\tv\Hunter x Hunter (2011)\Season 02\Hunter x Hunter (2011) - S02E27 - Light x And x Dark.mkv,,,episode,local://23369,,skipped,Hunter x Hunter – Season 2 – Episode 27
media directory does not exist,0,F:\MediaStack\data\media\tv\Hunter x Hunter (2011)\Season 02\Hunter x Hunter (2011) - S02E28 - Promise x And x Reunion.mkv,,,episode,local://23370,,skipped,Hunter x Hunter – Season 2 – Episode 28
media directory does not exist,0,F:\MediaStack\data\media\tv\Hunter x Hunter (2011)\Season 02\Hunter x Hunter (2011) - S02E29 - Duel x And x Escape.mkv,,,episode,local://23371,,skipped,Hunter x Hunter – Season 2 – Episode 29
media directory does not exist,0,"F:\MediaStack\data\media\tv\Hunter x Hunter (2011)\Season 02\Hunter x Hunter (2011) - S02E30 - Rock, Paper, Scissors x And x Weakness.mkv",,,episode,local://23372,,skipped,Hunter x Hunter – Season 2 – Episode 30
media directory does not exist,0,F:\MediaStack\data\media\tv\Hunter x Hunter (2011)\Season 02\Hunter x Hunter (2011) - S02E31 - Compassion x And x Strength.mkv,,,episode,local://23373,,skipped,Hunter x Hunter – Season 2 – Episode 31
media directory does not exist,0,F:\MediaStack\data\media\tv\Hunter x Hunter (2011)\Season 02\Hunter x Hunter (2011) - S02E32 - Interest x And x Curse.mkv,,,episode,local://23374,,skipped,Hunter x Hunter – Season 2 – Episode 32
media directory does not exist,0,F:\MediaStack\data\media\tv\Hunter x Hunter (2011)\Season 02\Hunter x Hunter (2011) - S02E33 - The Strong x And x The Weak.mkv,,,episode,local://23375,,skipped,Hunter x Hunter – Season 2 – Episode 33
media directory does not exist,0,F:\MediaStack\data\media\tv\Hunter x Hunter (2011)\Season 02\Hunter x Hunter (2011) - S02E34 - One Wish x And x Two Promises.mkv,,,episode,local://23376,,skipped,Hunter x Hunter – Season 2 – Episode 34
media directory does not exist,0,F:\MediaStack\data\media\tv\Hunter x Hunter (2011)\Season 02\Hunter x Hunter (2011) - S02E35 - Date x With x Palm.mkv,,,episode,local://23377,,skipped,Hunter x Hunter – Season 2 – Episode 35
media directory does not exist,0,F:\MediaStack\data\media\tv\Hunter x Hunter (2011)\Season 02\Hunter x Hunter (2011) - S02E36 - Friend x And x Journey.mkv,,,episode,local://23378,,skipped,Hunter x Hunter – Season 2 – Episode 36
media directory does not exist,0,F:\MediaStack\data\media\tv\Hunter x Hunter (2011)\Season 02\Hunter x Hunter (2011) - S02E37 - Grudge x And x Dread.mkv,,,episode,local://23379,,skipped,Hunter x Hunter – Season 2 – Episode 37
media directory does not exist,0,F:\MediaStack\data\media\tv\Hunter x Hunter (2011)\Season 02\Hunter x Hunter (2011) - S02E38 - A x Lawless x Home.mkv,,,episode,local://23380,,skipped,Hunter x Hunter – Season 2 – Episode 38
media directory does not exist,0,F:\MediaStack\data\media\tv\Hunter x Hunter (2011)\Season 01\Hunter x Hunter (2011) - S01E56 - Beloved x And x Beleaguered.mkv,,,episode,imdb://tt3055146,,skipped,Hunter x Hunter – Season 1 – Beloved x And x Beleaguered
media directory does not exist,0,F:\MediaStack\data\media\tv\Hunter x Hunter (2011)\Season 01\Hunter x Hunter (2011) - S01E57 - Initiative x And x Law.mkv,,,episode,imdb://tt3055150,,skipped,Hunter x Hunter – Season 1 – Initiative x And x Law
media directory does not exist,0,F:\MediaStack\data\media\tv\Hunter x Hunter (2011)\Season 01\Hunter x Hunter (2011) - S01E58 - Signal x To x Retreat.mkv,,,episode,imdb://tt3055152,,skipped,Hunter x Hunter – Season 1 – Signal x To x Retreat
media directory does not exist,0,F:\MediaStack\data\media\tv\Hunter x Hunter (2011)\Season 02\Hunter x Hunter (2011) - S02E01 - Bid x And x Haste.mkv,,,episode,local://23343,,skipped,Hunter x Hunter – Season 2 – Episode 1
media directory does not exist,0,F:\MediaStack\data\media\tv\Hunter x Hunter (2011)\Season 02\Hunter x Hunter (2011) - S02E02 - End x And x Beginning.mkv,,,episode,local://23344,,skipped,Hunter x Hunter – Season 2 – Episode 2
media directory does not exist,0,F:\MediaStack\data\media\tv\Hunter x Hunter (2011)\Season 02\Hunter x Hunter (2011) - S02E03 - Invitation x And x Friend.mkv,,,episode,local://23345,,skipped,Hunter x Hunter – Season 2 – Episode 3
media directory does not exist,0,F:\MediaStack\data\media\tv\Hunter x Hunter (2011)\Season 02\Hunter x Hunter (2011) - S02E04 - Reality x And x Raw.mkv,,,episode,local://23346,,skipped,Hunter x Hunter – Season 2 – Episode 4
media directory does not exist,0,F:\MediaStack\data\media\tv\Hunter x Hunter (2011)\Season 02\Hunter x Hunter (2011) - S02E05 - A x Hard x Master.mkv,,,episode,local://23347,,skipped,Hunter x Hunter – Season 2 – Episode 5
media directory does not exist,0,F:\MediaStack\data\media\tv\Hunter x Hunter (2011)\Season 02\Hunter x Hunter (2011) - S02E06 - Strengthen x And x Threaten.mkv,,,episode,local://23348,,skipped,Hunter x Hunter – Season 2 – Episode 6
media directory does not exist,0,"F:\MediaStack\data\media\tv\Hunter x Hunter (2011)\Season 02\Hunter x Hunter (2011) - S02E07 - Evil Fist x And x Rock, Paper, Scissors.mkv",,,episode,local://23349,,skipped,Hunter x Hunter – Season 2 – Episode 7
media directory does not exist,0,F:\MediaStack\data\media\tv\Hunter x Hunter (2011)\Season 02\Hunter x Hunter (2011) - S02E08 - Strategy x And x Scheme.mkv,,,episode,local://23350,,skipped,Hunter x Hunter – Season 2 – Episode 8
media directory does not exist,0,F:\MediaStack\data\media\tv\Hunter x Hunter (2011)\Season 02\Hunter x Hunter (2011) - S02E09 - 15 x 15.mkv,,,episode,local://23351,,skipped,Hunter x Hunter – Season 2 – Episode 9
media directory does not exist,0,F:\MediaStack\data\media\tv\Hunter x Hunter (2011)\Season 01\Hunter x Hunter (2011) - S01E27 - Arrival x At x The Arena.mkv,,,episode,imdb://tt2506424,,skipped,Hunter x Hunter – Season 1 – Arrival x At The x Arena!
media directory does not exist,0,F:\MediaStack\data\media\tv\Hunter x Hunter (2011)\Season 01\Hunter x Hunter (2011) - S01E28 - Nen x and x Nen.mkv,,,episode,imdb://tt2506428,,skipped,"Hunter x Hunter – Season 1 – Nen x And x ""Nen"""
media directory does not exist,0,F:\MediaStack\data\media\tv\Hunter x Hunter (2011)\Season 01\Hunter x Hunter (2011) - S01E29 - Awakening x And x Potential.mkv,,,episode,imdb://tt2506430,,skipped,Hunter x Hunter – Season 1 – Awakening x And x Potential!
media directory does not exist,0,F:\MediaStack\data\media\tv\Hunter x Hunter (2011)\Season 01\Hunter x Hunter (2011) - S01E30 - Fierce x and x Ferocious.mkv,,,episode,imdb://tt2506432,,skipped,Hunter x Hunter – Season 1 – Fierce x and x Ferocious
media directory does not exist,0,F:\MediaStack\data\media\tv\Hunter x Hunter (2011)\Season 01\Hunter x Hunter (2011) - S01E31 - Destiny x and x Tenacity.mkv,,,episode,imdb://tt2677550,,skipped,Hunter x Hunter – Season 1 – Destiny x and x Tenacity!
media directory does not exist,0,F:\MediaStack\data\media\tv\Hunter x Hunter (2011)\Season 01\Hunter x Hunter (2011) - S01E32 - A x Surprising x Win.mkv,,,episode,imdb://tt2677554,,skipped,Hunter x Hunter – Season 1 – A x Surprising x Win
media directory does not exist,0,F:\MediaStack\data\media\tv\Hunter x Hunter (2011)\Season 01\Hunter x Hunter (2011) - S01E33 - An x Empty x Threat.mkv,,,episode,imdb://tt2677558,,skipped,Hunter x Hunter – Season 1 – An x Empty x Threat!
media directory does not exist,0,F:\MediaStack\data\media\tv\Hunter x Hunter (2011)\Season 01\Hunter x Hunter (2011) - S01E34 - Power x To x Avenge.mkv,,,episode,imdb://tt2677562,,skipped,Hunter x Hunter – Season 1 – Power x To x Avenge!
media directory does not exist,0,F:\MediaStack\data\media\tv\Hunter x Hunter (2011)\Season 01\Hunter x Hunter (2011) - S01E35 - The x True x Pass.mkv,,,episode,imdb://tt2677566,,skipped,Hunter x Hunter – Season 1 – The x True x Pass
media directory does not exist,0,F:\MediaStack\data\media\tv\Hunter x Hunter (2011)\Season 01\Hunter x Hunter (2011) - S01E36 - A Big Debt x And x A Small Kick.mkv,,,episode,imdb://tt2677570,,skipped,Hunter x Hunter – Season 1 – A Big Debt x And x A Small Kick!
media directory does not exist,0,F:\MediaStack\data\media\tv\Hunter x Hunter (2011)\Season 01\Hunter x Hunter (2011) - S01E37 - Ging x And x Gon.mkv,,,episode,imdb://tt2856262,,skipped,Hunter x Hunter – Season 1 – Ging x And x Gon!
media directory does not exist,0,F:\MediaStack\data\media\tv\Hunter x Hunter (2011)\Season 01\Hunter x Hunter (2011) - S01E38 - Reply x From x Dad.mkv,,,episode,imdb://tt2856270,,skipped,Hunter x Hunter – Season 1 – Reply x From x Dad!
media directory does not exist,0,F:\MediaStack\data\media\tv\Hunter x Hunter (2011)\Season 01\Hunter x Hunter (2011) - S01E39 - Wish x And x Promise.mkv,,,episode,imdb://tt3068244,,skipped,Hunter x Hunter – Season 1 – Wish x And x Promise!
media directory does not exist,0,F:\MediaStack\data\media\tv\Hunter x Hunter (2011)\Season 01\Hunter x Hunter (2011) - S01E40 - Nen x Users x Unite.mkv,,,episode,imdb://tt3068264,,skipped,Hunter x Hunter – Season 1 – Nen x Users x Unite?
media directory does not exist,0,F:\MediaStack\data\media\tv\Hunter x Hunter (2011)\Season 01\Hunter x Hunter (2011) - S01E41 - Gathering x Of x Heroes.mkv,,,episode,imdb://tt3068248,,skipped,Hunter x Hunter – Season 1 – Gathering x Of x Heroes!
media directory does not exist,0,F:\MediaStack\data\media\tv\Hunter x Hunter (2011)\Season 01\Hunter x Hunter (2011) - S01E42 - Defend x and x Attack.mkv,,,episode,imdb://tt3068236,,skipped,Hunter x Hunter – Season 1 – Defend x and x Attack!
media directory does not exist,0,F:\MediaStack\data\media\tv\Hunter x Hunter (2011)\Season 01\Hunter x Hunter (2011) - S01E43 - A x Shocking x Tragedy.mkv,,,episode,imdb://tt3068282,,skipped,Hunter x Hunter – Season 1 – A x Shocking x Tragedy!
media directory does not exist,0,F:\MediaStack\data\media\tv\Hunter x Hunter (2011)\Season 01\Hunter x Hunter (2011) - S01E44 - Buildup x To A x Fierce Battle.mkv,,,episode,imdb://tt3344590,,skipped,Hunter x Hunter – Season 1 – Buildup x To A x Fierce Battle
media directory does not exist,0,F:\MediaStack\data\media\tv\Hunter x Hunter (2011)\Season 01\Hunter x Hunter (2011) - S01E45 - Restraint x And x Vow.mkv,,,episode,imdb://tt3344592,,skipped,Hunter x Hunter – Season 1 – Restraint x And x Vow
media directory does not exist,0,F:\MediaStack\data\media\tv\Hunter x Hunter (2011)\Season 01\Hunter x Hunter (2011) - S01E46 - Chasing x and x Waiting.mkv,,,episode,imdb://tt3344598,,skipped,Hunter x Hunter – Season 1 – Chasing x and x Waiting
media directory does not exist,0,F:\MediaStack\data\media\tv\Hunter x Hunter (2011)\Season 01\Hunter x Hunter (2011) - S01E47 - Condition x and x Condition.mkv,,,episode,imdb://tt2414266,,skipped,Hunter x Hunter – Season 1 – Condition x and x Condition
media directory does not exist,0,F:\MediaStack\data\media\tv\Hunter x Hunter (2011)\Season 01\Hunter x Hunter (2011) - S01E48 - Very x Sharp x Eye.mkv,,,episode,imdb://tt2414252,,skipped,Hunter x Hunter – Season 1 – Very x Sharp x Eye
media directory does not exist,0,F:\MediaStack\data\media\tv\Hunter x Hunter (2011)\Season 01\Hunter x Hunter (2011) - S01E49 - Pursuit x and x Analysis.mkv,,,episode,imdb://tt2414256,,skipped,Hunter x Hunter – Season 1 – Pursuit x and x Analysis
media directory does not exist,0,F:\MediaStack\data\media\tv\Hunter x Hunter (2011)\Season 01\Hunter x Hunter (2011) - S01E50 - Ally x and x Sword.mkv,,,episode,imdb://tt2859310,,skipped,Hunter x Hunter – Season 1 – Ally x and x Sword
media directory does not exist,0,F:\MediaStack\data\media\tv\Hunter x Hunter (2011)\Season 01\Hunter x Hunter (2011) - S01E51 - A x Brutal x Battlefield.mkv,,,episode,imdb://tt3055130,,skipped,Hunter x Hunter – Season 1 – A x Brutal x Battlefield
media directory does not exist,0,F:\MediaStack\data\media\tv\Hunter x Hunter (2011)\Season 01\Hunter x Hunter (2011) - S01E52 - Assault x And x Impact.mkv,,,episode,imdb://tt3055128,,skipped,Hunter x Hunter – Season 1 – Assault x And x Impact
media directory does not exist,0,F:\MediaStack\data\media\tv\Hunter x Hunter (2011)\Season 01\Hunter x Hunter (2011) - S01E53 - Fake x And x Psyche.mkv,,,episode,imdb://tt3055136,,skipped,Hunter x Hunter – Season 1 – Fake x And x Psyche
media directory does not exist,0,F:\MediaStack\data\media\tv\Hunter x Hunter (2011)\Season 01\Hunter x Hunter (2011) - S01E54 - Fortunes x Aren't x Right.mkv,,,episode,imdb://tt3055138,,skipped,Hunter x Hunter – Season 1 – Fortunes x Aren't x Right?
media directory does not exist,0,F:\MediaStack\data\media\tv\Hunter x Hunter (2011)\Season 01\Hunter x Hunter (2011) - S01E55 - Allies x And x Lies.mkv,,,episode,imdb://tt3055144,,skipped,Hunter x Hunter – Season 1 – Allies x And x Lies
media directory does not exist,0,F:\MediaStack\data\media\tv\House of Cards (US)\Season 06\House of Cards (US) - S06E08 - Chapter 73.mkv,,,episode,imdb://tt7576210,,skipped,House of Cards (US) – Season 6 – Chapter 73
media directory does not exist,0,F:\MediaStack\data\media\tv\Hunter x Hunter (2011)\Season 01\Hunter x Hunter (2011) - S01E01 - Departure x And x Friends.mkv,,,episode,imdb://tt2103560,,skipped,Hunter x Hunter – Season 1 – Departure x And x Friends
media directory does not exist,0,F:\MediaStack\data\media\tv\Hunter x Hunter (2011)\Season 01\Hunter x Hunter (2011) - S01E02 - Test x Of x Tests.mkv,,,episode,imdb://tt2103563,,skipped,Hunter x Hunter – Season 1 – Test x Of x Tests
media directory does not exist,0,F:\MediaStack\data\media\tv\Hunter x Hunter (2011)\Season 01\Hunter x Hunter (2011) - S01E03 - Rivals x In x Survival.mkv,,,episode,imdb://tt2103562,,skipped,Hunter x Hunter – Season 1 – Rivals x For x Survival
media directory does not exist,0,F:\MediaStack\data\media\tv\Hunter x Hunter (2011)\Season 01\Hunter x Hunter (2011) - S01E04 - Hope x And x Ambition.mkv,,,episode,imdb://tt2103561,,skipped,Hunter x Hunter – Season 1 – Hope x And x Ambition
media directory does not exist,0,F:\MediaStack\data\media\tv\Hunter x Hunter (2011)\Season 01\Hunter x Hunter (2011) - S01E05 - Hisoka x Is x Sneaky.mkv,,,episode,imdb://tt2108770,,skipped,Hunter x Hunter – Season 1 – Hisoka x Is x Sneaky
media directory does not exist,0,F:\MediaStack\data\media\tv\Hunter x Hunter (2011)\Season 01\Hunter x Hunter (2011) - S01E06 - A x Surprising x Challenge.mkv,,,episode,imdb://tt2108769,,skipped,Hunter x Hunter – Season 1 – A x Surprising x Challenge
media directory does not exist,0,F:\MediaStack\data\media\tv\Hunter x Hunter (2011)\Season 01\Hunter x Hunter (2011) - S01E07 - Showdown x On x The Airship.mkv,,,episode,imdb://tt2112540,,skipped,Hunter x Hunter – Season 1 – Showdown x On The x Airship
media directory does not exist,0,F:\MediaStack\data\media\tv\Hunter x Hunter (2011)\Season 01\Hunter x Hunter (2011) - S01E08 - Decision x By x Majority Rule.mkv,,,episode,imdb://tt2118257,,skipped,Hunter x Hunter – Season 1 – Decision x By x Majority?
media directory does not exist,0,F:\MediaStack\data\media\tv\Hunter x Hunter (2011)\Season 01\Hunter x Hunter (2011) - S01E09 - Beware x Of x Prisoners.mkv,,,episode,imdb://tt2127859,,skipped,Hunter x Hunter – Season 1 – Beware x Of x Prisoners
media directory does not exist,0,F:\MediaStack\data\media\tv\Hunter x Hunter (2011)\Season 01\Hunter x Hunter (2011) - S01E10 - Trick x To x The Trick.mkv,,,episode,imdb://tt2130736,,skipped,Hunter x Hunter – Season 1 – Trick x To The x Trick
media directory does not exist,0,F:\MediaStack\data\media\tv\Hunter x Hunter (2011)\Season 01\Hunter x Hunter (2011) - S01E11 - Trouble x With x The Gamble.mkv,,,episode,imdb://tt2135334,,skipped,Hunter x Hunter – Season 1 – Trouble x With The x Gamble
media directory does not exist,0,F:\MediaStack\data\media\tv\Hunter x Hunter (2011)\Season 01\Hunter x Hunter (2011) - S01E12 - Last x Test x Of Resolve.mkv,,,episode,imdb://tt2144725,,skipped,Hunter x Hunter – Season 1 – Last x Test Of x Resolve!
media directory does not exist,0,F:\MediaStack\data\media\tv\Hunter x Hunter (2011)\Season 01\Hunter x Hunter (2011) - S01E13 - Letter x From x Gon.mkv,,,episode,imdb://tt2203788,,skipped,Hunter x Hunter – Season 1 – Letter x From x Gon
media directory does not exist,0,F:\MediaStack\data\media\tv\Hunter x Hunter (2011)\Season 01\Hunter x Hunter (2011) - S01E14 - Hit x the x Target.mkv,,,episode,imdb://tt2203792,,skipped,Hunter x Hunter – Season 1 – Hit x The x Target
media directory does not exist,0,F:\MediaStack\data\media\tv\Hunter x Hunter (2011)\Season 01\Hunter x Hunter (2011) - S01E15 - Explosion x Of x Deception.mkv,,,episode,imdb://tt2203798,,skipped,Hunter x Hunter – Season 1 – Explosion x Of x Deception!
media directory does not exist,0,F:\MediaStack\data\media\tv\Hunter x Hunter (2011)\Season 01\Hunter x Hunter (2011) - S01E16 - Defeat x And x Disgrace.mkv,,,episode,imdb://tt2352006,,skipped,Hunter x Hunter – Season 1 – Defeat x And x Disgrace
media directory does not exist,0,F:\MediaStack\data\media\tv\Hunter x Hunter (2011)\Season 01\Hunter x Hunter (2011) - S01E17 - Trap x In x The Hole.mkv,,,episode,imdb://tt2352008,,skipped,Hunter x Hunter – Season 1 – Trap x In The x Hole
media directory does not exist,0,F:\MediaStack\data\media\tv\Hunter x Hunter (2011)\Season 01\Hunter x Hunter (2011) - S01E18 - Big x Time x Interview.mkv,,,episode,imdb://tt2352012,,skipped,Hunter x Hunter – Season 1 – Big x Time x Interview
media directory does not exist,0,F:\MediaStack\data\media\tv\Hunter x Hunter (2011)\Season 01\Hunter x Hunter (2011) - S01E19 - Can't Win x and x Can't Lose.mkv,,,episode,imdb://tt2352014,,skipped,Hunter x Hunter – Season 1 – Can't Win x and x Can't Lose
media directory does not exist,0,F:\MediaStack\data\media\tv\Hunter x Hunter (2011)\Season 01\Hunter x Hunter (2011) - S01E20 - Baffling Turn x Of x Events.mkv,,,episode,imdb://tt2352016,,skipped,Hunter x Hunter – Season 1 – Baffling x Turn of x Events
media directory does not exist,0,F:\MediaStack\data\media\tv\Hunter x Hunter (2011)\Season 01\Hunter x Hunter (2011) - S01E21 - Some x Brother x Trouble.mkv,,,episode,imdb://tt2352020,,skipped,Hunter x Hunter – Season 1 – Some x Brother x Trouble
media directory does not exist,0,F:\MediaStack\data\media\tv\Hunter x Hunter (2011)\Season 01\Hunter x Hunter (2011) - S01E22 - A x Dangerous x Watchdog.mkv,,,episode,imdb://tt2439680,,skipped,Hunter x Hunter – Season 1 – A x Dangerous x Watchdog
media directory does not exist,0,F:\MediaStack\data\media\tv\Hunter x Hunter (2011)\Season 01\Hunter x Hunter (2011) - S01E23 - The x Guard's x Duty.mkv,,,episode,imdb://tt2439682,,skipped,Hunter x Hunter – Season 1 – The x Guard's x Duty!
media directory does not exist,0,F:\MediaStack\data\media\tv\Hunter x Hunter (2011)\Season 01\Hunter x Hunter (2011) - S01E24 - The x Zoldyck x Family.mkv,,,episode,imdb://tt2439684,,skipped,Hunter x Hunter – Season 1 – The x Zoldyck x Family!
media directory does not exist,0,F:\MediaStack\data\media\tv\Hunter x Hunter (2011)\Season 01\Hunter x Hunter (2011) - S01E25 - Can't See x if x You're Blind.mkv,,,episode,imdb://tt2506420,,skipped,Hunter x Hunter – Season 1 – Can't See x if x You're x Blind!
media directory does not exist,0,F:\MediaStack\data\media\tv\Hunter x Hunter (2011)\Season 01\Hunter x Hunter (2011) - S01E26 - Then x And x After.mkv,,,episode,imdb://tt2506422,,skipped,Hunter x Hunter – Season 1 – Then × And × After
media directory does not exist,0,F:\MediaStack\data\media\tv\House of Cards (US)\Season 04\House of Cards (US) - S04E09 - Chapter 48.mkv,,,episode,imdb://tt5083704,,skipped,House of Cards (US) – Season 4 – Chapter 48
media directory does not exist,0,F:\MediaStack\data\media\tv\House of Cards (US)\Season 04\House of Cards (US) - S04E10 - Chapter 49.mkv,,,episode,imdb://tt5095730,,skipped,House of Cards (US) – Season 4 – Chapter 49
media directory does not exist,0,F:\MediaStack\data\media\tv\House of Cards (US)\Season 04\House of Cards (US) - S04E11 - Chapter 50.mkv,,,episode,imdb://tt5095732,,skipped,House of Cards (US) – Season 4 – Chapter 50
media directory does not exist,0,F:\MediaStack\data\media\tv\House of Cards (US)\Season 04\House of Cards (US) - S04E12 - Chapter 51.mkv,,,episode,imdb://tt5095742,,skipped,House of Cards (US) – Season 4 – Chapter 51
media directory does not exist,0,F:\MediaStack\data\media\tv\House of Cards (US)\Season 04\House of Cards (US) - S04E13 - Chapter 52.mkv,,,episode,imdb://tt5095748,,skipped,House of Cards (US) – Season 4 – Chapter 52
media directory does not exist,0,F:\MediaStack\data\media\tv\House of Cards (US)\Season 05\House of Cards (US) - S05E01 - Chapter 53.mkv,,,episode,imdb://tt5419058,,skipped,House of Cards (US) – Season 5 – Chapter 53
media directory does not exist,0,F:\MediaStack\data\media\tv\House of Cards (US)\Season 05\House of Cards (US) - S05E02 - Chapter 54.mkv,,,episode,imdb://tt5965956,,skipped,House of Cards (US) – Season 5 – Chapter 54
media directory does not exist,0,F:\MediaStack\data\media\tv\House of Cards (US)\Season 05\House of Cards (US) - S05E03 - Chapter 55.mkv,,,episode,imdb://tt6010608,,skipped,House of Cards (US) – Season 5 – Chapter 55
media directory does not exist,0,F:\MediaStack\data\media\tv\House of Cards (US)\Season 05\House of Cards (US) - S05E04 - Chapter 56.mkv,,,episode,imdb://tt6059620,,skipped,House of Cards (US) – Season 5 – Chapter 56
media directory does not exist,0,F:\MediaStack\data\media\tv\House of Cards (US)\Season 05\House of Cards (US) - S05E05 - Chapter 57.mkv,,,episode,imdb://tt6110792,,skipped,House of Cards (US) – Season 5 – Chapter 57
media directory does not exist,0,F:\MediaStack\data\media\tv\House of Cards (US)\Season 05\House of Cards (US) - S05E06 - Chapter 58.mkv,,,episode,imdb://tt6411836,,skipped,House of Cards (US) – Season 5 – Chapter 58
media directory does not exist,0,F:\MediaStack\data\media\tv\House of Cards (US)\Season 05\House of Cards (US) - S05E07 - Chapter 59.mkv,,,episode,imdb://tt6411844,,skipped,House of Cards (US) – Season 5 – Chapter 59
media directory does not exist,0,F:\MediaStack\data\media\tv\House of Cards (US)\Season 05\House of Cards (US) - S05E08 - Chapter 60.mkv,,,episode,imdb://tt6411838,,skipped,House of Cards (US) – Season 5 – Chapter 60
media directory does not exist,0,F:\MediaStack\data\media\tv\House of Cards (US)\Season 05\House of Cards (US) - S05E09 - Chapter 61.mkv,,,episode,imdb://tt6411842,,skipped,House of Cards (US) – Season 5 – Chapter 61
media directory does not exist,0,F:\MediaStack\data\media\tv\House of Cards (US)\Season 05\House of Cards (US) - S05E10 - Chapter 62.mkv,,,episode,imdb://tt6411846,,skipped,House of Cards (US) – Season 5 – Chapter 62
media directory does not exist,0,F:\MediaStack\data\media\tv\House of Cards (US)\Season 05\House of Cards (US) - S05E11 - Chapter 63.mkv,,,episode,imdb://tt6411854,,skipped,House of Cards (US) – Season 5 – Chapter 63
media directory does not exist,0,F:\MediaStack\data\media\tv\House of Cards (US)\Season 05\House of Cards (US) - S05E12 - Chapter 64.mkv,,,episode,imdb://tt6411858,,skipped,House of Cards (US) – Season 5 – Chapter 64
media directory does not exist,0,F:\MediaStack\data\media\tv\House of Cards (US)\Season 05\House of Cards (US) - S05E13 - Chapter 65.mkv,,,episode,imdb://tt6411862,,skipped,House of Cards (US) – Season 5 – Chapter 65
media directory does not exist,0,F:\MediaStack\data\media\tv\House of Cards (US)\Season 06\House of Cards (US) - S06E01 - Chapter 66.mkv,,,episode,imdb://tt7538918,,skipped,House of Cards (US) – Season 6 – Chapter 66
media directory does not exist,0,F:\MediaStack\data\media\tv\House of Cards (US)\Season 06\House of Cards (US) - S06E02 - Chapter 67.mkv,,,episode,imdb://tt7576192,,skipped,House of Cards (US) – Season 6 – Chapter 67
media directory does not exist,0,F:\MediaStack\data\media\tv\House of Cards (US)\Season 06\House of Cards (US) - S06E03 - Chapter 68.mkv,,,episode,imdb://tt7576194,,skipped,House of Cards (US) – Season 6 – Chapter 68
media directory does not exist,0,F:\MediaStack\data\media\tv\House of Cards (US)\Season 06\House of Cards (US) - S06E04 - Chapter 69.mkv,,,episode,imdb://tt7576196,,skipped,House of Cards (US) – Season 6 – Chapter 69
media directory does not exist,0,F:\MediaStack\data\media\tv\House of Cards (US)\Season 06\House of Cards (US) - S06E05 - Chapter 70.mkv,,,episode,imdb://tt7576198,,skipped,House of Cards (US) – Season 6 – Chapter 70
media directory does not exist,0,F:\MediaStack\data\media\tv\House of Cards (US)\Season 06\House of Cards (US) - S06E06 - Chapter 71.mkv,,,episode,imdb://tt7576200,,skipped,House of Cards (US) – Season 6 – Chapter 71
media directory does not exist,0,F:\MediaStack\data\media\tv\House of Cards (US)\Season 06\House of Cards (US) - S06E07 - Chapter 72.mkv,,,episode,imdb://tt7576206,,skipped,House of Cards (US) – Season 6 – Chapter 72
media directory does not exist,0,F:\MediaStack\data\media\tv\House of Cards (US)\Season 03\House of Cards (US) - S03E01 - Chapter 27.mkv,,,episode,imdb://tt3513862,,skipped,House of Cards (US) – Season 3 – Chapter 27
media directory does not exist,0,F:\MediaStack\data\media\tv\House of Cards (US)\Season 03\House of Cards (US) - S03E02 - Chapter 28.mkv,,,episode,imdb://tt3892086,,skipped,House of Cards (US) – Season 3 – Chapter 28
media directory does not exist,0,F:\MediaStack\data\media\tv\House of Cards (US)\Season 03\House of Cards (US) - S03E03 - Chapter 29.mkv,,,episode,imdb://tt3892088,,skipped,House of Cards (US) – Season 3 – Chapter 29
media directory does not exist,0,F:\MediaStack\data\media\tv\House of Cards (US)\Season 03\House of Cards (US) - S03E04 - Chapter 30.mkv,,,episode,imdb://tt3892094,,skipped,House of Cards (US) – Season 3 – Chapter 30
media directory does not exist,0,F:\MediaStack\data\media\tv\House of Cards (US)\Season 03\House of Cards (US) - S03E05 - Chapter 31.mkv,,,episode,imdb://tt3897442,,skipped,House of Cards (US) – Season 3 – Chapter 31
media directory does not exist,0,F:\MediaStack\data\media\tv\House of Cards (US)\Season 03\House of Cards (US) - S03E06 - Chapter 32.mkv,,,episode,imdb://tt3897454,,skipped,House of Cards (US) – Season 3 – Chapter 32
media directory does not exist,0,F:\MediaStack\data\media\tv\House of Cards (US)\Season 03\House of Cards (US) - S03E07 - Chapter 33.mkv,,,episode,imdb://tt3918768,,skipped,House of Cards (US) – Season 3 – Chapter 33
media directory does not exist,0,F:\MediaStack\data\media\tv\House of Cards (US)\Season 03\House of Cards (US) - S03E08 - Chapter 34.mkv,,,episode,imdb://tt4083028,,skipped,House of Cards (US) – Season 3 – Chapter 34
media directory does not exist,0,F:\MediaStack\data\media\tv\House of Cards (US)\Season 03\House of Cards (US) - S03E09 - Chapter 35.mkv,,,episode,imdb://tt4035250,,skipped,House of Cards (US) – Season 3 – Chapter 35
media directory does not exist,0,F:\MediaStack\data\media\tv\House of Cards (US)\Season 03\House of Cards (US) - S03E10 - Chapter 36.mkv,,,episode,imdb://tt4128566,,skipped,House of Cards (US) – Season 3 – Chapter 36
media directory does not exist,0,F:\MediaStack\data\media\tv\House of Cards (US)\Season 03\House of Cards (US) - S03E11 - Chapter 37.mkv,,,episode,imdb://tt4128572,,skipped,House of Cards (US) – Season 3 – Chapter 37
media directory does not exist,0,F:\MediaStack\data\media\tv\House of Cards (US)\Season 03\House of Cards (US) - S03E12 - Chapter 38.mkv,,,episode,imdb://tt4128574,,skipped,House of Cards (US) – Season 3 – Chapter 38
media directory does not exist,0,F:\MediaStack\data\media\tv\House of Cards (US)\Season 03\House of Cards (US) - S03E13 - Chapter 39.mkv,,,episode,imdb://tt4221826,,skipped,House of Cards (US) – Season 3 – Chapter 39
media directory does not exist,0,F:\MediaStack\data\media\tv\House of Cards (US)\Season 04\House of Cards (US) - S04E01 - Chapter 40.mkv,,,episode,imdb://tt4498368,,skipped,House of Cards (US) – Season 4 – Chapter 40
media directory does not exist,0,F:\MediaStack\data\media\tv\House of Cards (US)\Season 04\House of Cards (US) - S04E02 - Chapter 41.mkv,,,episode,imdb://tt4817660,,skipped,House of Cards (US) – Season 4 – Chapter 41
media directory does not exist,0,F:\MediaStack\data\media\tv\House of Cards (US)\Season 04\House of Cards (US) - S04E03 - Chapter 42.mkv,,,episode,imdb://tt4817664,,skipped,House of Cards (US) – Season 4 – Chapter 42
media directory does not exist,0,F:\MediaStack\data\media\tv\House of Cards (US)\Season 04\House of Cards (US) - S04E04 - Chapter 43.mkv,,,episode,imdb://tt4817670,,skipped,House of Cards (US) – Season 4 – Chapter 43
media directory does not exist,0,F:\MediaStack\data\media\tv\House of Cards (US)\Season 04\House of Cards (US) - S04E05 - Chapter 44.mkv,,,episode,imdb://tt4949018,,skipped,House of Cards (US) – Season 4 – Chapter 44
media directory does not exist,0,F:\MediaStack\data\media\tv\House of Cards (US)\Season 04\House of Cards (US) - S04E06 - Chapter 45.mkv,,,episode,imdb://tt4949028,,skipped,House of Cards (US) – Season 4 – Chapter 45
media directory does not exist,0,F:\MediaStack\data\media\tv\House of Cards (US)\Season 04\House of Cards (US) - S04E07 - Chapter 46.mkv,,,episode,imdb://tt5025272,,skipped,House of Cards (US) – Season 4 – Chapter 46
media directory does not exist,0,F:\MediaStack\data\media\tv\House of Cards (US)\Season 04\House of Cards (US) - S04E08 - Chapter 47.mkv,,,episode,imdb://tt5095720,,skipped,House of Cards (US) – Season 4 – Chapter 47
media directory does not exist,0,F:\MediaStack\data\media\tv\House of Cards (US)\Season 01\House of Cards (US) - S01E02 - Chapter 2.mkv,,,episode,imdb://tt2250466,,skipped,House of Cards (US) – Season 1 – Chapter 2
media directory does not exist,0,F:\MediaStack\data\media\tv\House of Cards (US)\Season 01\House of Cards (US) - S01E03 - Chapter 3.mkv,,,episode,imdb://tt2248444,,skipped,House of Cards (US) – Season 1 – Chapter 3
media directory does not exist,0,F:\MediaStack\data\media\tv\House of Cards (US)\Season 01\House of Cards (US) - S01E04 - Chapter 4.mkv,,,episode,imdb://tt2248422,,skipped,House of Cards (US) – Season 1 – Chapter 4
media directory does not exist,0,F:\MediaStack\data\media\tv\House of Cards (US)\Season 01\House of Cards (US) - S01E05 - Chapter 5.mkv,,,episode,imdb://tt2294870,,skipped,House of Cards (US) – Season 1 – Chapter 5
media directory does not exist,0,F:\MediaStack\data\media\tv\House of Cards (US)\Season 01\House of Cards (US) - S01E06 - Chapter 6.mkv,,,episode,imdb://tt2311910,,skipped,House of Cards (US) – Season 1 – Chapter 6
media directory does not exist,0,F:\MediaStack\data\media\tv\House of Cards (US)\Season 01\House of Cards (US) - S01E07 - Chapter 7.mkv,,,episode,imdb://tt2311926,,skipped,House of Cards (US) – Season 1 – Chapter 7
media directory does not exist,0,F:\MediaStack\data\media\tv\House of Cards (US)\Season 01\House of Cards (US) - S01E08 - Chapter 8.mkv,,,episode,imdb://tt2312714,,skipped,House of Cards (US) – Season 1 – Chapter 8
media directory does not exist,0,F:\MediaStack\data\media\tv\House of Cards (US)\Season 01\House of Cards (US) - S01E09 - Chapter 9.mkv,,,episode,imdb://tt2248426,,skipped,House of Cards (US) – Season 1 – Chapter 9
media directory does not exist,0,F:\MediaStack\data\media\tv\House of Cards (US)\Season 01\House of Cards (US) - S01E10 - Chapter 10.mkv,,,episode,imdb://tt2468204,,skipped,House of Cards (US) – Season 1 – Chapter 10
media directory does not exist,0,F:\MediaStack\data\media\tv\House of Cards (US)\Season 01\House of Cards (US) - S01E11 - Chapter 11.mkv,,,episode,imdb://tt2440660,,skipped,House of Cards (US) – Season 1 – Chapter 11
media directory does not exist,0,F:\MediaStack\data\media\tv\House of Cards (US)\Season 01\House of Cards (US) - S01E12 - Chapter 12.mkv,,,episode,imdb://tt2555986,,skipped,House of Cards (US) – Season 1 – Chapter 12
media directory does not exist,0,F:\MediaStack\data\media\tv\House of Cards (US)\Season 01\House of Cards (US) - S01E13 - Chapter 13.mkv,,,episode,imdb://tt2555988,,skipped,House of Cards (US) – Season 1 – Chapter 13
media directory does not exist,0,F:\MediaStack\data\media\tv\House of Cards (US)\Season 02\House of Cards (US) - S02E01 - Chapter 14.mkv,,,episode,imdb://tt2811510,,skipped,House of Cards (US) – Season 2 – Chapter 14
media directory does not exist,0,F:\MediaStack\data\media\tv\House of Cards (US)\Season 02\House of Cards (US) - S02E02 - Chapter 15.mkv,,,episode,imdb://tt3221190,,skipped,House of Cards (US) – Season 2 – Chapter 15
media directory does not exist,0,F:\MediaStack\data\media\tv\House of Cards (US)\Season 02\House of Cards (US) - S02E03 - Chapter 16.mkv,,,episode,imdb://tt2990016,,skipped,House of Cards (US) – Season 2 – Chapter 16
media directory does not exist,0,F:\MediaStack\data\media\tv\House of Cards (US)\Season 02\House of Cards (US) - S02E04 - Chapter 17.mkv,,,episode,imdb://tt3001906,,skipped,House of Cards (US) – Season 2 – Chapter 17
media directory does not exist,0,F:\MediaStack\data\media\tv\House of Cards (US)\Season 02\House of Cards (US) - S02E05 - Chapter 18.mkv,,,episode,imdb://tt3001926,,skipped,House of Cards (US) – Season 2 – Chapter 18
media directory does not exist,0,F:\MediaStack\data\media\tv\House of Cards (US)\Season 02\House of Cards (US) - S02E06 - Chapter 19.mkv,,,episode,imdb://tt3221232,,skipped,House of Cards (US) – Season 2 – Chapter 19
media directory does not exist,0,F:\MediaStack\data\media\tv\House of Cards (US)\Season 02\House of Cards (US) - S02E07 - Chapter 20.mkv,,,episode,imdb://tt3147682,,skipped,House of Cards (US) – Season 2 – Chapter 20
media directory does not exist,0,F:\MediaStack\data\media\tv\House of Cards (US)\Season 02\House of Cards (US) - S02E08 - Chapter 21.mkv,,,episode,imdb://tt3147690,,skipped,House of Cards (US) – Season 2 – Chapter 21
media directory does not exist,0,F:\MediaStack\data\media\tv\House of Cards (US)\Season 02\House of Cards (US) - S02E09 - Chapter 22.mkv,,,episode,imdb://tt3186026,,skipped,House of Cards (US) – Season 2 – Chapter 22
media directory does not exist,0,F:\MediaStack\data\media\tv\House of Cards (US)\Season 02\House of Cards (US) - S02E10 - Chapter 23.mkv,,,episode,imdb://tt3221270,,skipped,House of Cards (US) – Season 2 – Chapter 23
media directory does not exist,0,F:\MediaStack\data\media\tv\House of Cards (US)\Season 02\House of Cards (US) - S02E11 - Chapter 24.mkv,,,episode,imdb://tt3297502,,skipped,House of Cards (US) – Season 2 – Chapter 24
media directory does not exist,0,F:\MediaStack\data\media\tv\House of Cards (US)\Season 02\House of Cards (US) - S02E12 - Chapter 25.mkv,,,episode,imdb://tt3326204,,skipped,House of Cards (US) – Season 2 – Chapter 25
media directory does not exist,0,F:\MediaStack\data\media\tv\House of Cards (US)\Season 02\House of Cards (US) - S02E13 - Chapter 26.mkv,,,episode,imdb://tt3326208,,skipped,House of Cards (US) – Season 2 – Chapter 26
media directory does not exist,0,F:\MediaStack\data\media\tv\House of Cards (US)\Season 01\House of Cards (US) - S01E01 - Chapter 1.mkv,,,episode,imdb://tt2161930,,skipped,House of Cards (US) – Season 1 – Chapter 1
