detail,event_count,file_path,matched_media_id,matched_slug,media_type,plex_guid,sidecar_path,status,title
no movie match,0,F:\MediaStack\data\media\movies\Avatar (2009)\Avatar (2009) [Bluray-1080p] {imdb-tt0499549}.mkv,,,movie,imdb://tt0499549,,unmatched,Avatar
missing episode match metadata,0,F:\MediaStack\data\media\tv\Your Lie in April\Season 01\Your Lie in April - S01E21 - Snow.mkv,,,episode,imdb://tt4792754,,unmatched,Your Lie in April – Season 1 – Snow
missing episode match metadata,0,F:\MediaStack\data\media\tv\Your Lie in April\Season 01\Your Lie in April - S01E22 - Spring Breeze.mkv,,,episode,imdb://tt4792756,,unmatched,Your Lie in April – Season 1 – Spring Wind
missing episode match metadata,0,F:\MediaStack\data\media\tv\The Universe\Season 03\The Universe - S03E08 - Stopping Armageddon.mkv,,,episode,imdb://tt1358097,,unmatched,The Universe – Season 3 – Stopping Armageddon
missing episode match metadata,0,F:\MediaStack\data\media\tv\The Universe\Season 03\The Universe - S03E09 - Another Earth.mkv,,,episode,imdb://tt1358094,,unmatched,The Universe – Season 3 – Another Earth
missing episode match metadata,0,F:\MediaStack\data\media\tv\The Universe\Season 03\The Universe - S03E10 - Strangest Things.mkv,,,episode,imdb://tt1333586,,unmatched,The Universe – Season 3 – Strangest Things
missing episode match metadata,0,F:\MediaStack\data\media\tv\The Universe\Season 03\The Universe - S03E11 - Edge of Space.mkv,,,episode,imdb://tt1380708,,unmatched,The Universe – Season 3 – Edge of Space
missing episode match metadata,0,F:\MediaStack\data\media\tv\The Universe\Season 03\The Universe - S03E12 - Cosmic Phenomena.mkv,,,episode,imdb://tt1356506,,unmatched,The Universe – Season 3 – Cosmic Phenomena
missing episode match metadata,0,F:\MediaStack\data\media\tv\Your Lie in April\Season 01\Your Lie in April - S01E01 - Monotone+Colorful.mkv,,,episode,imdb://tt4138088,,unmatched,Your Lie in April – Season 1 – Monotone / Colorful
missing episode match metadata,0,F:\MediaStack\data\media\tv\Your Lie in April\Season 01\Your Lie in April - S01E02 - Friend A.mkv,,,episode,imdb://tt4138126,,unmatched,Your Lie in April – Season 1 – Friend A
missing episode match metadata,0,F:\MediaStack\data\media\tv\Your Lie in April\Season 01\Your Lie in April - S01E03 - Inside Spring.mkv,,,episode,imdb://tt4138154,,unmatched,Your Lie in April – Season 1 – Inside Spring
missing episode match metadata,0,F:\MediaStack\data\media\tv\Your Lie in April\Season 01\Your Lie in April - S01E04 - Set Out.mkv,,,episode,imdb://tt4162578,,unmatched,Your Lie in April – Season 1 – Departure
missing episode match metadata,0,F:\MediaStack\data\media\tv\Your Lie in April\Season 01\Your Lie in April - S01E05 - Gray Skies.mkv,,,episode,imdb://tt4180850,,unmatched,Your Lie in April – Season 1 – Gray Skies
missing episode match metadata,0,F:\MediaStack\data\media\tv\Your Lie in April\Season 01\Your Lie in April - S01E06 - On The Way Home.mkv,,,episode,imdb://tt4196914,,unmatched,Your Lie in April – Season 1 – On the Way Home
missing episode match metadata,0,F:\MediaStack\data\media\tv\Your Lie in April\Season 01\Your Lie in April - S01E07 - The Shadows Whisper.mkv,,,episode,imdb://tt4200352,,unmatched,Your Lie in April – Season 1 – The Shadows Whisper
missing episode match metadata,0,F:\MediaStack\data\media\tv\Your Lie in April\Season 01\Your Lie in April - S01E08 - Let It Ring.mkv,,,episode,imdb://tt4200354,,unmatched,Your Lie in April – Season 1 – Let It Ring
missing episode match metadata,0,F:\MediaStack\data\media\tv\Your Lie in April\Season 01\Your Lie in April - S01E09 - Resonance.mkv,,,episode,imdb://tt4233402,,unmatched,Your Lie in April – Season 1 – Resonance
missing episode match metadata,0,F:\MediaStack\data\media\tv\Your Lie in April\Season 01\Your Lie in April - S01E10 - The Scenery I Shared With You.mkv,,,episode,imdb://tt4233404,,unmatched,Your Lie in April – Season 1 – The Scenery I Shared with You
missing episode match metadata,0,F:\MediaStack\data\media\tv\Your Lie in April\Season 01\Your Lie in April - S01E11 - Light of Life.mkv,,,episode,imdb://tt4233406,,unmatched,Your Lie in April – Season 1 – Light of Life
missing episode match metadata,0,F:\MediaStack\data\media\tv\Your Lie in April\Season 01\Your Lie in April - S01E12 - Twinkle Little Star.mkv,,,episode,imdb://tt4294374,,unmatched,Your Lie in April – Season 1 – Twinkle Twinkle Little Star
missing episode match metadata,0,F:\MediaStack\data\media\tv\Your Lie in April\Season 01\Your Lie in April - S01E13 - Love's Sadness.mkv,,,episode,imdb://tt4294384,,unmatched,Your Lie in April – Season 1 – Love's Sorrow
missing episode match metadata,0,F:\MediaStack\data\media\tv\Your Lie in April\Season 01\Your Lie in April - S01E14 - Footprints.mkv,,,episode,imdb://tt4294388,,unmatched,Your Lie in April – Season 1 – Footsteps
missing episode match metadata,0,F:\MediaStack\data\media\tv\Your Lie in April\Season 01\Your Lie in April - S01E15 - Liar.mkv,,,episode,imdb://tt4384848,,unmatched,Your Lie in April – Season 1 – Liar
missing episode match metadata,0,F:\MediaStack\data\media\tv\Your Lie in April\Season 01\Your Lie in April - S01E16 - Two of a Kind.mkv,,,episode,imdb://tt4384854,,unmatched,Your Lie in April – Season 1 – Two of a Kind
missing episode match metadata,0,F:\MediaStack\data\media\tv\Your Lie in April\Season 01\Your Lie in April - S01E17 - Twilight.mkv,,,episode,imdb://tt4384860,,unmatched,Your Lie in April – Season 1 – Twilight
missing episode match metadata,0,F:\MediaStack\data\media\tv\Your Lie in April\Season 01\Your Lie in April - S01E18 - When Hearts Come Together.mkv,,,episode,imdb://tt4384864,,unmatched,Your Lie in April – Season 1 – Hearts Come Together
missing episode match metadata,0,"F:\MediaStack\data\media\tv\Your Lie in April\Season 01\Your Lie in April - S01E19 - Goodbye, Hero.mkv",,,episode,imdb://tt4792750,,unmatched,"Your Lie in April – Season 1 – Goodbye, Hero"
missing episode match metadata,0,F:\MediaStack\data\media\tv\Your Lie in April\Season 01\Your Lie in April - S01E20 - Hand in Hand.mkv,,,episode,imdb://tt4792752,,unmatched,Your Lie in April – Season 1 – Hand in Hand
missing episode match metadata,0,F:\MediaStack\data\media\tv\The Universe\Season 02\The Universe - S02E01 - Alien Planets.mkv,,,episode,imdb://tt1119104,,unmatched,The Universe – Season 2 – Alien Planets
missing episode match metadata,0,F:\MediaStack\data\media\tv\The Universe\Season 02\The Universe - S02E02 - Cosmic Holes.mkv,,,episode,imdb://tt1119109,,unmatched,The Universe – Season 2 – Cosmic Holes
missing episode match metadata,0,F:\MediaStack\data\media\tv\The Universe\Season 02\The Universe - S02E03 - Mysteries of the Moon.mkv,,,episode,imdb://tt1119110,,unmatched,The Universe – Season 2 – Mysteries of the Moon
missing episode match metadata,0,F:\MediaStack\data\media\tv\The Universe\Season 02\The Universe - S02E04 - The Milky Way.mkv,,,episode,imdb://tt1119111,,unmatched,The Universe – Season 2 – The Milky Way
missing episode match metadata,0,F:\MediaStack\data\media\tv\The Universe\Season 02\The Universe - S02E05 - Alien Moons.mkv,,,episode,imdb://tt1119112,,unmatched,The Universe – Season 2 – Alien Moons
missing episode match metadata,0,F:\MediaStack\data\media\tv\The Universe\Season 02\The Universe - S02E06 - Dark Matter.mkv,,,episode,imdb://tt1119113,,unmatched,The Universe – Season 2 – Dark Matter
missing episode match metadata,0,F:\MediaStack\data\media\tv\The Universe\Season 02\The Universe - S02E07 - Astrobiology.mkv,,,episode,imdb://tt1119114,,unmatched,The Universe – Season 2 – Astrobiology
missing episode match metadata,0,F:\MediaStack\data\media\tv\The Universe\Season 02\The Universe - S02E08 - Space Travel.mkv,,,episode,imdb://tt1119115,,unmatched,The Universe – Season 2 – Space Travel
missing episode match metadata,0,F:\MediaStack\data\media\tv\The Universe\Season 02\The Universe - S02E09 - Supernovas.mkv,,,episode,imdb://tt1119116,,unmatched,The Universe – Season 2 – Supernovas
missing episode match metadata,0,F:\MediaStack\data\media\tv\The Universe\Season 02\The Universe - S02E10 - Constellations.mkv,,,episode,imdb://tt1119105,,unmatched,The Universe – Season 2 – Constellations
missing episode match metadata,0,F:\MediaStack\data\media\tv\The Universe\Season 02\The Universe - S02E11 - Unexplained Mysteries.mkv,,,episode,imdb://tt1119106,,unmatched,The Universe – Season 2 – Unexplained Mysteries
missing episode match metadata,0,F:\MediaStack\data\media\tv\The Universe\Season 02\The Universe - S02E12 - Cosmic Collisions.mkv,,,episode,imdb://tt1119107,,unmatched,The Universe – Season 2 – Cosmic Collisions
missing episode match metadata,0,F:\MediaStack\data\media\tv\The Universe\Season 02\The Universe - S02E13 - Colonizing Space.mkv,,,episode,imdb://tt1119108,,unmatched,The Universe – Season 2 – Colonizing Space
missing episode match metadata,0,F:\MediaStack\data\media\tv\The Universe\Season 02\The Universe - S02E14 - Nebulas.mkv,,,episode,imdb://tt1208575,,unmatched,The Universe – Season 2 – Nebulas
missing episode match metadata,0,F:\MediaStack\data\media\tv\The Universe\Season 02\The Universe - S02E15 - Wildest Weather in the Cosmos.mkv,,,episode,imdb://tt1208577,,unmatched,The Universe – Season 2 – Wildest Weather in the Cosmos
missing episode match metadata,0,F:\MediaStack\data\media\tv\The Universe\Season 02\The Universe - S02E16 - Biggest Things in Space.mkv,,,episode,imdb://tt1209273,,unmatched,The Universe – Season 2 – Biggest Things in Space
missing episode match metadata,0,F:\MediaStack\data\media\tv\The Universe\Season 02\The Universe - S02E17 - Gravity.mkv,,,episode,imdb://tt1208574,,unmatched,The Universe – Season 2 – Gravity
missing episode match metadata,0,F:\MediaStack\data\media\tv\The Universe\Season 02\The Universe - S02E18 - Cosmic Apocalypse.mkv,,,episode,imdb://tt1246716,,unmatched,The Universe – Season 2 – Cosmic Apocalypse
missing episode match metadata,0,F:\MediaStack\data\media\tv\The Universe\Season 2\The Universe - S02E19 - Backyard Astronomers.mkv,,,episode,local://24953,,unmatched,The Universe – Season 2 – Episode 19
missing episode match metadata,0,F:\MediaStack\data\media\tv\The Universe\Season 03\The Universe - S03E01 - Deep Space Disasters.mkv,,,episode,imdb://tt1331969,,unmatched,The Universe – Season 3 – Deep Space Disasters
missing episode match metadata,0,F:\MediaStack\data\media\tv\The Universe\Season 03\The Universe - S03E02 - Parallel Universes.mkv,,,episode,imdb://tt1331971,,unmatched,The Universe – Season 3 – Parallel Universes
missing episode match metadata,0,F:\MediaStack\data\media\tv\The Universe\Season 03\The Universe - S03E03 - Light Speed.mkv,,,episode,imdb://tt1331970,,unmatched,The Universe – Season 3 – Light Speed
missing episode match metadata,0,F:\MediaStack\data\media\tv\The Universe\Season 03\The Universe - S03E04 - Sex In Space.mkv,,,episode,imdb://tt1331972,,unmatched,The Universe – Season 3 – Sex in Space
missing episode match metadata,0,F:\MediaStack\data\media\tv\The Universe\Season 03\The Universe - S03E05 - Alien Faces.mkv,,,episode,imdb://tt1358093,,unmatched,The Universe – Season 3 – Alien Faces
missing episode match metadata,0,F:\MediaStack\data\media\tv\The Universe\Season 03\The Universe - S03E06 - Deadly Comets and Meteors.mkv,,,episode,imdb://tt1358095,,unmatched,The Universe – Season 3 – Deadly Comets and Meteors
missing episode match metadata,0,F:\MediaStack\data\media\tv\The Universe\Season 03\The Universe - S03E07 - Living in Space.mkv,,,episode,imdb://tt1358096,,unmatched,The Universe – Season 3 – Living in Space
missing episode match metadata,0,F:\MediaStack\data\media\tv\Ted Lasso\Season 03\Ted Lasso - S03E04 - Big Week.Clean.mkv,,,episode,imdb://tt19655944,,unmatched,Ted Lasso – Season 3 – Big Week
missing episode match metadata,0,F:\MediaStack\data\media\tv\Ted Lasso\Season 03\Ted Lasso - S03E05 - Signs.Clean.mkv,,,episode,imdb://tt19655882,,unmatched,Ted Lasso – Season 3 – Signs
missing episode match metadata,0,F:\MediaStack\data\media\tv\Ted Lasso\Season 03\Ted Lasso - S03E06 - Sunflowers.Clean.mkv,,,episode,imdb://tt19655884,,unmatched,Ted Lasso – Season 3 – Sunflowers
missing episode match metadata,0,F:\MediaStack\data\media\tv\Ted Lasso\Season 03\Ted Lasso - S03E07 - The Strings That Bind Us.Clean.mkv,,,episode,imdb://tt19712480,,unmatched,Ted Lasso – Season 3 – The Strings That Bind Us
missing episode match metadata,0,F:\MediaStack\data\media\tv\Ted Lasso\Season 03\Ted Lasso - S03E08 - We’ll Never Have Paris.Clean.mkv,,,episode,imdb://tt19712482,,unmatched,Ted Lasso – Season 3 – We'll Never Have Paris
missing episode match metadata,0,F:\MediaStack\data\media\tv\Ted Lasso\Season 03\Ted Lasso - S03E09 - La Locker Room Aux Folles.Clean.mkv,,,episode,imdb://tt19712484,,unmatched,Ted Lasso – Season 3 – La Locker Room Aux Folles
missing episode match metadata,0,F:\MediaStack\data\media\tv\Ted Lasso\Season 03\Ted Lasso - S03E10 - International Break.Clean.mkv,,,episode,imdb://tt19712486,,unmatched,Ted Lasso – Season 3 – International Break
missing episode match metadata,0,F:\MediaStack\data\media\tv\Ted Lasso\Season 03\Ted Lasso - S03E11 - Mom City.Clean.mkv,,,episode,imdb://tt23743566,,unmatched,Ted Lasso – Season 3 – Mom City
missing episode match metadata,0,"F:\MediaStack\data\media\tv\Ted Lasso\Season 03\Ted Lasso - S03E12 - So Long, Farewell.Clean.mkv",,,episode,imdb://tt23743570,,unmatched,"Ted Lasso – Season 3 – So Long, Farewell"
missing episode match metadata,0,F:\MediaStack\data\media\tv\The Universe\Season 01\The Universe - S01E01 - Secrets of the Sun.mkv,,,episode,imdb://tt1053154,,unmatched,The Universe – Season 1 – Secrets of the Sun
missing episode match metadata,0,F:\MediaStack\data\media\tv\The Universe\Season 01\The Universe - S01E02 - Mars - The Red Planet.mkv,,,episode,imdb://tt1053153,,unmatched,The Universe – Season 1 – Mars: The Red Planet
missing episode match metadata,0,F:\MediaStack\data\media\tv\The Universe\Season 01\The Universe - S01E03 - The End of the Earth - Deep Space Threats to our Planet.mkv,,,episode,imdb://tt1053155,,unmatched,The Universe – Season 1 – The End of the Earth: Deep Space Threats to our Planet
missing episode match metadata,0,F:\MediaStack\data\media\tv\The Universe\Season 01\The Universe - S01E04 - Jupiter - The Giant Planet.mkv,,,episode,imdb://tt1055225,,unmatched,The Universe – Season 1 – Jupiter: The Giant Planet
missing episode match metadata,0,F:\MediaStack\data\media\tv\The Universe\Season 01\The Universe - S01E05 - The Moon.mkv,,,episode,imdb://tt1059163,,unmatched,The Universe – Season 1 – The Moon
missing episode match metadata,0,F:\MediaStack\data\media\tv\The Universe\Season 01\The Universe - S01E06 - Spaceship Earth.mkv,,,episode,imdb://tt1070254,,unmatched,The Universe – Season 1 – Spaceship Earth
missing episode match metadata,0,F:\MediaStack\data\media\tv\The Universe\Season 01\The Universe - S01E07 - The Inner Planets - Mercury & Venus.mkv,,,episode,imdb://tt1073072,,unmatched,The Universe – Season 1 – The Inner Planets: Mercury & Venus
missing episode match metadata,0,F:\MediaStack\data\media\tv\The Universe\Season 01\The Universe - S01E08 - Saturn - Lord of the Rings.mkv,,,episode,imdb://tt1076740,,unmatched,The Universe – Season 1 – Saturn: Lord of the Rings
missing episode match metadata,0,F:\MediaStack\data\media\tv\The Universe\Season 01\The Universe - S01E09 - Alien Galaxies.mkv,,,episode,imdb://tt1084936,,unmatched,The Universe – Season 1 – Alien Galaxies
missing episode match metadata,0,F:\MediaStack\data\media\tv\The Universe\Season 01\The Universe - S01E10 - Life and Death of a Star.mkv,,,episode,imdb://tt1082788,,unmatched,The Universe – Season 1 – Life and Death of a Star
missing episode match metadata,0,F:\MediaStack\data\media\tv\The Universe\Season 01\The Universe - S01E11 - The Outer Planets.mkv,,,episode,imdb://tt1090620,,unmatched,The Universe – Season 1 – The Outer Planets
missing episode match metadata,0,F:\MediaStack\data\media\tv\The Universe\Season 01\The Universe - S01E12 - The Most Dangerous Place in the Universe.mkv,,,episode,imdb://tt1090619,,unmatched,The Universe – Season 1 – The Most Dangerous Place in the Universe
missing episode match metadata,0,F:\MediaStack\data\media\tv\The Universe\Season 01\The Universe - S01E13 - Search for ET.mkv,,,episode,imdb://tt1099171,,unmatched,The Universe – Season 1 – Search for ET
missing episode match metadata,0,F:\MediaStack\data\media\tv\The Universe\Season 01\The Universe - S01E14 - Beyond the Big Bang.mkv,,,episode,imdb://tt1099790,,unmatched,The Universe – Season 1 – Beyond the Big Bang
missing episode match metadata,0,F:\MediaStack\data\media\tv\Ted Lasso\Season 01\Ted Lasso - S01E06 - Two Aces.Clean.mkv,,,episode,imdb://tt11046490,,unmatched,Ted Lasso – Season 1 – Two Aces
missing episode match metadata,0,F:\MediaStack\data\media\tv\Ted Lasso\Season 01\Ted Lasso - S01E07 - Make Rebecca Great Again.Clean.mkv,,,episode,imdb://tt11156378,,unmatched,Ted Lasso – Season 1 – Make Rebecca Great Again
missing episode match metadata,0,F:\MediaStack\data\media\tv\Ted Lasso\Season 01\Ted Lasso - S01E08 - The Diamond Dogs.Clean.mkv,,,episode,imdb://tt11193418,,unmatched,Ted Lasso – Season 1 – The Diamond Dogs
missing episode match metadata,0,F:\MediaStack\data\media\tv\Ted Lasso\Season 01\Ted Lasso - S01E09 - All Apologies.Clean.mkv,,,episode,imdb://tt11193420,,unmatched,Ted Lasso – Season 1 – All Apologies
missing episode match metadata,0,F:\MediaStack\data\media\tv\Ted Lasso\Season 01\Ted Lasso - S01E10 - The Hope That Kills You.Clean.mkv,,,episode,imdb://tt11193428,,unmatched,Ted Lasso – Season 1 – The Hope That Kills You
missing episode match metadata,0,F:\MediaStack\data\media\tv\Ted Lasso\Season 02\Ted Lasso - S02E01 - Goodbye Earl.Clean.mkv,,,episode,imdb://tt12926006,,unmatched,Ted Lasso – Season 2 – Goodbye Earl
missing episode match metadata,0,F:\MediaStack\data\media\tv\Ted Lasso\Season 02\Ted Lasso - S02E02 - Lavender.Clean.mkv,,,episode,imdb://tt14968630,,unmatched,Ted Lasso – Season 2 – Lavender
missing episode match metadata,0,F:\MediaStack\data\media\tv\Ted Lasso\Season 02\Ted Lasso - S02E03 - Do the Right-est Thing.Clean.mkv,,,episode,imdb://tt14968636,,unmatched,Ted Lasso – Season 2 – Do the Right-est Thing
missing episode match metadata,0,F:\MediaStack\data\media\tv\Ted Lasso\Season 02\Ted Lasso - S02E04 - Carol of the Bells.Clean.mkv,,,episode,imdb://tt14968638,,unmatched,Ted Lasso – Season 2 – Carol of the Bells
missing episode match metadata,0,F:\MediaStack\data\media\tv\Ted Lasso\Season 02\Ted Lasso - S02E05 - Rainbow.Clean.mkv,,,episode,imdb://tt14968642,,unmatched,Ted Lasso – Season 2 – Rainbow
missing episode match metadata,0,F:\MediaStack\data\media\tv\Ted Lasso\Season 02\Ted Lasso - S02E06 - The Signal.Clean.mkv,,,episode,imdb://tt14968644,,unmatched,Ted Lasso – Season 2 – The Signal
missing episode match metadata,0,F:\MediaStack\data\media\tv\Ted Lasso\Season 02\Ted Lasso - S02E07 - Headspace.Clean.mkv,,,episode,imdb://tt14968648,,unmatched,Ted Lasso – Season 2 – Headspace
missing episode match metadata,0,F:\MediaStack\data\media\tv\Ted Lasso\Season 02\Ted Lasso - S02E08 - Man City.Clean.mkv,,,episode,imdb://tt14968654,,unmatched,Ted Lasso – Season 2 – Man City
missing episode match metadata,0,F:\MediaStack\data\media\tv\Ted Lasso\Season 02\Ted Lasso - S02E09 - Beard After Hours.Clean.mkv,,,episode,imdb://tt14968652,,unmatched,Ted Lasso – Season 2 – Beard After Hours
missing episode match metadata,0,F:\MediaStack\data\media\tv\Ted Lasso\Season 02\Ted Lasso - S02E10 - No Weddings and a Funeral.Clean.mkv,,,episode,imdb://tt14968656,,unmatched,Ted Lasso – Season 2 – No Weddings and a Funeral
missing episode match metadata,0,F:\MediaStack\data\media\tv\Ted Lasso\Season 02\Ted Lasso - S02E11 - Midnight Train to Royston.Clean.mkv,,,episode,imdb://tt14968660,,unmatched,Ted Lasso – Season 2 – Midnight Train to Royston
missing episode match metadata,0,F:\MediaStack\data\media\tv\Ted Lasso\Season 02\Ted Lasso - S02E12 - Inverting the Pyramid of Success.Clean.mkv,,,episode,imdb://tt14968664,,unmatched,Ted Lasso – Season 2 – Inverting the Pyramid of Success
missing episode match metadata,0,F:\MediaStack\data\media\tv\Ted Lasso\Season 03\Ted Lasso - S03E01 - Smells Like Mean Spirit.Clean.mkv,,,episode,imdb://tt13362962,,unmatched,Ted Lasso – Season 3 – Smells Like Mean Spirit
missing episode match metadata,0,F:\MediaStack\data\media\tv\Ted Lasso\Season 03\Ted Lasso - S03E02 - (I Don’t Want to Go to) Chelsea.Clean.mkv,,,episode,imdb://tt19655878,,unmatched,Ted Lasso – Season 3 – (I Don't Want to Go to) Chelsea
missing episode match metadata,0,F:\MediaStack\data\media\tv\Ted Lasso\Season 03\Ted Lasso - S03E03 - 4-5-1.Clean.mkv,,,episode,imdb://tt19655880,,unmatched,Ted Lasso – Season 3 – 4-5-1
missing episode match metadata,0,F:\MediaStack\data\media\tv\Steins;Gate\Season 01\Steins;Gate - S01E02 - Time Travel Paranoia.mkv,,,episode,imdb://tt2055380,,unmatched,Steins;Gate – Season 1 – Time Travel Paranoia
missing episode match metadata,0,F:\MediaStack\data\media\tv\Steins;Gate\Season 01\Steins;Gate - S01E03 - Parallel Process Paranoia.mkv,,,episode,imdb://tt2055378,,unmatched,Steins;Gate – Season 1 – Parallel World Paranoia
missing episode match metadata,0,F:\MediaStack\data\media\tv\Steins;Gate\Season 01\Steins;Gate - S01E04 - Interpreter Rendezvous.mkv,,,episode,imdb://tt2055377,,unmatched,Steins;Gate – Season 1 – Interpreter Rendezvous
missing episode match metadata,0,F:\MediaStack\data\media\tv\Steins;Gate\Season 01\Steins;Gate - S01E05 - Starmine Rendezvous.mkv,,,episode,imdb://tt2055379,,unmatched,Steins;Gate – Season 1 – Starmine Rendezvous
missing episode match metadata,0,F:\MediaStack\data\media\tv\Steins;Gate\Season 01\Steins;Gate - S01E06 - Butterfly Effect's Divergence.mkv,,,episode,imdb://tt2054519,,unmatched,Steins;Gate – Season 1 – Butterfly Effect's Divergence
missing episode match metadata,0,F:\MediaStack\data\media\tv\Steins;Gate\Season 01\Steins;Gate - S01E07 - Divergence Singularity.mkv,,,episode,imdb://tt2156191,,unmatched,Steins;Gate – Season 1 – Divergence Singularity
missing episode match metadata,0,F:\MediaStack\data\media\tv\Steins;Gate\Season 01\Steins;Gate - S01E08 - Chaos Theory Homeostasis I.mkv,,,episode,imdb://tt2161049,,unmatched,Steins;Gate – Season 1 – Chaos Theory Homeostasis I
missing episode match metadata,0,F:\MediaStack\data\media\tv\Steins;Gate\Season 01\Steins;Gate - S01E09 - Chaos Theory Homeostasis II.mkv,,,episode,imdb://tt2161051,,unmatched,Steins;Gate – Season 1 – Chaos Theory Homeostasis II
missing episode match metadata,0,F:\MediaStack\data\media\tv\Steins;Gate\Season 01\Steins;Gate - S01E10 - Chaos Theory Homeostasis III.mkv,,,episode,imdb://tt2156189,,unmatched,Steins;Gate – Season 1 – Chaos Theory Homeostasis III
missing episode match metadata,0,F:\MediaStack\data\media\tv\Steins;Gate\Season 01\Steins;Gate - S01E11 - Dogma in Event Horizon.mkv,,,episode,imdb://tt2157965,,unmatched,Steins;Gate – Season 1 – Dogma in Event Horizon
missing episode match metadata,0,F:\MediaStack\data\media\tv\Steins;Gate\Season 01\Steins;Gate - S01E12 - Dogma in Ergosphere.mkv,,,episode,imdb://tt2157963,,unmatched,Steins;Gate – Season 1 – Dogma in Ergosphere
missing episode match metadata,0,F:\MediaStack\data\media\tv\Steins;Gate\Season 01\Steins;Gate - S01E13 - Metaphysics Necrosis.mkv,,,episode,imdb://tt2156199,,unmatched,Steins;Gate – Season 1 – Metaphysics Necrosis
missing episode match metadata,0,F:\MediaStack\data\media\tv\Steins;Gate\Season 01\Steins;Gate - S01E14 - Physically Necrosis.mkv,,,episode,imdb://tt2157969,,unmatched,Steins;Gate – Season 1 – Physically Necrosis
missing episode match metadata,0,F:\MediaStack\data\media\tv\Steins;Gate\Season 01\Steins;Gate - S01E15 - Missing Link Necrosis.mkv,,,episode,imdb://tt2156201,,unmatched,Steins;Gate – Season 1 – Missing Link Necrosis
missing episode match metadata,0,F:\MediaStack\data\media\tv\Steins;Gate\Season 01\Steins;Gate - S01E16 - Sacrificial Necrosis.mkv,,,episode,imdb://tt2156205,,unmatched,Steins;Gate – Season 1 – Sacrificial Necrosis
missing episode match metadata,0,F:\MediaStack\data\media\tv\Steins;Gate\Season 01\Steins;Gate - S01E17 - Made in Complex.mkv,,,episode,imdb://tt2156197,,unmatched,Steins;Gate – Season 1 – Made in Complex
missing episode match metadata,0,F:\MediaStack\data\media\tv\Steins;Gate\Season 01\Steins;Gate - S01E18 - Fractal Androgynous.mkv,,,episode,imdb://tt2156195,,unmatched,Steins;Gate – Season 1 – Fractal Androgynous
missing episode match metadata,0,F:\MediaStack\data\media\tv\Steins;Gate\Season 01\Steins;Gate - S01E19 - Endless Apoptosis.mkv,,,episode,imdb://tt2161047,,unmatched,Steins;Gate – Season 1 – Endless Apoptosis
missing episode match metadata,0,F:\MediaStack\data\media\tv\Steins;Gate\Season 01\Steins;Gate - S01E20 - Finalize Apoptosis.mkv,,,episode,imdb://tt2156193,,unmatched,Steins;Gate – Season 1 – Finalize Apoptosis
missing episode match metadata,0,F:\MediaStack\data\media\tv\Steins;Gate\Season 01\Steins;Gate - S01E21 - Paradox Meltdown.mkv,,,episode,imdb://tt2157967,,unmatched,Steins;Gate – Season 1 – Paradox Meltdown
missing episode match metadata,0,F:\MediaStack\data\media\tv\Steins;Gate\Season 01\Steins;Gate - S01E22 - Being Meltdown.mkv,,,episode,imdb://tt2157961,,unmatched,Steins;Gate – Season 1 – Being Meltdown
missing episode match metadata,0,F:\MediaStack\data\media\tv\Steins;Gate\Season 01\Steins;Gate - S01E23 - Open the Steins Gate.mkv,,,episode,imdb://tt2156203,,unmatched,Steins;Gate – Season 1 – Open the Steins Gate
missing episode match metadata,0,F:\MediaStack\data\media\tv\Steins;Gate\Season 01\Steins;Gate - S01E24 - Achievement Point.mkv,,,episode,imdb://tt2157959,,unmatched,Steins;Gate – Season 1 – Achievement Point
missing episode match metadata,0,F:\MediaStack\data\media\tv\Ted Lasso\Season 01\Ted Lasso - S01E01 - Pilot.Clean.mkv,,,episode,imdb://tt10989880,,unmatched,Ted Lasso – Season 1 – Pilot
missing episode match metadata,0,F:\MediaStack\data\media\tv\Ted Lasso\Season 01\Ted Lasso - S01E02 - Biscuits.Clean.mkv,,,episode,imdb://tt10989890,,unmatched,Ted Lasso – Season 1 – Biscuits
missing episode match metadata,0,F:\MediaStack\data\media\tv\Ted Lasso\Season 01\Ted Lasso - S01E03 - Trent Crimm - The Independent.Clean.mkv,,,episode,imdb://tt10989892,,unmatched,Ted Lasso – Season 1 – Trent Crimm: The Independent
missing episode match metadata,0,F:\MediaStack\data\media\tv\Ted Lasso\Season 01\Ted Lasso - S01E04 - For the Children.Clean.mkv,,,episode,imdb://tt11044158,,unmatched,Ted Lasso – Season 1 – For the Children
missing episode match metadata,0,F:\MediaStack\data\media\tv\Ted Lasso\Season 01\Ted Lasso - S01E05 - Tan Lines.Clean.mkv,,,episode,imdb://tt11044160,,unmatched,Ted Lasso – Season 1 – Tan Lines
missing episode match metadata,0,F:\MediaStack\data\media\tv\SpongeBob SquarePants\Season 15\SpongeBob SquarePants - S15E15-E16 - Smartificial Intelligence + Firehouse Bob.mkv,,,episode,tmdb://5965208,,unmatched,SpongeBob SquarePants – Season 15 – Firehouse Bob
missing episode match metadata,0,F:\MediaStack\data\media\tv\SpongeBob SquarePants\Season 15\SpongeBob SquarePants - S15E17-E18 - Pablum Plankton + MuseBob ModelPants.mkv,,,episode,imdb://tt35269225,,unmatched,SpongeBob SquarePants – Season 15 – Pablum Plankton
missing episode match metadata,0,F:\MediaStack\data\media\tv\SpongeBob SquarePants\Season 15\SpongeBob SquarePants - S15E17-E18 - Pablum Plankton + MuseBob ModelPants.mkv,,,episode,tmdb://5965237,,unmatched,SpongeBob SquarePants – Season 15 – MuseBob ModelPants
missing episode match metadata,0,F:\MediaStack\data\media\tv\SpongeBob SquarePants\Season 15\SpongeBob SquarePants - S15E19-E20 - Delivery of Doom + My Father the Boat.mkv,,,episode,tmdb://5965256,,unmatched,SpongeBob SquarePants – Season 15 – Delivery of Doom
missing episode match metadata,0,F:\MediaStack\data\media\tv\SpongeBob SquarePants\Season 15\SpongeBob SquarePants - S15E19-E20 - Delivery of Doom + My Father the Boat.mkv,,,episode,tmdb://5965259,,unmatched,SpongeBob SquarePants – Season 15 – My Father the Boat
missing episode match metadata,0,F:\MediaStack\data\media\tv\SpongeBob SquarePants\Season 15\SpongeBob SquarePants - S15E21-E22 - Who's Afraid of Mr. Snippers + A Fish Called Sandy.mkv,,,episode,tmdb://6002862,,unmatched,SpongeBob SquarePants – Season 15 – Who's Afraid of Mr. Snippers?
missing episode match metadata,0,F:\MediaStack\data\media\tv\SpongeBob SquarePants\Season 15\SpongeBob SquarePants - S15E21-E22 - Who's Afraid of Mr. Snippers + A Fish Called Sandy.mkv,,,episode,tmdb://6002863,,unmatched,SpongeBob SquarePants – Season 15 – A Fish Called Sandy
missing episode match metadata,0,F:\MediaStack\data\media\tv\SpongeBob SquarePants\Season 15\SpongeBob SquarePants - S15E23-E24 - Making Waves + Captain Quasar - The Next Iteration.mkv,,,episode,tmdb://6002866,,unmatched,SpongeBob SquarePants – Season 15 – Making Waves
missing episode match metadata,0,F:\MediaStack\data\media\tv\SpongeBob SquarePants\Season 15\SpongeBob SquarePants - S15E23-E24 - Making Waves + Captain Quasar - The Next Iteration.mkv,,,episode,tmdb://6002865,,unmatched,SpongeBob SquarePants – Season 15 – Captain Quasar: The Next Iteration
missing episode match metadata,0,F:\MediaStack\data\media\tv\SpongeBob SquarePants\Season 16\SpongeBob SquarePants - S16E01 - SpongeBob and Patrick's Timeline Twist-Up.mkv,,,episode,imdb://tt37785250,,unmatched,SpongeBob SquarePants – Season 16 – SpongeBob and Patrick's Timeline Twist-Up
missing episode match metadata,0,F:\MediaStack\data\media\tv\SpongeBob SquarePants\Season 16\SpongeBob SquarePants - S16E08 - The Haunted Bucket.mp4,,,episode,imdb://tt38809581,,unmatched,SpongeBob SquarePants – Season 16 – The Haunted Bucket
missing episode match metadata,0,F:\MediaStack\data\media\tv\SpongeBob SquarePants\Season 16\SpongeBob SquarePants - S16E09 - Go Fetch!.mp4,,,episode,imdb://tt38503716,,unmatched,SpongeBob SquarePants – Season 16 – Go Fetch!
missing episode match metadata,0,F:\MediaStack\data\media\tv\SpongeBob SquarePants\Season 16\SpongeBob SquarePants - S16E10 - Laundro-Madness.mp4,,,episode,imdb://tt38809586,,unmatched,SpongeBob SquarePants – Season 16 – Laundro-Madness
missing episode match metadata,0,F:\MediaStack\data\media\tv\SpongeBob SquarePants\Season 16\SpongeBob SquarePants - S16E11 - Hog Huntin.mp4,,,episode,imdb://tt38809592,,unmatched,SpongeBob SquarePants – Season 16 – Hog Huntin
missing episode match metadata,0,F:\MediaStack\data\media\tv\SpongeBob SquarePants\Season 16\SpongeBob SquarePants - S16E18 - Pigskin Pearl.mkv,,,episode,tmdb://6394546,,unmatched,SpongeBob SquarePants – Season 16 – Pigskin Pearl
missing episode match metadata,0,F:\MediaStack\data\media\tv\SpongeBob SquarePants\Season 16\SpongeBob SquarePants - S16E19 - The Green Tentacle.mkv,,,episode,tmdb://6394547,,unmatched,SpongeBob SquarePants – Season 16 – The Green Tentacle
missing episode match metadata,0,F:\MediaStack\data\media\tv\SpongeBob SquarePants\Season 16\SpongeBob SquarePants - S16E20 - Happy Krabby Birthday.mkv,,,episode,tmdb://6394548,,unmatched,SpongeBob SquarePants – Season 16 – Happy Krabby Birthday
missing episode match metadata,0,F:\MediaStack\data\media\tv\SpongeBob SquarePants\Season 16\SpongeBob SquarePants - S16E21 - Karate Pals.mkv,,,episode,tmdb://6394549,,unmatched,SpongeBob SquarePants – Season 16 – Karate Pals
missing episode match metadata,0,F:\MediaStack\data\media\tv\SpongeBob SquarePants\Season 16\SpongeBob SquarePants - S16E22 - Karen's Klatch.mkv,,,episode,tmdb://6394550,,unmatched,SpongeBob SquarePants – Season 16 – Karen's Klatch
missing episode match metadata,0,F:\MediaStack\data\media\tv\Steins;Gate\Season 01\Steins;Gate - S01E01 - Prologue to the Beginning and End.mkv,,,episode,imdb://tt2054520,,unmatched,Steins;Gate – Season 1 – Turning Point
missing episode match metadata,0,F:\MediaStack\data\media\tv\SpongeBob SquarePants\Season 12\SpongeBob SquarePants - S12E31-E32 - Swamp Mates + One Trick Sponge.mkv,,,episode,tmdb://2174210,,unmatched,SpongeBob SquarePants – Season 12 – Jolly Lodgers
missing episode match metadata,0,F:\MediaStack\data\media\tv\SpongeBob SquarePants\Season 12\SpongeBob SquarePants - S12E31-E32 - Swamp Mates + One Trick Sponge.mkv,,,episode,tmdb://2200847,,unmatched,SpongeBob SquarePants – Season 12 – Swamp Mates
missing episode match metadata,0,F:\MediaStack\data\media\tv\SpongeBob SquarePants\Season 12\SpongeBob SquarePants - S12E33 - Pineapple RV.mkv,,,episode,tmdb://2206298,,unmatched,SpongeBob SquarePants – Season 12 – One Trick Sponge
missing episode match metadata,0,F:\MediaStack\data\media\tv\SpongeBob SquarePants\Season 12\SpongeBob SquarePants - S12E34 - Boss for a Day.mkv,,,episode,tmdb://2331924,,unmatched,SpongeBob SquarePants – Season 12 – Boss for a Day
missing episode match metadata,0,F:\MediaStack\data\media\tv\SpongeBob SquarePants\Season 13\SpongeBob SquarePants - S13E03-E04 - Krusty Koncessionaires + Dream Hoppers.mkv,,,episode,imdb://tt10084388,,unmatched,SpongeBob SquarePants – Season 13 – Krusty Koncessionaires
missing episode match metadata,0,F:\MediaStack\data\media\tv\SpongeBob SquarePants\Season 13\SpongeBob SquarePants - S13E03-E04 - Krusty Koncessionaires + Dream Hoppers.mkv,,,episode,tmdb://2638537,,unmatched,SpongeBob SquarePants – Season 13 – Dream Hoppers
missing episode match metadata,0,"F:\MediaStack\data\media\tv\SpongeBob SquarePants\Season 13\SpongeBob SquarePants - S13E11-E12 - Knock Knock, Who's There + Plankton's Intern.mkv",,,episode,imdb://tt10084362,,unmatched,"SpongeBob SquarePants – Season 13 – Knock Knock, Who’s There?"
missing episode match metadata,0,"F:\MediaStack\data\media\tv\SpongeBob SquarePants\Season 13\SpongeBob SquarePants - S13E11-E12 - Knock Knock, Who's There + Plankton's Intern.mkv",,,episode,imdb://tt10084374,,unmatched,SpongeBob SquarePants – Season 13 – Plankton’s Intern
missing episode match metadata,0,F:\MediaStack\data\media\tv\SpongeBob SquarePants\Season 13\SpongeBob SquarePants - S13E57 - Spatula of the Heavens.mkv,,,episode,imdb://tt18949586,,unmatched,SpongeBob SquarePants – Season 13 – Spatula of the Heavens
missing episode match metadata,0,F:\MediaStack\data\media\tv\SpongeBob SquarePants\Season 13\SpongeBob SquarePants - S13E61 - SquidBird.mkv,,,episode,imdb://tt18949584,,unmatched,SpongeBob SquarePants – Season 13 – SquidBird
missing episode match metadata,0,F:\MediaStack\data\media\tv\SpongeBob SquarePants\Season 15\SpongeBob SquarePants - S15E01-E02 - UpWard + Unidentified Flailing Octopus.mkv,,,episode,imdb://tt33086232,,unmatched,SpongeBob SquarePants – Season 15 – UpWard
missing episode match metadata,0,F:\MediaStack\data\media\tv\SpongeBob SquarePants\Season 15\SpongeBob SquarePants - S15E01-E02 - UpWard + Unidentified Flailing Octopus.mkv,,,episode,tmdb://5633035,,unmatched,SpongeBob SquarePants – Season 15 – Unidentified Flailing Octopus
missing episode match metadata,0,F:\MediaStack\data\media\tv\SpongeBob SquarePants\Season 15\SpongeBob SquarePants - S15E03-E04 - Bad Luck Bob + The Sandman Cometh.mkv,,,episode,imdb://tt31227911,,unmatched,SpongeBob SquarePants – Season 15 – Bad Luck Bob
missing episode match metadata,0,F:\MediaStack\data\media\tv\SpongeBob SquarePants\Season 15\SpongeBob SquarePants - S15E03-E04 - Bad Luck Bob + The Sandman Cometh.mkv,,,episode,tmdb://5633037,,unmatched,SpongeBob SquarePants – Season 15 – The Sandman Cometh
missing episode match metadata,0,F:\MediaStack\data\media\tv\SpongeBob SquarePants\Season 15\SpongeBob SquarePants - S15E05-E06 - Biscuit Ballyhoo + Student Driver Survivor.mkv,,,episode,tmdb://5643043,,unmatched,SpongeBob SquarePants – Season 15 – Biscuit Ballyhoo
missing episode match metadata,0,F:\MediaStack\data\media\tv\SpongeBob SquarePants\Season 15\SpongeBob SquarePants - S15E05-E06 - Biscuit Ballyhoo + Student Driver Survivor.mkv,,,episode,tmdb://5643044,,unmatched,SpongeBob SquarePants – Season 15 – Student Driver Survivor
missing episode match metadata,0,F:\MediaStack\data\media\tv\SpongeBob SquarePants\Season 15\SpongeBob SquarePants - S15E07-E08 - Wiener Takes All + Stuck in an Elevator.mkv,,,episode,imdb://tt35135924,,unmatched,SpongeBob SquarePants – Season 15 – Wiener Takes All
missing episode match metadata,0,F:\MediaStack\data\media\tv\SpongeBob SquarePants\Season 15\SpongeBob SquarePants - S15E07-E08 - Wiener Takes All + Stuck in an Elevator.mkv,,,episode,tmdb://5694619,,unmatched,SpongeBob SquarePants – Season 15 – Stuck in an Elevator
missing episode match metadata,0,F:\MediaStack\data\media\tv\SpongeBob SquarePants\Season 15\SpongeBob SquarePants - S15E09-E10 - Squidness Protection + Dome Alone.mkv,,,episode,imdb://tt35232977,,unmatched,SpongeBob SquarePants – Season 15 – Squidness Protection
missing episode match metadata,0,F:\MediaStack\data\media\tv\SpongeBob SquarePants\Season 15\SpongeBob SquarePants - S15E09-E10 - Squidness Protection + Dome Alone.mkv,,,episode,tmdb://5733787,,unmatched,SpongeBob SquarePants – Season 15 – Dome Alone
missing episode match metadata,0,F:\MediaStack\data\media\tv\SpongeBob SquarePants\Season 15\SpongeBob SquarePants - S15E11-E12 - Wary Gary + Pinned.mkv,,,episode,tmdb://5733788,,unmatched,SpongeBob SquarePants – Season 15 – Wary Gary
missing episode match metadata,0,F:\MediaStack\data\media\tv\SpongeBob SquarePants\Season 15\SpongeBob SquarePants - S15E11-E12 - Wary Gary + Pinned.mkv,,,episode,tmdb://5733789,,unmatched,SpongeBob SquarePants – Season 15 – Pinned
missing episode match metadata,0,F:\MediaStack\data\media\tv\SpongeBob SquarePants\Season 15\SpongeBob SquarePants - S15E13-E14 - Jeffy T's Prankwell Emporium + A Taste of Plankton.mkv,,,episode,imdb://tt35269191,,unmatched,SpongeBob SquarePants – Season 15 – Jeffy T's Prankwell Emporium
missing episode match metadata,0,F:\MediaStack\data\media\tv\SpongeBob SquarePants\Season 15\SpongeBob SquarePants - S15E13-E14 - Jeffy T's Prankwell Emporium + A Taste of Plankton.mkv,,,episode,tmdb://5829075,,unmatched,SpongeBob SquarePants – Season 15 – A Taste of Plankton
missing episode match metadata,0,F:\MediaStack\data\media\tv\SpongeBob SquarePants\Season 15\SpongeBob SquarePants - S15E15-E16 - Smartificial Intelligence + Firehouse Bob.mkv,,,episode,imdb://tt35269198,,unmatched,SpongeBob SquarePants – Season 15 – Smartificial Intelligence
missing episode match metadata,0,F:\MediaStack\data\media\tv\SpongeBob SquarePants\Season 04\SpongeBob SquarePants - S04E32 - The Pink Purloiner.avi,,,episode,imdb://tt0954808,,unmatched,SpongeBob SquarePants – Season 4 – Driven to Tears
missing episode match metadata,0,F:\MediaStack\data\media\tv\SpongeBob SquarePants\Season 04\SpongeBob SquarePants - S04E33 - The Gift of Gum.avi,,,episode,tmdb://1026311,,unmatched,SpongeBob SquarePants – Season 4 – Rule of Dumb
missing episode match metadata,0,F:\MediaStack\data\media\tv\SpongeBob SquarePants\Season 10\SpongeBob SquarePants - S10E06 - Hello Bikini Bottom!.mkv,,,episode,tmdb://1026501,,unmatched,SpongeBob SquarePants – Season 10 – Plankton Gets the Boot
missing episode match metadata,0,F:\MediaStack\data\media\tv\SpongeBob SquarePants\Season 11\SpongeBob SquarePants - S11E30 - Bunny Hunt.mkv,,,episode,tmdb://1462979,,unmatched,SpongeBob SquarePants – Season 11 – My Leg!
missing episode match metadata,0,F:\MediaStack\data\media\tv\SpongeBob SquarePants\Season 11\SpongeBob SquarePants - S11E33 - Sanitation Insanity.mkv,,,episode,tmdb://1544241,,unmatched,SpongeBob SquarePants – Season 11 – Whale Watching
missing episode match metadata,0,F:\MediaStack\data\media\tv\SpongeBob SquarePants\Season 11\SpongeBob SquarePants - S11E35-E36 - Ink Lemonade + Mustard O' Mine.mkv,,,episode,imdb://tt8260838,,unmatched,SpongeBob SquarePants – Season 11 – Patnocchio
missing episode match metadata,0,F:\MediaStack\data\media\tv\SpongeBob SquarePants\Season 11\SpongeBob SquarePants - S11E35-E36 - Ink Lemonade + Mustard O' Mine.mkv,,,episode,tmdb://1544244,,unmatched,SpongeBob SquarePants – Season 11 – ChefBob
missing episode match metadata,0,F:\MediaStack\data\media\tv\SpongeBob SquarePants\Season 11\SpongeBob SquarePants - S11E38-E39 - Krusty Kleaners + Patnocchio.mkv,,,episode,tmdb://1544245,,unmatched,SpongeBob SquarePants – Season 11 – Library Cards
missing episode match metadata,0,F:\MediaStack\data\media\tv\SpongeBob SquarePants\Season 11\SpongeBob SquarePants - S11E38-E39 - Krusty Kleaners + Patnocchio.mkv,,,episode,tmdb://1544246,,unmatched,SpongeBob SquarePants – Season 11 – Plankton Paranoia
missing episode match metadata,0,F:\MediaStack\data\media\tv\SpongeBob SquarePants\Season 11\SpongeBob SquarePants - S11E43 - Plankton Paranoia.mkv,,,episode,tmdb://1544254,,unmatched,SpongeBob SquarePants – Season 11 – Bubble Town
missing episode match metadata,0,F:\MediaStack\data\media\tv\SpongeBob SquarePants\Season 11\SpongeBob SquarePants - S11E45 - The Grill is Gone.mkv,,,episode,tmdb://1544251,,unmatched,SpongeBob SquarePants – Season 11 – Karen's Virus
missing episode match metadata,0,F:\MediaStack\data\media\tv\SpongeBob SquarePants\Season 11\SpongeBob SquarePants - S11E46-E47 - The Night Patty + Bubbletown.mkv,,,episode,tmdb://1544255,,unmatched,SpongeBob SquarePants – Season 11 – Girls' Night Out
missing episode match metadata,0,F:\MediaStack\data\media\tv\SpongeBob SquarePants\Season 11\SpongeBob SquarePants - S11E46-E47 - The Night Patty + Bubbletown.mkv,,,episode,tmdb://1544247,,unmatched,SpongeBob SquarePants – Season 11 – Surf n' Turf
missing episode match metadata,0,F:\MediaStack\data\media\tv\SpongeBob SquarePants\Season 11\SpongeBob SquarePants - S11E49-E50 - Karen's Virus + Girls' Night Out.mkv,,,episode,imdb://tt8260950,,unmatched,SpongeBob SquarePants – Season 11 – Squirrel Jelly
missing episode match metadata,0,F:\MediaStack\data\media\tv\SpongeBob SquarePants\Season 11\SpongeBob SquarePants - S11E49-E50 - Karen's Virus + Girls' Night Out.mkv,,,episode,tmdb://1544257,,unmatched,SpongeBob SquarePants – Season 11 – The String
missing episode match metadata,0,F:\MediaStack\data\media\tv\SpongeBob SquarePants\Season 11\SpongeBob SquarePants - S11E51 - Surf N' Turf.mkv,,,episode,imdb://tt8260930,,unmatched,SpongeBob SquarePants – Season 11 – Goons on the Moon
missing episode match metadata,0,F:\MediaStack\data\media\tv\SpongeBob SquarePants\Season 11\SpongeBob SquarePants - S11E54-E55 - The String + Goons on the Moon.mkv,,,episode,local://24289,,unmatched,SpongeBob SquarePants – Season 11 – Episode 54
missing episode match metadata,0,F:\MediaStack\data\media\tv\SpongeBob SquarePants\Season 11\SpongeBob SquarePants - S11E54-E55 - The String + Goons on the Moon.mkv,,,episode,local://24290,,unmatched,SpongeBob SquarePants – Season 11 – Episode 55
missing episode match metadata,0,F:\MediaStack\data\media\tv\SpongeBob SquarePants\Season 12\SpongeBob SquarePants - S12E01 - The Nitwitting.mp4,,,episode,tmdb://1673047,,unmatched,SpongeBob SquarePants – Season 12 – The Nitwitting
missing episode match metadata,0,F:\MediaStack\data\media\tv\SpongeBob SquarePants\Season 12\SpongeBob SquarePants - S12E03 - The Krusty Slammer.mkv,,,episode,imdb://tt9222472,,unmatched,SpongeBob SquarePants – Season 12 – The Krusty Slammer
missing episode match metadata,0,F:\MediaStack\data\media\tv\SpongeBob SquarePants\Season 12\SpongeBob SquarePants - S12E05 - Stormy Weather.mp4,,,episode,imdb://tt9222478,,unmatched,SpongeBob SquarePants – Season 12 – Stormy Weather
missing episode match metadata,0,F:\MediaStack\data\media\tv\SpongeBob SquarePants\Season 12\SpongeBob SquarePants - S12E06 - Sandy's Nutty Nieces.mkv,,,episode,tmdb://1674893,,unmatched,SpongeBob SquarePants – Season 12 – Sandy's Nutty Nieces
missing episode match metadata,0,F:\MediaStack\data\media\tv\SpongeBob SquarePants\Season 12\SpongeBob SquarePants - S12E07 - Insecurity Guards.mkv,,,episode,tmdb://1838495,,unmatched,SpongeBob SquarePants – Season 12 – Insecurity Guards
missing episode match metadata,0,F:\MediaStack\data\media\tv\SpongeBob SquarePants\Season 12\SpongeBob SquarePants - S12E28 - Biddy Sitting.mkv,,,episode,tmdb://2060908,,unmatched,SpongeBob SquarePants – Season 12 – Who R Zoo?
missing episode match metadata,0,F:\MediaStack\data\media\tv\SpongeBob SquarePants\Season 04\SpongeBob SquarePants - S04E08 - Funny Pants.avi,,,episode,tmdb://1026288,,unmatched,SpongeBob SquarePants – Season 4 – Funny Pants
missing episode match metadata,0,F:\MediaStack\data\media\tv\SpongeBob SquarePants\Season 04\SpongeBob SquarePants - S04E09 - Mermaid Man & Barnacle Boy VI - The Motion Picture.avi,,,episode,imdb://tt0832774,,unmatched,SpongeBob SquarePants – Season 4 – Mermaid Man & Barnacle Boy VI - The Motion Picture
missing episode match metadata,0,F:\MediaStack\data\media\tv\SpongeBob SquarePants\Season 04\SpongeBob SquarePants - S04E10 - Enemy-in-Law.avi,,,episode,tmdb://1026289,,unmatched,SpongeBob SquarePants – Season 4 – Enemy In-Law
missing episode match metadata,0,F:\MediaStack\data\media\tv\SpongeBob SquarePants\Season 04\SpongeBob SquarePants - S04E11 - Patrick SmartPants.avi,,,episode,imdb://tt0832783,,unmatched,SpongeBob SquarePants – Season 4 – Patrick SmartPants
missing episode match metadata,0,F:\MediaStack\data\media\tv\SpongeBob SquarePants\Season 04\SpongeBob SquarePants - S04E12 - SquidBob TentaclePants.avi,,,episode,tmdb://1026292,,unmatched,SpongeBob SquarePants – Season 4 – SquidBob TentaclePants
missing episode match metadata,0,F:\MediaStack\data\media\tv\SpongeBob SquarePants\Season 04\SpongeBob SquarePants - S04E13 - Krusty Towers.avi,,,episode,imdb://tt0707315,,unmatched,SpongeBob SquarePants – Season 4 – Have You Seen This Snail?
missing episode match metadata,0,"F:\MediaStack\data\media\tv\SpongeBob SquarePants\Season 04\SpongeBob SquarePants - S04E14 - Mrs. Puff, You're Fired.avi",,,episode,imdb://tt0774435,,unmatched,SpongeBob SquarePants – Season 4 – Dunces and Dragons
missing episode match metadata,0,F:\MediaStack\data\media\tv\SpongeBob SquarePants\Season 04\SpongeBob SquarePants - S04E15 - Ghost Host.avi,,,episode,tmdb://1026293,,unmatched,SpongeBob SquarePants – Season 4 – Krusty Towers
missing episode match metadata,0,F:\MediaStack\data\media\tv\SpongeBob SquarePants\Season 04\SpongeBob SquarePants - S04E16 - Chimps Ahoy.avi,,,episode,tmdb://1026294,,unmatched,"SpongeBob SquarePants – Season 4 – Mrs. Puff, You're Fired"
missing episode match metadata,0,F:\MediaStack\data\media\tv\SpongeBob SquarePants\Season 04\SpongeBob SquarePants - S04E17 - Whale of a Birthday.avi,,,episode,tmdb://1026296,,unmatched,SpongeBob SquarePants – Season 4 – Chimps Ahoy
missing episode match metadata,0,F:\MediaStack\data\media\tv\SpongeBob SquarePants\Season 04\SpongeBob SquarePants - S04E18 - Karate Island.avi,,,episode,imdb://tt0832775,,unmatched,SpongeBob SquarePants – Season 4 – Ghost Host
missing episode match metadata,0,F:\MediaStack\data\media\tv\SpongeBob SquarePants\Season 04\SpongeBob SquarePants - S04E19 - All That Glitters.avi,,,episode,imdb://tt0810723,,unmatched,SpongeBob SquarePants – Season 4 – Whale of a Birthday
missing episode match metadata,0,F:\MediaStack\data\media\tv\SpongeBob SquarePants\Season 04\SpongeBob SquarePants - S04E20 - Wishing You Well.avi,,,episode,tmdb://1026298,,unmatched,SpongeBob SquarePants – Season 4 – Karate Island
missing episode match metadata,0,F:\MediaStack\data\media\tv\SpongeBob SquarePants\Season 04\SpongeBob SquarePants - S04E21 - New Leaf.avi,,,episode,imdb://tt0829059,,unmatched,SpongeBob SquarePants – Season 4 – All That Glitters
missing episode match metadata,0,F:\MediaStack\data\media\tv\SpongeBob SquarePants\Season 04\SpongeBob SquarePants - S04E22 - Once Bitten.avi,,,episode,tmdb://1026300,,unmatched,SpongeBob SquarePants – Season 4 – Wishing You Well
missing episode match metadata,0,F:\MediaStack\data\media\tv\SpongeBob SquarePants\Season 04\SpongeBob SquarePants - S04E23 - Squidtastic Voyage.avi,,,episode,tmdb://1026301,,unmatched,SpongeBob SquarePants – Season 4 – New Leaf
missing episode match metadata,0,F:\MediaStack\data\media\tv\SpongeBob SquarePants\Season 04\SpongeBob SquarePants - S04E24 - Bummer Vacation.avi,,,episode,tmdb://1026302,,unmatched,SpongeBob SquarePants – Season 4 – Once Bitten
missing episode match metadata,0,F:\MediaStack\data\media\tv\SpongeBob SquarePants\Season 04\SpongeBob SquarePants - S04E25 - Best Day Ever.avi,,,episode,tmdb://1026303,,unmatched,SpongeBob SquarePants – Season 4 – Squidtastic Voyage
missing episode match metadata,0,F:\MediaStack\data\media\tv\SpongeBob SquarePants\Season 04\SpongeBob SquarePants - S04E26 - Wigstruck.avi,,,episode,tmdb://1026304,,unmatched,SpongeBob SquarePants – Season 4 – Bummer Vacation
missing episode match metadata,0,F:\MediaStack\data\media\tv\SpongeBob SquarePants\Season 04\SpongeBob SquarePants - S04E27 - That's No Lady.avi,,,episode,tmdb://1026305,,unmatched,SpongeBob SquarePants – Season 4 – Best Day Ever
missing episode match metadata,0,F:\MediaStack\data\media\tv\SpongeBob SquarePants\Season 04\SpongeBob SquarePants - S04E28 - The Thing.avi,,,episode,tmdb://1026306,,unmatched,SpongeBob SquarePants – Season 4 – Wigstruck
missing episode match metadata,0,F:\MediaStack\data\media\tv\SpongeBob SquarePants\Season 04\SpongeBob SquarePants - S04E29 - Hocus Pocus.avi,,,episode,tmdb://1026307,,unmatched,SpongeBob SquarePants – Season 4 – That's No Lady
missing episode match metadata,0,F:\MediaStack\data\media\tv\SpongeBob SquarePants\Season 04\SpongeBob SquarePants - S04E30 - Driven to Tears.avi,,,episode,imdb://tt0937306,,unmatched,SpongeBob SquarePants – Season 4 – The Thing
missing episode match metadata,0,F:\MediaStack\data\media\tv\SpongeBob SquarePants\Season 04\SpongeBob SquarePants - S04E31 - Rule of Dumb.avi,,,episode,tmdb://1026309,,unmatched,SpongeBob SquarePants – Season 4 – Hocus Pocus
missing episode match metadata,0,F:\MediaStack\data\media\tv\SpongeBob SquarePants\Season 03\SpongeBob SquarePants - S03E15-E16 - Krab Borg + Rock-a-Bye Bivalve.mkv,,,episode,tmdb://1026262,,unmatched,SpongeBob SquarePants – Season 3 – Rock-a-Bye Bivalve
missing episode match metadata,0,F:\MediaStack\data\media\tv\SpongeBob SquarePants\Season 03\SpongeBob SquarePants - S03E17-E18 - Wet Painters + Krusty Krab Training Video.mkv,,,episode,tmdb://1026263,,unmatched,SpongeBob SquarePants – Season 3 – Wet Painters
missing episode match metadata,0,F:\MediaStack\data\media\tv\SpongeBob SquarePants\Season 03\SpongeBob SquarePants - S03E17-E18 - Wet Painters + Krusty Krab Training Video.mkv,,,episode,tmdb://1026264,,unmatched,SpongeBob SquarePants – Season 3 – Krusty Krab Training Video
missing episode match metadata,0,F:\MediaStack\data\media\tv\SpongeBob SquarePants\Season 03\SpongeBob SquarePants - S03E19-E20 - Chocolate with Nuts + Mermaid Man and Barnacle Boy V.mkv,,,episode,imdb://tt0707310,,unmatched,SpongeBob SquarePants – Season 3 – Party Pooper Pants
missing episode match metadata,0,F:\MediaStack\data\media\tv\SpongeBob SquarePants\Season 03\SpongeBob SquarePants - S03E19-E20 - Chocolate with Nuts + Mermaid Man and Barnacle Boy V.mkv,,,episode,tmdb://1026266,,unmatched,SpongeBob SquarePants – Season 3 – Chocolate with Nuts
missing episode match metadata,0,F:\MediaStack\data\media\tv\SpongeBob SquarePants\Season 03\SpongeBob SquarePants - S03E21-E22 - Club SpongeBob + My Pretty Seahorse.mkv,,,episode,tmdb://1026267,,unmatched,SpongeBob SquarePants – Season 3 – Mermaid Man and Barnacle Boy V
missing episode match metadata,0,F:\MediaStack\data\media\tv\SpongeBob SquarePants\Season 03\SpongeBob SquarePants - S03E21-E22 - Club SpongeBob + My Pretty Seahorse.mkv,,,episode,tmdb://1026247,,unmatched,SpongeBob SquarePants – Season 3 – Club SpongeBob
missing episode match metadata,0,F:\MediaStack\data\media\tv\SpongeBob SquarePants\Season 03\SpongeBob SquarePants - S03E23-E24 - Graveyard Shift + Krusty Love.mkv,,,episode,tmdb://1026248,,unmatched,SpongeBob SquarePants – Season 3 – My Pretty Seahorse
missing episode match metadata,0,F:\MediaStack\data\media\tv\SpongeBob SquarePants\Season 03\SpongeBob SquarePants - S03E23-E24 - Graveyard Shift + Krusty Love.mkv,,,episode,tmdb://1952665,,unmatched,SpongeBob SquarePants – Season 3 – Graveyard Shift
missing episode match metadata,0,F:\MediaStack\data\media\tv\SpongeBob SquarePants\Season 03\SpongeBob SquarePants - S03E25-E26 - New Student Starfish + Clams.mkv,,,episode,tmdb://1952666,,unmatched,SpongeBob SquarePants – Season 3 – Krusty Love
missing episode match metadata,0,F:\MediaStack\data\media\tv\SpongeBob SquarePants\Season 03\SpongeBob SquarePants - S03E25-E26 - New Student Starfish + Clams.mkv,,,episode,tmdb://1026268,,unmatched,SpongeBob SquarePants – Season 3 – New Student Starfish
missing episode match metadata,0,F:\MediaStack\data\media\tv\SpongeBob SquarePants\Season 03\SpongeBob SquarePants - S03E27-E28 - The Great Snail Race + Mid-Life Crustacean.mkv,,,episode,tmdb://1026270,,unmatched,SpongeBob SquarePants – Season 3 – Clams
missing episode match metadata,0,F:\MediaStack\data\media\tv\SpongeBob SquarePants\Season 03\SpongeBob SquarePants - S03E27-E28 - The Great Snail Race + Mid-Life Crustacean.mkv,,,episode,tmdb://1026271,,unmatched,SpongeBob SquarePants – Season 3 – The Great Snail Race
missing episode match metadata,0,F:\MediaStack\data\media\tv\SpongeBob SquarePants\Season 03\SpongeBob SquarePants - S03E29-E30 - Born Again Krabs + I Had an Accident.mkv,,,episode,tmdb://1026272,,unmatched,SpongeBob SquarePants – Season 3 – Mid-Life Crustacean
missing episode match metadata,0,F:\MediaStack\data\media\tv\SpongeBob SquarePants\Season 03\SpongeBob SquarePants - S03E29-E30 - Born Again Krabs + I Had an Accident.mkv,,,episode,imdb://tt0832793,,unmatched,SpongeBob SquarePants – Season 3 – The Sponge Who Could Fly
missing episode match metadata,0,F:\MediaStack\data\media\tv\SpongeBob SquarePants\Season 03\SpongeBob SquarePants - S03E31-E32 - Missing Identity + Plankton's Army.mkv,,,episode,tmdb://1952670,,unmatched,SpongeBob SquarePants – Season 3 – Gary Takes a Bath
missing episode match metadata,0,F:\MediaStack\data\media\tv\SpongeBob SquarePants\Season 03\SpongeBob SquarePants - S03E31-E32 - Missing Identity + Plankton's Army.mkv,,,episode,tmdb://1026273,,unmatched,SpongeBob SquarePants – Season 3 – Born Again Krabs
missing episode match metadata,0,F:\MediaStack\data\media\tv\SpongeBob SquarePants\Season 03\SpongeBob SquarePants - S03E33-E34 - Krabby Land + The Camping Episode.mkv,,,episode,tmdb://1026274,,unmatched,SpongeBob SquarePants – Season 3 – I Had an Accident
missing episode match metadata,0,F:\MediaStack\data\media\tv\SpongeBob SquarePants\Season 03\SpongeBob SquarePants - S03E33-E34 - Krabby Land + The Camping Episode.mkv,,,episode,tmdb://1026276,,unmatched,SpongeBob SquarePants – Season 3 – Missing Identity
missing episode match metadata,0,F:\MediaStack\data\media\tv\SpongeBob SquarePants\Season 03\SpongeBob SquarePants - S03E35-E36 - SpongeBob Meets the Strangler + Pranks a Lot.mkv,,,episode,tmdb://1026275,,unmatched,SpongeBob SquarePants – Season 3 – Plankton's Army
missing episode match metadata,0,F:\MediaStack\data\media\tv\SpongeBob SquarePants\Season 03\SpongeBob SquarePants - S03E35-E36 - SpongeBob Meets the Strangler + Pranks a Lot.mkv,,,episode,tmdb://1026269,,unmatched,SpongeBob SquarePants – Season 3 – Ugh
missing episode match metadata,0,F:\MediaStack\data\media\tv\SpongeBob SquarePants\Season 04\SpongeBob SquarePants - S04E01 - Fear of a Krabby Patty.avi,,,episode,imdb://tt0707308,,unmatched,SpongeBob SquarePants – Season 4 – Fear of a Krabby Patty
missing episode match metadata,0,F:\MediaStack\data\media\tv\SpongeBob SquarePants\Season 04\SpongeBob SquarePants - S04E02 - Shell of a Man.avi,,,episode,tmdb://1026282,,unmatched,SpongeBob SquarePants – Season 4 – Shell of a Man
missing episode match metadata,0,F:\MediaStack\data\media\tv\SpongeBob SquarePants\Season 04\SpongeBob SquarePants - S04E03 - The Lost Mattress.avi,,,episode,imdb://tt0832791,,unmatched,SpongeBob SquarePants – Season 4 – The Lost Mattress
missing episode match metadata,0,F:\MediaStack\data\media\tv\SpongeBob SquarePants\Season 04\SpongeBob SquarePants - S04E04 - Krabs vs. Plankton.avi,,,episode,tmdb://1026284,,unmatched,SpongeBob SquarePants – Season 4 – Krabs vs. Plankton
missing episode match metadata,0,F:\MediaStack\data\media\tv\SpongeBob SquarePants\Season 04\SpongeBob SquarePants - S04E05 - Skill Crane.avi,,,episode,tmdb://1172912,,unmatched,SpongeBob SquarePants – Season 4 – Skill Crane
missing episode match metadata,0,F:\MediaStack\data\media\tv\SpongeBob SquarePants\Season 04\SpongeBob SquarePants - S04E06 - Good Neighbors.avi,,,episode,tmdb://1026286,,unmatched,SpongeBob SquarePants – Season 4 – Good Neighbors
missing episode match metadata,0,F:\MediaStack\data\media\tv\SpongeBob SquarePants\Season 04\SpongeBob SquarePants - S04E07 - Selling Out.avi,,,episode,tmdb://1026287,,unmatched,SpongeBob SquarePants – Season 4 – Selling Out
missing episode match metadata,0,F:\MediaStack\data\media\tv\SpongeBob SquarePants\Season 02\SpongeBob SquarePants - S02E25-E26 - The Secret Box + Band Geeks.mkv,,,episode,tmdb://1108209,,unmatched,SpongeBob SquarePants – Season 2 – The Secret Box
missing episode match metadata,0,F:\MediaStack\data\media\tv\SpongeBob SquarePants\Season 02\SpongeBob SquarePants - S02E25-E26 - The Secret Box + Band Geeks.mkv,,,episode,tmdb://1108210,,unmatched,SpongeBob SquarePants – Season 2 – Band Geeks
missing episode match metadata,0,F:\MediaStack\data\media\tv\SpongeBob SquarePants\Season 02\SpongeBob SquarePants - S02E27-E28 - Sailor Mouth + Artist Unknown.mkv,,,episode,imdb://tt0832785,,unmatched,SpongeBob SquarePants – Season 2 – Sailor Mouth
missing episode match metadata,0,F:\MediaStack\data\media\tv\SpongeBob SquarePants\Season 02\SpongeBob SquarePants - S02E27-E28 - Sailor Mouth + Artist Unknown.mkv,,,episode,tmdb://1108212,,unmatched,SpongeBob SquarePants – Season 2 – Artist Unknown
missing episode match metadata,0,F:\MediaStack\data\media\tv\SpongeBob SquarePants\Season 02\SpongeBob SquarePants - S02E29-E30 - Jellyfish Hunter + The Fry Cook Games.mkv,,,episode,tmdb://1108213,,unmatched,SpongeBob SquarePants – Season 2 – Jellyfish Hunter
missing episode match metadata,0,F:\MediaStack\data\media\tv\SpongeBob SquarePants\Season 02\SpongeBob SquarePants - S02E29-E30 - Jellyfish Hunter + The Fry Cook Games.mkv,,,episode,tmdb://1108221,,unmatched,SpongeBob SquarePants – Season 2 – The Fry Cook Games
missing episode match metadata,0,F:\MediaStack\data\media\tv\SpongeBob SquarePants\Season 02\SpongeBob SquarePants - S02E31-E32 - Just One Bite + The Bully.mkv,,,episode,tmdb://1952655,,unmatched,SpongeBob SquarePants – Season 2 – Just One Bite
missing episode match metadata,0,F:\MediaStack\data\media\tv\SpongeBob SquarePants\Season 02\SpongeBob SquarePants - S02E31-E32 - Just One Bite + The Bully.mkv,,,episode,tmdb://1952656,,unmatched,SpongeBob SquarePants – Season 2 – The Bully
missing episode match metadata,0,"F:\MediaStack\data\media\tv\SpongeBob SquarePants\Season 02\SpongeBob SquarePants - S02E33-E34 - Squid on Strike + Sandy, SpongeBob, and the Worm.mkv",,,episode,tmdb://1108222,,unmatched,SpongeBob SquarePants – Season 2 – Squid on Strike
missing episode match metadata,0,"F:\MediaStack\data\media\tv\SpongeBob SquarePants\Season 02\SpongeBob SquarePants - S02E33-E34 - Squid on Strike + Sandy, SpongeBob, and the Worm.mkv",,,episode,tmdb://1108223,,unmatched,"SpongeBob SquarePants – Season 2 – Sandy, SpongeBob, and the Worm"
missing episode match metadata,0,F:\MediaStack\data\media\tv\SpongeBob SquarePants\Season 02\SpongeBob SquarePants - S02E35-E36 - Procrastination + I'm with Stupid.mkv,,,episode,imdb://tt0707295,,unmatched,SpongeBob SquarePants – Season 2 – Procrastination
missing episode match metadata,0,F:\MediaStack\data\media\tv\SpongeBob SquarePants\Season 02\SpongeBob SquarePants - S02E35-E36 - Procrastination + I'm with Stupid.mkv,,,episode,tmdb://1108220,,unmatched,SpongeBob SquarePants – Season 2 – I'm with Stupid
missing episode match metadata,0,F:\MediaStack\data\media\tv\SpongeBob SquarePants\Season 03\SpongeBob SquarePants - S03E01-E02 - Mermaid Man and Barnacle Boy IV + Doing Time.mkv,,,episode,tmdb://1026253,,unmatched,SpongeBob SquarePants – Season 3 – Mermaid Man and Barnacle Boy IV
missing episode match metadata,0,F:\MediaStack\data\media\tv\SpongeBob SquarePants\Season 03\SpongeBob SquarePants - S03E01-E02 - Mermaid Man and Barnacle Boy IV + Doing Time.mkv,,,episode,tmdb://1026254,,unmatched,SpongeBob SquarePants – Season 3 – Doing Time
missing episode match metadata,0,F:\MediaStack\data\media\tv\SpongeBob SquarePants\Season 03\SpongeBob SquarePants - S03E03-E04 - Welcome to the Chum Bucket + Frankendoodle.mkv,,,episode,tmdb://1952668,,unmatched,SpongeBob SquarePants – Season 3 – Welcome to the Chum Bucket
missing episode match metadata,0,F:\MediaStack\data\media\tv\SpongeBob SquarePants\Season 03\SpongeBob SquarePants - S03E03-E04 - Welcome to the Chum Bucket + Frankendoodle.mkv,,,episode,tmdb://1952669,,unmatched,SpongeBob SquarePants – Season 3 – Frankendoodle
missing episode match metadata,0,F:\MediaStack\data\media\tv\SpongeBob SquarePants\Season 03\SpongeBob SquarePants - S03E05-E06 - Snowball Effect + One Krabs Trash.mkv,,,episode,tmdb://1026255,,unmatched,SpongeBob SquarePants – Season 3 – Snowball Effect
missing episode match metadata,0,F:\MediaStack\data\media\tv\SpongeBob SquarePants\Season 03\SpongeBob SquarePants - S03E05-E06 - Snowball Effect + One Krabs Trash.mkv,,,episode,tmdb://1026256,,unmatched,SpongeBob SquarePants – Season 3 – One Krab's Trash
missing episode match metadata,0,F:\MediaStack\data\media\tv\SpongeBob SquarePants\Season 03\SpongeBob SquarePants - S03E07-E08 - Nasty Patty + Idiot Box.mkv,,,episode,tmdb://1026251,,unmatched,SpongeBob SquarePants – Season 3 – Nasty Patty
missing episode match metadata,0,F:\MediaStack\data\media\tv\SpongeBob SquarePants\Season 03\SpongeBob SquarePants - S03E07-E08 - Nasty Patty + Idiot Box.mkv,,,episode,tmdb://1026252,,unmatched,SpongeBob SquarePants – Season 3 – Idiot Box
missing episode match metadata,0,F:\MediaStack\data\media\tv\SpongeBob SquarePants\Season 03\SpongeBob SquarePants - S03E09-E10 - As Seen on TV + Can You Spare a Dime.mkv,,,episode,tmdb://1026257,,unmatched,SpongeBob SquarePants – Season 3 – As Seen on TV
missing episode match metadata,0,F:\MediaStack\data\media\tv\SpongeBob SquarePants\Season 03\SpongeBob SquarePants - S03E09-E10 - As Seen on TV + Can You Spare a Dime.mkv,,,episode,tmdb://1026258,,unmatched,SpongeBob SquarePants – Season 3 – Can You Spare a Dime?
missing episode match metadata,0,F:\MediaStack\data\media\tv\SpongeBob SquarePants\Season 03\SpongeBob SquarePants - S03E11-E12 - No Weenies Allowed + Squilliam Returns.mkv,,,episode,tmdb://1026259,,unmatched,SpongeBob SquarePants – Season 3 – No Weenies Allowed
missing episode match metadata,0,F:\MediaStack\data\media\tv\SpongeBob SquarePants\Season 03\SpongeBob SquarePants - S03E11-E12 - No Weenies Allowed + Squilliam Returns.mkv,,,episode,tmdb://1026260,,unmatched,SpongeBob SquarePants – Season 3 – Squilliam Returns
missing episode match metadata,0,F:\MediaStack\data\media\tv\SpongeBob SquarePants\Season 03\SpongeBob SquarePants - S03E13-E14 - The Algae's Always Greener + SpongeGuard on Duty.mkv,,,episode,tmdb://1026245,,unmatched,SpongeBob SquarePants – Season 3 – The Algae's Always Greener
missing episode match metadata,0,F:\MediaStack\data\media\tv\SpongeBob SquarePants\Season 03\SpongeBob SquarePants - S03E13-E14 - The Algae's Always Greener + SpongeGuard on Duty.mkv,,,episode,tmdb://1026246,,unmatched,SpongeBob SquarePants – Season 3 – SpongeGuard on Duty
missing episode match metadata,0,F:\MediaStack\data\media\tv\SpongeBob SquarePants\Season 03\SpongeBob SquarePants - S03E15-E16 - Krab Borg + Rock-a-Bye Bivalve.mkv,,,episode,tmdb://1026261,,unmatched,SpongeBob SquarePants – Season 3 – Krab Borg
missing episode match metadata,0,F:\MediaStack\data\media\tv\SpongeBob SquarePants\Season 02\SpongeBob SquarePants - S02E09-E10 - Dying for Pie + Imitation Krabs.mkv,,,episode,imdb://tt0766195,,unmatched,SpongeBob SquarePants – Season 2 – Dying for Pie
missing episode match metadata,0,F:\MediaStack\data\media\tv\SpongeBob SquarePants\Season 02\SpongeBob SquarePants - S02E11-E12 - Wormy + Patty Hype.mkv,,,episode,tmdb://1108190,,unmatched,SpongeBob SquarePants – Season 2 – Imitation Krabs
missing episode match metadata,0,F:\MediaStack\data\media\tv\SpongeBob SquarePants\Season 02\SpongeBob SquarePants - S02E11-E12 - Wormy + Patty Hype.mkv,,,episode,tmdb://1108191,,unmatched,SpongeBob SquarePants – Season 2 – Wormy
missing episode match metadata,0,F:\MediaStack\data\media\tv\SpongeBob SquarePants\Season 02\SpongeBob SquarePants - S02E13-E14 - Survival of the Idiots + Dumped.mkv,,,episode,tmdb://1108192,,unmatched,SpongeBob SquarePants – Season 2 – Patty Hype
missing episode match metadata,0,F:\MediaStack\data\media\tv\SpongeBob SquarePants\Season 02\SpongeBob SquarePants - S02E13-E14 - Survival of the Idiots + Dumped.mkv,,,episode,tmdb://1108197,,unmatched,SpongeBob SquarePants – Season 2 – Survival of the Idiots
missing episode match metadata,0,F:\MediaStack\data\media\tv\SpongeBob SquarePants\Season 02\SpongeBob SquarePants - S02E15-E16 - Grandma's Kisses + Squidville.mkv,,,episode,tmdb://1108198,,unmatched,SpongeBob SquarePants – Season 2 – Dumped
missing episode match metadata,0,F:\MediaStack\data\media\tv\SpongeBob SquarePants\Season 02\SpongeBob SquarePants - S02E15-E16 - Grandma's Kisses + Squidville.mkv,,,episode,tmdb://1108199,,unmatched,SpongeBob SquarePants – Season 2 – Grandma's Kisses
missing episode match metadata,0,F:\MediaStack\data\media\tv\SpongeBob SquarePants\Season 02\SpongeBob SquarePants - S02E17-E18 - No Free Rides + I'm Your Biggest Fanatic.mkv,,,episode,tmdb://1108200,,unmatched,SpongeBob SquarePants – Season 2 – Squidville
missing episode match metadata,0,F:\MediaStack\data\media\tv\SpongeBob SquarePants\Season 02\SpongeBob SquarePants - S02E17-E18 - No Free Rides + I'm Your Biggest Fanatic.mkv,,,episode,tmdb://1108201,,unmatched,SpongeBob SquarePants – Season 2 – No Free Rides
missing episode match metadata,0,F:\MediaStack\data\media\tv\SpongeBob SquarePants\Season 02\SpongeBob SquarePants - S02E19-E20 - Shanghaied + Gary Takes a Bath.mkv,,,episode,tmdb://1108202,,unmatched,SpongeBob SquarePants – Season 2 – I'm Your Biggest Fanatic
missing episode match metadata,0,F:\MediaStack\data\media\tv\SpongeBob SquarePants\Season 02\SpongeBob SquarePants - S02E19-E20 - Shanghaied + Gary Takes a Bath.mkv,,,episode,tmdb://1108205,,unmatched,SpongeBob SquarePants – Season 2 – Pressure
missing episode match metadata,0,F:\MediaStack\data\media\tv\SpongeBob SquarePants\Season 02\SpongeBob SquarePants - S02E21-E22 - Pressure + The Smoking Peanut.mkv,,,episode,tmdb://1108206,,unmatched,SpongeBob SquarePants – Season 2 – The Smoking Peanut
missing episode match metadata,0,F:\MediaStack\data\media\tv\SpongeBob SquarePants\Season 02\SpongeBob SquarePants - S02E21-E22 - Pressure + The Smoking Peanut.mkv,,,episode,tmdb://1108203,,unmatched,SpongeBob SquarePants – Season 2 – Shanghaied
missing episode match metadata,0,F:\MediaStack\data\media\tv\SpongeBob SquarePants\Season 02\SpongeBob SquarePants - S02E23-E24 - Prehibernation Week + Life of Crime.mkv,,,episode,imdb://tt0707306,,unmatched,SpongeBob SquarePants – Season 2 – Prehibernation Week
missing episode match metadata,0,F:\MediaStack\data\media\tv\SpongeBob SquarePants\Season 02\SpongeBob SquarePants - S02E23-E24 - Prehibernation Week + Life of Crime.mkv,,,episode,tmdb://1108208,,unmatched,SpongeBob SquarePants – Season 2 – Life of Crime
missing episode match metadata,0,F:\MediaStack\data\media\tv\SpongeBob SquarePants\Season 01\SpongeBob SquarePants - S01E28-E29 - SB-129 + Karate Choppers.mkv,,,episode,imdb://tt0769435,,unmatched,SpongeBob SquarePants – Season 1 – SB-129
missing episode match metadata,0,F:\MediaStack\data\media\tv\SpongeBob SquarePants\Season 01\SpongeBob SquarePants - S01E28-E29 - SB-129 + Karate Choppers.mkv,,,episode,tmdb://1001288,,unmatched,SpongeBob SquarePants – Season 1 – Karate Choppers
missing episode match metadata,0,F:\MediaStack\data\media\tv\SpongeBob SquarePants\Season 01\SpongeBob SquarePants - S01E30-E31 - Sleepy Time + Suds.mkv,,,episode,tmdb://1001289,,unmatched,SpongeBob SquarePants – Season 1 – Sleepy Time
missing episode match metadata,0,F:\MediaStack\data\media\tv\SpongeBob SquarePants\Season 01\SpongeBob SquarePants - S01E30-E31 - Sleepy Time + Suds.mkv,,,episode,tmdb://1001290,,unmatched,SpongeBob SquarePants – Season 1 – Suds
missing episode match metadata,0,F:\MediaStack\data\media\tv\SpongeBob SquarePants\Season 01\SpongeBob SquarePants - S01E32-E33 - Valentine's Day + The Paper.mkv,,,episode,tmdb://1001291,,unmatched,SpongeBob SquarePants – Season 1 – Valentine's Day
missing episode match metadata,0,F:\MediaStack\data\media\tv\SpongeBob SquarePants\Season 01\SpongeBob SquarePants - S01E32-E33 - Valentine's Day + The Paper.mkv,,,episode,tmdb://1001292,,unmatched,SpongeBob SquarePants – Season 1 – The Paper
missing episode match metadata,0,F:\MediaStack\data\media\tv\SpongeBob SquarePants\Season 01\SpongeBob SquarePants - S01E34-E35 - Arrgh! + Rock Bottom.mkv,,,episode,tmdb://1001293,,unmatched,SpongeBob SquarePants – Season 1 – Arrgh!
missing episode match metadata,0,F:\MediaStack\data\media\tv\SpongeBob SquarePants\Season 01\SpongeBob SquarePants - S01E34-E35 - Arrgh! + Rock Bottom.mkv,,,episode,tmdb://1001294,,unmatched,SpongeBob SquarePants – Season 1 – Rock Bottom
missing episode match metadata,0,F:\MediaStack\data\media\tv\SpongeBob SquarePants\Season 01\SpongeBob SquarePants - S01E36-E37 - Texas + Walking Small.mkv,,,episode,tmdb://1001295,,unmatched,SpongeBob SquarePants – Season 1 – Texas
missing episode match metadata,0,F:\MediaStack\data\media\tv\SpongeBob SquarePants\Season 01\SpongeBob SquarePants - S01E36-E37 - Texas + Walking Small.mkv,,,episode,tmdb://1001296,,unmatched,SpongeBob SquarePants – Season 1 – Walking Small
missing episode match metadata,0,F:\MediaStack\data\media\tv\SpongeBob SquarePants\Season 01\SpongeBob SquarePants - S01E38-E39 - Fools in April + Neptune's Spatula.mkv,,,episode,tmdb://1001297,,unmatched,SpongeBob SquarePants – Season 1 – Fools in April
missing episode match metadata,0,F:\MediaStack\data\media\tv\SpongeBob SquarePants\Season 01\SpongeBob SquarePants - S01E38-E39 - Fools in April + Neptune's Spatula.mkv,,,episode,tmdb://1001298,,unmatched,SpongeBob SquarePants – Season 1 – Neptune's Spatula
missing episode match metadata,0,F:\MediaStack\data\media\tv\SpongeBob SquarePants\Season 01\SpongeBob SquarePants - S01E40-E41 - Hooky + Mermaid Man and Barnacle Boy II.mkv,,,episode,tmdb://1001299,,unmatched,SpongeBob SquarePants – Season 1 – Hooky
missing episode match metadata,0,F:\MediaStack\data\media\tv\SpongeBob SquarePants\Season 01\SpongeBob SquarePants - S01E40-E41 - Hooky + Mermaid Man and Barnacle Boy II.mkv,,,episode,tmdb://1001300,,unmatched,SpongeBob SquarePants – Season 1 – Mermaid Man and Barnacle Boy II
missing episode match metadata,0,F:\MediaStack\data\media\tv\SpongeBob SquarePants\Season 02\SpongeBob SquarePants - S02E01-E02 - Something Smells + Bossy Boots.mkv,,,episode,imdb://tt0707289,,unmatched,SpongeBob SquarePants – Season 2 – Something Smells
missing episode match metadata,0,F:\MediaStack\data\media\tv\SpongeBob SquarePants\Season 02\SpongeBob SquarePants - S02E01-E02 - Something Smells + Bossy Boots.mkv,,,episode,tmdb://1108184,,unmatched,SpongeBob SquarePants – Season 2 – Bossy Boots
missing episode match metadata,0,F:\MediaStack\data\media\tv\SpongeBob SquarePants\Season 02\SpongeBob SquarePants - S02E03-E04 - Your Shoe's Untied + Squid's Day Off.mkv,,,episode,tmdb://1108181,,unmatched,SpongeBob SquarePants – Season 2 – Your Shoe's Untied
missing episode match metadata,0,F:\MediaStack\data\media\tv\SpongeBob SquarePants\Season 02\SpongeBob SquarePants - S02E03-E04 - Your Shoe's Untied + Squid's Day Off.mkv,,,episode,tmdb://1108182,,unmatched,SpongeBob SquarePants – Season 2 – Squid's Day Off
missing episode match metadata,0,F:\MediaStack\data\media\tv\SpongeBob SquarePants\Season 02\SpongeBob SquarePants - S02E05-E06 - Big Pink Loser + Bubble Buddy.mkv,,,episode,tmdb://1108185,,unmatched,SpongeBob SquarePants – Season 2 – Big Pink Loser
missing episode match metadata,0,F:\MediaStack\data\media\tv\SpongeBob SquarePants\Season 02\SpongeBob SquarePants - S02E05-E06 - Big Pink Loser + Bubble Buddy.mkv,,,episode,tmdb://1108186,,unmatched,SpongeBob SquarePants – Season 2 – Bubble Buddy
missing episode match metadata,0,F:\MediaStack\data\media\tv\SpongeBob SquarePants\Season 02\SpongeBob SquarePants - S02E07-E08 - Mermaid Man and Barnacle Boy III + Squirrel Jokes.mkv,,,episode,tmdb://1108187,,unmatched,SpongeBob SquarePants – Season 2 – Mermaid Man & Barnacle Boy III
missing episode match metadata,0,F:\MediaStack\data\media\tv\SpongeBob SquarePants\Season 02\SpongeBob SquarePants - S02E07-E08 - Mermaid Man and Barnacle Boy III + Squirrel Jokes.mkv,,,episode,tmdb://1108188,,unmatched,SpongeBob SquarePants – Season 2 – Squirrel Jokes
missing episode match metadata,0,F:\MediaStack\data\media\tv\SpongeBob SquarePants\Season 02\SpongeBob SquarePants - S02E09-E10 - Dying for Pie + Imitation Krabs.mkv,,,episode,tmdb://1108214,,unmatched,SpongeBob SquarePants – Season 2 – Christmas Who?
missing episode match metadata,0,F:\MediaStack\data\media\tv\SpongeBob SquarePants\Season 01\SpongeBob SquarePants - S01E01-E03 - Help Wanted + Reef Blower + Tea at the Treedome.mkv,,,episode,tmdb://1001262,,unmatched,SpongeBob SquarePants – Season 1 – Tea at the Treedome
missing episode match metadata,0,F:\MediaStack\data\media\tv\SpongeBob SquarePants\Season 01\SpongeBob SquarePants - S01E04-E05 - Bubblestand + Ripped Pants.mkv,,,episode,imdb://tt0769427,,unmatched,SpongeBob SquarePants – Season 1 – Bubblestand
missing episode match metadata,0,F:\MediaStack\data\media\tv\SpongeBob SquarePants\Season 01\SpongeBob SquarePants - S01E04-E05 - Bubblestand + Ripped Pants.mkv,,,episode,tmdb://1001264,,unmatched,SpongeBob SquarePants – Season 1 – Ripped Pants
missing episode match metadata,0,F:\MediaStack\data\media\tv\SpongeBob SquarePants\Season 01\SpongeBob SquarePants - S01E06-E07 - Jellyfishing + Plankton!.mkv,,,episode,imdb://tt0707296,,unmatched,SpongeBob SquarePants – Season 1 – Jellyfishing
missing episode match metadata,0,F:\MediaStack\data\media\tv\SpongeBob SquarePants\Season 01\SpongeBob SquarePants - S01E06-E07 - Jellyfishing + Plankton!.mkv,,,episode,tmdb://1001266,,unmatched,SpongeBob SquarePants – Season 1 – Plankton!
missing episode match metadata,0,F:\MediaStack\data\media\tv\SpongeBob SquarePants\Season 01\SpongeBob SquarePants - S01E08-E09 - Naughty Nautical Neighbors + Boating School.mkv,,,episode,imdb://tt0769432,,unmatched,SpongeBob SquarePants – Season 1 – Naughty Nautical Neighbors
missing episode match metadata,0,F:\MediaStack\data\media\tv\SpongeBob SquarePants\Season 01\SpongeBob SquarePants - S01E08-E09 - Naughty Nautical Neighbors + Boating School.mkv,,,episode,tmdb://1001268,,unmatched,SpongeBob SquarePants – Season 1 – Boating School
missing episode match metadata,0,F:\MediaStack\data\media\tv\SpongeBob SquarePants\Season 01\SpongeBob SquarePants - S01E10-E11 - Pizza Delivery + Home Sweet Pineapple.mkv,,,episode,imdb://tt0769433,,unmatched,SpongeBob SquarePants – Season 1 – Pizza Delivery
missing episode match metadata,0,F:\MediaStack\data\media\tv\SpongeBob SquarePants\Season 01\SpongeBob SquarePants - S01E10-E11 - Pizza Delivery + Home Sweet Pineapple.mkv,,,episode,tmdb://1001270,,unmatched,SpongeBob SquarePants – Season 1 – Home Sweet Pineapple
missing episode match metadata,0,F:\MediaStack\data\media\tv\SpongeBob SquarePants\Season 01\SpongeBob SquarePants - S01E12-E13 - Mermaid Man and Barnacle Boy + Pickles.mkv,,,episode,imdb://tt0707302,,unmatched,SpongeBob SquarePants – Season 1 – Mermaid Man and Barnacle Boy
missing episode match metadata,0,F:\MediaStack\data\media\tv\SpongeBob SquarePants\Season 01\SpongeBob SquarePants - S01E12-E13 - Mermaid Man and Barnacle Boy + Pickles.mkv,,,episode,tmdb://1001272,,unmatched,SpongeBob SquarePants – Season 1 – Pickles
missing episode match metadata,0,F:\MediaStack\data\media\tv\SpongeBob SquarePants\Season 01\SpongeBob SquarePants - S01E14-E15 - Hall Monitor + Jellyfish Jam.mkv,,,episode,imdb://tt0769429,,unmatched,SpongeBob SquarePants – Season 1 – Hall Monitor
missing episode match metadata,0,F:\MediaStack\data\media\tv\SpongeBob SquarePants\Season 01\SpongeBob SquarePants - S01E14-E15 - Hall Monitor + Jellyfish Jam.mkv,,,episode,tmdb://1001274,,unmatched,SpongeBob SquarePants – Season 1 – Jellyfish Jam
missing episode match metadata,0,F:\MediaStack\data\media\tv\SpongeBob SquarePants\Season 01\SpongeBob SquarePants - S01E16-E17 - Sandy's Rocket + Squeaky Boots.mkv,,,episode,tmdb://1001275,,unmatched,SpongeBob SquarePants – Season 1 – Sandy's Rocket
missing episode match metadata,0,F:\MediaStack\data\media\tv\SpongeBob SquarePants\Season 01\SpongeBob SquarePants - S01E16-E17 - Sandy's Rocket + Squeaky Boots.mkv,,,episode,tmdb://1001276,,unmatched,SpongeBob SquarePants – Season 1 – Squeaky Boots
missing episode match metadata,0,F:\MediaStack\data\media\tv\SpongeBob SquarePants\Season 01\SpongeBob SquarePants - S01E18-E19 - Nature Pants + Opposite Day.mkv,,,episode,imdb://tt0769431,,unmatched,SpongeBob SquarePants – Season 1 – Nature Pants
missing episode match metadata,0,F:\MediaStack\data\media\tv\SpongeBob SquarePants\Season 01\SpongeBob SquarePants - S01E18-E19 - Nature Pants + Opposite Day.mkv,,,episode,tmdb://1001278,,unmatched,SpongeBob SquarePants – Season 1 – Opposite Day
missing episode match metadata,0,F:\MediaStack\data\media\tv\SpongeBob SquarePants\Season 01\SpongeBob SquarePants - S01E20-E21 - Culture Shock + F.U.N.mkv,,,episode,tmdb://1001279,,unmatched,SpongeBob SquarePants – Season 1 – Culture Shock
missing episode match metadata,0,F:\MediaStack\data\media\tv\SpongeBob SquarePants\Season 01\SpongeBob SquarePants - S01E20-E21 - Culture Shock + F.U.N.mkv,,,episode,tmdb://1001280,,unmatched,SpongeBob SquarePants – Season 1 – F.U.N.
missing episode match metadata,0,F:\MediaStack\data\media\tv\SpongeBob SquarePants\Season 01\SpongeBob SquarePants - S01E22-E23 - MuscleBob BuffPants + Squidward the Unfriendly Ghost.mkv,,,episode,tmdb://1001281,,unmatched,SpongeBob SquarePants – Season 1 – MuscleBob BuffPants
missing episode match metadata,0,F:\MediaStack\data\media\tv\SpongeBob SquarePants\Season 01\SpongeBob SquarePants - S01E22-E23 - MuscleBob BuffPants + Squidward the Unfriendly Ghost.mkv,,,episode,tmdb://1001282,,unmatched,SpongeBob SquarePants – Season 1 – Squidward the Unfriendly Ghost
missing episode match metadata,0,F:\MediaStack\data\media\tv\SpongeBob SquarePants\Season 01\SpongeBob SquarePants - S01E24-E25 - The Chaperone + Employee of the Month.mkv,,,episode,tmdb://1001283,,unmatched,SpongeBob SquarePants – Season 1 – The Chaperone
missing episode match metadata,0,F:\MediaStack\data\media\tv\SpongeBob SquarePants\Season 01\SpongeBob SquarePants - S01E24-E25 - The Chaperone + Employee of the Month.mkv,,,episode,tmdb://1001284,,unmatched,SpongeBob SquarePants – Season 1 – Employee of the Month
missing episode match metadata,0,F:\MediaStack\data\media\tv\SpongeBob SquarePants\Season 01\SpongeBob SquarePants - S01E26-E27 - Scaredy Pants + I Was a Teenage Gary.mkv,,,episode,imdb://tt0707307,,unmatched,SpongeBob SquarePants – Season 1 – Scaredy Pants
missing episode match metadata,0,F:\MediaStack\data\media\tv\SpongeBob SquarePants\Season 01\SpongeBob SquarePants - S01E26-E27 - Scaredy Pants + I Was a Teenage Gary.mkv,,,episode,tmdb://1001286,,unmatched,SpongeBob SquarePants – Season 1 – I Was a Teenage Gary
missing episode match metadata,0,F:\MediaStack\data\media\tv\Solo Leveling\Season 02\Solo Leveling - S02E05 - This is What We're Trained to Do.mkv,,,episode,local://24055,,unmatched,Solo Leveling – Season 2 – Episode 5
missing episode match metadata,0,F:\MediaStack\data\media\tv\Solo Leveling\Season 02\Solo Leveling - S02E06 - Don't Look Down on My Guys.mkv,,,episode,local://24056,,unmatched,Solo Leveling – Season 2 – Episode 6
missing episode match metadata,0,F:\MediaStack\data\media\tv\Solo Leveling\Season 02\Solo Leveling - S02E07 - The 10th S-Rank Hunter.mkv,,,episode,local://24057,,unmatched,Solo Leveling – Season 2 – Episode 7
missing episode match metadata,0,F:\MediaStack\data\media\tv\Solo Leveling\Season 02\Solo Leveling - S02E08 - Looking Up Was Tiring Me Out.mkv,,,episode,local://24058,,unmatched,Solo Leveling – Season 2 – Episode 8
missing episode match metadata,0,F:\MediaStack\data\media\tv\Solo Leveling\Season 02\Solo Leveling - S02E09 - It was All Worth It.mkv,,,episode,local://24059,,unmatched,Solo Leveling – Season 2 – Episode 9
missing episode match metadata,0,F:\MediaStack\data\media\tv\Solo Leveling\Season 02\Solo Leveling - S02E10 - We Need a Hero.mkv,,,episode,local://24060,,unmatched,Solo Leveling – Season 2 – Episode 10
missing episode match metadata,0,F:\MediaStack\data\media\tv\Solo Leveling\Season 02\Solo Leveling - S02E11 - It's Going to Get Even More Intense.mkv,,,episode,local://24061,,unmatched,Solo Leveling – Season 2 – Episode 11
missing episode match metadata,0,F:\MediaStack\data\media\tv\Solo Leveling\Season 02\Solo Leveling - S02E12 - Are You the King of Humans.mkv,,,episode,local://24062,,unmatched,Solo Leveling – Season 2 – Episode 12
missing episode match metadata,0,F:\MediaStack\data\media\tv\Solo Leveling\Season 02\Solo Leveling - S02E13 - On to the Next Target.mkv,,,episode,local://24063,,unmatched,Solo Leveling – Season 2 – Episode 13
missing episode match metadata,0,F:\MediaStack\data\media\tv\SpongeBob SquarePants\Specials\SpongeBob SquarePants - S00E02 - Party Pooper Pants.mkv,,,episode,tmdb://6042071,,unmatched,SpongeBob SquarePants – Specials – Holiday Party
missing episode match metadata,0,F:\MediaStack\data\media\tv\SpongeBob SquarePants\Specials\SpongeBob SquarePants - S00E03 - The Sponge Who Could Fly.mkv,,,episode,tmdb://6042072,,unmatched,SpongeBob SquarePants – Specials – Plankton's Holiday Hits
missing episode match metadata,0,F:\MediaStack\data\media\tv\SpongeBob SquarePants\Specials\SpongeBob SquarePants - S00E04 - Ugh.mkv,,,episode,tmdb://6390387,,unmatched,SpongeBob SquarePants – Specials – Bikini Bottom's 7 Life Strategies
missing episode match metadata,0,F:\MediaStack\data\media\tv\SpongeBob SquarePants\Specials\SpongeBob SquarePants - S00E06 - Have You Seen This Snail.mkv,,,episode,tmdb://6390337,,unmatched,SpongeBob SquarePants – Specials – Recollections From the First Season Crew
missing episode match metadata,0,F:\MediaStack\data\media\tv\SpongeBob SquarePants\Specials\SpongeBob SquarePants - S00E07 - Dunces and Dragons.mkv,,,episode,tmdb://6390341,,unmatched,SpongeBob SquarePants – Specials – Everybody's Talking: The Voices Behind SpongeBob SquarePants
missing episode match metadata,0,F:\MediaStack\data\media\tv\SpongeBob SquarePants\Specials\SpongeBob SquarePants - S00E08 - Friend or Foe.mkv,,,episode,tmdb://6390347,,unmatched,SpongeBob SquarePants – Specials – Drawing the Goo Lagoon
missing episode match metadata,0,F:\MediaStack\data\media\tv\SpongeBob SquarePants\Specials\SpongeBob SquarePants - S00E09 - Atlantis SquarePantis.mkv,,,episode,tmdb://1026532,,unmatched,SpongeBob SquarePants – Specials – The Endless Summer
missing episode match metadata,0,F:\MediaStack\data\media\tv\SpongeBob SquarePants\Specials\SpongeBob SquarePants - S00E10 - Pest of the West.mkv,,,episode,tmdb://6390582,,unmatched,SpongeBob SquarePants – Specials – Around the World With SpongeBob SquarePants
missing episode match metadata,0,F:\MediaStack\data\media\tv\SpongeBob SquarePants\Specials\SpongeBob SquarePants - S00E11 - What Ever Happened to SpongeBob.mkv,,,episode,tmdb://6390621,,unmatched,SpongeBob SquarePants – Specials – How to Draw SpongeBob SquarePants & His Underwater Buddies
missing episode match metadata,0,F:\MediaStack\data\media\tv\SpongeBob SquarePants\Specials\SpongeBob SquarePants - S00E12 - SpongeBob SquarePants vs. The Big One.mkv,,,episode,tmdb://6390655,,unmatched,SpongeBob SquarePants – Specials – Behind the Scenes: The Voices of SpongeBob & Friends
missing episode match metadata,0,F:\MediaStack\data\media\tv\SpongeBob SquarePants\Specials\SpongeBob SquarePants - S00E14 - Truth or Square.mkv,,,episode,tmdb://6390652,,unmatched,SpongeBob SquarePants – Specials – Anything for Baby
missing episode match metadata,0,F:\MediaStack\data\media\tv\SpongeBob SquarePants\Specials\SpongeBob SquarePants - S00E15 - The Clash of Triton.mkv,,,episode,tmdb://6390653,,unmatched,SpongeBob SquarePants – Specials – Flowers for Sandy
missing episode match metadata,0,F:\MediaStack\data\media\tv\SpongeBob SquarePants\Season 01\SpongeBob SquarePants - S01E01-E03 - Help Wanted + Reef Blower + Tea at the Treedome.mkv,,,episode,imdb://tt0707293,,unmatched,SpongeBob SquarePants – Season 1 – Help Wanted
missing episode match metadata,0,F:\MediaStack\data\media\tv\SpongeBob SquarePants\Season 01\SpongeBob SquarePants - S01E01-E03 - Help Wanted + Reef Blower + Tea at the Treedome.mkv,,,episode,tmdb://1001261,,unmatched,SpongeBob SquarePants – Season 1 – Reef Blower
missing episode match metadata,0,F:\MediaStack\data\media\tv\Seinfeld\Season 09\Seinfeld - S09E19 - The Maid.mkv,,,episode,imdb://tt0697727,,unmatched,Seinfeld – Season 9 – The Maid
missing episode match metadata,0,F:\MediaStack\data\media\tv\Seinfeld\Season 09\Seinfeld - S09E20 - The Puerto Rican Day.mkv,,,episode,imdb://tt0697761,,unmatched,Seinfeld – Season 9 – The Puerto Rican Day
missing episode match metadata,0,F:\MediaStack\data\media\tv\Seinfeld\Season 09\Seinfeld - S09E21-E22 - The Chronicle (Part 1) + The Chronicle (Part 2).mkv,,,episode,imdb://tt0893212,,unmatched,Seinfeld – Season 9 – The Chronicle (1)
missing episode match metadata,0,F:\MediaStack\data\media\tv\Seinfeld\Season 09\Seinfeld - S09E21-E22 - The Chronicle (Part 1) + The Chronicle (Part 2).mkv,,,episode,tmdb://63282,,unmatched,Seinfeld – Season 9 – The Chronicle (2)
missing episode match metadata,0,F:\MediaStack\data\media\tv\Seinfeld\Season 09\Seinfeld - S09E23-E24 - The Finale (Part 1) + The Finale (Part 2).mkv,,,episode,imdb://tt0697695,,unmatched,Seinfeld – Season 9 – The Finale (1)
missing episode match metadata,0,F:\MediaStack\data\media\tv\Seinfeld\Season 09\Seinfeld - S09E23-E24 - The Finale (Part 1) + The Finale (Part 2).mkv,,,episode,tmdb://63283,,unmatched,Seinfeld – Season 9 – The Finale (2)
missing episode match metadata,0,F:\MediaStack\data\media\tv\Solo Leveling\Season 01\Solo Leveling - S01E01 - I'm Used to It.mkv,,,episode,imdb://tt21603464,,unmatched,Solo Leveling – Season 1 – I'm Used to It
missing episode match metadata,0,F:\MediaStack\data\media\tv\Solo Leveling\Season 01\Solo Leveling - S01E02 - If I Had One More Chance.mkv,,,episode,imdb://tt30801754,,unmatched,Solo Leveling – Season 1 – If I Had One More Chance
missing episode match metadata,0,F:\MediaStack\data\media\tv\Solo Leveling\Season 01\Solo Leveling - S01E03 - It's Like a Game.mkv,,,episode,imdb://tt30869507,,unmatched,Solo Leveling – Season 1 – It's Like a Game
missing episode match metadata,0,F:\MediaStack\data\media\tv\Solo Leveling\Season 01\Solo Leveling - S01E04 - I've Gotta Get Stronger.mkv,,,episode,imdb://tt30869508,,unmatched,Solo Leveling – Season 1 – I've Gotta Get Stronger
missing episode match metadata,0,F:\MediaStack\data\media\tv\Solo Leveling\Season 01\Solo Leveling - S01E05 - A Pretty Good Deal.mkv,,,episode,imdb://tt30869509,,unmatched,Solo Leveling – Season 1 – A Pretty Good Deal
missing episode match metadata,0,F:\MediaStack\data\media\tv\Solo Leveling\Season 01\Solo Leveling - S01E06 - The Real Hunt Begins.mkv,,,episode,imdb://tt30869510,,unmatched,Solo Leveling – Season 1 – The Real Hunt Begins
missing episode match metadata,0,F:\MediaStack\data\media\tv\Solo Leveling\Season 01\Solo Leveling - S01E07 - Let's See How Far I Can Go.mkv,,,episode,imdb://tt30869511,,unmatched,Solo Leveling – Season 1 – Let's See How Far I Can Go
missing episode match metadata,0,F:\MediaStack\data\media\tv\Solo Leveling\Season 01\Solo Leveling - S01E08 - This Is Frustrating.mkv,,,episode,imdb://tt31695633,,unmatched,Solo Leveling – Season 1 – This Is Frustrating
missing episode match metadata,0,F:\MediaStack\data\media\tv\Solo Leveling\Season 01\Solo Leveling - S01E09 - You've Been Hiding Your Skills.mkv,,,episode,imdb://tt30869514,,unmatched,Solo Leveling – Season 1 – You've Been Hiding Your Skills
missing episode match metadata,0,"F:\MediaStack\data\media\tv\Solo Leveling\Season 01\Solo Leveling - S01E10 - What Is This, a Picnic.mkv",,,episode,imdb://tt30869516,,unmatched,"Solo Leveling – Season 1 – What Is This, a Picnic?"
missing episode match metadata,0,F:\MediaStack\data\media\tv\Solo Leveling\Season 01\Solo Leveling - S01E11 - A Knight Who Defends an Empty Throne.mkv,,,episode,imdb://tt30869517,,unmatched,Solo Leveling – Season 1 – A Knight Who Defends an Empty Throne
missing episode match metadata,0,F:\MediaStack\data\media\tv\Solo Leveling\Season 01\Solo Leveling - S01E12 - Arise.mkv,,,episode,imdb://tt31529203,,unmatched,Solo Leveling – Season 1 – Arise
missing episode match metadata,0,"F:\MediaStack\data\media\tv\Solo Leveling\Season 02\Solo Leveling - S02E01 - You Aren't E-Rank, Are You.mkv",,,episode,local://24051,,unmatched,Solo Leveling – Season 2 – Episode 1
missing episode match metadata,0,F:\MediaStack\data\media\tv\Solo Leveling\Season 02\Solo Leveling - S02E02 - I Suppose You Aren't Aware.mkv,,,episode,local://24052,,unmatched,Solo Leveling – Season 2 – Episode 2
missing episode match metadata,0,F:\MediaStack\data\media\tv\Solo Leveling\Season 02\Solo Leveling - S02E03 - Still a Long Way to Go.mkv,,,episode,local://24053,,unmatched,Solo Leveling – Season 2 – Episode 3
missing episode match metadata,0,F:\MediaStack\data\media\tv\Solo Leveling\Season 02\Solo Leveling - S02E04 - I Need to Stop Faking.mkv,,,episode,local://24054,,unmatched,Solo Leveling – Season 2 – Episode 4
missing episode match metadata,0,F:\MediaStack\data\media\tv\Seinfeld\Season 08\Seinfeld - S08E16 - The Pothole.mkv,,,episode,imdb://tt0697760,,unmatched,Seinfeld – Season 8 – The Pothole
missing episode match metadata,0,F:\MediaStack\data\media\tv\Seinfeld\Season 08\Seinfeld - S08E17 - The English Patient.mkv,,,episode,imdb://tt0697691,,unmatched,Seinfeld – Season 8 – The English Patient
missing episode match metadata,0,F:\MediaStack\data\media\tv\Seinfeld\Season 08\Seinfeld - S08E18 - The Nap.mkv,,,episode,imdb://tt0697737,,unmatched,Seinfeld – Season 8 – The Nap
missing episode match metadata,0,F:\MediaStack\data\media\tv\Seinfeld\Season 08\Seinfeld - S08E19 - The Yada Yada.mkv,,,episode,imdb://tt0697814,,unmatched,Seinfeld – Season 8 – The Yada Yada
missing episode match metadata,0,F:\MediaStack\data\media\tv\Seinfeld\Season 08\Seinfeld - S08E20 - The Millennium.mkv,,,episode,imdb://tt0697732,,unmatched,Seinfeld – Season 8 – The Millennium
missing episode match metadata,0,F:\MediaStack\data\media\tv\Seinfeld\Season 08\Seinfeld - S08E21 - The Muffin Tops.mkv,,,episode,imdb://tt0697736,,unmatched,Seinfeld – Season 8 – The Muffin Tops
missing episode match metadata,0,F:\MediaStack\data\media\tv\Seinfeld\Season 08\Seinfeld - S08E22 - The Summer of George.mkv,,,episode,imdb://tt0697794,,unmatched,Seinfeld – Season 8 – The Summer of George
missing episode match metadata,0,F:\MediaStack\data\media\tv\Seinfeld\Season 09\Seinfeld - S09E01 - The Butter Shave.mkv,,,episode,imdb://tt0697665,,unmatched,Seinfeld – Season 9 – The Butter Shave
missing episode match metadata,0,F:\MediaStack\data\media\tv\Seinfeld\Season 09\Seinfeld - S09E02 - The Voice.mkv,,,episode,imdb://tt0697806,,unmatched,Seinfeld – Season 9 – The Voice
missing episode match metadata,0,F:\MediaStack\data\media\tv\Seinfeld\Season 09\Seinfeld - S09E03 - The Serenity Now.mkv,,,episode,imdb://tt0697773,,unmatched,Seinfeld – Season 9 – The Serenity Now
missing episode match metadata,0,F:\MediaStack\data\media\tv\Seinfeld\Season 09\Seinfeld - S09E04 - The Blood.mkv,,,episode,imdb://tt0697658,,unmatched,Seinfeld – Season 9 – The Blood
missing episode match metadata,0,F:\MediaStack\data\media\tv\Seinfeld\Season 09\Seinfeld - S09E05 - The Junk Mail.mkv,,,episode,imdb://tt0697716,,unmatched,Seinfeld – Season 9 – The Junk Mail
missing episode match metadata,0,F:\MediaStack\data\media\tv\Seinfeld\Season 09\Seinfeld - S09E06 - The Merv Griffin Show.mkv,,,episode,imdb://tt0697731,,unmatched,Seinfeld – Season 9 – The Merv Griffin Show
missing episode match metadata,0,F:\MediaStack\data\media\tv\Seinfeld\Season 09\Seinfeld - S09E07 - The Slicer.mkv,,,episode,imdb://tt0697777,,unmatched,Seinfeld – Season 9 – The Slicer
missing episode match metadata,0,F:\MediaStack\data\media\tv\Seinfeld\Season 09\Seinfeld - S09E08 - The Betrayal.mkv,,,episode,imdb://tt0697655,,unmatched,Seinfeld – Season 9 – The Betrayal
missing episode match metadata,0,F:\MediaStack\data\media\tv\Seinfeld\Season 09\Seinfeld - S09E09 - The Apology.mkv,,,episode,imdb://tt0697651,,unmatched,Seinfeld – Season 9 – The Apology
missing episode match metadata,0,F:\MediaStack\data\media\tv\Seinfeld\Season 09\Seinfeld - S09E10 - The Strike.mkv,,,episode,imdb://tt0697790,,unmatched,Seinfeld – Season 9 – The Strike
missing episode match metadata,0,F:\MediaStack\data\media\tv\Seinfeld\Season 09\Seinfeld - S09E11 - The Dealership.mkv,,,episode,imdb://tt0697683,,unmatched,Seinfeld – Season 9 – The Dealership
missing episode match metadata,0,F:\MediaStack\data\media\tv\Seinfeld\Season 09\Seinfeld - S09E12 - The Reverse Peephole.mkv,,,episode,imdb://tt0697767,,unmatched,Seinfeld – Season 9 – The Reverse Peephole
missing episode match metadata,0,F:\MediaStack\data\media\tv\Seinfeld\Season 09\Seinfeld - S09E13 - The Cartoon.mkv,,,episode,imdb://tt0697670,,unmatched,Seinfeld – Season 9 – The Cartoon
missing episode match metadata,0,F:\MediaStack\data\media\tv\Seinfeld\Season 09\Seinfeld - S09E14 - The Strongbox.mkv,,,episode,imdb://tt0697791,,unmatched,Seinfeld – Season 9 – The Strong Box
missing episode match metadata,0,F:\MediaStack\data\media\tv\Seinfeld\Season 09\Seinfeld - S09E15 - The Wizard.mkv,,,episode,imdb://tt0697813,,unmatched,Seinfeld – Season 9 – The Wizard
missing episode match metadata,0,F:\MediaStack\data\media\tv\Seinfeld\Season 09\Seinfeld - S09E16 - The Burning.mkv,,,episode,imdb://tt0697663,,unmatched,Seinfeld – Season 9 – The Burning
missing episode match metadata,0,F:\MediaStack\data\media\tv\Seinfeld\Season 09\Seinfeld - S09E17 - The Bookstore.mkv,,,episode,imdb://tt0697659,,unmatched,Seinfeld – Season 9 – The Bookstore
missing episode match metadata,0,F:\MediaStack\data\media\tv\Seinfeld\Season 09\Seinfeld - S09E18 - The Frogger.mkv,,,episode,imdb://tt0697701,,unmatched,Seinfeld – Season 9 – The Frogger
missing episode match metadata,0,F:\MediaStack\data\media\tv\Seinfeld\Season 07\Seinfeld - S07E12 - The Caddy.mkv,,,episode,imdb://tt0697666,,unmatched,Seinfeld – Season 7 – The Caddy
missing episode match metadata,0,F:\MediaStack\data\media\tv\Seinfeld\Season 07\Seinfeld - S07E13 - The Seven.mkv,,,episode,imdb://tt0697774,,unmatched,Seinfeld – Season 7 – The Seven
missing episode match metadata,0,F:\MediaStack\data\media\tv\Seinfeld\Season 07\Seinfeld - S07E14-E15 - The Cadillac (Part 1) + The Cadillac (Part 2).mkv,,,episode,imdb://tt0697667,,unmatched,Seinfeld – Season 7 – The Cadillac (1)
missing episode match metadata,0,F:\MediaStack\data\media\tv\Seinfeld\Season 07\Seinfeld - S07E14-E15 - The Cadillac (Part 1) + The Cadillac (Part 2).mkv,,,episode,tmdb://63228,,unmatched,Seinfeld – Season 7 – The Cadillac (2)
missing episode match metadata,0,F:\MediaStack\data\media\tv\Seinfeld\Season 07\Seinfeld - S07E16 - The Shower Head.mkv,,,episode,imdb://tt0697776,,unmatched,Seinfeld – Season 7 – The Shower Head
missing episode match metadata,0,F:\MediaStack\data\media\tv\Seinfeld\Season 07\Seinfeld - S07E17 - The Doll.mkv,,,episode,imdb://tt0697687,,unmatched,Seinfeld – Season 7 – The Doll
missing episode match metadata,0,F:\MediaStack\data\media\tv\Seinfeld\Season 07\Seinfeld - S07E18 - The Friars Club.mkv,,,episode,imdb://tt0697700,,unmatched,Seinfeld – Season 7 – The Friars Club
missing episode match metadata,0,F:\MediaStack\data\media\tv\Seinfeld\Season 07\Seinfeld - S07E19 - The Wig Master.mkv,,,episode,imdb://tt0697811,,unmatched,Seinfeld – Season 7 – The Wig Master
missing episode match metadata,0,F:\MediaStack\data\media\tv\Seinfeld\Season 07\Seinfeld - S07E20 - The Calzone.mkv,,,episode,imdb://tt0697669,,unmatched,Seinfeld – Season 7 – The Calzone
missing episode match metadata,0,F:\MediaStack\data\media\tv\Seinfeld\Season 07\Seinfeld - S07E21-E22 - The Bottle Deposit (Part 1) + The Bottle Deposit (Part 2).mkv,,,episode,imdb://tt0697660,,unmatched,Seinfeld – Season 7 – The Bottle Deposit (1)
missing episode match metadata,0,F:\MediaStack\data\media\tv\Seinfeld\Season 07\Seinfeld - S07E21-E22 - The Bottle Deposit (Part 1) + The Bottle Deposit (Part 2).mkv,,,episode,tmdb://63235,,unmatched,Seinfeld – Season 7 – The Bottle Deposit (2)
missing episode match metadata,0,F:\MediaStack\data\media\tv\Seinfeld\Season 07\Seinfeld - S07E23 - The Wait Out.mkv,,,episode,imdb://tt0697807,,unmatched,Seinfeld – Season 7 – The Wait Out
missing episode match metadata,0,F:\MediaStack\data\media\tv\Seinfeld\Season 07\Seinfeld - S07E24 - The Invitations.mkv,,,episode,imdb://tt0697712,,unmatched,Seinfeld – Season 7 – The Invitations
missing episode match metadata,0,F:\MediaStack\data\media\tv\Seinfeld\Season 08\Seinfeld - S08E01 - The Foundation.mkv,,,episode,imdb://tt0697699,,unmatched,Seinfeld – Season 8 – The Foundation
missing episode match metadata,0,F:\MediaStack\data\media\tv\Seinfeld\Season 08\Seinfeld - S08E02 - The Soul Mate.mkv,,,episode,imdb://tt0697780,,unmatched,Seinfeld – Season 8 – The Soul Mate
missing episode match metadata,0,F:\MediaStack\data\media\tv\Seinfeld\Season 08\Seinfeld - S08E03 - The Bizarro Jerry.mkv,,,episode,imdb://tt0697657,,unmatched,Seinfeld – Season 8 – The Bizarro Jerry
missing episode match metadata,0,F:\MediaStack\data\media\tv\Seinfeld\Season 08\Seinfeld - S08E04 - The Little Kicks.mkv,,,episode,imdb://tt0697725,,unmatched,Seinfeld – Season 8 – The Little Kicks
missing episode match metadata,0,F:\MediaStack\data\media\tv\Seinfeld\Season 08\Seinfeld - S08E05 - The Package.mkv,,,episode,imdb://tt0697746,,unmatched,Seinfeld – Season 8 – The Package
missing episode match metadata,0,F:\MediaStack\data\media\tv\Seinfeld\Season 08\Seinfeld - S08E06 - The Fatigues.mkv,,,episode,imdb://tt0697694,,unmatched,Seinfeld – Season 8 – The Fatigues
missing episode match metadata,0,F:\MediaStack\data\media\tv\Seinfeld\Season 08\Seinfeld - S08E07 - The Checks.mkv,,,episode,imdb://tt0697672,,unmatched,Seinfeld – Season 8 – The Checks
missing episode match metadata,0,F:\MediaStack\data\media\tv\Seinfeld\Season 08\Seinfeld - S08E08 - The Chicken Roaster.mkv,,,episode,imdb://tt0697674,,unmatched,Seinfeld – Season 8 – The Chicken Roaster
missing episode match metadata,0,F:\MediaStack\data\media\tv\Seinfeld\Season 08\Seinfeld - S08E09 - The Abstinence.mkv,,,episode,imdb://tt0697646,,unmatched,Seinfeld – Season 8 – The Abstinence
missing episode match metadata,0,F:\MediaStack\data\media\tv\Seinfeld\Season 08\Seinfeld - S08E10 - The Andrea Doria.mkv,,,episode,imdb://tt0697649,,unmatched,Seinfeld – Season 8 – The Andrea Doria
missing episode match metadata,0,F:\MediaStack\data\media\tv\Seinfeld\Season 08\Seinfeld - S08E11 - The Little Jerry.mkv,,,episode,imdb://tt0697724,,unmatched,Seinfeld – Season 8 – The Little Jerry
missing episode match metadata,0,F:\MediaStack\data\media\tv\Seinfeld\Season 08\Seinfeld - S08E12 - The Money.mkv,,,episode,imdb://tt0697734,,unmatched,Seinfeld – Season 8 – The Money
missing episode match metadata,0,F:\MediaStack\data\media\tv\Seinfeld\Season 08\Seinfeld - S08E13 - The Comeback.mkv,,,episode,imdb://tt0697678,,unmatched,Seinfeld – Season 8 – The Comeback
missing episode match metadata,0,F:\MediaStack\data\media\tv\Seinfeld\Season 08\Seinfeld - S08E14 - The Van Buren Boys.mkv,,,episode,imdb://tt0697803,,unmatched,Seinfeld – Season 8 – The Van Buren Boys
missing episode match metadata,0,F:\MediaStack\data\media\tv\Seinfeld\Season 08\Seinfeld - S08E15 - The Susie.mkv,,,episode,imdb://tt0697795,,unmatched,Seinfeld – Season 8 – The Susie
missing episode match metadata,0,F:\MediaStack\data\media\tv\Seinfeld\Season 06\Seinfeld - S06E11 - The Switch.mkv,,,episode,imdb://tt0697796,,unmatched,Seinfeld – Season 6 – The Switch
missing episode match metadata,0,F:\MediaStack\data\media\tv\Seinfeld\Season 06\Seinfeld - S06E12 - The Label Maker.mkv,,,episode,imdb://tt0697719,,unmatched,Seinfeld – Season 6 – The Label Maker
missing episode match metadata,0,F:\MediaStack\data\media\tv\Seinfeld\Season 06\Seinfeld - S06E13 - The Scofflaw.mkv,,,episode,imdb://tt0697770,,unmatched,Seinfeld – Season 6 – The Scofflaw
missing episode match metadata,0,F:\MediaStack\data\media\tv\Seinfeld\Season 06\Seinfeld - S06E14-E15 - The Highlights of 100 (Part 1) + The Highlights of 100 (Part 2).mkv,,,episode,imdb://tt0697644,,unmatched,Seinfeld – Season 6 – The Highlights of 100 (1)
missing episode match metadata,0,F:\MediaStack\data\media\tv\Seinfeld\Season 06\Seinfeld - S06E14-E15 - The Highlights of 100 (Part 1) + The Highlights of 100 (Part 2).mkv,,,episode,tmdb://63212,,unmatched,Seinfeld – Season 6 – The Highlights of 100 (2)
missing episode match metadata,0,F:\MediaStack\data\media\tv\Seinfeld\Season 06\Seinfeld - S06E16 - The Beard.mkv,,,episode,imdb://tt0697654,,unmatched,Seinfeld – Season 6 – The Beard
missing episode match metadata,0,F:\MediaStack\data\media\tv\Seinfeld\Season 06\Seinfeld - S06E17 - The Kiss Hello.mkv,,,episode,imdb://tt0697718,,unmatched,Seinfeld – Season 6 – The Kiss Hello
missing episode match metadata,0,F:\MediaStack\data\media\tv\Seinfeld\Season 06\Seinfeld - S06E18 - The Doorman.mkv,,,episode,imdb://tt0697689,,unmatched,Seinfeld – Season 6 – The Doorman
missing episode match metadata,0,F:\MediaStack\data\media\tv\Seinfeld\Season 06\Seinfeld - S06E19 - The Jimmy.mkv,,,episode,imdb://tt0697714,,unmatched,Seinfeld – Season 6 – The Jimmy
missing episode match metadata,0,F:\MediaStack\data\media\tv\Seinfeld\Season 06\Seinfeld - S06E20 - The Doodle.mkv,,,episode,imdb://tt0697688,,unmatched,Seinfeld – Season 6 – The Doodle
missing episode match metadata,0,F:\MediaStack\data\media\tv\Seinfeld\Season 06\Seinfeld - S06E21 - The Fusilli Jerry.mkv,,,episode,imdb://tt0697702,,unmatched,Seinfeld – Season 6 – The Fusilli Jerry
missing episode match metadata,0,F:\MediaStack\data\media\tv\Seinfeld\Season 06\Seinfeld - S06E22 - The Diplomat's Club.mkv,,,episode,imdb://tt0697685,,unmatched,Seinfeld – Season 6 – The Diplomat's Club
missing episode match metadata,0,F:\MediaStack\data\media\tv\Seinfeld\Season 06\Seinfeld - S06E23 - The Face Painter.mkv,,,episode,imdb://tt0697693,,unmatched,Seinfeld – Season 6 – The Face Painter
missing episode match metadata,0,F:\MediaStack\data\media\tv\Seinfeld\Season 06\Seinfeld - S06E24 - The Understudy.mkv,,,episode,imdb://tt0697802,,unmatched,Seinfeld – Season 6 – The Understudy
missing episode match metadata,0,F:\MediaStack\data\media\tv\Seinfeld\Season 07\Seinfeld - S07E01 - The Engagement.mkv,,,episode,imdb://tt0697690,,unmatched,Seinfeld – Season 7 – The Engagement
missing episode match metadata,0,F:\MediaStack\data\media\tv\Seinfeld\Season 07\Seinfeld - S07E02 - The Postponement.mkv,,,episode,imdb://tt0697759,,unmatched,Seinfeld – Season 7 – The Postponement
missing episode match metadata,0,F:\MediaStack\data\media\tv\Seinfeld\Season 07\Seinfeld - S07E03 - The Maestro.mkv,,,episode,imdb://tt0697726,,unmatched,Seinfeld – Season 7 – The Maestro
missing episode match metadata,0,F:\MediaStack\data\media\tv\Seinfeld\Season 07\Seinfeld - S07E04 - The Wink.mkv,,,episode,imdb://tt0697812,,unmatched,Seinfeld – Season 7 – The Wink
missing episode match metadata,0,F:\MediaStack\data\media\tv\Seinfeld\Season 07\Seinfeld - S07E05 - The Hot Tub.mkv,,,episode,imdb://tt0697710,,unmatched,Seinfeld – Season 7 – The Hot Tub
missing episode match metadata,0,F:\MediaStack\data\media\tv\Seinfeld\Season 07\Seinfeld - S07E06 - The Soup Nazi.mkv,,,episode,imdb://tt0697782,,unmatched,Seinfeld – Season 7 – The Soup Nazi
missing episode match metadata,0,F:\MediaStack\data\media\tv\Seinfeld\Season 07\Seinfeld - S07E07 - The Secret Code.mkv,,,episode,imdb://tt0697771,,unmatched,Seinfeld – Season 7 – The Secret Code
missing episode match metadata,0,F:\MediaStack\data\media\tv\Seinfeld\Season 07\Seinfeld - S07E08 - The Pool Guy.mkv,,,episode,imdb://tt0697758,,unmatched,Seinfeld – Season 7 – The Pool Guy
missing episode match metadata,0,F:\MediaStack\data\media\tv\Seinfeld\Season 07\Seinfeld - S07E09 - The Sponge.mkv,,,episode,imdb://tt0697783,,unmatched,Seinfeld – Season 7 – The Sponge
missing episode match metadata,0,F:\MediaStack\data\media\tv\Seinfeld\Season 07\Seinfeld - S07E10 - The Gum.mkv,,,episode,imdb://tt0697705,,unmatched,Seinfeld – Season 7 – The Gum
missing episode match metadata,0,F:\MediaStack\data\media\tv\Seinfeld\Season 07\Seinfeld - S07E11 - The Rye.mkv,,,episode,imdb://tt0697769,,unmatched,Seinfeld – Season 7 – The Rye
missing episode match metadata,0,F:\MediaStack\data\media\tv\Seinfeld\Season 05\Seinfeld - S05E07 - The Non-Fat Yogurt.mkv,,,episode,imdb://tt0697739,,unmatched,Seinfeld – Season 5 – The Non-Fat Yogurt
missing episode match metadata,0,F:\MediaStack\data\media\tv\Seinfeld\Season 05\Seinfeld - S05E08 - The Barber.mkv,,,episode,imdb://tt0697653,,unmatched,Seinfeld – Season 5 – The Barber
missing episode match metadata,0,F:\MediaStack\data\media\tv\Seinfeld\Season 05\Seinfeld - S05E09 - The Masseuse.mkv,,,episode,imdb://tt0697730,,unmatched,Seinfeld – Season 5 – The Masseuse
missing episode match metadata,0,F:\MediaStack\data\media\tv\Seinfeld\Season 05\Seinfeld - S05E10 - The Cigar Store Indian.mkv,,,episode,imdb://tt0697677,,unmatched,Seinfeld – Season 5 – The Cigar Store Indian
missing episode match metadata,0,F:\MediaStack\data\media\tv\Seinfeld\Season 05\Seinfeld - S05E11 - The Conversion.mkv,,,episode,imdb://tt0697680,,unmatched,Seinfeld – Season 5 – The Conversion
missing episode match metadata,0,F:\MediaStack\data\media\tv\Seinfeld\Season 05\Seinfeld - S05E12 - The Stall.mkv,,,episode,imdb://tt0697785,,unmatched,Seinfeld – Season 5 – The Stall
missing episode match metadata,0,F:\MediaStack\data\media\tv\Seinfeld\Season 05\Seinfeld - S05E13 - The Dinner Party.mkv,,,episode,imdb://tt0697684,,unmatched,Seinfeld – Season 5 – The Dinner Party
missing episode match metadata,0,F:\MediaStack\data\media\tv\Seinfeld\Season 05\Seinfeld - S05E14 - The Marine Biologist.mkv,,,episode,imdb://tt0697729,,unmatched,Seinfeld – Season 5 – The Marine Biologist
missing episode match metadata,0,F:\MediaStack\data\media\tv\Seinfeld\Season 05\Seinfeld - S05E15 - The Pie.mkv,,,episode,imdb://tt0697753,,unmatched,Seinfeld – Season 5 – The Pie
missing episode match metadata,0,F:\MediaStack\data\media\tv\Seinfeld\Season 05\Seinfeld - S05E16 - The Stand-In.mkv,,,episode,imdb://tt0697786,,unmatched,Seinfeld – Season 5 – The Stand-In
missing episode match metadata,0,F:\MediaStack\data\media\tv\Seinfeld\Season 05\Seinfeld - S05E17 - The Wife.mkv,,,episode,imdb://tt0697810,,unmatched,Seinfeld – Season 5 – The Wife
missing episode match metadata,0,F:\MediaStack\data\media\tv\Seinfeld\Season 05\Seinfeld - S05E18-E19 - The Raincoats (Part 1) + The Raincoats (Part 2).mkv,,,episode,imdb://tt0697764,,unmatched,Seinfeld – Season 5 – The Raincoats (1)
missing episode match metadata,0,F:\MediaStack\data\media\tv\Seinfeld\Season 05\Seinfeld - S05E18-E19 - The Raincoats (Part 1) + The Raincoats (Part 2).mkv,,,episode,tmdb://63186,,unmatched,Seinfeld – Season 5 – The Raincoats (2)
missing episode match metadata,0,F:\MediaStack\data\media\tv\Seinfeld\Season 05\Seinfeld - S05E20 - The Fire.mkv,,,episode,imdb://tt0697697,,unmatched,Seinfeld – Season 5 – The Fire
missing episode match metadata,0,F:\MediaStack\data\media\tv\Seinfeld\Season 05\Seinfeld - S05E21 - The Hamptons.mkv,,,episode,imdb://tt0697707,,unmatched,Seinfeld – Season 5 – The Hamptons
missing episode match metadata,0,F:\MediaStack\data\media\tv\Seinfeld\Season 05\Seinfeld - S05E22 - The Opposite.mkv,,,episode,imdb://tt0697744,,unmatched,Seinfeld – Season 5 – The Opposite
missing episode match metadata,0,F:\MediaStack\data\media\tv\Seinfeld\Season 06\Seinfeld - S06E01 - The Chaperone.mkv,,,episode,imdb://tt0697671,,unmatched,Seinfeld – Season 6 – The Chaperone
missing episode match metadata,0,F:\MediaStack\data\media\tv\Seinfeld\Season 06\Seinfeld - S06E02 - The Big Salad.mkv,,,episode,imdb://tt0697656,,unmatched,Seinfeld – Season 6 – The Big Salad
missing episode match metadata,0,F:\MediaStack\data\media\tv\Seinfeld\Season 06\Seinfeld - S06E03 - The Pledge Drive.mkv,,,episode,imdb://tt0697756,,unmatched,Seinfeld – Season 6 – The Pledge Drive
missing episode match metadata,0,F:\MediaStack\data\media\tv\Seinfeld\Season 06\Seinfeld - S06E04 - The Chinese Woman.mkv,,,episode,imdb://tt0697676,,unmatched,Seinfeld – Season 6 – The Chinese Woman
missing episode match metadata,0,F:\MediaStack\data\media\tv\Seinfeld\Season 06\Seinfeld - S06E05 - The Couch.mkv,,,episode,imdb://tt0697681,,unmatched,Seinfeld – Season 6 – The Couch
missing episode match metadata,0,F:\MediaStack\data\media\tv\Seinfeld\Season 06\Seinfeld - S06E06 - The Gymnast.mkv,,,episode,imdb://tt0697706,,unmatched,Seinfeld – Season 6 – The Gymnast
missing episode match metadata,0,F:\MediaStack\data\media\tv\Seinfeld\Season 06\Seinfeld - S06E07 - The Soup.mkv,,,episode,imdb://tt0697781,,unmatched,Seinfeld – Season 6 – The Soup
missing episode match metadata,0,F:\MediaStack\data\media\tv\Seinfeld\Season 06\Seinfeld - S06E08 - The Mom & Pop Store.mkv,,,episode,imdb://tt0697733,,unmatched,Seinfeld – Season 6 – The Mom & Pop Store
missing episode match metadata,0,F:\MediaStack\data\media\tv\Seinfeld\Season 06\Seinfeld - S06E09 - The Secretary.mkv,,,episode,imdb://tt0697772,,unmatched,Seinfeld – Season 6 – The Secretary
missing episode match metadata,0,F:\MediaStack\data\media\tv\Seinfeld\Season 06\Seinfeld - S06E10 - The Race.mkv,,,episode,imdb://tt0697763,,unmatched,Seinfeld – Season 6 – The Race
missing episode match metadata,0,F:\MediaStack\data\media\tv\Seinfeld\Season 04\Seinfeld - S04E07 - The Bubble Boy.mkv,,,episode,imdb://tt0697662,,unmatched,Seinfeld – Season 4 – The Bubble Boy
missing episode match metadata,0,F:\MediaStack\data\media\tv\Seinfeld\Season 04\Seinfeld - S04E08 - The Cheever Letters.mkv,,,episode,imdb://tt0697673,,unmatched,Seinfeld – Season 4 – The Cheever Letters
missing episode match metadata,0,F:\MediaStack\data\media\tv\Seinfeld\Season 04\Seinfeld - S04E09 - The Opera.mkv,,,episode,imdb://tt0697743,,unmatched,Seinfeld – Season 4 – The Opera
missing episode match metadata,0,F:\MediaStack\data\media\tv\Seinfeld\Season 04\Seinfeld - S04E10 - The Virgin.mkv,,,episode,imdb://tt0697804,,unmatched,Seinfeld – Season 4 – The Virgin
missing episode match metadata,0,F:\MediaStack\data\media\tv\Seinfeld\Season 04\Seinfeld - S04E11 - The Contest.mkv,,,episode,imdb://tt0697679,,unmatched,Seinfeld – Season 4 – The Contest
missing episode match metadata,0,F:\MediaStack\data\media\tv\Seinfeld\Season 04\Seinfeld - S04E12 - The Airport.mkv,,,episode,imdb://tt0697647,,unmatched,Seinfeld – Season 4 – The Airport
missing episode match metadata,0,F:\MediaStack\data\media\tv\Seinfeld\Season 04\Seinfeld - S04E13 - The Pick.mkv,,,episode,imdb://tt0697752,,unmatched,Seinfeld – Season 4 – The Pick
missing episode match metadata,0,F:\MediaStack\data\media\tv\Seinfeld\Season 04\Seinfeld - S04E14 - The Movie.mkv,,,episode,imdb://tt0697735,,unmatched,Seinfeld – Season 4 – The Movie
missing episode match metadata,0,F:\MediaStack\data\media\tv\Seinfeld\Season 04\Seinfeld - S04E15 - The Visa.mkv,,,episode,imdb://tt0697805,,unmatched,Seinfeld – Season 4 – The Visa
missing episode match metadata,0,F:\MediaStack\data\media\tv\Seinfeld\Season 04\Seinfeld - S04E16 - The Shoes.mkv,,,episode,imdb://tt0697775,,unmatched,Seinfeld – Season 4 – The Shoes
missing episode match metadata,0,F:\MediaStack\data\media\tv\Seinfeld\Season 04\Seinfeld - S04E17 - The Outing.mkv,,,episode,imdb://tt0697745,,unmatched,Seinfeld – Season 4 – The Outing
missing episode match metadata,0,F:\MediaStack\data\media\tv\Seinfeld\Season 04\Seinfeld - S04E18 - The Old Man.mkv,,,episode,imdb://tt0697742,,unmatched,Seinfeld – Season 4 – The Old Man
missing episode match metadata,0,F:\MediaStack\data\media\tv\Seinfeld\Season 04\Seinfeld - S04E19 - The Implant.mkv,,,episode,imdb://tt0697711,,unmatched,Seinfeld – Season 4 – The Implant
missing episode match metadata,0,F:\MediaStack\data\media\tv\Seinfeld\Season 04\Seinfeld - S04E20 - The Junior Mint.mkv,,,episode,imdb://tt0697715,,unmatched,Seinfeld – Season 4 – The Junior Mint
missing episode match metadata,0,F:\MediaStack\data\media\tv\Seinfeld\Season 04\Seinfeld - S04E21 - The Smelly Car.mkv,,,episode,imdb://tt0697778,,unmatched,Seinfeld – Season 4 – The Smelly Car
missing episode match metadata,0,F:\MediaStack\data\media\tv\Seinfeld\Season 04\Seinfeld - S04E22 - The Handicap Spot.mkv,,,episode,imdb://tt0697708,,unmatched,Seinfeld – Season 4 – The Handicap Spot
missing episode match metadata,0,F:\MediaStack\data\media\tv\Seinfeld\Season 04\Seinfeld - S04E23-E24 - The Pilot.mkv,,,episode,imdb://tt0697754,,unmatched,Seinfeld – Season 4 – The Pilot (1)
missing episode match metadata,0,F:\MediaStack\data\media\tv\Seinfeld\Season 04\Seinfeld - S04E23-E24 - The Pilot.mkv,,,episode,tmdb://63167,,unmatched,Seinfeld – Season 4 – The Pilot (2)
missing episode match metadata,0,F:\MediaStack\data\media\tv\Seinfeld\Season 05\Seinfeld - S05E01 - The Mango.mkv,,,episode,imdb://tt0697728,,unmatched,Seinfeld – Season 5 – The Mango
missing episode match metadata,0,F:\MediaStack\data\media\tv\Seinfeld\Season 05\Seinfeld - S05E02 - The Puffy Shirt.mkv,,,episode,imdb://tt0697762,,unmatched,Seinfeld – Season 5 – The Puffy Shirt
missing episode match metadata,0,F:\MediaStack\data\media\tv\Seinfeld\Season 05\Seinfeld - S05E03 - The Glasses.mkv,,,episode,imdb://tt0697703,,unmatched,Seinfeld – Season 5 – The Glasses
missing episode match metadata,0,F:\MediaStack\data\media\tv\Seinfeld\Season 05\Seinfeld - S05E04 - The Sniffing Accountant.mkv,,,episode,imdb://tt0697779,,unmatched,Seinfeld – Season 5 – The Sniffing Accountant
missing episode match metadata,0,F:\MediaStack\data\media\tv\Seinfeld\Season 05\Seinfeld - S05E05 - The Bris.mkv,,,episode,imdb://tt0697661,,unmatched,Seinfeld – Season 5 – The Bris
missing episode match metadata,0,F:\MediaStack\data\media\tv\Seinfeld\Season 05\Seinfeld - S05E06 - The Lip Reader.mkv,,,episode,imdb://tt0697723,,unmatched,Seinfeld – Season 5 – The Lip Reader
missing episode match metadata,0,F:\MediaStack\data\media\tv\Seinfeld\Season 03\Seinfeld - S03E02 - The Truth.mkv,,,episode,imdb://tt0697801,,unmatched,Seinfeld – Season 3 – The Truth
missing episode match metadata,0,F:\MediaStack\data\media\tv\Seinfeld\Season 03\Seinfeld - S03E03 - The Pen.mkv,,,episode,imdb://tt0697749,,unmatched,Seinfeld – Season 3 – The Pen
missing episode match metadata,0,F:\MediaStack\data\media\tv\Seinfeld\Season 03\Seinfeld - S03E04 - The Dog.mkv,,,episode,imdb://tt0697686,,unmatched,Seinfeld – Season 3 – The Dog
missing episode match metadata,0,F:\MediaStack\data\media\tv\Seinfeld\Season 03\Seinfeld - S03E05 - The Library.mkv,,,episode,imdb://tt0697721,,unmatched,Seinfeld – Season 3 – The Library
missing episode match metadata,0,F:\MediaStack\data\media\tv\Seinfeld\Season 03\Seinfeld - S03E06 - The Parking Garage.mkv,,,episode,imdb://tt0697747,,unmatched,Seinfeld – Season 3 – The Parking Garage
missing episode match metadata,0,F:\MediaStack\data\media\tv\Seinfeld\Season 03\Seinfeld - S03E07 - The Cafe.mkv,,,episode,imdb://tt0697668,,unmatched,Seinfeld – Season 3 – The Cafe
missing episode match metadata,0,F:\MediaStack\data\media\tv\Seinfeld\Season 03\Seinfeld - S03E08 - The Tape.mkv,,,episode,imdb://tt0697797,,unmatched,Seinfeld – Season 3 – The Tape
missing episode match metadata,0,F:\MediaStack\data\media\tv\Seinfeld\Season 03\Seinfeld - S03E09 - The Nose Job.mkv,,,episode,imdb://tt0697740,,unmatched,Seinfeld – Season 3 – The Nose Job
missing episode match metadata,0,F:\MediaStack\data\media\tv\Seinfeld\Season 03\Seinfeld - S03E10 - The Stranded.mkv,,,episode,imdb://tt0697789,,unmatched,Seinfeld – Season 3 – The Stranded
missing episode match metadata,0,F:\MediaStack\data\media\tv\Seinfeld\Season 03\Seinfeld - S03E11 - The Alternate Side.mkv,,,episode,imdb://tt0697648,,unmatched,Seinfeld – Season 3 – The Alternate Side
missing episode match metadata,0,F:\MediaStack\data\media\tv\Seinfeld\Season 03\Seinfeld - S03E12 - The Red Dot.mkv,,,episode,imdb://tt0697765,,unmatched,Seinfeld – Season 3 – The Red Dot
missing episode match metadata,0,F:\MediaStack\data\media\tv\Seinfeld\Season 03\Seinfeld - S03E13 - The Subway.mkv,,,episode,imdb://tt0697792,,unmatched,Seinfeld – Season 3 – The Subway
missing episode match metadata,0,F:\MediaStack\data\media\tv\Seinfeld\Season 03\Seinfeld - S03E14 - The Pez Dispenser.mkv,,,episode,imdb://tt0697750,,unmatched,Seinfeld – Season 3 – The Pez Dispenser
missing episode match metadata,0,F:\MediaStack\data\media\tv\Seinfeld\Season 03\Seinfeld - S03E15 - The Suicide.mkv,,,episode,imdb://tt0697793,,unmatched,Seinfeld – Season 3 – The Suicide
missing episode match metadata,0,F:\MediaStack\data\media\tv\Seinfeld\Season 03\Seinfeld - S03E16 - The Fix-Up.mkv,,,episode,imdb://tt0697698,,unmatched,Seinfeld – Season 3 – The Fix-Up
missing episode match metadata,0,F:\MediaStack\data\media\tv\Seinfeld\Season 03\Seinfeld - S03E17-E18 - The Boyfriend.mkv,,,episode,tmdb://63137,,unmatched,Seinfeld – Season 3 – The Boyfriend (1)
missing episode match metadata,0,F:\MediaStack\data\media\tv\Seinfeld\Season 03\Seinfeld - S03E17-E18 - The Boyfriend.mkv,,,episode,imdb://tt0697738,,unmatched,Seinfeld – Season 3 – The Boyfriend (2)
missing episode match metadata,0,F:\MediaStack\data\media\tv\Seinfeld\Season 03\Seinfeld - S03E19 - The Limo.mkv,,,episode,imdb://tt0697722,,unmatched,Seinfeld – Season 3 – The Limo
missing episode match metadata,0,F:\MediaStack\data\media\tv\Seinfeld\Season 03\Seinfeld - S03E20 - The Good Samaritan.mkv,,,episode,imdb://tt0697704,,unmatched,Seinfeld – Season 3 – The Good Samaritan
missing episode match metadata,0,F:\MediaStack\data\media\tv\Seinfeld\Season 03\Seinfeld - S03E21 - The Letter.mkv,,,episode,imdb://tt0697720,,unmatched,Seinfeld – Season 3 – The Letter
missing episode match metadata,0,F:\MediaStack\data\media\tv\Seinfeld\Season 03\Seinfeld - S03E22 - The Parking Space.mkv,,,episode,imdb://tt0697748,,unmatched,Seinfeld – Season 3 – The Parking Space
missing episode match metadata,0,F:\MediaStack\data\media\tv\Seinfeld\Season 03\Seinfeld - S03E23 - The Keys.mkv,,,episode,imdb://tt0697717,,unmatched,Seinfeld – Season 3 – The Keys
missing episode match metadata,0,F:\MediaStack\data\media\tv\Seinfeld\Season 04\Seinfeld - S04E01 - The Trip (1).mkv,,,episode,imdb://tt0697799,,unmatched,Seinfeld – Season 4 – The Trip (1)
missing episode match metadata,0,F:\MediaStack\data\media\tv\Seinfeld\Season 04\Seinfeld - S04E02 - The Trip (2).mkv,,,episode,imdb://tt0697800,,unmatched,Seinfeld – Season 4 – The Trip (2)
missing episode match metadata,0,F:\MediaStack\data\media\tv\Seinfeld\Season 04\Seinfeld - S04E03-E04 - The Pitch + The Ticket.mkv,,,episode,imdb://tt0697755,,unmatched,Seinfeld – Season 4 – The Pitch
missing episode match metadata,0,F:\MediaStack\data\media\tv\Seinfeld\Season 04\Seinfeld - S04E03-E04 - The Pitch + The Ticket.mkv,,,episode,imdb://tt0697798,,unmatched,Seinfeld – Season 4 – The Ticket
missing episode match metadata,0,F:\MediaStack\data\media\tv\Seinfeld\Season 04\Seinfeld - S04E05 - The Wallet.mkv,,,episode,imdb://tt0697808,,unmatched,Seinfeld – Season 4 – The Wallet
missing episode match metadata,0,F:\MediaStack\data\media\tv\Seinfeld\Season 04\Seinfeld - S04E06 - The Watch.mkv,,,episode,imdb://tt0697809,,unmatched,Seinfeld – Season 4 – The Watch
missing episode match metadata,0,"F:\MediaStack\data\media\tv\Re - ZERO, Starting Life in Another World\Season 03\Re - ZERO, Starting Life in Another World - S03E06 - Conditions of the Knight.mkv",,,episode,local://23833,,unmatched,Re:ZERO -Starting Life in Another World- – Season 3 – Episode 6
missing episode match metadata,0,"F:\MediaStack\data\media\tv\Re - ZERO, Starting Life in Another World\Season 03\Re - ZERO, Starting Life in Another World - S03E07 - The Newest of Heroes and the Most Ancient of Heroes.mkv",,,episode,local://23834,,unmatched,Re:ZERO -Starting Life in Another World- – Season 3 – Episode 7
missing episode match metadata,0,"F:\MediaStack\data\media\tv\Re - ZERO, Starting Life in Another World\Season 03\Re - ZERO, Starting Life in Another World - S03E08 - The One I'll Love Someday.mkv",,,episode,local://23835,,unmatched,Re:ZERO -Starting Life in Another World- – Season 3 – Episode 8
missing episode match metadata,0,"F:\MediaStack\data\media\tv\Re - ZERO, Starting Life in Another World\Season 03\Re - ZERO, Starting Life in Another World - S03E09 - City Scramble.mkv",,,episode,local://23836,,unmatched,Re:ZERO -Starting Life in Another World- – Season 3 – Episode 9
missing episode match metadata,0,"F:\MediaStack\data\media\tv\Re - ZERO, Starting Life in Another World\Season 03\Re - ZERO, Starting Life in Another World - S03E10 - The Plan to Conquer Greed.mkv",,,episode,local://23837,,unmatched,Re:ZERO -Starting Life in Another World- – Season 3 – Episode 10
missing episode match metadata,0,"F:\MediaStack\data\media\tv\Re - ZERO, Starting Life in Another World\Season 03\Re - ZERO, Starting Life in Another World - S03E11 - Liliana Masquerade.mkv",,,episode,local://23838,,unmatched,Re:ZERO -Starting Life in Another World- – Season 3 – Episode 11
missing episode match metadata,0,"F:\MediaStack\data\media\tv\Re - ZERO, Starting Life in Another World\Season 03\Re - ZERO, Starting Life in Another World - S03E12 - Regulus Corneas.mkv",,,episode,local://23839,,unmatched,Re:ZERO -Starting Life in Another World- – Season 3 – Episode 12
missing episode match metadata,0,"F:\MediaStack\data\media\tv\Re - ZERO, Starting Life in Another World\Season 03\Re - ZERO, Starting Life in Another World - S03E13 - The Warrior's Commendation.mkv",,,episode,local://23840,,unmatched,Re:ZERO -Starting Life in Another World- – Season 3 – Episode 13
missing episode match metadata,0,"F:\MediaStack\data\media\tv\Re - ZERO, Starting Life in Another World\Season 03\Re - ZERO, Starting Life in Another World - S03E14 - Theresia van Astrea.mkv",,,episode,local://23841,,unmatched,Re:ZERO -Starting Life in Another World- – Season 3 – Episode 14
missing episode match metadata,0,"F:\MediaStack\data\media\tv\Re - ZERO, Starting Life in Another World\Season 03\Re - ZERO, Starting Life in Another World - S03E15 - A Hideous Dinner Party.mkv",,,episode,local://23842,,unmatched,Re:ZERO -Starting Life in Another World- – Season 3 – Episode 15
missing episode match metadata,0,"F:\MediaStack\data\media\tv\Re - ZERO, Starting Life in Another World\Season 03\Re - ZERO, Starting Life in Another World - S03E16 - The Result of the Battle for Priestella.mkv",,,episode,local://23843,,unmatched,Re:ZERO -Starting Life in Another World- – Season 3 – Episode 16
missing episode match metadata,0,F:\MediaStack\data\media\tv\Seinfeld\Season 01\Seinfeld - S01E01 - The Seinfeld Chronicles.mkv,,,episode,imdb://tt0098286,,unmatched,Seinfeld – Season 1 – The Seinfeld Chronicles
missing episode match metadata,0,F:\MediaStack\data\media\tv\Seinfeld\Season 01\Seinfeld - S01E02 - The Stake Out.mkv,,,episode,imdb://tt0697784,,unmatched,Seinfeld – Season 1 – The Stake Out
missing episode match metadata,0,F:\MediaStack\data\media\tv\Seinfeld\Season 01\Seinfeld - S01E03 - The Robbery.mkv,,,episode,imdb://tt0697768,,unmatched,Seinfeld – Season 1 – The Robbery
missing episode match metadata,0,F:\MediaStack\data\media\tv\Seinfeld\Season 01\Seinfeld - S01E04 - Male Unbonding.mkv,,,episode,imdb://tt0697645,,unmatched,Seinfeld – Season 1 – Male Unbonding
missing episode match metadata,0,F:\MediaStack\data\media\tv\Seinfeld\Season 01\Seinfeld - S01E05 - The Stock Tip.mkv,,,episode,imdb://tt0697788,,unmatched,Seinfeld – Season 1 – The Stock Tip
missing episode match metadata,0,F:\MediaStack\data\media\tv\Seinfeld\Season 02\Seinfeld - S02E01 - The Ex-Girlfriend.mkv,,,episode,imdb://tt0697692,,unmatched,Seinfeld – Season 2 – The Ex-Girlfriend
missing episode match metadata,0,F:\MediaStack\data\media\tv\Seinfeld\Season 02\Seinfeld - S02E02 - The Pony Remark.mkv,,,episode,imdb://tt0697757,,unmatched,Seinfeld – Season 2 – The Pony Remark
missing episode match metadata,0,F:\MediaStack\data\media\tv\Seinfeld\Season 02\Seinfeld - S02E03 - The Jacket.mkv,,,episode,imdb://tt0697713,,unmatched,Seinfeld – Season 2 – The Jacket
missing episode match metadata,0,F:\MediaStack\data\media\tv\Seinfeld\Season 02\Seinfeld - S02E04 - The Phone Message.mkv,,,episode,imdb://tt0697751,,unmatched,Seinfeld – Season 2 – The Phone Message
missing episode match metadata,0,F:\MediaStack\data\media\tv\Seinfeld\Season 02\Seinfeld - S02E05 - The Apartment.mkv,,,episode,imdb://tt0697650,,unmatched,Seinfeld – Season 2 – The Apartment
missing episode match metadata,0,F:\MediaStack\data\media\tv\Seinfeld\Season 02\Seinfeld - S02E06 - The Statue.mkv,,,episode,imdb://tt0697787,,unmatched,Seinfeld – Season 2 – The Statue
missing episode match metadata,0,F:\MediaStack\data\media\tv\Seinfeld\Season 02\Seinfeld - S02E07 - The Revenge.mkv,,,episode,imdb://tt0697766,,unmatched,Seinfeld – Season 2 – The Revenge
missing episode match metadata,0,F:\MediaStack\data\media\tv\Seinfeld\Season 02\Seinfeld - S02E08 - The Heart Attack.mkv,,,episode,imdb://tt0697709,,unmatched,Seinfeld – Season 2 – The Heart Attack
missing episode match metadata,0,F:\MediaStack\data\media\tv\Seinfeld\Season 02\Seinfeld - S02E09 - The Deal.mkv,,,episode,imdb://tt0697682,,unmatched,Seinfeld – Season 2 – The Deal
missing episode match metadata,0,F:\MediaStack\data\media\tv\Seinfeld\Season 02\Seinfeld - S02E10 - The Baby Shower.mkv,,,episode,imdb://tt0697652,,unmatched,Seinfeld – Season 2 – The Baby Shower
missing episode match metadata,0,F:\MediaStack\data\media\tv\Seinfeld\Season 02\Seinfeld - S02E11 - The Chinese Restaurant.mkv,,,episode,imdb://tt0697675,,unmatched,Seinfeld – Season 2 – The Chinese Restaurant
missing episode match metadata,0,F:\MediaStack\data\media\tv\Seinfeld\Season 02\Seinfeld - S02E12 - The Busboy.mkv,,,episode,imdb://tt0697664,,unmatched,Seinfeld – Season 2 – The Busboy
missing episode match metadata,0,F:\MediaStack\data\media\tv\Seinfeld\Season 03\Seinfeld - S03E01 - The Note.mkv,,,episode,imdb://tt0697741,,unmatched,Seinfeld – Season 3 – The Note
missing episode match metadata,0,"F:\MediaStack\data\media\tv\Re - ZERO, Starting Life in Another World\Season 02\Re - ZERO, Starting Life in Another World - S02E08 - The Value of Life.mkv",,,episode,local://23809,,unmatched,Re:ZERO -Starting Life in Another World- – Season 2 – Episode 8
missing episode match metadata,0,"F:\MediaStack\data\media\tv\Re - ZERO, Starting Life in Another World\Season 02\Re - ZERO, Starting Life in Another World - S02E09 - Love Love Love Love Love Love You.mkv",,,episode,local://23810,,unmatched,Re:ZERO -Starting Life in Another World- – Season 2 – Episode 9
missing episode match metadata,0,"F:\MediaStack\data\media\tv\Re - ZERO, Starting Life in Another World\Season 02\Re - ZERO, Starting Life in Another World - S02E10 - I Know Hell.mkv",,,episode,local://23811,,unmatched,Re:ZERO -Starting Life in Another World- – Season 2 – Episode 10
missing episode match metadata,0,"F:\MediaStack\data\media\tv\Re - ZERO, Starting Life in Another World\Season 02\Re - ZERO, Starting Life in Another World - S02E11 - The Taste of Death.mkv",,,episode,local://23812,,unmatched,Re:ZERO -Starting Life in Another World- – Season 2 – Episode 11
missing episode match metadata,0,"F:\MediaStack\data\media\tv\Re - ZERO, Starting Life in Another World\Season 02\Re - ZERO, Starting Life in Another World - S02E12 - The Witches' Tea Party.mkv",,,episode,local://23813,,unmatched,Re:ZERO -Starting Life in Another World- – Season 2 – Episode 12
missing episode match metadata,0,"F:\MediaStack\data\media\tv\Re - ZERO, Starting Life in Another World\Season 02\Re - ZERO, Starting Life in Another World - S02E13 - The Sounds That Make You Want to Cry.mkv",,,episode,local://23814,,unmatched,Re:ZERO -Starting Life in Another World- – Season 2 – Episode 13
missing episode match metadata,0,"F:\MediaStack\data\media\tv\Re - ZERO, Starting Life in Another World\Season 02\Re - ZERO, Starting Life in Another World - S02E14 - Straight Bet.mkv",,,episode,local://23815,,unmatched,Re:ZERO -Starting Life in Another World- – Season 2 – Episode 14
missing episode match metadata,0,"F:\MediaStack\data\media\tv\Re - ZERO, Starting Life in Another World\Season 02\Re - ZERO, Starting Life in Another World - S02E15 - Otto Suwen + A Reason to Believe.mkv",,,episode,local://23816,,unmatched,Re:ZERO -Starting Life in Another World- – Season 2 – Episode 15
missing episode match metadata,0,"F:\MediaStack\data\media\tv\Re - ZERO, Starting Life in Another World\Season 02\Re - ZERO, Starting Life in Another World - S02E16 - Nobody Can Lift a Quain Stone Alone.mkv",,,episode,local://23817,,unmatched,Re:ZERO -Starting Life in Another World- – Season 2 – Episode 16
missing episode match metadata,0,"F:\MediaStack\data\media\tv\Re - ZERO, Starting Life in Another World\Season 02\Re - ZERO, Starting Life in Another World - S02E17 - A Journey Through Memories.mkv",,,episode,local://23818,,unmatched,Re:ZERO -Starting Life in Another World- – Season 2 – Episode 17
missing episode match metadata,0,"F:\MediaStack\data\media\tv\Re - ZERO, Starting Life in Another World\Season 02\Re - ZERO, Starting Life in Another World - S02E18 - The Day Betelgeuse Laughed.mkv",,,episode,local://23819,,unmatched,Re:ZERO -Starting Life in Another World- – Season 2 – Episode 18
missing episode match metadata,0,"F:\MediaStack\data\media\tv\Re - ZERO, Starting Life in Another World\Season 02\Re - ZERO, Starting Life in Another World - S02E19 - The Permafrost of Elior Forest.mkv",,,episode,local://23820,,unmatched,Re:ZERO -Starting Life in Another World- – Season 2 – Episode 19
missing episode match metadata,0,"F:\MediaStack\data\media\tv\Re - ZERO, Starting Life in Another World\Season 02\Re - ZERO, Starting Life in Another World - S02E20 - The Beginning of the Sanctuary and the Beginning of the End.mkv",,,episode,local://23821,,unmatched,Re:ZERO -Starting Life in Another World- – Season 2 – Episode 20
missing episode match metadata,0,"F:\MediaStack\data\media\tv\Re - ZERO, Starting Life in Another World\Season 02\Re - ZERO, Starting Life in Another World - S02E21 - Reunion of Roars.mkv",,,episode,local://23822,,unmatched,Re:ZERO -Starting Life in Another World- – Season 2 – Episode 21
missing episode match metadata,0,"F:\MediaStack\data\media\tv\Re - ZERO, Starting Life in Another World\Season 02\Re - ZERO, Starting Life in Another World - S02E22 - Happiness Reflected on the Water's Surface.mkv",,,episode,local://23823,,unmatched,Re:ZERO -Starting Life in Another World- – Season 2 – Episode 22
missing episode match metadata,0,"F:\MediaStack\data\media\tv\Re - ZERO, Starting Life in Another World\Season 02\Re - ZERO, Starting Life in Another World - S02E23 - Love Me Down to My Blood and Guts.mkv",,,episode,local://23824,,unmatched,Re:ZERO -Starting Life in Another World- – Season 2 – Episode 23
missing episode match metadata,0,"F:\MediaStack\data\media\tv\Re - ZERO, Starting Life in Another World\Season 02\Re - ZERO, Starting Life in Another World - S02E24 - Choose Me.mkv",,,episode,local://23825,,unmatched,Re:ZERO -Starting Life in Another World- – Season 2 – Episode 24
missing episode match metadata,0,"F:\MediaStack\data\media\tv\Re - ZERO, Starting Life in Another World\Season 02\Re - ZERO, Starting Life in Another World - S02E25 - Offbeat Steps Under the Moonlight.mkv",,,episode,local://23826,,unmatched,Re:ZERO -Starting Life in Another World- – Season 2 – Episode 25
missing episode match metadata,0,"F:\MediaStack\data\media\tv\Re - ZERO, Starting Life in Another World\Season 03\Re - ZERO, Starting Life in Another World - S03E01 - Theatrical Malice.mkv",,,episode,local://23828,,unmatched,Re:ZERO -Starting Life in Another World- – Season 3 – Episode 1
missing episode match metadata,0,"F:\MediaStack\data\media\tv\Re - ZERO, Starting Life in Another World\Season 03\Re - ZERO, Starting Life in Another World - S03E02 - A Showdown of Fire and Ice.mkv",,,episode,local://23829,,unmatched,Re:ZERO -Starting Life in Another World- – Season 3 – Episode 2
missing episode match metadata,0,"F:\MediaStack\data\media\tv\Re - ZERO, Starting Life in Another World\Season 03\Re - ZERO, Starting Life in Another World - S03E03 - Gorgeous Tiger.mkv",,,episode,local://23830,,unmatched,Re:ZERO -Starting Life in Another World- – Season 3 – Episode 3
missing episode match metadata,0,"F:\MediaStack\data\media\tv\Re - ZERO, Starting Life in Another World\Season 03\Re - ZERO, Starting Life in Another World - S03E04 - Operation - Take Back the Government Office.mkv",,,episode,local://23831,,unmatched,Re:ZERO -Starting Life in Another World- – Season 3 – Episode 4
missing episode match metadata,0,"F:\MediaStack\data\media\tv\Re - ZERO, Starting Life in Another World\Season 03\Re - ZERO, Starting Life in Another World - S03E05 - A Dark Torrent.mkv",,,episode,local://23832,,unmatched,Re:ZERO -Starting Life in Another World- – Season 3 – Episode 5
missing episode match metadata,0,"F:\MediaStack\data\media\tv\Re - ZERO, Starting Life in Another World\Season 01\Re - ZERO, Starting Life in Another World - S01E13 - Self-Proclaimed Knight Natsuki Subaru.mkv",,,episode,imdb://tt5799428,,unmatched,Re:ZERO -Starting Life in Another World- – Season 1 – Self-Proclaimed Knight Natsuki Subaru
missing episode match metadata,0,"F:\MediaStack\data\media\tv\Re - ZERO, Starting Life in Another World\Season 01\Re - ZERO, Starting Life in Another World - S01E14 - The Sickness Called Despair.mkv",,,episode,imdb://tt5873382,,unmatched,Re:ZERO -Starting Life in Another World- – Season 1 – The Sickness Called Despair
missing episode match metadata,0,"F:\MediaStack\data\media\tv\Re - ZERO, Starting Life in Another World\Season 01\Re - ZERO, Starting Life in Another World - S01E15 - The Outside of Madness.mkv",,,episode,imdb://tt5908784,,unmatched,Re:ZERO -Starting Life in Another World- – Season 1 – The Outside of Madness
missing episode match metadata,0,"F:\MediaStack\data\media\tv\Re - ZERO, Starting Life in Another World\Season 01\Re - ZERO, Starting Life in Another World - S01E16 - The Greed of a Pig.mkv",,,episode,imdb://tt5908790,,unmatched,Re:ZERO -Starting Life in Another World- – Season 1 – A Pig's Greed
missing episode match metadata,0,"F:\MediaStack\data\media\tv\Re - ZERO, Starting Life in Another World\Season 01\Re - ZERO, Starting Life in Another World - S01E17 - Disgrace in the Extreme.mkv",,,episode,imdb://tt5908792,,unmatched,Re:ZERO -Starting Life in Another World- – Season 1 – Disgrace in the Extreme
missing episode match metadata,0,"F:\MediaStack\data\media\tv\Re - ZERO, Starting Life in Another World\Season 01\Re - ZERO, Starting Life in Another World - S01E18 - From Zero.mkv",,,episode,imdb://tt5986832,,unmatched,Re:ZERO -Starting Life in Another World- – Season 1 – From Zero
missing episode match metadata,0,"F:\MediaStack\data\media\tv\Re - ZERO, Starting Life in Another World\Season 01\Re - ZERO, Starting Life in Another World - S01E19 - Battle Against the White Whale.mkv",,,episode,imdb://tt5989740,,unmatched,Re:ZERO -Starting Life in Another World- – Season 1 – Battle Against the White Whale
missing episode match metadata,0,"F:\MediaStack\data\media\tv\Re - ZERO, Starting Life in Another World\Season 01\Re - ZERO, Starting Life in Another World - S01E20 - Wilhelm van Astrea.mkv",,,episode,imdb://tt5989742,,unmatched,Re:ZERO -Starting Life in Another World- – Season 1 – Wilhelm van Astrea
missing episode match metadata,0,"F:\MediaStack\data\media\tv\Re - ZERO, Starting Life in Another World\Season 01\Re - ZERO, Starting Life in Another World - S01E21 - A Wager That Defies Despair.mkv",,,episode,imdb://tt5989748,,unmatched,Re:ZERO -Starting Life in Another World- – Season 1 – A Wager That Defies Despair
missing episode match metadata,0,"F:\MediaStack\data\media\tv\Re - ZERO, Starting Life in Another World\Season 01\Re - ZERO, Starting Life in Another World - S01E22 - A Flash of Sloth.mkv",,,episode,imdb://tt6011532,,unmatched,Re:ZERO -Starting Life in Another World- – Season 1 – A Flash of Sloth
missing episode match metadata,0,"F:\MediaStack\data\media\tv\Re - ZERO, Starting Life in Another World\Season 01\Re - ZERO, Starting Life in Another World - S01E23 - Nefarious Sloth.mkv",,,episode,imdb://tt6035436,,unmatched,Re:ZERO -Starting Life in Another World- – Season 1 – Nefarious Sloth
missing episode match metadata,0,"F:\MediaStack\data\media\tv\Re - ZERO, Starting Life in Another World\Season 01\Re - ZERO, Starting Life in Another World - S01E24 - The Self-Proclaimed Knight and the Greatest Knight.mkv",,,episode,imdb://tt6035840,,unmatched,Re:ZERO -Starting Life in Another World- – Season 1 – The Self-Proclaimed Knight and the Greatest of Knights
missing episode match metadata,0,"F:\MediaStack\data\media\tv\Re - ZERO, Starting Life in Another World\Season 01\Re - ZERO, Starting Life in Another World - S01E25 - That's All This Story Is About.mkv",,,episode,imdb://tt6051358,,unmatched,Re:ZERO -Starting Life in Another World- – Season 1 – That’s All This Story Is About
missing episode match metadata,0,"F:\MediaStack\data\media\tv\Re - ZERO, Starting Life in Another World\Season 02\Re - ZERO, Starting Life in Another World - S02E01 - Each One's Promise.mkv",,,episode,local://23802,,unmatched,Re:ZERO -Starting Life in Another World- – Season 2 – Episode 1
missing episode match metadata,0,"F:\MediaStack\data\media\tv\Re - ZERO, Starting Life in Another World\Season 02\Re - ZERO, Starting Life in Another World - S02E02 - The Next Location.mkv",,,episode,local://23803,,unmatched,Re:ZERO -Starting Life in Another World- – Season 2 – Episode 2
missing episode match metadata,0,"F:\MediaStack\data\media\tv\Re - ZERO, Starting Life in Another World\Season 02\Re - ZERO, Starting Life in Another World - S02E03 - The Long-Awaited Reunion.mkv",,,episode,local://23804,,unmatched,Re:ZERO -Starting Life in Another World- – Season 2 – Episode 3
missing episode match metadata,0,"F:\MediaStack\data\media\tv\Re - ZERO, Starting Life in Another World\Season 02\Re - ZERO, Starting Life in Another World - S02E04 - Parent and Child.mkv",,,episode,local://23805,,unmatched,Re:ZERO -Starting Life in Another World- – Season 2 – Episode 4
missing episode match metadata,0,"F:\MediaStack\data\media\tv\Re - ZERO, Starting Life in Another World\Season 02\Re - ZERO, Starting Life in Another World - S02E05 - A Step Forward.mkv",,,episode,local://23806,,unmatched,Re:ZERO -Starting Life in Another World- – Season 2 – Episode 5
missing episode match metadata,0,"F:\MediaStack\data\media\tv\Re - ZERO, Starting Life in Another World\Season 02\Re - ZERO, Starting Life in Another World - S02E06 - The Maiden's Gospel.mkv",,,episode,local://23807,,unmatched,Re:ZERO -Starting Life in Another World- – Season 2 – Episode 6
missing episode match metadata,0,"F:\MediaStack\data\media\tv\Re - ZERO, Starting Life in Another World\Season 02\Re - ZERO, Starting Life in Another World - S02E07 - Friend.mkv",,,episode,local://23808,,unmatched,Re:ZERO -Starting Life in Another World- – Season 2 – Episode 7
missing episode match metadata,0,F:\MediaStack\data\media\tv\Parasyte -the maxim-\Season 01\Parasyte -the maxim- - S01E22 - Quiescence and Awakening.mkv,,,episode,imdb://tt4503624,,unmatched,Parasyte -the maxim- – Season 1 – Quiescence and Awakening
missing episode match metadata,0,F:\MediaStack\data\media\tv\Parasyte -the maxim-\Season 01\Parasyte -the maxim- - S01E23 - Life and Oath.mkv,,,episode,imdb://tt4503634,,unmatched,Parasyte -the maxim- – Season 1 – Life and Oath
missing episode match metadata,0,F:\MediaStack\data\media\tv\Parasyte -the maxim-\Season 01\Parasyte -the maxim- - S01E24 - Parasyte.mkv,,,episode,imdb://tt4503630,,unmatched,Parasyte -the maxim- – Season 1 – Parasyte
missing episode match metadata,0,F:\MediaStack\data\media\tv\Pride and Prejudice\Season 01\Pride and Prejudice - S01E01 - Episode 1.mkv,,,episode,imdb://tt1263532,,unmatched,Pride and Prejudice – Season 1 – Episode 1
missing episode match metadata,0,F:\MediaStack\data\media\tv\Pride and Prejudice\Season 01\Pride and Prejudice - S01E02 - Episode 2.mkv,,,episode,imdb://tt1263533,,unmatched,Pride and Prejudice – Season 1 – Episode 2
missing episode match metadata,0,F:\MediaStack\data\media\tv\Pride and Prejudice\Season 01\Pride and Prejudice - S01E03 - Episode 3.mkv,,,episode,imdb://tt1263534,,unmatched,Pride and Prejudice – Season 1 – Episode 3
missing episode match metadata,0,F:\MediaStack\data\media\tv\Pride and Prejudice\Season 01\Pride and Prejudice - S01E04 - Episode 4.mkv,,,episode,imdb://tt1263535,,unmatched,Pride and Prejudice – Season 1 – Episode 4
missing episode match metadata,0,F:\MediaStack\data\media\tv\Pride and Prejudice\Season 01\Pride and Prejudice - S01E05 - Episode 5.mkv,,,episode,imdb://tt1263536,,unmatched,Pride and Prejudice – Season 1 – Episode 5
missing episode match metadata,0,F:\MediaStack\data\media\tv\Pride and Prejudice\Season 01\Pride and Prejudice - S01E06 - Episode 6.mkv,,,episode,imdb://tt1263537,,unmatched,Pride and Prejudice – Season 1 – Episode 6
missing episode match metadata,0,"F:\MediaStack\data\media\tv\Re - ZERO, Starting Life in Another World\Season 01\Re - ZERO, Starting Life in Another World - S01E01 - The End of the Beginning and the Beginning of the End.mkv",,,episode,imdb://tt5610338,,unmatched,Re:ZERO -Starting Life in Another World- – Season 1 – The End of the Beginning and the Beginning of the End
missing episode match metadata,0,"F:\MediaStack\data\media\tv\Re - ZERO, Starting Life in Another World\Season 01\Re - ZERO, Starting Life in Another World - S01E02 - Reunion with the Witch.mkv",,,episode,imdb://tt5610344,,unmatched,Re:ZERO -Starting Life in Another World- – Season 1 – Reunion with the Witch
missing episode match metadata,0,"F:\MediaStack\data\media\tv\Re - ZERO, Starting Life in Another World\Season 01\Re - ZERO, Starting Life in Another World - S01E03 - Starting Life from Zero in Another World.mkv",,,episode,imdb://tt5705706,,unmatched,Re:ZERO -Starting Life in Another World- – Season 1 – Starting Life from Zero in Another World
missing episode match metadata,0,"F:\MediaStack\data\media\tv\Re - ZERO, Starting Life in Another World\Season 01\Re - ZERO, Starting Life in Another World - S01E04 - The Happy Roswaal Mansion Family.mkv",,,episode,imdb://tt5705708,,unmatched,Re:ZERO -Starting Life in Another World- – Season 1 – The Happy Roswaal Mansion Family
missing episode match metadata,0,"F:\MediaStack\data\media\tv\Re - ZERO, Starting Life in Another World\Season 01\Re - ZERO, Starting Life in Another World - S01E05 - The Morning of Our Promise Is Still Distant.mkv",,,episode,imdb://tt5705712,,unmatched,Re:ZERO -Starting Life in Another World- – Season 1 – The Morning of Our Promise Is Still Distant
missing episode match metadata,0,"F:\MediaStack\data\media\tv\Re - ZERO, Starting Life in Another World\Season 01\Re - ZERO, Starting Life in Another World - S01E06 - The Sound of Chains.mkv",,,episode,imdb://tt5705714,,unmatched,Re:ZERO -Starting Life in Another World- – Season 1 – The Sound of Chains
missing episode match metadata,0,"F:\MediaStack\data\media\tv\Re - ZERO, Starting Life in Another World\Season 01\Re - ZERO, Starting Life in Another World - S01E07 - Natsuki Subaru's Restart.mkv",,,episode,imdb://tt5799360,,unmatched,Re:ZERO -Starting Life in Another World- – Season 1 – Natsuki Subaru’s Restart
missing episode match metadata,0,"F:\MediaStack\data\media\tv\Re - ZERO, Starting Life in Another World\Season 01\Re - ZERO, Starting Life in Another World - S01E08 - I Cried, Cried My Lungs Out, and Stopped Crying.mkv",,,episode,imdb://tt5799380,,unmatched,"Re:ZERO -Starting Life in Another World- – Season 1 – I Cried, Cried My Lungs Out, and Stopped Crying"
missing episode match metadata,0,"F:\MediaStack\data\media\tv\Re - ZERO, Starting Life in Another World\Season 01\Re - ZERO, Starting Life in Another World - S01E09 - The Meaning of Courage.mkv",,,episode,imdb://tt5799388,,unmatched,Re:ZERO -Starting Life in Another World- – Season 1 – The Meaning of Courage
missing episode match metadata,0,"F:\MediaStack\data\media\tv\Re - ZERO, Starting Life in Another World\Season 01\Re - ZERO, Starting Life in Another World - S01E10 - Fanatical Methods Like a Demon.mkv",,,episode,imdb://tt5799400,,unmatched,Re:ZERO -Starting Life in Another World- – Season 1 – Demonically Inspired Methods
missing episode match metadata,0,"F:\MediaStack\data\media\tv\Re - ZERO, Starting Life in Another World\Season 01\Re - ZERO, Starting Life in Another World - S01E11 - Rem.mkv",,,episode,imdb://tt5799418,,unmatched,Re:ZERO -Starting Life in Another World- – Season 1 – Rem
missing episode match metadata,0,"F:\MediaStack\data\media\tv\Re - ZERO, Starting Life in Another World\Season 01\Re - ZERO, Starting Life in Another World - S01E12 - Return to the Capital.mkv",,,episode,imdb://tt5799422,,unmatched,Re:ZERO -Starting Life in Another World- – Season 1 – Return to the Capital
missing episode match metadata,0,F:\MediaStack\data\media\tv\P90X\Season 02\P90X - S02E05 - Abs+Core Plus.mp4,,,episode,tmdb://5110909,,unmatched,P90X – Season 2 – Abs Core Plus
missing episode match metadata,0,F:\MediaStack\data\media\tv\Parasyte -the maxim-\Season 01\Parasyte -the maxim- - S01E01 - Metamorphosis.mkv,,,episode,imdb://tt3780376,,unmatched,Parasyte -the maxim- – Season 1 – Metamorphosis
missing episode match metadata,0,F:\MediaStack\data\media\tv\Parasyte -the maxim-\Season 01\Parasyte -the maxim- - S01E02 - Demon in the Flesh.mkv,,,episode,imdb://tt4138046,,unmatched,Parasyte -the maxim- – Season 1 – Demon in the Flesh
missing episode match metadata,0,F:\MediaStack\data\media\tv\Parasyte -the maxim-\Season 01\Parasyte -the maxim- - S01E03 - Feast.mkv,,,episode,imdb://tt4138074,,unmatched,Parasyte -the maxim- – Season 1 – Feast
missing episode match metadata,0,F:\MediaStack\data\media\tv\Parasyte -the maxim-\Season 01\Parasyte -the maxim- - S01E04 - Disheveled Hair.mkv,,,episode,imdb://tt4157908,,unmatched,Parasyte -the maxim- – Season 1 – Disheveled Hair
missing episode match metadata,0,F:\MediaStack\data\media\tv\Parasyte -the maxim-\Season 01\Parasyte -the maxim- - S01E05 - The Stranger.mkv,,,episode,imdb://tt4174568,,unmatched,Parasyte -the maxim- – Season 1 – The Stranger
missing episode match metadata,0,F:\MediaStack\data\media\tv\Parasyte -the maxim-\Season 01\Parasyte -the maxim- - S01E06 - The Sun Also Rises.mkv,,,episode,imdb://tt4194502,,unmatched,Parasyte -the maxim- – Season 1 – The Sun Also Rises
missing episode match metadata,0,F:\MediaStack\data\media\tv\Parasyte -the maxim-\Season 01\Parasyte -the maxim- - S01E07 - Dark Night's Passing.mkv,,,episode,imdb://tt4194512,,unmatched,Parasyte -the maxim- – Season 1 – Dark Night's Passing
missing episode match metadata,0,F:\MediaStack\data\media\tv\Parasyte -the maxim-\Season 01\Parasyte -the maxim- - S01E08 - Freezing Point.mkv,,,episode,imdb://tt4200356,,unmatched,Parasyte -the maxim- – Season 1 – Freezing Point
missing episode match metadata,0,F:\MediaStack\data\media\tv\Parasyte -the maxim-\Season 01\Parasyte -the maxim- - S01E09 - Beyond Good and Evil.mkv,,,episode,imdb://tt4214606,,unmatched,Parasyte -the maxim- – Season 1 – Beyond Good and Evil
missing episode match metadata,0,F:\MediaStack\data\media\tv\Parasyte -the maxim-\Season 01\Parasyte -the maxim- - S01E10 - What Mad Universe.mkv,,,episode,imdb://tt4229818,,unmatched,Parasyte -the maxim- – Season 1 – What Mad Universe
missing episode match metadata,0,F:\MediaStack\data\media\tv\Parasyte -the maxim-\Season 01\Parasyte -the maxim- - S01E11 - The Blue Bird.mkv,,,episode,imdb://tt4229820,,unmatched,Parasyte -the maxim- – Season 1 – The Blue Bird
missing episode match metadata,0,F:\MediaStack\data\media\tv\Parasyte -the maxim-\Season 01\Parasyte -the maxim- - S01E12 - Kokoro.mkv,,,episode,imdb://tt4229822,,unmatched,Parasyte -the maxim- – Season 1 – Kokoro
missing episode match metadata,0,F:\MediaStack\data\media\tv\Parasyte -the maxim-\Season 01\Parasyte -the maxim- - S01E13 - Hello Sadness.mkv,,,episode,imdb://tt4306832,,unmatched,Parasyte -the maxim- – Season 1 – Hello Sadness
missing episode match metadata,0,F:\MediaStack\data\media\tv\Parasyte -the maxim-\Season 01\Parasyte -the maxim- - S01E14 - The Selfish Gene.mkv,,,episode,imdb://tt4306834,,unmatched,Parasyte -the maxim- – Season 1 – The Selfish Gene
missing episode match metadata,0,F:\MediaStack\data\media\tv\Parasyte -the maxim-\Season 01\Parasyte -the maxim- - S01E15 - Something Wicked This Way Comes.mkv,,,episode,imdb://tt4306838,,unmatched,Parasyte -the maxim- – Season 1 – Something Wicked This Way Comes
missing episode match metadata,0,F:\MediaStack\data\media\tv\Parasyte -the maxim-\Season 01\Parasyte -the maxim- - S01E16 - Happy Family.mkv,,,episode,imdb://tt4306840,,unmatched,Parasyte -the maxim- – Season 1 – Happy Family
missing episode match metadata,0,F:\MediaStack\data\media\tv\Parasyte -the maxim-\Season 01\Parasyte -the maxim- - S01E17 - The Adventure of the Dying Detective.mkv,,,episode,imdb://tt4384868,,unmatched,Parasyte -the maxim- – Season 1 – The Adventure of the Dying Detective
missing episode match metadata,0,F:\MediaStack\data\media\tv\Parasyte -the maxim-\Season 01\Parasyte -the maxim- - S01E18 - More Than Human.mkv,,,episode,imdb://tt4384870,,unmatched,Parasyte -the maxim- – Season 1 – More Than Human
missing episode match metadata,0,F:\MediaStack\data\media\tv\Parasyte -the maxim-\Season 01\Parasyte -the maxim- - S01E19 - In Cold Blood.mkv,,,episode,imdb://tt4384874,,unmatched,Parasyte -the maxim- – Season 1 – In Cold Blood
missing episode match metadata,0,F:\MediaStack\data\media\tv\Parasyte -the maxim-\Season 01\Parasyte -the maxim- - S01E20 - Crime and Punishment.mkv,,,episode,imdb://tt4406444,,unmatched,Parasyte -the maxim- – Season 1 – Crime and Punishment
missing episode match metadata,0,F:\MediaStack\data\media\tv\Parasyte -the maxim-\Season 01\Parasyte -the maxim- - S01E21 - Sex and Spirit.mkv,,,episode,imdb://tt4503620,,unmatched,Parasyte -the maxim- – Season 1 – Sex and Spirit
missing episode match metadata,0,F:\MediaStack\data\media\tv\The Office (US)\Season 09\The Office (US) - S09E10 - Lice.mkv,,,episode,imdb://tt2572724,,unmatched,The Office (US) – Season 9 – Lice
missing episode match metadata,0,F:\MediaStack\data\media\tv\The Office (US)\Season 09\The Office (US) - S09E11 - Suit Warehouse.mkv,,,episode,imdb://tt2572726,,unmatched,The Office (US) – Season 9 – Suit Warehouse
missing episode match metadata,0,F:\MediaStack\data\media\tv\The Office (US)\Season 09\The Office (US) - S09E12 - Customer Loyalty.mkv,,,episode,imdb://tt2572728,,unmatched,The Office (US) – Season 9 – Customer Loyalty
missing episode match metadata,0,F:\MediaStack\data\media\tv\The Office (US)\Season 09\The Office (US) - S09E13 - Junior Salesman.mkv,,,episode,imdb://tt2572732,,unmatched,The Office (US) – Season 9 – Junior Salesman
missing episode match metadata,0,F:\MediaStack\data\media\tv\The Office (US)\Season 09\The Office (US) - S09E14 - Vandalism.mkv,,,episode,imdb://tt2572734,,unmatched,The Office (US) – Season 9 – Vandalism
missing episode match metadata,0,F:\MediaStack\data\media\tv\The Office (US)\Season 09\The Office (US) - S09E15 - Couples Discount.mkv,,,episode,imdb://tt2572738,,unmatched,The Office (US) – Season 9 – Couples Discount
missing episode match metadata,0,F:\MediaStack\data\media\tv\The Office (US)\Season 09\The Office (US) - S09E16 - Moving On.mkv,,,episode,imdb://tt2572740,,unmatched,The Office (US) – Season 9 – Moving On
missing episode match metadata,0,F:\MediaStack\data\media\tv\The Office (US)\Season 09\The Office (US) - S09E17 - The Farm.mkv,,,episode,imdb://tt2361870,,unmatched,The Office (US) – Season 9 – The Farm
missing episode match metadata,0,F:\MediaStack\data\media\tv\The Office (US)\Season 09\The Office (US) - S09E18 - Promos.mkv,,,episode,imdb://tt2669734,,unmatched,The Office (US) – Season 9 – Promos
missing episode match metadata,0,F:\MediaStack\data\media\tv\The Office (US)\Season 09\The Office (US) - S09E19 - Stairmageddon.mkv,,,episode,imdb://tt2669736,,unmatched,The Office (US) – Season 9 – Stairmageddon
missing episode match metadata,0,F:\MediaStack\data\media\tv\The Office (US)\Season 09\The Office (US) - S09E20 - Paper Airplane.mkv,,,episode,imdb://tt2669744,,unmatched,The Office (US) – Season 9 – Paper Airplane
missing episode match metadata,0,F:\MediaStack\data\media\tv\The Office (US)\Season 09\The Office (US) - S09E21 - Livin' the Dream.mkv,,,episode,imdb://tt2876480,,unmatched,The Office (US) – Season 9 – Livin' the Dream
missing episode match metadata,0,F:\MediaStack\data\media\tv\The Office (US)\Season 09\The Office (US) - S09E22 - A.A.R.M.mkv,,,episode,imdb://tt2669740,,unmatched,The Office (US) – Season 9 – A.A.R.M.
missing episode match metadata,0,F:\MediaStack\data\media\tv\The Office (US)\Season 09\The Office (US) - S09E23 - Finale.mkv,,,episode,imdb://tt2669746,,unmatched,The Office (US) – Season 9 – Finale
missing episode match metadata,0,F:\MediaStack\data\media\tv\P90X\Season 01\P90X - S01E01 - Chest & Back.mp4,,,episode,tmdb://5110892,,unmatched,P90X – Season 1 – Chest & Back
missing episode match metadata,0,F:\MediaStack\data\media\tv\P90X\Season 01\P90X - S01E02 - Plyometrics.mp4,,,episode,tmdb://5110893,,unmatched,P90X – Season 1 – Plyometrics
missing episode match metadata,0,F:\MediaStack\data\media\tv\P90X\Season 01\P90X - S01E03 - Shoulders & Arms.mp4,,,episode,tmdb://5110894,,unmatched,P90X – Season 1 – Shoulders & Arms
missing episode match metadata,0,F:\MediaStack\data\media\tv\P90X\Season 01\P90X - S01E04 - Yoga X.mp4,,,episode,tmdb://5110895,,unmatched,P90X – Season 1 – Yoga X
missing episode match metadata,0,F:\MediaStack\data\media\tv\P90X\Season 01\P90X - S01E05 - Legs & Back.mp4,,,episode,tmdb://5110896,,unmatched,P90X – Season 1 – Legs & Back
missing episode match metadata,0,F:\MediaStack\data\media\tv\P90X\Season 01\P90X - S01E06 - Kenpo X.mp4,,,episode,tmdb://5110897,,unmatched,P90X – Season 1 – Kenpo X
missing episode match metadata,0,F:\MediaStack\data\media\tv\P90X\Season 01\P90X - S01E07 - X Stretch.mp4,,,episode,tmdb://5110899,,unmatched,P90X – Season 1 – X Stretch
missing episode match metadata,0,F:\MediaStack\data\media\tv\P90X\Season 01\P90X - S01E08 - Core Synergistics.mp4,,,episode,tmdb://5110900,,unmatched,P90X – Season 1 – Core Synergistics
missing episode match metadata,0,"F:\MediaStack\data\media\tv\P90X\Season 01\P90X - S01E09 - Chest, Shoulders & Triceps.mp4",,,episode,tmdb://5110901,,unmatched,"P90X – Season 1 – Chest, Shoulders & Triceps"
missing episode match metadata,0,F:\MediaStack\data\media\tv\P90X\Season 01\P90X - S01E10 - Back & Biceps.mp4,,,episode,tmdb://5110902,,unmatched,P90X – Season 1 – Back & Biceps
missing episode match metadata,0,F:\MediaStack\data\media\tv\P90X\Season 01\P90X - S01E11 - Cardio X.mp4,,,episode,tmdb://5110898,,unmatched,P90X – Season 1 – Cardio X
missing episode match metadata,0,F:\MediaStack\data\media\tv\P90X\Season 01\P90X - S01E12 - Ab Ripper X.mp4,,,episode,tmdb://5110903,,unmatched,P90X – Season 1 – Ab Ripper X
missing episode match metadata,0,F:\MediaStack\data\media\tv\P90X\Season 02\P90X - S02E01 - Interval X Plus.mp4,,,episode,tmdb://5110905,,unmatched,P90X – Season 2 – Interval X Plus
missing episode match metadata,0,F:\MediaStack\data\media\tv\P90X\Season 02\P90X - S02E02 - Kenpo Cardio Plus.mp4,,,episode,tmdb://5110906,,unmatched,P90X – Season 2 – Kenpo Cardio Plus
missing episode match metadata,0,F:\MediaStack\data\media\tv\P90X\Season 02\P90X - S02E03 - Upper Plus.mp4,,,episode,tmdb://5110907,,unmatched,P90X – Season 2 – Upper Plus
missing episode match metadata,0,F:\MediaStack\data\media\tv\P90X\Season 02\P90X - S02E04 - Total Body Plus.mp4,,,episode,tmdb://5110908,,unmatched,P90X – Season 2 – Total Body Plus
missing episode match metadata,0,F:\MediaStack\data\media\tv\The Office (US)\Season 08\The Office (US) - S08E07 - Pam's Replacement.mkv,,,episode,imdb://tt2077604,,unmatched,The Office (US) – Season 8 – Pam's Replacement
missing episode match metadata,0,F:\MediaStack\data\media\tv\The Office (US)\Season 08\The Office (US) - S08E08 - Gettysburg.mkv,,,episode,imdb://tt2071306,,unmatched,The Office (US) – Season 8 – Gettysburg
missing episode match metadata,0,F:\MediaStack\data\media\tv\The Office (US)\Season 08\The Office (US) - S08E09 - Mrs. California.mkv,,,episode,imdb://tt2107510,,unmatched,The Office (US) – Season 8 – Mrs. California
missing episode match metadata,0,F:\MediaStack\data\media\tv\The Office (US)\Season 08\The Office (US) - S08E10 - Christmas Wishes.mkv,,,episode,imdb://tt2113519,,unmatched,The Office (US) – Season 8 – Christmas Wishes
missing episode match metadata,0,F:\MediaStack\data\media\tv\The Office (US)\Season 08\The Office (US) - S08E11 - Trivia.mkv,,,episode,imdb://tt2139249,,unmatched,The Office (US) – Season 8 – Trivia
missing episode match metadata,0,F:\MediaStack\data\media\tv\The Office (US)\Season 08\The Office (US) - S08E12 - Pool Party.mkv,,,episode,imdb://tt2156255,,unmatched,The Office (US) – Season 8 – Pool Party
missing episode match metadata,0,F:\MediaStack\data\media\tv\The Office (US)\Season 08\The Office (US) - S08E13 - Jury Duty.mkv,,,episode,imdb://tt2181631,,unmatched,The Office (US) – Season 8 – Jury Duty
missing episode match metadata,0,F:\MediaStack\data\media\tv\The Office (US)\Season 08\The Office (US) - S08E14 - Special Project.mkv,,,episode,imdb://tt2190001,,unmatched,The Office (US) – Season 8 – Special Project
missing episode match metadata,0,F:\MediaStack\data\media\tv\The Office (US)\Season 08\The Office (US) - S08E15 - Tallahassee.mkv,,,episode,imdb://tt2202113,,unmatched,The Office (US) – Season 8 – Tallahassee
missing episode match metadata,0,F:\MediaStack\data\media\tv\The Office (US)\Season 08\The Office (US) - S08E16 - After Hours.mkv,,,episode,imdb://tt2213999,,unmatched,The Office (US) – Season 8 – After Hours
missing episode match metadata,0,F:\MediaStack\data\media\tv\The Office (US)\Season 08\The Office (US) - S08E17 - Test the Store.mkv,,,episode,imdb://tt2230719,,unmatched,The Office (US) – Season 8 – Test the Store
missing episode match metadata,0,F:\MediaStack\data\media\tv\The Office (US)\Season 08\The Office (US) - S08E18 - Last Day in Florida.mkv,,,episode,imdb://tt2268001,,unmatched,The Office (US) – Season 8 – Last Day in Florida
missing episode match metadata,0,F:\MediaStack\data\media\tv\The Office (US)\Season 08\The Office (US) - S08E19 - Get the Girl.mkv,,,episode,imdb://tt2267999,,unmatched,The Office (US) – Season 8 – Get the Girl
missing episode match metadata,0,F:\MediaStack\data\media\tv\The Office (US)\Season 08\The Office (US) - S08E20 - Welcome Party.mkv,,,episode,imdb://tt2280881,,unmatched,The Office (US) – Season 8 – Welcome Party
missing episode match metadata,0,F:\MediaStack\data\media\tv\The Office (US)\Season 08\The Office (US) - S08E21 - Angry Andy.mkv,,,episode,imdb://tt2362659,,unmatched,The Office (US) – Season 8 – Angry Andy
missing episode match metadata,0,F:\MediaStack\data\media\tv\The Office (US)\Season 08\The Office (US) - S08E22 - Fundraiser.mkv,,,episode,imdb://tt2366113,,unmatched,The Office (US) – Season 8 – Fundraiser
missing episode match metadata,0,F:\MediaStack\data\media\tv\The Office (US)\Season 08\The Office (US) - S08E23 - Turf War.mkv,,,episode,imdb://tt2366115,,unmatched,The Office (US) – Season 8 – Turf War
missing episode match metadata,0,F:\MediaStack\data\media\tv\The Office (US)\Season 08\The Office (US) - S08E24 - Free Family Portrait Studio.mkv,,,episode,imdb://tt2374269,,unmatched,The Office (US) – Season 8 – Free Family Portrait Studio
missing episode match metadata,0,F:\MediaStack\data\media\tv\The Office (US)\Season 09\The Office (US) - S09E01 - New Guys.mkv,,,episode,imdb://tt2240226,,unmatched,The Office (US) – Season 9 – New Guys
missing episode match metadata,0,F:\MediaStack\data\media\tv\The Office (US)\Season 09\The Office (US) - S09E02 - Roy's Wedding.mkv,,,episode,imdb://tt2240224,,unmatched,The Office (US) – Season 9 – Roy's Wedding
missing episode match metadata,0,F:\MediaStack\data\media\tv\The Office (US)\Season 09\The Office (US) - S09E03 - Andy's Ancestry.mkv,,,episode,imdb://tt2359466,,unmatched,The Office (US) – Season 9 – Andy's Ancestry
missing episode match metadata,0,F:\MediaStack\data\media\tv\The Office (US)\Season 09\The Office (US) - S09E04 - Work Bus.mkv,,,episode,imdb://tt2349780,,unmatched,The Office (US) – Season 9 – Work Bus
missing episode match metadata,0,F:\MediaStack\data\media\tv\The Office (US)\Season 09\The Office (US) - S09E05 - Here Comes Treble.mkv,,,episode,imdb://tt2433396,,unmatched,The Office (US) – Season 9 – Here Comes Treble
missing episode match metadata,0,F:\MediaStack\data\media\tv\The Office (US)\Season 09\The Office (US) - S09E06 - The Boat.mkv,,,episode,imdb://tt2435600,,unmatched,The Office (US) – Season 9 – The Boat
missing episode match metadata,0,F:\MediaStack\data\media\tv\The Office (US)\Season 09\The Office (US) - S09E07 - The Whale.mkv,,,episode,imdb://tt2471292,,unmatched,The Office (US) – Season 9 – The Whale
missing episode match metadata,0,F:\MediaStack\data\media\tv\The Office (US)\Season 09\The Office (US) - S09E08 - The Target.mkv,,,episode,imdb://tt2476014,,unmatched,The Office (US) – Season 9 – The Target
missing episode match metadata,0,F:\MediaStack\data\media\tv\The Office (US)\Season 09\The Office (US) - S09E09 - Dwight Christmas.mkv,,,episode,imdb://tt2514850,,unmatched,The Office (US) – Season 9 – Dwight Christmas
missing episode match metadata,0,F:\MediaStack\data\media\tv\The Office (US)\Season 07\The Office (US) - S07E10 - China.mkv,,,episode,imdb://tt1752581,,unmatched,The Office (US) – Season 7 – China
missing episode match metadata,0,F:\MediaStack\data\media\tv\The Office (US)\Season 07\The Office (US) - S07E11 - Classy Christmas (1).mkv,,,episode,tmdb://170285,,unmatched,The Office (US) – Season 7 – Classy Christmas
missing episode match metadata,0,F:\MediaStack\data\media\tv\The Office (US)\Season 07\The Office (US) - S07E12 - Classy Christmas (2).mkv,,,episode,imdb://tt1776740,,unmatched,The Office (US) – Season 7 – Ultimatum
missing episode match metadata,0,F:\MediaStack\data\media\tv\The Office (US)\Season 07\The Office (US) - S07E13 - Ultimatum.mkv,,,episode,imdb://tt1810331,,unmatched,The Office (US) – Season 7 – The Seminar
missing episode match metadata,0,F:\MediaStack\data\media\tv\The Office (US)\Season 07\The Office (US) - S07E14 - The Seminar.mkv,,,episode,imdb://tt1817005,,unmatched,The Office (US) – Season 7 – The Search
missing episode match metadata,0,F:\MediaStack\data\media\tv\The Office (US)\Season 07\The Office (US) - S07E15 - The Search.mkv,,,episode,imdb://tt1817006,,unmatched,The Office (US) – Season 7 – PDA
missing episode match metadata,0,F:\MediaStack\data\media\tv\The Office (US)\Season 07\The Office (US) - S07E16 - PDA.mkv,,,episode,imdb://tt1817007,,unmatched,The Office (US) – Season 7 – Threat Level Midnight
missing episode match metadata,0,F:\MediaStack\data\media\tv\The Office (US)\Season 07\The Office (US) - S07E17 - Threat Level Midnight.mkv,,,episode,imdb://tt1832204,,unmatched,The Office (US) – Season 7 – Todd Packer
missing episode match metadata,0,F:\MediaStack\data\media\tv\The Office (US)\Season 07\The Office (US) - S07E18 - Todd Packer.mkv,,,episode,imdb://tt1833194,,unmatched,The Office (US) – Season 7 – Garage Sale
missing episode match metadata,0,F:\MediaStack\data\media\tv\The Office (US)\Season 07\The Office (US) - S07E19 - Garage Sale.mkv,,,episode,imdb://tt1833195,,unmatched,The Office (US) – Season 7 – Training Day
missing episode match metadata,0,F:\MediaStack\data\media\tv\The Office (US)\Season 07\The Office (US) - S07E20 - Training Day.mkv,,,episode,imdb://tt1833196,,unmatched,The Office (US) – Season 7 – Michael's Last Dundies
missing episode match metadata,0,F:\MediaStack\data\media\tv\The Office (US)\Season 07\The Office (US) - S07E21 - Michael's Last Dundies.mkv,,,episode,imdb://tt1833197,,unmatched,"The Office (US) – Season 7 – Goodbye, Michael"
missing episode match metadata,0,"F:\MediaStack\data\media\tv\The Office (US)\Season 07\The Office (US) - S07E22 - Goodbye, Michael.mkv",,,episode,imdb://tt39173559,,unmatched,The Office (US) – Season 7 – The Inner Circle
missing episode match metadata,0,F:\MediaStack\data\media\tv\The Office (US)\Season 07\The Office (US) - S07E23 - The Inner Circle.mkv,,,episode,imdb://tt1848619,,unmatched,"The Office (US) – Season 7 – Dwight K. Schrute, (Acting) Manager"
missing episode match metadata,0,"F:\MediaStack\data\media\tv\The Office (US)\Season 07\The Office (US) - S07E24 - Dwight K. Schrute, (Acting) Manager.mkv",,,episode,tmdb://170287,,unmatched,The Office (US) – Season 7 – Search Committee
missing episode match metadata,0,F:\MediaStack\data\media\tv\The Office (US)\Season 07\The Office (US) - S07E25 - Search Committee (1).mkv,,,episode,local://24824,,unmatched,The Office (US) – Season 7 – Episode 25
missing episode match metadata,0,F:\MediaStack\data\media\tv\The Office (US)\Season 07\The Office (US) - S07E26 - Search Committee (2).mkv,,,episode,local://24825,,unmatched,The Office (US) – Season 7 – Episode 26
missing episode match metadata,0,F:\MediaStack\data\media\tv\The Office (US)\Season 08\The Office (US) - S08E01 - The List.mkv,,,episode,imdb://tt2000321,,unmatched,The Office (US) – Season 8 – The List
missing episode match metadata,0,F:\MediaStack\data\media\tv\The Office (US)\Season 08\The Office (US) - S08E02 - The Incentive.mkv,,,episode,imdb://tt2051718,,unmatched,The Office (US) – Season 8 – The Incentive
missing episode match metadata,0,F:\MediaStack\data\media\tv\The Office (US)\Season 08\The Office (US) - S08E03 - Lotto.mkv,,,episode,imdb://tt2061513,,unmatched,The Office (US) – Season 8 – Lotto
missing episode match metadata,0,F:\MediaStack\data\media\tv\The Office (US)\Season 08\The Office (US) - S08E04 - Garden Party.mkv,,,episode,imdb://tt2072796,,unmatched,The Office (US) – Season 8 – Garden Party
missing episode match metadata,0,F:\MediaStack\data\media\tv\The Office (US)\Season 08\The Office (US) - S08E05 - Spooked.mkv,,,episode,imdb://tt2074990,,unmatched,The Office (US) – Season 8 – Spooked
missing episode match metadata,0,F:\MediaStack\data\media\tv\The Office (US)\Season 08\The Office (US) - S08E06 - Doomsday.mkv,,,episode,imdb://tt2079359,,unmatched,The Office (US) – Season 8 – Doomsday
missing episode match metadata,0,F:\MediaStack\data\media\tv\The Office (US)\Season 06\The Office (US) - S06E13 - Secret Santa.mkv,,,episode,imdb://tt1564719,,unmatched,The Office (US) – Season 6 – The Banker
missing episode match metadata,0,F:\MediaStack\data\media\tv\The Office (US)\Season 06\The Office (US) - S06E14 - The Banker.mkv,,,episode,imdb://tt1564720,,unmatched,The Office (US) – Season 6 – Sabre
missing episode match metadata,0,F:\MediaStack\data\media\tv\The Office (US)\Season 06\The Office (US) - S06E15 - Sabre.mkv,,,episode,imdb://tt1564721,,unmatched,The Office (US) – Season 6 – The Manager and the Salesman
missing episode match metadata,0,F:\MediaStack\data\media\tv\The Office (US)\Season 06\The Office (US) - S06E16 - Manager and Salesman.mkv,,,episode,imdb://tt1582153,,unmatched,The Office (US) – Season 6 – The Delivery
missing episode match metadata,0,F:\MediaStack\data\media\tv\The Office (US)\Season 06\The Office (US) - S06E17 - The Delivery (1).mkv,,,episode,imdb://tt1589333,,unmatched,The Office (US) – Season 6 – St. Patrick's Day
missing episode match metadata,0,F:\MediaStack\data\media\tv\The Office (US)\Season 06\The Office (US) - S06E18 - The Delivery (2).mkv,,,episode,imdb://tt1589334,,unmatched,The Office (US) – Season 6 – New Leads
missing episode match metadata,0,F:\MediaStack\data\media\tv\The Office (US)\Season 06\The Office (US) - S06E19 - St. Patrick's Day.mkv,,,episode,imdb://tt1589335,,unmatched,The Office (US) – Season 6 – Happy Hour
missing episode match metadata,0,F:\MediaStack\data\media\tv\The Office (US)\Season 06\The Office (US) - S06E20 - New Leads.mkv,,,episode,imdb://tt1589336,,unmatched,The Office (US) – Season 6 – Secretary's Day
missing episode match metadata,0,F:\MediaStack\data\media\tv\The Office (US)\Season 06\The Office (US) - S06E21 - Happy Hour.mkv,,,episode,imdb://tt1589337,,unmatched,The Office (US) – Season 6 – Body Language
missing episode match metadata,0,F:\MediaStack\data\media\tv\The Office (US)\Season 06\The Office (US) - S06E22 - Secretary's Day.mkv,,,episode,imdb://tt1589338,,unmatched,The Office (US) – Season 6 – The Cover-Up
missing episode match metadata,0,F:\MediaStack\data\media\tv\The Office (US)\Season 06\The Office (US) - S06E23 - Body Language.mkv,,,episode,imdb://tt1610228,,unmatched,The Office (US) – Season 6 – The Chump
missing episode match metadata,0,F:\MediaStack\data\media\tv\The Office (US)\Season 06\The Office (US) - S06E24 - The Cover-Up.mkv,,,episode,imdb://tt1610229,,unmatched,The Office (US) – Season 6 – Whistleblower
missing episode match metadata,0,F:\MediaStack\data\media\tv\The Office (US)\Season 06\The Office (US) - S06E25 - The Chump.mkv,,,episode,local://24797,,unmatched,The Office (US) – Season 6 – Episode 25
missing episode match metadata,0,F:\MediaStack\data\media\tv\The Office (US)\Season 06\The Office (US) - S06E26 - Whistleblower.mkv,,,episode,local://24798,,unmatched,The Office (US) – Season 6 – Episode 26
missing episode match metadata,0,F:\MediaStack\data\media\tv\The Office (US)\Season 07\The Office (US) - S07E01 - Nepotism.mkv,,,episode,imdb://tt1691733,,unmatched,The Office (US) – Season 7 – Nepotism
missing episode match metadata,0,F:\MediaStack\data\media\tv\The Office (US)\Season 07\The Office (US) - S07E02 - Counseling.mkv,,,episode,imdb://tt1707764,,unmatched,The Office (US) – Season 7 – Counseling
missing episode match metadata,0,F:\MediaStack\data\media\tv\The Office (US)\Season 07\The Office (US) - S07E03 - Andy's Play.mkv,,,episode,imdb://tt1707765,,unmatched,The Office (US) – Season 7 – Andy's Play
missing episode match metadata,0,F:\MediaStack\data\media\tv\The Office (US)\Season 07\The Office (US) - S07E04 - Sex Ed.mkv,,,episode,imdb://tt1707766,,unmatched,The Office (US) – Season 7 – Sex Ed
missing episode match metadata,0,F:\MediaStack\data\media\tv\The Office (US)\Season 07\The Office (US) - S07E05 - The Sting.mkv,,,episode,imdb://tt1725593,,unmatched,The Office (US) – Season 7 – The Sting
missing episode match metadata,0,F:\MediaStack\data\media\tv\The Office (US)\Season 07\The Office (US) - S07E06 - Costume Contest.mkv,,,episode,imdb://tt1725594,,unmatched,The Office (US) – Season 7 – Costume Contest
missing episode match metadata,0,F:\MediaStack\data\media\tv\The Office (US)\Season 07\The Office (US) - S07E07 - Christening.mkv,,,episode,imdb://tt1724495,,unmatched,The Office (US) – Season 7 – Christening
missing episode match metadata,0,F:\MediaStack\data\media\tv\The Office (US)\Season 07\The Office (US) - S07E08 - Viewing Party.mkv,,,episode,imdb://tt1752582,,unmatched,The Office (US) – Season 7 – Viewing Party
missing episode match metadata,0,F:\MediaStack\data\media\tv\The Office (US)\Season 07\The Office (US) - S07E09 - WUPHF.com.mkv,,,episode,imdb://tt1752583,,unmatched,The Office (US) – Season 7 – WUPHF.com
missing episode match metadata,0,F:\MediaStack\data\media\tv\The Office (US)\Season 05\The Office (US) - S05E15 - Lecture Circuit (2).mkv,,,episode,imdb://tt1248738,,unmatched,The Office (US) – Season 5 – Lecture Circuit (2)
missing episode match metadata,0,F:\MediaStack\data\media\tv\The Office (US)\Season 05\The Office (US) - S05E16 - Blood Drive.mkv,,,episode,imdb://tt1248739,,unmatched,The Office (US) – Season 5 – Blood Drive
missing episode match metadata,0,F:\MediaStack\data\media\tv\The Office (US)\Season 05\The Office (US) - S05E17 - Golden Ticket.mkv,,,episode,imdb://tt1248740,,unmatched,The Office (US) – Season 5 – Golden Ticket
missing episode match metadata,0,F:\MediaStack\data\media\tv\The Office (US)\Season 05\The Office (US) - S05E18 - New Boss.mkv,,,episode,imdb://tt1248741,,unmatched,The Office (US) – Season 5 – New Boss
missing episode match metadata,0,F:\MediaStack\data\media\tv\The Office (US)\Season 05\The Office (US) - S05E19 - Two Weeks.mkv,,,episode,imdb://tt1248742,,unmatched,The Office (US) – Season 5 – Two Weeks
missing episode match metadata,0,F:\MediaStack\data\media\tv\The Office (US)\Season 05\The Office (US) - S05E20 - Dream Team.mkv,,,episode,imdb://tt1248745,,unmatched,The Office (US) – Season 5 – Dream Team
missing episode match metadata,0,F:\MediaStack\data\media\tv\The Office (US)\Season 05\The Office (US) - S05E21 - The Michael Scott Paper Company.mkv,,,episode,imdb://tt1248744,,unmatched,The Office (US) – Season 5 – Michael Scott Paper Company
missing episode match metadata,0,F:\MediaStack\data\media\tv\The Office (US)\Season 05\The Office (US) - S05E22 - Heavy Competition.mkv,,,episode,imdb://tt1248746,,unmatched,The Office (US) – Season 5 – Heavy Competition
missing episode match metadata,0,F:\MediaStack\data\media\tv\The Office (US)\Season 05\The Office (US) - S05E23 - Broke.mkv,,,episode,imdb://tt1268727,,unmatched,The Office (US) – Season 5 – Broke
missing episode match metadata,0,F:\MediaStack\data\media\tv\The Office (US)\Season 05\The Office (US) - S05E24 - Casual Friday.mkv,,,episode,imdb://tt1406712,,unmatched,The Office (US) – Season 5 – Casual Friday
missing episode match metadata,0,F:\MediaStack\data\media\tv\The Office (US)\Season 05\The Office (US) - S05E25 - Cafe Disco.mkv,,,episode,imdb://tt1417507,,unmatched,The Office (US) – Season 5 – Cafe Disco
missing episode match metadata,0,F:\MediaStack\data\media\tv\The Office (US)\Season 05\The Office (US) - S05E26 - Company Picnic.mkv,,,episode,imdb://tt1417732,,unmatched,The Office (US) – Season 5 – Company Picnic
missing episode match metadata,0,F:\MediaStack\data\media\tv\The Office (US)\Season 06\The Office (US) - S06E01 - Gossip.mkv,,,episode,imdb://tt1467798,,unmatched,The Office (US) – Season 6 – Gossip
missing episode match metadata,0,F:\MediaStack\data\media\tv\The Office (US)\Season 06\The Office (US) - S06E02 - The Meeting.mkv,,,episode,imdb://tt1487740,,unmatched,The Office (US) – Season 6 – The Meeting
missing episode match metadata,0,F:\MediaStack\data\media\tv\The Office (US)\Season 06\The Office (US) - S06E03 - The Promotion.mkv,,,episode,imdb://tt1487741,,unmatched,The Office (US) – Season 6 – The Promotion
missing episode match metadata,0,F:\MediaStack\data\media\tv\The Office (US)\Season 06\The Office (US) - S06E04 - Niagara (1).mkv,,,episode,imdb://tt1487742,,unmatched,The Office (US) – Season 6 – Niagara
missing episode match metadata,0,F:\MediaStack\data\media\tv\The Office (US)\Season 06\The Office (US) - S06E05 - Niagara (2).mkv,,,episode,imdb://tt1520196,,unmatched,The Office (US) – Season 6 – Mafia
missing episode match metadata,0,F:\MediaStack\data\media\tv\The Office (US)\Season 06\The Office (US) - S06E06 - Mafia.mkv,,,episode,imdb://tt1520197,,unmatched,The Office (US) – Season 6 – The Lover
missing episode match metadata,0,F:\MediaStack\data\media\tv\The Office (US)\Season 06\The Office (US) - S06E07 - The Lover.mkv,,,episode,imdb://tt1524878,,unmatched,The Office (US) – Season 6 – Koi Pond
missing episode match metadata,0,F:\MediaStack\data\media\tv\The Office (US)\Season 06\The Office (US) - S06E08 - Koi Pond.mkv,,,episode,imdb://tt1531589,,unmatched,The Office (US) – Season 6 – Double Date
missing episode match metadata,0,F:\MediaStack\data\media\tv\The Office (US)\Season 06\The Office (US) - S06E09 - Double Date.mkv,,,episode,imdb://tt1535367,,unmatched,The Office (US) – Season 6 – Murder
missing episode match metadata,0,F:\MediaStack\data\media\tv\The Office (US)\Season 06\The Office (US) - S06E10 - Murder.mkv,,,episode,imdb://tt1536326,,unmatched,The Office (US) – Season 6 – Shareholder Meeting
missing episode match metadata,0,F:\MediaStack\data\media\tv\The Office (US)\Season 06\The Office (US) - S06E11 - Shareholder Meeting.mkv,,,episode,imdb://tt1544466,,unmatched,The Office (US) – Season 6 – Scott's Tots
missing episode match metadata,0,F:\MediaStack\data\media\tv\The Office (US)\Season 06\The Office (US) - S06E12 - Scott's Tots.mkv,,,episode,imdb://tt1548747,,unmatched,The Office (US) – Season 6 – Secret Santa
missing episode match metadata,0,F:\MediaStack\data\media\tv\The Office (US)\Season 04\The Office (US) - S04E11 - Survivor Man.mkv,,,episode,imdb://tt1031450,,unmatched,The Office (US) – Season 4 – Night Out
missing episode match metadata,0,F:\MediaStack\data\media\tv\The Office (US)\Season 04\The Office (US) - S04E12 - The Deposition.mkv,,,episode,imdb://tt1031451,,unmatched,The Office (US) – Season 4 – Did I Stutter?
missing episode match metadata,0,F:\MediaStack\data\media\tv\The Office (US)\Season 04\The Office (US) - S04E13 - Dinner Party.mkv,,,episode,imdb://tt1031452,,unmatched,The Office (US) – Season 4 – Job Fair
missing episode match metadata,0,F:\MediaStack\data\media\tv\The Office (US)\Season 04\The Office (US) - S04E14 - The Chair Model.mkv,,,episode,imdb://tt1031453,,unmatched,The Office (US) – Season 4 – Goodbye Toby
missing episode match metadata,0,F:\MediaStack\data\media\tv\The Office (US)\Season 04\The Office (US) - S04E15 - Night Out.mkv,,,episode,local://24740,,unmatched,The Office (US) – Season 4 – Episode 15
missing episode match metadata,0,F:\MediaStack\data\media\tv\The Office (US)\Season 04\The Office (US) - S04E16 - Did I Stutter.mkv,,,episode,local://24741,,unmatched,The Office (US) – Season 4 – Episode 16
missing episode match metadata,0,F:\MediaStack\data\media\tv\The Office (US)\Season 04\The Office (US) - S04E17 - Job Fair.mkv,,,episode,local://24742,,unmatched,The Office (US) – Season 4 – Episode 17
missing episode match metadata,0,"F:\MediaStack\data\media\tv\The Office (US)\Season 04\The Office (US) - S04E18 - Goodbye, Toby (1).mkv",,,episode,local://25019,,unmatched,The Office (US) – Season 4 – Episode 18
missing episode match metadata,0,"F:\MediaStack\data\media\tv\The Office (US)\Season 04\The Office (US) - S04E19 - Goodbye, Toby (2).mkv",,,episode,local://25020,,unmatched,The Office (US) – Season 4 – Episode 19
missing episode match metadata,0,F:\MediaStack\data\media\tv\The Office (US)\Season 05\The Office (US) - S05E01 - Weight Loss.mkv,,,episode,imdb://tt1236462,,unmatched,The Office (US) – Season 5 – Weight Loss
missing episode match metadata,0,F:\MediaStack\data\media\tv\The Office (US)\Season 05\The Office (US) - S05E02 - Business Ethics.mkv,,,episode,imdb://tt1248743,,unmatched,The Office (US) – Season 5 – Business Ethics
missing episode match metadata,0,F:\MediaStack\data\media\tv\The Office (US)\Season 05\The Office (US) - S05E03 - Baby Shower.mkv,,,episode,imdb://tt1248747,,unmatched,The Office (US) – Season 5 – Baby Shower
missing episode match metadata,0,F:\MediaStack\data\media\tv\The Office (US)\Season 05\The Office (US) - S05E04 - Crime Aid.mkv,,,episode,imdb://tt1248748,,unmatched,The Office (US) – Season 5 – Crime Aid
missing episode match metadata,0,F:\MediaStack\data\media\tv\The Office (US)\Season 05\The Office (US) - S05E05 - Employee Transfer.mkv,,,episode,imdb://tt1248749,,unmatched,The Office (US) – Season 5 – Employee Transfer
missing episode match metadata,0,F:\MediaStack\data\media\tv\The Office (US)\Season 05\The Office (US) - S05E06 - Customer Survey.mkv,,,episode,imdb://tt1248750,,unmatched,The Office (US) – Season 5 – Customer Survey
missing episode match metadata,0,F:\MediaStack\data\media\tv\The Office (US)\Season 05\The Office (US) - S05E07 - Business Trip.mkv,,,episode,imdb://tt1248751,,unmatched,The Office (US) – Season 5 – Business Trip
missing episode match metadata,0,F:\MediaStack\data\media\tv\The Office (US)\Season 05\The Office (US) - S05E08 - Frame Toby.mkv,,,episode,imdb://tt1248752,,unmatched,The Office (US) – Season 5 – Frame Toby
missing episode match metadata,0,F:\MediaStack\data\media\tv\The Office (US)\Season 05\The Office (US) - S05E09 - The Surplus.mkv,,,episode,imdb://tt1248753,,unmatched,The Office (US) – Season 5 – The Surplus
missing episode match metadata,0,F:\MediaStack\data\media\tv\The Office (US)\Season 05\The Office (US) - S05E10 - Moroccan Christmas.mkv,,,episode,imdb://tt1248733,,unmatched,The Office (US) – Season 5 – Moroccan Christmas
missing episode match metadata,0,F:\MediaStack\data\media\tv\The Office (US)\Season 05\The Office (US) - S05E11 - The Duel.mkv,,,episode,imdb://tt1248734,,unmatched,The Office (US) – Season 5 – The Duel
missing episode match metadata,0,F:\MediaStack\data\media\tv\The Office (US)\Season 05\The Office (US) - S05E12 - Prince Family Paper.mkv,,,episode,imdb://tt1248735,,unmatched,The Office (US) – Season 5 – Prince Family Paper
missing episode match metadata,0,F:\MediaStack\data\media\tv\The Office (US)\Season 05\The Office (US) - S05E13 - Stress Relief.mkv,,,episode,imdb://tt1248736,,unmatched,The Office (US) – Season 5 – Stress Relief
missing episode match metadata,0,F:\MediaStack\data\media\tv\The Office (US)\Season 05\The Office (US) - S05E14 - Lecture Circuit (1).mkv,,,episode,imdb://tt1248737,,unmatched,The Office (US) – Season 5 – Lecture Circuit (1)
missing episode match metadata,0,F:\MediaStack\data\media\tv\The Office (US)\Season 03\The Office (US) - S03E11 - Back from Vacation.mkv,,,episode,imdb://tt0918835,,unmatched,The Office (US) – Season 3 – Back from Vacation
missing episode match metadata,0,F:\MediaStack\data\media\tv\The Office (US)\Season 03\The Office (US) - S03E12 - Traveling Salesmen.mkv,,,episode,imdb://tt0934246,,unmatched,The Office (US) – Season 3 – Traveling Salesmen
missing episode match metadata,0,F:\MediaStack\data\media\tv\The Office (US)\Season 03\The Office (US) - S03E13 - The Return.mkv,,,episode,imdb://tt0937879,,unmatched,The Office (US) – Season 3 – The Return
missing episode match metadata,0,F:\MediaStack\data\media\tv\The Office (US)\Season 03\The Office (US) - S03E14 - Ben Franklin.mkv,,,episode,imdb://tt0954759,,unmatched,The Office (US) – Season 3 – Ben Franklin
missing episode match metadata,0,F:\MediaStack\data\media\tv\The Office (US)\Season 03\The Office (US) - S03E15 - Phyllis' Wedding.mkv,,,episode,imdb://tt0962460,,unmatched,The Office (US) – Season 3 – Phyllis' Wedding
missing episode match metadata,0,F:\MediaStack\data\media\tv\The Office (US)\Season 03\The Office (US) - S03E16 - Business School.mkv,,,episode,imdb://tt0964922,,unmatched,The Office (US) – Season 3 – Business School
missing episode match metadata,0,F:\MediaStack\data\media\tv\The Office (US)\Season 03\The Office (US) - S03E17 - Cocktails.mkv,,,episode,imdb://tt0967814,,unmatched,The Office (US) – Season 3 – Cocktails
missing episode match metadata,0,F:\MediaStack\data\media\tv\The Office (US)\Season 03\The Office (US) - S03E18 - The Negotiation.mkv,,,episode,imdb://tt0983623,,unmatched,The Office (US) – Season 3 – The Negotiation
missing episode match metadata,0,F:\MediaStack\data\media\tv\The Office (US)\Season 03\The Office (US) - S03E19 - Safety Training.mkv,,,episode,imdb://tt0966362,,unmatched,The Office (US) – Season 3 – Safety Training
missing episode match metadata,0,F:\MediaStack\data\media\tv\The Office (US)\Season 03\The Office (US) - S03E20 - Product Recall.mkv,,,episode,imdb://tt1008441,,unmatched,The Office (US) – Season 3 – Product Recall
missing episode match metadata,0,F:\MediaStack\data\media\tv\The Office (US)\Season 03\The Office (US) - S03E21 - Women's Appreciation.mkv,,,episode,imdb://tt1020711,,unmatched,The Office (US) – Season 3 – Women's Appreciation
missing episode match metadata,0,F:\MediaStack\data\media\tv\The Office (US)\Season 03\The Office (US) - S03E22 - Beach Games.mkv,,,episode,imdb://tt1028389,,unmatched,The Office (US) – Season 3 – Beach Games
missing episode match metadata,0,F:\MediaStack\data\media\tv\The Office (US)\Season 03\The Office (US) - S03E23 - The Job.mkv,,,episode,imdb://tt1030253,,unmatched,The Office (US) – Season 3 – The Job
missing episode match metadata,0,F:\MediaStack\data\media\tv\The Office (US)\Season 04\The Office (US) - S04E01 - Fun Run (1).mkv,,,episode,tmdb://170244,,unmatched,The Office (US) – Season 4 – Fun Run
missing episode match metadata,0,F:\MediaStack\data\media\tv\The Office (US)\Season 04\The Office (US) - S04E02 - Fun Run (2).mkv,,,episode,imdb://tt1026035,,unmatched,The Office (US) – Season 4 – Dunder Mifflin Infinity
missing episode match metadata,0,F:\MediaStack\data\media\tv\The Office (US)\Season 04\The Office (US) - S04E03 - Dunder Mifflin Infinity (1).mkv,,,episode,tmdb://170248,,unmatched,The Office (US) – Season 4 – Launch Party
missing episode match metadata,0,F:\MediaStack\data\media\tv\The Office (US)\Season 04\The Office (US) - S04E04 - Dunder Mifflin Infinity (2).mkv,,,episode,tmdb://170250,,unmatched,The Office (US) – Season 4 – Money
missing episode match metadata,0,F:\MediaStack\data\media\tv\The Office (US)\Season 04\The Office (US) - S04E05 - Launch Party (1).mkv,,,episode,imdb://tt1031473,,unmatched,The Office (US) – Season 4 – Local Ad
missing episode match metadata,0,F:\MediaStack\data\media\tv\The Office (US)\Season 04\The Office (US) - S04E06 - Launch Party (2).mkv,,,episode,imdb://tt1031474,,unmatched,The Office (US) – Season 4 – Branch Wars
missing episode match metadata,0,F:\MediaStack\data\media\tv\The Office (US)\Season 04\The Office (US) - S04E07 - Money (1).mkv,,,episode,imdb://tt1031475,,unmatched,The Office (US) – Season 4 – Survivor Man
missing episode match metadata,0,F:\MediaStack\data\media\tv\The Office (US)\Season 04\The Office (US) - S04E08 - Money (2).mkv,,,episode,imdb://tt1031476,,unmatched,The Office (US) – Season 4 – The Deposition
missing episode match metadata,0,F:\MediaStack\data\media\tv\The Office (US)\Season 04\The Office (US) - S04E09 - Local Ad.mkv,,,episode,imdb://tt1031477,,unmatched,The Office (US) – Season 4 – Dinner Party
missing episode match metadata,0,F:\MediaStack\data\media\tv\The Office (US)\Season 04\The Office (US) - S04E10 - Branch Wars.mkv,,,episode,imdb://tt1031449,,unmatched,The Office (US) – Season 4 – Chair Model
missing episode match metadata,0,F:\MediaStack\data\media\tv\The Office (US)\Season 02\The Office (US) - S02E06 - The Fight.mkv,,,episode,imdb://tt0664526,,unmatched,The Office (US) – Season 2 – The Fight
missing episode match metadata,0,F:\MediaStack\data\media\tv\The Office (US)\Season 02\The Office (US) - S02E07 - The Client.mkv,,,episode,imdb://tt0664524,,unmatched,The Office (US) – Season 2 – The Client
missing episode match metadata,0,F:\MediaStack\data\media\tv\The Office (US)\Season 02\The Office (US) - S02E08 - Performance Review.mkv,,,episode,imdb://tt0664520,,unmatched,The Office (US) – Season 2 – Performance Review
missing episode match metadata,0,F:\MediaStack\data\media\tv\The Office (US)\Season 02\The Office (US) - S02E09 - Email Surveillance.mkv,,,episode,imdb://tt0664515,,unmatched,The Office (US) – Season 2 – Email Surveillance
missing episode match metadata,0,F:\MediaStack\data\media\tv\The Office (US)\Season 02\The Office (US) - S02E10 - Christmas Party.mkv,,,episode,imdb://tt0664513,,unmatched,The Office (US) – Season 2 – Christmas Party
missing episode match metadata,0,F:\MediaStack\data\media\tv\The Office (US)\Season 02\The Office (US) - S02E11 - Booze Cruise.mkv,,,episode,imdb://tt0664511,,unmatched,The Office (US) – Season 2 – Booze Cruise
missing episode match metadata,0,F:\MediaStack\data\media\tv\The Office (US)\Season 02\The Office (US) - S02E12 - The Injury.mkv,,,episode,imdb://tt0664528,,unmatched,The Office (US) – Season 2 – The Injury
missing episode match metadata,0,F:\MediaStack\data\media\tv\The Office (US)\Season 02\The Office (US) - S02E13 - The Secret.mkv,,,episode,imdb://tt0756967,,unmatched,The Office (US) – Season 2 – The Secret
missing episode match metadata,0,F:\MediaStack\data\media\tv\The Office (US)\Season 02\The Office (US) - S02E14 - The Carpet.mkv,,,episode,imdb://tt0756966,,unmatched,The Office (US) – Season 2 – The Carpet
missing episode match metadata,0,F:\MediaStack\data\media\tv\The Office (US)\Season 02\The Office (US) - S02E15 - Boys And Girls.mkv,,,episode,imdb://tt0664512,,unmatched,The Office (US) – Season 2 – Boys and Girls
missing episode match metadata,0,F:\MediaStack\data\media\tv\The Office (US)\Season 02\The Office (US) - S02E16 - Valentine's Day.mkv,,,episode,imdb://tt0763221,,unmatched,The Office (US) – Season 2 – Valentine's Day
missing episode match metadata,0,F:\MediaStack\data\media\tv\The Office (US)\Season 02\The Office (US) - S02E17 - Dwight's Speech.mkv,,,episode,imdb://tt0770626,,unmatched,The Office (US) – Season 2 – Dwight's Speech
missing episode match metadata,0,F:\MediaStack\data\media\tv\The Office (US)\Season 02\The Office (US) - S02E18 - Take Your Daughter to Work Day.mkv,,,episode,imdb://tt0779510,,unmatched,The Office (US) – Season 2 – Take Your Daughter to Work Day
missing episode match metadata,0,F:\MediaStack\data\media\tv\The Office (US)\Season 02\The Office (US) - S02E19 - Michael's Birthday.mkv,,,episode,imdb://tt0776249,,unmatched,The Office (US) – Season 2 – Michael's Birthday
missing episode match metadata,0,F:\MediaStack\data\media\tv\The Office (US)\Season 02\The Office (US) - S02E20 - Drug Testing.mkv,,,episode,imdb://tt0795874,,unmatched,The Office (US) – Season 2 – Drug Testing
missing episode match metadata,0,F:\MediaStack\data\media\tv\The Office (US)\Season 02\The Office (US) - S02E21 - Conflict Resolution.mkv,,,episode,imdb://tt0796140,,unmatched,The Office (US) – Season 2 – Conflict Resolution
missing episode match metadata,0,F:\MediaStack\data\media\tv\The Office (US)\Season 02\The Office (US) - S02E22 - Casino Night.mkv,,,episode,imdb://tt0800604,,unmatched,The Office (US) – Season 2 – Casino Night
missing episode match metadata,0,F:\MediaStack\data\media\tv\The Office (US)\Season 03\The Office (US) - S03E01 - Gay Witch Hunt.mkv,,,episode,imdb://tt0859444,,unmatched,The Office (US) – Season 3 – Gay Witch Hunt
missing episode match metadata,0,F:\MediaStack\data\media\tv\The Office (US)\Season 03\The Office (US) - S03E02 - The Convention.mkv,,,episode,imdb://tt0859445,,unmatched,The Office (US) – Season 3 – The Convention
missing episode match metadata,0,F:\MediaStack\data\media\tv\The Office (US)\Season 03\The Office (US) - S03E03 - The Coup.mkv,,,episode,imdb://tt0868440,,unmatched,The Office (US) – Season 3 – The Coup
missing episode match metadata,0,F:\MediaStack\data\media\tv\The Office (US)\Season 03\The Office (US) - S03E04 - Grief Counseling.mkv,,,episode,imdb://tt0877241,,unmatched,The Office (US) – Season 3 – Grief Counseling
missing episode match metadata,0,F:\MediaStack\data\media\tv\The Office (US)\Season 03\The Office (US) - S03E05 - Initiation.mkv,,,episode,imdb://tt0873237,,unmatched,The Office (US) – Season 3 – Initiation
missing episode match metadata,0,F:\MediaStack\data\media\tv\The Office (US)\Season 03\The Office (US) - S03E06 - Diwali.mkv,,,episode,imdb://tt0888293,,unmatched,The Office (US) – Season 3 – Diwali
missing episode match metadata,0,F:\MediaStack\data\media\tv\The Office (US)\Season 03\The Office (US) - S03E07 - Branch Closing.mkv,,,episode,imdb://tt0888292,,unmatched,The Office (US) – Season 3 – Branch Closing
missing episode match metadata,0,F:\MediaStack\data\media\tv\The Office (US)\Season 03\The Office (US) - S03E08 - The Merger.mkv,,,episode,imdb://tt0894520,,unmatched,The Office (US) – Season 3 – The Merger
missing episode match metadata,0,F:\MediaStack\data\media\tv\The Office (US)\Season 03\The Office (US) - S03E09 - The Convict.mkv,,,episode,imdb://tt0900677,,unmatched,The Office (US) – Season 3 – The Convict
missing episode match metadata,0,F:\MediaStack\data\media\tv\The Office (US)\Season 03\The Office (US) - S03E10 - A Benihana Christmas.mkv,,,episode,imdb://tt0908674,,unmatched,The Office (US) – Season 3 – A Benihana Christmas
missing episode match metadata,0,F:\MediaStack\data\media\tv\My Hero Academia\Season 08\My Hero Academia - S08E09 - Epilogue + The Hellish Todoroki Family - Final.mkv,,,episode,imdb://tt38954666,,unmatched,"My Hero Academia – Season 8 – Epilogue, The Hellish Todoroki Family: Final"
missing episode match metadata,0,F:\MediaStack\data\media\tv\My Hero Academia\Season 08\My Hero Academia - S08E10 - The Girl Who Loves Smiles.mkv,,,episode,imdb://tt39017059,,unmatched,My Hero Academia – Season 8 – The Girl Who Loves Smiles
missing episode match metadata,0,F:\MediaStack\data\media\tv\My Hero Academia\Season 08\My Hero Academia - S08E11 - My Hero Academia.mkv,,,episode,imdb://tt39017071,,unmatched,My Hero Academia – Season 8 – My Hero Academia
missing episode match metadata,0,F:\MediaStack\data\media\tv\The Office (US)\Specials\The Office (US) - S00E01 - Webisodes - The Accountants.mkv,,,episode,tmdb://170252,,unmatched,The Office (US) – Specials – The Accountants: The Books Don't Balance
missing episode match metadata,0,F:\MediaStack\data\media\tv\The Office (US)\Specials\The Office (US) - S00E02 - Webisodes - Kevin's Bank Loan.mkv,,,episode,tmdb://2413270,,unmatched,The Office (US) – Specials – The Accountants: Phyllis
missing episode match metadata,0,F:\MediaStack\data\media\tv\The Office (US)\Specials\The Office (US) - S00E03 - Webisodes - The Outburst.mkv,,,episode,tmdb://2413272,,unmatched,The Office (US) – Specials – The Accountants: Meredith
missing episode match metadata,0,F:\MediaStack\data\media\tv\The Office (US)\Specials\The Office (US) - S00E04 - Webisodes - Blackmail.mkv,,,episode,tmdb://2413273,,unmatched,The Office (US) – Specials – The Accountants: Stanley
missing episode match metadata,0,F:\MediaStack\data\media\tv\The Office (US)\Specials\The Office (US) - S00E05 - Webisodes - Subtle Sexuality.mkv,,,episode,tmdb://2413274,,unmatched,The Office (US) – Specials – The Accountants: Someone in the Warehouse
missing episode match metadata,0,F:\MediaStack\data\media\tv\The Office (US)\Specials\The Office (US) - S00E06 - Webisodes - The Mentor.mkv,,,episode,tmdb://2413275,,unmatched,The Office (US) – Specials – The Accountants: The Memo
missing episode match metadata,0,F:\MediaStack\data\media\tv\The Office (US)\Specials\The Office (US) - S00E07 - The Pod Caster.mkv,,,episode,tmdb://2413276,,unmatched,The Office (US) – Specials – The Accountants: Things Are Getting Tense
missing episode match metadata,0,F:\MediaStack\data\media\tv\The Office (US)\Specials\The Office (US) - S00E08 - Threat Level Midnight - The Movie.mkv,,,episode,tmdb://2413277,,unmatched,The Office (US) – Specials – The Accountants: You're Mean
missing episode match metadata,0,F:\MediaStack\data\media\tv\The Office (US)\Specials\The Office (US) - S00E09 - Recap Special.mkv,,,episode,tmdb://2413278,,unmatched,The Office (US) – Specials – The Accountants: Michael's Office
missing episode match metadata,0,F:\MediaStack\data\media\tv\The Office (US)\Specials\The Office (US) - S00E10 - Webisodes - The 3rd Floor.mkv,,,episode,tmdb://2413280,,unmatched,The Office (US) – Specials – The Accountants: The Best Day of My Life
missing episode match metadata,0,F:\MediaStack\data\media\tv\The Office (US)\Specials\The Office (US) - S00E11 - Webisodes - The Podcast.mkv,,,episode,tmdb://2301607,,unmatched,The Office (US) – Specials – Season 2 Blooper Reel
missing episode match metadata,0,F:\MediaStack\data\media\tv\The Office (US)\Specials\The Office (US) - S00E12 - Webisodes - The Girl Next Door.mkv,,,episode,tmdb://2301617,,unmatched,The Office (US) – Specials – Season 3 Blooper Reel
missing episode match metadata,0,F:\MediaStack\data\media\tv\The Office (US)\Specials\The Office (US) - S00E13 - The Office Retrospective.mkv,,,episode,tmdb://170255,,unmatched,The Office (US) – Specials – Kevin's Loan: Money Trouble
missing episode match metadata,0,F:\MediaStack\data\media\tv\The Office (US)\Specials\The Office (US) - S00E14 - Season 2 Blooper Reel.mkv,,,episode,tmdb://2413285,,unmatched,The Office (US) – Specials – Kevin's Loan: Malone's Cones
missing episode match metadata,0,F:\MediaStack\data\media\tv\The Office (US)\Season 01\The Office (US) - S01E01 - Pilot.mkv,,,episode,imdb://tt0664521,,unmatched,The Office (US) – Season 1 – Pilot
missing episode match metadata,0,F:\MediaStack\data\media\tv\The Office (US)\Season 01\The Office (US) - S01E02 - Diversity Day.mkv,,,episode,imdb://tt0664514,,unmatched,The Office (US) – Season 1 – Diversity Day
missing episode match metadata,0,F:\MediaStack\data\media\tv\The Office (US)\Season 01\The Office (US) - S01E03 - Health Care.mkv,,,episode,imdb://tt0664517,,unmatched,The Office (US) – Season 1 – Health Care
missing episode match metadata,0,F:\MediaStack\data\media\tv\The Office (US)\Season 01\The Office (US) - S01E04 - The Alliance.mkv,,,episode,imdb://tt0664523,,unmatched,The Office (US) – Season 1 – The Alliance
missing episode match metadata,0,F:\MediaStack\data\media\tv\The Office (US)\Season 01\The Office (US) - S01E05 - Basketball.mkv,,,episode,imdb://tt0664510,,unmatched,The Office (US) – Season 1 – Basketball
missing episode match metadata,0,F:\MediaStack\data\media\tv\The Office (US)\Season 01\The Office (US) - S01E06 - Hot Girl.mkv,,,episode,imdb://tt0664518,,unmatched,The Office (US) – Season 1 – Hot Girl
missing episode match metadata,0,F:\MediaStack\data\media\tv\The Office (US)\Season 02\The Office (US) - S02E01 - The Dundies.mkv,,,episode,imdb://tt0664525,,unmatched,The Office (US) – Season 2 – The Dundies
missing episode match metadata,0,F:\MediaStack\data\media\tv\The Office (US)\Season 02\The Office (US) - S02E02 - Sexual Harassment.mkv,,,episode,imdb://tt0664522,,unmatched,The Office (US) – Season 2 – Sexual Harassment
missing episode match metadata,0,F:\MediaStack\data\media\tv\The Office (US)\Season 02\The Office (US) - S02E03 - Office Olympics.mkv,,,episode,imdb://tt0664519,,unmatched,The Office (US) – Season 2 – Office Olympics
missing episode match metadata,0,F:\MediaStack\data\media\tv\The Office (US)\Season 02\The Office (US) - S02E04 - The Fire.mkv,,,episode,imdb://tt0664527,,unmatched,The Office (US) – Season 2 – The Fire
missing episode match metadata,0,F:\MediaStack\data\media\tv\The Office (US)\Season 02\The Office (US) - S02E05 - Halloween.mkv,,,episode,imdb://tt0664516,,unmatched,The Office (US) – Season 2 – Halloween
missing episode match metadata,0,"F:\MediaStack\data\media\tv\My Hero Academia\Season 07\My Hero Academia - S07E10 - Wounded Hero, Burning Bright and True!!.mkv",,,episode,imdb://tt32472740,,unmatched,"My Hero Academia – Season 7 – Wounded Hero, Burning Bright and True!!"
missing episode match metadata,0,F:\MediaStack\data\media\tv\My Hero Academia\Season 07\My Hero Academia - S07E11 - Light Fades to Rain.mkv,,,episode,imdb://tt32902817,,unmatched,My Hero Academia – Season 7 – Light Fades to Rain
missing episode match metadata,0,"F:\MediaStack\data\media\tv\My Hero Academia\Season 07\My Hero Academia - S07E12 - Those Who Defend, Those Who Violate.mkv",,,episode,imdb://tt32897747,,unmatched,"My Hero Academia – Season 7 – Those Who Defend, Those Who Violate"
missing episode match metadata,0,"F:\MediaStack\data\media\tv\My Hero Academia\Season 07\My Hero Academia - S07E13 - A Chain of Events, Across the Ages.mkv",,,episode,imdb://tt32916106,,unmatched,"My Hero Academia – Season 7 – A Chain of Events, Across the Ages"
missing episode match metadata,0,F:\MediaStack\data\media\tv\My Hero Academia\Season 07\My Hero Academia - S07E14 - Together With Shoji.mkv,,,episode,imdb://tt33076815,,unmatched,My Hero Academia – Season 7 – Together with Shoji
missing episode match metadata,0,F:\MediaStack\data\media\tv\My Hero Academia\Season 07\My Hero Academia - S07E15 - Butterfly Effect.mkv,,,episode,imdb://tt33144470,,unmatched,My Hero Academia – Season 7 – Butterfly Effect
missing episode match metadata,0,F:\MediaStack\data\media\tv\My Hero Academia\Season 07\My Hero Academia - S07E16 - The Chain Thus Far.mkv,,,episode,imdb://tt33164889,,unmatched,My Hero Academia – Season 7 – The Chain Thus Far
missing episode match metadata,0,F:\MediaStack\data\media\tv\My Hero Academia\Season 07\My Hero Academia - S07E17 - Hopes.mkv,,,episode,imdb://tt33307811,,unmatched,My Hero Academia – Season 7 – Hopes
missing episode match metadata,0,F:\MediaStack\data\media\tv\My Hero Academia\Season 07\My Hero Academia - S07E18 - It's a Small World.mkv,,,episode,imdb://tt33309600,,unmatched,My Hero Academia – Season 7 – It's a Small World
missing episode match metadata,0,F:\MediaStack\data\media\tv\My Hero Academia\Season 07\My Hero Academia - S07E19 - I Am Here.mkv,,,episode,imdb://tt33341758,,unmatched,My Hero Academia – Season 7 – I Am Here
missing episode match metadata,0,F:\MediaStack\data\media\tv\My Hero Academia\Season 07\My Hero Academia - S07E20 - A Girl's Ego.mkv,,,episode,imdb://tt33472435,,unmatched,My Hero Academia – Season 7 – A Girl's Ego
missing episode match metadata,0,F:\MediaStack\data\media\tv\My Hero Academia\Season 07\My Hero Academia - S07E21 - Battle Without a Quirk.mkv,,,episode,imdb://tt33472436,,unmatched,My Hero Academia – Season 7 – Battle Without a Quirk
missing episode match metadata,0,F:\MediaStack\data\media\tv\My Hero Academia\Season 08\My Hero Academia - S08E01 - Toshinori Yagi - Rising+Origin.mkv,,,episode,imdb://tt33996608,,unmatched,My Hero Academia – Season 8 – Toshinori Yagi: Rising/Origin
missing episode match metadata,0,"F:\MediaStack\data\media\tv\My Hero Academia\Season 08\My Hero Academia - S08E02 - The End of an Era, and the Beginning.mkv",,,episode,imdb://tt38454754,,unmatched,"My Hero Academia – Season 8 – The End of an Era, and the Beginning"
missing episode match metadata,0,F:\MediaStack\data\media\tv\My Hero Academia\Season 08\My Hero Academia - S08E03 - The Final Boss!!.mkv,,,episode,imdb://tt38599375,,unmatched,My Hero Academia – Season 8 – The Final Boss!!
missing episode match metadata,0,F:\MediaStack\data\media\tv\My Hero Academia\Season 08\My Hero Academia - S08E04 - Quirk - Explosion!!.mkv,,,episode,imdb://tt38672635,,unmatched,My Hero Academia – Season 8 – Quirk: Explosion!!
missing episode match metadata,0,F:\MediaStack\data\media\tv\My Hero Academia\Season 08\My Hero Academia - S08E05 - History's Greatest Villain.mkv,,,episode,imdb://tt38743550,,unmatched,My Hero Academia – Season 8 – History's Greatest Villain
missing episode match metadata,0,"F:\MediaStack\data\media\tv\My Hero Academia\Season 08\My Hero Academia - S08E06 - Wrench It Open, Izuku Midoriya!!.mkv",,,episode,imdb://tt38781372,,unmatched,"My Hero Academia – Season 8 – Wrench It Open, Izuku Midoriya!!"
missing episode match metadata,0,F:\MediaStack\data\media\tv\My Hero Academia\Season 08\My Hero Academia - S08E07 - From Aizawa.mkv,,,episode,imdb://tt38838825,,unmatched,My Hero Academia – Season 8 – From Aizawa
missing episode match metadata,0,F:\MediaStack\data\media\tv\My Hero Academia\Season 08\My Hero Academia - S08E08 - Izuku Midoriya - Rising.mkv,,,episode,imdb://tt38896857,,unmatched,My Hero Academia – Season 8 – Izuku Midoriya: Rising
missing episode match metadata,0,F:\MediaStack\data\media\tv\My Hero Academia\Season 06\My Hero Academia - S06E10 - The Ones Within Us.mkv,,,episode,imdb://tt23985088,,unmatched,My Hero Academia – Season 6 – The Ones Within Us
missing episode match metadata,0,F:\MediaStack\data\media\tv\My Hero Academia\Season 06\My Hero Academia - S06E11 - Dabi's Dance.mkv,,,episode,imdb://tt24017110,,unmatched,My Hero Academia – Season 6 – Dabi's Dance
missing episode match metadata,0,F:\MediaStack\data\media\tv\My Hero Academia\Season 06\My Hero Academia - S06E12 - Threads of Hope.mkv,,,episode,imdb://tt24325896,,unmatched,My Hero Academia – Season 6 – Threads of Hope
missing episode match metadata,0,F:\MediaStack\data\media\tv\My Hero Academia\Season 06\My Hero Academia - S06E13 - Final Performance.mkv,,,episode,imdb://tt24979510,,unmatched,My Hero Academia – Season 6 – Final Performance
missing episode match metadata,0,F:\MediaStack\data\media\tv\My Hero Academia\Season 06\My Hero Academia - S06E14 - Hellish Hell.mkv,,,episode,imdb://tt25052564,,unmatched,My Hero Academia – Season 6 – Hellish Hell
missing episode match metadata,0,F:\MediaStack\data\media\tv\My Hero Academia\Season 06\My Hero Academia - S06E15 - Tartarus.mkv,,,episode,imdb://tt25788844,,unmatched,My Hero Academia – Season 6 – Tartarus
missing episode match metadata,0,"F:\MediaStack\data\media\tv\My Hero Academia\Season 06\My Hero Academia - S06E16 - The Hellish Todoroki Family, Part 2.mkv",,,episode,imdb://tt26235638,,unmatched,"My Hero Academia – Season 6 – The Hellish Todoroki Family, Part 2"
missing episode match metadata,0,F:\MediaStack\data\media\tv\My Hero Academia\Season 06\My Hero Academia - S06E17 - The Wrong Way to Put Out a Fire.mkv,,,episode,imdb://tt26422554,,unmatched,My Hero Academia – Season 6 – The Wrong Way to Put Out a Fire
missing episode match metadata,0,F:\MediaStack\data\media\tv\My Hero Academia\Season 06\My Hero Academia - S06E18 - Izuku Midoriya and Tomura Shigaraki.mkv,,,episode,imdb://tt26472712,,unmatched,My Hero Academia – Season 6 – Izuku Midoriya and Tomura Shigaraki
missing episode match metadata,0,F:\MediaStack\data\media\tv\My Hero Academia\Season 06\My Hero Academia - S06E19 - Full Power!!.mkv,,,episode,imdb://tt26627910,,unmatched,My Hero Academia – Season 6 – Full Power!!
missing episode match metadata,0,F:\MediaStack\data\media\tv\My Hero Academia\Season 06\My Hero Academia - S06E20 - Hired Gun.mkv,,,episode,imdb://tt26691825,,unmatched,My Hero Academia – Season 6 – Hired Gun
missing episode match metadata,0,F:\MediaStack\data\media\tv\My Hero Academia\Season 06\My Hero Academia - S06E21 - The Lovely Lady Nagant.mkv,,,episode,imdb://tt26755132,,unmatched,My Hero Academia – Season 6 – The Lovely Lady Nagant
missing episode match metadata,0,F:\MediaStack\data\media\tv\My Hero Academia\Season 06\My Hero Academia - S06E22 - Friend.mkv,,,episode,imdb://tt26899179,,unmatched,My Hero Academia – Season 6 – Friend
missing episode match metadata,0,F:\MediaStack\data\media\tv\My Hero Academia\Season 06\My Hero Academia - S06E23 - Deku vs. Class A.mkv,,,episode,imdb://tt27005527,,unmatched,My Hero Academia – Season 6 – Deku vs. Class A
missing episode match metadata,0,F:\MediaStack\data\media\tv\My Hero Academia\Season 06\My Hero Academia - S06E24 - A Young Woman's Declaration.mkv,,,episode,imdb://tt27110730,,unmatched,My Hero Academia – Season 6 – A Young Woman's Declaration
missing episode match metadata,0,F:\MediaStack\data\media\tv\My Hero Academia\Season 06\My Hero Academia - S06E25 - No Man Is an Island.mkv,,,episode,imdb://tt27208432,,unmatched,My Hero Academia – Season 6 – No Man Is an Island
missing episode match metadata,0,F:\MediaStack\data\media\tv\My Hero Academia\Season 07\My Hero Academia - S07E01 - In the Nick of Time! A Big-Time Maverick From the West.mkv,,,episode,imdb://tt31107434,,unmatched,My Hero Academia – Season 7 – In the Nick of Time! A Big-Time Maverick from the West
missing episode match metadata,0,F:\MediaStack\data\media\tv\My Hero Academia\Season 07\My Hero Academia - S07E02 - Specter.mkv,,,episode,imdb://tt32179154,,unmatched,My Hero Academia – Season 7 – Specter
missing episode match metadata,0,F:\MediaStack\data\media\tv\My Hero Academia\Season 07\My Hero Academia - S07E03 - Villain.mkv,,,episode,imdb://tt32179162,,unmatched,My Hero Academia – Season 7 – Villain
missing episode match metadata,0,F:\MediaStack\data\media\tv\My Hero Academia\Season 07\My Hero Academia - S07E04 - The Story of How We All Became Heroes.mkv,,,episode,imdb://tt32179165,,unmatched,My Hero Academia – Season 7 – The Story of How We All Became Heroes
missing episode match metadata,0,F:\MediaStack\data\media\tv\My Hero Academia\Season 07\My Hero Academia - S07E05 - Let You Down.mkv,,,episode,imdb://tt32260216,,unmatched,My Hero Academia – Season 7 – Let You Down
missing episode match metadata,0,F:\MediaStack\data\media\tv\My Hero Academia\Season 07\My Hero Academia - S07E06 - Division.mkv,,,episode,imdb://tt32260220,,unmatched,My Hero Academia – Season 7 – Division
missing episode match metadata,0,F:\MediaStack\data\media\tv\My Hero Academia\Season 07\My Hero Academia - S07E07 - Inflation.mkv,,,episode,imdb://tt32328438,,unmatched,My Hero Academia – Season 7 – Inflation
missing episode match metadata,0,F:\MediaStack\data\media\tv\My Hero Academia\Season 07\My Hero Academia - S07E08 - Two Flashfires.mkv,,,episode,imdb://tt32338548,,unmatched,My Hero Academia – Season 7 – Two Flashfires
missing episode match metadata,0,F:\MediaStack\data\media\tv\My Hero Academia\Season 07\My Hero Academia - S07E09 - Extras.mkv,,,episode,imdb://tt32462794,,unmatched,My Hero Academia – Season 7 – Extras
missing episode match metadata,0,F:\MediaStack\data\media\tv\My Hero Academia\Season 05\My Hero Academia - S05E11 - Our Brawl.mkv,,,episode,imdb://tt14773078,,unmatched,My Hero Academia – Season 5 – Our Brawl
missing episode match metadata,0,F:\MediaStack\data\media\tv\My Hero Academia\Season 05\My Hero Academia - S05E12 - The New Power and All For One.mkv,,,episode,imdb://tt14787492,,unmatched,My Hero Academia – Season 5 – The New Power and All For One
missing episode match metadata,0,F:\MediaStack\data\media\tv\My Hero Academia\Season 05\My Hero Academia - S05E13 - Have a Merry Christmas!.mkv,,,episode,imdb://tt14881664,,unmatched,My Hero Academia – Season 5 – Have a Merry Christmas!
missing episode match metadata,0,F:\MediaStack\data\media\tv\My Hero Academia\Season 05\My Hero Academia - S05E14 - Off to Endeavor's Agency!.mkv,,,episode,imdb://tt14880464,,unmatched,My Hero Academia – Season 5 – Off to Endeavor's Agency!
missing episode match metadata,0,F:\MediaStack\data\media\tv\My Hero Academia\Season 05\My Hero Academia - S05E15 - One Thing at a Time.mkv,,,episode,imdb://tt14883966,,unmatched,My Hero Academia – Season 5 – One Thing at a Time
missing episode match metadata,0,"F:\MediaStack\data\media\tv\My Hero Academia\Season 05\My Hero Academia - S05E16 - Long Time No See, Selkie.mkv",,,episode,imdb://tt14883972,,unmatched,"My Hero Academia – Season 5 – Long Time No See, Selkie"
missing episode match metadata,0,F:\MediaStack\data\media\tv\My Hero Academia\Season 05\My Hero Academia - S05E17 - The Hellish Todoroki Family.mkv,,,episode,imdb://tt14883978,,unmatched,My Hero Academia – Season 5 – The Hellish Todoroki Family
missing episode match metadata,0,F:\MediaStack\data\media\tv\My Hero Academia\Season 05\My Hero Academia - S05E18 - The Unforgiven.mkv,,,episode,imdb://tt14883984,,unmatched,My Hero Academia – Season 5 – The Unforgiven
missing episode match metadata,0,F:\MediaStack\data\media\tv\My Hero Academia\Season 05\My Hero Academia - S05E19 - More of a Hero Than Anyone.mkv,,,episode,imdb://tt14883986,,unmatched,My Hero Academia – Season 5 – More of a Hero Than Anyone
missing episode match metadata,0,F:\MediaStack\data\media\tv\My Hero Academia\Season 05\My Hero Academia - S05E20 - My Villain Academia.mkv,,,episode,imdb://tt15270414,,unmatched,My Hero Academia – Season 5 – My Villain Academia
missing episode match metadata,0,F:\MediaStack\data\media\tv\My Hero Academia\Season 05\My Hero Academia - S05E21 - Revival Party.mkv,,,episode,imdb://tt15270022,,unmatched,My Hero Academia – Season 5 – Revival Party
missing episode match metadata,0,F:\MediaStack\data\media\tv\My Hero Academia\Season 05\My Hero Academia - S05E22 - Sad Man's Parade.mkv,,,episode,imdb://tt15327608,,unmatched,My Hero Academia – Season 5 – Sad Man's Parade
missing episode match metadata,0,F:\MediaStack\data\media\tv\My Hero Academia\Season 05\My Hero Academia - S05E23 - Tenko Shimura - Origin.mkv,,,episode,imdb://tt15360920,,unmatched,My Hero Academia – Season 5 – Tenko Shimura: Origin
missing episode match metadata,0,F:\MediaStack\data\media\tv\My Hero Academia\Season 05\My Hero Academia - S05E24 - Tomura Shigaraki - Origin.mkv,,,episode,imdb://tt15409956,,unmatched,My Hero Academia – Season 5 – Tomura Shigaraki: Origin
missing episode match metadata,0,"F:\MediaStack\data\media\tv\My Hero Academia\Season 05\My Hero Academia - S05E25 - The High, Deep Blue Sky.mkv",,,episode,imdb://tt15446624,,unmatched,"My Hero Academia – Season 5 – The High, Deep Blue Sky"
missing episode match metadata,0,F:\MediaStack\data\media\tv\My Hero Academia\Season 06\My Hero Academia - S06E01 - A Quiet Beginning.mkv,,,episode,imdb://tt21362966,,unmatched,My Hero Academia – Season 6 – A Quiet Beginning
missing episode match metadata,0,"F:\MediaStack\data\media\tv\My Hero Academia\Season 06\My Hero Academia - S06E02 - Mirko, the No. 5 Hero.mkv",,,episode,imdb://tt22552078,,unmatched,"My Hero Academia – Season 6 – Mirko, the No. 5 Hero"
missing episode match metadata,0,F:\MediaStack\data\media\tv\My Hero Academia\Season 06\My Hero Academia - S06E03 - One's Justice.mkv,,,episode,imdb://tt22689154,,unmatched,My Hero Academia – Season 6 – One's Justice
missing episode match metadata,0,F:\MediaStack\data\media\tv\My Hero Academia\Season 06\My Hero Academia - S06E04 - Inheritance.mkv,,,episode,imdb://tt22941792,,unmatched,My Hero Academia – Season 6 – Inheritance
missing episode match metadata,0,F:\MediaStack\data\media\tv\My Hero Academia\Season 06\My Hero Academia - S06E05 - The Thrill of Destruction.mkv,,,episode,imdb://tt23128510,,unmatched,My Hero Academia – Season 6 – The Thrill of Destruction
missing episode match metadata,0,"F:\MediaStack\data\media\tv\My Hero Academia\Season 06\My Hero Academia - S06E06 - Encounter, Part 2.mkv",,,episode,imdb://tt23396996,,unmatched,"My Hero Academia – Season 6 – Encounter, Part 2"
missing episode match metadata,0,F:\MediaStack\data\media\tv\My Hero Academia\Season 06\My Hero Academia - S06E07 - Disaster Walker.mkv,,,episode,imdb://tt23653100,,unmatched,My Hero Academia – Season 6 – Disaster Walker
missing episode match metadata,0,F:\MediaStack\data\media\tv\My Hero Academia\Season 06\My Hero Academia - S06E08 - League of Villains vs. U.A. Students.mkv,,,episode,imdb://tt23752282,,unmatched,My Hero Academia – Season 6 – League of Villains vs. U.A. Students
missing episode match metadata,0,F:\MediaStack\data\media\tv\My Hero Academia\Season 06\My Hero Academia - S06E09 - Katsuki Bakugo - Rising.mkv,,,episode,imdb://tt23837284,,unmatched,My Hero Academia – Season 6 – Katsuki Bakugo: Rising
missing episode match metadata,0,F:\MediaStack\data\media\tv\My Hero Academia\Season 04\My Hero Academia - S04E11 - Lemillion.mkv,,,episode,imdb://tt11470614,,unmatched,My Hero Academia – Season 4 – Lemillion
missing episode match metadata,0,F:\MediaStack\data\media\tv\My Hero Academia\Season 04\My Hero Academia - S04E12 - Unforeseen Hope.mkv,,,episode,imdb://tt11474584,,unmatched,My Hero Academia – Season 4 – Unforeseen Hope
missing episode match metadata,0,F:\MediaStack\data\media\tv\My Hero Academia\Season 04\My Hero Academia - S04E13 - Infinite 100%.mkv,,,episode,imdb://tt11488600,,unmatched,My Hero Academia – Season 4 – Infinite 100%
missing episode match metadata,0,F:\MediaStack\data\media\tv\My Hero Academia\Season 04\My Hero Academia - S04E14 - Bright Future.mkv,,,episode,imdb://tt11629136,,unmatched,My Hero Academia – Season 4 – Bright Future
missing episode match metadata,0,F:\MediaStack\data\media\tv\My Hero Academia\Season 04\My Hero Academia - S04E15 - Smoldering Flames.mkv,,,episode,imdb://tt11669458,,unmatched,My Hero Academia – Season 4 – Smoldering Flames
missing episode match metadata,0,F:\MediaStack\data\media\tv\My Hero Academia\Season 04\My Hero Academia - S04E16 - Win Those Kids' Hearts.mkv,,,episode,imdb://tt11673820,,unmatched,My Hero Academia – Season 4 – Win Those Kids’ Hearts
missing episode match metadata,0,F:\MediaStack\data\media\tv\My Hero Academia\Season 04\My Hero Academia - S04E17 - Relief for License Trainees.mkv,,,episode,imdb://tt11717528,,unmatched,My Hero Academia – Season 4 – Relief for License Trainees
missing episode match metadata,0,F:\MediaStack\data\media\tv\My Hero Academia\Season 04\My Hero Academia - S04E18 - School Festival.mkv,,,episode,imdb://tt11753246,,unmatched,My Hero Academia – Season 4 – School Festival
missing episode match metadata,0,F:\MediaStack\data\media\tv\My Hero Academia\Season 04\My Hero Academia - S04E19 - Prepping for the School Festival Is the Funnest Part.mkv,,,episode,imdb://tt11800388,,unmatched,My Hero Academia – Season 4 – Prepping for the School Festival Is the Most Fun Part
missing episode match metadata,0,F:\MediaStack\data\media\tv\My Hero Academia\Season 04\My Hero Academia - S04E20 - Golden Tips Imperial.mkv,,,episode,imdb://tt11836630,,unmatched,My Hero Academia – Season 4 – Gold Tips Imperial
missing episode match metadata,0,F:\MediaStack\data\media\tv\My Hero Academia\Season 04\My Hero Academia - S04E21 - Deku vs. Gentle Criminal.mkv,,,episode,imdb://tt11888390,,unmatched,My Hero Academia – Season 4 – Deku vs. Gentle Criminal
missing episode match metadata,0,F:\MediaStack\data\media\tv\My Hero Academia\Season 04\My Hero Academia - S04E22 - School Festival Start!!.mkv,,,episode,imdb://tt11928130,,unmatched,My Hero Academia – Season 4 – School Festival Start!!
missing episode match metadata,0,F:\MediaStack\data\media\tv\My Hero Academia\Season 04\My Hero Academia - S04E23 - Let It Flow! School Festival!.mkv,,,episode,imdb://tt11966048,,unmatched,My Hero Academia – Season 4 – Let It Flow! School Festival!
missing episode match metadata,0,F:\MediaStack\data\media\tv\My Hero Academia\Season 04\My Hero Academia - S04E24 - Japanese Hero Billboard Chart.mkv,,,episode,imdb://tt12006138,,unmatched,My Hero Academia – Season 4 – Japanese Hero Billboard Chart
missing episode match metadata,0,F:\MediaStack\data\media\tv\My Hero Academia\Season 04\My Hero Academia - S04E25 - His Start.mkv,,,episode,imdb://tt12045824,,unmatched,My Hero Academia – Season 4 – His Start
missing episode match metadata,0,F:\MediaStack\data\media\tv\My Hero Academia\Season 05\My Hero Academia - S05E01 - All Hands on Deck! Class 1-A.mkv,,,episode,imdb://tt14177156,,unmatched,My Hero Academia – Season 5 – All Hands on Deck! Class 1-A
missing episode match metadata,0,F:\MediaStack\data\media\tv\My Hero Academia\Season 05\My Hero Academia - S05E02 - Vestiges.mkv,,,episode,imdb://tt14364042,,unmatched,My Hero Academia – Season 5 – Vestiges
missing episode match metadata,0,F:\MediaStack\data\media\tv\My Hero Academia\Season 05\My Hero Academia - S05E03 - Clash! Class A vs. Class B!.mkv,,,episode,imdb://tt14443398,,unmatched,My Hero Academia – Season 5 – Clash! Class A vs. Class B!
missing episode match metadata,0,"F:\MediaStack\data\media\tv\My Hero Academia\Season 05\My Hero Academia - S05E04 - Make It Happen, Shinso!.mkv",,,episode,imdb://tt14445860,,unmatched,"My Hero Academia – Season 5 – Make It Happen, Shinso!"
missing episode match metadata,0,F:\MediaStack\data\media\tv\My Hero Academia\Season 05\My Hero Academia - S05E05 - Operation New Improv Moves.mkv,,,episode,imdb://tt14471924,,unmatched,My Hero Academia – Season 5 – Operation New Improv Moves
missing episode match metadata,0,F:\MediaStack\data\media\tv\My Hero Academia\Season 05\My Hero Academia - S05E06 - Foresight.mkv,,,episode,imdb://tt14515298,,unmatched,My Hero Academia – Season 5 – Foresight
missing episode match metadata,0,F:\MediaStack\data\media\tv\My Hero Academia\Season 05\My Hero Academia - S05E07 - Match 3.mkv,,,episode,imdb://tt14558200,,unmatched,My Hero Academia – Season 5 – Match 3
missing episode match metadata,0,F:\MediaStack\data\media\tv\My Hero Academia\Season 05\My Hero Academia - S05E08 - Match 3 Conclusion.mkv,,,episode,imdb://tt14605396,,unmatched,My Hero Academia – Season 5 – Match 3 Conclusion
missing episode match metadata,0,F:\MediaStack\data\media\tv\My Hero Academia\Season 05\My Hero Academia - S05E09 - Early Bird!.mkv,,,episode,imdb://tt14650904,,unmatched,My Hero Academia – Season 5 – Early Bird!
missing episode match metadata,0,F:\MediaStack\data\media\tv\My Hero Academia\Season 05\My Hero Academia - S05E10 - That Which Is Inherited.mkv,,,episode,imdb://tt14697046,,unmatched,My Hero Academia – Season 5 – That Which Is Inherited
missing episode match metadata,0,F:\MediaStack\data\media\tv\My Hero Academia\Season 03\My Hero Academia - S03E09 - All For One.mkv,,,episode,imdb://tt8470632,,unmatched,My Hero Academia – Season 3 – All For One
missing episode match metadata,0,F:\MediaStack\data\media\tv\My Hero Academia\Season 03\My Hero Academia - S03E10 - Symbol of Peace.mkv,,,episode,imdb://tt8500172,,unmatched,My Hero Academia – Season 3 – Symbol of Peace
missing episode match metadata,0,F:\MediaStack\data\media\tv\My Hero Academia\Season 03\My Hero Academia - S03E11 - One For All.mkv,,,episode,imdb://tt8527962,,unmatched,My Hero Academia – Season 3 – One For All
missing episode match metadata,0,"F:\MediaStack\data\media\tv\My Hero Academia\Season 03\My Hero Academia - S03E12 - End of the Beginning, Beginning of the End.mkv",,,episode,imdb://tt8527964,,unmatched,"My Hero Academia – Season 3 – End of the Beginning, Beginning of the End"
missing episode match metadata,0,F:\MediaStack\data\media\tv\My Hero Academia\Season 03\My Hero Academia - S03E13 - Moving into Dorms.mkv,,,episode,imdb://tt8527966,,unmatched,My Hero Academia – Season 3 – Moving into Dorms
missing episode match metadata,0,F:\MediaStack\data\media\tv\My Hero Academia\Season 03\My Hero Academia - S03E14 - Create Those Ultimate Moves.mkv,,,episode,imdb://tt8527970,,unmatched,My Hero Academia – Season 3 – Create Those Ultimate Moves
missing episode match metadata,0,F:\MediaStack\data\media\tv\My Hero Academia\Season 03\My Hero Academia - S03E15 - The Test.mkv,,,episode,imdb://tt8527972,,unmatched,My Hero Academia – Season 3 – The Test
missing episode match metadata,0,F:\MediaStack\data\media\tv\My Hero Academia\Season 03\My Hero Academia - S03E16 - Shiketsu High Lurking.mkv,,,episode,imdb://tt8527974,,unmatched,My Hero Academia – Season 3 – Shiketsu High Lurking
missing episode match metadata,0,F:\MediaStack\data\media\tv\My Hero Academia\Season 03\My Hero Academia - S03E17 - Class 1-A.mkv,,,episode,imdb://tt8527976,,unmatched,My Hero Academia – Season 3 – Class 1-A
missing episode match metadata,0,F:\MediaStack\data\media\tv\My Hero Academia\Season 03\My Hero Academia - S03E18 - RUSH!.mkv,,,episode,imdb://tt8729464,,unmatched,My Hero Academia – Season 3 – RUSH!
missing episode match metadata,0,F:\MediaStack\data\media\tv\My Hero Academia\Season 03\My Hero Academia - S03E19 - Rescue Exercises.mkv,,,episode,imdb://tt8729468,,unmatched,My Hero Academia – Season 3 – Rescue Exercises
missing episode match metadata,0,F:\MediaStack\data\media\tv\My Hero Academia\Season 03\My Hero Academia - S03E20 - Special Episode - Save the World with Love!.mkv,,,episode,imdb://tt8729474,,unmatched,My Hero Academia – Season 3 – Special Episode: Save the World with Love!
missing episode match metadata,0,F:\MediaStack\data\media\tv\My Hero Academia\Season 03\My Hero Academia - S03E21 - What's the Big Idea.mkv,,,episode,imdb://tt8828878,,unmatched,My Hero Academia – Season 3 – What’s the Big Idea?
missing episode match metadata,0,F:\MediaStack\data\media\tv\My Hero Academia\Season 03\My Hero Academia - S03E22 - A Talk About Your Quirk.mkv,,,episode,imdb://tt8828886,,unmatched,My Hero Academia – Season 3 – A Talk about Your Quirk
missing episode match metadata,0,"F:\MediaStack\data\media\tv\My Hero Academia\Season 03\My Hero Academia - S03E23 - Deku vs. Kacchan, Part 2.mkv",,,episode,imdb://tt8828896,,unmatched,"My Hero Academia – Season 3 – Deku vs. Kacchan, Part 2"
missing episode match metadata,0,F:\MediaStack\data\media\tv\My Hero Academia\Season 03\My Hero Academia - S03E24 - A Season for Encounters.mkv,,,episode,imdb://tt8828904,,unmatched,My Hero Academia – Season 3 – A Season for Encounters
missing episode match metadata,0,F:\MediaStack\data\media\tv\My Hero Academia\Season 03\My Hero Academia - S03E25 - Unrivaled.mkv,,,episode,imdb://tt8828914,,unmatched,My Hero Academia – Season 3 – Unrivaled
missing episode match metadata,0,F:\MediaStack\data\media\tv\My Hero Academia\Season 04\My Hero Academia - S04E01 - The Scoop on U.A. Class 1-A.mkv,,,episode,imdb://tt10662262,,unmatched,My Hero Academia – Season 4 – The Scoop on U.A. Class 1-A
missing episode match metadata,0,F:\MediaStack\data\media\tv\My Hero Academia\Season 04\My Hero Academia - S04E02 - Overhaul.mkv,,,episode,imdb://tt11075838,,unmatched,My Hero Academia – Season 4 – Overhaul
missing episode match metadata,0,F:\MediaStack\data\media\tv\My Hero Academia\Season 04\My Hero Academia - S04E03 - Boy Meets.mkv,,,episode,imdb://tt11075840,,unmatched,My Hero Academia – Season 4 – Boy Meets…
missing episode match metadata,0,F:\MediaStack\data\media\tv\My Hero Academia\Season 04\My Hero Academia - S04E04 - Fighting Fate.mkv,,,episode,imdb://tt11075842,,unmatched,My Hero Academia – Season 4 – Fighting Fate
missing episode match metadata,0,"F:\MediaStack\data\media\tv\My Hero Academia\Season 04\My Hero Academia - S04E05 - Let's Go, Gutsy Red Riot.mkv",,,episode,imdb://tt11217812,,unmatched,"My Hero Academia – Season 4 – Let’s Go, Gutsy Red Riot"
missing episode match metadata,0,F:\MediaStack\data\media\tv\My Hero Academia\Season 04\My Hero Academia - S04E06 - An Unpleasant Talk.mkv,,,episode,imdb://tt11248004,,unmatched,My Hero Academia – Season 4 – An Unpleasant Talk
missing episode match metadata,0,F:\MediaStack\data\media\tv\My Hero Academia\Season 04\My Hero Academia - S04E07 - GO!!.mkv,,,episode,imdb://tt11248006,,unmatched,My Hero Academia – Season 4 – GO!!
missing episode match metadata,0,F:\MediaStack\data\media\tv\My Hero Academia\Season 04\My Hero Academia - S04E08 - Suneater of the Big Three.mkv,,,episode,imdb://tt11403234,,unmatched,My Hero Academia – Season 4 – Suneater of the Big Three
missing episode match metadata,0,F:\MediaStack\data\media\tv\My Hero Academia\Season 04\My Hero Academia - S04E09 - Red Riot.mkv,,,episode,imdb://tt11440192,,unmatched,My Hero Academia – Season 4 – Red Riot
missing episode match metadata,0,F:\MediaStack\data\media\tv\My Hero Academia\Season 04\My Hero Academia - S04E10 - Temp Squad.mkv,,,episode,imdb://tt11440196,,unmatched,My Hero Academia – Season 4 – Temp Squad
missing episode match metadata,0,F:\MediaStack\data\media\tv\My Hero Academia\Season 02\My Hero Academia - S02E10 - Shoto Todoroki - Origin.mkv,,,episode,imdb://tt6941178,,unmatched,My Hero Academia – Season 2 – Shoto Todoroki: Origin
missing episode match metadata,0,"F:\MediaStack\data\media\tv\My Hero Academia\Season 02\My Hero Academia - S02E11 - Fight On, Iida.mkv",,,episode,imdb://tt6968644,,unmatched,"My Hero Academia – Season 2 – Fight On, Iida"
missing episode match metadata,0,F:\MediaStack\data\media\tv\My Hero Academia\Season 02\My Hero Academia - S02E12 - Todoroki vs. Bakugo.mkv,,,episode,imdb://tt6999046,,unmatched,My Hero Academia – Season 2 – Todoroki vs. Bakugo
missing episode match metadata,0,F:\MediaStack\data\media\tv\My Hero Academia\Season 02\My Hero Academia - S02E13 - Time to Pick Some Names.mkv,,,episode,imdb://tt7059622,,unmatched,My Hero Academia – Season 2 – Time to Pick Some Names
missing episode match metadata,0,F:\MediaStack\data\media\tv\My Hero Academia\Season 02\My Hero Academia - S02E14 - Bizarre! Gran Torino Appears.mkv,,,episode,imdb://tt7060244,,unmatched,My Hero Academia – Season 2 – Bizarre! Gran Torino Appears
missing episode match metadata,0,F:\MediaStack\data\media\tv\My Hero Academia\Season 02\My Hero Academia - S02E15 - Midoriya and Shigaraki.mkv,,,episode,imdb://tt7117836,,unmatched,My Hero Academia – Season 2 – Midoriya and Shigaraki
missing episode match metadata,0,F:\MediaStack\data\media\tv\My Hero Academia\Season 02\My Hero Academia - S02E16 - Hero Killer - Stain vs. U.A. Students.mkv,,,episode,imdb://tt7173282,,unmatched,My Hero Academia – Season 2 – Hero Killer: Stain vs U.A. Students
missing episode match metadata,0,F:\MediaStack\data\media\tv\My Hero Academia\Season 02\My Hero Academia - S02E17 - Climax.mkv,,,episode,imdb://tt7199246,,unmatched,My Hero Academia – Season 2 – Climax
missing episode match metadata,0,F:\MediaStack\data\media\tv\My Hero Academia\Season 02\My Hero Academia - S02E18 - The Aftermath of Hero Killer - Stain.mkv,,,episode,imdb://tt7209232,,unmatched,My Hero Academia – Season 2 – The Aftermath of Hero Killer: Stain
missing episode match metadata,0,F:\MediaStack\data\media\tv\My Hero Academia\Season 02\My Hero Academia - S02E19 - Everyone's Internships.mkv,,,episode,imdb://tt7247290,,unmatched,My Hero Academia – Season 2 – Everyone's Internships
missing episode match metadata,0,F:\MediaStack\data\media\tv\My Hero Academia\Season 02\My Hero Academia - S02E20 - Listen Up!! A Tale from the Past.mkv,,,episode,imdb://tt7247296,,unmatched,My Hero Academia – Season 2 – Listen Up!! A Tale from the Past
missing episode match metadata,0,F:\MediaStack\data\media\tv\My Hero Academia\Season 02\My Hero Academia - S02E21 - Gear Up for Final Exams.mkv,,,episode,imdb://tt7274486,,unmatched,My Hero Academia – Season 2 – Gear up for Final Exams
missing episode match metadata,0,F:\MediaStack\data\media\tv\My Hero Academia\Season 02\My Hero Academia - S02E22 - Yaoyorozu - Rising.mkv,,,episode,imdb://tt7324058,,unmatched,My Hero Academia – Season 2 – Yaoyorozu: Rising
missing episode match metadata,0,F:\MediaStack\data\media\tv\My Hero Academia\Season 02\My Hero Academia - S02E23 - Stripping the Varnish.mkv,,,episode,imdb://tt7381336,,unmatched,My Hero Academia – Season 2 – Stripping the Varnish
missing episode match metadata,0,F:\MediaStack\data\media\tv\My Hero Academia\Season 02\My Hero Academia - S02E24 - Katsuki Bakugo - Origin.mkv,,,episode,imdb://tt7412652,,unmatched,My Hero Academia – Season 2 – Katsuki Bakugo: Origin
missing episode match metadata,0,F:\MediaStack\data\media\tv\My Hero Academia\Season 02\My Hero Academia - S02E25 - Encounter.mkv,,,episode,imdb://tt7412654,,unmatched,My Hero Academia – Season 2 – Encounter
missing episode match metadata,0,F:\MediaStack\data\media\tv\My Hero Academia\Season 03\My Hero Academia - S03E01 - Game Start.mkv,,,episode,imdb://tt7954990,,unmatched,My Hero Academia – Season 3 – Game Start
missing episode match metadata,0,"F:\MediaStack\data\media\tv\My Hero Academia\Season 03\My Hero Academia - S03E02 - Wild, Wild Pussycats.mkv",,,episode,imdb://tt8251060,,unmatched,"My Hero Academia – Season 3 – Wild, Wild Pussycats"
missing episode match metadata,0,F:\MediaStack\data\media\tv\My Hero Academia\Season 03\My Hero Academia - S03E03 - Kota.mkv,,,episode,imdb://tt8283134,,unmatched,My Hero Academia – Season 3 – Kota
missing episode match metadata,0,F:\MediaStack\data\media\tv\My Hero Academia\Season 03\My Hero Academia - S03E04 - My Hero.mkv,,,episode,imdb://tt8345072,,unmatched,My Hero Academia – Season 3 – My Hero
missing episode match metadata,0,"F:\MediaStack\data\media\tv\My Hero Academia\Season 03\My Hero Academia - S03E05 - Drive It Home, Iron Fist!!!.mkv",,,episode,imdb://tt8357954,,unmatched,"My Hero Academia – Season 3 – Drive It Home, Iron Fist!!!"
missing episode match metadata,0,F:\MediaStack\data\media\tv\My Hero Academia\Season 03\My Hero Academia - S03E06 - Roaring Upheaval.mkv,,,episode,imdb://tt8374422,,unmatched,My Hero Academia – Season 3 – Roaring Upheaval
missing episode match metadata,0,F:\MediaStack\data\media\tv\My Hero Academia\Season 03\My Hero Academia - S03E07 - What a Twist!.mkv,,,episode,imdb://tt8407960,,unmatched,My Hero Academia – Season 3 – What a Twist!
missing episode match metadata,0,F:\MediaStack\data\media\tv\My Hero Academia\Season 03\My Hero Academia - S03E08 - From Iida to Midoriya.mkv,,,episode,imdb://tt8438822,,unmatched,My Hero Academia – Season 3 – From Iida to Midoriya
missing episode match metadata,0,F:\MediaStack\data\media\tv\Mob Psycho 100\Season 03\Mob Psycho 100 - S03E10 - Mob 2 ~Rival~.mkv,,,episode,imdb://tt23875764,,unmatched,Mob Psycho 100 – Season 3 – Mob 2 ~Rival~
missing episode match metadata,0,F:\MediaStack\data\media\tv\Mob Psycho 100\Season 03\Mob Psycho 100 - S03E11 - Mob 3 ~Trauma~.mkv,,,episode,imdb://tt23994272,,unmatched,Mob Psycho 100 – Season 3 – Mob 3 ~Trauma~
missing episode match metadata,0,F:\MediaStack\data\media\tv\Mob Psycho 100\Season 03\Mob Psycho 100 - S03E12 - Confession ~The Future~.mkv,,,episode,imdb://tt23994498,,unmatched,Mob Psycho 100 – Season 3 – Confession ~The Future~
missing episode match metadata,0,F:\MediaStack\data\media\tv\My Hero Academia\Season 01\My Hero Academia - S01E01 - Izuku Midoriya - Origin.mkv,,,episode,imdb://tt5632458,,unmatched,My Hero Academia – Season 1 – Izuku Midoriya: Origin
missing episode match metadata,0,F:\MediaStack\data\media\tv\My Hero Academia\Season 01\My Hero Academia - S01E02 - What It Takes to Be a Hero.mkv,,,episode,imdb://tt5632464,,unmatched,My Hero Academia – Season 1 – What It Takes to Be a Hero
missing episode match metadata,0,F:\MediaStack\data\media\tv\My Hero Academia\Season 01\My Hero Academia - S01E03 - Roaring Muscles.mkv,,,episode,imdb://tt5645636,,unmatched,My Hero Academia – Season 1 – Roaring Muscles
missing episode match metadata,0,F:\MediaStack\data\media\tv\My Hero Academia\Season 01\My Hero Academia - S01E04 - Start Line.mkv,,,episode,imdb://tt5647850,,unmatched,My Hero Academia – Season 1 – Start Line
missing episode match metadata,0,F:\MediaStack\data\media\tv\My Hero Academia\Season 01\My Hero Academia - S01E05 - What I Can Do for Now.mkv,,,episode,imdb://tt5647858,,unmatched,My Hero Academia – Season 1 – What I Can Do for Now
missing episode match metadata,0,"F:\MediaStack\data\media\tv\My Hero Academia\Season 01\My Hero Academia - S01E06 - Rage, You Damn Nerd.mkv",,,episode,imdb://tt5647864,,unmatched,"My Hero Academia – Season 1 – Rage, You Damn Nerd"
missing episode match metadata,0,F:\MediaStack\data\media\tv\My Hero Academia\Season 01\My Hero Academia - S01E07 - Deku vs. Kacchan.mkv,,,episode,imdb://tt5647866,,unmatched,My Hero Academia – Season 1 – Deku vs. Kacchan
missing episode match metadata,0,F:\MediaStack\data\media\tv\My Hero Academia\Season 01\My Hero Academia - S01E08 - Bakugo's Start Line.mkv,,,episode,imdb://tt5647868,,unmatched,My Hero Academia – Season 1 – Bakugo’s Start Line
missing episode match metadata,0,"F:\MediaStack\data\media\tv\My Hero Academia\Season 01\My Hero Academia - S01E09 - Yeah, Just Do Your Best, Iida!.mkv",,,episode,imdb://tt5647870,,unmatched,"My Hero Academia – Season 1 – Yeah, Just Do Your Best, Iida!"
missing episode match metadata,0,F:\MediaStack\data\media\tv\My Hero Academia\Season 01\My Hero Academia - S01E10 - Encounter With the Unknown.mkv,,,episode,imdb://tt5647874,,unmatched,My Hero Academia – Season 1 – Encounter with the Unknown
missing episode match metadata,0,F:\MediaStack\data\media\tv\My Hero Academia\Season 01\My Hero Academia - S01E11 - Game Over.mkv,,,episode,imdb://tt5647876,,unmatched,My Hero Academia – Season 1 – Game Over
missing episode match metadata,0,F:\MediaStack\data\media\tv\My Hero Academia\Season 01\My Hero Academia - S01E12 - All Might.mkv,,,episode,imdb://tt5647880,,unmatched,My Hero Academia – Season 1 – All Might
missing episode match metadata,0,F:\MediaStack\data\media\tv\My Hero Academia\Season 01\My Hero Academia - S01E13 - In Each of Our Hearts.mkv,,,episode,imdb://tt5647884,,unmatched,My Hero Academia – Season 1 – In Each of Our Hearts
missing episode match metadata,0,"F:\MediaStack\data\media\tv\My Hero Academia\Season 02\My Hero Academia - S02E01 - That's the Idea, Ochaco.mkv",,,episode,imdb://tt6725308,,unmatched,"My Hero Academia – Season 2 – That’s the Idea, Ochaco"
missing episode match metadata,0,F:\MediaStack\data\media\tv\My Hero Academia\Season 02\My Hero Academia - S02E02 - Roaring Sports Festival.mkv,,,episode,imdb://tt6782928,,unmatched,My Hero Academia – Season 2 – Roaring Sports Festival
missing episode match metadata,0,F:\MediaStack\data\media\tv\My Hero Academia\Season 02\My Hero Academia - S02E03 - In Their Own Quirky Ways.mkv,,,episode,imdb://tt6782936,,unmatched,My Hero Academia – Season 2 – In Their Own Quirky Ways
missing episode match metadata,0,"F:\MediaStack\data\media\tv\My Hero Academia\Season 02\My Hero Academia - S02E04 - Strategy, Strategy, Strategy.mkv",,,episode,imdb://tt6812992,,unmatched,"My Hero Academia – Season 2 – Strategy, Strategy, Strategy"
missing episode match metadata,0,F:\MediaStack\data\media\tv\My Hero Academia\Season 02\My Hero Academia - S02E05 - Cavalry Battle Finale.mkv,,,episode,imdb://tt6815554,,unmatched,My Hero Academia – Season 2 – Cavalry Battle Finale
missing episode match metadata,0,F:\MediaStack\data\media\tv\My Hero Academia\Season 02\My Hero Academia - S02E06 - The Boy Born with Everything.mkv,,,episode,imdb://tt6835306,,unmatched,My Hero Academia – Season 2 – The Boy Born with Everything
missing episode match metadata,0,F:\MediaStack\data\media\tv\My Hero Academia\Season 02\My Hero Academia - S02E07 - Victory or Defeat.mkv,,,episode,imdb://tt6858780,,unmatched,My Hero Academia – Season 2 – Victory or Defeat
missing episode match metadata,0,"F:\MediaStack\data\media\tv\My Hero Academia\Season 02\My Hero Academia - S02E08 - Battle on, Challengers!.mkv",,,episode,imdb://tt6884066,,unmatched,"My Hero Academia – Season 2 – Battle on, Challengers!"
missing episode match metadata,0,F:\MediaStack\data\media\tv\My Hero Academia\Season 02\My Hero Academia - S02E09 - Bakugo vs. Uraraka.mkv,,,episode,imdb://tt6912810,,unmatched,My Hero Academia – Season 2 – Bakugo vs. Uraraka
missing episode match metadata,0,F:\MediaStack\data\media\tv\Mob Psycho 100\Season 01\Mob Psycho 100 - S01E12 - Mob and Reigen ~A Giant Tsuchinoko Appears~.mkv,,,episode,imdb://tt6076750,,unmatched,Mob Psycho 100 – Season 1 – Mob and Reigen ~A Giant Tsuchinoko Appears~
missing episode match metadata,0,F:\MediaStack\data\media\tv\Mob Psycho 100\Season 02\Mob Psycho 100 - S02E01 - Ripped Apart ~Someone Is Watching~.mkv,,,episode,imdb://tt9300038,,unmatched,Mob Psycho 100 – Season 2 – Ripped Apart ~Someone Is Watching~
missing episode match metadata,0,F:\MediaStack\data\media\tv\Mob Psycho 100\Season 02\Mob Psycho 100 - S02E02 - Urban Legends ~Encountering Rumors~.mkv,,,episode,imdb://tt9599670,,unmatched,Mob Psycho 100 – Season 2 – Urban Legends ~Encountering Rumors~
missing episode match metadata,0,F:\MediaStack\data\media\tv\Mob Psycho 100\Season 02\Mob Psycho 100 - S02E03 - One Danger After Another ~Degeneration~.mkv,,,episode,imdb://tt9640514,,unmatched,Mob Psycho 100 – Season 2 – One Danger After Another ~Degeneration~
missing episode match metadata,0,F:\MediaStack\data\media\tv\Mob Psycho 100\Season 02\Mob Psycho 100 - S02E04 - Inside ~Evil Spirit~.mkv,,,episode,imdb://tt9680128,,unmatched,Mob Psycho 100 – Season 2 – Inside ~Evil Spirit~
missing episode match metadata,0,F:\MediaStack\data\media\tv\Mob Psycho 100\Season 02\Mob Psycho 100 - S02E05 - Discord ~Choices~.mkv,,,episode,imdb://tt9723998,,unmatched,Mob Psycho 100 – Season 2 – Discord ~Choices~
missing episode match metadata,0,"F:\MediaStack\data\media\tv\Mob Psycho 100\Season 02\Mob Psycho 100 - S02E06 - Poor, Lonely, Whitey.mkv",,,episode,imdb://tt9766676,,unmatched,"Mob Psycho 100 – Season 2 – Poor, Lonely, Whitey"
missing episode match metadata,0,F:\MediaStack\data\media\tv\Mob Psycho 100\Season 02\Mob Psycho 100 - S02E07 - Cornered ~True Identity~.mkv,,,episode,imdb://tt9766682,,unmatched,Mob Psycho 100 – Season 2 – Cornered ~True Identity~
missing episode match metadata,0,F:\MediaStack\data\media\tv\Mob Psycho 100\Season 02\Mob Psycho 100 - S02E08 - Even Then ~Continue Forward~.mkv,,,episode,imdb://tt9842112,,unmatched,Mob Psycho 100 – Season 2 – Even Then ~Continue Forward~
missing episode match metadata,0,F:\MediaStack\data\media\tv\Mob Psycho 100\Season 02\Mob Psycho 100 - S02E09 - Show Me What You've Got ~Band Together~.mkv,,,episode,imdb://tt9880392,,unmatched,Mob Psycho 100 – Season 2 – Show Me What You've Got ~Band Together~
missing episode match metadata,0,F:\MediaStack\data\media\tv\Mob Psycho 100\Season 02\Mob Psycho 100 - S02E10 - Collision ~Power Type~.mkv,,,episode,imdb://tt10009134,,unmatched,Mob Psycho 100 – Season 2 – Collision ~Power Type~
missing episode match metadata,0,F:\MediaStack\data\media\tv\Mob Psycho 100\Season 02\Mob Psycho 100 - S02E11 - Guidance ~Psychic Sensor~.mkv,,,episode,imdb://tt10009140,,unmatched,Mob Psycho 100 – Season 2 – Guidance ~Psychic Sensor~
missing episode match metadata,0,F:\MediaStack\data\media\tv\Mob Psycho 100\Season 02\Mob Psycho 100 - S02E12 - Battle for Social Rehabilitation ~Friendship~.mkv,,,episode,imdb://tt10115062,,unmatched,Mob Psycho 100 – Season 2 – The Battle for Social Rehabilitation ~Friendship~
missing episode match metadata,0,F:\MediaStack\data\media\tv\Mob Psycho 100\Season 02\Mob Psycho 100 - S02E13 - Boss Fight ~The Final Light~.mkv,,,episode,imdb://tt10079058,,unmatched,Mob Psycho 100 – Season 2 – Boss Fight ~The Final Light~
missing episode match metadata,0,F:\MediaStack\data\media\tv\Mob Psycho 100\Season 03\Mob Psycho 100 - S03E01 - Future ~Career Paths~.mkv,,,episode,imdb://tt21362990,,unmatched,Mob Psycho 100 – Season 3 – Future ~Career Paths~
missing episode match metadata,0,F:\MediaStack\data\media\tv\Mob Psycho 100\Season 03\Mob Psycho 100 - S03E02 - Yokai Hunter Amakusa Haruaki Appears! ~The Threat of a Hundred Demons!!~.mkv,,,episode,imdb://tt22500204,,unmatched,Mob Psycho 100 – Season 3 – Yokai Hunter Amakusa Haruaki Appears! ~The Threat of a Hundred Demons!!~
missing episode match metadata,0,F:\MediaStack\data\media\tv\Mob Psycho 100\Season 03\Mob Psycho 100 - S03E03 - Getting Carried Away ~100%~.mkv,,,episode,imdb://tt22496160,,unmatched,Mob Psycho 100 – Season 3 – Getting Carried Away ~100%~
missing episode match metadata,0,F:\MediaStack\data\media\tv\Mob Psycho 100\Season 03\Mob Psycho 100 - S03E04 - Divine Tree 1 ~The Founder Appears~.mkv,,,episode,imdb://tt22865140,,unmatched,Mob Psycho 100 – Season 3 – Divine Tree 1 ~The Founder Appears~
missing episode match metadata,0,F:\MediaStack\data\media\tv\Mob Psycho 100\Season 03\Mob Psycho 100 - S03E05 - Divine Tree 2 ~Peace~.mkv,,,episode,imdb://tt23018608,,unmatched,Mob Psycho 100 – Season 3 – Divine Tree 2 ~Peace~
missing episode match metadata,0,F:\MediaStack\data\media\tv\Mob Psycho 100\Season 03\Mob Psycho 100 - S03E06 - Divine Tree 3 ~Dimple Is~.mkv,,,episode,imdb://tt23018612,,unmatched,Mob Psycho 100 – Season 3 – Divine Tree 3 ~Dimple Is~
missing episode match metadata,0,F:\MediaStack\data\media\tv\Mob Psycho 100\Season 03\Mob Psycho 100 - S03E07 - Transmission 1 ~Winter Break~.mkv,,,episode,imdb://tt23018616,,unmatched,Mob Psycho 100 – Season 3 – Transmission 1 ~Winter Break~
missing episode match metadata,0,F:\MediaStack\data\media\tv\Mob Psycho 100\Season 03\Mob Psycho 100 - S03E08 - Transmission 2 ~Encountering the Unknown~.mkv,,,episode,imdb://tt23722424,,unmatched,Mob Psycho 100 – Season 3 – Transmission 2 ~Encountering the Unknown~
missing episode match metadata,0,F:\MediaStack\data\media\tv\Mob Psycho 100\Season 03\Mob Psycho 100 - S03E09 - Mob 1 ~Moving~.mkv,,,episode,imdb://tt23793514,,unmatched,Mob Psycho 100 – Season 3 – Mob 1 ~Moving~
missing episode match metadata,0,"F:\MediaStack\data\media\tv\JUJUTSU KAISEN\Season 02\JUJUTSU KAISEN - S02E22 - Metamorphosis, Part 2.mkv",,,episode,local://23483,,unmatched,JUJUTSU KAISEN – Season 2 – Episode 22
missing episode match metadata,0,"F:\MediaStack\data\media\tv\JUJUTSU KAISEN\Season 02\JUJUTSU KAISEN - S02E23 - Shibuya Incident - Gate, Close.mkv",,,episode,local://23484,,unmatched,JUJUTSU KAISEN – Season 2 – Episode 23
missing episode match metadata,0,F:\MediaStack\data\media\tv\JUJUTSU KAISEN\Season 03\JUJUTSU KAISEN - S03E01 - Execution.mkv,,,episode,local://23486,,unmatched,JUJUTSU KAISEN – Season 3 – Episode 1
missing episode match metadata,0,F:\MediaStack\data\media\tv\JUJUTSU KAISEN\Season 03\JUJUTSU KAISEN - S03E02 - One More Time.mkv,,,episode,local://23487,,unmatched,JUJUTSU KAISEN – Season 3 – Episode 2
missing episode match metadata,0,F:\MediaStack\data\media\tv\JUJUTSU KAISEN\Season 03\JUJUTSU KAISEN - S03E03 - About the Culling Game.mkv,,,episode,local://23488,,unmatched,JUJUTSU KAISEN – Season 3 – Episode 3
missing episode match metadata,0,F:\MediaStack\data\media\tv\JUJUTSU KAISEN\Season 03\JUJUTSU KAISEN - S03E04 - Perfect Preparation.mkv,,,episode,local://23489,,unmatched,JUJUTSU KAISEN – Season 3 – Episode 4
missing episode match metadata,0,F:\MediaStack\data\media\tv\JUJUTSU KAISEN\Season 03\JUJUTSU KAISEN - S03E05 - Passion.mkv,,,episode,local://23490,,unmatched,JUJUTSU KAISEN – Season 3 – Episode 5
missing episode match metadata,0,F:\MediaStack\data\media\tv\JUJUTSU KAISEN\Season 03\JUJUTSU KAISEN - S03E06 - Cog.mkv,,,episode,local://23491,,unmatched,JUJUTSU KAISEN – Season 3 – Episode 6
missing episode match metadata,0,F:\MediaStack\data\media\tv\JUJUTSU KAISEN\Season 03\JUJUTSU KAISEN - S03E07 - Tokyo Colony No. 1.mkv,,,episode,local://23492,,unmatched,JUJUTSU KAISEN – Season 3 – Episode 7
missing episode match metadata,0,"F:\MediaStack\data\media\tv\JUJUTSU KAISEN\Season 03\JUJUTSU KAISEN - S03E08 - Tokyo Colony No. 1, Part 2.mkv",,,episode,local://23493,,unmatched,JUJUTSU KAISEN – Season 3 – Episode 8
missing episode match metadata,0,"F:\MediaStack\data\media\tv\JUJUTSU KAISEN\Season 03\JUJUTSU KAISEN - S03E09 - Tokyo Colony No. 1, Part 3.mkv",,,episode,local://23494,,unmatched,JUJUTSU KAISEN – Season 3 – Episode 9
missing episode match metadata,0,F:\MediaStack\data\media\tv\Mob Psycho 100\Season 01\Mob Psycho 100 - S01E01 - Self-Proclaimed Psychic - Reigen Arataka ~And Mob~.mkv,,,episode,imdb://tt6014452,,unmatched,Mob Psycho 100 – Season 1 – Self-Proclaimed Psychic: Reigen Arataka ~And Mob~
missing episode match metadata,0,F:\MediaStack\data\media\tv\Mob Psycho 100\Season 01\Mob Psycho 100 - S01E02 - Doubts about Youth ~The Telepathy Club Appears~.mkv,,,episode,imdb://tt6015858,,unmatched,Mob Psycho 100 – Season 1 – Doubts About Youth ~The Telepathy Club Appears~
missing episode match metadata,0,"F:\MediaStack\data\media\tv\Mob Psycho 100\Season 01\Mob Psycho 100 - S01E03 - An Invitation to a Meeting ~Simply Put, I Just Want to be Popular~.mkv",,,episode,imdb://tt6015860,,unmatched,"Mob Psycho 100 – Season 1 – An Invite to a Meeting ~Simply Put, I Just Want to Be Popular~"
missing episode match metadata,0,F:\MediaStack\data\media\tv\Mob Psycho 100\Season 01\Mob Psycho 100 - S01E04 - Idiots Only Event ~Kin~.mkv,,,episode,imdb://tt6015862,,unmatched,Mob Psycho 100 – Season 1 – Idiots Only Event ~Kin~
missing episode match metadata,0,F:\MediaStack\data\media\tv\Mob Psycho 100\Season 01\Mob Psycho 100 - S01E05 - OCHIMUSHA ~Psychic Powers and Me~.mkv,,,episode,imdb://tt6015864,,unmatched,Mob Psycho 100 – Season 1 – OCHIMUSHA ~Psychic Powers and Me~
missing episode match metadata,0,F:\MediaStack\data\media\tv\Mob Psycho 100\Season 01\Mob Psycho 100 - S01E06 - Discord ~To Become One~.mkv,,,episode,imdb://tt6015866,,unmatched,Mob Psycho 100 – Season 1 – Discord ~To Become One~
missing episode match metadata,0,F:\MediaStack\data\media\tv\Mob Psycho 100\Season 01\Mob Psycho 100 - S01E07 - Exaltation ~I've Obtained Loss~.mkv,,,episode,imdb://tt6015868,,unmatched,Mob Psycho 100 – Season 1 – Exaltation ~I've Obtained Loss~
missing episode match metadata,0,F:\MediaStack\data\media\tv\Mob Psycho 100\Season 01\Mob Psycho 100 - S01E08 - The Older Brother Bows ~Destructive Intent~.mkv,,,episode,imdb://tt6014450,,unmatched,Mob Psycho 100 – Season 1 – The Older Brother Bows ~Destructive Intent~
missing episode match metadata,0,F:\MediaStack\data\media\tv\Mob Psycho 100\Season 01\Mob Psycho 100 - S01E09 - Claw ~7th Division~.mkv,,,episode,imdb://tt6015872,,unmatched,Mob Psycho 100 – Season 1 – Claw ~7th Division~
missing episode match metadata,0,F:\MediaStack\data\media\tv\Mob Psycho 100\Season 01\Mob Psycho 100 - S01E10 - The Heinous Aura ~Mastermind~.mkv,,,episode,imdb://tt6076712,,unmatched,Mob Psycho 100 – Season 1 – The Heinous Aura ~Mastermind~
missing episode match metadata,0,F:\MediaStack\data\media\tv\Mob Psycho 100\Season 01\Mob Psycho 100 - S01E11 - Master ~Leader~.mkv,,,episode,imdb://tt6076714,,unmatched,Mob Psycho 100 – Season 1 – Master ~Leader~
missing episode match metadata,0,F:\MediaStack\data\media\tv\JUJUTSU KAISEN\Season 01\JUJUTSU KAISEN - S01E20 - Nonstandard.mkv,,,episode,imdb://tt14134754,,unmatched,JUJUTSU KAISEN – Season 1 – Nonstandard
missing episode match metadata,0,F:\MediaStack\data\media\tv\JUJUTSU KAISEN\Season 01\JUJUTSU KAISEN - S01E21 - Jujutsu Koshien.mkv,,,episode,imdb://tt14173780,,unmatched,JUJUTSU KAISEN – Season 1 – Jujutsu Koshien
missing episode match metadata,0,F:\MediaStack\data\media\tv\JUJUTSU KAISEN\Season 01\JUJUTSU KAISEN - S01E22 - The Origin of Blind Obedience.mkv,,,episode,imdb://tt14180466,,unmatched,JUJUTSU KAISEN – Season 1 – The Origin of Blind Obedience
missing episode match metadata,0,F:\MediaStack\data\media\tv\JUJUTSU KAISEN\Season 01\JUJUTSU KAISEN - S01E23 - The Origin of Blind Obedience - 2.mkv,,,episode,imdb://tt14191372,,unmatched,JUJUTSU KAISEN – Season 1 – The Origin of Blind Obedience -II-
missing episode match metadata,0,F:\MediaStack\data\media\tv\JUJUTSU KAISEN\Season 01\JUJUTSU KAISEN - S01E24 - Accomplices.mkv,,,episode,imdb://tt14217976,,unmatched,JUJUTSU KAISEN – Season 1 – Accomplices
missing episode match metadata,0,F:\MediaStack\data\media\tv\JUJUTSU KAISEN\Season 02\JUJUTSU KAISEN - S02E01 - Hidden Inventory.mkv,,,episode,local://23462,,unmatched,JUJUTSU KAISEN – Season 2 – Episode 1
missing episode match metadata,0,F:\MediaStack\data\media\tv\JUJUTSU KAISEN\Season 02\JUJUTSU KAISEN - S02E02 - Hidden Inventory 2.mkv,,,episode,local://23463,,unmatched,JUJUTSU KAISEN – Season 2 – Episode 2
missing episode match metadata,0,F:\MediaStack\data\media\tv\JUJUTSU KAISEN\Season 02\JUJUTSU KAISEN - S02E03 - Hidden Inventory 3.mkv,,,episode,local://23464,,unmatched,JUJUTSU KAISEN – Season 2 – Episode 3
missing episode match metadata,0,F:\MediaStack\data\media\tv\JUJUTSU KAISEN\Season 02\JUJUTSU KAISEN - S02E04 - Hidden Inventory 4.mkv,,,episode,local://23465,,unmatched,JUJUTSU KAISEN – Season 2 – Episode 4
missing episode match metadata,0,F:\MediaStack\data\media\tv\JUJUTSU KAISEN\Season 02\JUJUTSU KAISEN - S02E05 - Premature Death.mkv,,,episode,local://23466,,unmatched,JUJUTSU KAISEN – Season 2 – Episode 5
missing episode match metadata,0,F:\MediaStack\data\media\tv\JUJUTSU KAISEN\Season 02\JUJUTSU KAISEN - S02E06 - It's Like That.mkv,,,episode,local://23467,,unmatched,JUJUTSU KAISEN – Season 2 – Episode 6
missing episode match metadata,0,F:\MediaStack\data\media\tv\JUJUTSU KAISEN\Season 02\JUJUTSU KAISEN - S02E07 - Evening Festival.mkv,,,episode,local://23468,,unmatched,JUJUTSU KAISEN – Season 2 – Episode 7
missing episode match metadata,0,F:\MediaStack\data\media\tv\JUJUTSU KAISEN\Season 02\JUJUTSU KAISEN - S02E08 - Shibuya Incident.mkv,,,episode,local://23469,,unmatched,JUJUTSU KAISEN – Season 2 – Episode 8
missing episode match metadata,0,"F:\MediaStack\data\media\tv\JUJUTSU KAISEN\Season 02\JUJUTSU KAISEN - S02E09 - Shibuya Incident - Gate, Open.mkv",,,episode,local://23470,,unmatched,JUJUTSU KAISEN – Season 2 – Episode 9
missing episode match metadata,0,F:\MediaStack\data\media\tv\JUJUTSU KAISEN\Season 02\JUJUTSU KAISEN - S02E10 - Pandemonium.mkv,,,episode,local://23471,,unmatched,JUJUTSU KAISEN – Season 2 – Episode 10
missing episode match metadata,0,F:\MediaStack\data\media\tv\JUJUTSU KAISEN\Season 02\JUJUTSU KAISEN - S02E11 - Seance.mkv,,,episode,local://23472,,unmatched,JUJUTSU KAISEN – Season 2 – Episode 11
missing episode match metadata,0,F:\MediaStack\data\media\tv\JUJUTSU KAISEN\Season 02\JUJUTSU KAISEN - S02E12 - Dull Knife.mkv,,,episode,local://23473,,unmatched,JUJUTSU KAISEN – Season 2 – Episode 12
missing episode match metadata,0,F:\MediaStack\data\media\tv\JUJUTSU KAISEN\Season 02\JUJUTSU KAISEN - S02E13 - Red Scale.mkv,,,episode,local://23474,,unmatched,JUJUTSU KAISEN – Season 2 – Episode 13
missing episode match metadata,0,F:\MediaStack\data\media\tv\JUJUTSU KAISEN\Season 02\JUJUTSU KAISEN - S02E14 - Fluctuations.mkv,,,episode,local://23475,,unmatched,JUJUTSU KAISEN – Season 2 – Episode 14
missing episode match metadata,0,"F:\MediaStack\data\media\tv\JUJUTSU KAISEN\Season 02\JUJUTSU KAISEN - S02E15 - Fluctuations, Part 2.mkv",,,episode,local://23476,,unmatched,JUJUTSU KAISEN – Season 2 – Episode 15
missing episode match metadata,0,F:\MediaStack\data\media\tv\JUJUTSU KAISEN\Season 02\JUJUTSU KAISEN - S02E16 - Thunderclap.mkv,,,episode,local://23477,,unmatched,JUJUTSU KAISEN – Season 2 – Episode 16
missing episode match metadata,0,"F:\MediaStack\data\media\tv\JUJUTSU KAISEN\Season 02\JUJUTSU KAISEN - S02E17 - Thunderclap, Part 2.mkv",,,episode,local://23478,,unmatched,JUJUTSU KAISEN – Season 2 – Episode 17
missing episode match metadata,0,F:\MediaStack\data\media\tv\JUJUTSU KAISEN\Season 02\JUJUTSU KAISEN - S02E18 - Right and Wrong.mkv,,,episode,local://23479,,unmatched,JUJUTSU KAISEN – Season 2 – Episode 18
missing episode match metadata,0,"F:\MediaStack\data\media\tv\JUJUTSU KAISEN\Season 02\JUJUTSU KAISEN - S02E19 - Right and Wrong, Part 2.mkv",,,episode,local://23480,,unmatched,JUJUTSU KAISEN – Season 2 – Episode 19
missing episode match metadata,0,"F:\MediaStack\data\media\tv\JUJUTSU KAISEN\Season 02\JUJUTSU KAISEN - S02E20 - Right and Wrong, Part 3.mkv",,,episode,local://23481,,unmatched,JUJUTSU KAISEN – Season 2 – Episode 20
missing episode match metadata,0,F:\MediaStack\data\media\tv\JUJUTSU KAISEN\Season 02\JUJUTSU KAISEN - S02E21 - Metamorphosis.mkv,,,episode,local://23482,,unmatched,JUJUTSU KAISEN – Season 2 – Episode 21
missing episode match metadata,0,F:\MediaStack\data\media\tv\JUJUTSU KAISEN\Season 01\JUJUTSU KAISEN - S01E01 - Ryoumen Sukuna.mkv,,,episode,imdb://tt12967596,,unmatched,JUJUTSU KAISEN – Season 1 – Ryomen Sukuna
missing episode match metadata,0,F:\MediaStack\data\media\tv\JUJUTSU KAISEN\Season 01\JUJUTSU KAISEN - S01E02 - For Myself.mkv,,,episode,imdb://tt13220442,,unmatched,JUJUTSU KAISEN – Season 1 – For Myself
missing episode match metadata,0,F:\MediaStack\data\media\tv\JUJUTSU KAISEN\Season 01\JUJUTSU KAISEN - S01E03 - Girl of Steel.mkv,,,episode,imdb://tt13220444,,unmatched,JUJUTSU KAISEN – Season 1 – Girl of Steel
missing episode match metadata,0,F:\MediaStack\data\media\tv\JUJUTSU KAISEN\Season 01\JUJUTSU KAISEN - S01E04 - Curse Womb Must Die.mkv,,,episode,imdb://tt13220452,,unmatched,JUJUTSU KAISEN – Season 1 – Curse Womb Must Die
missing episode match metadata,0,F:\MediaStack\data\media\tv\JUJUTSU KAISEN\Season 01\JUJUTSU KAISEN - S01E05 - Curse Womb Must Die -II.mkv,,,episode,imdb://tt13352292,,unmatched,JUJUTSU KAISEN – Season 1 – Curse Womb Must Die -II-
missing episode match metadata,0,F:\MediaStack\data\media\tv\JUJUTSU KAISEN\Season 01\JUJUTSU KAISEN - S01E06 - After Rain.mkv,,,episode,imdb://tt13361162,,unmatched,JUJUTSU KAISEN – Season 1 – After Rain
missing episode match metadata,0,F:\MediaStack\data\media\tv\JUJUTSU KAISEN\Season 01\JUJUTSU KAISEN - S01E07 - Assault.mkv,,,episode,imdb://tt13375940,,unmatched,JUJUTSU KAISEN – Season 1 – Assault
missing episode match metadata,0,F:\MediaStack\data\media\tv\JUJUTSU KAISEN\Season 01\JUJUTSU KAISEN - S01E08 - Boredom.mkv,,,episode,imdb://tt13375942,,unmatched,JUJUTSU KAISEN – Season 1 – Boredom
missing episode match metadata,0,F:\MediaStack\data\media\tv\JUJUTSU KAISEN\Season 01\JUJUTSU KAISEN - S01E09 - Small Fry and Reverse Retribution.mkv,,,episode,imdb://tt13375944,,unmatched,JUJUTSU KAISEN – Season 1 – Small Fry and Reverse Retribution
missing episode match metadata,0,F:\MediaStack\data\media\tv\JUJUTSU KAISEN\Season 01\JUJUTSU KAISEN - S01E10 - Idle Transfiguration.mkv,,,episode,imdb://tt13587028,,unmatched,JUJUTSU KAISEN – Season 1 – Idle Transfiguration
missing episode match metadata,0,F:\MediaStack\data\media\tv\JUJUTSU KAISEN\Season 01\JUJUTSU KAISEN - S01E11 - Narrow-minded.mkv,,,episode,imdb://tt13594214,,unmatched,JUJUTSU KAISEN – Season 1 – Narrow-minded
missing episode match metadata,0,"F:\MediaStack\data\media\tv\JUJUTSU KAISEN\Season 01\JUJUTSU KAISEN - S01E12 - To You, Someday.mkv",,,episode,imdb://tt13625562,,unmatched,"JUJUTSU KAISEN – Season 1 – To You, Someday"
missing episode match metadata,0,F:\MediaStack\data\media\tv\JUJUTSU KAISEN\Season 01\JUJUTSU KAISEN - S01E13 - Tomorrow.mkv,,,episode,imdb://tt13707046,,unmatched,JUJUTSU KAISEN – Season 1 – Tomorrow
missing episode match metadata,0,F:\MediaStack\data\media\tv\JUJUTSU KAISEN\Season 01\JUJUTSU KAISEN - S01E14 - Kyoto Sister School Exchange Event - Group Battle 0.mkv,,,episode,imdb://tt13847654,,unmatched,JUJUTSU KAISEN – Season 1 – Kyoto Sister School Exchange Event - Group Battle 0 -
missing episode match metadata,0,F:\MediaStack\data\media\tv\JUJUTSU KAISEN\Season 01\JUJUTSU KAISEN - S01E15 - Kyoto Sister School Exchange Event - Group Battle 1.mkv,,,episode,imdb://tt13873752,,unmatched,JUJUTSU KAISEN – Season 1 – Kyoto Sister School Exchange Event - Group Battle 1 -
missing episode match metadata,0,F:\MediaStack\data\media\tv\JUJUTSU KAISEN\Season 01\JUJUTSU KAISEN - S01E16 - Kyoto Sister School Exchange Event - Group Battle 2.mkv,,,episode,imdb://tt13944548,,unmatched,JUJUTSU KAISEN – Season 1 – Kyoto Sister School Exchange Event - Group Battle 2 -
missing episode match metadata,0,F:\MediaStack\data\media\tv\JUJUTSU KAISEN\Season 01\JUJUTSU KAISEN - S01E17 - Kyoto Sister School Exchange Event - Group Battle 3.mkv,,,episode,imdb://tt14023258,,unmatched,JUJUTSU KAISEN – Season 1 – Kyoto Sister School Exchange Event - Group Battle 3 -
missing episode match metadata,0,F:\MediaStack\data\media\tv\JUJUTSU KAISEN\Season 01\JUJUTSU KAISEN - S01E18 - Sage.mkv,,,episode,imdb://tt14030804,,unmatched,JUJUTSU KAISEN – Season 1 – Sage
missing episode match metadata,0,F:\MediaStack\data\media\tv\JUJUTSU KAISEN\Season 01\JUJUTSU KAISEN - S01E19 - Black Flash.mkv,,,episode,imdb://tt14030806,,unmatched,JUJUTSU KAISEN – Season 1 – Black Flash
missing episode match metadata,0,F:\MediaStack\data\media\tv\Fullmetal Alchemist - Brotherhood\Season 01\Fullmetal Alchemist - Brotherhood - S01E39 - Daydream.mkv,,,episode,imdb://tt1571822,,unmatched,Fullmetal Alchemist: Brotherhood – Season 1 – Daydream
missing episode match metadata,0,F:\MediaStack\data\media\tv\Fullmetal Alchemist - Brotherhood\Season 01\Fullmetal Alchemist - Brotherhood - S01E40 - Homunculus (The Dwarf in the Flask).mkv,,,episode,imdb://tt1580981,,unmatched,Fullmetal Alchemist: Brotherhood – Season 1 – Homunculus (The Dwarf in the Flask)
missing episode match metadata,0,F:\MediaStack\data\media\tv\Fullmetal Alchemist - Brotherhood\Season 01\Fullmetal Alchemist - Brotherhood - S01E41 - The Abyss.mkv,,,episode,imdb://tt1585804,,unmatched,Fullmetal Alchemist: Brotherhood – Season 1 – The Abyss
missing episode match metadata,0,F:\MediaStack\data\media\tv\Fullmetal Alchemist - Brotherhood\Season 01\Fullmetal Alchemist - Brotherhood - S01E42 - Signs of a Counteroffensive.mkv,,,episode,imdb://tt1589090,,unmatched,Fullmetal Alchemist: Brotherhood – Season 1 – Signs of a Counteroffensive
missing episode match metadata,0,F:\MediaStack\data\media\tv\Fullmetal Alchemist - Brotherhood\Season 01\Fullmetal Alchemist - Brotherhood - S01E43 - Bite of the Ant.mkv,,,episode,imdb://tt1593017,,unmatched,Fullmetal Alchemist: Brotherhood – Season 1 – Bite of the Ant
missing episode match metadata,0,F:\MediaStack\data\media\tv\Fullmetal Alchemist - Brotherhood\Season 01\Fullmetal Alchemist - Brotherhood - S01E44 - Revving at Full Throttle.mkv,,,episode,imdb://tt1596850,,unmatched,Fullmetal Alchemist: Brotherhood – Season 1 – Revving at Full Throttle
missing episode match metadata,0,F:\MediaStack\data\media\tv\Fullmetal Alchemist - Brotherhood\Season 01\Fullmetal Alchemist - Brotherhood - S01E45 - The Promised Day.mkv,,,episode,imdb://tt1600988,,unmatched,Fullmetal Alchemist: Brotherhood – Season 1 – The Promised Day
missing episode match metadata,0,F:\MediaStack\data\media\tv\Fullmetal Alchemist - Brotherhood\Season 01\Fullmetal Alchemist - Brotherhood - S01E46 - Looming Shadows.mkv,,,episode,imdb://tt1605239,,unmatched,Fullmetal Alchemist: Brotherhood – Season 1 – Looming Shadows
missing episode match metadata,0,F:\MediaStack\data\media\tv\Fullmetal Alchemist - Brotherhood\Season 01\Fullmetal Alchemist - Brotherhood - S01E47 - Emissary of Darkness.mkv,,,episode,imdb://tt1608867,,unmatched,Fullmetal Alchemist: Brotherhood – Season 1 – Emissary of Darkness
missing episode match metadata,0,F:\MediaStack\data\media\tv\Fullmetal Alchemist - Brotherhood\Season 01\Fullmetal Alchemist - Brotherhood - S01E48 - The Oath in the Tunnel.mkv,,,episode,imdb://tt1612914,,unmatched,Fullmetal Alchemist: Brotherhood – Season 1 – The Oath in the Tunnel
missing episode match metadata,0,F:\MediaStack\data\media\tv\Fullmetal Alchemist - Brotherhood\Season 01\Fullmetal Alchemist - Brotherhood - S01E49 - Filial Affection.mkv,,,episode,imdb://tt1616769,,unmatched,Fullmetal Alchemist: Brotherhood – Season 1 – Filial Affection
missing episode match metadata,0,F:\MediaStack\data\media\tv\Fullmetal Alchemist - Brotherhood\Season 01\Fullmetal Alchemist - Brotherhood - S01E50 - Upheaval in Central.mkv,,,episode,imdb://tt1621686,,unmatched,Fullmetal Alchemist: Brotherhood – Season 1 – Upheaval in Central
missing episode match metadata,0,F:\MediaStack\data\media\tv\Fullmetal Alchemist - Brotherhood\Season 01\Fullmetal Alchemist - Brotherhood - S01E51 - The Immortal Legion.mkv,,,episode,imdb://tt1626341,,unmatched,Fullmetal Alchemist: Brotherhood – Season 1 – The Immortal Legion
missing episode match metadata,0,F:\MediaStack\data\media\tv\Fullmetal Alchemist - Brotherhood\Season 01\Fullmetal Alchemist - Brotherhood - S01E52 - Combined Strength.mkv,,,episode,imdb://tt1630401,,unmatched,Fullmetal Alchemist: Brotherhood – Season 1 – Combined Strength
missing episode match metadata,0,F:\MediaStack\data\media\tv\Fullmetal Alchemist - Brotherhood\Season 01\Fullmetal Alchemist - Brotherhood - S01E53 - Flame of Vengeance.mkv,,,episode,imdb://tt1634626,,unmatched,Fullmetal Alchemist: Brotherhood – Season 1 – Flame of Vengeance
missing episode match metadata,0,F:\MediaStack\data\media\tv\Fullmetal Alchemist - Brotherhood\Season 01\Fullmetal Alchemist - Brotherhood - S01E54 - Beyond the Inferno.mkv,,,episode,imdb://tt1639964,,unmatched,Fullmetal Alchemist: Brotherhood – Season 1 – Beyond the Inferno
missing episode match metadata,0,F:\MediaStack\data\media\tv\Fullmetal Alchemist - Brotherhood\Season 01\Fullmetal Alchemist - Brotherhood - S01E55 - The Adults' Way of Life.mkv,,,episode,imdb://tt1643650,,unmatched,Fullmetal Alchemist: Brotherhood – Season 1 – The Adults' Way of Life
missing episode match metadata,0,F:\MediaStack\data\media\tv\Fullmetal Alchemist - Brotherhood\Season 01\Fullmetal Alchemist - Brotherhood - S01E56 - The Return of the Führer.mkv,,,episode,imdb://tt1647872,,unmatched,Fullmetal Alchemist: Brotherhood – Season 1 – The Return of the Führer
missing episode match metadata,0,F:\MediaStack\data\media\tv\Fullmetal Alchemist - Brotherhood\Season 01\Fullmetal Alchemist - Brotherhood - S01E57 - Eternal Leave.mkv,,,episode,imdb://tt1651583,,unmatched,Fullmetal Alchemist: Brotherhood – Season 1 – Eternal Leave
missing episode match metadata,0,F:\MediaStack\data\media\tv\Fullmetal Alchemist - Brotherhood\Season 01\Fullmetal Alchemist - Brotherhood - S01E58 - Sacrifices.mkv,,,episode,imdb://tt1656322,,unmatched,Fullmetal Alchemist: Brotherhood – Season 1 – Sacrifices
missing episode match metadata,0,F:\MediaStack\data\media\tv\Fullmetal Alchemist - Brotherhood\Season 01\Fullmetal Alchemist - Brotherhood - S01E59 - Lost Light.mkv,,,episode,imdb://tt1659862,,unmatched,Fullmetal Alchemist: Brotherhood – Season 1 – Lost Light
missing episode match metadata,0,"F:\MediaStack\data\media\tv\Fullmetal Alchemist - Brotherhood\Season 01\Fullmetal Alchemist - Brotherhood - S01E60 - Eye of Heaven, Gateway of Earth.mkv",,,episode,imdb://tt1663961,,unmatched,"Fullmetal Alchemist: Brotherhood – Season 1 – Eye of Heaven, Gateway of Earth"
missing episode match metadata,0,F:\MediaStack\data\media\tv\Fullmetal Alchemist - Brotherhood\Season 01\Fullmetal Alchemist - Brotherhood - S01E61 - He Who Would Swallow God.mkv,,,episode,imdb://tt1667948,,unmatched,Fullmetal Alchemist: Brotherhood – Season 1 – He Who Would Swallow God
missing episode match metadata,0,F:\MediaStack\data\media\tv\Fullmetal Alchemist - Brotherhood\Season 01\Fullmetal Alchemist - Brotherhood - S01E62 - A Fierce Counterattack.mkv,,,episode,imdb://tt1673082,,unmatched,Fullmetal Alchemist: Brotherhood – Season 1 – A Fierce Counterattack
missing episode match metadata,0,F:\MediaStack\data\media\tv\Fullmetal Alchemist - Brotherhood\Season 01\Fullmetal Alchemist - Brotherhood - S01E63 - The Other Side of the Gateway.mkv,,,episode,imdb://tt1675927,,unmatched,Fullmetal Alchemist: Brotherhood – Season 1 – The Other Side of the Gateway
missing episode match metadata,0,F:\MediaStack\data\media\tv\Fullmetal Alchemist - Brotherhood\Season 01\Fullmetal Alchemist - Brotherhood - S01E64 - Journey's End.mkv,,,episode,imdb://tt1680453,,unmatched,Fullmetal Alchemist: Brotherhood – Season 1 – Journey's End
missing episode match metadata,0,F:\MediaStack\data\media\tv\Fullmetal Alchemist - Brotherhood\Season 01\Fullmetal Alchemist - Brotherhood - S01E11 - Miracle at Rush Valley.mkv,,,episode,imdb://tt1434022,,unmatched,Fullmetal Alchemist: Brotherhood – Season 1 – Miracle at Rush Valley
missing episode match metadata,0,"F:\MediaStack\data\media\tv\Fullmetal Alchemist - Brotherhood\Season 01\Fullmetal Alchemist - Brotherhood - S01E12 - One Is All, All Is One.mkv",,,episode,imdb://tt1434023,,unmatched,"Fullmetal Alchemist: Brotherhood – Season 1 – One is All, All is One"
missing episode match metadata,0,F:\MediaStack\data\media\tv\Fullmetal Alchemist - Brotherhood\Season 01\Fullmetal Alchemist - Brotherhood - S01E13 - Beasts of Dublith.mkv,,,episode,imdb://tt1434024,,unmatched,Fullmetal Alchemist: Brotherhood – Season 1 – Beasts of Dublith
missing episode match metadata,0,F:\MediaStack\data\media\tv\Fullmetal Alchemist - Brotherhood\Season 01\Fullmetal Alchemist - Brotherhood - S01E14 - Those Who Lurk Underground.mkv,,,episode,imdb://tt1459319,,unmatched,Fullmetal Alchemist: Brotherhood – Season 1 – Those Who Lurk Underground
missing episode match metadata,0,F:\MediaStack\data\media\tv\Fullmetal Alchemist - Brotherhood\Season 01\Fullmetal Alchemist - Brotherhood - S01E15 - Envoy from the East.mkv,,,episode,imdb://tt1461557,,unmatched,Fullmetal Alchemist: Brotherhood – Season 1 – Envoy from the East
missing episode match metadata,0,F:\MediaStack\data\media\tv\Fullmetal Alchemist - Brotherhood\Season 01\Fullmetal Alchemist - Brotherhood - S01E16 - Footsteps of a Comrade-in-Arms.mkv,,,episode,imdb://tt1461558,,unmatched,Fullmetal Alchemist: Brotherhood – Season 1 – Footsteps of a Comrade-in-Arms
missing episode match metadata,0,F:\MediaStack\data\media\tv\Fullmetal Alchemist - Brotherhood\Season 01\Fullmetal Alchemist - Brotherhood - S01E17 - Cold Flame.mkv,,,episode,imdb://tt1461559,,unmatched,Fullmetal Alchemist: Brotherhood – Season 1 – Cold Flame
missing episode match metadata,0,F:\MediaStack\data\media\tv\Fullmetal Alchemist - Brotherhood\Season 01\Fullmetal Alchemist - Brotherhood - S01E18 - The Arrogant Palm of a Small Human.mkv,,,episode,imdb://tt1477737,,unmatched,Fullmetal Alchemist: Brotherhood – Season 1 – The Arrogant Palm of a Small Human
missing episode match metadata,0,F:\MediaStack\data\media\tv\Fullmetal Alchemist - Brotherhood\Season 01\Fullmetal Alchemist - Brotherhood - S01E19 - Death of the Undying.mkv,,,episode,imdb://tt1484138,,unmatched,Fullmetal Alchemist: Brotherhood – Season 1 – Death of the Undying
missing episode match metadata,0,F:\MediaStack\data\media\tv\Fullmetal Alchemist - Brotherhood\Season 01\Fullmetal Alchemist - Brotherhood - S01E20 - Father Before the Grave.mkv,,,episode,imdb://tt1487438,,unmatched,Fullmetal Alchemist: Brotherhood – Season 1 – Father Before the Grave
missing episode match metadata,0,F:\MediaStack\data\media\tv\Fullmetal Alchemist - Brotherhood\Season 01\Fullmetal Alchemist - Brotherhood - S01E21 - Advance of the Fool.mkv,,,episode,imdb://tt1491878,,unmatched,Fullmetal Alchemist: Brotherhood – Season 1 – Advance of the Fool
missing episode match metadata,0,F:\MediaStack\data\media\tv\Fullmetal Alchemist - Brotherhood\Season 01\Fullmetal Alchemist - Brotherhood - S01E22 - Backs in the Distance.mkv,,,episode,imdb://tt1500794,,unmatched,Fullmetal Alchemist: Brotherhood – Season 1 – Backs in the Distance
missing episode match metadata,0,F:\MediaStack\data\media\tv\Fullmetal Alchemist - Brotherhood\Season 01\Fullmetal Alchemist - Brotherhood - S01E23 - Girl on the Battlefield.mkv,,,episode,imdb://tt1505214,,unmatched,Fullmetal Alchemist: Brotherhood – Season 1 – Girl on the Battlefield
missing episode match metadata,0,F:\MediaStack\data\media\tv\Fullmetal Alchemist - Brotherhood\Season 01\Fullmetal Alchemist - Brotherhood - S01E24 - Inside the Belly.mkv,,,episode,imdb://tt1509989,,unmatched,Fullmetal Alchemist: Brotherhood – Season 1 – Inside the Belly
missing episode match metadata,0,F:\MediaStack\data\media\tv\Fullmetal Alchemist - Brotherhood\Season 01\Fullmetal Alchemist - Brotherhood - S01E25 - Doorway of Darkness.mkv,,,episode,imdb://tt1513120,,unmatched,Fullmetal Alchemist: Brotherhood – Season 1 – Doorway of Darkness
missing episode match metadata,0,F:\MediaStack\data\media\tv\Fullmetal Alchemist - Brotherhood\Season 01\Fullmetal Alchemist - Brotherhood - S01E26 - Reunion.mkv,,,episode,imdb://tt1514922,,unmatched,Fullmetal Alchemist: Brotherhood – Season 1 – Reunion
missing episode match metadata,0,F:\MediaStack\data\media\tv\Fullmetal Alchemist - Brotherhood\Season 01\Fullmetal Alchemist - Brotherhood - S01E27 - Interlude Party.mkv,,,episode,imdb://tt1521981,,unmatched,Fullmetal Alchemist: Brotherhood – Season 1 – Interlude Party
missing episode match metadata,0,F:\MediaStack\data\media\tv\Fullmetal Alchemist - Brotherhood\Season 01\Fullmetal Alchemist - Brotherhood - S01E28 - Father.mkv,,,episode,imdb://tt1526676,,unmatched,Fullmetal Alchemist: Brotherhood – Season 1 – Father
missing episode match metadata,0,F:\MediaStack\data\media\tv\Fullmetal Alchemist - Brotherhood\Season 01\Fullmetal Alchemist - Brotherhood - S01E29 - Struggle of the Fool.mkv,,,episode,imdb://tt1530725,,unmatched,Fullmetal Alchemist: Brotherhood – Season 1 – Struggle of the Fool
missing episode match metadata,0,F:\MediaStack\data\media\tv\Fullmetal Alchemist - Brotherhood\Season 01\Fullmetal Alchemist - Brotherhood - S01E30 - The Ishvalan War of Extermination.mkv,,,episode,imdb://tt1534640,,unmatched,Fullmetal Alchemist: Brotherhood – Season 1 – The Ishvalan War of Extermination
missing episode match metadata,0,F:\MediaStack\data\media\tv\Fullmetal Alchemist - Brotherhood\Season 01\Fullmetal Alchemist - Brotherhood - S01E31 - The 520 Cenz Promise.mkv,,,episode,imdb://tt1539093,,unmatched,Fullmetal Alchemist: Brotherhood – Season 1 – The 520 Cens Promise
missing episode match metadata,0,F:\MediaStack\data\media\tv\Fullmetal Alchemist - Brotherhood\Season 01\Fullmetal Alchemist - Brotherhood - S01E32 - The Führer's Son.mkv,,,episode,imdb://tt1543387,,unmatched,Fullmetal Alchemist: Brotherhood – Season 1 – The Führer's Son
missing episode match metadata,0,F:\MediaStack\data\media\tv\Fullmetal Alchemist - Brotherhood\Season 01\Fullmetal Alchemist - Brotherhood - S01E33 - The Northern Wall of Briggs.mkv,,,episode,imdb://tt1547750,,unmatched,Fullmetal Alchemist: Brotherhood – Season 1 – The Northern Wall of Briggs
missing episode match metadata,0,F:\MediaStack\data\media\tv\Fullmetal Alchemist - Brotherhood\Season 01\Fullmetal Alchemist - Brotherhood - S01E34 - Ice Queen.mkv,,,episode,imdb://tt1548830,,unmatched,Fullmetal Alchemist: Brotherhood – Season 1 – Ice Queen
missing episode match metadata,0,F:\MediaStack\data\media\tv\Fullmetal Alchemist - Brotherhood\Season 01\Fullmetal Alchemist - Brotherhood - S01E35 - The Shape of This Country.mkv,,,episode,imdb://tt1554336,,unmatched,Fullmetal Alchemist: Brotherhood – Season 1 – The Shape of This Country
missing episode match metadata,0,F:\MediaStack\data\media\tv\Fullmetal Alchemist - Brotherhood\Season 01\Fullmetal Alchemist - Brotherhood - S01E36 - Family Portrait.mkv,,,episode,imdb://tt1562664,,unmatched,Fullmetal Alchemist: Brotherhood – Season 1 – Family Portrait
missing episode match metadata,0,F:\MediaStack\data\media\tv\Fullmetal Alchemist - Brotherhood\Season 01\Fullmetal Alchemist - Brotherhood - S01E37 - The First Homunculus.mkv,,,episode,imdb://tt1566096,,unmatched,Fullmetal Alchemist: Brotherhood – Season 1 – The First Homunculus
missing episode match metadata,0,F:\MediaStack\data\media\tv\Fullmetal Alchemist - Brotherhood\Season 01\Fullmetal Alchemist - Brotherhood - S01E38 - Conflict at Baschool.mkv,,,episode,imdb://tt1570817,,unmatched,Fullmetal Alchemist: Brotherhood – Season 1 – Conflict at Baschool
missing episode match metadata,0,F:\MediaStack\data\media\tv\Foyle's War\Season 04\Foyle's War - S04E03 - Bleak Midwinter.mkv,,,episode,local://23117,,unmatched,Foyle's War – Season 4 – Episode 3
missing episode match metadata,0,F:\MediaStack\data\media\tv\Foyle's War\Season 04\Foyle's War - S04E04 - Casualties of War.mkv,,,episode,local://23118,,unmatched,Foyle's War – Season 4 – Episode 4
missing episode match metadata,0,F:\MediaStack\data\media\tv\Foyle's War\Season 05\Foyle's War - S05E01 - Plan of Attack.mkv,,,episode,imdb://tt0845685,,unmatched,Foyle's War – Season 5 – Bleak Midwinter
missing episode match metadata,0,F:\MediaStack\data\media\tv\Foyle's War\Season 05\Foyle's War - S05E02 - Broken Souls.mkv,,,episode,imdb://tt0845686,,unmatched,Foyle's War – Season 5 – Casualties of War
missing episode match metadata,0,F:\MediaStack\data\media\tv\Foyle's War\Season 05\Foyle's War - S05E03 - All Clear.mkv,,,episode,local://23123,,unmatched,Foyle's War – Season 5 – Episode 3
missing episode match metadata,0,F:\MediaStack\data\media\tv\Foyle's War\Season 06\Foyle's War - S06E01 - The Russian House.mp4,,,episode,tmdb://1033003,,unmatched,Foyle's War – Season 6 – Plan of Attack
missing episode match metadata,0,F:\MediaStack\data\media\tv\Foyle's War\Season 06\Foyle's War - S06E02 - Killing Time.mp4,,,episode,imdb://tt1158422,,unmatched,Foyle's War – Season 6 – Broken Souls
missing episode match metadata,0,F:\MediaStack\data\media\tv\Foyle's War\Season 06\Foyle's War - S06E03 - The Hide.mp4,,,episode,imdb://tt1189618,,unmatched,Foyle's War – Season 6 – All Clear
missing episode match metadata,0,F:\MediaStack\data\media\tv\Foyle's War\Season 07\Foyle's War - S07E01 - The Eternity Ring.mkv,,,episode,imdb://tt1578957,,unmatched,Foyle's War – Season 7 – The Russian House
missing episode match metadata,0,F:\MediaStack\data\media\tv\Foyle's War\Season 07\Foyle's War - S07E02 - The Cage.mkv,,,episode,imdb://tt1591806,,unmatched,Foyle's War – Season 7 – Killing Time
missing episode match metadata,0,F:\MediaStack\data\media\tv\Foyle's War\Season 07\Foyle's War - S07E03 - Sunflower.mkv,,,episode,imdb://tt1591807,,unmatched,Foyle's War – Season 7 – The Hide
missing episode match metadata,0,F:\MediaStack\data\media\tv\Foyle's War\Season 08\Foyle's War - S08E01 - High Castle.mp4,,,episode,imdb://tt2753848,,unmatched,Foyle's War – Season 8 – The Eternity Ring
missing episode match metadata,0,F:\MediaStack\data\media\tv\Foyle's War\Season 08\Foyle's War - S08E02 - Trespass.mp4,,,episode,imdb://tt2753836,,unmatched,Foyle's War – Season 8 – The Cage
missing episode match metadata,0,F:\MediaStack\data\media\tv\Foyle's War\Season 08\Foyle's War - S08E03 - Elise.mp4,,,episode,imdb://tt2767682,,unmatched,Foyle's War – Season 8 – Sunflower
missing episode match metadata,0,F:\MediaStack\data\media\tv\Fullmetal Alchemist - Brotherhood\Season 01\Fullmetal Alchemist - Brotherhood - S01E01 - Fullmetal Alchemist.mkv,,,episode,imdb://tt1413326,,unmatched,Fullmetal Alchemist: Brotherhood – Season 1 – Fullmetal Alchemist
missing episode match metadata,0,F:\MediaStack\data\media\tv\Fullmetal Alchemist - Brotherhood\Season 01\Fullmetal Alchemist - Brotherhood - S01E02 - The First Day.mkv,,,episode,imdb://tt1413327,,unmatched,Fullmetal Alchemist: Brotherhood – Season 1 – The First Day
missing episode match metadata,0,F:\MediaStack\data\media\tv\Fullmetal Alchemist - Brotherhood\Season 01\Fullmetal Alchemist - Brotherhood - S01E03 - City of Heresy.mkv,,,episode,imdb://tt1415050,,unmatched,Fullmetal Alchemist: Brotherhood – Season 1 – City of Heresy
missing episode match metadata,0,F:\MediaStack\data\media\tv\Fullmetal Alchemist - Brotherhood\Season 01\Fullmetal Alchemist - Brotherhood - S01E04 - An Alchemist's Anguish.mkv,,,episode,imdb://tt1415049,,unmatched,Fullmetal Alchemist: Brotherhood – Season 1 – An Alchemist's Anguish
missing episode match metadata,0,F:\MediaStack\data\media\tv\Fullmetal Alchemist - Brotherhood\Season 01\Fullmetal Alchemist - Brotherhood - S01E05 - Rain of Sorrows.mkv,,,episode,imdb://tt1415051,,unmatched,Fullmetal Alchemist: Brotherhood – Season 1 – Rain of Sorrows
missing episode match metadata,0,F:\MediaStack\data\media\tv\Fullmetal Alchemist - Brotherhood\Season 01\Fullmetal Alchemist - Brotherhood - S01E06 - Road of Hope.mkv,,,episode,imdb://tt1424977,,unmatched,Fullmetal Alchemist: Brotherhood – Season 1 – Road of Hope
missing episode match metadata,0,F:\MediaStack\data\media\tv\Fullmetal Alchemist - Brotherhood\Season 01\Fullmetal Alchemist - Brotherhood - S01E07 - Hidden Truths.mkv,,,episode,imdb://tt1429692,,unmatched,Fullmetal Alchemist: Brotherhood – Season 1 – Hidden Truths
missing episode match metadata,0,F:\MediaStack\data\media\tv\Fullmetal Alchemist - Brotherhood\Season 01\Fullmetal Alchemist - Brotherhood - S01E08 - The Fifth Laboratory.mkv,,,episode,imdb://tt1433389,,unmatched,Fullmetal Alchemist: Brotherhood – Season 1 – The Fifth Laboratory
missing episode match metadata,0,F:\MediaStack\data\media\tv\Fullmetal Alchemist - Brotherhood\Season 01\Fullmetal Alchemist - Brotherhood - S01E09 - Created Feelings.mkv,,,episode,imdb://tt1434026,,unmatched,Fullmetal Alchemist: Brotherhood – Season 1 – Created Feelings
missing episode match metadata,0,F:\MediaStack\data\media\tv\Fullmetal Alchemist - Brotherhood\Season 01\Fullmetal Alchemist - Brotherhood - S01E10 - Separate Destinations.mkv,,,episode,imdb://tt1434025,,unmatched,Fullmetal Alchemist: Brotherhood – Season 1 – Separate Destinations
missing episode match metadata,0,F:\MediaStack\data\media\tv\DuckTales (2017)\Season 03\DuckTales (2017) - S03E11 - The Forbidden Fountain of the Foreverglades!.mkv,,,episode,imdb://tt12884598,,unmatched,DuckTales (2017) – Season 3 – The Forbidden Fountain of the Foreverglades!
missing episode match metadata,0,F:\MediaStack\data\media\tv\DuckTales (2017)\Season 03\DuckTales (2017) - S03E12 - Let's Get Dangerous!.mkv,,,episode,imdb://tt12884608,,unmatched,DuckTales (2017) – Season 3 – Let's Get Dangerous!
missing episode match metadata,0,F:\MediaStack\data\media\tv\DuckTales (2017)\Season 03\DuckTales (2017) - S03E13 - Escape from the ImpossiBin!.mkv,,,episode,imdb://tt12884612,,unmatched,DuckTales (2017) – Season 3 – Escape from the ImpossiBin!
missing episode match metadata,0,F:\MediaStack\data\media\tv\DuckTales (2017)\Season 03\DuckTales (2017) - S03E14 - The Split Sword of Swanstantine!.mkv,,,episode,imdb://tt13248064,,unmatched,DuckTales (2017) – Season 3 – The Split Sword of Swanstantine!
missing episode match metadata,0,F:\MediaStack\data\media\tv\DuckTales (2017)\Season 03\DuckTales (2017) - S03E15 - New Gods on the Block!.mkv,,,episode,imdb://tt13248180,,unmatched,DuckTales (2017) – Season 3 – New Gods on the Block!
missing episode match metadata,0,F:\MediaStack\data\media\tv\DuckTales (2017)\Season 03\DuckTales (2017) - S03E16 - The First Adventure!.mkv,,,episode,imdb://tt13248184,,unmatched,DuckTales (2017) – Season 3 – The First Adventure!
missing episode match metadata,0,F:\MediaStack\data\media\tv\DuckTales (2017)\Season 03\DuckTales (2017) - S03E17 - The Fight for Castle McDuck!.mkv,,,episode,imdb://tt13247592,,unmatched,DuckTales (2017) – Season 3 – The Fight for Castle McDuck!
missing episode match metadata,0,F:\MediaStack\data\media\tv\DuckTales (2017)\Season 03\DuckTales (2017) - S03E18 - How Santa Stole Christmas!.mkv,,,episode,imdb://tt13247594,,unmatched,DuckTales (2017) – Season 3 – How Santa Stole Christmas!
missing episode match metadata,0,F:\MediaStack\data\media\tv\DuckTales (2017)\Season 03\DuckTales (2017) - S03E19 - Beaks in the Shell!.mkv,,,episode,imdb://tt13611268,,unmatched,DuckTales (2017) – Season 3 – Beaks in the Shell!
missing episode match metadata,0,F:\MediaStack\data\media\tv\DuckTales (2017)\Season 03\DuckTales (2017) - S03E20 - The Lost Cargo of Kit Cloudkicker!.mkv,,,episode,imdb://tt14037626,,unmatched,DuckTales (2017) – Season 3 – The Lost Cargo of Kit Cloudkicker!
missing episode match metadata,0,F:\MediaStack\data\media\tv\DuckTales (2017)\Season 03\DuckTales (2017) - S03E21 - The Life and Crimes of Scrooge McDuck!.mkv,,,episode,imdb://tt14037628,,unmatched,DuckTales (2017) – Season 3 – The Life And Crimes of Scrooge McDuck!
missing episode match metadata,0,F:\MediaStack\data\media\tv\DuckTales (2017)\Season 03\DuckTales (2017) - S03E22 - The Last Adventure!.mkv,,,episode,imdb://tt14037632,,unmatched,DuckTales (2017) – Season 3 – The Last Adventure!
missing episode match metadata,0,F:\MediaStack\data\media\tv\Foyle's War\Season 01\Foyle's War - S01E01 - The German Woman.mkv,,,episode,imdb://tt0293812,,unmatched,Foyle's War – Season 1 – The German Woman
missing episode match metadata,0,F:\MediaStack\data\media\tv\Foyle's War\Season 01\Foyle's War - S01E02 - The White Feather.mkv,,,episode,imdb://tt0394582,,unmatched,Foyle's War – Season 1 – The White Feather
missing episode match metadata,0,F:\MediaStack\data\media\tv\Foyle's War\Season 01\Foyle's War - S01E03 - A Lesson in Murder.mkv,,,episode,imdb://tt0582079,,unmatched,Foyle's War – Season 1 – A Lesson in Murder
missing episode match metadata,0,F:\MediaStack\data\media\tv\Foyle's War\Season 01\Foyle's War - S01E04 - Eagle Day.mkv,,,episode,imdb://tt0394581,,unmatched,Foyle's War – Season 1 – Eagle Day
missing episode match metadata,0,F:\MediaStack\data\media\tv\Foyle's War\Season 02\Foyle's War - S02E01 - Fifty Ships.mkv,,,episode,imdb://tt0582084,,unmatched,Foyle's War – Season 2 – Fifty Ships
missing episode match metadata,0,F:\MediaStack\data\media\tv\Foyle's War\Season 02\Foyle's War - S02E02 - Among The Few.mkv,,,episode,imdb://tt0582080,,unmatched,Foyle's War – Season 2 – Among the Few
missing episode match metadata,0,F:\MediaStack\data\media\tv\Foyle's War\Season 02\Foyle's War - S02E03 - War Games.mkv,,,episode,imdb://tt0582091,,unmatched,Foyle's War – Season 2 – War Games
missing episode match metadata,0,F:\MediaStack\data\media\tv\Foyle's War\Season 02\Foyle's War - S02E04 - The Funk Hole.mkv,,,episode,imdb://tt0582087,,unmatched,Foyle's War – Season 2 – The Funk Hole
missing episode match metadata,0,F:\MediaStack\data\media\tv\Foyle's War\Season 03\Foyle's War - S03E01 - The French Drop.mkv,,,episode,imdb://tt0582086,,unmatched,Foyle's War – Season 3 – The French Drop
missing episode match metadata,0,F:\MediaStack\data\media\tv\Foyle's War\Season 03\Foyle's War - S03E02 - Enemy Fire.mkv,,,episode,imdb://tt0582083,,unmatched,Foyle's War – Season 3 – Enemy Fire
missing episode match metadata,0,F:\MediaStack\data\media\tv\Foyle's War\Season 03\Foyle's War - S03E03 - They Fought in the Fields.mkv,,,episode,imdb://tt0582090,,unmatched,Foyle's War – Season 3 – They Fought in the Fields
missing episode match metadata,0,F:\MediaStack\data\media\tv\Foyle's War\Season 03\Foyle's War - S03E04 - A War of Nerves.mkv,,,episode,imdb://tt0582092,,unmatched,Foyle's War – Season 3 – A War of Nerves
missing episode match metadata,0,F:\MediaStack\data\media\tv\Foyle's War\Season 04\Foyle's War - S04E01 - Invasion.mkv,,,episode,imdb://tt0582085,,unmatched,Foyle's War – Season 4 – Invasion
missing episode match metadata,0,F:\MediaStack\data\media\tv\Foyle's War\Season 04\Foyle's War - S04E02 - Bad Blood.mkv,,,episode,imdb://tt0582081,,unmatched,Foyle's War – Season 4 – Bad Blood
missing episode match metadata,0,F:\MediaStack\data\media\tv\DuckTales (2017)\Season 02\DuckTales (2017) - S02E08 - Treasure of the Found Lamp!.mkv,,,episode,imdb://tt9777480,,unmatched,DuckTales (2017) – Season 2 – Treasure of the Found Lamp!
missing episode match metadata,0,F:\MediaStack\data\media\tv\DuckTales (2017)\Season 02\DuckTales (2017) - S02E09 - The Outlaw Scrooge McDuck!.mkv,,,episode,imdb://tt10248368,,unmatched,DuckTales (2017) – Season 2 – The Outlaw Scrooge McDuck!
missing episode match metadata,0,F:\MediaStack\data\media\tv\DuckTales (2017)\Season 02\DuckTales (2017) - S02E10 - The 87 Cent Solution!.mkv,,,episode,imdb://tt9777488,,unmatched,DuckTales (2017) – Season 2 – The 87 Cent Solution!
missing episode match metadata,0,F:\MediaStack\data\media\tv\DuckTales (2017)\Season 02\DuckTales (2017) - S02E11 - The Golden Spear!.mkv,,,episode,imdb://tt10231422,,unmatched,DuckTales (2017) – Season 2 – The Golden Spear!
missing episode match metadata,0,F:\MediaStack\data\media\tv\DuckTales (2017)\Season 02\DuckTales (2017) - S02E12 - Nothing Can Stop Della Duck!.mkv,,,episode,imdb://tt10231434,,unmatched,DuckTales (2017) – Season 2 – Nothing Can Stop Della Duck!
missing episode match metadata,0,F:\MediaStack\data\media\tv\DuckTales (2017)\Season 02\DuckTales (2017) - S02E13 - Raiders of the Doomsday Vault!.mkv,,,episode,imdb://tt10231436,,unmatched,DuckTales (2017) – Season 2 – Raiders of the Doomsday Vault!
missing episode match metadata,0,F:\MediaStack\data\media\tv\DuckTales (2017)\Season 02\DuckTales (2017) - S02E14 - Friendship Hates Magic!.mkv,,,episode,imdb://tt9777492,,unmatched,DuckTales (2017) – Season 2 – Friendship Hates Magic!
missing episode match metadata,0,F:\MediaStack\data\media\tv\DuckTales (2017)\Season 02\DuckTales (2017) - S02E15 - The Dangerous Chemistry of Gandra Dee!.mkv,,,episode,imdb://tt10155902,,unmatched,DuckTales (2017) – Season 2 – The Dangerous Chemistry of Gandra Dee!
missing episode match metadata,0,F:\MediaStack\data\media\tv\DuckTales (2017)\Season 02\DuckTales (2017) - S02E16 - The Duck Knight Returns!.mkv,,,episode,imdb://tt10322804,,unmatched,DuckTales (2017) – Season 2 – The Duck Knight Returns!
missing episode match metadata,0,F:\MediaStack\data\media\tv\DuckTales (2017)\Season 02\DuckTales (2017) - S02E17 - What Ever Happened to Donald Duck!!.mkv,,,episode,imdb://tt10467984,,unmatched,DuckTales (2017) – Season 2 – What Ever Happened to Donald Duck?!
missing episode match metadata,0,"F:\MediaStack\data\media\tv\DuckTales (2017)\Season 02\DuckTales (2017) - S02E18 - Happy Birthday, Doofus Drake!.mkv",,,episode,imdb://tt10467978,,unmatched,"DuckTales (2017) – Season 2 – Happy Birthday, Doofus Drake!"
missing episode match metadata,0,F:\MediaStack\data\media\tv\DuckTales (2017)\Season 02\DuckTales (2017) - S02E19 - A Nightmare on Killmotor Hill!.mkv,,,episode,imdb://tt10381660,,unmatched,DuckTales (2017) – Season 2 – A Nightmare on Killmotor Hill!
missing episode match metadata,0,F:\MediaStack\data\media\tv\DuckTales (2017)\Season 02\DuckTales (2017) - S02E20 - The Golden Armory of Cornelius Coot!.mkv,,,episode,imdb://tt10384902,,unmatched,DuckTales (2017) – Season 2 – The Golden Armory of Cornelius Coot!
missing episode match metadata,0,F:\MediaStack\data\media\tv\DuckTales (2017)\Season 02\DuckTales (2017) - S02E21 - Timephoon!.mkv,,,episode,imdb://tt10782920,,unmatched,DuckTales (2017) – Season 2 – Timephoon!
missing episode match metadata,0,F:\MediaStack\data\media\tv\DuckTales (2017)\Season 02\DuckTales (2017) - S02E22 - GlomTales!.mkv,,,episode,imdb://tt10782922,,unmatched,DuckTales (2017) – Season 2 – GlomTales!
missing episode match metadata,0,F:\MediaStack\data\media\tv\DuckTales (2017)\Season 02\DuckTales (2017) - S02E23 - The Richest Duck in the World!.mkv,,,episode,imdb://tt10782926,,unmatched,DuckTales (2017) – Season 2 – The Richest Duck in the World!
missing episode match metadata,0,F:\MediaStack\data\media\tv\DuckTales (2017)\Season 02\DuckTales (2017) - S02E24 - Moonvasion!.mkv,,,episode,imdb://tt10468006,,unmatched,DuckTales (2017) – Season 2 – Moonvasion!
missing episode match metadata,0,F:\MediaStack\data\media\tv\DuckTales (2017)\Season 03\DuckTales (2017) - S03E01 - Challenge of the Senior Junior Woodchucks!.mkv,,,episode,imdb://tt10334208,,unmatched,DuckTales (2017) – Season 3 – Challenge of the Senior Junior Woodchucks!
missing episode match metadata,0,F:\MediaStack\data\media\tv\DuckTales (2017)\Season 03\DuckTales (2017) - S03E02 - Quack Pack!.mkv,,,episode,imdb://tt1119405,,unmatched,DuckTales (2017) – Season 3 – Quack Pack!
missing episode match metadata,0,F:\MediaStack\data\media\tv\DuckTales (2017)\Season 03\DuckTales (2017) - S03E03 - Double-O-Duck in You Only Crash Twice!.mkv,,,episode,imdb://tt1231655,,unmatched,DuckTales (2017) – Season 3 – Double-O-Duck in You Only Crash Twice!
missing episode match metadata,0,F:\MediaStack\data\media\tv\DuckTales (2017)\Season 03\DuckTales (2017) - S03E04 - The Lost Harp of Mervana!.mkv,,,episode,imdb://tt11973534,,unmatched,DuckTales (2017) – Season 3 – The Lost Harp of Mervana!
missing episode match metadata,0,F:\MediaStack\data\media\tv\DuckTales (2017)\Season 03\DuckTales (2017) - S03E05 - Louie's Eleven!.mkv,,,episode,imdb://tt11973536,,unmatched,DuckTales (2017) – Season 3 – Louie's Eleven!
missing episode match metadata,0,F:\MediaStack\data\media\tv\DuckTales (2017)\Season 03\DuckTales (2017) - S03E06 - Astro B.O.Y.D.!.mkv,,,episode,imdb://tt11973540,,unmatched,DuckTales (2017) – Season 3 – Astro B.O.Y.D.!
missing episode match metadata,0,F:\MediaStack\data\media\tv\DuckTales (2017)\Season 03\DuckTales (2017) - S03E07 - The Rumble for Ragnarok!.mkv,,,episode,imdb://tt11973546,,unmatched,DuckTales (2017) – Season 3 – The Rumble for Ragnarok!
missing episode match metadata,0,F:\MediaStack\data\media\tv\DuckTales (2017)\Season 03\DuckTales (2017) - S03E08 - The Phantom and the Sorceress!.mkv,,,episode,imdb://tt12838846,,unmatched,DuckTales (2017) – Season 3 – The Phantom and the Sorceress
missing episode match metadata,0,F:\MediaStack\data\media\tv\DuckTales (2017)\Season 03\DuckTales (2017) - S03E09 - They Put a Moonlander on the Earth!.mkv,,,episode,imdb://tt12856770,,unmatched,DuckTales (2017) – Season 3 – They Put a Moonlander on the Earth!
missing episode match metadata,0,F:\MediaStack\data\media\tv\DuckTales (2017)\Season 03\DuckTales (2017) - S03E10 - The Trickening!.mkv,,,episode,imdb://tt12884594,,unmatched,DuckTales (2017) – Season 3 – The Trickening!
missing episode match metadata,0,F:\MediaStack\data\media\tv\DuckTales (2017)\Season 01\DuckTales (2017) - S01E07 - The Infernal Internship of Mark Beaks!.mkv,,,episode,imdb://tt7363810,,unmatched,DuckTales (2017) – Season 1 – The Infernal Internship of Mark Beaks!
missing episode match metadata,0,F:\MediaStack\data\media\tv\DuckTales (2017)\Season 01\DuckTales (2017) - S01E08 - The Living Mummies of Toth-Ra!.mkv,,,episode,imdb://tt7441310,,unmatched,DuckTales (2017) – Season 1 – The Living Mummies of Toth-Ra!
missing episode match metadata,0,F:\MediaStack\data\media\tv\DuckTales (2017)\Season 01\DuckTales (2017) - S01E09 - The Impossible Summit of Mt. Neverrest!.mkv,,,episode,imdb://tt7441872,,unmatched,DuckTales (2017) – Season 1 – The Impossible Summit of Mt. Neverrest
missing episode match metadata,0,F:\MediaStack\data\media\tv\DuckTales (2017)\Season 01\DuckTales (2017) - S01E10 - The Spear of Selene!.mkv,,,episode,imdb://tt8217578,,unmatched,DuckTales (2017) – Season 1 – The Spear of Selene!
missing episode match metadata,0,F:\MediaStack\data\media\tv\DuckTales (2017)\Season 01\DuckTales (2017) - S01E11 - Beware the B.U.D.D.Y. System!.mkv,,,episode,imdb://tt8228740,,unmatched,DuckTales (2017) – Season 1 – Beware the B.U.D.D.Y. System!
missing episode match metadata,0,F:\MediaStack\data\media\tv\DuckTales (2017)\Season 01\DuckTales (2017) - S01E12 - The Missing Links of Moorshire!.mkv,,,episode,imdb://tt8207012,,unmatched,DuckTales (2017) – Season 1 – The Missing Links of Moorshire!
missing episode match metadata,0,F:\MediaStack\data\media\tv\DuckTales (2017)\Season 01\DuckTales (2017) - S01E13 - McMystery at McDuck McManor!.mkv,,,episode,imdb://tt8209772,,unmatched,DuckTales (2017) – Season 1 – McMystery at McDuck McManor!
missing episode match metadata,0,F:\MediaStack\data\media\tv\DuckTales (2017)\Season 01\DuckTales (2017) - S01E14 - Jaw$!.mkv,,,episode,imdb://tt8373292,,unmatched,DuckTales (2017) – Season 1 – JAW$!
missing episode match metadata,0,F:\MediaStack\data\media\tv\DuckTales (2017)\Season 01\DuckTales (2017) - S01E15 - The Golden Lagoon of White Agony Plains!.mkv,,,episode,imdb://tt8373294,,unmatched,DuckTales (2017) – Season 1 – The Golden Lagoon of White Agony Plains!
missing episode match metadata,0,F:\MediaStack\data\media\tv\DuckTales (2017)\Season 01\DuckTales (2017) - S01E16 - Day of the Only Child!.mkv,,,episode,imdb://tt8373290,,unmatched,DuckTales (2017) – Season 1 – Day of the Only Child!
missing episode match metadata,0,F:\MediaStack\data\media\tv\DuckTales (2017)\Season 01\DuckTales (2017) - S01E17 - From the Confidential Case Files of Agent 22!.mkv,,,episode,imdb://tt8373296,,unmatched,DuckTales (2017) – Season 1 – From the Confidential Casefiles of Agent 22!
missing episode match metadata,0,F:\MediaStack\data\media\tv\DuckTales (2017)\Season 01\DuckTales (2017) - S01E18 - Who is Gizmoduck!!.mkv,,,episode,imdb://tt8373304,,unmatched,DuckTales (2017) – Season 1 – Who is Gizmoduck?!
missing episode match metadata,0,F:\MediaStack\data\media\tv\DuckTales (2017)\Season 01\DuckTales (2017) - S01E19 - The Other Bin of Scrooge McDuck!.mkv,,,episode,imdb://tt8373300,,unmatched,DuckTales (2017) – Season 1 – The Other Bin of Scrooge McDuck!
missing episode match metadata,0,F:\MediaStack\data\media\tv\DuckTales (2017)\Season 01\DuckTales (2017) - S01E20 - Sky Pirates…In the Sky!.mkv,,,episode,imdb://tt8373298,,unmatched,DuckTales (2017) – Season 1 – Sky Pirates...In the Sky!
missing episode match metadata,0,F:\MediaStack\data\media\tv\DuckTales (2017)\Season 01\DuckTales (2017) - S01E21 - The Secret(s) of Castle McDuck!.mkv,,,episode,imdb://tt8373306,,unmatched,DuckTales (2017) – Season 1 – The Secret(s) of Castle McDuck!
missing episode match metadata,0,F:\MediaStack\data\media\tv\DuckTales (2017)\Season 01\DuckTales (2017) - S01E22 - The Last Crash of the Sunchaser!.mkv,,,episode,imdb://tt8373310,,unmatched,DuckTales (2017) – Season 1 – The Last Crash of the Sunchaser!
missing episode match metadata,0,F:\MediaStack\data\media\tv\DuckTales (2017)\Season 01\DuckTales (2017) - S01E23 - The Shadow War!.mkv,,,episode,imdb://tt8373324,,unmatched,DuckTales (2017) – Season 1 – The Shadow War
missing episode match metadata,0,F:\MediaStack\data\media\tv\DuckTales (2017)\Season 02\DuckTales (2017) - S02E01 - The Most Dangerous Game…Night!.mkv,,,episode,imdb://tt7391478,,unmatched,DuckTales (2017) – Season 2 – The Most Dangerous Game...Night!
missing episode match metadata,0,F:\MediaStack\data\media\tv\DuckTales (2017)\Season 02\DuckTales (2017) - S02E02 - The Depths of Cousin Fethry!.mkv,,,episode,imdb://tt9038454,,unmatched,DuckTales (2017) – Season 2 – The Depths of Cousin Fethry!
missing episode match metadata,0,F:\MediaStack\data\media\tv\DuckTales (2017)\Season 02\DuckTales (2017) - S02E03 - The Ballad of Duke Baloney!.mkv,,,episode,imdb://tt9125700,,unmatched,DuckTales (2017) – Season 2 – The Ballad of Duke Baloney!
missing episode match metadata,0,F:\MediaStack\data\media\tv\DuckTales (2017)\Season 02\DuckTales (2017) - S02E04 - The Town Where Everyone Was Nice!.mkv,,,episode,imdb://tt9119810,,unmatched,DuckTales (2017) – Season 2 – The Town Where Everyone Was Nice!
missing episode match metadata,0,F:\MediaStack\data\media\tv\DuckTales (2017)\Season 02\DuckTales (2017) - S02E05 - Storkules in Duckburg!.mkv,,,episode,imdb://tt9125702,,unmatched,DuckTales (2017) – Season 2 – Storkules in Duckburg!
missing episode match metadata,0,F:\MediaStack\data\media\tv\DuckTales (2017)\Season 02\DuckTales (2017) - S02E06 - Last Christmas!.mkv,,,episode,imdb://tt9220132,,unmatched,DuckTales (2017) – Season 2 – Last Christmas!
missing episode match metadata,0,F:\MediaStack\data\media\tv\DuckTales (2017)\Season 02\DuckTales (2017) - S02E07 - What Ever Happened to Della Duck!!.mkv,,,episode,imdb://tt9313942,,unmatched,DuckTales (2017) – Season 2 – What Ever Happened to Della Duck?!
missing episode match metadata,0,F:\MediaStack\data\media\tv\DuckTales\Season 03\DuckTales - S03E04 - The Good Muddahs.mp4,,,episode,imdb://tt0566952,,unmatched,DuckTales – Season 3 – The Good Muddahs
missing episode match metadata,0,F:\MediaStack\data\media\tv\DuckTales\Season 03\DuckTales - S03E05 - My Mother the Psychic.mp4,,,episode,imdb://tt1052588,,unmatched,DuckTales – Season 3 – My Mother the Psychic
missing episode match metadata,0,F:\MediaStack\data\media\tv\DuckTales\Season 03\DuckTales - S03E06 - Metal Attraction.mp4,,,episode,imdb://tt1052585,,unmatched,DuckTales – Season 3 – Metal Attraction
missing episode match metadata,0,F:\MediaStack\data\media\tv\DuckTales\Season 03\DuckTales - S03E07 - Dough Ray Me.mp4,,,episode,imdb://tt1052571,,unmatched,DuckTales – Season 3 – Dough Ray Me
missing episode match metadata,0,F:\MediaStack\data\media\tv\DuckTales\Season 03\DuckTales - S03E08 - Bubba's Big Brainstorm.mp4,,,episode,imdb://tt1052564,,unmatched,DuckTales – Season 3 – Bubba's Big Brainstorm
missing episode match metadata,0,F:\MediaStack\data\media\tv\DuckTales\Season 03\DuckTales - S03E09 - The Big Flub.mp4,,,episode,imdb://tt1052596,,unmatched,DuckTales – Season 3 – The Big Flub
missing episode match metadata,0,F:\MediaStack\data\media\tv\DuckTales\Season 03\DuckTales - S03E10 - A Case of Mistaken Secret Identity.mp4,,,episode,imdb://tt1052554,,unmatched,DuckTales – Season 3 – A Case of Mistaken Secret Identity
missing episode match metadata,0,F:\MediaStack\data\media\tv\DuckTales\Season 03\DuckTales - S03E11 - Blue Collar Scrooge.mp4,,,episode,imdb://tt1052563,,unmatched,DuckTales – Season 3 – Blue Collar Scrooge
missing episode match metadata,0,F:\MediaStack\data\media\tv\DuckTales\Season 03\DuckTales - S03E12 - Beaglemania.mp4,,,episode,imdb://tt1052562,,unmatched,DuckTales – Season 3 – Beaglemania
missing episode match metadata,0,F:\MediaStack\data\media\tv\DuckTales\Season 03\DuckTales - S03E13 - Yuppy Ducks.mp4,,,episode,imdb://tt1052616,,unmatched,DuckTales – Season 3 – Yuppy Ducks
missing episode match metadata,0,F:\MediaStack\data\media\tv\DuckTales\Season 03\DuckTales - S03E14 - The Bride Wore Stripes.mp4,,,episode,imdb://tt1052598,,unmatched,DuckTales – Season 3 – The Bride Wore Stripes
missing episode match metadata,0,F:\MediaStack\data\media\tv\DuckTales\Season 03\DuckTales - S03E15 - The Unbreakable Bin.mp4,,,episode,imdb://tt1052608,,unmatched,DuckTales – Season 3 – The Unbreakable Bin
missing episode match metadata,0,F:\MediaStack\data\media\tv\DuckTales\Season 03\DuckTales - S03E16 - Attack of the Fifty-Foot Webby.mp4,,,episode,imdb://tt1052558,,unmatched,DuckTales – Season 3 – Attack of the Fifty-Foot Webby
missing episode match metadata,0,F:\MediaStack\data\media\tv\DuckTales\Season 03\DuckTales - S03E17 - The Masked Mallard.mp4,,,episode,imdb://tt1052604,,unmatched,DuckTales – Season 3 – The Masked Mallard
missing episode match metadata,0,F:\MediaStack\data\media\tv\DuckTales\Season 03\DuckTales - S03E18 - A DuckTales Valentine (Amour or Less).mp4,,,episode,imdb://tt1052555,,unmatched,DuckTales – Season 3 – A DuckTales Valentine (Amour or Less)
missing episode match metadata,0,F:\MediaStack\data\media\tv\DuckTales\Season 04\DuckTales - S04E01 - Ducky Mountain High.mp4,,,episode,imdb://tt1052575,,unmatched,DuckTales – Season 4 – Ducky Mountain High
missing episode match metadata,0,F:\MediaStack\data\media\tv\DuckTales\Season 04\DuckTales - S04E02 - Attack of the Metal Mites.mp4,,,episode,imdb://tt1052559,,unmatched,DuckTales – Season 4 – Attack of the Metal Mites
missing episode match metadata,0,F:\MediaStack\data\media\tv\DuckTales\Season 04\DuckTales - S04E03 - The Duck Who Knew Too Much.mp4,,,episode,imdb://tt1052600,,unmatched,DuckTales – Season 4 – The Duck Who Knew Too Much
missing episode match metadata,0,F:\MediaStack\data\media\tv\DuckTales\Season 04\DuckTales - S04E04 - New Gizmo-Kids on the Block.mp4,,,episode,imdb://tt1052589,,unmatched,DuckTales – Season 4 – New Gizmo-Kids on the Block
missing episode match metadata,0,F:\MediaStack\data\media\tv\DuckTales\Season 04\DuckTales - S04E05 - Scrooge's Last Adventure.mp4,,,episode,imdb://tt1052592,,unmatched,DuckTales – Season 4 – Scrooge's Last Adventure
missing episode match metadata,0,F:\MediaStack\data\media\tv\DuckTales\Season 04\DuckTales - S04E06 - The Golden Goose (1).mp4,,,episode,imdb://tt1052602,,unmatched,DuckTales – Season 4 – The Golden Goose (1)
missing episode match metadata,0,F:\MediaStack\data\media\tv\DuckTales\Season 04\DuckTales - S04E07 - The Golden Goose (2).mp4,,,episode,imdb://tt1108183,,unmatched,DuckTales – Season 4 – The Golden Goose (2)
missing episode match metadata,0,F:\MediaStack\data\media\tv\DuckTales (2017)\Season 01\DuckTales (2017) - S01E01 - Woo-oo!.mkv,,,episode,imdb://tt6341020,,unmatched,DuckTales (2017) – Season 1 – Woo-oo!
missing episode match metadata,0,F:\MediaStack\data\media\tv\DuckTales (2017)\Season 01\DuckTales (2017) - S01E02 - Daytrip of Doom!.mkv,,,episode,imdb://tt7238546,,unmatched,DuckTales (2017) – Season 1 – Daytrip of Doom!
missing episode match metadata,0,F:\MediaStack\data\media\tv\DuckTales (2017)\Season 01\DuckTales (2017) - S01E03 - The Great Dime Chase!.mkv,,,episode,imdb://tt7150820,,unmatched,DuckTales (2017) – Season 1 – The Great Dime Chase!
missing episode match metadata,0,F:\MediaStack\data\media\tv\DuckTales (2017)\Season 01\DuckTales (2017) - S01E04 - The Beagle Birthday Massacre!.mkv,,,episode,imdb://tt7028066,,unmatched,DuckTales (2017) – Season 1 – The Beagle Birthday Massacre!
missing episode match metadata,0,F:\MediaStack\data\media\tv\DuckTales (2017)\Season 01\DuckTales (2017) - S01E05 - Terror of the Terra-Firmians!.mkv,,,episode,imdb://tt7363804,,unmatched,DuckTales (2017) – Season 1 – Terror of the Terra-Firmians!
missing episode match metadata,0,F:\MediaStack\data\media\tv\DuckTales (2017)\Season 01\DuckTales (2017) - S01E06 - The House of the Lucky Gander!.mkv,,,episode,imdb://tt7383182,,unmatched,DuckTales (2017) – Season 1 – The House of the Lucky Gander!
missing episode match metadata,0,F:\MediaStack\data\media\tv\DuckTales\Season 01\DuckTales - S01E55 - Dime Enough for Luck.mp4,,,episode,imdb://tt1052581,,unmatched,DuckTales – Season 1 – Launchpad's First Crash
missing episode match metadata,0,F:\MediaStack\data\media\tv\DuckTales\Season 01\DuckTales - S01E56 - Duck in the Iron Mask.mp4,,,episode,imdb://tt1052569,,unmatched,DuckTales – Season 1 – Dime Enough For Luck
missing episode match metadata,0,F:\MediaStack\data\media\tv\DuckTales\Season 01\DuckTales - S01E57 - The Uncrashable Hindentanic.mp4,,,episode,imdb://tt1008181,,unmatched,DuckTales – Season 1 – Duck in the Iron Mask
missing episode match metadata,0,F:\MediaStack\data\media\tv\DuckTales\Season 01\DuckTales - S01E58 - The Status Seekers.mp4,,,episode,imdb://tt0948896,,unmatched,DuckTales – Season 1 – The Uncrashable Hindentanic
missing episode match metadata,0,F:\MediaStack\data\media\tv\DuckTales\Season 01\DuckTales - S01E59 - Nothing to Fear.mp4,,,episode,imdb://tt1052607,,unmatched,DuckTales – Season 1 – The Status Seekers
missing episode match metadata,0,F:\MediaStack\data\media\tv\DuckTales\Season 01\DuckTales - S01E60 - Dr. Jekyll & Mr. McDuck.mp4,,,episode,imdb://tt0566947,,unmatched,DuckTales – Season 1 – Nothing to Fear
missing episode match metadata,0,F:\MediaStack\data\media\tv\DuckTales\Season 01\DuckTales - S01E61 - Once Upon a Dime.mp4,,,episode,imdb://tt0845182,,unmatched,DuckTales – Season 1 – Dr. Jekyll & Mr. McDuck
missing episode match metadata,0,F:\MediaStack\data\media\tv\DuckTales\Season 01\DuckTales - S01E62 - Spies in Their Eyes.mp4,,,episode,imdb://tt1052590,,unmatched,DuckTales – Season 1 – Once Upon a Dime
missing episode match metadata,0,F:\MediaStack\data\media\tv\DuckTales\Season 01\DuckTales - S01E63 - All Ducks on Deck.mp4,,,episode,imdb://tt0566951,,unmatched,DuckTales – Season 1 – Spies In Their Eyes
missing episode match metadata,0,F:\MediaStack\data\media\tv\DuckTales\Season 01\DuckTales - S01E64 - Ducky Horror Picture Show.mp4,,,episode,imdb://tt1052556,,unmatched,DuckTales – Season 1 – All Ducks On Deck
missing episode match metadata,0,F:\MediaStack\data\media\tv\DuckTales\Season 01\DuckTales - S01E65 - Till Nephews Do Us Part.mp4,,,episode,imdb://tt1052574,,unmatched,DuckTales – Season 1 – Ducky Horror Picture Show
missing episode match metadata,0,F:\MediaStack\data\media\tv\DuckTales\Season 02\DuckTales - S02E01 - Time is Money (1) - Marking Time.mp4,,,episode,imdb://tt0394457,,unmatched,DuckTales – Season 2 – Marking Time (1)
missing episode match metadata,0,F:\MediaStack\data\media\tv\DuckTales\Season 02\DuckTales - S02E02 - Time is Money (2) - The Duck Who Would Be King.mp4,,,episode,imdb://tt1052610,,unmatched,DuckTales – Season 2 – The Duck Who Would Be King (2)
missing episode match metadata,0,F:\MediaStack\data\media\tv\DuckTales\Season 02\DuckTales - S02E03 - Time is Money (3) - Bubba Trubba.mp4,,,episode,imdb://tt1052611,,unmatched,DuckTales – Season 2 – Bubba Trubba (3)
missing episode match metadata,0,F:\MediaStack\data\media\tv\DuckTales\Season 02\DuckTales - S02E04 - Time is Money (4) - Ducks on the Lam.mp4,,,episode,imdb://tt1052612,,unmatched,DuckTales – Season 2 – Ducks on the Lam (4)
missing episode match metadata,0,F:\MediaStack\data\media\tv\DuckTales\Season 02\DuckTales - S02E05 - Time is Money (5) - Ali Bubba's Cave.mp4,,,episode,imdb://tt1052613,,unmatched,DuckTales – Season 2 – Ali Bubba's Cave (5)
missing episode match metadata,0,F:\MediaStack\data\media\tv\DuckTales\Season 02\DuckTales - S02E06 - Super Ducktales (1) - Liquid Assets.mp4,,,episode,imdb://tt1052582,,unmatched,DuckTales – Season 2 – Liquid Assets (1)
missing episode match metadata,0,F:\MediaStack\data\media\tv\DuckTales\Season 02\DuckTales - S02E07 - Super Ducktales (2) - Frozen Assets.mp4,,,episode,imdb://tt1052577,,unmatched,DuckTales – Season 2 – Frozen Assets (2)
missing episode match metadata,0,F:\MediaStack\data\media\tv\DuckTales\Season 02\DuckTales - S02E08 - Super Ducktales (3) - Full Metal Duck.mp4,,,episode,imdb://tt1052578,,unmatched,DuckTales – Season 2 – Full Metal Duck (3)
missing episode match metadata,0,F:\MediaStack\data\media\tv\DuckTales\Season 02\DuckTales - S02E09 - Super Ducktales (4) - The Billionaire Beagle Boys Club.mp4,,,episode,imdb://tt1052597,,unmatched,DuckTales – Season 2 – The Billionaire Beagle Boys Club (4)
missing episode match metadata,0,F:\MediaStack\data\media\tv\DuckTales\Season 02\DuckTales - S02E10 - Super Ducktales (5) - Money to Burn.mp4,,,episode,imdb://tt1052587,,unmatched,DuckTales – Season 2 – Money to Burn (5)
missing episode match metadata,0,F:\MediaStack\data\media\tv\DuckTales\Season 03\DuckTales - S03E01 - The Land of Trala La.mp4,,,episode,imdb://tt1052603,,unmatched,DuckTales – Season 3 – The Land of Trala La
missing episode match metadata,0,F:\MediaStack\data\media\tv\DuckTales\Season 03\DuckTales - S03E02 - Allowance Day.mp4,,,episode,imdb://tt1052557,,unmatched,DuckTales – Season 3 – Allowance Day
missing episode match metadata,0,F:\MediaStack\data\media\tv\DuckTales\Season 03\DuckTales - S03E03 - Bubbeo & Juliet.mp4,,,episode,imdb://tt1052565,,unmatched,DuckTales – Season 3 – Bubbeo & Juliet
missing episode match metadata,0,F:\MediaStack\data\media\tv\DuckTales\Season 01\DuckTales - S01E31 - Bermuda Triangle Tangle.mp4,,,episode,imdb://tt0566936,,unmatched,DuckTales – Season 1 – Bermuda Triangle Tangle
missing episode match metadata,0,F:\MediaStack\data\media\tv\DuckTales\Season 01\DuckTales - S01E32 - Micro Ducks from Outer Space.mp4,,,episode,imdb://tt1052586,,unmatched,DuckTales – Season 1 – Micro Ducks from Outer Space
missing episode match metadata,0,F:\MediaStack\data\media\tv\DuckTales\Season 01\DuckTales - S01E33 - Back to the Klondike.mp4,,,episode,imdb://tt1052561,,unmatched,DuckTales – Season 1 – Back to the Klondike
missing episode match metadata,0,F:\MediaStack\data\media\tv\DuckTales\Season 01\DuckTales - S01E34 - Horse Scents.mp4,,,episode,imdb://tt0566942,,unmatched,DuckTales – Season 1 – Horse Scents
missing episode match metadata,0,F:\MediaStack\data\media\tv\DuckTales\Season 01\DuckTales - S01E35 - Scrooge's Pet.mp4,,,episode,imdb://tt0566948,,unmatched,DuckTales – Season 1 – Scrooge's Pet
missing episode match metadata,0,F:\MediaStack\data\media\tv\DuckTales\Season 01\DuckTales - S01E36 - Catch as Cash Can (1) - A Drain on the Economy.mp4,,,episode,imdb://tt0948893,,unmatched,DuckTales – Season 1 – A Drain on the Economy (1)
missing episode match metadata,0,F:\MediaStack\data\media\tv\DuckTales\Season 01\DuckTales - S01E37 - Catch as Cash Can (2) - A Whale of a Bad Time.mp4,,,episode,imdb://tt1052566,,unmatched,DuckTales – Season 1 – A Whale of a Bad Time (2)
missing episode match metadata,0,F:\MediaStack\data\media\tv\DuckTales\Season 01\DuckTales - S01E38 - Catch as Cash Can (3) - Aqua Ducks.mp4,,,episode,imdb://tt1052567,,unmatched,DuckTales – Season 1 – Aqua Ducks (3)
missing episode match metadata,0,F:\MediaStack\data\media\tv\DuckTales\Season 01\DuckTales - S01E39 - Catch as Cash Can (4) - Working for Scales.mp4,,,episode,imdb://tt1052568,,unmatched,DuckTales – Season 1 – Working for Scales (4)
missing episode match metadata,0,F:\MediaStack\data\media\tv\DuckTales\Season 01\DuckTales - S01E40 - Merit-Time Adventure.mp4,,,episode,imdb://tt0566946,,unmatched,DuckTales – Season 1 – Merit-Time Adventure
missing episode match metadata,0,F:\MediaStack\data\media\tv\DuckTales\Season 01\DuckTales - S01E41 - The Golden Fleecing.mp4,,,episode,imdb://tt1052601,,unmatched,DuckTales – Season 1 – The Golden Fleecing
missing episode match metadata,0,F:\MediaStack\data\media\tv\DuckTales\Season 01\DuckTales - S01E42 - Ducks of the West.mp4,,,episode,imdb://tt1052573,,unmatched,DuckTales – Season 1 – Ducks of the West
missing episode match metadata,0,F:\MediaStack\data\media\tv\DuckTales\Season 01\DuckTales - S01E43 - Time Teasers.mp4,,,episode,imdb://tt1052614,,unmatched,DuckTales – Season 1 – Time Teasers
missing episode match metadata,0,F:\MediaStack\data\media\tv\DuckTales\Season 01\DuckTales - S01E44 - Back Out in the Outback.mp4,,,episode,imdb://tt1052560,,unmatched,DuckTales – Season 1 – Back Out in the Outback
missing episode match metadata,0,F:\MediaStack\data\media\tv\DuckTales\Season 01\DuckTales - S01E45 - Raiders of the Lost Harp.mp4,,,episode,imdb://tt1052591,,unmatched,DuckTales – Season 1 – Raiders of the Lost Harp
missing episode match metadata,0,F:\MediaStack\data\media\tv\DuckTales\Season 01\DuckTales - S01E46 - The Right Duck.mp4,,,episode,imdb://tt1052606,,unmatched,DuckTales – Season 1 – The Right Duck
missing episode match metadata,0,F:\MediaStack\data\media\tv\DuckTales\Season 01\DuckTales - S01E47 - Scroogerello.mp4,,,episode,imdb://tt1052593,,unmatched,DuckTales – Season 1 – Scroogerello
missing episode match metadata,0,F:\MediaStack\data\media\tv\DuckTales\Season 01\DuckTales - S01E48 - Double-O-Duck.mp4,,,episode,imdb://tt0566938,,unmatched,DuckTales – Season 1 – Double-O-Duck
missing episode match metadata,0,F:\MediaStack\data\media\tv\DuckTales\Season 01\DuckTales - S01E49 - Luck o' the Ducks.mp4,,,episode,imdb://tt1008179,,unmatched,DuckTales – Season 1 – Luck o' the Ducks
missing episode match metadata,0,F:\MediaStack\data\media\tv\DuckTales\Season 01\DuckTales - S01E50 - Duckworth's Revolt.mp4,,,episode,imdb://tt0566940,,unmatched,DuckTales – Season 1 – Duckworth's Revolt
missing episode match metadata,0,F:\MediaStack\data\media\tv\DuckTales\Season 01\DuckTales - S01E51 - Magica's Magic Mirror + Take Me Out of the Ballgame.mp4,,,episode,tmdb://3762226,,unmatched,DuckTales – Season 1 – Magica's Magic Mirror
missing episode match metadata,0,F:\MediaStack\data\media\tv\DuckTales\Season 01\DuckTales - S01E52 - Duck to the Future.mp4,,,episode,imdb://tt1052583,,unmatched,DuckTales – Season 1 – Take Me Out of the Ballgame
missing episode match metadata,0,F:\MediaStack\data\media\tv\DuckTales\Season 01\DuckTales - S01E53 - Jungle Duck.mp4,,,episode,imdb://tt0566939,,unmatched,DuckTales – Season 1 – Duck to the Future
missing episode match metadata,0,F:\MediaStack\data\media\tv\DuckTales\Season 01\DuckTales - S01E54 - Launchpad's First Crash.mp4,,,episode,imdb://tt1052580,,unmatched,DuckTales – Season 1 – Jungle Duck
missing episode match metadata,0,F:\MediaStack\data\media\tv\DuckTales\Season 01\DuckTales - S01E06 - Send in the Clones.mp4,,,episode,imdb://tt0940026,,unmatched,DuckTales – Season 1 – Send in the Clones
missing episode match metadata,0,F:\MediaStack\data\media\tv\DuckTales\Season 01\DuckTales - S01E07 - Sphinx for the Memories.mp4,,,episode,imdb://tt0566949,,unmatched,DuckTales – Season 1 – Sphinx for the Memories
missing episode match metadata,0,F:\MediaStack\data\media\tv\DuckTales\Season 01\DuckTales - S01E08 - Where No Duck Has Gone Before.mp4,,,episode,imdb://tt0566953,,unmatched,DuckTales – Season 1 – Where No Duck Has Gone Before
missing episode match metadata,0,F:\MediaStack\data\media\tv\DuckTales\Season 01\DuckTales - S01E09 - Armstrong.mp4,,,episode,imdb://tt0756854,,unmatched,DuckTales – Season 1 – Armstrong
missing episode match metadata,0,F:\MediaStack\data\media\tv\DuckTales\Season 01\DuckTales - S01E10 - Robot Robbers.mp4,,,episode,imdb://tt0941455,,unmatched,DuckTales – Season 1 – Robot Robbers
missing episode match metadata,0,F:\MediaStack\data\media\tv\DuckTales\Season 01\DuckTales - S01E11 - Magica's Shadow War.mp4,,,episode,imdb://tt0941454,,unmatched,DuckTales – Season 1 – Magica's Shadow War
missing episode match metadata,0,F:\MediaStack\data\media\tv\DuckTales\Season 01\DuckTales - S01E12 - Master of the Djinni.mp4,,,episode,imdb://tt0566945,,unmatched,DuckTales – Season 1 – Master of the Djinni
missing episode match metadata,0,F:\MediaStack\data\media\tv\DuckTales\Season 01\DuckTales - S01E13 - Hotel Strangeduck.mp4,,,episode,imdb://tt0566943,,unmatched,DuckTales – Season 1 – Hotel Strangeduck
missing episode match metadata,0,F:\MediaStack\data\media\tv\DuckTales\Season 01\DuckTales - S01E14 - Lost Crown of Genghis Khan.mp4,,,episode,imdb://tt1033804,,unmatched,DuckTales – Season 1 – Lost Crown of Genghis Khan
missing episode match metadata,0,F:\MediaStack\data\media\tv\DuckTales\Season 01\DuckTales - S01E15 - Duckman of Aquatraz.mp4,,,episode,imdb://tt1033803,,unmatched,DuckTales – Season 1 – Duckman of Aquatraz
missing episode match metadata,0,F:\MediaStack\data\media\tv\DuckTales\Season 01\DuckTales - S01E16 - The Money Vanishes.mp4,,,episode,imdb://tt1052605,,unmatched,DuckTales – Season 1 – The Money Vanishes
missing episode match metadata,0,F:\MediaStack\data\media\tv\DuckTales\Season 01\DuckTales - S01E17 - Sir Gyro de Gearloose.mp4,,,episode,imdb://tt1052594,,unmatched,DuckTales – Season 1 – Sir Gyro de Gearloose
missing episode match metadata,0,F:\MediaStack\data\media\tv\DuckTales\Season 01\DuckTales - S01E18 - Dinosaur Ducks.mp4,,,episode,imdb://tt1052570,,unmatched,DuckTales – Season 1 – Dinosaur Ducks
missing episode match metadata,0,F:\MediaStack\data\media\tv\DuckTales\Season 01\DuckTales - S01E19 - Hero for Hire.mp4,,,episode,imdb://tt0566941,,unmatched,DuckTales – Season 1 – Hero for Hire
missing episode match metadata,0,F:\MediaStack\data\media\tv\DuckTales\Season 01\DuckTales - S01E20 - Superdoo!.mp4,,,episode,imdb://tt0948895,,unmatched,DuckTales – Season 1 – Superdoo!
missing episode match metadata,0,F:\MediaStack\data\media\tv\DuckTales\Season 01\DuckTales - S01E21 - Maid of the Myth.mp4,,,episode,imdb://tt1052584,,unmatched,DuckTales – Season 1 – Maid of the Myth
missing episode match metadata,0,F:\MediaStack\data\media\tv\DuckTales\Season 01\DuckTales - S01E22 - Down & Out in Duckburg.mp4,,,episode,imdb://tt1052572,,unmatched,DuckTales – Season 1 – Down & Out in Duckburg
missing episode match metadata,0,F:\MediaStack\data\media\tv\DuckTales\Season 01\DuckTales - S01E23 - Much Ado About Scrooge.mp4,,,episode,imdb://tt1008180,,unmatched,DuckTales – Season 1 – Much Ado About Scrooge
missing episode match metadata,0,F:\MediaStack\data\media\tv\DuckTales\Season 01\DuckTales - S01E24 - Top Duck.mp4,,,episode,imdb://tt0845666,,unmatched,DuckTales – Season 1 – Top Duck
missing episode match metadata,0,F:\MediaStack\data\media\tv\DuckTales\Season 01\DuckTales - S01E25 - Pearl of Wisdom.mp4,,,episode,imdb://tt0948894,,unmatched,DuckTales – Season 1 – Pearl of Wisdom
missing episode match metadata,0,F:\MediaStack\data\media\tv\DuckTales\Season 01\DuckTales - S01E26 - The Curse of Castle McDuck.mp4,,,episode,imdb://tt1052599,,unmatched,DuckTales – Season 1 – The Curse of Castle McDuck
missing episode match metadata,0,F:\MediaStack\data\media\tv\DuckTales\Season 01\DuckTales - S01E27 - Launchpad's Civil War.mp4,,,episode,imdb://tt0566944,,unmatched,DuckTales – Season 1 – Launchpad's Civil War
missing episode match metadata,0,F:\MediaStack\data\media\tv\DuckTales\Season 01\DuckTales - S01E28 - Sweet Duck of Youth.mp4,,,episode,imdb://tt1052595,,unmatched,DuckTales – Season 1 – Sweet Duck of Youth
missing episode match metadata,0,F:\MediaStack\data\media\tv\DuckTales\Season 01\DuckTales - S01E29 - Earth Quack.mp4,,,episode,imdb://tt1052576,,unmatched,DuckTales – Season 1 – Earth Quack
missing episode match metadata,0,F:\MediaStack\data\media\tv\DuckTales\Season 01\DuckTales - S01E30 - Home Sweet Homer.mp4,,,episode,imdb://tt1052579,,unmatched,DuckTales – Season 1 – Home Sweet Homer
missing episode match metadata,0,F:\MediaStack\data\media\tv\DuckTales\Season 01\DuckTales - S01E01 - Treasure of the Golden Suns (1) - Don't Give up the Ship.mp4,,,episode,imdb://tt0756856,,unmatched,DuckTales – Season 1 – Don't Give Up the Ship (1)
missing episode match metadata,0,F:\MediaStack\data\media\tv\DuckTales\Season 01\DuckTales - S01E02 - Treasure of the Golden Suns (2) - Wronguay in Ronguay.mp4,,,episode,imdb://tt1052615,,unmatched,DuckTales – Season 1 – Wronguay in Ronguay (2)
missing episode match metadata,0,F:\MediaStack\data\media\tv\DuckTales\Season 01\DuckTales - S01E03 - Treasure of the Golden Suns (3) - Three Ducks of the Condor.mp4,,,episode,imdb://tt1052609,,unmatched,DuckTales – Season 1 – Three Ducks of the Condor (3)
missing episode match metadata,0,F:\MediaStack\data\media\tv\DuckTales\Season 01\DuckTales - S01E04 - Treasure of the Golden Suns (4) - Cold Duck.mp4,,,episode,imdb://tt0756855,,unmatched,DuckTales – Season 1 – Cold Duck (4)
missing episode match metadata,0,F:\MediaStack\data\media\tv\DuckTales\Season 01\DuckTales - S01E05 - Treasure of the Golden Suns (5) - Too Much of a Gold Thing.mp4,,,episode,imdb://tt0756857,,unmatched,DuckTales – Season 1 – Too Much of a Gold Thing (5)
missing episode match metadata,0,F:\MediaStack\data\media\tv\Demon Slayer - Kimetsu no Yaiba\Season 03\Demon Slayer - Kimetsu no Yaiba - S03E08 - Gathering.mkv,,,episode,imdb://tt17163896,,unmatched,Demon Slayer: Kimetsu no Yaiba – Season 3 – Gathering
missing episode match metadata,0,F:\MediaStack\data\media\tv\Demon Slayer - Kimetsu no Yaiba\Season 03\Demon Slayer - Kimetsu no Yaiba - S03E09 - Defeating an Upper Rank Demon.mkv,,,episode,imdb://tt17337688,,unmatched,Demon Slayer: Kimetsu no Yaiba – Season 3 – Defeating an Upper Rank Demon
missing episode match metadata,0,F:\MediaStack\data\media\tv\Demon Slayer - Kimetsu no Yaiba\Season 03\Demon Slayer - Kimetsu no Yaiba - S03E10 - Never Give Up.mkv,,,episode,imdb://tt17521746,,unmatched,Demon Slayer: Kimetsu no Yaiba – Season 3 – Never Give Up
missing episode match metadata,0,F:\MediaStack\data\media\tv\Demon Slayer - Kimetsu no Yaiba\Season 03\Demon Slayer - Kimetsu no Yaiba - S03E11 - No Matter How Many Lives.mkv,,,episode,imdb://tt18034898,,unmatched,Demon Slayer: Kimetsu no Yaiba – Season 3 – No Matter How Many Lives
missing episode match metadata,0,F:\MediaStack\data\media\tv\Demon Slayer - Kimetsu no Yaiba\Season 04\Demon Slayer - Kimetsu no Yaiba - S04E01 - Someone's Dream.mkv,,,episode,imdb://tt27204288,,unmatched,Demon Slayer: Kimetsu no Yaiba – Season 4 – Someone's Dream
missing episode match metadata,0,F:\MediaStack\data\media\tv\Demon Slayer - Kimetsu no Yaiba\Season 04\Demon Slayer - Kimetsu no Yaiba - S04E02 - Yoriichi Type Zero.mkv,,,episode,imdb://tt27471302,,unmatched,Demon Slayer: Kimetsu no Yaiba – Season 4 – Yoriichi Type Zero
missing episode match metadata,0,F:\MediaStack\data\media\tv\Demon Slayer - Kimetsu no Yaiba\Season 04\Demon Slayer - Kimetsu no Yaiba - S04E03 - A Sword From Over 300 Years Ago.mkv,,,episode,imdb://tt27488498,,unmatched,Demon Slayer: Kimetsu no Yaiba – Season 4 – A Sword From Over 300 Years Ago
missing episode match metadata,0,"F:\MediaStack\data\media\tv\Demon Slayer - Kimetsu no Yaiba\Season 04\Demon Slayer - Kimetsu no Yaiba - S04E04 - Thank You, Tokito.mkv",,,episode,imdb://tt27580481,,unmatched,"Demon Slayer: Kimetsu no Yaiba – Season 4 – Thank You, Tokito"
missing episode match metadata,0,F:\MediaStack\data\media\tv\Demon Slayer - Kimetsu no Yaiba\Season 04\Demon Slayer - Kimetsu no Yaiba - S04E05 - Bright Red Sword.mkv,,,episode,imdb://tt27643967,,unmatched,Demon Slayer: Kimetsu no Yaiba – Season 4 – Bright Red Sword
missing episode match metadata,0,F:\MediaStack\data\media\tv\Demon Slayer - Kimetsu no Yaiba\Season 04\Demon Slayer - Kimetsu no Yaiba - S04E06 - Aren't You Going to Become a Hashira.mkv,,,episode,imdb://tt27696585,,unmatched,Demon Slayer: Kimetsu no Yaiba – Season 4 – Aren't You Going to Become a Hashira?
missing episode match metadata,0,F:\MediaStack\data\media\tv\Demon Slayer - Kimetsu no Yaiba\Season 04\Demon Slayer - Kimetsu no Yaiba - S04E07 - Awful Villain.mkv,,,episode,imdb://tt27752537,,unmatched,Demon Slayer: Kimetsu no Yaiba – Season 4 – Awful Villain
missing episode match metadata,0,F:\MediaStack\data\media\tv\Demon Slayer - Kimetsu no Yaiba\Season 04\Demon Slayer - Kimetsu no Yaiba - S04E08 - The Mu in Muichiro.mkv,,,episode,imdb://tt27820012,,unmatched,Demon Slayer: Kimetsu no Yaiba – Season 4 – The ‘Mu’ In Muichiro
missing episode match metadata,0,F:\MediaStack\data\media\tv\Demon Slayer - Kimetsu no Yaiba\Season 04\Demon Slayer - Kimetsu no Yaiba - S04E09 - Mist Hashira Muichiro Tokito.mkv,,,episode,imdb://tt27880399,,unmatched,Demon Slayer: Kimetsu no Yaiba – Season 4 – Mist Hashira: Muichiro Tokito
missing episode match metadata,0,F:\MediaStack\data\media\tv\Demon Slayer - Kimetsu no Yaiba\Season 04\Demon Slayer - Kimetsu no Yaiba - S04E10 - Love Hashira Mitsuri Kanroji.mkv,,,episode,imdb://tt27941580,,unmatched,Demon Slayer: Kimetsu no Yaiba – Season 4 – Love Hashira: Mitsuri Kanroji
missing episode match metadata,0,F:\MediaStack\data\media\tv\Demon Slayer - Kimetsu no Yaiba\Season 04\Demon Slayer - Kimetsu no Yaiba - S04E11 - A Connected Bond - Daybreak and First Light.mkv,,,episode,imdb://tt28069671,,unmatched,Demon Slayer: Kimetsu no Yaiba – Season 4 – A Connected Bond: Daybreak and First Light
missing episode match metadata,0,F:\MediaStack\data\media\tv\Demon Slayer - Kimetsu no Yaiba\Season 05\Demon Slayer - Kimetsu no Yaiba - S05E01 - To Defeat Muzan Kibutsuji.mkv,,,episode,imdb://tt29452416,,unmatched,Demon Slayer: Kimetsu no Yaiba – Season 5 – To Defeat Muzan Kibutsuji
missing episode match metadata,0,F:\MediaStack\data\media\tv\Demon Slayer - Kimetsu no Yaiba\Season 05\Demon Slayer - Kimetsu no Yaiba - S05E02 - Water Hashira Giyu Tomioka's Pain.mkv,,,episode,imdb://tt29452420,,unmatched,Demon Slayer: Kimetsu no Yaiba – Season 5 – Water Hashira Giyu Tomioka's Pain
missing episode match metadata,0,F:\MediaStack\data\media\tv\Demon Slayer - Kimetsu no Yaiba\Season 05\Demon Slayer - Kimetsu no Yaiba - S05E03 - Fully Recovered Tanjiro Joins the Hashira Training!!.mkv,,,episode,imdb://tt29452422,,unmatched,Demon Slayer: Kimetsu no Yaiba – Season 5 – Fully Recovered Tanjiro Joins the Hashira Training!!
missing episode match metadata,0,F:\MediaStack\data\media\tv\Demon Slayer - Kimetsu no Yaiba\Season 05\Demon Slayer - Kimetsu no Yaiba - S05E04 - To Bring a Smile to One's Face.mkv,,,episode,imdb://tt29452429,,unmatched,Demon Slayer: Kimetsu no Yaiba – Season 5 – To Bring a Smile to One's Face
missing episode match metadata,0,F:\MediaStack\data\media\tv\Demon Slayer - Kimetsu no Yaiba\Season 05\Demon Slayer - Kimetsu no Yaiba - S05E05 - I Even Ate Demons.mkv,,,episode,imdb://tt29452430,,unmatched,Demon Slayer: Kimetsu no Yaiba – Season 5 – I Even Ate Demons…
missing episode match metadata,0,F:\MediaStack\data\media\tv\Demon Slayer - Kimetsu no Yaiba\Season 05\Demon Slayer - Kimetsu no Yaiba - S05E06 - The Strongest of the Demon Slayer Corps.mkv,,,episode,imdb://tt29452434,,unmatched,Demon Slayer: Kimetsu no Yaiba – Season 5 – The Strongest of the Demon Slayer Corps
missing episode match metadata,0,F:\MediaStack\data\media\tv\Demon Slayer - Kimetsu no Yaiba\Season 05\Demon Slayer - Kimetsu no Yaiba - S05E07 - Stone Hashira Gyomei Himejima.mkv,,,episode,imdb://tt29452436,,unmatched,Demon Slayer: Kimetsu no Yaiba – Season 5 – Stone Hashira: Gyōmei Himejima
missing episode match metadata,0,F:\MediaStack\data\media\tv\Demon Slayer - Kimetsu no Yaiba\Season 05\Demon Slayer - Kimetsu no Yaiba - S05E08 - The Hashira Unite.mkv,,,episode,imdb://tt29452438,,unmatched,Demon Slayer: Kimetsu no Yaiba – Season 5 – The Hashira Unite
missing episode match metadata,0,F:\MediaStack\data\media\tv\Demon Slayer - Kimetsu no Yaiba\Season 01\Demon Slayer - Kimetsu no Yaiba - S01E17 - You Must Master a Single Thing.mkv,,,episode,imdb://tt10433096,,unmatched,Demon Slayer: Kimetsu no Yaiba – Season 1 – You Must Master a Single Thing
missing episode match metadata,0,F:\MediaStack\data\media\tv\Demon Slayer - Kimetsu no Yaiba\Season 01\Demon Slayer - Kimetsu no Yaiba - S01E18 - A Forged Bond.mkv,,,episode,imdb://tt10433098,,unmatched,Demon Slayer: Kimetsu no Yaiba – Season 1 – A Forged Bond
missing episode match metadata,0,F:\MediaStack\data\media\tv\Demon Slayer - Kimetsu no Yaiba\Season 01\Demon Slayer - Kimetsu no Yaiba - S01E19 - Hinokami.mkv,,,episode,imdb://tt10433100,,unmatched,Demon Slayer: Kimetsu no Yaiba – Season 1 – Hinokami
missing episode match metadata,0,F:\MediaStack\data\media\tv\Demon Slayer - Kimetsu no Yaiba\Season 01\Demon Slayer - Kimetsu no Yaiba - S01E20 - Pretend Family.mkv,,,episode,imdb://tt10433102,,unmatched,Demon Slayer: Kimetsu no Yaiba – Season 1 – Pretend Family
missing episode match metadata,0,F:\MediaStack\data\media\tv\Demon Slayer - Kimetsu no Yaiba\Season 01\Demon Slayer - Kimetsu no Yaiba - S01E21 - Against Corps Rules.mkv,,,episode,imdb://tt10433104,,unmatched,Demon Slayer: Kimetsu no Yaiba – Season 1 – Against Corps Rules
missing episode match metadata,0,F:\MediaStack\data\media\tv\Demon Slayer - Kimetsu no Yaiba\Season 01\Demon Slayer - Kimetsu no Yaiba - S01E22 - Master of the Mansion.mkv,,,episode,imdb://tt10433106,,unmatched,Demon Slayer: Kimetsu no Yaiba – Season 1 – Master of the Mansion
missing episode match metadata,0,F:\MediaStack\data\media\tv\Demon Slayer - Kimetsu no Yaiba\Season 01\Demon Slayer - Kimetsu no Yaiba - S01E23 - Hashira Meeting.mkv,,,episode,imdb://tt10433108,,unmatched,Demon Slayer: Kimetsu no Yaiba – Season 1 – Hashira Meeting
missing episode match metadata,0,F:\MediaStack\data\media\tv\Demon Slayer - Kimetsu no Yaiba\Season 01\Demon Slayer - Kimetsu no Yaiba - S01E24 - Rehabilitation Training.mkv,,,episode,imdb://tt10433110,,unmatched,Demon Slayer: Kimetsu no Yaiba – Season 1 – Rehabilitation Training
missing episode match metadata,0,"F:\MediaStack\data\media\tv\Demon Slayer - Kimetsu no Yaiba\Season 01\Demon Slayer - Kimetsu no Yaiba - S01E25 - Tsuguko, Kanao Tsuyuri.mkv",,,episode,imdb://tt10433112,,unmatched,"Demon Slayer: Kimetsu no Yaiba – Season 1 – Tsuguko, Kanao Tsuyuri"
missing episode match metadata,0,F:\MediaStack\data\media\tv\Demon Slayer - Kimetsu no Yaiba\Season 01\Demon Slayer - Kimetsu no Yaiba - S01E26 - New Mission.mkv,,,episode,imdb://tt10433114,,unmatched,Demon Slayer: Kimetsu no Yaiba – Season 1 – New Mission
missing episode match metadata,0,F:\MediaStack\data\media\tv\Demon Slayer - Kimetsu no Yaiba\Season 02\Demon Slayer - Kimetsu no Yaiba - S02E01 - Flame Hashira Kyojuro Rengoku.mkv,,,episode,imdb://tt14617256,,unmatched,Demon Slayer: Kimetsu no Yaiba – Season 2 – Flame Hashira: Kyojuro Rengoku
missing episode match metadata,0,F:\MediaStack\data\media\tv\Demon Slayer - Kimetsu no Yaiba\Season 02\Demon Slayer - Kimetsu no Yaiba - S02E02 - Deep Sleep.mkv,,,episode,imdb://tt15681070,,unmatched,Demon Slayer: Kimetsu no Yaiba – Season 2 – Deep Sleep
missing episode match metadata,0,F:\MediaStack\data\media\tv\Demon Slayer - Kimetsu no Yaiba\Season 02\Demon Slayer - Kimetsu no Yaiba - S02E03 - Should Have Been.mkv,,,episode,imdb://tt15713684,,unmatched,Demon Slayer: Kimetsu no Yaiba – Season 2 – Should Have Been
missing episode match metadata,0,F:\MediaStack\data\media\tv\Demon Slayer - Kimetsu no Yaiba\Season 02\Demon Slayer - Kimetsu no Yaiba - S02E04 - Insult.mkv,,,episode,imdb://tt15779046,,unmatched,Demon Slayer: Kimetsu no Yaiba – Season 2 – Insult
missing episode match metadata,0,F:\MediaStack\data\media\tv\Demon Slayer - Kimetsu no Yaiba\Season 02\Demon Slayer - Kimetsu no Yaiba - S02E05 - Move Forward!.mkv,,,episode,imdb://tt15757610,,unmatched,Demon Slayer: Kimetsu no Yaiba – Season 2 – Move Forward!
missing episode match metadata,0,F:\MediaStack\data\media\tv\Demon Slayer - Kimetsu no Yaiba\Season 02\Demon Slayer - Kimetsu no Yaiba - S02E06 - Akaza.mkv,,,episode,imdb://tt15757628,,unmatched,Demon Slayer: Kimetsu no Yaiba – Season 2 – Akaza
missing episode match metadata,0,F:\MediaStack\data\media\tv\Demon Slayer - Kimetsu no Yaiba\Season 02\Demon Slayer - Kimetsu no Yaiba - S02E07 - Set Your Heart Ablaze.mkv,,,episode,imdb://tt15757632,,unmatched,Demon Slayer: Kimetsu no Yaiba – Season 2 – Set Your Heart Ablaze
missing episode match metadata,0,F:\MediaStack\data\media\tv\Demon Slayer - Kimetsu no Yaiba\Season 03\Demon Slayer - Kimetsu no Yaiba - S03E01 - Sound Hashira Tengen Uzui.mkv,,,episode,imdb://tt15757634,,unmatched,Demon Slayer: Kimetsu no Yaiba – Season 3 – Sound Hashira: Tengen Uzui
missing episode match metadata,0,F:\MediaStack\data\media\tv\Demon Slayer - Kimetsu no Yaiba\Season 03\Demon Slayer - Kimetsu no Yaiba - S03E02 - Infiltrating the Entertainment District.mkv,,,episode,imdb://tt16407960,,unmatched,Demon Slayer: Kimetsu no Yaiba – Season 3 – Infiltrating the Red Light District
missing episode match metadata,0,F:\MediaStack\data\media\tv\Demon Slayer - Kimetsu no Yaiba\Season 03\Demon Slayer - Kimetsu no Yaiba - S03E03 - What Are You.mkv,,,episode,imdb://tt16441532,,unmatched,Demon Slayer: Kimetsu no Yaiba – Season 3 – What Are You?
missing episode match metadata,0,F:\MediaStack\data\media\tv\Demon Slayer - Kimetsu no Yaiba\Season 03\Demon Slayer - Kimetsu no Yaiba - S03E04 - Tonight.mkv,,,episode,imdb://tt16503168,,unmatched,Demon Slayer: Kimetsu no Yaiba – Season 3 – Tonight
missing episode match metadata,0,F:\MediaStack\data\media\tv\Demon Slayer - Kimetsu no Yaiba\Season 03\Demon Slayer - Kimetsu no Yaiba - S03E05 - Things Are Gonna Get Real Flashy!!.mkv,,,episode,imdb://tt16767544,,unmatched,Demon Slayer: Kimetsu no Yaiba – Season 3 – Things Are Gonna Get Real Flashy!!
missing episode match metadata,0,F:\MediaStack\data\media\tv\Demon Slayer - Kimetsu no Yaiba\Season 03\Demon Slayer - Kimetsu no Yaiba - S03E06 - Layered Memories.mkv,,,episode,imdb://tt16972222,,unmatched,Demon Slayer: Kimetsu no Yaiba – Season 3 – Layered Memories
missing episode match metadata,0,F:\MediaStack\data\media\tv\Demon Slayer - Kimetsu no Yaiba\Season 03\Demon Slayer - Kimetsu no Yaiba - S03E07 - Transformation.mkv,,,episode,imdb://tt17008706,,unmatched,Demon Slayer: Kimetsu no Yaiba – Season 3 – Transformation
missing episode match metadata,0,F:\MediaStack\data\media\tv\Death Note\Season 01\Death Note - S01E33 - Scorn.mkv,,,episode,imdb://tt1029788,,unmatched,Death Note – Season 1 – Scorn
missing episode match metadata,0,F:\MediaStack\data\media\tv\Death Note\Season 01\Death Note - S01E34 - Vigilance.mkv,,,episode,imdb://tt1043073,,unmatched,Death Note – Season 1 – Vigilance
missing episode match metadata,0,F:\MediaStack\data\media\tv\Death Note\Season 01\Death Note - S01E35 - Malice.mkv,,,episode,imdb://tt1043074,,unmatched,Death Note – Season 1 – Malice
missing episode match metadata,0,F:\MediaStack\data\media\tv\Death Note\Season 01\Death Note - S01E36 - 1.28.mkv,,,episode,imdb://tt1044252,,unmatched,Death Note – Season 1 – 1.28
missing episode match metadata,0,F:\MediaStack\data\media\tv\Death Note\Season 01\Death Note - S01E37 - New World.mkv,,,episode,imdb://tt1043075,,unmatched,Death Note – Season 1 – New World
missing episode match metadata,0,F:\MediaStack\data\media\tv\Demon Slayer - Kimetsu no Yaiba\Season 01\Demon Slayer - Kimetsu no Yaiba - S01E01 - Cruelty.mkv,,,episode,imdb://tt9828480,,unmatched,Demon Slayer: Kimetsu no Yaiba – Season 1 – Cruelty
missing episode match metadata,0,F:\MediaStack\data\media\tv\Demon Slayer - Kimetsu no Yaiba\Season 01\Demon Slayer - Kimetsu no Yaiba - S01E02 - Trainer Sakonji Urokodaki.mkv,,,episode,imdb://tt9913012,,unmatched,Demon Slayer: Kimetsu no Yaiba – Season 1 – Trainer Sakonji Urokodaki
missing episode match metadata,0,F:\MediaStack\data\media\tv\Demon Slayer - Kimetsu no Yaiba\Season 01\Demon Slayer - Kimetsu no Yaiba - S01E03 - Sabito and Makomo.mkv,,,episode,imdb://tt9913014,,unmatched,Demon Slayer: Kimetsu no Yaiba – Season 1 – Sabito and Makomo
missing episode match metadata,0,F:\MediaStack\data\media\tv\Demon Slayer - Kimetsu no Yaiba\Season 01\Demon Slayer - Kimetsu no Yaiba - S01E04 - Final Selection.mkv,,,episode,imdb://tt9913018,,unmatched,Demon Slayer: Kimetsu no Yaiba – Season 1 – Final Selection
missing episode match metadata,0,F:\MediaStack\data\media\tv\Demon Slayer - Kimetsu no Yaiba\Season 01\Demon Slayer - Kimetsu no Yaiba - S01E05 - My Own Steel.mkv,,,episode,imdb://tt9913022,,unmatched,Demon Slayer: Kimetsu no Yaiba – Season 1 – My Own Steel
missing episode match metadata,0,F:\MediaStack\data\media\tv\Demon Slayer - Kimetsu no Yaiba\Season 01\Demon Slayer - Kimetsu no Yaiba - S01E06 - Swordsman Accompanying a Demon.mkv,,,episode,imdb://tt9913028,,unmatched,Demon Slayer: Kimetsu no Yaiba – Season 1 – Swordsman Accompanying a Demon
missing episode match metadata,0,F:\MediaStack\data\media\tv\Demon Slayer - Kimetsu no Yaiba\Season 01\Demon Slayer - Kimetsu no Yaiba - S01E07 - Muzan Kibutsuji.mkv,,,episode,imdb://tt9913030,,unmatched,Demon Slayer: Kimetsu no Yaiba – Season 1 – Muzan Kibutsuji
missing episode match metadata,0,F:\MediaStack\data\media\tv\Demon Slayer - Kimetsu no Yaiba\Season 01\Demon Slayer - Kimetsu no Yaiba - S01E08 - The Smell of Enchanting Blood.mkv,,,episode,imdb://tt9913032,,unmatched,Demon Slayer: Kimetsu no Yaiba – Season 1 – The Smell of Enchanting Blood
missing episode match metadata,0,F:\MediaStack\data\media\tv\Demon Slayer - Kimetsu no Yaiba\Season 01\Demon Slayer - Kimetsu no Yaiba - S01E09 - Temari Demon and Arrow Demon.mkv,,,episode,imdb://tt9913036,,unmatched,Demon Slayer: Kimetsu no Yaiba – Season 1 – Temari Demon and Arrow Demon
missing episode match metadata,0,F:\MediaStack\data\media\tv\Demon Slayer - Kimetsu no Yaiba\Season 01\Demon Slayer - Kimetsu no Yaiba - S01E10 - Together Forever.mkv,,,episode,imdb://tt9913038,,unmatched,Demon Slayer: Kimetsu no Yaiba – Season 1 – Together Forever
missing episode match metadata,0,F:\MediaStack\data\media\tv\Demon Slayer - Kimetsu no Yaiba\Season 01\Demon Slayer - Kimetsu no Yaiba - S01E11 - Tsuzumi Mansion.mkv,,,episode,imdb://tt9913040,,unmatched,Demon Slayer: Kimetsu no Yaiba – Season 1 – Tsuzumi Mansion
missing episode match metadata,0,"F:\MediaStack\data\media\tv\Demon Slayer - Kimetsu no Yaiba\Season 01\Demon Slayer - Kimetsu no Yaiba - S01E12 - The Boar Bares Its Fangs, Zenitsu Sleeps.mkv",,,episode,imdb://tt9913050,,unmatched,"Demon Slayer: Kimetsu no Yaiba – Season 1 – The Boar Bares Its Fangs, Zenitsu Sleeps"
missing episode match metadata,0,F:\MediaStack\data\media\tv\Demon Slayer - Kimetsu no Yaiba\Season 01\Demon Slayer - Kimetsu no Yaiba - S01E13 - Something More Important Than Life.mkv,,,episode,imdb://tt10346080,,unmatched,Demon Slayer: Kimetsu no Yaiba – Season 1 – Something More Important Than Life
missing episode match metadata,0,F:\MediaStack\data\media\tv\Demon Slayer - Kimetsu no Yaiba\Season 01\Demon Slayer - Kimetsu no Yaiba - S01E14 - The House With the Wisteria Family Crest.mkv,,,episode,imdb://tt10433090,,unmatched,Demon Slayer: Kimetsu no Yaiba – Season 1 – The House With the Wisteria Family Crest
missing episode match metadata,0,F:\MediaStack\data\media\tv\Demon Slayer - Kimetsu no Yaiba\Season 01\Demon Slayer - Kimetsu no Yaiba - S01E15 - Mount Natagumo.mkv,,,episode,imdb://tt10433092,,unmatched,Demon Slayer: Kimetsu no Yaiba – Season 1 – Mount Natagumo
missing episode match metadata,0,F:\MediaStack\data\media\tv\Demon Slayer - Kimetsu no Yaiba\Season 01\Demon Slayer - Kimetsu no Yaiba - S01E16 - Letting Someone Else Go First.mkv,,,episode,imdb://tt10433094,,unmatched,Demon Slayer: Kimetsu no Yaiba – Season 1 – Letting Someone Else Go First
missing episode match metadata,0,F:\MediaStack\data\media\tv\Death Note\Season 01\Death Note - S01E14 - Friend.mkv,,,episode,imdb://tt0947907,,unmatched,Death Note – Season 1 – Friend
missing episode match metadata,0,F:\MediaStack\data\media\tv\Death Note\Season 01\Death Note - S01E15 - Wager.mkv,,,episode,imdb://tt0947906,,unmatched,Death Note – Season 1 – Wager
missing episode match metadata,0,F:\MediaStack\data\media\tv\Death Note\Season 01\Death Note - S01E16 - Decision.mkv,,,episode,imdb://tt0950512,,unmatched,Death Note – Season 1 – Decision
missing episode match metadata,0,F:\MediaStack\data\media\tv\Death Note\Season 01\Death Note - S01E17 - Execution.mkv,,,episode,imdb://tt0950513,,unmatched,Death Note – Season 1 – Execution
missing episode match metadata,0,F:\MediaStack\data\media\tv\Death Note\Season 01\Death Note - S01E18 - Ally.mkv,,,episode,imdb://tt0954288,,unmatched,Death Note – Season 1 – Ally
missing episode match metadata,0,F:\MediaStack\data\media\tv\Death Note\Season 01\Death Note - S01E19 - Matsuda.mkv,,,episode,imdb://tt0961420,,unmatched,Death Note – Season 1 – Matsuda
missing episode match metadata,0,F:\MediaStack\data\media\tv\Death Note\Season 01\Death Note - S01E20 - Makeshift.mkv,,,episode,imdb://tt0966785,,unmatched,Death Note – Season 1 – Makeshift
missing episode match metadata,0,F:\MediaStack\data\media\tv\Death Note\Season 01\Death Note - S01E21 - Performance.mkv,,,episode,imdb://tt0972446,,unmatched,Death Note – Season 1 – Performance
missing episode match metadata,0,F:\MediaStack\data\media\tv\Death Note\Season 01\Death Note - S01E22 - Guidance.mkv,,,episode,imdb://tt0972447,,unmatched,Death Note – Season 1 – Guidance
missing episode match metadata,0,F:\MediaStack\data\media\tv\Death Note\Season 01\Death Note - S01E23 - Frenzy.mkv,,,episode,imdb://tt0983351,,unmatched,Death Note – Season 1 – Frenzy
missing episode match metadata,0,F:\MediaStack\data\media\tv\Death Note\Season 01\Death Note - S01E24 - Revival.mkv,,,episode,imdb://tt0990612,,unmatched,Death Note – Season 1 – Revival
missing episode match metadata,0,F:\MediaStack\data\media\tv\Death Note\Season 01\Death Note - S01E25 - Silence.mkv,,,episode,imdb://tt0990611,,unmatched,Death Note – Season 1 – Silence
missing episode match metadata,0,F:\MediaStack\data\media\tv\Death Note\Season 01\Death Note - S01E26 - Renewal.mkv,,,episode,imdb://tt0990613,,unmatched,Death Note – Season 1 – Renewal
missing episode match metadata,0,F:\MediaStack\data\media\tv\Death Note\Season 01\Death Note - S01E27 - Abduction.mkv,,,episode,imdb://tt1007230,,unmatched,Death Note – Season 1 – Abduction
missing episode match metadata,0,F:\MediaStack\data\media\tv\Death Note\Season 01\Death Note - S01E28 - Impatience.mkv,,,episode,imdb://tt1010095,,unmatched,Death Note – Season 1 – Impatience
missing episode match metadata,0,F:\MediaStack\data\media\tv\Death Note\Season 01\Death Note - S01E29 - Father.mkv,,,episode,imdb://tt1021402,,unmatched,Death Note – Season 1 – Father
missing episode match metadata,0,F:\MediaStack\data\media\tv\Death Note\Season 01\Death Note - S01E30 - Justice.mkv,,,episode,imdb://tt1021404,,unmatched,Death Note – Season 1 – Justice
missing episode match metadata,0,F:\MediaStack\data\media\tv\Death Note\Season 01\Death Note - S01E31 - Transfer.mkv,,,episode,imdb://tt1021403,,unmatched,Death Note – Season 1 – Transfer
missing episode match metadata,0,F:\MediaStack\data\media\tv\Death Note\Season 01\Death Note - S01E32 - Selection.mkv,,,episode,imdb://tt1029789,,unmatched,Death Note – Season 1 – Selection
missing episode match metadata,0,F:\MediaStack\data\media\tv\Cowboy Bebop\Season 01\Cowboy Bebop - S01E13 - Session #1 - Asteroid Blues.mkv,,,episode,imdb://tt0618963,,unmatched,Cowboy Bebop – Season 1 – Asteroid Blues
missing episode match metadata,0,F:\MediaStack\data\media\tv\Cowboy Bebop\Season 01\Cowboy Bebop - S01E14 - Session #4 - Gateway Shuffle.mkv,,,episode,imdb://tt0618968,,unmatched,Cowboy Bebop – Season 1 – Gateway Shuffle
missing episode match metadata,0,F:\MediaStack\data\media\tv\Cowboy Bebop\Season 01\Cowboy Bebop - S01E15 - Session #5 - Ballad of Fallen Angels.mkv,,,episode,imdb://tt0618964,,unmatched,Cowboy Bebop – Season 1 – Ballad of Fallen Angels
missing episode match metadata,0,F:\MediaStack\data\media\tv\Cowboy Bebop\Season 01\Cowboy Bebop - S01E16 - Session #6 - Sympathy for the Devil.mkv,,,episode,imdb://tt0618979,,unmatched,Cowboy Bebop – Season 1 – Sympathy for the Devil
missing episode match metadata,0,F:\MediaStack\data\media\tv\Cowboy Bebop\Season 01\Cowboy Bebop - S01E17 - Session #16 - Black Dog Serenade.mkv,,,episode,imdb://tt0824568,,unmatched,Cowboy Bebop – Season 1 – Black Dog Serenade
missing episode match metadata,0,F:\MediaStack\data\media\tv\Cowboy Bebop\Season 01\Cowboy Bebop - S01E18 - Session #17 - Mushroom Samba.mkv,,,episode,imdb://tt0618974,,unmatched,Cowboy Bebop – Season 1 – Mushroom Samba
missing episode match metadata,0,F:\MediaStack\data\media\tv\Cowboy Bebop\Season 01\Cowboy Bebop - S01E19 - Session #19 - Wild Horses.mkv,,,episode,imdb://tt0822555,,unmatched,Cowboy Bebop – Season 1 – Wild Horses
missing episode match metadata,0,F:\MediaStack\data\media\tv\Cowboy Bebop\Season 01\Cowboy Bebop - S01E20 - Session #20 - Pierrot Le Fou.mkv,,,episode,imdb://tt0618976,,unmatched,Cowboy Bebop – Season 1 – Pierrot Le Fou
missing episode match metadata,0,F:\MediaStack\data\media\tv\Cowboy Bebop\Season 01\Cowboy Bebop - S01E21 - Session #21 - Boogie Woogie Feng Shui.mkv,,,episode,imdb://tt0822553,,unmatched,Cowboy Bebop – Season 1 – Boogie Woogie Feng Shui
missing episode match metadata,0,F:\MediaStack\data\media\tv\Cowboy Bebop\Season 01\Cowboy Bebop - S01E22 - Session #22 - Cowboy Funk.mkv,,,episode,imdb://tt0618966,,unmatched,Cowboy Bebop – Season 1 – Cowboy Funk
missing episode match metadata,0,F:\MediaStack\data\media\tv\Cowboy Bebop\Season 01\Cowboy Bebop - S01E23 - Session #23 - Brain Scratch.mkv,,,episode,imdb://tt0618965,,unmatched,Cowboy Bebop – Season 1 – Brain Scratch
missing episode match metadata,0,F:\MediaStack\data\media\tv\Cowboy Bebop\Season 01\Cowboy Bebop - S01E24 - Session #24 - Hard Luck Woman.mkv,,,episode,imdb://tt0618969,,unmatched,Cowboy Bebop – Season 1 – Hard Luck Woman
missing episode match metadata,0,F:\MediaStack\data\media\tv\Cowboy Bebop\Season 01\Cowboy Bebop - S01E25 - Session #25 - The Real Folk Blues (1).mkv,,,episode,imdb://tt0766181,,unmatched,Cowboy Bebop – Season 1 – The Real Folk Blues (1)
missing episode match metadata,0,F:\MediaStack\data\media\tv\Cowboy Bebop\Season 01\Cowboy Bebop - S01E26 - Session #26 - The Real Folk Blues (2).mkv,,,episode,imdb://tt0618980,,unmatched,Cowboy Bebop – Season 1 – The Real Folk Blues (2)
missing episode match metadata,0,F:\MediaStack\data\media\tv\Death Note\Season 01\Death Note - S01E01 - Rebirth.mkv,,,episode,imdb://tt0885243,,unmatched,Death Note – Season 1 – Rebirth
missing episode match metadata,0,F:\MediaStack\data\media\tv\Death Note\Season 01\Death Note - S01E02 - Confrontation.mkv,,,episode,imdb://tt0900488,,unmatched,Death Note – Season 1 – Confrontation
missing episode match metadata,0,F:\MediaStack\data\media\tv\Death Note\Season 01\Death Note - S01E03 - Dealings.mkv,,,episode,imdb://tt0909466,,unmatched,Death Note – Season 1 – Dealings
missing episode match metadata,0,F:\MediaStack\data\media\tv\Death Note\Season 01\Death Note - S01E04 - Pursuit.mkv,,,episode,imdb://tt0901528,,unmatched,Death Note – Season 1 – Pursuit
missing episode match metadata,0,F:\MediaStack\data\media\tv\Death Note\Season 01\Death Note - S01E05 - Tactics.mkv,,,episode,imdb://tt0903684,,unmatched,Death Note – Season 1 – Tactics
missing episode match metadata,0,F:\MediaStack\data\media\tv\Death Note\Season 01\Death Note - S01E06 - Unraveling.mkv,,,episode,imdb://tt0905451,,unmatched,Death Note – Season 1 – Unraveling
missing episode match metadata,0,F:\MediaStack\data\media\tv\Death Note\Season 01\Death Note - S01E07 - Overcast.mkv,,,episode,imdb://tt0919367,,unmatched,Death Note – Season 1 – Overcast
missing episode match metadata,0,F:\MediaStack\data\media\tv\Death Note\Season 01\Death Note - S01E08 - Glare.mkv,,,episode,imdb://tt0919369,,unmatched,Death Note – Season 1 – Glare
missing episode match metadata,0,F:\MediaStack\data\media\tv\Death Note\Season 01\Death Note - S01E09 - Encounter.mkv,,,episode,imdb://tt0919370,,unmatched,Death Note – Season 1 – Encounter
missing episode match metadata,0,F:\MediaStack\data\media\tv\Death Note\Season 01\Death Note - S01E10 - Doubt.mkv,,,episode,imdb://tt0919368,,unmatched,Death Note – Season 1 – Doubt
missing episode match metadata,0,F:\MediaStack\data\media\tv\Death Note\Season 01\Death Note - S01E11 - Assault.mkv,,,episode,imdb://tt0919371,,unmatched,Death Note – Season 1 – Assault
missing episode match metadata,0,F:\MediaStack\data\media\tv\Death Note\Season 01\Death Note - S01E12 - Love.mkv,,,episode,imdb://tt0924022,,unmatched,Death Note – Season 1 – Love
missing episode match metadata,0,F:\MediaStack\data\media\tv\Death Note\Season 01\Death Note - S01E13 - Confession.mkv,,,episode,imdb://tt0924023,,unmatched,Death Note – Season 1 – Confession
missing episode match metadata,0,F:\MediaStack\data\media\tv\Chainsaw Man\Season 01\Chainsaw Man - S01E04 - RESCUE.mkv,,,episode,imdb://tt23055240,,unmatched,Chainsaw Man – Season 1 – RESCUE
missing episode match metadata,0,F:\MediaStack\data\media\tv\Chainsaw Man\Season 01\Chainsaw Man - S01E05 - GUN DEVIL.mkv,,,episode,imdb://tt23475664,,unmatched,Chainsaw Man – Season 1 – GUN DEVIL
missing episode match metadata,0,F:\MediaStack\data\media\tv\Chainsaw Man\Season 01\Chainsaw Man - S01E06 - KILL DENJI.mkv,,,episode,imdb://tt23650588,,unmatched,Chainsaw Man – Season 1 – KILL DENJI
missing episode match metadata,0,F:\MediaStack\data\media\tv\Chainsaw Man\Season 01\Chainsaw Man - S01E07 - THE TASTE OF A KISS.mkv,,,episode,imdb://tt23779658,,unmatched,Chainsaw Man – Season 1 – THE TASTE OF A KISS
missing episode match metadata,0,F:\MediaStack\data\media\tv\Chainsaw Man\Season 01\Chainsaw Man - S01E08 - GUNFIRE.mkv,,,episode,imdb://tt23854592,,unmatched,Chainsaw Man – Season 1 – GUNFIRE
missing episode match metadata,0,F:\MediaStack\data\media\tv\Chainsaw Man\Season 01\Chainsaw Man - S01E09 - FROM KYOTO.mkv,,,episode,imdb://tt24058952,,unmatched,Chainsaw Man – Season 1 – FROM KYOTO
missing episode match metadata,0,F:\MediaStack\data\media\tv\Chainsaw Man\Season 01\Chainsaw Man - S01E10 - BRUISED & BATTERED.mkv,,,episode,imdb://tt24250910,,unmatched,Chainsaw Man – Season 1 – BRUISED & BATTERED
missing episode match metadata,0,F:\MediaStack\data\media\tv\Chainsaw Man\Season 01\Chainsaw Man - S01E11 - MISSION START.mkv,,,episode,imdb://tt24438368,,unmatched,Chainsaw Man – Season 1 – MISSION START
missing episode match metadata,0,F:\MediaStack\data\media\tv\Chainsaw Man\Season 01\Chainsaw Man - S01E12 - KATANA VS. CHAINSAW.mkv,,,episode,imdb://tt24438514,,unmatched,Chainsaw Man – Season 1 – KATANA VS. CHAINSAW
missing episode match metadata,0,F:\MediaStack\data\media\tv\Cowboy Bebop\Season 01\Cowboy Bebop - S01E01 - Session #2 - Stray Dog Strut.mkv,,,episode,imdb://tt0618978,,unmatched,Cowboy Bebop – Season 1 – Stray Dog Strut
missing episode match metadata,0,F:\MediaStack\data\media\tv\Cowboy Bebop\Season 01\Cowboy Bebop - S01E02 - Session #3 - Honky Tonk Women.mkv,,,episode,imdb://tt0618971,,unmatched,Cowboy Bebop – Season 1 – Honky Tonk Women
missing episode match metadata,0,F:\MediaStack\data\media\tv\Cowboy Bebop\Season 01\Cowboy Bebop - S01E03 - Session #7 - Heavy Metal Queen.mkv,,,episode,imdb://tt0618970,,unmatched,Cowboy Bebop – Season 1 – Heavy Metal Queen
missing episode match metadata,0,F:\MediaStack\data\media\tv\Cowboy Bebop\Season 01\Cowboy Bebop - S01E04 - Session #8 - Waltz for Venus.mkv,,,episode,imdb://tt0618981,,unmatched,Cowboy Bebop – Season 1 – Waltz for Venus
missing episode match metadata,0,F:\MediaStack\data\media\tv\Cowboy Bebop\Season 01\Cowboy Bebop - S01E05 - Session #9 - Jamming with Edward.mkv,,,episode,imdb://tt0618972,,unmatched,Cowboy Bebop – Season 1 – Jamming with Edward
missing episode match metadata,0,F:\MediaStack\data\media\tv\Cowboy Bebop\Season 01\Cowboy Bebop - S01E06 - Session #10 - Ganymede Elegy.mkv,,,episode,imdb://tt0618967,,unmatched,Cowboy Bebop – Season 1 – Ganymede Elegy
missing episode match metadata,0,F:\MediaStack\data\media\tv\Cowboy Bebop\Season 01\Cowboy Bebop - S01E07 - Session #11 - Toys in the Attic.mkv,,,episode,imdb://tt0822554,,unmatched,Cowboy Bebop – Season 1 – Toys in the Attic
missing episode match metadata,0,F:\MediaStack\data\media\tv\Cowboy Bebop\Season 01\Cowboy Bebop - S01E08 - Session #12 - Jupiter Jazz (1).mkv,,,episode,imdb://tt0618973,,unmatched,Cowboy Bebop – Season 1 – Jupiter Jazz (1)
missing episode match metadata,0,F:\MediaStack\data\media\tv\Cowboy Bebop\Season 01\Cowboy Bebop - S01E09 - Session #13 - Jupiter Jazz (2).mkv,,,episode,tmdb://750958,,unmatched,Cowboy Bebop – Season 1 – Jupiter Jazz (2)
missing episode match metadata,0,F:\MediaStack\data\media\tv\Cowboy Bebop\Season 01\Cowboy Bebop - S01E10 - Session #14 - Bohemian Rhapsody.mkv,,,episode,imdb://tt0822552,,unmatched,Cowboy Bebop – Season 1 – Bohemian Rhapsody
missing episode match metadata,0,F:\MediaStack\data\media\tv\Cowboy Bebop\Season 01\Cowboy Bebop - S01E11 - Session #15 - My Funny Valentine.mkv,,,episode,imdb://tt0618975,,unmatched,Cowboy Bebop – Season 1 – My Funny Valentine
missing episode match metadata,0,F:\MediaStack\data\media\tv\Cowboy Bebop\Season 01\Cowboy Bebop - S01E12 - Session #18 - Speak Like a Child.mkv,,,episode,imdb://tt0618977,,unmatched,Cowboy Bebop – Season 1 – Speak Like a Child
missing episode match metadata,0,F:\MediaStack\data\media\tv\The Blacklist\Season 09\The Blacklist - S09E20 - Caelum Bank.mkv,,,episode,imdb://tt19432956,,unmatched,The Blacklist – Season 9 – Caelum Bank
missing episode match metadata,0,F:\MediaStack\data\media\tv\The Blacklist\Season 09\The Blacklist - S09E21 - Marvin Gerard - Conclusion (1).mkv,,,episode,imdb://tt19432958,,unmatched,The Blacklist – Season 9 – Marvin Gerard: Conclusion (1)
missing episode match metadata,0,F:\MediaStack\data\media\tv\The Blacklist\Season 09\The Blacklist - S09E22 - Marvin Gerard - Conclusion (2).mkv,,,episode,imdb://tt19432962,,unmatched,The Blacklist – Season 9 – Marvin Gerard: Conclusion (2)
missing episode match metadata,0,F:\MediaStack\data\media\tv\The Blacklist\Season 10\The Blacklist - S10E01 - The Night Owl.mkv,,,episode,imdb://tt18307976,,unmatched,The Blacklist – Season 10 – The Night Owl
missing episode match metadata,0,F:\MediaStack\data\media\tv\The Blacklist\Season 10\The Blacklist - S10E02 - The Whaler.mkv,,,episode,imdb://tt22466148,,unmatched,The Blacklist – Season 10 – The Whaler
missing episode match metadata,0,F:\MediaStack\data\media\tv\The Blacklist\Season 10\The Blacklist - S10E03 - The Four Guns.mkv,,,episode,imdb://tt26593667,,unmatched,The Blacklist – Season 10 – The Four Guns
missing episode match metadata,0,F:\MediaStack\data\media\tv\The Blacklist\Season 10\The Blacklist - S10E04 - The Hyena.mkv,,,episode,imdb://tt26593672,,unmatched,The Blacklist – Season 10 – The Hyena
missing episode match metadata,0,F:\MediaStack\data\media\tv\The Blacklist\Season 10\The Blacklist - S10E05 - The Dockery Affair.mkv,,,episode,imdb://tt26939676,,unmatched,The Blacklist – Season 10 – The Dockery Affair
missing episode match metadata,0,F:\MediaStack\data\media\tv\The Blacklist\Season 10\The Blacklist - S10E06 - Dr. Laken Perillos - Conclusion.mkv,,,episode,imdb://tt26941487,,unmatched,The Blacklist – Season 10 – Dr. Laken Perillos: Conclusion
missing episode match metadata,0,F:\MediaStack\data\media\tv\The Blacklist\Season 10\The Blacklist - S10E07 - The Freelancer (2).mkv,,,episode,imdb://tt26969214,,unmatched,The Blacklist – Season 10 – The Freelancer (2)
missing episode match metadata,0,F:\MediaStack\data\media\tv\The Blacklist\Season 10\The Blacklist - S10E08 - The Troll Farmer (2).mkv,,,episode,imdb://tt27009880,,unmatched,The Blacklist – Season 10 – The Troll Farmer (2)
missing episode match metadata,0,F:\MediaStack\data\media\tv\The Blacklist\Season 10\The Blacklist - S10E09 - The Troll Farmer (3).mkv,,,episode,imdb://tt27010079,,unmatched,The Blacklist – Season 10 – The Troll Farmer (3)
missing episode match metadata,0,F:\MediaStack\data\media\tv\The Blacklist\Season 10\The Blacklist - S10E10 - The Postman.mkv,,,episode,imdb://tt27010844,,unmatched,The Blacklist – Season 10 – The Postman
missing episode match metadata,0,F:\MediaStack\data\media\tv\The Blacklist\Season 10\The Blacklist - S10E11 - The Man in the Hat.mkv,,,episode,imdb://tt27125987,,unmatched,The Blacklist – Season 10 – The Man in the Hat
missing episode match metadata,0,F:\MediaStack\data\media\tv\The Blacklist\Season 10\The Blacklist - S10E12 - Dr. Michael Abani.mkv,,,episode,imdb://tt27495169,,unmatched,The Blacklist – Season 10 – Dr. Michael Abani
missing episode match metadata,0,F:\MediaStack\data\media\tv\The Blacklist\Season 10\The Blacklist - S10E13 - The Sicilian Error of Color.mkv,,,episode,imdb://tt27578308,,unmatched,The Blacklist – Season 10 – The Sicilian Error of Color
missing episode match metadata,0,F:\MediaStack\data\media\tv\The Blacklist\Season 10\The Blacklist - S10E14 - The Nowhere Bride.mkv,,,episode,imdb://tt27587550,,unmatched,The Blacklist – Season 10 – The Nowhere Bride
missing episode match metadata,0,F:\MediaStack\data\media\tv\The Blacklist\Season 10\The Blacklist - S10E15 - The Hat Trick.mkv,,,episode,imdb://tt27588738,,unmatched,The Blacklist – Season 10 – The Hat Trick
missing episode match metadata,0,F:\MediaStack\data\media\tv\The Blacklist\Season 10\The Blacklist - S10E16 - Blair Foster.mkv,,,episode,imdb://tt27588745,,unmatched,The Blacklist – Season 10 – Blair Foster
missing episode match metadata,0,F:\MediaStack\data\media\tv\The Blacklist\Season 10\The Blacklist - S10E17 - The Morgana Logistics Corporation.mkv,,,episode,imdb://tt27588747,,unmatched,The Blacklist – Season 10 – The Morgana Logistics Corporation
missing episode match metadata,0,F:\MediaStack\data\media\tv\The Blacklist\Season 10\The Blacklist - S10E18 - Wormwood.mkv,,,episode,imdb://tt27588751,,unmatched,The Blacklist – Season 10 – Wormwood
missing episode match metadata,0,F:\MediaStack\data\media\tv\The Blacklist\Season 10\The Blacklist - S10E19 - Room 417.mkv,,,episode,imdb://tt27588755,,unmatched,The Blacklist – Season 10 – Room 417
missing episode match metadata,0,F:\MediaStack\data\media\tv\The Blacklist\Season 10\The Blacklist - S10E20 - Arthur Hudson.mkv,,,episode,imdb://tt27588761,,unmatched,The Blacklist – Season 10 – Arthur Hudson
missing episode match metadata,0,F:\MediaStack\data\media\tv\The Blacklist\Season 10\The Blacklist - S10E21 - Raymond Reddington (1).mkv,,,episode,imdb://tt27588764,,unmatched,The Blacklist – Season 10 – Raymond Reddington (1)
missing episode match metadata,0,F:\MediaStack\data\media\tv\The Blacklist\Season 10\The Blacklist - S10E22 - Raymond Reddington - Good Night (2).mkv,,,episode,imdb://tt27588765,,unmatched,The Blacklist – Season 10 – Raymond Reddington: Good Night (2)
missing episode match metadata,0,F:\MediaStack\data\media\tv\Chainsaw Man\Season 01\Chainsaw Man - S01E01 - DOG & CHAINSAW.mkv,,,episode,imdb://tt15190820,,unmatched,Chainsaw Man – Season 1 – DOG & CHAINSAW
missing episode match metadata,0,F:\MediaStack\data\media\tv\Chainsaw Man\Season 01\Chainsaw Man - S01E02 - ARRIVAL IN TOKYO.mkv,,,episode,imdb://tt17324012,,unmatched,Chainsaw Man – Season 1 – ARRIVAL IN TOKYO
missing episode match metadata,0,F:\MediaStack\data\media\tv\Chainsaw Man\Season 01\Chainsaw Man - S01E03 - MEOWY'S WHEREABOUTS.mkv,,,episode,imdb://tt23018132,,unmatched,Chainsaw Man – Season 1 – MEOWY'S WHEREABOUTS
missing episode match metadata,0,F:\MediaStack\data\media\tv\The Blacklist\Season 08\The Blacklist - S08E16 - Nicholas Obenrader.mkv,,,episode,imdb://tt14497992,,unmatched,The Blacklist – Season 8 – Nicholas Obenrader
missing episode match metadata,0,F:\MediaStack\data\media\tv\The Blacklist\Season 08\The Blacklist - S08E17 - Ivan Stepanov.mkv,,,episode,imdb://tt14532462,,unmatched,The Blacklist – Season 8 – Ivan Stepanov
missing episode match metadata,0,F:\MediaStack\data\media\tv\The Blacklist\Season 08\The Blacklist - S08E18 - The Protean.mkv,,,episode,imdb://tt14588114,,unmatched,The Blacklist – Season 8 – The Protean
missing episode match metadata,0,F:\MediaStack\data\media\tv\The Blacklist\Season 08\The Blacklist - S08E19 - Balthazar 'Bino' Baker.mkv,,,episode,imdb://tt14613082,,unmatched,"The Blacklist – Season 8 – Balthazar ""Bino"" Baker"
missing episode match metadata,0,F:\MediaStack\data\media\tv\The Blacklist\Season 08\The Blacklist - S08E20 - Godwin Page.mkv,,,episode,imdb://tt14702260,,unmatched,The Blacklist – Season 8 – Godwin Page
missing episode match metadata,0,F:\MediaStack\data\media\tv\The Blacklist\Season 08\The Blacklist - S08E21 - Nachalo.mkv,,,episode,imdb://tt14780740,,unmatched,The Blacklist – Season 8 – Nachalo
missing episode match metadata,0,F:\MediaStack\data\media\tv\The Blacklist\Season 08\The Blacklist - S08E22 - Konets.mkv,,,episode,imdb://tt14786744,,unmatched,The Blacklist – Season 8 – Konets
missing episode match metadata,0,F:\MediaStack\data\media\tv\The Blacklist\Season 09\The Blacklist - S09E01 - The Skinner.mkv,,,episode,imdb://tt13983590,,unmatched,The Blacklist – Season 9 – The Skinner (1)
missing episode match metadata,0,F:\MediaStack\data\media\tv\The Blacklist\Season 09\The Blacklist - S09E02 - The Skinner - Conclusion.mkv,,,episode,imdb://tt15403598,,unmatched,The Blacklist – Season 9 – The Skinner: Conclusion (2)
missing episode match metadata,0,F:\MediaStack\data\media\tv\The Blacklist\Season 09\The Blacklist - S09E03 - The SPK.mkv,,,episode,imdb://tt15550568,,unmatched,The Blacklist – Season 9 – The SPK
missing episode match metadata,0,F:\MediaStack\data\media\tv\The Blacklist\Season 09\The Blacklist - S09E04 - The Avenging Angel.mkv,,,episode,imdb://tt15797046,,unmatched,The Blacklist – Season 9 – The Avenging Angel
missing episode match metadata,0,F:\MediaStack\data\media\tv\The Blacklist\Season 09\The Blacklist - S09E05 - Benjamin T. Okara.mkv,,,episode,imdb://tt16022762,,unmatched,The Blacklist – Season 9 – Benjamin T. Okara
missing episode match metadata,0,"F:\MediaStack\data\media\tv\The Blacklist\Season 09\The Blacklist - S09E06 - Dr. Roberta Sand, Ph.D.mkv",,,episode,imdb://tt16156598,,unmatched,"The Blacklist – Season 9 – Dr. Roberta Sand, Ph.D."
missing episode match metadata,0,F:\MediaStack\data\media\tv\The Blacklist\Season 09\The Blacklist - S09E07 - Between Sleep and Awake.mkv,,,episode,imdb://tt16300980,,unmatched,The Blacklist – Season 9 – Between Sleep and Awake
missing episode match metadata,0,F:\MediaStack\data\media\tv\The Blacklist\Season 09\The Blacklist - S09E08 - Dr. Razmik Meier.mkv,,,episode,imdb://tt16152146,,unmatched,The Blacklist – Season 9 – Dr. Razmik Maier
missing episode match metadata,0,F:\MediaStack\data\media\tv\The Blacklist\Season 09\The Blacklist - S09E09 - Boukman Baptiste.mkv,,,episode,imdb://tt16970602,,unmatched,The Blacklist – Season 9 – Boukman Baptiste
missing episode match metadata,0,F:\MediaStack\data\media\tv\The Blacklist\Season 09\The Blacklist - S09E10 - Arcane Wireless.mkv,,,episode,imdb://tt17291296,,unmatched,The Blacklist – Season 9 – Arcane Wireless
missing episode match metadata,0,F:\MediaStack\data\media\tv\The Blacklist\Season 09\The Blacklist - S09E11 - The Conglomerate.mkv,,,episode,imdb://tt18285230,,unmatched,The Blacklist – Season 9 – The Conglomerate
missing episode match metadata,0,F:\MediaStack\data\media\tv\The Blacklist\Season 09\The Blacklist - S09E12 - The Chairman.mkv,,,episode,imdb://tt18412792,,unmatched,The Blacklist – Season 9 – The Chairman
missing episode match metadata,0,"F:\MediaStack\data\media\tv\The Blacklist\Season 09\The Blacklist - S09E13 - Genuine Models, Inc.mkv",,,episode,imdb://tt18547182,,unmatched,"The Blacklist – Season 9 – Genuine Models, Inc."
missing episode match metadata,0,F:\MediaStack\data\media\tv\The Blacklist\Season 09\The Blacklist - S09E14 - Eva Mason.mkv,,,episode,imdb://tt18884452,,unmatched,The Blacklist – Season 9 – Eva Mason
missing episode match metadata,0,F:\MediaStack\data\media\tv\The Blacklist\Season 09\The Blacklist - S09E15 - Andrew Kennison.mkv,,,episode,imdb://tt19071728,,unmatched,The Blacklist – Season 9 – Andrew Kennison
missing episode match metadata,0,F:\MediaStack\data\media\tv\The Blacklist\Season 09\The Blacklist - S09E16 - Helen Maghi.mkv,,,episode,imdb://tt19071734,,unmatched,The Blacklist – Season 9 – Helen Maghi
missing episode match metadata,0,F:\MediaStack\data\media\tv\The Blacklist\Season 09\The Blacklist - S09E17 - El Conejo.mkv,,,episode,imdb://tt19071738,,unmatched,The Blacklist – Season 9 – El Conejo
missing episode match metadata,0,F:\MediaStack\data\media\tv\The Blacklist\Season 09\The Blacklist - S09E18 - Laszlo Jankowics.mkv,,,episode,imdb://tt19071740,,unmatched,The Blacklist – Season 9 – Laszlo Jankowics
missing episode match metadata,0,F:\MediaStack\data\media\tv\The Blacklist\Season 09\The Blacklist - S09E19 - The Bear Mask.mkv,,,episode,imdb://tt19432954,,unmatched,The Blacklist – Season 9 – The Bear Mask
missing episode match metadata,0,F:\MediaStack\data\media\tv\The Blacklist\Season 07\The Blacklist - S07E08 - The Hawaladar.mkv,,,episode,imdb://tt11146876,,unmatched,The Blacklist – Season 7 – The Hawaladar
missing episode match metadata,0,F:\MediaStack\data\media\tv\The Blacklist\Season 07\The Blacklist - S07E09 - Orion Relocation Services.mkv,,,episode,imdb://tt11251968,,unmatched,The Blacklist – Season 7 – Orion Relocation Services
missing episode match metadata,0,F:\MediaStack\data\media\tv\The Blacklist\Season 07\The Blacklist - S07E10 - Katarina Rostova.mkv,,,episode,imdb://tt11251970,,unmatched,The Blacklist – Season 7 – Katarina Rostova
missing episode match metadata,0,F:\MediaStack\data\media\tv\The Blacklist\Season 07\The Blacklist - S07E11 - Victoria Fenberg.mkv,,,episode,imdb://tt11316574,,unmatched,The Blacklist – Season 7 – Victoria Fenberg
missing episode match metadata,0,F:\MediaStack\data\media\tv\The Blacklist\Season 07\The Blacklist - S07E12 - Cornelius Ruck.mkv,,,episode,imdb://tt11796430,,unmatched,The Blacklist – Season 7 – Cornelius Ruck
missing episode match metadata,0,F:\MediaStack\data\media\tv\The Blacklist\Season 07\The Blacklist - S07E13 - Newton Purcell.mkv,,,episode,imdb://tt11796500,,unmatched,The Blacklist – Season 7 – Newton Purcell
missing episode match metadata,0,F:\MediaStack\data\media\tv\The Blacklist\Season 07\The Blacklist - S07E14 - Twamie Ullulaq.mkv,,,episode,imdb://tt11798946,,unmatched,The Blacklist – Season 7 – Twamie Ullulaq
missing episode match metadata,0,F:\MediaStack\data\media\tv\The Blacklist\Season 07\The Blacklist - S07E15 - Gordon Kemp.mkv,,,episode,imdb://tt11800876,,unmatched,The Blacklist – Season 7 – Gordon Kemp
missing episode match metadata,0,F:\MediaStack\data\media\tv\The Blacklist\Season 07\The Blacklist - S07E16 - Nyle Hatcher.mkv,,,episode,imdb://tt11783890,,unmatched,The Blacklist – Season 7 – Nyle Hatcher
missing episode match metadata,0,F:\MediaStack\data\media\tv\The Blacklist\Season 07\The Blacklist - S07E17 - Brothers.mkv,,,episode,imdb://tt11861036,,unmatched,The Blacklist – Season 7 – Brothers
missing episode match metadata,0,F:\MediaStack\data\media\tv\The Blacklist\Season 07\The Blacklist - S07E18 - Roy Cain.mkv,,,episode,imdb://tt11945940,,unmatched,The Blacklist – Season 7 – Roy Cain
missing episode match metadata,0,F:\MediaStack\data\media\tv\The Blacklist\Season 07\The Blacklist - S07E19 - The Kazanjian Brothers.mkv,,,episode,imdb://tt12094734,,unmatched,The Blacklist – Season 7 – The Kazanjian Brothers
missing episode match metadata,0,F:\MediaStack\data\media\tv\The Blacklist\Season 08\The Blacklist - S08E01 - Roanoke.mkv,,,episode,imdb://tt11825262,,unmatched,The Blacklist – Season 8 – Roanoke
missing episode match metadata,0,F:\MediaStack\data\media\tv\The Blacklist\Season 08\The Blacklist - S08E02 - Katarina Rostova - Conclusion.mkv,,,episode,imdb://tt13310840,,unmatched,The Blacklist – Season 8 – Katarina Rostova: Conclusion
missing episode match metadata,0,F:\MediaStack\data\media\tv\The Blacklist\Season 08\The Blacklist - S08E03 - 16 Ounces.mkv,,,episode,imdb://tt13434420,,unmatched,The Blacklist – Season 8 – 16 Ounces
missing episode match metadata,0,F:\MediaStack\data\media\tv\The Blacklist\Season 08\The Blacklist - S08E04 - Elizabeth Keen.mkv,,,episode,imdb://tt13592110,,unmatched,The Blacklist – Season 8 – Elizabeth Keen
missing episode match metadata,0,F:\MediaStack\data\media\tv\The Blacklist\Season 08\The Blacklist - S08E05 - The Fribourg Confidence.mkv,,,episode,imdb://tt13586364,,unmatched,The Blacklist – Season 8 – The Fribourg Confidence
missing episode match metadata,0,F:\MediaStack\data\media\tv\The Blacklist\Season 08\The Blacklist - S08E06 - The Wellstone Agency.mkv,,,episode,imdb://tt13666844,,unmatched,The Blacklist – Season 8 – The Wellstone Agency
missing episode match metadata,0,F:\MediaStack\data\media\tv\The Blacklist\Season 08\The Blacklist - S08E07 - Chemical Mary.mkv,,,episode,imdb://tt13856360,,unmatched,The Blacklist – Season 8 – Chemical Mary
missing episode match metadata,0,F:\MediaStack\data\media\tv\The Blacklist\Season 08\The Blacklist - S08E08 - Ogden Greeley.mkv,,,episode,imdb://tt13848578,,unmatched,The Blacklist – Season 8 – Ogden Greeley
missing episode match metadata,0,F:\MediaStack\data\media\tv\The Blacklist\Season 08\The Blacklist - S08E09 - The Cyranoid.mkv,,,episode,imdb://tt14071404,,unmatched,The Blacklist – Season 8 – The Cyranoid
missing episode match metadata,0,F:\MediaStack\data\media\tv\The Blacklist\Season 08\The Blacklist - S08E10 - Dr. Laken Perillos.mkv,,,episode,imdb://tt14088742,,unmatched,The Blacklist – Season 8 – Dr. Laken Perillos
missing episode match metadata,0,F:\MediaStack\data\media\tv\The Blacklist\Season 08\The Blacklist - S08E11 - Captain Kidd.mkv,,,episode,imdb://tt14078316,,unmatched,The Blacklist – Season 8 – Captain Kidd
missing episode match metadata,0,F:\MediaStack\data\media\tv\The Blacklist\Season 08\The Blacklist - S08E12 - Rakitin.mkv,,,episode,imdb://tt14251014,,unmatched,The Blacklist – Season 8 – Rakitin
missing episode match metadata,0,F:\MediaStack\data\media\tv\The Blacklist\Season 08\The Blacklist - S08E13 - Anne.mkv,,,episode,imdb://tt14351420,,unmatched,The Blacklist – Season 8 – Anne
missing episode match metadata,0,F:\MediaStack\data\media\tv\The Blacklist\Season 08\The Blacklist - S08E14 - Misère.mkv,,,episode,imdb://tt14396554,,unmatched,The Blacklist – Season 8 – Misère
missing episode match metadata,0,F:\MediaStack\data\media\tv\The Blacklist\Season 08\The Blacklist - S08E15 - The Russian Knot.mkv,,,episode,imdb://tt14450768,,unmatched,The Blacklist – Season 8 – The Russian Knot
missing episode match metadata,0,F:\MediaStack\data\media\tv\The Blacklist\Season 06\The Blacklist - S06E07 - General Shiro.mkv,,,episode,imdb://tt9083080,,unmatched,The Blacklist – Season 6 – General Shiro
missing episode match metadata,0,F:\MediaStack\data\media\tv\The Blacklist\Season 06\The Blacklist - S06E08 - Marko Jankowics.mkv,,,episode,imdb://tt9159714,,unmatched,The Blacklist – Season 6 – Marko Jankowics
missing episode match metadata,0,F:\MediaStack\data\media\tv\The Blacklist\Season 06\The Blacklist - S06E09 - Minister D.mkv,,,episode,imdb://tt9179086,,unmatched,The Blacklist – Season 6 – Minister D
missing episode match metadata,0,F:\MediaStack\data\media\tv\The Blacklist\Season 06\The Blacklist - S06E10 - The Cryptobanker.mkv,,,episode,imdb://tt9261262,,unmatched,The Blacklist – Season 6 – The Cryptobanker
missing episode match metadata,0,F:\MediaStack\data\media\tv\The Blacklist\Season 06\The Blacklist - S06E11 - Bastien Moreau.mkv,,,episode,imdb://tt9261270,,unmatched,The Blacklist – Season 6 – Bastien Moreau (1)
missing episode match metadata,0,F:\MediaStack\data\media\tv\The Blacklist\Season 06\The Blacklist - S06E12 - Bastien Moreau - Conclusion.mkv,,,episode,imdb://tt9261276,,unmatched,The Blacklist – Season 6 – Bastien Moreau: Conclusion (2)
missing episode match metadata,0,F:\MediaStack\data\media\tv\The Blacklist\Season 06\The Blacklist - S06E13 - Robert Vesco.mkv,,,episode,imdb://tt9261280,,unmatched,The Blacklist – Season 6 – Robert Vesco
missing episode match metadata,0,F:\MediaStack\data\media\tv\The Blacklist\Season 06\The Blacklist - S06E14 - The Osterman Umbrella Company.mkv,,,episode,imdb://tt9261282,,unmatched,The Blacklist – Season 6 – The Osterman Umbrella Company
missing episode match metadata,0,F:\MediaStack\data\media\tv\The Blacklist\Season 06\The Blacklist - S06E15 - Olivia Olson.mkv,,,episode,imdb://tt9262958,,unmatched,The Blacklist – Season 6 – Olivia Olson
missing episode match metadata,0,F:\MediaStack\data\media\tv\The Blacklist\Season 06\The Blacklist - S06E16 - Lady Luck.mkv,,,episode,imdb://tt9263022,,unmatched,The Blacklist – Season 6 – Lady Luck
missing episode match metadata,0,F:\MediaStack\data\media\tv\The Blacklist\Season 06\The Blacklist - S06E17 - The Third Estate.mkv,,,episode,imdb://tt9664006,,unmatched,The Blacklist – Season 6 – The Third Estate
missing episode match metadata,0,F:\MediaStack\data\media\tv\The Blacklist\Season 06\The Blacklist - S06E18 - The Brockton College Killer.mkv,,,episode,imdb://tt9664014,,unmatched,The Blacklist – Season 6 – The Brockton College Killer
missing episode match metadata,0,F:\MediaStack\data\media\tv\The Blacklist\Season 06\The Blacklist - S06E19 - Rassvet.mkv,,,episode,imdb://tt9664012,,unmatched,The Blacklist – Season 6 – Rassvet
missing episode match metadata,0,F:\MediaStack\data\media\tv\The Blacklist\Season 06\The Blacklist - S06E20 - Guillermo Rizal.mkv,,,episode,imdb://tt9664020,,unmatched,The Blacklist – Season 6 – Guillermo Rizal
missing episode match metadata,0,F:\MediaStack\data\media\tv\The Blacklist\Season 06\The Blacklist - S06E21 - Anna McMahon.mkv,,,episode,imdb://tt9664022,,unmatched,The Blacklist – Season 6 – Anna McMahon
missing episode match metadata,0,F:\MediaStack\data\media\tv\The Blacklist\Season 06\The Blacklist - S06E22 - Robert Diaz.mkv,,,episode,imdb://tt9664024,,unmatched,The Blacklist – Season 6 – Robert Diaz
missing episode match metadata,0,F:\MediaStack\data\media\tv\The Blacklist\Season 07\The Blacklist - S07E01 - Louis T. Steinhil.mkv,,,episode,imdb://tt10003824,,unmatched,The Blacklist – Season 7 – Louis T. Steinhil (1)
missing episode match metadata,0,F:\MediaStack\data\media\tv\The Blacklist\Season 07\The Blacklist - S07E02 - Louis T. Steinhil - Conclusion.mkv,,,episode,imdb://tt10370688,,unmatched,The Blacklist – Season 7 – Louis T. Steinhil: Conclusion (2)
missing episode match metadata,0,F:\MediaStack\data\media\tv\The Blacklist\Season 07\The Blacklist - S07E03 - Les Fleurs du Mal.mkv,,,episode,imdb://tt10799662,,unmatched,The Blacklist – Season 7 – Les Fleurs du Mal
missing episode match metadata,0,F:\MediaStack\data\media\tv\The Blacklist\Season 07\The Blacklist - S07E04 - Kuwait.mkv,,,episode,imdb://tt10941734,,unmatched,The Blacklist – Season 7 – Kuwait
missing episode match metadata,0,F:\MediaStack\data\media\tv\The Blacklist\Season 07\The Blacklist - S07E05 - Norman Devane.mkv,,,episode,imdb://tt10940036,,unmatched,The Blacklist – Season 7 – Norman Devane
missing episode match metadata,0,F:\MediaStack\data\media\tv\The Blacklist\Season 07\The Blacklist - S07E06 - Dr. Lewis Powell.mkv,,,episode,imdb://tt10993746,,unmatched,The Blacklist – Season 7 – Dr. Lewis Powell
missing episode match metadata,0,F:\MediaStack\data\media\tv\The Blacklist\Season 07\The Blacklist - S07E07 - Hannah Hayes.mkv,,,episode,imdb://tt11146878,,unmatched,The Blacklist – Season 7 – Hannah Hayes
missing episode match metadata,0,F:\MediaStack\data\media\tv\The Blacklist\Season 05\The Blacklist - S05E05 - Ilyas Surkov.mkv,,,episode,imdb://tt7104292,,unmatched,The Blacklist – Season 5 – Ilyas Surkov
missing episode match metadata,0,F:\MediaStack\data\media\tv\The Blacklist\Season 05\The Blacklist - S05E06 - The Travel Agency.mkv,,,episode,imdb://tt7406856,,unmatched,The Blacklist – Season 5 – The Travel Agency
missing episode match metadata,0,F:\MediaStack\data\media\tv\The Blacklist\Season 05\The Blacklist - S05E07 - The Kilgannon Corporation.mkv,,,episode,imdb://tt7492604,,unmatched,The Blacklist – Season 5 – The Kilgannon Corporation
missing episode match metadata,0,F:\MediaStack\data\media\tv\The Blacklist\Season 05\The Blacklist - S05E08 - Ian Garvey.mkv,,,episode,imdb://tt7492786,,unmatched,The Blacklist – Season 5 – Ian Garvey
missing episode match metadata,0,F:\MediaStack\data\media\tv\The Blacklist\Season 05\The Blacklist - S05E09 - Ruin.mkv,,,episode,imdb://tt7550154,,unmatched,The Blacklist – Season 5 – Ruin
missing episode match metadata,0,F:\MediaStack\data\media\tv\The Blacklist\Season 05\The Blacklist - S05E10 - The Informant.mkv,,,episode,imdb://tt7492796,,unmatched,The Blacklist – Season 5 – The Informant
missing episode match metadata,0,F:\MediaStack\data\media\tv\The Blacklist\Season 05\The Blacklist - S05E11 - Abraham Stern.mkv,,,episode,imdb://tt7611838,,unmatched,The Blacklist – Season 5 – Abraham Stern
missing episode match metadata,0,F:\MediaStack\data\media\tv\The Blacklist\Season 05\The Blacklist - S05E12 - The Cook.mkv,,,episode,imdb://tt7652054,,unmatched,The Blacklist – Season 5 – The Cook
missing episode match metadata,0,F:\MediaStack\data\media\tv\The Blacklist\Season 05\The Blacklist - S05E13 - The Invisible Hand.mkv,,,episode,imdb://tt7635092,,unmatched,The Blacklist – Season 5 – The Invisible Hand
missing episode match metadata,0,F:\MediaStack\data\media\tv\The Blacklist\Season 05\The Blacklist - S05E14 - Mr. Raleigh Sinclair III.mkv,,,episode,imdb://tt7919458,,unmatched,The Blacklist – Season 5 – Mr. Raleigh Sinclair III
missing episode match metadata,0,F:\MediaStack\data\media\tv\The Blacklist\Season 05\The Blacklist - S05E15 - Pattie Sue Edwards.mkv,,,episode,imdb://tt7919460,,unmatched,The Blacklist – Season 5 – Pattie Sue Edwards
missing episode match metadata,0,F:\MediaStack\data\media\tv\The Blacklist\Season 05\The Blacklist - S05E16 - The Capricorn Killer.mkv,,,episode,imdb://tt7997030,,unmatched,The Blacklist – Season 5 – The Capricorn Killer
missing episode match metadata,0,F:\MediaStack\data\media\tv\The Blacklist\Season 05\The Blacklist - S05E17 - Anna-Gracia Duerte.mkv,,,episode,imdb://tt7997034,,unmatched,The Blacklist – Season 5 – Anna-Gracia Duerte
missing episode match metadata,0,F:\MediaStack\data\media\tv\The Blacklist\Season 05\The Blacklist - S05E18 - Zarak Mosadek.mkv,,,episode,imdb://tt7996990,,unmatched,The Blacklist – Season 5 – Zarak Mosadek
missing episode match metadata,0,F:\MediaStack\data\media\tv\The Blacklist\Season 05\The Blacklist - S05E19 - Ian Garvey - Conclusion.mkv,,,episode,imdb://tt8156286,,unmatched,The Blacklist – Season 5 – Ian Garvey: Conclusion
missing episode match metadata,0,F:\MediaStack\data\media\tv\The Blacklist\Season 05\The Blacklist - S05E20 - Nicholas T. Moore.mkv,,,episode,imdb://tt8140446,,unmatched,The Blacklist – Season 5 – Nicholas T. Moore
missing episode match metadata,0,F:\MediaStack\data\media\tv\The Blacklist\Season 05\The Blacklist - S05E21 - Lawrence Dane Devlin.mkv,,,episode,imdb://tt8213662,,unmatched,The Blacklist – Season 5 – Lawrence Dane Devlin
missing episode match metadata,0,F:\MediaStack\data\media\tv\The Blacklist\Season 05\The Blacklist - S05E22 - Sutton Ross.mkv,,,episode,imdb://tt8213670,,unmatched,The Blacklist – Season 5 – Sutton Ross
missing episode match metadata,0,F:\MediaStack\data\media\tv\The Blacklist\Season 06\The Blacklist - S06E01 - Dr. Hans Koehler.mkv,,,episode,imdb://tt8408814,,unmatched,The Blacklist – Season 6 – Dr. Hans Koehler
missing episode match metadata,0,F:\MediaStack\data\media\tv\The Blacklist\Season 06\The Blacklist - S06E02 - The Corsican.mkv,,,episode,imdb://tt8853056,,unmatched,The Blacklist – Season 6 – The Corsican
missing episode match metadata,0,F:\MediaStack\data\media\tv\The Blacklist\Season 06\The Blacklist - S06E03 - The Pharmacist.mkv,,,episode,imdb://tt8849322,,unmatched,The Blacklist – Season 6 – The Pharmacist
missing episode match metadata,0,F:\MediaStack\data\media\tv\The Blacklist\Season 06\The Blacklist - S06E04 - The Pawnbrokers.mkv,,,episode,imdb://tt8858402,,unmatched,The Blacklist – Season 6 – The Pawnbrokers
missing episode match metadata,0,F:\MediaStack\data\media\tv\The Blacklist\Season 06\The Blacklist - S06E05 - Alter Ego.mkv,,,episode,imdb://tt9004076,,unmatched,The Blacklist – Season 6 – Alter Ego
missing episode match metadata,0,F:\MediaStack\data\media\tv\The Blacklist\Season 06\The Blacklist - S06E06 - The Ethicist.mkv,,,episode,imdb://tt8992996,,unmatched,The Blacklist – Season 6 – The Ethicist
missing episode match metadata,0,F:\MediaStack\data\media\tv\The Blacklist\Season 04\The Blacklist - S04E06 - The Thrushes.mkv,,,episode,imdb://tt6087294,,unmatched,The Blacklist – Season 4 – The Thrushes
missing episode match metadata,0,F:\MediaStack\data\media\tv\The Blacklist\Season 04\The Blacklist - S04E07 - Dr. Adrian Shaw.mkv,,,episode,imdb://tt6113994,,unmatched,The Blacklist – Season 4 – Dr. Adrian Shaw (1)
missing episode match metadata,0,F:\MediaStack\data\media\tv\The Blacklist\Season 04\The Blacklist - S04E08 - Dr. Adrian Shaw - Conclusion.mkv,,,episode,imdb://tt6143800,,unmatched,The Blacklist – Season 4 – Dr. Adrian Shaw: Conclusion (2)
missing episode match metadata,0,F:\MediaStack\data\media\tv\The Blacklist\Season 04\The Blacklist - S04E09 - Lipet's Seafood Company.mkv,,,episode,imdb://tt6182812,,unmatched,The Blacklist – Season 4 – Lipet's Seafood Company
missing episode match metadata,0,F:\MediaStack\data\media\tv\The Blacklist\Season 04\The Blacklist - S04E10 - The Forecaster.mkv,,,episode,imdb://tt6210144,,unmatched,The Blacklist – Season 4 – The Forecaster
missing episode match metadata,0,F:\MediaStack\data\media\tv\The Blacklist\Season 04\The Blacklist - S04E11 - The Harem.mkv,,,episode,imdb://tt6257202,,unmatched,The Blacklist – Season 4 – The Harem
missing episode match metadata,0,F:\MediaStack\data\media\tv\The Blacklist\Season 04\The Blacklist - S04E12 - Natalie Luca.mkv,,,episode,imdb://tt6443932,,unmatched,The Blacklist – Season 4 – Natalie Luca
missing episode match metadata,0,F:\MediaStack\data\media\tv\The Blacklist\Season 04\The Blacklist - S04E13 - Isabella Stone.mkv,,,episode,imdb://tt6454576,,unmatched,The Blacklist – Season 4 – Isabella Stone
missing episode match metadata,0,F:\MediaStack\data\media\tv\The Blacklist\Season 04\The Blacklist - S04E14 - The Architect.mkv,,,episode,imdb://tt6439022,,unmatched,The Blacklist – Season 4 – The Architect
missing episode match metadata,0,F:\MediaStack\data\media\tv\The Blacklist\Season 04\The Blacklist - S04E15 - The Apothecary.mkv,,,episode,imdb://tt6441958,,unmatched,The Blacklist – Season 4 – The Apothecary
missing episode match metadata,0,F:\MediaStack\data\media\tv\The Blacklist\Season 04\The Blacklist - S04E16 - Dembe Zuma.mkv,,,episode,imdb://tt6509160,,unmatched,The Blacklist – Season 4 – Dembe Zuma
missing episode match metadata,0,F:\MediaStack\data\media\tv\The Blacklist\Season 04\The Blacklist - S04E17 - Requiem.mkv,,,episode,imdb://tt6520976,,unmatched,The Blacklist – Season 4 – Requiem
missing episode match metadata,0,F:\MediaStack\data\media\tv\The Blacklist\Season 04\The Blacklist - S04E18 - Philomena.mkv,,,episode,imdb://tt6626200,,unmatched,The Blacklist – Season 4 – Philomena
missing episode match metadata,0,F:\MediaStack\data\media\tv\The Blacklist\Season 04\The Blacklist - S04E19 - Dr. Bogdan Krilov.mkv,,,episode,imdb://tt6668958,,unmatched,The Blacklist – Season 4 – Dr. Bogdan Krilov
missing episode match metadata,0,F:\MediaStack\data\media\tv\The Blacklist\Season 04\The Blacklist - S04E20 - The Debt Collector.mkv,,,episode,imdb://tt6769268,,unmatched,The Blacklist – Season 4 – The Debt Collector
missing episode match metadata,0,F:\MediaStack\data\media\tv\The Blacklist\Season 04\The Blacklist - S04E21 - Mr. Kaplan.mkv,,,episode,imdb://tt6769298,,unmatched,The Blacklist – Season 4 – Mr. Kaplan (1)
missing episode match metadata,0,F:\MediaStack\data\media\tv\The Blacklist\Season 04\The Blacklist - S04E22 - Mr. Kaplan - Conclusion.mkv,,,episode,imdb://tt6769302,,unmatched,The Blacklist – Season 4 – Mr. Kaplan: Conclusion (2)
missing episode match metadata,0,F:\MediaStack\data\media\tv\The Blacklist\Season 05\The Blacklist - S05E01 - Smokey Putnum.mkv,,,episode,imdb://tt6882980,,unmatched,The Blacklist – Season 5 – Smokey Putnum
missing episode match metadata,0,F:\MediaStack\data\media\tv\The Blacklist\Season 05\The Blacklist - S05E02 - Greyson Blaise.mkv,,,episode,imdb://tt7103730,,unmatched,The Blacklist – Season 5 – Greyson Blaise
missing episode match metadata,0,F:\MediaStack\data\media\tv\The Blacklist\Season 05\The Blacklist - S05E03 - Miss Rebecca Thrall.mkv,,,episode,imdb://tt7103736,,unmatched,The Blacklist – Season 5 – Miss Rebecca Thrall
missing episode match metadata,0,F:\MediaStack\data\media\tv\The Blacklist\Season 05\The Blacklist - S05E04 - The Endling.mkv,,,episode,imdb://tt7103748,,unmatched,The Blacklist – Season 5 – The Endling
missing episode match metadata,0,F:\MediaStack\data\media\tv\The Blacklist\Season 03\The Blacklist - S03E03 - Eli Matchett.mkv,,,episode,imdb://tt5068464,,unmatched,The Blacklist – Season 3 – Eli Matchett
missing episode match metadata,0,F:\MediaStack\data\media\tv\The Blacklist\Season 03\The Blacklist - S03E04 - The Djinn.mkv,,,episode,imdb://tt5015108,,unmatched,The Blacklist – Season 3 – The Djinn
missing episode match metadata,0,F:\MediaStack\data\media\tv\The Blacklist\Season 03\The Blacklist - S03E05 - Arioch Cain.mkv,,,episode,imdb://tt5019538,,unmatched,The Blacklist – Season 3 – Arioch Cain
missing episode match metadata,0,F:\MediaStack\data\media\tv\The Blacklist\Season 03\The Blacklist - S03E06 - Sir Crispin Crandall.mkv,,,episode,imdb://tt5030014,,unmatched,The Blacklist – Season 3 – Sir Crispin Crandall
missing episode match metadata,0,F:\MediaStack\data\media\tv\The Blacklist\Season 03\The Blacklist - S03E07 - Zal Bin Hasaan.mkv,,,episode,imdb://tt5060376,,unmatched,The Blacklist – Season 3 – Zal Bin Hasaan
missing episode match metadata,0,F:\MediaStack\data\media\tv\The Blacklist\Season 03\The Blacklist - S03E08 - Kings of the Highway.mkv,,,episode,imdb://tt5158338,,unmatched,The Blacklist – Season 3 – Kings of the Highway
missing episode match metadata,0,F:\MediaStack\data\media\tv\The Blacklist\Season 03\The Blacklist - S03E09 - The Director.mkv,,,episode,imdb://tt5135540,,unmatched,The Blacklist – Season 3 – The Director (1)
missing episode match metadata,0,F:\MediaStack\data\media\tv\The Blacklist\Season 03\The Blacklist - S03E10 - The Director - Conclusion.mkv,,,episode,imdb://tt5155304,,unmatched,The Blacklist – Season 3 – The Director: Conclusion (2)
missing episode match metadata,0,F:\MediaStack\data\media\tv\The Blacklist\Season 03\The Blacklist - S03E11 - Mr. Gregory Devry.mkv,,,episode,imdb://tt5182064,,unmatched,The Blacklist – Season 3 – Mr. Gregory Devry
missing episode match metadata,0,F:\MediaStack\data\media\tv\The Blacklist\Season 03\The Blacklist - S03E12 - The Vehm.mkv,,,episode,imdb://tt5182070,,unmatched,The Blacklist – Season 3 – The Vehm
missing episode match metadata,0,F:\MediaStack\data\media\tv\The Blacklist\Season 03\The Blacklist - S03E13 - Alistair Pitt.mkv,,,episode,imdb://tt5182072,,unmatched,The Blacklist – Season 3 – Alistair Pitt
missing episode match metadata,0,F:\MediaStack\data\media\tv\The Blacklist\Season 03\The Blacklist - S03E14 - Lady Ambrosia.mkv,,,episode,imdb://tt5182074,,unmatched,The Blacklist – Season 3 – Lady Ambrosia
missing episode match metadata,0,F:\MediaStack\data\media\tv\The Blacklist\Season 03\The Blacklist - S03E15 - Drexel.mkv,,,episode,imdb://tt5182076,,unmatched,The Blacklist – Season 3 – Drexel
missing episode match metadata,0,F:\MediaStack\data\media\tv\The Blacklist\Season 03\The Blacklist - S03E16 - The Caretaker.mkv,,,episode,imdb://tt5182078,,unmatched,The Blacklist – Season 3 – The Caretaker
missing episode match metadata,0,F:\MediaStack\data\media\tv\The Blacklist\Season 03\The Blacklist - S03E17 - Mr. Solomon.mkv,,,episode,imdb://tt5182084,,unmatched,The Blacklist – Season 3 – Mr. Solomon (1)
missing episode match metadata,0,F:\MediaStack\data\media\tv\The Blacklist\Season 03\The Blacklist - S03E18 - Mr. Solomon - Conclusion.mkv,,,episode,imdb://tt5182088,,unmatched,The Blacklist – Season 3 – Mr. Solomon: Conclusion (2)
missing episode match metadata,0,F:\MediaStack\data\media\tv\The Blacklist\Season 03\The Blacklist - S03E19 - Cape May.mkv,,,episode,imdb://tt5182086,,unmatched,The Blacklist – Season 3 – Cape May
missing episode match metadata,0,F:\MediaStack\data\media\tv\The Blacklist\Season 03\The Blacklist - S03E20 - The Artax Network.mkv,,,episode,imdb://tt5182092,,unmatched,The Blacklist – Season 3 – The Artax Network
missing episode match metadata,0,F:\MediaStack\data\media\tv\The Blacklist\Season 03\The Blacklist - S03E21 - Susan Hargrave.mkv,,,episode,imdb://tt5182096,,unmatched,The Blacklist – Season 3 – Susan Hargrave
missing episode match metadata,0,F:\MediaStack\data\media\tv\The Blacklist\Season 03\The Blacklist - S03E22 - Alexander Kirk.mkv,,,episode,imdb://tt5182098,,unmatched,The Blacklist – Season 3 – Alexander Kirk (1)
missing episode match metadata,0,F:\MediaStack\data\media\tv\The Blacklist\Season 03\The Blacklist - S03E23 - Alexander Kirk - Conclusion.mkv,,,episode,imdb://tt5640786,,unmatched,The Blacklist – Season 3 – Alexander Kirk: Conclusion (2)
missing episode match metadata,0,F:\MediaStack\data\media\tv\The Blacklist\Season 04\The Blacklist - S04E01 - Esteban.mkv,,,episode,imdb://tt5257552,,unmatched,The Blacklist – Season 4 – Esteban
missing episode match metadata,0,F:\MediaStack\data\media\tv\The Blacklist\Season 04\The Blacklist - S04E02 - Mato.mkv,,,episode,imdb://tt6047394,,unmatched,The Blacklist – Season 4 – Mato
missing episode match metadata,0,F:\MediaStack\data\media\tv\The Blacklist\Season 04\The Blacklist - S04E03 - Miles McGrath.mkv,,,episode,imdb://tt6047396,,unmatched,The Blacklist – Season 4 – Miles McGrath
missing episode match metadata,0,F:\MediaStack\data\media\tv\The Blacklist\Season 04\The Blacklist - S04E04 - Gaia.mkv,,,episode,imdb://tt5992968,,unmatched,The Blacklist – Season 4 – Gaia
missing episode match metadata,0,F:\MediaStack\data\media\tv\The Blacklist\Season 04\The Blacklist - S04E05 - The Lindquist Concern.mkv,,,episode,imdb://tt6047398,,unmatched,The Blacklist – Season 4 – The Lindquist Concern
missing episode match metadata,0,F:\MediaStack\data\media\tv\The Blacklist\Season 02\The Blacklist - S02E02 - Monarch Douglas Bank.mkv,,,episode,imdb://tt4045862,,unmatched,The Blacklist – Season 2 – Monarch Douglas Bank
missing episode match metadata,0,F:\MediaStack\data\media\tv\The Blacklist\Season 02\The Blacklist - S02E03 - Dr. James Covington.mkv,,,episode,imdb://tt3977666,,unmatched,The Blacklist – Season 2 – Dr. James Covington
missing episode match metadata,0,F:\MediaStack\data\media\tv\The Blacklist\Season 02\The Blacklist - S02E04 - Dr. Linus Creel.mkv,,,episode,imdb://tt4061178,,unmatched,The Blacklist – Season 2 – Dr. Linus Creel
missing episode match metadata,0,F:\MediaStack\data\media\tv\The Blacklist\Season 02\The Blacklist - S02E05 - The Front.mkv,,,episode,imdb://tt4054174,,unmatched,The Blacklist – Season 2 – The Front
missing episode match metadata,0,F:\MediaStack\data\media\tv\The Blacklist\Season 02\The Blacklist - S02E06 - The Mombasa Cartel.mkv,,,episode,imdb://tt4109836,,unmatched,The Blacklist – Season 2 – The Mombasa Cartel
missing episode match metadata,0,F:\MediaStack\data\media\tv\The Blacklist\Season 02\The Blacklist - S02E07 - The Scimitar.mkv,,,episode,imdb://tt4094332,,unmatched,The Blacklist – Season 2 – The Scimitar
missing episode match metadata,0,F:\MediaStack\data\media\tv\The Blacklist\Season 02\The Blacklist - S02E08 - The Decembrist.mkv,,,episode,imdb://tt4156774,,unmatched,The Blacklist – Season 2 – The Decembrist
missing episode match metadata,0,F:\MediaStack\data\media\tv\The Blacklist\Season 02\The Blacklist - S02E09 - Luther Braxton.mkv,,,episode,imdb://tt4210902,,unmatched,The Blacklist – Season 2 – Luther Braxton (1)
missing episode match metadata,0,F:\MediaStack\data\media\tv\The Blacklist\Season 02\The Blacklist - S02E10 - Luther Braxton - Conclusion.mkv,,,episode,imdb://tt4283600,,unmatched,The Blacklist – Season 2 – Luther Braxton: Conclusion (2)
missing episode match metadata,0,F:\MediaStack\data\media\tv\The Blacklist\Season 02\The Blacklist - S02E11 - Ruslan Denisov.mkv,,,episode,imdb://tt4287704,,unmatched,The Blacklist – Season 2 – Ruslan Denisov
missing episode match metadata,0,F:\MediaStack\data\media\tv\The Blacklist\Season 02\The Blacklist - S02E12 - The Kenyon Family.mkv,,,episode,imdb://tt4355076,,unmatched,The Blacklist – Season 2 – The Kenyon Family
missing episode match metadata,0,F:\MediaStack\data\media\tv\The Blacklist\Season 02\The Blacklist - S02E13 - The Deer Hunter.mkv,,,episode,imdb://tt4378652,,unmatched,The Blacklist – Season 2 – The Deer Hunter
missing episode match metadata,0,F:\MediaStack\data\media\tv\The Blacklist\Season 02\The Blacklist - S02E14 - T. Earl King VI.mkv,,,episode,imdb://tt4454532,,unmatched,The Blacklist – Season 2 – T. Earl King VI
missing episode match metadata,0,F:\MediaStack\data\media\tv\The Blacklist\Season 02\The Blacklist - S02E15 - The Major.mkv,,,episode,imdb://tt4472210,,unmatched,The Blacklist – Season 2 – The Major
missing episode match metadata,0,F:\MediaStack\data\media\tv\The Blacklist\Season 02\The Blacklist - S02E16 - Tom Keen.mkv,,,episode,imdb://tt4491502,,unmatched,The Blacklist – Season 2 – Tom Keen
missing episode match metadata,0,F:\MediaStack\data\media\tv\The Blacklist\Season 02\The Blacklist - S02E17 - The Longevity Initiative.mkv,,,episode,imdb://tt4509728,,unmatched,The Blacklist – Season 2 – The Longevity Initiative
missing episode match metadata,0,F:\MediaStack\data\media\tv\The Blacklist\Season 02\The Blacklist - S02E18 - Vanessa Cruz.mkv,,,episode,imdb://tt4527132,,unmatched,The Blacklist – Season 2 – Vanessa Cruz
missing episode match metadata,0,F:\MediaStack\data\media\tv\The Blacklist\Season 02\The Blacklist - S02E19 - Leonard Caul.mkv,,,episode,imdb://tt4578464,,unmatched,The Blacklist – Season 2 – Leonard Caul
missing episode match metadata,0,F:\MediaStack\data\media\tv\The Blacklist\Season 02\The Blacklist - S02E20 - Quon Zhang.mkv,,,episode,imdb://tt4558970,,unmatched,The Blacklist – Season 2 – Quon Zhang
missing episode match metadata,0,F:\MediaStack\data\media\tv\The Blacklist\Season 02\The Blacklist - S02E21 - Karakurt.mkv,,,episode,imdb://tt4578448,,unmatched,The Blacklist – Season 2 – Karakurt
missing episode match metadata,0,F:\MediaStack\data\media\tv\The Blacklist\Season 02\The Blacklist - S02E22 - Tom Connolly.mkv,,,episode,imdb://tt4578450,,unmatched,The Blacklist – Season 2 – Tom Connolly
missing episode match metadata,0,F:\MediaStack\data\media\tv\The Blacklist\Season 03\The Blacklist - S03E01 - The Troll Farmer.mkv,,,episode,imdb://tt4578466,,unmatched,The Blacklist – Season 3 – The Troll Farmer
missing episode match metadata,0,F:\MediaStack\data\media\tv\The Blacklist\Season 03\The Blacklist - S03E02 - Marvin Gerard.mkv,,,episode,imdb://tt4941520,,unmatched,The Blacklist – Season 3 – Marvin Gerard
missing episode match metadata,0,F:\MediaStack\data\media\tv\The Blacklist\Season 01\The Blacklist - S01E04 - The Stewmaker.mkv,,,episode,imdb://tt3173408,,unmatched,The Blacklist – Season 1 – The Stewmaker
missing episode match metadata,0,F:\MediaStack\data\media\tv\The Blacklist\Season 01\The Blacklist - S01E05 - The Courier.mkv,,,episode,imdb://tt3173410,,unmatched,The Blacklist – Season 1 – The Courier
missing episode match metadata,0,F:\MediaStack\data\media\tv\The Blacklist\Season 01\The Blacklist - S01E06 - Gina Zanetakos.mkv,,,episode,imdb://tt3265304,,unmatched,The Blacklist – Season 1 – Gina Zanetakos
missing episode match metadata,0,F:\MediaStack\data\media\tv\The Blacklist\Season 01\The Blacklist - S01E07 - Frederick Barnes.mkv,,,episode,imdb://tt3277226,,unmatched,The Blacklist – Season 1 – Frederick Barnes
missing episode match metadata,0,F:\MediaStack\data\media\tv\The Blacklist\Season 01\The Blacklist - S01E08 - General Ludd.mkv,,,episode,imdb://tt3276448,,unmatched,The Blacklist – Season 1 – General Ludd
missing episode match metadata,0,F:\MediaStack\data\media\tv\The Blacklist\Season 01\The Blacklist - S01E09 - Anslo Garrick.mkv,,,episode,imdb://tt3276450,,unmatched,The Blacklist – Season 1 – Anslo Garrick (1)
missing episode match metadata,0,F:\MediaStack\data\media\tv\The Blacklist\Season 01\The Blacklist - S01E10 - Anslo Garrick - Conclusion.mkv,,,episode,imdb://tt3276452,,unmatched,The Blacklist – Season 1 – Anslo Garrick (2)
missing episode match metadata,0,F:\MediaStack\data\media\tv\The Blacklist\Season 01\The Blacklist - S01E11 - The Good Samaritan.mkv,,,episode,imdb://tt3276454,,unmatched,The Blacklist – Season 1 – The Good Samaritan
missing episode match metadata,0,F:\MediaStack\data\media\tv\The Blacklist\Season 01\The Blacklist - S01E12 - The Alchemist.mkv,,,episode,imdb://tt3276456,,unmatched,The Blacklist – Season 1 – The Alchemist
missing episode match metadata,0,F:\MediaStack\data\media\tv\The Blacklist\Season 01\The Blacklist - S01E13 - The Cyprus Agency.mkv,,,episode,imdb://tt3276458,,unmatched,The Blacklist – Season 1 – The Cyprus Agency
missing episode match metadata,0,F:\MediaStack\data\media\tv\The Blacklist\Season 01\The Blacklist - S01E14 - Madeline Pratt.mkv,,,episode,imdb://tt3276460,,unmatched,The Blacklist – Season 1 – Madeline Pratt
missing episode match metadata,0,F:\MediaStack\data\media\tv\The Blacklist\Season 01\The Blacklist - S01E15 - The Judge.mkv,,,episode,imdb://tt3276462,,unmatched,The Blacklist – Season 1 – The Judge
missing episode match metadata,0,F:\MediaStack\data\media\tv\The Blacklist\Season 01\The Blacklist - S01E16 - Mako Tanida.mkv,,,episode,imdb://tt3276464,,unmatched,The Blacklist – Season 1 – Mako Tanida
missing episode match metadata,0,F:\MediaStack\data\media\tv\The Blacklist\Season 01\The Blacklist - S01E17 - Ivan.mkv,,,episode,imdb://tt3276466,,unmatched,The Blacklist – Season 1 – Ivan
missing episode match metadata,0,F:\MediaStack\data\media\tv\The Blacklist\Season 01\The Blacklist - S01E18 - Milton Bobbit.mkv,,,episode,imdb://tt3276468,,unmatched,The Blacklist – Season 1 – Milton Bobbit
missing episode match metadata,0,F:\MediaStack\data\media\tv\The Blacklist\Season 01\The Blacklist - S01E19 - The Pavlovich Brothers.mkv,,,episode,imdb://tt3276474,,unmatched,The Blacklist – Season 1 – The Pavlovich Brothers
missing episode match metadata,0,F:\MediaStack\data\media\tv\The Blacklist\Season 01\The Blacklist - S01E20 - The Kingmaker.mkv,,,episode,imdb://tt3276476,,unmatched,The Blacklist – Season 1 – The Kingmaker
missing episode match metadata,0,F:\MediaStack\data\media\tv\The Blacklist\Season 01\The Blacklist - S01E21 - Berlin.mkv,,,episode,imdb://tt3276470,,unmatched,The Blacklist – Season 1 – Berlin (1)
missing episode match metadata,0,F:\MediaStack\data\media\tv\The Blacklist\Season 01\The Blacklist - S01E22 - Berlin - Conclusion.mkv,,,episode,imdb://tt3276472,,unmatched,The Blacklist – Season 1 – Berlin: Conclusion (2)
missing episode match metadata,0,F:\MediaStack\data\media\tv\The Blacklist\Season 02\The Blacklist - S02E01 - Lord Baltimore.mkv,,,episode,imdb://tt3381714,,unmatched,The Blacklist – Season 2 – Lord Baltimore
missing episode match metadata,0,F:\MediaStack\data\media\tv\Attack on Titan\Season 04\Attack on Titan - S04E06 - The War Hammer Titan.mp4,,,episode,imdb://tt13819632,,unmatched,Attack on Titan – Season 4 – The War Hammer Titan
missing episode match metadata,0,F:\MediaStack\data\media\tv\Attack on Titan\Season 04\Attack on Titan - S04E07 - Assault.mp4,,,episode,imdb://tt13857684,,unmatched,Attack on Titan – Season 4 – Assault
missing episode match metadata,0,F:\MediaStack\data\media\tv\Attack on Titan\Season 04\Attack on Titan - S04E08 - Assassin's Bullet.mp4,,,episode,imdb://tt13907662,,unmatched,Attack on Titan – Season 4 – Assassin's Bullet
missing episode match metadata,0,F:\MediaStack\data\media\tv\Attack on Titan\Season 04\Attack on Titan - S04E09 - Brave Volunteers.mp4,,,episode,imdb://tt13971296,,unmatched,Attack on Titan – Season 4 – Brave Volunteers
missing episode match metadata,0,F:\MediaStack\data\media\tv\Attack on Titan\Season 04\Attack on Titan - S04E10 - A Sound Argument.mp4,,,episode,imdb://tt13989258,,unmatched,Attack on Titan – Season 4 – A Sound Argument
missing episode match metadata,0,F:\MediaStack\data\media\tv\Attack on Titan\Season 04\Attack on Titan - S04E11 - Deceiver.mp4,,,episode,imdb://tt13996128,,unmatched,Attack on Titan – Season 4 – Deceiver
missing episode match metadata,0,F:\MediaStack\data\media\tv\Attack on Titan\Season 04\Attack on Titan - S04E12 - Guides.mp4,,,episode,imdb://tt14026060,,unmatched,Attack on Titan – Season 4 – Guides
missing episode match metadata,0,F:\MediaStack\data\media\tv\Attack on Titan\Season 04\Attack on Titan - S04E13 - Children of the Forest.mp4,,,episode,imdb://tt14093766,,unmatched,Attack on Titan – Season 4 – Children of the Forest
missing episode match metadata,0,F:\MediaStack\data\media\tv\Attack on Titan\Season 04\Attack on Titan - S04E14 - Savagery.mp4,,,episode,imdb://tt14132418,,unmatched,Attack on Titan – Season 4 – Savagery
missing episode match metadata,0,F:\MediaStack\data\media\tv\Attack on Titan\Season 04\Attack on Titan - S04E15 - Sole Salvation.mp4,,,episode,imdb://tt14134628,,unmatched,Attack on Titan – Season 4 – Sole Salvation
missing episode match metadata,0,F:\MediaStack\data\media\tv\Attack on Titan\Season 04\Attack on Titan - S04E16 - Above and Below.mp4,,,episode,imdb://tt14134634,,unmatched,Attack on Titan – Season 4 – Above and Below
missing episode match metadata,0,F:\MediaStack\data\media\tv\Attack on Titan\Season 04\Attack on Titan - S04E17 - Judgment.mp4,,,episode,imdb://tt14342824,,unmatched,Attack on Titan – Season 4 – Judgment
missing episode match metadata,0,F:\MediaStack\data\media\tv\Attack on Titan\Season 04\Attack on Titan - S04E18 - Sneak Attack.mp4,,,episode,imdb://tt14551446,,unmatched,Attack on Titan – Season 4 – Sneak Attack
missing episode match metadata,0,F:\MediaStack\data\media\tv\Attack on Titan\Season 04\Attack on Titan - S04E19 - Two Brothers.mp4,,,episode,imdb://tt17277218,,unmatched,Attack on Titan – Season 4 – Two Brothers
missing episode match metadata,0,F:\MediaStack\data\media\tv\Attack on Titan\Season 04\Attack on Titan - S04E20 - Memories of the Future.mp4,,,episode,imdb://tt17505964,,unmatched,Attack on Titan – Season 4 – Memories of the Future
missing episode match metadata,0,"F:\MediaStack\data\media\tv\Attack on Titan\Season 04\Attack on Titan - S04E21 - From You, 2,000 Years Ago.mp4",,,episode,imdb://tt17594170,,unmatched,"Attack on Titan – Season 4 – From You, 2,000 Years Ago"
missing episode match metadata,0,F:\MediaStack\data\media\tv\Attack on Titan\Season 04\Attack on Titan - S04E22 - Thaw.mp4,,,episode,imdb://tt18211918,,unmatched,Attack on Titan – Season 4 – Thaw
missing episode match metadata,0,F:\MediaStack\data\media\tv\Attack on Titan\Season 04\Attack on Titan - S04E23 - Sunset.mp4,,,episode,imdb://tt18286830,,unmatched,Attack on Titan – Season 4 – Sunset
missing episode match metadata,0,F:\MediaStack\data\media\tv\Attack on Titan\Season 04\Attack on Titan - S04E24 - Pride.mp4,,,episode,imdb://tt18327540,,unmatched,Attack on Titan – Season 4 – Pride
missing episode match metadata,0,F:\MediaStack\data\media\tv\Attack on Titan\Season 04\Attack on Titan - S04E25 - Night of the End.mp4,,,episode,imdb://tt18412610,,unmatched,Attack on Titan – Season 4 – Night of the End
missing episode match metadata,0,F:\MediaStack\data\media\tv\Attack on Titan\Season 04\Attack on Titan - S04E26 - Traitor.mp4,,,episode,imdb://tt18484352,,unmatched,Attack on Titan – Season 4 – Traitor
missing episode match metadata,0,F:\MediaStack\data\media\tv\Attack on Titan\Season 04\Attack on Titan - S04E27 - Retrospective.mp4,,,episode,imdb://tt18856536,,unmatched,Attack on Titan – Season 4 – Retrospective
missing episode match metadata,0,F:\MediaStack\data\media\tv\Attack on Titan\Season 04\Attack on Titan - S04E28 - The Dawn of Humanity.mp4,,,episode,imdb://tt18953204,,unmatched,Attack on Titan – Season 4 – The Dawn of Humanity
missing episode match metadata,0,F:\MediaStack\data\media\tv\Attack on Titan\Season 04\Attack on Titan - S04E29 - The Final Chapters - Special 1.mp4,,,episode,local://22767,,unmatched,Attack on Titan – Season 4 – Episode 29
missing episode match metadata,0,F:\MediaStack\data\media\tv\Attack on Titan\Season 04\Attack on Titan - S04E30 - The Final Chapters Special 2.mp4,,,episode,local://22768,,unmatched,Attack on Titan – Season 4 – Episode 30
missing episode match metadata,0,F:\MediaStack\data\media\tv\The Blacklist\Season 01\The Blacklist - S01E01 - Pilot.mkv,,,episode,imdb://tt2920128,,unmatched,The Blacklist – Season 1 – Pilot
missing episode match metadata,0,F:\MediaStack\data\media\tv\The Blacklist\Season 01\The Blacklist - S01E02 - The Freelancer.mkv,,,episode,imdb://tt3173404,,unmatched,The Blacklist – Season 1 – The Freelancer
missing episode match metadata,0,F:\MediaStack\data\media\tv\The Blacklist\Season 01\The Blacklist - S01E03 - Wujing.mkv,,,episode,imdb://tt3173406,,unmatched,The Blacklist – Season 1 – Wujing
missing episode match metadata,0,F:\MediaStack\data\media\tv\Attack on Titan\Season 03\Attack on Titan - S03E03 - Old Story.mkv,,,episode,imdb://tt8543946,,unmatched,Attack on Titan – Season 3 – Old Story
missing episode match metadata,0,F:\MediaStack\data\media\tv\Attack on Titan\Season 03\Attack on Titan - S03E04 - Trust.mkv,,,episode,imdb://tt8543952,,unmatched,Attack on Titan – Season 3 – Trust
missing episode match metadata,0,F:\MediaStack\data\media\tv\Attack on Titan\Season 03\Attack on Titan - S03E05 - Reply.mkv,,,episode,imdb://tt8543956,,unmatched,Attack on Titan – Season 3 – Reply
missing episode match metadata,0,F:\MediaStack\data\media\tv\Attack on Titan\Season 03\Attack on Titan - S03E06 - Sin.mkv,,,episode,imdb://tt8543958,,unmatched,Attack on Titan – Season 3 – Sin
missing episode match metadata,0,F:\MediaStack\data\media\tv\Attack on Titan\Season 03\Attack on Titan - S03E07 - Wish.mkv,,,episode,imdb://tt8733180,,unmatched,Attack on Titan – Season 3 – Wish
missing episode match metadata,0,F:\MediaStack\data\media\tv\Attack on Titan\Season 03\Attack on Titan - S03E08 - Outside the Walls of Orvud District.mkv,,,episode,imdb://tt8733182,,unmatched,Attack on Titan – Season 3 – Outside the Walls of Orvud District
missing episode match metadata,0,F:\MediaStack\data\media\tv\Attack on Titan\Season 03\Attack on Titan - S03E09 - Ruler of the Walls.mkv,,,episode,imdb://tt8733184,,unmatched,Attack on Titan – Season 3 – Ruler of the Walls
missing episode match metadata,0,F:\MediaStack\data\media\tv\Attack on Titan\Season 03\Attack on Titan - S03E10 - Friends.mkv,,,episode,imdb://tt8733188,,unmatched,Attack on Titan – Season 3 – Friends
missing episode match metadata,0,F:\MediaStack\data\media\tv\Attack on Titan\Season 03\Attack on Titan - S03E11 - Bystander.mkv,,,episode,imdb://tt8733190,,unmatched,Attack on Titan – Season 3 – Bystander
missing episode match metadata,0,F:\MediaStack\data\media\tv\Attack on Titan\Season 03\Attack on Titan - S03E12 - Night of the Battle to Retake the Wall.mkv,,,episode,imdb://tt8733192,,unmatched,Attack on Titan – Season 3 – Night of the Battle to Retake the Wall
missing episode match metadata,0,F:\MediaStack\data\media\tv\Attack on Titan\Season 03\Attack on Titan - S03E13 - The Town Where Everything Began.mkv,,,episode,imdb://tt9038682,,unmatched,Attack on Titan – Season 3 – The Town Where Everything Began
missing episode match metadata,0,F:\MediaStack\data\media\tv\Attack on Titan\Season 03\Attack on Titan - S03E14 - Thunder Spears.mkv,,,episode,imdb://tt9790722,,unmatched,Attack on Titan – Season 3 – Thunder Spears
missing episode match metadata,0,F:\MediaStack\data\media\tv\Attack on Titan\Season 03\Attack on Titan - S03E15 - Descent.mkv,,,episode,imdb://tt9806162,,unmatched,Attack on Titan – Season 3 – Descent
missing episode match metadata,0,F:\MediaStack\data\media\tv\Attack on Titan\Season 03\Attack on Titan - S03E16 - Perfect Game.mkv,,,episode,imdb://tt9898836,,unmatched,Attack on Titan – Season 3 – Perfect Game
missing episode match metadata,0,F:\MediaStack\data\media\tv\Attack on Titan\Season 03\Attack on Titan - S03E17 - Hero.mkv,,,episode,imdb://tt9906260,,unmatched,Attack on Titan – Season 3 – Hero
missing episode match metadata,0,F:\MediaStack\data\media\tv\Attack on Titan\Season 03\Attack on Titan - S03E18 - Midnight Sun.mkv,,,episode,imdb://tt10023374,,unmatched,Attack on Titan – Season 3 – Midnight Sun
missing episode match metadata,0,F:\MediaStack\data\media\tv\Attack on Titan\Season 03\Attack on Titan - S03E19 - The Basement.mkv,,,episode,imdb://tt10023452,,unmatched,Attack on Titan – Season 3 – The Basement
missing episode match metadata,0,F:\MediaStack\data\media\tv\Attack on Titan\Season 03\Attack on Titan - S03E20 - That Day.mkv,,,episode,imdb://tt10034602,,unmatched,Attack on Titan – Season 3 – That Day
missing episode match metadata,0,F:\MediaStack\data\media\tv\Attack on Titan\Season 03\Attack on Titan - S03E21 - Attack Titan.mkv,,,episode,imdb://tt10064964,,unmatched,Attack on Titan – Season 3 – The Attack Titan
missing episode match metadata,0,F:\MediaStack\data\media\tv\Attack on Titan\Season 03\Attack on Titan - S03E22 - The Other Side of the Wall.mkv,,,episode,imdb://tt10064968,,unmatched,Attack on Titan – Season 3 – The Other Side of the Wall
missing episode match metadata,0,F:\MediaStack\data\media\tv\Attack on Titan\Season 04\Attack on Titan - S04E01 - The Other Side of the Sea.mp4,,,episode,imdb://tt10783086,,unmatched,Attack on Titan – Season 4 – The Other Side of the Sea
missing episode match metadata,0,F:\MediaStack\data\media\tv\Attack on Titan\Season 04\Attack on Titan - S04E02 - Midnight Train.mp4,,,episode,imdb://tt13586908,,unmatched,Attack on Titan – Season 4 – Midnight Train
missing episode match metadata,0,F:\MediaStack\data\media\tv\Attack on Titan\Season 04\Attack on Titan - S04E03 - The Door of Hope.mp4,,,episode,imdb://tt13611850,,unmatched,Attack on Titan – Season 4 – The Door of Hope
missing episode match metadata,0,F:\MediaStack\data\media\tv\Attack on Titan\Season 04\Attack on Titan - S04E04 - From One Hand to Another.mp4,,,episode,imdb://tt13605712,,unmatched,Attack on Titan – Season 4 – From One Hand to Another
missing episode match metadata,0,F:\MediaStack\data\media\tv\Attack on Titan\Season 04\Attack on Titan - S04E05 - Declaration of War.mp4,,,episode,imdb://tt13605714,,unmatched,Attack on Titan – Season 4 – Declaration of War
missing episode match metadata,0,F:\MediaStack\data\media\tv\Attack on Titan\Season 02\Attack on Titan - S02E03 - Southwestward.mkv,,,episode,imdb://tt6723672,,unmatched,Attack on Titan – Season 2 – Southwestward
missing episode match metadata,0,F:\MediaStack\data\media\tv\Attack on Titan\Season 02\Attack on Titan - S02E04 - Soldier.mkv,,,episode,imdb://tt6723674,,unmatched,Attack on Titan – Season 2 – Soldier
missing episode match metadata,0,F:\MediaStack\data\media\tv\Attack on Titan\Season 02\Attack on Titan - S02E05 - Historia.mkv,,,episode,imdb://tt6723678,,unmatched,Attack on Titan – Season 2 – Historia
missing episode match metadata,0,F:\MediaStack\data\media\tv\Attack on Titan\Season 02\Attack on Titan - S02E06 - Warrior.mkv,,,episode,imdb://tt6723680,,unmatched,Attack on Titan – Season 2 – Warrior
missing episode match metadata,0,F:\MediaStack\data\media\tv\Attack on Titan\Season 02\Attack on Titan - S02E07 - Close Combat.mkv,,,episode,imdb://tt6723686,,unmatched,Attack on Titan – Season 2 – Close Combat
missing episode match metadata,0,F:\MediaStack\data\media\tv\Attack on Titan\Season 02\Attack on Titan - S02E08 - The Hunters.mkv,,,episode,imdb://tt6723692,,unmatched,Attack on Titan – Season 2 – The Hunters
missing episode match metadata,0,F:\MediaStack\data\media\tv\Attack on Titan\Season 02\Attack on Titan - S02E09 - Opening.mkv,,,episode,imdb://tt6723698,,unmatched,Attack on Titan – Season 2 – Opening
missing episode match metadata,0,F:\MediaStack\data\media\tv\Attack on Titan\Season 02\Attack on Titan - S02E10 - Children.mkv,,,episode,imdb://tt6723700,,unmatched,Attack on Titan – Season 2 – Children
missing episode match metadata,0,F:\MediaStack\data\media\tv\Attack on Titan\Season 02\Attack on Titan - S02E11 - Charge.mkv,,,episode,imdb://tt6723708,,unmatched,Attack on Titan – Season 2 – Charge
missing episode match metadata,0,F:\MediaStack\data\media\tv\Attack on Titan\Season 02\Attack on Titan - S02E12 - Scream.mkv,,,episode,imdb://tt6723710,,unmatched,Attack on Titan – Season 2 – Scream
missing episode match metadata,0,F:\MediaStack\data\media\tv\Attack on Titan\Season 03\Attack on Titan - S03E01 - Smoke Signal.mkv,,,episode,imdb://tt7029252,,unmatched,Attack on Titan – Season 3 – Smoke Signal
missing episode match metadata,0,F:\MediaStack\data\media\tv\Attack on Titan\Season 03\Attack on Titan - S03E02 - Pain.mkv,,,episode,imdb://tt8517724,,unmatched,Attack on Titan – Season 3 – Pain
missing episode match metadata,0,F:\MediaStack\data\media\tv\Attack on Titan\Season 01\Attack on Titan - S01E07 - Small Blade - The Struggle for Trost (3).mkv,,,episode,imdb://tt2928458,,unmatched,Attack on Titan – Season 1 – Small Blade: The Struggle for Trost (3)
missing episode match metadata,0,F:\MediaStack\data\media\tv\Attack on Titan\Season 01\Attack on Titan - S01E08 - I Can Hear His Heartbeat - The Struggle for Trost (4).mkv,,,episode,imdb://tt2928456,,unmatched,Attack on Titan – Season 1 – I Can Hear His Heartbeat: The Struggle for Trost (4)
missing episode match metadata,0,F:\MediaStack\data\media\tv\Attack on Titan\Season 01\Attack on Titan - S01E09 - Whereabouts of His Left Arm - The Struggle for Trost (5).mkv,,,episode,imdb://tt2955788,,unmatched,Attack on Titan – Season 1 – Whereabouts of His Left Arm: The Struggle for Trost (5)
missing episode match metadata,0,F:\MediaStack\data\media\tv\Attack on Titan\Season 01\Attack on Titan - S01E10 - Response - The Struggle for Trost (6).mkv,,,episode,imdb://tt2955786,,unmatched,Attack on Titan – Season 1 – Response: The Struggle for Trost (6)
missing episode match metadata,0,F:\MediaStack\data\media\tv\Attack on Titan\Season 01\Attack on Titan - S01E11 - Idol - The Struggle for Trost (7).mkv,,,episode,imdb://tt2990156,,unmatched,Attack on Titan – Season 1 – Idol: The Struggle for Trost (7)
missing episode match metadata,0,F:\MediaStack\data\media\tv\Attack on Titan\Season 01\Attack on Titan - S01E12 - Wound - The Struggle for Trost (8).mkv,,,episode,imdb://tt3005840,,unmatched,Attack on Titan – Season 1 – Wound: The Struggle for Trost (8)
missing episode match metadata,0,F:\MediaStack\data\media\tv\Attack on Titan\Season 01\Attack on Titan - S01E13 - Primal Desire - The Struggle for Trost (9).mkv,,,episode,imdb://tt3034014,,unmatched,Attack on Titan – Season 1 – Primal Desire: The Struggle for Trost (9)
missing episode match metadata,0,F:\MediaStack\data\media\tv\Attack on Titan\Season 01\Attack on Titan - S01E14 - Can't Look into His Eyes Yet - Eve of the Counterattack (1).mkv,,,episode,imdb://tt3038178,,unmatched,Attack on Titan – Season 1 – Can't Look Into His Eyes Yet: Eve of the Counterattack (1)
missing episode match metadata,0,F:\MediaStack\data\media\tv\Attack on Titan\Season 01\Attack on Titan - S01E15 - Special Operations Squad - Eve of the Counterattack (2).mkv,,,episode,imdb://tt3069226,,unmatched,Attack on Titan – Season 1 – Special Operations Squad: Eve of the Counterattack (2)
missing episode match metadata,0,F:\MediaStack\data\media\tv\Attack on Titan\Season 01\Attack on Titan - S01E16 - What Needs to Be Done Now - Eve of the Counterattack (3).mkv,,,episode,imdb://tt3086098,,unmatched,Attack on Titan – Season 1 – What Needs to be Done Now: Eve of the Counterattack (3)
missing episode match metadata,0,F:\MediaStack\data\media\tv\Attack on Titan\Season 01\Attack on Titan - S01E17 - Female Titan - The 57th Exterior Scouting Mission (1).mkv,,,episode,imdb://tt3104218,,unmatched,Attack on Titan – Season 1 – Female Titan: The 57th Exterior Scouting Mission (1)
missing episode match metadata,0,F:\MediaStack\data\media\tv\Attack on Titan\Season 01\Attack on Titan - S01E18 - Forest of Giant Trees - The 57th Exterior Scouting Mission (2).mkv,,,episode,imdb://tt3104224,,unmatched,Attack on Titan – Season 1 – Forest of Giant Trees: The 57th Expedition Scouting Mission (2)
missing episode match metadata,0,F:\MediaStack\data\media\tv\Attack on Titan\Season 01\Attack on Titan - S01E19 - Bite - The 57th Exterior Scouting Mission (3).mkv,,,episode,imdb://tt3122060,,unmatched,Attack on Titan – Season 1 – Bite: The 57th Expedition Scouting Mission (3)
missing episode match metadata,0,F:\MediaStack\data\media\tv\Attack on Titan\Season 01\Attack on Titan - S01E20 - Erwin Smith - The 57th Exterior Scouting Mission (4).mkv,,,episode,imdb://tt3134450,,unmatched,Attack on Titan – Season 1 – Erwin Smith: The 57th Exterior Scouting Mission (4)
missing episode match metadata,0,F:\MediaStack\data\media\tv\Attack on Titan\Season 01\Attack on Titan - S01E21 - Crushing Blow - The 57th Exterior Scouting Mission (5).mkv,,,episode,imdb://tt3148020,,unmatched,Attack on Titan – Season 1 – Crushing Blow: The 57th Exterior Scouting Mission (5)
missing episode match metadata,0,F:\MediaStack\data\media\tv\Attack on Titan\Season 01\Attack on Titan - S01E22 - The Defeated - The 57th Exterior Scouting Mission (6).mkv,,,episode,imdb://tt3158344,,unmatched,Attack on Titan – Season 1 – The Defeated: The 57th Expedition Scouting Mission (6)
missing episode match metadata,0,F:\MediaStack\data\media\tv\Attack on Titan\Season 01\Attack on Titan - S01E23 - Smile - Assault on Stohess (1).mkv,,,episode,imdb://tt3174238,,unmatched,Attack on Titan – Season 1 – Smile: Assault on Stohess (1)
missing episode match metadata,0,F:\MediaStack\data\media\tv\Attack on Titan\Season 01\Attack on Titan - S01E24 - Mercy - Assault on Stohess (2).mkv,,,episode,imdb://tt3174242,,unmatched,Attack on Titan – Season 1 – Mercy: Assault on Stohess (2)
missing episode match metadata,0,F:\MediaStack\data\media\tv\Attack on Titan\Season 01\Attack on Titan - S01E25 - Wall - Assault on Stohess (3).mkv,,,episode,imdb://tt3174248,,unmatched,Attack on Titan – Season 1 – Wall: Assault on Stohess (3)
missing episode match metadata,0,F:\MediaStack\data\media\tv\Attack on Titan\Season 02\Attack on Titan - S02E01 - Beast Titan.mkv,,,episode,imdb://tt4228718,,unmatched,Attack on Titan – Season 2 – Beast Titan
missing episode match metadata,0,F:\MediaStack\data\media\tv\Attack on Titan\Season 02\Attack on Titan - S02E02 - I'm Home.mkv,,,episode,imdb://tt6723670,,unmatched,Attack on Titan – Season 2 – I'm Home
missing episode match metadata,0,F:\MediaStack\data\media\tv\Ascendance of a Bookworm\Season 01\Ascendance of a Bookworm - S01E17 - Needs.mkv,,,episode,imdb://tt12071980,,unmatched,Ascendance of a Bookworm – Season 1 – Needs
missing episode match metadata,0,F:\MediaStack\data\media\tv\Ascendance of a Bookworm\Season 01\Ascendance of a Bookworm - S01E18 - Orphanage Reforms.mkv,,,episode,imdb://tt12071988,,unmatched,Ascendance of a Bookworm – Season 1 – Orphanage Reforms
missing episode match metadata,0,F:\MediaStack\data\media\tv\Ascendance of a Bookworm\Season 01\Ascendance of a Bookworm - S01E19 - Cleanups and Star Festivals.mkv,,,episode,imdb://tt12071984,,unmatched,Ascendance of a Bookworm – Season 1 – Cleanups and Star Festivals
missing episode match metadata,0,F:\MediaStack\data\media\tv\Ascendance of a Bookworm\Season 01\Ascendance of a Bookworm - S01E20 - The Path Ahead of Lutz.mkv,,,episode,imdb://tt12071990,,unmatched,Ascendance of a Bookworm – Season 1 – The Path Ahead of Lutz
missing episode match metadata,0,F:\MediaStack\data\media\tv\Ascendance of a Bookworm\Season 01\Ascendance of a Bookworm - S01E21 - New Retainers.mkv,,,episode,imdb://tt12291120,,unmatched,Ascendance of a Bookworm – Season 1 – New Retainers
missing episode match metadata,0,F:\MediaStack\data\media\tv\Ascendance of a Bookworm\Season 01\Ascendance of a Bookworm - S01E22 - Wilma and Holy Scriptures for Kids.mkv,,,episode,imdb://tt12291128,,unmatched,Ascendance of a Bookworm – Season 1 – Wilma and Holy Scriptures for Kids
missing episode match metadata,0,F:\MediaStack\data\media\tv\Ascendance of a Bookworm\Season 01\Ascendance of a Bookworm - S01E23 - Harvest Festivals and Staying Home.mkv,,,episode,imdb://tt12332852,,unmatched,Ascendance of a Bookworm – Season 1 – Harvest Festivals and Staying Home
missing episode match metadata,0,F:\MediaStack\data\media\tv\Ascendance of a Bookworm\Season 01\Ascendance of a Bookworm - S01E24 - Knight Orders and Requests.mkv,,,episode,imdb://tt12412706,,unmatched,Ascendance of a Bookworm – Season 1 – Knight Orders and Requests
missing episode match metadata,0,F:\MediaStack\data\media\tv\Ascendance of a Bookworm\Season 01\Ascendance of a Bookworm - S01E25 - Trombe and Battles.mkv,,,episode,imdb://tt12412722,,unmatched,Ascendance of a Bookworm – Season 1 – Trombe and Battles
missing episode match metadata,0,F:\MediaStack\data\media\tv\Ascendance of a Bookworm\Season 01\Ascendance of a Bookworm - S01E26 - Dreamlike World.mkv,,,episode,imdb://tt12412718,,unmatched,Ascendance of a Bookworm – Season 1 – Dreamlike World
missing episode match metadata,0,F:\MediaStack\data\media\tv\Ascendance of a Bookworm\Season 01\Ascendance of a Bookworm - S01E27 - The Beginning of Winter.mkv,,,episode,tmdb://3608753,,unmatched,Ascendance of a Bookworm – Season 1 – The Beginning of Winter
missing episode match metadata,0,F:\MediaStack\data\media\tv\Ascendance of a Bookworm\Season 01\Ascendance of a Bookworm - S01E28 - The Story About Winter Stays and the Future.mkv,,,episode,tmdb://3638422,,unmatched,Ascendance of a Bookworm – Season 1 – The Story About Winter Stays and the Future
missing episode match metadata,0,F:\MediaStack\data\media\tv\Ascendance of a Bookworm\Season 01\Ascendance of a Bookworm - S01E29 - The Dedication Ceremony and Spring Arrives.mkv,,,episode,tmdb://3638424,,unmatched,Ascendance of a Bookworm – Season 1 – The Dedication Ceremony and Spring Arrives
missing episode match metadata,0,F:\MediaStack\data\media\tv\Ascendance of a Bookworm\Season 01\Ascendance of a Bookworm - S01E30 - Spring Prayer.mkv,,,episode,imdb://tt19894602,,unmatched,Ascendance of a Bookworm – Season 1 – Spring Prayer
missing episode match metadata,0,F:\MediaStack\data\media\tv\Ascendance of a Bookworm\Season 01\Ascendance of a Bookworm - S01E31 - Gift From the Blue-Robed Priest and Going Home.mkv,,,episode,imdb://tt19894624,,unmatched,Ascendance of a Bookworm – Season 1 – Gift From the Blue-Robed Priest and Going Home
missing episode match metadata,0,F:\MediaStack\data\media\tv\Ascendance of a Bookworm\Season 01\Ascendance of a Bookworm - S01E32 - The Abandoned Child of the Cathedral and Making Colors.mkv,,,episode,imdb://tt20913510,,unmatched,Ascendance of a Bookworm – Season 1 – The Abandoned Child of the Cathedral and Making Colors
missing episode match metadata,0,F:\MediaStack\data\media\tv\Ascendance of a Bookworm\Season 01\Ascendance of a Bookworm - S01E33 - Delia and Dirk.mkv,,,episode,imdb://tt20913512,,unmatched,Ascendance of a Bookworm – Season 1 – Delia and Dirk
missing episode match metadata,0,F:\MediaStack\data\media\tv\Ascendance of a Bookworm\Season 01\Ascendance of a Bookworm - S01E34 - Ominous Developments.mkv,,,episode,imdb://tt20913514,,unmatched,Ascendance of a Bookworm – Season 1 – Ominous Developments
missing episode match metadata,0,F:\MediaStack\data\media\tv\Ascendance of a Bookworm\Season 01\Ascendance of a Bookworm - S01E35 - The Black Protective Charm.mkv,,,episode,imdb://tt20913520,,unmatched,Ascendance of a Bookworm – Season 1 – The Black Protective Charm
missing episode match metadata,0,F:\MediaStack\data\media\tv\Ascendance of a Bookworm\Season 01\Ascendance of a Bookworm - S01E36 - Blessing.mkv,,,episode,imdb://tt20913524,,unmatched,Ascendance of a Bookworm – Season 1 – Blessing
missing episode match metadata,0,"F:\MediaStack\data\media\tv\Attack on Titan\Season 01\Attack on Titan - S01E01 - To You, in 2,000 Years - The Fall of Shiganshina (1).mkv",,,episode,imdb://tt2825724,,unmatched,"Attack on Titan – Season 1 – To You, in 2000 Years: The Fall of Shiganshina (1)"
missing episode match metadata,0,F:\MediaStack\data\media\tv\Attack on Titan\Season 01\Attack on Titan - S01E02 - That Day - The Fall of Shiganshina (2).mkv,,,episode,imdb://tt2844574,,unmatched,Attack on Titan – Season 1 – That Day: The Fall of Shiganshina (2)
missing episode match metadata,0,F:\MediaStack\data\media\tv\Attack on Titan\Season 01\Attack on Titan - S01E03 - A Dim Light Amid Despair - Humanity's Comeback (1).mkv,,,episode,imdb://tt2858742,,unmatched,Attack on Titan – Season 1 – A Dim Light Amid Despair: Humanity's Comeback (1)
missing episode match metadata,0,F:\MediaStack\data\media\tv\Attack on Titan\Season 01\Attack on Titan - S01E04 - The Night of the Closing Ceremony - Humanity's Comeback (2).mkv,,,episode,imdb://tt2858740,,unmatched,Attack on Titan – Season 1 – The Night of the Closing Ceremony: Humanity's Comeback (2)
missing episode match metadata,0,F:\MediaStack\data\media\tv\Attack on Titan\Season 01\Attack on Titan - S01E05 - First Battle - The Struggle for Trost (1).mkv,,,episode,imdb://tt2879076,,unmatched,Attack on Titan – Season 1 – First Battle: The Struggle for Trost (1)
missing episode match metadata,0,F:\MediaStack\data\media\tv\Attack on Titan\Season 01\Attack on Titan - S01E06 - The World the Girl Saw - The Struggle for Trost (2).mkv,,,episode,imdb://tt2899140,,unmatched,Attack on Titan – Season 1 – The World the Girl Saw: The Struggle for Trost (2)
missing episode match metadata,0,F:\MediaStack\data\media\tv\Arrested Development\Season 05\Arrested Development - S05E08 - Premature Independence.mkv,,,episode,imdb://tt4861470,,unmatched,Arrested Development – Season 5 – Premature Independence
missing episode match metadata,0,F:\MediaStack\data\media\tv\Arrested Development\Season 05\Arrested Development - S05E09 - Unexpected Company.mkv,,,episode,imdb://tt4861472,,unmatched,Arrested Development – Season 5 – Unexpected Company
missing episode match metadata,0,F:\MediaStack\data\media\tv\Arrested Development\Season 05\Arrested Development - S05E10 - Taste Makers.mkv,,,episode,imdb://tt4861478,,unmatched,Arrested Development – Season 5 – Taste Makers
missing episode match metadata,0,F:\MediaStack\data\media\tv\Arrested Development\Season 05\Arrested Development - S05E11 - Chain Migration.mkv,,,episode,imdb://tt4861482,,unmatched,Arrested Development – Season 5 – Chain Migration
missing episode match metadata,0,F:\MediaStack\data\media\tv\Arrested Development\Season 05\Arrested Development - S05E12 - Check Mates.mkv,,,episode,imdb://tt4861486,,unmatched,Arrested Development – Season 5 – Check Mates
missing episode match metadata,0,F:\MediaStack\data\media\tv\Arrested Development\Season 05\Arrested Development - S05E13 - The Untethered Sole.mkv,,,episode,imdb://tt4861484,,unmatched,Arrested Development – Season 5 – The Untethered Sole
missing episode match metadata,0,F:\MediaStack\data\media\tv\Arrested Development\Season 05\Arrested Development - S05E14 - Saving for Arraignment Day.mkv,,,episode,imdb://tt4861490,,unmatched,Arrested Development – Season 5 – Saving for Arraignment Day
missing episode match metadata,0,F:\MediaStack\data\media\tv\Arrested Development\Season 05\Arrested Development - S05E15 - Courting Disasters.mkv,,,episode,imdb://tt4861494,,unmatched,Arrested Development – Season 5 – Courting Disasters
missing episode match metadata,0,F:\MediaStack\data\media\tv\Arrested Development\Season 05\Arrested Development - S05E16 - The Fallout.mkv,,,episode,imdb://tt4589904,,unmatched,Arrested Development – Season 5 – The Fallout
missing episode match metadata,0,F:\MediaStack\data\media\tv\Ascendance of a Bookworm\Season 01\Ascendance of a Bookworm - S01E01 - A World Without Books.mkv,,,episode,imdb://tt10972968,,unmatched,Ascendance of a Bookworm – Season 1 – A World Without Books
missing episode match metadata,0,F:\MediaStack\data\media\tv\Ascendance of a Bookworm\Season 01\Ascendance of a Bookworm - S01E02 - Life Improvements and Slates.mkv,,,episode,imdb://tt11043480,,unmatched,Ascendance of a Bookworm – Season 1 – Life Improvements and Slates
missing episode match metadata,0,F:\MediaStack\data\media\tv\Ascendance of a Bookworm\Season 01\Ascendance of a Bookworm - S01E03 - The Events of Winter.mkv,,,episode,imdb://tt11056362,,unmatched,Ascendance of a Bookworm – Season 1 – The Events of Winter
missing episode match metadata,0,F:\MediaStack\data\media\tv\Ascendance of a Bookworm\Season 01\Ascendance of a Bookworm - S01E04 - Forests and Clay Tablets.mkv,,,episode,imdb://tt11166904,,unmatched,Ascendance of a Bookworm – Season 1 – Forests and Clay Tablets
missing episode match metadata,0,F:\MediaStack\data\media\tv\Ascendance of a Bookworm\Season 01\Ascendance of a Bookworm - S01E05 - Baptisms and Strange Fevers.mkv,,,episode,imdb://tt11166906,,unmatched,Ascendance of a Bookworm – Season 1 – Baptisms and Strange Fevers
missing episode match metadata,0,F:\MediaStack\data\media\tv\Ascendance of a Bookworm\Season 01\Ascendance of a Bookworm - S01E06 - Meeting.mkv,,,episode,imdb://tt11166912,,unmatched,Ascendance of a Bookworm – Season 1 – Meeting
missing episode match metadata,0,F:\MediaStack\data\media\tv\Ascendance of a Bookworm\Season 01\Ascendance of a Bookworm - S01E07 - Seeds of Suspicion.mkv,,,episode,imdb://tt11237920,,unmatched,Ascendance of a Bookworm – Season 1 – Seeds of Suspicion
missing episode match metadata,0,F:\MediaStack\data\media\tv\Ascendance of a Bookworm\Season 01\Ascendance of a Bookworm - S01E08 - Lutz's Main.mkv,,,episode,imdb://tt11264640,,unmatched,Ascendance of a Bookworm – Season 1 – Lutz's Main
missing episode match metadata,0,F:\MediaStack\data\media\tv\Ascendance of a Bookworm\Season 01\Ascendance of a Bookworm - S01E09 - The Guild Master's Granddaughter.mkv,,,episode,imdb://tt11268876,,unmatched,Ascendance of a Bookworm – Season 1 – The Guild Master's Granddaughter
missing episode match metadata,0,F:\MediaStack\data\media\tv\Ascendance of a Bookworm\Season 01\Ascendance of a Bookworm - S01E10 - To the Second Winter.mkv,,,episode,imdb://tt11310650,,unmatched,Ascendance of a Bookworm – Season 1 – To the Second Winter
missing episode match metadata,0,F:\MediaStack\data\media\tv\Ascendance of a Bookworm\Season 01\Ascendance of a Bookworm - S01E11 - Life-or-Death Choices and Family Meetings.mkv,,,episode,imdb://tt11310652,,unmatched,Ascendance of a Bookworm – Season 1 – Life-or-Death Choices and Family Meetings
missing episode match metadata,0,F:\MediaStack\data\media\tv\Ascendance of a Bookworm\Season 01\Ascendance of a Bookworm - S01E12 - Baptism and Divine Paradises.mkv,,,episode,imdb://tt11310656,,unmatched,Ascendance of a Bookworm – Season 1 – Baptism and Divine Paradises
missing episode match metadata,0,F:\MediaStack\data\media\tv\Ascendance of a Bookworm\Season 01\Ascendance of a Bookworm - S01E13 - The Choice To Be an Apprentice Priestess.mkv,,,episode,imdb://tt11455732,,unmatched,Ascendance of a Bookworm – Season 1 – The Choice To Be an Apprentice Priestess
missing episode match metadata,0,F:\MediaStack\data\media\tv\Ascendance of a Bookworm\Season 01\Ascendance of a Bookworm - S01E14 - Conclusions.mkv,,,episode,imdb://tt11455734,,unmatched,Ascendance of a Bookworm – Season 1 – Conclusions
missing episode match metadata,0,F:\MediaStack\data\media\tv\Ascendance of a Bookworm\Season 01\Ascendance of a Bookworm - S01E15 - Apprentice Priestess.mkv,,,episode,imdb://tt11614574,,unmatched,Ascendance of a Bookworm – Season 1 – Apprentice Priestess
missing episode match metadata,0,F:\MediaStack\data\media\tv\Ascendance of a Bookworm\Season 01\Ascendance of a Bookworm - S01E16 - Blue Robes and Uncommon Sense.mkv,,,episode,imdb://tt12071978,,unmatched,Ascendance of a Bookworm – Season 1 – Blue Robes and Uncommon Sense
missing episode match metadata,0,F:\MediaStack\data\media\tv\Arrested Development\Season 03\Arrested Development - S03E13 - Development Arrested.mkv,,,episode,imdb://tt0757386,,unmatched,Arrested Development – Season 3 – Development Arrested
missing episode match metadata,0,F:\MediaStack\data\media\tv\Arrested Development\Season 04\Arrested Development - S04E01 - Flight of the Phoenix.mkv,,,episode,imdb://tt2128813,,unmatched,Arrested Development – Season 4 – Flight of the Phoenix
missing episode match metadata,0,F:\MediaStack\data\media\tv\Arrested Development\Season 04\Arrested Development - S04E02 - Borderline Personalities.mkv,,,episode,imdb://tt2128815,,unmatched,Arrested Development – Season 4 – Borderline Personalities
missing episode match metadata,0,F:\MediaStack\data\media\tv\Arrested Development\Season 04\Arrested Development - S04E03 - Indian Takers.mkv,,,episode,imdb://tt2128816,,unmatched,Arrested Development – Season 4 – Indian Takers
missing episode match metadata,0,F:\MediaStack\data\media\tv\Arrested Development\Season 04\Arrested Development - S04E04 - The B. Team.mkv,,,episode,imdb://tt2128817,,unmatched,Arrested Development – Season 4 – The B. Team
missing episode match metadata,0,F:\MediaStack\data\media\tv\Arrested Development\Season 04\Arrested Development - S04E05 - A New Start.mkv,,,episode,imdb://tt2128818,,unmatched,Arrested Development – Season 4 – A New Start
missing episode match metadata,0,F:\MediaStack\data\media\tv\Arrested Development\Season 04\Arrested Development - S04E06 - Double Crossers.mkv,,,episode,imdb://tt2128819,,unmatched,Arrested Development – Season 4 – Double Crossers
missing episode match metadata,0,F:\MediaStack\data\media\tv\Arrested Development\Season 04\Arrested Development - S04E07 - Colony Collapse.mkv,,,episode,imdb://tt2128820,,unmatched,Arrested Development – Season 4 – Colony Collapse
missing episode match metadata,0,F:\MediaStack\data\media\tv\Arrested Development\Season 04\Arrested Development - S04E08 - Red Hairing.mkv,,,episode,imdb://tt2128821,,unmatched,Arrested Development – Season 4 – Red Hairing
missing episode match metadata,0,F:\MediaStack\data\media\tv\Arrested Development\Season 04\Arrested Development - S04E09 - Smashed.mkv,,,episode,imdb://tt2128822,,unmatched,Arrested Development – Season 4 – Smashed
missing episode match metadata,0,F:\MediaStack\data\media\tv\Arrested Development\Season 04\Arrested Development - S04E10 - Queen B.mkv,,,episode,imdb://tt2128814,,unmatched,Arrested Development – Season 4 – Queen B.
missing episode match metadata,0,F:\MediaStack\data\media\tv\Arrested Development\Season 04\Arrested Development - S04E11 - A New Attitude.mkv,,,episode,imdb://tt2495824,,unmatched,Arrested Development – Season 4 – A New Attitude
missing episode match metadata,0,F:\MediaStack\data\media\tv\Arrested Development\Season 04\Arrested Development - S04E12 - Señoritis.mkv,,,episode,imdb://tt2604336,,unmatched,Arrested Development – Season 4 – Señoritis
missing episode match metadata,0,F:\MediaStack\data\media\tv\Arrested Development\Season 04\Arrested Development - S04E13 - It Gets Better.mkv,,,episode,imdb://tt2604334,,unmatched,Arrested Development – Season 4 – It Gets Better
missing episode match metadata,0,F:\MediaStack\data\media\tv\Arrested Development\Season 04\Arrested Development - S04E14 - Off the Hook.mkv,,,episode,imdb://tt2604338,,unmatched,Arrested Development – Season 4 – Off the Hook
missing episode match metadata,0,F:\MediaStack\data\media\tv\Arrested Development\Season 04\Arrested Development - S04E15 - Blockheads.mkv,,,episode,imdb://tt2826310,,unmatched,Arrested Development – Season 4 – Blockheads
missing episode match metadata,0,F:\MediaStack\data\media\tv\Arrested Development\Season 05\Arrested Development - S05E01 - Family Leave.mkv,,,episode,imdb://tt4589902,,unmatched,Arrested Development – Season 5 – Family Leave
missing episode match metadata,0,F:\MediaStack\data\media\tv\Arrested Development\Season 05\Arrested Development - S05E02 - Self-Deportation.mkv,,,episode,imdb://tt4861452,,unmatched,Arrested Development – Season 5 – Self-Deportation
missing episode match metadata,0,F:\MediaStack\data\media\tv\Arrested Development\Season 05\Arrested Development - S05E03 - Everyone Gets Atrophy.mkv,,,episode,imdb://tt4861456,,unmatched,Arrested Development – Season 5 – Everyone Gets Atrophy
missing episode match metadata,0,F:\MediaStack\data\media\tv\Arrested Development\Season 05\Arrested Development - S05E04 - An Old Start.mkv,,,episode,imdb://tt4861458,,unmatched,"Arrested Development – Season 5 – Old Start, An"
missing episode match metadata,0,F:\MediaStack\data\media\tv\Arrested Development\Season 05\Arrested Development - S05E05 - Sinking Feelings.mkv,,,episode,imdb://tt4861460,,unmatched,Arrested Development – Season 5 – Sinking Feelings
missing episode match metadata,0,F:\MediaStack\data\media\tv\Arrested Development\Season 05\Arrested Development - S05E06 - Emotional Baggage.mkv,,,episode,imdb://tt4861462,,unmatched,Arrested Development – Season 5 – Emotional Baggage
missing episode match metadata,0,F:\MediaStack\data\media\tv\Arrested Development\Season 05\Arrested Development - S05E07 - Rom-Traum.mkv,,,episode,imdb://tt4861466,,unmatched,Arrested Development – Season 5 – Rom-Traum
missing episode match metadata,0,F:\MediaStack\data\media\tv\Arrested Development\Season 02\Arrested Development - S02E05 - Sad Sack.mkv,,,episode,imdb://tt0515243,,unmatched,Arrested Development – Season 2 – Sad Sack
missing episode match metadata,0,F:\MediaStack\data\media\tv\Arrested Development\Season 02\Arrested Development - S02E06 - Afternoon Delight.mkv,,,episode,imdb://tt0515207,,unmatched,Arrested Development – Season 2 – Afternoon Delight
missing episode match metadata,0,F:\MediaStack\data\media\tv\Arrested Development\Season 02\Arrested Development - S02E07 - Switch Hitter.mkv,,,episode,imdb://tt0515248,,unmatched,Arrested Development – Season 2 – Switch Hitter
missing episode match metadata,0,F:\MediaStack\data\media\tv\Arrested Development\Season 02\Arrested Development - S02E08 - Queen for a Day.mkv,,,episode,imdb://tt0515239,,unmatched,Arrested Development – Season 2 – Queen for a Day
missing episode match metadata,0,F:\MediaStack\data\media\tv\Arrested Development\Season 02\Arrested Development - S02E09 - Burning Love.mkv,,,episode,imdb://tt0515213,,unmatched,Arrested Development – Season 2 – Burning Love
missing episode match metadata,0,"F:\MediaStack\data\media\tv\Arrested Development\Season 02\Arrested Development - S02E10 - Ready, Aim, Marry Me!.mkv",,,episode,imdb://tt0515240,,unmatched,"Arrested Development – Season 2 – Ready, Aim, Marry Me"
missing episode match metadata,0,F:\MediaStack\data\media\tv\Arrested Development\Season 02\Arrested Development - S02E11 - Out on a Limb.mkv,,,episode,imdb://tt0515234,,unmatched,Arrested Development – Season 2 – Out on a Limb
missing episode match metadata,0,F:\MediaStack\data\media\tv\Arrested Development\Season 02\Arrested Development - S02E12 - Hand to God.mkv,,,episode,imdb://tt0515220,,unmatched,Arrested Development – Season 2 – Hand to God
missing episode match metadata,0,F:\MediaStack\data\media\tv\Arrested Development\Season 02\Arrested Development - S02E13 - Motherboy XXX.mkv,,,episode,imdb://tt0515229,,unmatched,Arrested Development – Season 2 – Motherboy XXX
missing episode match metadata,0,F:\MediaStack\data\media\tv\Arrested Development\Season 02\Arrested Development - S02E14 - The Immaculate Election.mkv,,,episode,imdb://tt0515251,,unmatched,Arrested Development – Season 2 – The Immaculate Election
missing episode match metadata,0,F:\MediaStack\data\media\tv\Arrested Development\Season 02\Arrested Development - S02E15 - Sword of Destiny.mkv,,,episode,imdb://tt0515255,,unmatched,Arrested Development – Season 2 – Sword of Destiny
missing episode match metadata,0,F:\MediaStack\data\media\tv\Arrested Development\Season 02\Arrested Development - S02E16 - Meat the Veals.mkv,,,episode,imdb://tt0515227,,unmatched,Arrested Development – Season 2 – Meat the Veals
missing episode match metadata,0,F:\MediaStack\data\media\tv\Arrested Development\Season 02\Arrested Development - S02E17 - Spring Breakout.mkv,,,episode,imdb://tt0515245,,unmatched,Arrested Development – Season 2 – Spring Breakout
missing episode match metadata,0,F:\MediaStack\data\media\tv\Arrested Development\Season 02\Arrested Development - S02E18 - Righteous Brothers.mkv,,,episode,imdb://tt0515241,,unmatched,Arrested Development – Season 2 – The Righteous Brothers
missing episode match metadata,0,F:\MediaStack\data\media\tv\Arrested Development\Season 03\Arrested Development - S03E01 - The Cabin Show.mkv,,,episode,imdb://tt0515250,,unmatched,Arrested Development – Season 3 – The Cabin Show
missing episode match metadata,0,F:\MediaStack\data\media\tv\Arrested Development\Season 03\Arrested Development - S03E02 - For British Eyes Only.mkv,,,episode,imdb://tt0515249,,unmatched,Arrested Development – Season 3 – For British Eyes Only
missing episode match metadata,0,F:\MediaStack\data\media\tv\Arrested Development\Season 03\Arrested Development - S03E03 - Forget Me Now.mkv,,,episode,imdb://tt0515218,,unmatched,Arrested Development – Season 3 – Forget-Me-Now
missing episode match metadata,0,F:\MediaStack\data\media\tv\Arrested Development\Season 03\Arrested Development - S03E04 - Notapusy.mkv,,,episode,imdb://tt0515233,,unmatched,Arrested Development – Season 3 – Notapusy
missing episode match metadata,0,F:\MediaStack\data\media\tv\Arrested Development\Season 03\Arrested Development - S03E05 - Mr. F.mkv,,,episode,imdb://tt0515230,,unmatched,Arrested Development – Season 3 – Mr. F
missing episode match metadata,0,F:\MediaStack\data\media\tv\Arrested Development\Season 03\Arrested Development - S03E06 - The Ocean Walker.mkv,,,episode,imdb://tt0515252,,unmatched,Arrested Development – Season 3 – The Ocean Walker
missing episode match metadata,0,F:\MediaStack\data\media\tv\Arrested Development\Season 03\Arrested Development - S03E07 - Prison Break-In.mkv,,,episode,imdb://tt0515237,,unmatched,Arrested Development – Season 3 – Prison Break-In
missing episode match metadata,0,F:\MediaStack\data\media\tv\Arrested Development\Season 03\Arrested Development - S03E08 - Making a Stand.mkv,,,episode,imdb://tt0515225,,unmatched,Arrested Development – Season 3 – Making a Stand
missing episode match metadata,0,F:\MediaStack\data\media\tv\Arrested Development\Season 03\Arrested Development - S03E09 - S.O.B.s.mkv,,,episode,imdb://tt0515242,,unmatched,Arrested Development – Season 3 – S.O.B.s
missing episode match metadata,0,F:\MediaStack\data\media\tv\Arrested Development\Season 03\Arrested Development - S03E10 - Fakin' It.mkv,,,episode,imdb://tt0515216,,unmatched,Arrested Development – Season 3 – Fakin' It
missing episode match metadata,0,F:\MediaStack\data\media\tv\Arrested Development\Season 03\Arrested Development - S03E11 - Family Ties.mkv,,,episode,imdb://tt0515217,,unmatched,Arrested Development – Season 3 – Family Ties
missing episode match metadata,0,F:\MediaStack\data\media\tv\Arrested Development\Season 03\Arrested Development - S03E12 - Exit Strategy.mkv,,,episode,imdb://tt0515215,,unmatched,Arrested Development – Season 3 – Exit Strategy
missing episode match metadata,0,F:\MediaStack\data\media\tv\Arrested Development\Season 01\Arrested Development - S01E03 - Bringing Up Buster.mkv,,,episode,imdb://tt0515212,,unmatched,Arrested Development – Season 1 – Bringing Up Buster
missing episode match metadata,0,F:\MediaStack\data\media\tv\Arrested Development\Season 01\Arrested Development - S01E04 - Key Decisions.mkv,,,episode,imdb://tt0515223,,unmatched,Arrested Development – Season 1 – Key Decisions
missing episode match metadata,0,F:\MediaStack\data\media\tv\Arrested Development\Season 01\Arrested Development - S01E05 - Charity Drive.mkv,,,episode,imdb://tt0515214,,unmatched,Arrested Development – Season 1 – Charity Drive
missing episode match metadata,0,F:\MediaStack\data\media\tv\Arrested Development\Season 01\Arrested Development - S01E06 - Visiting Ours.mkv,,,episode,imdb://tt0515257,,unmatched,Arrested Development – Season 1 – Visiting Ours
missing episode match metadata,0,F:\MediaStack\data\media\tv\Arrested Development\Season 01\Arrested Development - S01E07 - In God We Trust.mkv,,,episode,imdb://tt0515221,,unmatched,Arrested Development – Season 1 – In God We Trust
missing episode match metadata,0,"F:\MediaStack\data\media\tv\Arrested Development\Season 01\Arrested Development - S01E08 - My Mother, The Car.mkv",,,episode,imdb://tt0515231,,unmatched,"Arrested Development – Season 1 – My Mother, the Car"
missing episode match metadata,0,F:\MediaStack\data\media\tv\Arrested Development\Season 01\Arrested Development - S01E09 - Storming the Castle.mkv,,,episode,imdb://tt0515247,,unmatched,Arrested Development – Season 1 – Storming the Castle
missing episode match metadata,0,F:\MediaStack\data\media\tv\Arrested Development\Season 01\Arrested Development - S01E10 - Pier Pressure.mkv,,,episode,imdb://tt0515235,,unmatched,Arrested Development – Season 1 – Pier Pressure
missing episode match metadata,0,F:\MediaStack\data\media\tv\Arrested Development\Season 01\Arrested Development - S01E11 - Public Relations.mkv,,,episode,imdb://tt0515238,,unmatched,Arrested Development – Season 1 – Public Relations
missing episode match metadata,0,F:\MediaStack\data\media\tv\Arrested Development\Season 01\Arrested Development - S01E12 - Marta Complex.mkv,,,episode,imdb://tt0515226,,unmatched,Arrested Development – Season 1 – Marta Complex
missing episode match metadata,0,F:\MediaStack\data\media\tv\Arrested Development\Season 01\Arrested Development - S01E13 - Beef Consomme.mkv,,,episode,imdb://tt0515210,,unmatched,Arrested Development – Season 1 – Beef Consommé
missing episode match metadata,0,F:\MediaStack\data\media\tv\Arrested Development\Season 01\Arrested Development - S01E14 - Shock and Aww.mkv,,,episode,imdb://tt0515244,,unmatched,Arrested Development – Season 1 – Shock and Aww
missing episode match metadata,0,F:\MediaStack\data\media\tv\Arrested Development\Season 01\Arrested Development - S01E15 - Staff Infection.mkv,,,episode,imdb://tt0515246,,unmatched,Arrested Development – Season 1 – Staff Infection
missing episode match metadata,0,F:\MediaStack\data\media\tv\Arrested Development\Season 01\Arrested Development - S01E16 - Altar Egos.mkv,,,episode,imdb://tt0515208,,unmatched,Arrested Development – Season 1 – Altar Egos
missing episode match metadata,0,F:\MediaStack\data\media\tv\Arrested Development\Season 01\Arrested Development - S01E17 - Justice Is Blind.mkv,,,episode,imdb://tt0515222,,unmatched,Arrested Development – Season 1 – Justice Is Blind
missing episode match metadata,0,F:\MediaStack\data\media\tv\Arrested Development\Season 01\Arrested Development - S01E18 - Missing Kitty.mkv,,,episode,imdb://tt0515228,,unmatched,Arrested Development – Season 1 – Missing Kitty
missing episode match metadata,0,F:\MediaStack\data\media\tv\Arrested Development\Season 01\Arrested Development - S01E19 - Best Man for the Gob.mkv,,,episode,imdb://tt0515211,,unmatched,Arrested Development – Season 1 – Best Man for the Gob
missing episode match metadata,0,F:\MediaStack\data\media\tv\Arrested Development\Season 01\Arrested Development - S01E20 - Whistler's Mother.mkv,,,episode,imdb://tt0515258,,unmatched,Arrested Development – Season 1 – Whistler's Mother
missing episode match metadata,0,F:\MediaStack\data\media\tv\Arrested Development\Season 01\Arrested Development - S01E21 - Not Without My Daughter.mkv,,,episode,imdb://tt0515232,,unmatched,Arrested Development – Season 1 – Not Without My Daughter
missing episode match metadata,0,F:\MediaStack\data\media\tv\Arrested Development\Season 01\Arrested Development - S01E22 - Let 'Em Eat Cake.mkv,,,episode,imdb://tt0515224,,unmatched,Arrested Development – Season 1 – Let 'Em Eat Cake
missing episode match metadata,0,F:\MediaStack\data\media\tv\Arrested Development\Season 02\Arrested Development - S02E01 - The One Where Michael Leaves.mkv,,,episode,imdb://tt0515253,,unmatched,Arrested Development – Season 2 – The One Where Michael Leaves
missing episode match metadata,0,F:\MediaStack\data\media\tv\Arrested Development\Season 02\Arrested Development - S02E02 - The One Where They Build a House.mkv,,,episode,imdb://tt0515254,,unmatched,Arrested Development – Season 2 – The One Where They Build a House
missing episode match metadata,0,F:\MediaStack\data\media\tv\Arrested Development\Season 02\Arrested Development - S02E03 - ¡Amigos!.mkv,,,episode,imdb://tt0515209,,unmatched,Arrested Development – Season 2 – Amigos
missing episode match metadata,0,F:\MediaStack\data\media\tv\Arrested Development\Season 02\Arrested Development - S02E04 - Good Grief.mkv,,,episode,imdb://tt0515219,,unmatched,Arrested Development – Season 2 – Good Grief
missing episode match metadata,0,F:\MediaStack\data\media\tv\Adventure Time - Distant Lands\Season 01\Adventure Time - Distant Lands - S01E02 - Obsidian.mkv,,,episode,imdb://tt11198702,,unmatched,Adventure Time: Distant Lands – Season 1 – Obsidian
missing episode match metadata,0,F:\MediaStack\data\media\tv\Adventure Time - Distant Lands\Season 01\Adventure Time - Distant Lands - S01E03 - Together Again.mkv,,,episode,imdb://tt11198708,,unmatched,Adventure Time: Distant Lands – Season 1 – Together Again
missing episode match metadata,0,F:\MediaStack\data\media\tv\Adventure Time - Distant Lands\Season 01\Adventure Time - Distant Lands - S01E04 - Wizard City.mkv,,,episode,imdb://tt11198704,,unmatched,Adventure Time: Distant Lands – Season 1 – Wizard City
missing episode match metadata,0,F:\MediaStack\data\media\tv\Adventure Time - Fionna and Cake\Season 01\Adventure Time - Fionna and Cake - S01E01 - Fionna Campbell.mkv,,,episode,imdb://tt15251002,,unmatched,Adventure Time: Fionna and Cake – Season 1 – Fionna Campbell
missing episode match metadata,0,F:\MediaStack\data\media\tv\Adventure Time - Fionna and Cake\Season 01\Adventure Time - Fionna and Cake - S01E02 - Simon Petrikov.mkv,,,episode,imdb://tt28811491,,unmatched,Adventure Time: Fionna and Cake – Season 1 – Simon Petrikov
missing episode match metadata,0,F:\MediaStack\data\media\tv\Adventure Time - Fionna and Cake\Season 01\Adventure Time - Fionna and Cake - S01E03 - Cake the Cat.mkv,,,episode,imdb://tt28819058,,unmatched,Adventure Time: Fionna and Cake – Season 1 – Cake the Cat
missing episode match metadata,0,F:\MediaStack\data\media\tv\Adventure Time - Fionna and Cake\Season 01\Adventure Time - Fionna and Cake - S01E04 - Prismo the Wishmaster.mkv,,,episode,imdb://tt29005589,,unmatched,Adventure Time: Fionna and Cake – Season 1 – Prismo the Wishmaster
missing episode match metadata,0,F:\MediaStack\data\media\tv\Adventure Time - Fionna and Cake\Season 01\Adventure Time - Fionna and Cake - S01E05 - Destiny.mkv,,,episode,imdb://tt29044692,,unmatched,Adventure Time: Fionna and Cake – Season 1 – Destiny
missing episode match metadata,0,F:\MediaStack\data\media\tv\Adventure Time - Fionna and Cake\Season 01\Adventure Time - Fionna and Cake - S01E06 - The Winter King.mkv,,,episode,imdb://tt29044696,,unmatched,Adventure Time: Fionna and Cake – Season 1 – The Winter King
missing episode match metadata,0,F:\MediaStack\data\media\tv\Adventure Time - Fionna and Cake\Season 01\Adventure Time - Fionna and Cake - S01E07 - The Star.mkv,,,episode,imdb://tt29044699,,unmatched,Adventure Time: Fionna and Cake – Season 1 – The Star
missing episode match metadata,0,F:\MediaStack\data\media\tv\Adventure Time - Fionna and Cake\Season 01\Adventure Time - Fionna and Cake - S01E08 - Jerry.mkv,,,episode,imdb://tt29044700,,unmatched,Adventure Time: Fionna and Cake – Season 1 – Jerry
missing episode match metadata,0,F:\MediaStack\data\media\tv\Adventure Time - Fionna and Cake\Season 01\Adventure Time - Fionna and Cake - S01E09 - Casper & Nova.mkv,,,episode,imdb://tt29044703,,unmatched,Adventure Time: Fionna and Cake – Season 1 – Casper & Nova
missing episode match metadata,0,F:\MediaStack\data\media\tv\Adventure Time - Fionna and Cake\Season 01\Adventure Time - Fionna and Cake - S01E10 - Cheers.mkv,,,episode,imdb://tt29044705,,unmatched,Adventure Time: Fionna and Cake – Season 1 – Cheers
missing episode match metadata,0,F:\MediaStack\data\media\tv\Adventure Time - Fionna and Cake\Season 02\Adventure Time - Fionna and Cake - S02E01 - The Hare and the Sprout.mkv,,,episode,imdb://tt30310514,,unmatched,Adventure Time: Fionna and Cake – Season 2 – The Hare and the Sprout
missing episode match metadata,0,F:\MediaStack\data\media\tv\Adventure Time - Fionna and Cake\Season 02\Adventure Time - Fionna and Cake - S02E02 - The Crocodile Who Bit a Log.mkv,,,episode,imdb://tt38773663,,unmatched,Adventure Time: Fionna and Cake – Season 2 – The Crocodile Who Bit a Log
missing episode match metadata,0,F:\MediaStack\data\media\tv\Adventure Time - Fionna and Cake\Season 02\Adventure Time - Fionna and Cake - S02E03 - The Lion of Embers.mkv,,,episode,imdb://tt38773662,,unmatched,Adventure Time: Fionna and Cake – Season 2 – The Lion of Embers
missing episode match metadata,0,F:\MediaStack\data\media\tv\Adventure Time - Fionna and Cake\Season 02\Adventure Time - Fionna and Cake - S02E04 - The Cat Who Tipped the Box.mkv,,,episode,imdb://tt38773664,,unmatched,Adventure Time: Fionna and Cake – Season 2 – The Cat Who Tipped the Box
missing episode match metadata,0,F:\MediaStack\data\media\tv\Adventure Time - Fionna and Cake\Season 02\Adventure Time - Fionna and Cake - S02E05 - The Butterfly and the River.mkv,,,episode,imdb://tt38773667,,unmatched,Adventure Time: Fionna and Cake – Season 2 – The Butterfly and the River
missing episode match metadata,0,F:\MediaStack\data\media\tv\Adventure Time - Fionna and Cake\Season 02\Adventure Time - Fionna and Cake - S02E06 - The Bird in the Clock.mkv,,,episode,imdb://tt38773665,,unmatched,Adventure Time: Fionna and Cake – Season 2 – The Bird in the Clock
missing episode match metadata,0,F:\MediaStack\data\media\tv\Adventure Time - Fionna and Cake\Season 02\Adventure Time - Fionna and Cake - S02E07 - The Wolves Who Wandered.mkv,,,episode,imdb://tt38773666,,unmatched,Adventure Time: Fionna and Cake – Season 2 – The Wolves Who Wandered
missing episode match metadata,0,F:\MediaStack\data\media\tv\Adventure Time - Fionna and Cake\Season 02\Adventure Time - Fionna and Cake - S02E08 - The Insect That Sang.mkv,,,episode,imdb://tt38773668,,unmatched,Adventure Time: Fionna and Cake – Season 2 – The Insect that Sang
missing episode match metadata,0,F:\MediaStack\data\media\tv\Adventure Time - Fionna and Cake\Season 02\Adventure Time - Fionna and Cake - S02E09 - The Worm and his Orchard.mkv,,,episode,imdb://tt38773669,,unmatched,Adventure Time: Fionna and Cake – Season 2 – The Worm and his Orchard
missing episode match metadata,0,F:\MediaStack\data\media\tv\Adventure Time - Fionna and Cake\Season 02\Adventure Time - Fionna and Cake - S02E10 - The Bear and the Rose.mkv,,,episode,imdb://tt38773670,,unmatched,Adventure Time: Fionna and Cake – Season 2 – The Bear and the Rose
missing episode match metadata,0,F:\MediaStack\data\media\tv\Arrested Development\Season 01\Arrested Development - S01E01 - Pilot.mkv,,,episode,imdb://tt0515236,,unmatched,Arrested Development – Season 1 – Pilot
missing episode match metadata,0,F:\MediaStack\data\media\tv\Arrested Development\Season 01\Arrested Development - S01E02 - Top Banana.mkv,,,episode,imdb://tt0515256,,unmatched,Arrested Development – Season 1 – Top Banana
missing episode match metadata,0,F:\MediaStack\data\media\tv\Adventure Time\Season 09\Adventure Time - S09E02 - Elements - Skyhooks (1).mkv,,,episode,imdb://tt6736250,,unmatched,Adventure Time – Season 9 – Elements: Skyhooks (1)
missing episode match metadata,0,F:\MediaStack\data\media\tv\Adventure Time\Season 09\Adventure Time - S09E03 - Elements - Bespoken For (2).mkv,,,episode,imdb://tt6736252,,unmatched,Adventure Time – Season 9 – Elements: Bespoken For (2)
missing episode match metadata,0,F:\MediaStack\data\media\tv\Adventure Time\Season 09\Adventure Time - S09E04 - Elements - Winter Light (3).mkv,,,episode,imdb://tt6736254,,unmatched,Adventure Time – Season 9 – Elements: Winter Light (3)
missing episode match metadata,0,F:\MediaStack\data\media\tv\Adventure Time\Season 09\Adventure Time - S09E05 - Elements - Cloudy (4).mkv,,,episode,imdb://tt6736256,,unmatched,Adventure Time – Season 9 – Elements: Cloudy (4)
missing episode match metadata,0,F:\MediaStack\data\media\tv\Adventure Time\Season 09\Adventure Time - S09E06 - Elements - Slime Central (5).mkv,,,episode,imdb://tt6736258,,unmatched,Adventure Time – Season 9 – Elements: Slime Central (5)
missing episode match metadata,0,F:\MediaStack\data\media\tv\Adventure Time\Season 09\Adventure Time - S09E07 - Elements - Happy Warrior (6).mkv,,,episode,imdb://tt6736260,,unmatched,Adventure Time – Season 9 – Elements: Happy Warrior (6)
missing episode match metadata,0,F:\MediaStack\data\media\tv\Adventure Time\Season 09\Adventure Time - S09E08 - Elements - Hero Heart (7).mkv,,,episode,imdb://tt6736262,,unmatched,Adventure Time – Season 9 – Elements: Hero Heart (7)
missing episode match metadata,0,F:\MediaStack\data\media\tv\Adventure Time\Season 09\Adventure Time - S09E09 - Elements - Skyhooks II (8).mkv,,,episode,imdb://tt6736264,,unmatched,Adventure Time – Season 9 – Elements: Skyhooks II (8)
missing episode match metadata,0,F:\MediaStack\data\media\tv\Adventure Time\Season 09\Adventure Time - S09E10 - Abstract.mkv,,,episode,imdb://tt7102620,,unmatched,Adventure Time – Season 9 – Abstract
missing episode match metadata,0,F:\MediaStack\data\media\tv\Adventure Time\Season 09\Adventure Time - S09E11 - Ketchup.mkv,,,episode,imdb://tt7102622,,unmatched,Adventure Time – Season 9 – Ketchup
missing episode match metadata,0,F:\MediaStack\data\media\tv\Adventure Time\Season 09\Adventure Time - S09E12 - Fionna and Cake and Fionna.mkv,,,episode,imdb://tt7102626,,unmatched,Adventure Time – Season 9 – Fionna and Cake and Fionna
missing episode match metadata,0,F:\MediaStack\data\media\tv\Adventure Time\Season 09\Adventure Time - S09E13 - Whispers.mkv,,,episode,imdb://tt7102628,,unmatched,Adventure Time – Season 9 – Whispers
missing episode match metadata,0,F:\MediaStack\data\media\tv\Adventure Time\Season 09\Adventure Time - S09E14 - Three Buckets.mkv,,,episode,imdb://tt7102630,,unmatched,Adventure Time – Season 9 – Three Buckets
missing episode match metadata,0,F:\MediaStack\data\media\tv\Adventure Time\Season 10\Adventure Time - S10E01 - The Wild Hunt.mkv,,,episode,imdb://tt7308394,,unmatched,Adventure Time – Season 10 – The Wild Hunt
missing episode match metadata,0,F:\MediaStack\data\media\tv\Adventure Time\Season 10\Adventure Time - S10E03 - Son of Rap Bear.mkv,,,episode,imdb://tt7308416,,unmatched,Adventure Time – Season 10 – Son of Rap Bear
missing episode match metadata,0,F:\MediaStack\data\media\tv\Adventure Time\Season 10\Adventure Time - S10E05 - Seventeen.mkv,,,episode,imdb://tt7650228,,unmatched,Adventure Time – Season 10 – Seventeen
missing episode match metadata,0,F:\MediaStack\data\media\tv\Adventure Time\Season 10\Adventure Time - S10E06 - Ring of Fire.mkv,,,episode,imdb://tt7650230,,unmatched,Adventure Time – Season 10 – Ring of Fire
missing episode match metadata,0,F:\MediaStack\data\media\tv\Adventure Time\Season 10\Adventure Time - S10E07 - Marcy & Hunson.mkv,,,episode,imdb://tt7650234,,unmatched,Adventure Time – Season 10 – Marcy & Hunson
missing episode match metadata,0,F:\MediaStack\data\media\tv\Adventure Time\Season 10\Adventure Time - S10E08 - The First Investigation.mkv,,,episode,imdb://tt7650238,,unmatched,Adventure Time – Season 10 – The First Investigation
missing episode match metadata,0,F:\MediaStack\data\media\tv\Adventure Time\Season 10\Adventure Time - S10E09 - Blenanas.mkv,,,episode,imdb://tt8058684,,unmatched,Adventure Time – Season 10 – Blenanas
missing episode match metadata,0,F:\MediaStack\data\media\tv\Adventure Time\Season 10\Adventure Time - S10E10 - Jake the Starchild.mkv,,,episode,imdb://tt8058686,,unmatched,Adventure Time – Season 10 – Jake the Starchild
missing episode match metadata,0,F:\MediaStack\data\media\tv\Adventure Time\Season 10\Adventure Time - S10E11 - Temple of Mars.mkv,,,episode,imdb://tt8058682,,unmatched,Adventure Time – Season 10 – Temple of Mars
missing episode match metadata,0,F:\MediaStack\data\media\tv\Adventure Time\Season 10\Adventure Time - S10E12 - Gumbaldia.mkv,,,episode,imdb://tt8058688,,unmatched,Adventure Time – Season 10 – Gumbaldia
missing episode match metadata,0,F:\MediaStack\data\media\tv\Adventure Time - Distant Lands\Season 01\Adventure Time - Distant Lands - S01E01 - BMO.mkv,,,episode,imdb://tt11198700,,unmatched,Adventure Time: Distant Lands – Season 1 – BMO
missing episode match metadata,0,F:\MediaStack\data\media\tv\Adventure Time\Season 01\Adventure Time - S01E18 - Dungeon.mkv,,,episode,imdb://tt1698777,,unmatched,Adventure Time – Season 1 – Dungeon
missing episode match metadata,0,F:\MediaStack\data\media\tv\Adventure Time\Season 01\Adventure Time - S01E19 - The Duke.mkv,,,episode,imdb://tt1698781,,unmatched,Adventure Time – Season 1 – The Duke
missing episode match metadata,0,F:\MediaStack\data\media\tv\Adventure Time\Season 01\Adventure Time - S01E20 - Freak City.mkv,,,episode,imdb://tt1698779,,unmatched,Adventure Time – Season 1 – Freak City
missing episode match metadata,0,F:\MediaStack\data\media\tv\Adventure Time\Season 01\Adventure Time - S01E21 - Donny.mkv,,,episode,imdb://tt1901191,,unmatched,Adventure Time – Season 1 – Donny
missing episode match metadata,0,F:\MediaStack\data\media\tv\Adventure Time\Season 01\Adventure Time - S01E22 - Henchman.mkv,,,episode,imdb://tt1698775,,unmatched,Adventure Time – Season 1 – Henchman
missing episode match metadata,0,F:\MediaStack\data\media\tv\Adventure Time\Season 01\Adventure Time - S01E23 - Rainy Day Daydream.mkv,,,episode,imdb://tt1748407,,unmatched,Adventure Time – Season 1 – Rainy Day Daydream
missing episode match metadata,0,F:\MediaStack\data\media\tv\Adventure Time\Season 01\Adventure Time - S01E24 - What Have You Done.mkv,,,episode,imdb://tt1763360,,unmatched,Adventure Time – Season 1 – What Have You Done?
missing episode match metadata,0,F:\MediaStack\data\media\tv\Adventure Time\Season 01\Adventure Time - S01E25 - His Hero.mkv,,,episode,imdb://tt1748408,,unmatched,Adventure Time – Season 1 – His Hero
missing episode match metadata,0,F:\MediaStack\data\media\tv\Adventure Time\Season 01\Adventure Time - S01E26 - Gut Grinder.mkv,,,episode,imdb://tt1698773,,unmatched,Adventure Time – Season 1 – Gut Grinder
missing episode match metadata,0,F:\MediaStack\data\media\tv\Adventure Time\Season 07\Adventure Time - S07E06 - Stakes - Marceline the Vampire Queen (1).mkv,,,episode,imdb://tt5175672,,unmatched,Adventure Time – Season 7 – Stakes: Marceline the Vampire Queen (1)
missing episode match metadata,0,F:\MediaStack\data\media\tv\Adventure Time\Season 07\Adventure Time - S07E08 - Stakes - Vamps About (3).mkv,,,episode,imdb://tt5178356,,unmatched,Adventure Time – Season 7 – Stakes: Vamps About (3)
missing episode match metadata,0,F:\MediaStack\data\media\tv\Adventure Time\Season 07\Adventure Time - S07E23 - Crossover.mkv,,,episode,imdb://tt5337588,,unmatched,Adventure Time – Season 7 – Crossover
missing episode match metadata,0,F:\MediaStack\data\media\tv\Adventure Time\Season 07\Adventure Time - S07E24 - The Hall of Egress.mkv,,,episode,imdb://tt5490178,,unmatched,Adventure Time – Season 7 – The Hall of Egress
missing episode match metadata,0,F:\MediaStack\data\media\tv\Adventure Time\Season 07\Adventure Time - S07E25 - Flute Spell.mkv,,,episode,imdb://tt5509092,,unmatched,Adventure Time – Season 7 – Flute Spell
missing episode match metadata,0,F:\MediaStack\data\media\tv\Adventure Time\Season 08\Adventure Time - S08E01 - Broke His Crown.mkv,,,episode,imdb://tt5575862,,unmatched,Adventure Time – Season 8 – Broke His Crown
missing episode match metadata,0,F:\MediaStack\data\media\tv\Adventure Time\Season 08\Adventure Time - S08E02 - Don't Look.mkv,,,episode,imdb://tt5571800,,unmatched,Adventure Time – Season 8 – Don't Look
missing episode match metadata,0,F:\MediaStack\data\media\tv\Adventure Time\Season 08\Adventure Time - S08E03 - Beyond the Grotto.mkv,,,episode,imdb://tt5597954,,unmatched,Adventure Time – Season 8 – Beyond the Grotto
missing episode match metadata,0,F:\MediaStack\data\media\tv\Adventure Time\Season 08\Adventure Time - S08E04 - Lady Rainicorn of the Crystal Dimension.mkv,,,episode,imdb://tt5709708,,unmatched,Adventure Time – Season 8 – Lady Rainicorn of the Crystal Dimension
missing episode match metadata,0,F:\MediaStack\data\media\tv\Adventure Time\Season 08\Adventure Time - S08E05 - I Am a Sword.mkv,,,episode,imdb://tt5622154,,unmatched,Adventure Time – Season 8 – I am a Sword
missing episode match metadata,0,F:\MediaStack\data\media\tv\Adventure Time\Season 08\Adventure Time - S08E06 - Bun Bun.mkv,,,episode,imdb://tt5700380,,unmatched,Adventure Time – Season 8 – Bun Bun
missing episode match metadata,0,F:\MediaStack\data\media\tv\Adventure Time\Season 08\Adventure Time - S08E07 - Normal Man.mkv,,,episode,imdb://tt5654832,,unmatched,Adventure Time – Season 8 – Normal Man
missing episode match metadata,0,F:\MediaStack\data\media\tv\Adventure Time\Season 08\Adventure Time - S08E12 - Preboot.mkv,,,episode,imdb://tt6186784,,unmatched,Adventure Time – Season 8 – Preboot
missing episode match metadata,0,F:\MediaStack\data\media\tv\Adventure Time\Season 08\Adventure Time - S08E15 - Do No Harm.mkv,,,episode,imdb://tt6355336,,unmatched,Adventure Time – Season 8 – Do No Harm
missing episode match metadata,0,F:\MediaStack\data\media\tv\Adventure Time\Season 08\Adventure Time - S08E24 - Islands - Hide and Seek (5).mkv,,,episode,imdb://tt6355366,,unmatched,Adventure Time – Season 8 – Islands: Hide and Seek (5)
missing episode match metadata,0,F:\MediaStack\data\media\tv\Adventure Time\Season 08\Adventure Time - S08E25 - Islands - Min & Marty (6).mkv,,,episode,imdb://tt6355370,,unmatched,Adventure Time – Season 8 – Islands: Min & Marty (6)
missing episode match metadata,0,F:\MediaStack\data\media\tv\Adventure Time\Season 08\Adventure Time - S08E27 - Islands - The Light Cloud (8).mkv,,,episode,imdb://tt6355376,,unmatched,Adventure Time – Season 8 – Islands: The Light Cloud (8)
missing episode match metadata,0,F:\MediaStack\data\media\tv\A.M. Yoga for Your Week\Season 01\A.M. Yoga for Your Week - S01E02 - Twists.mkv,,,episode,local://22437,,unmatched,A.M. Yoga for Your Week – Season 1 – Episode 2
missing episode match metadata,0,F:\MediaStack\data\media\tv\A.M. Yoga for Your Week\Season 01\A.M. Yoga for Your Week - S01E03 - Backbends.mkv,,,episode,local://22438,,unmatched,A.M. Yoga for Your Week – Season 1 – Episode 3
missing episode match metadata,0,F:\MediaStack\data\media\tv\A.M. Yoga for Your Week\Season 01\A.M. Yoga for Your Week - S01E04 - Forward Bends.mkv,,,episode,local://22439,,unmatched,A.M. Yoga for Your Week – Season 1 – Episode 4
missing episode match metadata,0,F:\MediaStack\data\media\tv\A.M. Yoga for Your Week\Season 01\A.M. Yoga for Your Week - S01E05 - Hip Openers.mkv,,,episode,local://22440,,unmatched,A.M. Yoga for Your Week – Season 1 – Episode 5
missing episode match metadata,0,F:\MediaStack\data\media\tv\Adventure Time\Season 01\Adventure Time - S01E01 - Slumber Party Panic.mkv,,,episode,imdb://tt1615520,,unmatched,Adventure Time – Season 1 – Slumber Party Panic
missing episode match metadata,0,F:\MediaStack\data\media\tv\Adventure Time\Season 01\Adventure Time - S01E02 - Trouble in Lumpy Space.mkv,,,episode,imdb://tt1615521,,unmatched,Adventure Time – Season 1 – Trouble in Lumpy Space
missing episode match metadata,0,F:\MediaStack\data\media\tv\Adventure Time\Season 01\Adventure Time - S01E03 - Prisoners of Love.mkv,,,episode,imdb://tt1622039,,unmatched,Adventure Time – Season 1 – Prisoners of Love
missing episode match metadata,0,F:\MediaStack\data\media\tv\Adventure Time\Season 01\Adventure Time - S01E04 - Tree Trunks.mkv,,,episode,imdb://tt1626279,,unmatched,Adventure Time – Season 1 – Tree Trunks
missing episode match metadata,0,F:\MediaStack\data\media\tv\Adventure Time\Season 01\Adventure Time - S01E05 - The Enchiridion!.mkv,,,episode,imdb://tt1626278,,unmatched,Adventure Time – Season 1 – The Enchiridion!
missing episode match metadata,0,F:\MediaStack\data\media\tv\Adventure Time\Season 01\Adventure Time - S01E06 - The Jiggler.mkv,,,episode,imdb://tt2237922,,unmatched,Adventure Time – Season 1 – The Jiggler
missing episode match metadata,0,F:\MediaStack\data\media\tv\Adventure Time\Season 01\Adventure Time - S01E07 - Ricardio the Heart Guy.mkv,,,episode,imdb://tt1626280,,unmatched,Adventure Time – Season 1 – Ricardio the Heart Guy
missing episode match metadata,0,F:\MediaStack\data\media\tv\Adventure Time\Season 01\Adventure Time - S01E08 - Business Time.mkv,,,episode,imdb://tt2237940,,unmatched,Adventure Time – Season 1 – Business Time
missing episode match metadata,0,F:\MediaStack\data\media\tv\Adventure Time\Season 01\Adventure Time - S01E09 - My Two Favorite People.mkv,,,episode,imdb://tt2237954,,unmatched,Adventure Time – Season 1 – My Two Favorite People
missing episode match metadata,0,F:\MediaStack\data\media\tv\Adventure Time\Season 01\Adventure Time - S01E10 - Memories of Boom Boom Mountain.mkv,,,episode,imdb://tt1685055,,unmatched,Adventure Time – Season 1 – Memories of Boom Boom Mountain
missing episode match metadata,0,F:\MediaStack\data\media\tv\Adventure Time\Season 01\Adventure Time - S01E11 - Wizard.mkv,,,episode,imdb://tt1698778,,unmatched,Adventure Time – Season 1 – Wizard
missing episode match metadata,0,F:\MediaStack\data\media\tv\Adventure Time\Season 01\Adventure Time - S01E12 - Evicted!.mkv,,,episode,imdb://tt2237972,,unmatched,Adventure Time – Season 1 – Evicted!
missing episode match metadata,0,F:\MediaStack\data\media\tv\Adventure Time\Season 01\Adventure Time - S01E13 - City of Thieves.mkv,,,episode,imdb://tt1699254,,unmatched,Adventure Time – Season 1 – City of Thieves
missing episode match metadata,0,F:\MediaStack\data\media\tv\Adventure Time\Season 01\Adventure Time - S01E14 - The Witch's Garden.mkv,,,episode,imdb://tt1698782,,unmatched,Adventure Time – Season 1 – The Witch's Garden
missing episode match metadata,0,F:\MediaStack\data\media\tv\Adventure Time\Season 01\Adventure Time - S01E15 - What is Life.mkv,,,episode,imdb://tt1698784,,unmatched,Adventure Time – Season 1 – What Is Life?
missing episode match metadata,0,F:\MediaStack\data\media\tv\Adventure Time\Season 01\Adventure Time - S01E16 - Ocean of Fear.mkv,,,episode,imdb://tt1698780,,unmatched,Adventure Time – Season 1 – Ocean of Fear
missing episode match metadata,0,F:\MediaStack\data\media\tv\Adventure Time\Season 01\Adventure Time - S01E17 - When Wedding Bells Thaw.mkv,,,episode,imdb://tt1698783,,unmatched,Adventure Time – Season 1 – When Wedding Bells Thaw
missing episode match metadata,0,F:\MediaStack\data\media\tv\A.M. Yoga for Your Week\Season 01\A.M. Yoga for Your Week - S01E01 - Standing Poses.mkv,,,episode,local://22436,,unmatched,A.M. Yoga for Your Week – Season 1 – Episode 1
no movie match,0,F:\MediaStack\data\media\movies\You Gotta Stay Happy (1948)\You Gotta Stay Happy (1948) [WEBDL-480p] {imdb-tt0040982}.mkv,,,movie,imdb://tt0040982,,unmatched,You Gotta Stay Happy
no movie match,0,F:\MediaStack\data\media\movies\You've Got Mail (1998)\Youve Got Mail (1998) [Bluray-1080p] {imdb-tt0128853}.mkv,,,movie,imdb://tt0128853,,unmatched,You've Got Mail
no movie match,0,F:\MediaStack\data\media\movies\Young Frankenstein (1974)\Young Frankenstein (1974) [Bluray-1080p] {imdb-tt0072431}.mkv,,,movie,imdb://tt0072431,,unmatched,Young Frankenstein
no movie match,0,F:\MediaStack\data\media\movies\Your Name. (2016)\Your Name. (2016) [Bluray-1080p] {imdb-tt5311514}.mkv,,,movie,local://20401,,unmatched,Your Name.
no movie match,0,F:\MediaStack\data\media\movies\Zenon - Girl of the 21st Century (1999)\Zenon Girl of the 21st Century (1999) [WEBRip-720p] {imdb-tt0186726}.mp4,,,movie,imdb://tt0186726,,unmatched,Zenon: Girl of the 21st Century
no movie match,0,F:\MediaStack\data\media\movies\Zenon - The Zequel (2001)\Zenon The Zequel (2001) [Bluray-720p] {imdb-tt0271271}.mp4,,,movie,imdb://tt0271271,,unmatched,Zenon: The Zequel
no movie match,0,F:\MediaStack\data\media\movies\Zootopia (2016)\Zootopia (2016) [Bluray-1080p] {imdb-tt2948356}.mp4,,,movie,imdb://tt2948356,,unmatched,Zootopia
no movie match,0,F:\MediaStack\data\media\movies\Zootopia 2 (2025)\Zootopia 2 (2025) [Bluray-1080p] {imdb-tt26443597}.mkv,,,movie,imdb://tt26443597,,unmatched,Zootopia 2
no movie match,0,F:\MediaStack\data\media\movies\The Wolverine (2013)\The Wolverine (2013) [Bluray-1080p Proper] {imdb-tt1430132}.mp4,,,movie,imdb://tt1430132,,unmatched,The Wolverine
no movie match,0,F:\MediaStack\data\media\movies\Wonder Park (2019)\Wonder Park (2019) [Bluray-1080p] {imdb-tt6428676}.mp4,,,movie,imdb://tt6428676,,unmatched,Wonder Park
no movie match,0,F:\MediaStack\data\media\movies\Wonder Woman (2017)\Wonder Woman (2017) [Bluray-1080p] {imdb-tt0451279}.mkv,,,movie,imdb://tt0451279,,unmatched,Wonder Woman
no movie match,0,F:\MediaStack\data\media\movies\Wonder Woman 1984 (2020)\Wonder Woman 1984 (2020) [Bluray-1080p] {imdb-tt7126948}.mp4,,,movie,imdb://tt7126948,,unmatched,Wonder Woman 1984
no movie match,0,F:\MediaStack\data\media\movies\Wonka (2023)\Wonka (2023) [Bluray-1080p] {imdb-tt6166392}.mkv,,,movie,imdb://tt6166392,,unmatched,Wonka
no movie match,0,F:\MediaStack\data\media\movies\The Work and the Glory (2004)\The Work and the Glory (2004) [WEBRip-1080p] {imdb-tt0410454}.mp4,,,movie,imdb://tt0410454,,unmatched,The Work and the Glory
no movie match,0,F:\MediaStack\data\media\movies\The World's End (2013)\The Worlds End (2013) [Bluray-1080p] {imdb-tt1213663}.mp4,,,movie,imdb://tt1213663,,unmatched,The World's End
no movie match,0,F:\MediaStack\data\media\movies\The World's Fastest Indian (2005)\The Worlds Fastest Indian (2005) [Bluray-1080p] {imdb-tt0412080}.mkv,,,movie,imdb://tt0412080,,unmatched,The World's Fastest Indian
no movie match,0,F:\MediaStack\data\media\movies\Wrath of the Titans (2012)\Wrath of the Titans (2012) [Bluray-1080p] {imdb-tt1646987}.mp4,,,movie,imdb://tt1646987,,unmatched,Wrath of the Titans
no movie match,0,F:\MediaStack\data\media\movies\Wreck-It Ralph (2012)\Wreck-It Ralph (2012) [Bluray-1080p] {imdb-tt1772341}.mkv,,,movie,imdb://tt1772341,,unmatched,Wreck-It Ralph
no movie match,0,F:\MediaStack\data\media\movies\X-Men (2000)\X-Men (2000) [Bluray-1080p] {imdb-tt0120903}.mkv,,,movie,imdb://tt0120903,,unmatched,X-Men
no movie match,0,F:\MediaStack\data\media\movies\X-Men Origins - Wolverine (2009)\X-Men Origins Wolverine (2009) [Bluray-1080p] {imdb-tt0458525}.mkv,,,movie,imdb://tt0458525,,unmatched,X-Men Origins: Wolverine
no movie match,0,F:\MediaStack\data\media\movies\X-Men - Apocalypse (2016)\X-Men Apocalypse (2016) [Bluray-1080p Proper] {imdb-tt3385516}.mp4,,,movie,imdb://tt3385516,,unmatched,X-Men: Apocalypse
no movie match,0,F:\MediaStack\data\media\movies\Dark Phoenix (2019)\Dark Phoenix (2019) [Bluray-1080p] {imdb-tt6565702}.mkv,,,movie,imdb://tt6565702,,unmatched,X-Men: Dark Phoenix
no movie match,0,F:\MediaStack\data\media\movies\X-Men - Days of Future Past (2014)\X-Men Days of Future Past (2014) [Bluray-1080p] {imdb-tt1877832}.mkv,,,movie,imdb://tt1877832,,unmatched,X-Men: Days of Future Past
no movie match,0,F:\MediaStack\data\media\movies\X-Men - First Class (2011)\X-Men First Class (2011) [Bluray-1080p] {imdb-tt1270798}.mp4,,,movie,imdb://tt1270798,,unmatched,X-Men: First Class
no movie match,0,F:\MediaStack\data\media\movies\X-Men - The Last Stand (2006)\X-Men The Last Stand (2006) [Bluray-1080p] {imdb-tt0376994}.mkv,,,movie,imdb://tt0376994,,unmatched,X-Men: The Last Stand
no movie match,0,F:\MediaStack\data\media\movies\X2 (2003)\X2 (2003) [Bluray-1080p] {imdb-tt0290334}.mp4,,,movie,imdb://tt0290334,,unmatched,X2: X-Men United
no movie match,0,F:\MediaStack\data\media\movies\Yes Man (2008)\Yes Man (2008) [Bluray-1080p Proper] {imdb-tt1068680}.mp4,,,movie,imdb://tt1068680,,unmatched,Yes Man
no movie match,0,F:\MediaStack\data\media\movies\The Wicker Man (2006)\The Wicker Man (2006) [Bluray-1080p] {imdb-tt0450345}.mkv,,,movie,imdb://tt0450345,,unmatched,The Wicker Man
no movie match,0,F:\MediaStack\data\media\movies\The Wild (2006)\The Wild (2006) [Bluray-1080p] {imdb-tt0405469}.mkv,,,movie,imdb://tt0405469,,unmatched,The Wild
no movie match,0,F:\MediaStack\data\media\movies\Wild Hogs (2007)\Wild Hogs (2007) [Bluray-1080p] {imdb-tt0486946}.mkv,,,movie,imdb://tt0486946,,unmatched,Wild Hogs
no movie match,0,F:\MediaStack\data\media\movies\Wild Strawberries (1957)\Wild Strawberries (1957) [Bluray-1080p] {imdb-tt0050986}.mkv,,,movie,imdb://tt0050986,,unmatched,Wild Strawberries
no movie match,0,F:\MediaStack\data\media\movies\The Wild Thornberrys Movie (2002)\The Wild Thornberrys Movie (2002) [WEBDL-1080p] {imdb-tt0282120}.mkv,,,movie,imdb://tt0282120,,unmatched,The Wild Thornberrys
no movie match,0,F:\MediaStack\data\media\movies\Willow (1988)\Willow (1988) [Bluray-1080p] {imdb-tt0096446}.mkv,,,movie,imdb://tt0096446,,unmatched,Willow
no movie match,0,F:\MediaStack\data\media\movies\Willy Wonka & the Chocolate Factory (1971)\Willy Wonka and the Chocolate Factory (1971) [Bluray-1080p] {imdb-tt0067992}.mkv,,,movie,imdb://tt0067992,,unmatched,Willy Wonka & the Chocolate Factory
no movie match,0,F:\MediaStack\data\media\movies\The Wind Rises (2013)\The Wind Rises (2013) [Bluray-1080p] {imdb-tt2013293}.mkv,,,movie,imdb://tt2013293,,unmatched,The Wind Rises
no movie match,0,F:\MediaStack\data\media\movies\Winds of the Wasteland (1936)\Winds of the Wasteland (1936) [WEBDL-480p] {imdb-tt0028510}.mkv,,,movie,imdb://tt0028510,,unmatched,Winds of the Wasteland
no movie match,0,F:\MediaStack\data\media\movies\Winnie the Pooh (2011)\Winnie the Pooh (2011) [Bluray-1080p] {imdb-tt1449283}.mkv,,,movie,imdb://tt1449283,,unmatched,Winnie the Pooh
no movie match,0,F:\MediaStack\data\media\movies\Winnie the Pooh - Springtime with Roo (2004)\Winnie the Pooh Springtime with Roo (2004) [Bluray-1080p] {imdb-tt0384696}.mkv,,,movie,imdb://tt0384696,,unmatched,Winnie the Pooh: Springtime with Roo
no movie match,0,F:\MediaStack\data\media\movies\Winter's Tale (2014)\Winters Tale (2014) [Bluray-1080p] {imdb-tt1837709}.mkv,,,movie,imdb://tt1837709,,unmatched,Winter's Tale
no movie match,0,F:\MediaStack\data\media\movies\Wish (2023)\Wish (2023) [Bluray-1080p] {imdb-tt11304740}.mp4,,,movie,imdb://tt11304740,,unmatched,Wish
no movie match,0,F:\MediaStack\data\media\movies\Wish Upon a Star (1996)\Wish Upon a Star (1996) [WEBRip-720p] {imdb-tt0118178}.mp4,,,movie,imdb://tt0118178,,unmatched,Wish Upon a Star
no movie match,0,F:\MediaStack\data\media\movies\The Witches (1990)\The Witches (1990) [WEBDL-1080p] {imdb-tt0100944}.mkv,,,movie,imdb://tt0100944,,unmatched,The Witches
no movie match,0,F:\MediaStack\data\media\movies\Without a Paddle (2004)\Without a Paddle (2004) [Bluray-1080p] {imdb-tt0364751}.mp4,,,movie,imdb://tt0364751,,unmatched,Without a Paddle
no movie match,0,F:\MediaStack\data\media\movies\Tom Clancy's Without Remorse (2021)\Tom Clancys Without Remorse (2021) [Bluray-1080p] {imdb-tt0499097}.mkv,,,movie,imdb://tt0499097,,unmatched,Without Remorse
no movie match,0,F:\MediaStack\data\media\movies\Witness for the Prosecution (1957)\Witness for the Prosecution (1957) [Bluray-1080p] {imdb-tt0051201}.mkv,,,movie,imdb://tt0051201,,unmatched,Witness for the Prosecution
no movie match,0,F:\MediaStack\data\media\movies\The Wizard of Oz (1939)\The Wizard of Oz (1939) [Bluray-1080p] {imdb-tt0032138}.mkv,,,movie,imdb://tt0032138,,unmatched,The Wizard of Oz
no movie match,0,F:\MediaStack\data\media\movies\Wolf Children (2012)\Wolf Children (2012) [WEBDL-1080p] {imdb-tt2140203}.mkv,,,movie,imdb://tt2140203,,unmatched,Wolf Children
no movie match,0,F:\MediaStack\data\media\movies\What About Bob! (1991)\What About Bob (1991) [WEBDL-1080p] {imdb-tt0103241}.mkv,,,movie,imdb://tt0103241,,unmatched,What About Bob?
no movie match,0,F:\MediaStack\data\media\movies\What Happens in Vegas (2008)\What Happens in Vegas (2008) [Bluray-1080p] {imdb-tt1033643}.mkv,,,movie,imdb://tt1033643,,unmatched,What Happens in Vegas
no movie match,0,F:\MediaStack\data\media\movies\What Lies Beneath (2000)\What Lies Beneath (2000) [Bluray-1080p] {imdb-tt0161081}.mkv,,,movie,imdb://tt0161081,,unmatched,What Lies Beneath
no movie match,0,F:\MediaStack\data\media\movies\What to Expect When You're Expecting (2012)\What to Expect When Youre Expecting (2012) [Bluray-1080p] {imdb-tt1586265}.mp4,,,movie,imdb://tt1586265,,unmatched,What to Expect When You're Expecting
no movie match,0,F:\MediaStack\data\media\movies\What's Love Got to Do with It (1993)\Whats Love Got to Do with It (1993) [Bluray-1080p] {imdb-tt0108551}.mkv,,,movie,imdb://tt0108551,,unmatched,What's Love Got to Do with It
no movie match,0,F:\MediaStack\data\media\movies\When Harry Met Sally. (1989)\When Harry Met Sally. (1989) [Bluray-1080p] {imdb-tt0098635}.mkv,,,movie,imdb://tt0098635,,unmatched,When Harry Met Sally...
no movie match,0,F:\MediaStack\data\media\movies\When in Rome (2010)\When in Rome (2010) [Bluray-1080p] {imdb-tt1185416}.mp4,,,movie,imdb://tt1185416,,unmatched,When in Rome
no movie match,0,F:\MediaStack\data\media\movies\When Marnie Was There (2014)\When Marnie Was There (2014) [Bluray-1080p] {imdb-tt3398268}.mkv,,,movie,imdb://tt3398268,,unmatched,When Marnie Was There
no movie match,0,F:\MediaStack\data\media\movies\Where Eagles Dare (1968)\Where Eagles Dare (1968) [Bluray-1080p] {imdb-tt0065207}.mkv,,,movie,imdb://tt0065207,,unmatched,Where Eagles Dare
no movie match,0,F:\MediaStack\data\media\movies\Where the Wild Things Are (2009)\Where the Wild Things Are (2009) [Bluray-1080p] {imdb-tt0386117}.mp4,,,movie,imdb://tt0386117,,unmatched,Where the Wild Things Are
no movie match,0,F:\MediaStack\data\media\movies\While You Were Sleeping (1995)\While You Were Sleeping (1995) [Bluray-1080p] {imdb-tt0114924}.mkv,,,movie,imdb://tt0114924,,unmatched,While You Were Sleeping
no movie match,0,F:\MediaStack\data\media\movies\Whisper of the Heart (1995)\Whisper of the Heart (1995) [Bluray-1080p] {imdb-tt0113824}.mkv,,,movie,imdb://tt0113824,,unmatched,Whisper of the Heart
no movie match,0,F:\MediaStack\data\media\movies\White Men Can't Jump (1992)\White Men Cant Jump (1992) [Bluray-1080p] {imdb-tt0105812}.mkv,,,movie,imdb://tt0105812,,unmatched,White Men Can't Jump
no movie match,0,F:\MediaStack\data\media\movies\Whitney Houston - I Wanna Dance with Somebody (2022)\Whitney Houston I Wanna Dance with Somebody (2022) [Bluray-1080p] {imdb-tt12193804}.mkv,,,movie,imdb://tt12193804,,unmatched,Whitney Houston: I Wanna Dance with Somebody
no movie match,0,F:\MediaStack\data\media\movies\Who Framed Roger Rabbit (1988)\Who Framed Roger Rabbit (1988) [Bluray-1080p] {imdb-tt0096438}.mp4,,,movie,imdb://tt0096438,,unmatched,Who Framed Roger Rabbit
no movie match,0,F:\MediaStack\data\media\movies\Who's Afraid of Virginia Woolf! (1966)\Whos Afraid of Virginia Woolf (1966) [Bluray-1080p] {imdb-tt0061184}.mkv,,,movie,imdb://tt0061184,,unmatched,Who's Afraid of Virginia Woolf?
no movie match,0,F:\MediaStack\data\media\movies\Who's Harry Crumb! (1989)\Whos Harry Crumb (1989) [Bluray-1080p] {imdb-tt0098645}.mp4,,,movie,imdb://tt0098645,,unmatched,Who's Harry Crumb?
no movie match,0,F:\MediaStack\data\media\movies\The Whole Nine Yards (2000)\The Whole Nine Yards (2000) [Bluray-1080p] {imdb-tt0190138}.mkv,,,movie,imdb://tt0190138,,unmatched,The Whole Nine Yards
no movie match,0,F:\MediaStack\data\media\movies\Walk the Line (2005)\Walk the Line (2005) [Bluray-1080p] {imdb-tt0358273}.mkv,,,movie,imdb://tt0358273,,unmatched,Walk the Line
no movie match,0,F:\MediaStack\data\media\movies\A Walk to Remember (2002)\A Walk to Remember (2002) [Bluray-1080p] {imdb-tt0281358}.mkv,,,movie,imdb://tt0281358,,unmatched,A Walk to Remember
no movie match,0,F:\MediaStack\data\media\movies\Wallace & Gromit - The Curse of the Were-Rabbit (2005)\Wallace and Gromit The Curse of the Were-Rabbit (2005) [Bluray-1080p] {imdb-tt0312004}.mkv,,,movie,imdb://tt0312004,,unmatched,Wallace & Gromit: The Curse of the Were-Rabbit
no movie match,0,F:\MediaStack\data\media\movies\Wallace & Gromit - Vengeance Most Fowl (2024)\Wallace and Gromit Vengeance Most Fowl (2024) [WEBDL-1080p] {imdb-tt17163970}.mkv,,,movie,imdb://tt17163970,,unmatched,Wallace & Gromit: Vengeance Most Fowl
no movie match,0,F:\MediaStack\data\media\movies\Walt & El Grupo (2008)\Walt and El Grupo (2008) [WEBDL-480p] {imdb-tt1223150}.mkv,,,movie,imdb://tt1223150,,unmatched,Walt & El Grupo
no movie match,0,F:\MediaStack\data\media\movies\War for the Planet of the Apes (2017)\War for the Planet of the Apes (2017) [WEBDL-2160p] {imdb-tt3450958}.mkv,,,movie,imdb://tt3450958,,unmatched,War for the Planet of the Apes
ambiguous movie title match,0,F:\MediaStack\data\media\movies\War of the Worlds (2025)\War of the Worlds (2025) [Bluray-1080p] {imdb-tt13186306}.mp4,,,movie,imdb://tt0407304,,unmatched,War of the Worlds
no movie match,0,F:\MediaStack\data\media\movies\Warm Bodies (2013)\Warm Bodies (2013) [Bluray-1080p] {imdb-tt1588173}.mkv,,,movie,imdb://tt1588173,,unmatched,Warm Bodies
no movie match,0,F:\MediaStack\data\media\movies\The Waterboy (1998)\The Waterboy (1998) [Bluray-1080p] {imdb-tt0120484}.mp4,,,movie,imdb://tt0120484,,unmatched,The Waterboy
no movie match,0,F:\MediaStack\data\media\movies\The Way Back (2010)\The Way Back (2010) [Bluray-1080p] {imdb-tt1023114}.mkv,,,movie,imdb://tt1023114,,unmatched,The Way Back
no movie match,0,F:\MediaStack\data\media\movies\The Way Back (2020)\The Way Back (2020) [Bluray-1080p] {imdb-tt8544498}.mkv,,,movie,imdb://tt8544498,,unmatched,The Way Back
no movie match,0,F:\MediaStack\data\media\movies\The Way We Were (1973)\The Way We Were (1973) [WEBRip-1080p] {imdb-tt0070903}.mkv,,,movie,imdb://tt0070903,,unmatched,The Way We Were
no movie match,0,F:\MediaStack\data\media\movies\We Are Marshall (2006)\We Are Marshall (2006) [Bluray-1080p] {imdb-tt0758794}.mkv,,,movie,imdb://tt0758794,,unmatched,We Are Marshall
no movie match,0,F:\MediaStack\data\media\movies\We Bought a Zoo (2011)\We Bought a Zoo (2011) [Bluray-1080p] {imdb-tt1389137}.mkv,,,movie,imdb://tt1389137,,unmatched,We Bought a Zoo
no movie match,0,F:\MediaStack\data\media\movies\We're Back! A Dinosaur's Story (1993)\Were Back! A Dinosaurs Story (1993) [Bluray-1080p] {imdb-tt0108526}.mp4,,,movie,imdb://tt0108526,,unmatched,We're Back! A Dinosaur's Story
no movie match,0,F:\MediaStack\data\media\movies\Weathering with You (2019)\Weathering with You (2019) [Bluray-1080p] {imdb-tt9426210}.mkv,,,movie,imdb://tt9426210,,unmatched,Weathering with You
no movie match,0,F:\MediaStack\data\media\movies\Wedding Crashers (2005)\Wedding Crashers (2005) [Bluray-1080p] {imdb-tt0396269}.mkv,,,movie,imdb://tt0396269,,unmatched,Wedding Crashers
no movie match,0,F:\MediaStack\data\media\movies\The Wedding Planner (2001)\The Wedding Planner (2001) [Bluray-1080p] {imdb-tt0209475}.mp4,,,movie,imdb://tt0209475,,unmatched,The Wedding Planner
no movie match,0,F:\MediaStack\data\media\movies\The Wedding Singer (1998)\The Wedding Singer (1998) [Bluray-1080p] {imdb-tt0120888}.mp4,,,movie,imdb://tt0120888,,unmatched,The Wedding Singer
no movie match,0,F:\MediaStack\data\media\movies\West of the Divide (1934)\West of the Divide (1934) [WEBDL-480p] {imdb-tt0025969}.mkv,,,movie,imdb://tt0025969,,unmatched,West of the Divide
no movie match,0,F:\MediaStack\data\media\movies\West Side Story (1961)\West Side Story (1961) [Bluray-1080p] {imdb-tt0055614}.mp4,,,movie,imdb://tt0055614,,unmatched,West Side Story
no movie match,0,F:\MediaStack\data\media\movies\West Side Story (2021)\West Side Story (2021) [Bluray-1080p] {imdb-tt3581652}.mp4,,,movie,imdb://tt3581652,,unmatched,West Side Story
no movie match,0,F:\MediaStack\data\media\movies\What a Girl Wants (2003)\What a Girl Wants (2003) [Bluray-1080p] {imdb-tt0286788}.mp4,,,movie,imdb://tt0286788,,unmatched,What a Girl Wants
no movie match,0,F:\MediaStack\data\media\movies\Uptown Girls (2003)\Uptown Girls (2003) [HDTV-720p] {imdb-tt0263757}.mp4,,,movie,imdb://tt0263757,,unmatched,Uptown Girls
no movie match,0,F:\MediaStack\data\media\movies\The Usual Suspects (1995)\The Usual Suspects (1995) [Bluray-1080p] {imdb-tt0114814}.mp4,,,movie,imdb://tt0114814,,unmatched,The Usual Suspects
no movie match,0,F:\MediaStack\data\media\movies\V for Vendetta (2006)\V for Vendetta (2006) [HDTV-1080p] {imdb-tt0434409}.mp4,,,movie,imdb://tt0434409,,unmatched,V for Vendetta
no movie match,0,F:\MediaStack\data\media\movies\Valentine's Day (2010)\Valentines Day (2010) [WEBDL-1080p] {imdb-tt0817230}.mkv,,,movie,imdb://tt0817230,,unmatched,Valentine's Day
no movie match,0,F:\MediaStack\data\media\movies\Valkyrie (2008)\Valkyrie (2008) [Bluray-1080p] {imdb-tt0985699}.mkv,,,movie,imdb://tt0985699,,unmatched,Valkyrie
no movie match,0,F:\MediaStack\data\media\movies\Vantage Point (2008)\Vantage Point (2008) [WEBDL-1080p] {imdb-tt0443274}.mkv,,,movie,imdb://tt0443274,,unmatched,Vantage Point
no movie match,0,F:\MediaStack\data\media\movies\Vertigo (1958)\Vertigo (1958) [Bluray-1080p] {imdb-tt0052357}.mkv,,,movie,imdb://tt0052357,,unmatched,Vertigo
no movie match,0,F:\MediaStack\data\media\movies\A Very Brady Sequel (1996)\A Very Brady Sequel (1996) [WEBDL-1080p] {imdb-tt0118073}.mkv,,,movie,imdb://tt0118073,,unmatched,A Very Brady Sequel
no movie match,0,F:\MediaStack\data\media\movies\Escape to Victory (1981)\Escape to Victory (1981) [Bluray-1080p] {imdb-tt0083284}.mp4,,,movie,imdb://tt0083284,,unmatched,Victory
no movie match,0,F:\MediaStack\data\media\movies\The Village (2004)\The Village (2004) [WEBDL-1080p] {imdb-tt0368447}.mkv,,,movie,imdb://tt0368447,,unmatched,The Village
no movie match,0,F:\MediaStack\data\media\movies\The Visit (2015)\The Visit (2015) [Bluray-1080p] {imdb-tt3567288}.mkv,,,movie,imdb://tt3567288,,unmatched,The Visit
no movie match,0,F:\MediaStack\data\media\movies\The Wages of Fear (1953)\The Wages of Fear (1953) [Bluray-720p] {imdb-tt0046268}.mkv,,,movie,imdb://tt0046268,,unmatched,The Wages of Fear
no movie match,0,F:\MediaStack\data\media\movies\Wait Until Dark (1967)\Wait Until Dark (1967) [Bluray-1080p] {imdb-tt0062467}.mp4,,,movie,imdb://tt0062467,,unmatched,Wait Until Dark
no movie match,0,F:\MediaStack\data\media\movies\The Walk (2015)\The Walk (2015) [Bluray-1080p] {imdb-tt3488710}.mkv,,,movie,imdb://tt3488710,,unmatched,The Walk
no movie match,0,F:\MediaStack\data\media\movies\Twins (1988)\Twins (1988) [Bluray-1080p] {imdb-tt0096320}.mkv,,,movie,imdb://tt0096320,,unmatched,Twins
no movie match,0,F:\MediaStack\data\media\movies\Twister (1996)\Twister (1996) [Bluray-1080p Proper] {imdb-tt0117998}.mkv,,,movie,imdb://tt0117998,,unmatched,Twister
no movie match,0,F:\MediaStack\data\media\movies\Twisters (2024)\Twisters (2024) [Bluray-1080p Proper] {imdb-tt12584954}.mkv,,,movie,imdb://tt12584954,,unmatched,Twisters
no movie match,0,F:\MediaStack\data\media\movies\Twitches (2005)\Twitches (2005) [WEBRip-720p] {imdb-tt0467421}.mp4,,,movie,imdb://tt0467421,,unmatched,Twitches
no movie match,0,F:\MediaStack\data\media\movies\Two Brothers (2004)\Two Brothers (2004) [Bluray-1080p] {imdb-tt0338512}.mkv,,,movie,imdb://tt0338512,,unmatched,Two Brothers
no movie match,0,F:\MediaStack\data\media\movies\Two Weeks Notice (2002)\Two Weeks Notice (2002) [Bluray-1080p] {imdb-tt0313737}.mp4,,,movie,imdb://tt0313737,,unmatched,Two Weeks Notice
no movie match,0,F:\MediaStack\data\media\movies\U.S. Marshals (1998)\U.S. Marshals (1998) [Bluray-1080p] {imdb-tt0120873}.mkv,,,movie,imdb://tt0120873,,unmatched,U.S. Marshals
no movie match,0,F:\MediaStack\data\media\movies\Ultraviolet (2006)\Ultraviolet (2006) [Bluray-1080p] {imdb-tt0370032}.mkv,,,movie,imdb://tt0370032,,unmatched,Ultraviolet
no movie match,0,F:\MediaStack\data\media\movies\Unbreakable (2000)\Unbreakable (2000) [WEBDL-1080p] {imdb-tt0217869}.mkv,,,movie,imdb://tt0217869,,unmatched,Unbreakable
no movie match,0,F:\MediaStack\data\media\movies\The Undefeated (1969)\The Undefeated (1969) [Bluray-1080p] {imdb-tt0065150}.mp4,,,movie,imdb://tt0065150,,unmatched,The Undefeated
no movie match,0,F:\MediaStack\data\media\movies\Under Fire (1983)\Under Fire (1983) [Bluray-1080p] {imdb-tt0086510}.mp4,,,movie,imdb://tt0086510,,unmatched,Under Fire
no movie match,0,F:\MediaStack\data\media\movies\Under the Boardwalk (2023)\Under the Boardwalk (2023) [WEBDL-1080p] {imdb-tt10551654}.mkv,,,movie,imdb://tt10551654,,unmatched,Under the Boardwalk
no movie match,0,F:\MediaStack\data\media\movies\Underdog (2007)\Underdog (2007) [Bluray-1080p] {imdb-tt0467110}.mp4,,,movie,imdb://tt0467110,,unmatched,Underdog
no movie match,0,F:\MediaStack\data\media\movies\Undisputed (2002)\Undisputed (2002) [Bluray-1080p] {imdb-tt0281322}.mkv,,,movie,imdb://tt0281322,,unmatched,Undisputed
no movie match,0,F:\MediaStack\data\media\movies\The Uninvited (2009)\The Uninvited (2009) [HDTV-720p] {imdb-tt0815245}.mp4,,,movie,imdb://tt0815245,,unmatched,The Uninvited
no movie match,0,F:\MediaStack\data\media\movies\Up (2009)\Up (2009) [Bluray-1080p] {imdb-tt1049413}.mkv,,,movie,imdb://tt1049413,,unmatched,Up
no movie match,0,F:\MediaStack\data\media\movies\Treasure Planet (2002)\Treasure Planet (2002) [Bluray-1080p] {imdb-tt0133240}.mkv,,,movie,imdb://tt0133240,,unmatched,Treasure Planet
no movie match,0,F:\MediaStack\data\media\movies\Tremors (1990)\Tremors (1990) [Bluray-1080p] {imdb-tt0100814}.mp4,,,movie,imdb://tt0100814,,unmatched,Tremors
no movie match,0,F:\MediaStack\data\media\movies\Tremors 2 - Aftershocks (1996)\Tremors 2 Aftershocks (1996) [Bluray-1080p] {imdb-tt0114720}.mp4,,,movie,imdb://tt0114720,,unmatched,Tremors II: Aftershocks
no movie match,0,F:\MediaStack\data\media\movies\Troll Hunter (2010)\Troll Hunter (2010) [Bluray-1080p] {imdb-tt1740707}.mkv,,,movie,imdb://tt1740707,,unmatched,Troll Hunter
no movie match,0,F:\MediaStack\data\media\movies\A Troll in Central Park (1994)\A Troll in Central Park (1994) [DVD] {imdb-tt0108395}.avi,,,movie,imdb://tt0108395,,unmatched,A Troll in Central Park
no movie match,0,F:\MediaStack\data\media\movies\Trolls Band Together (2023)\Trolls Band Together (2023) [Bluray-1080p] {imdb-tt14362112}.mkv,,,movie,imdb://tt14362112,,unmatched,Trolls Band Together
no movie match,0,F:\MediaStack\data\media\movies\Trolls Holiday in Harmony (2021)\Trolls Holiday in Harmony (2021) [WEBRip-1080p] {imdb-tt15720718}.mkv,,,movie,imdb://tt15720718,,unmatched,Trolls Holiday in Harmony
no movie match,0,F:\MediaStack\data\media\movies\Trolls World Tour (2020)\Trolls World Tour (2020) [Bluray-1080p] {imdb-tt6587640}.mkv,,,movie,imdb://tt6587640,,unmatched,Trolls World Tour
no movie match,0,F:\MediaStack\data\media\movies\Tron (1982)\Tron (1982) [Bluray-1080p] {imdb-tt0084827}.mkv,,,movie,imdb://tt0084827,,unmatched,Tron
no movie match,0,F:\MediaStack\data\media\movies\TRON - Ares (2025)\TRON Ares (2025) [Bluray-1080p] {imdb-tt6604188}.mkv,,,movie,imdb://tt6604188,,unmatched,Tron: Ares
no movie match,0,F:\MediaStack\data\media\movies\TRON - Legacy (2010)\TRON Legacy (2010) [Bluray-1080p Proper] {imdb-tt1104001}.mp4,,,movie,imdb://tt1104001,,unmatched,Tron: Legacy
no movie match,0,F:\MediaStack\data\media\movies\Trouble with the Curve (2012)\Trouble with the Curve (2012) [Bluray-1080p] {imdb-tt2083383}.mp4,,,movie,imdb://tt2083383,,unmatched,Trouble with the Curve
ambiguous movie title match,0,F:\MediaStack\data\media\movies\True Grit (1969)\True Grit (1969) [Bluray-1080p Proper] {imdb-tt0065126}.mkv,,,movie,imdb://tt0065126,,unmatched,True Grit
ambiguous movie title match,0,F:\MediaStack\data\media\movies\True Grit (2010)\True Grit (2010) [Bluray-1080p] {imdb-tt1403865}.mkv,,,movie,imdb://tt1403865,,unmatched,True Grit
no movie match,0,F:\MediaStack\data\media\movies\Tuck Everlasting (2002)\Tuck Everlasting (2002) [WEBDL-1080p] {imdb-tt0283084}.mkv,,,movie,imdb://tt0283084,,unmatched,Tuck Everlasting
no movie match,0,F:\MediaStack\data\media\movies\Turbo (2013)\Turbo (2013) [Bluray-1080p] {imdb-tt1860353}.mp4,,,movie,imdb://tt1860353,,unmatched,Turbo
no movie match,0,F:\MediaStack\data\media\movies\Turner & Hooch (1989)\Turner and Hooch (1989) [Bluray-1080p] {imdb-tt0098536}.mp4,,,movie,imdb://tt0098536,,unmatched,Turner & Hooch
no movie match,0,F:\MediaStack\data\media\movies\Turning Red (2022)\Turning Red (2022) [Bluray-1080p] {imdb-tt8097030}.mp4,,,movie,imdb://tt8097030,,unmatched,Turning Red
no movie match,0,F:\MediaStack\data\media\movies\The Tuxedo (2002)\The Tuxedo (2002) [WEBDL-720p] {imdb-tt0290095}.mkv,,,movie,imdb://tt0290095,,unmatched,The Tuxedo
no movie match,0,F:\MediaStack\data\media\movies\The Twilight Saga - Breaking Dawn - Part 2 (2012)\The Twilight Saga Breaking Dawn Part 2 (2012) [Bluray-1080p] {imdb-tt1673434}.mkv,,,movie,imdb://tt1673434,,unmatched,The Twilight Saga: Breaking Dawn - Part 2
no movie match,0,F:\MediaStack\data\media\movies\Tootsie (1982)\Tootsie (1982) [Bluray-1080p] {imdb-tt0084805}.mkv,,,movie,imdb://tt0084805,,unmatched,Tootsie
ambiguous movie title match,0,F:\MediaStack\data\media\movies\Total Recall (1990)\Total Recall (1990) [Bluray-1080p] {imdb-tt0100802}.mp4,,,movie,imdb://tt0100802,,unmatched,Total Recall
ambiguous movie title match,0,F:\MediaStack\data\media\movies\Total Recall (2012)\Total Recall (2012) [Bluray-1080p] {imdb-tt1386703}.Clean.mp4,,,movie,imdb://tt1386703,,unmatched,Total Recall
no movie match,0,F:\MediaStack\data\media\movies\The Town (2010)\The Town (2010) [Bluray-1080p] {imdb-tt0840361}.mkv,,,movie,imdb://tt0840361,,unmatched,The Town
no movie match,0,F:\MediaStack\data\media\movies\Toy Story (1995)\Toy Story (1995) [Bluray-1080p] {imdb-tt0114709}.mkv,,,movie,imdb://tt0114709,,unmatched,Toy Story
no movie match,0,F:\MediaStack\data\media\movies\Toy Story 2 (1999)\Toy Story 2 (1999) [Bluray-1080p Proper] {imdb-tt0120363}.mkv,,,movie,imdb://tt0120363,,unmatched,Toy Story 2
no movie match,0,F:\MediaStack\data\media\movies\Toy Story 3 (2010)\Toy Story 3 (2010) [Bluray-1080p] {imdb-tt0435761}.mkv,,,movie,imdb://tt0435761,,unmatched,Toy Story 3
no movie match,0,F:\MediaStack\data\media\movies\Toy Story 4 (2019)\Toy Story 4 (2019) [Bluray-1080p] {imdb-tt1979376}.mkv,,,movie,imdb://tt1979376,,unmatched,Toy Story 4
no movie match,0,F:\MediaStack\data\media\movies\Toy Story at 20 - To Infinity and Beyond (2015)\Toy Story at 20 To Infinity and Beyond (2015) [Bluray-1080p Proper] {imdb-tt5325248}.mp4,,,movie,imdb://tt5325248,,unmatched,Toy Story at 20: To Infinity and Beyond
no movie match,0,F:\MediaStack\data\media\movies\Toy Story That Time Forgot (2014)\Toy Story That Time Forgot (2014) [Bluray-1080p] {imdb-tt3473654}.mkv,,,movie,imdb://tt3473654,,unmatched,Toy Story That Time Forgot
no movie match,0,F:\MediaStack\data\media\movies\The Trail Beyond (1934)\The Trail Beyond (1934) [WEBDL-480p] {imdb-tt0025903}.mkv,,,movie,imdb://tt0025903,,unmatched,The Trail Beyond
no movie match,0,F:\MediaStack\data\media\movies\The Transporter (2002)\The Transporter (2002) [Bluray-1080p] {imdb-tt0293662}.mp4,,,movie,imdb://tt0293662,,unmatched,The Transporter
no movie match,0,F:\MediaStack\data\media\movies\Transporter 2 (2005)\Transporter 2 (2005) [Bluray-1080p] {imdb-tt0388482}.mp4,,,movie,imdb://tt0388482,,unmatched,Transporter 2
no movie match,0,F:\MediaStack\data\media\movies\Transporter 3 (2008)\Transporter 3 (2008) [Bluray-1080p] {imdb-tt1129442}.mkv,,,movie,imdb://tt1129442,,unmatched,Transporter 3
no movie match,0,F:\MediaStack\data\media\movies\Trap (2024)\Trap (2024) [Bluray-1080p] {imdb-tt26753003}.mkv,,,movie,imdb://tt26753003,,unmatched,Trap
no movie match,0,F:\MediaStack\data\media\movies\The Treasure of the Sierra Madre (1948)\The Treasure of the Sierra Madre (1948) [Bluray-1080p Proper] {imdb-tt0040897}.mkv,,,movie,imdb://tt0040897,,unmatched,The Treasure of the Sierra Madre
no movie match,0,"F:\MediaStack\data\media\movies\Three Billboards Outside Ebbing, Missouri (2017)\Three Billboards Outside Ebbing Missouri (2017) [Bluray-1080p] {imdb-tt5027774}.mkv",,,movie,imdb://tt5027774,,unmatched,"Three Billboards Outside Ebbing, Missouri"
no movie match,0,F:\MediaStack\data\media\movies\3 Men and a Baby (1987)\3 Men and a Baby (1987) [WEBDL-1080p] {imdb-tt0094137}.mkv,,,movie,imdb://tt0094137,,unmatched,Three Men and a Baby
no movie match,0,F:\MediaStack\data\media\movies\The Three Musketeers (1993)\The Three Musketeers (1993) [Bluray-1080p] {imdb-tt0108333}.mp4,,,movie,imdb://tt0108333,,unmatched,The Three Musketeers
no movie match,0,F:\MediaStack\data\media\movies\Thumbelina (1994)\Thumbelina (1994) [Bluray-1080p] {imdb-tt0111419}.mkv,,,movie,imdb://tt0111419,,unmatched,Thumbelina
no movie match,0,F:\MediaStack\data\media\movies\Thunder Bay (1953)\Thunder Bay (1953) [WEBDL-480p] {imdb-tt0046425}.mkv,,,movie,imdb://tt0046425,,unmatched,Thunder Bay
no movie match,0,F:\MediaStack\data\media\movies\Thunderbolts- (2025)\Thunderbolts- (2025) [Bluray-1080p] {imdb-tt20969586}.mkv,,,movie,imdb://tt20969586,,unmatched,Thunderbolts*
no movie match,0,F:\MediaStack\data\media\movies\The Time Machine (2002)\The Time Machine (2002) [Bluray-1080p] {imdb-tt0268695}.mkv,,,movie,imdb://tt0268695,,unmatched,The Time Machine
no movie match,0,F:\MediaStack\data\media\movies\A Time to Kill (1996)\A Time to Kill (1996) [Bluray-1080p] {imdb-tt0117913}.mkv,,,movie,imdb://tt0117913,,unmatched,A Time to Kill
no movie match,0,F:\MediaStack\data\media\movies\The Time Traveler's Wife (2009)\The Time Travelers Wife (2009) [Bluray-1080p] {imdb-tt0452694}.mkv,,,movie,imdb://tt0452694,,unmatched,The Time Traveler's Wife
no movie match,0,F:\MediaStack\data\media\movies\Tinker Bell (2008)\Tinker Bell (2008) [Bluray-1080p] {imdb-tt0823671}.mkv,,,movie,imdb://tt0823671,,unmatched,Tinker Bell
no movie match,0,F:\MediaStack\data\media\movies\Tinker Bell and the Lost Treasure (2009)\Tinker Bell and the Lost Treasure (2009) [Bluray-1080p] {imdb-tt1216516}.mkv,,,movie,imdb://tt1216516,,unmatched,Tinker Bell and the Lost Treasure
no movie match,0,F:\MediaStack\data\media\movies\Titan A.E. (2000)\Titan A.E. (2000) [WEBRip-720p] {imdb-tt0120913}.mp4,,,movie,imdb://tt0120913,,unmatched,Titan A.E.
no movie match,0,F:\MediaStack\data\media\movies\Titanic (1997)\Titanic (1997) [Bluray-1080P Proper] {Imdb-Tt0120338}.Clean.mp4,,,movie,local://25178,,unmatched,Titanic
no movie match,0,F:\MediaStack\data\media\movies\To Be or Not to Be (1942)\To Be or Not to Be (1942) [Bluray-1080p] {imdb-tt0035446}.mkv,,,movie,imdb://tt0035446,,unmatched,To Be or Not to Be
no movie match,0,F:\MediaStack\data\media\movies\To Catch a Thief (1955)\To Catch a Thief (1955) [Bluray-1080p] {imdb-tt0048728}.mkv,,,movie,imdb://tt0048728,,unmatched,To Catch a Thief
no movie match,0,F:\MediaStack\data\media\movies\Togo (2019)\Togo (2019) [WEBRip-1080p] {imdb-tt5116302}.mp4,,,movie,imdb://tt5116302,,unmatched,Togo
no movie match,0,F:\MediaStack\data\media\movies\Tom and Huck (1995)\Tom and Huck (1995) [Bluray-720p] {imdb-tt0112302}.mp4,,,movie,imdb://tt0112302,,unmatched,Tom and Huck
no movie match,0,F:\MediaStack\data\media\movies\Tomb Raider (2018)\Tomb Raider (2018) [Bluray-1080p] {imdb-tt1365519}.mp4,,,movie,imdb://tt1365519,,unmatched,Tomb Raider
no movie match,0,F:\MediaStack\data\media\movies\Tomorrowland (2015)\Tomorrowland (2015) [Bluray-1080p] {imdb-tt1964418}.mp4,,,movie,imdb://tt1964418,,unmatched,Tomorrowland
no movie match,0,F:\MediaStack\data\media\movies\The Ten Commandments (1923)\The Ten Commandments (1923) [Bluray-1080p] {imdb-tt0014532}.mkv,,,movie,imdb://tt0014532,,unmatched,The Ten Commandments
no movie match,0,F:\MediaStack\data\media\movies\The Ten Commandments (1956)\The Ten Commandments (1956) [Bluray-1080p] {imdb-tt0049833}.mkv,,,movie,imdb://tt0049833,,unmatched,The Ten Commandments
no movie match,0,F:\MediaStack\data\media\movies\Tenet (2020)\Tenet (2020) [Bluray-1080p] {imdb-tt6723592}.mp4,,,movie,imdb://tt6723592,,unmatched,Tenet
no movie match,0,F:\MediaStack\data\media\movies\Terminator 2 - Judgment Day (1991)\Terminator 2 Judgment Day (1991) [Bluray-1080p] {imdb-tt0103064}.mkv,,,movie,imdb://tt0103064,,unmatched,Terminator 2: Judgment Day
no movie match,0,F:\MediaStack\data\media\movies\Terminator 3 - Rise of the Machines (2003)\Terminator 3 Rise of the Machines (2003) [Bluray-1080p] {imdb-tt0181852}.mkv,,,movie,imdb://tt0181852,,unmatched,Terminator 3: Rise of the Machines
no movie match,0,F:\MediaStack\data\media\movies\Terminator Salvation (2009)\Terminator Salvation (2009) [Bluray-1080p] {imdb-tt0438488}.mp4,,,movie,imdb://tt0438488,,unmatched,Terminator Salvation
no movie match,0,F:\MediaStack\data\media\movies\Terminator - Dark Fate (2019)\Terminator Dark Fate (2019) [Bluray-1080p] {imdb-tt6450804}.mkv,,,movie,imdb://tt6450804,,unmatched,Terminator: Dark Fate
no movie match,0,F:\MediaStack\data\media\movies\The Testaments of One Fold and One Shepherd (2000)\The Testaments of One Fold and One Shepherd (2000) [WEBDL-480p] {imdb-tt0258247}.mkv,,,movie,imdb://tt0258247,,unmatched,The Testaments of One Fold and One Shepherd
no movie match,0,F:\MediaStack\data\media\movies\Texas Terror (1935)\Texas Terror (1935) [WEBDL-480p] {imdb-tt0027087}.mkv,,,movie,imdb://tt0027087,,unmatched,Texas Terror
no movie match,0,F:\MediaStack\data\media\movies\That Darn Cat (1997)\That Darn Cat (1997) [WEBDL-1080p] {imdb-tt0120317}.mkv,,,movie,imdb://tt0120317,,unmatched,That Darn Cat
no movie match,0,F:\MediaStack\data\media\movies\That Darn Cat! (1965)\That Darn Cat! (1965) [WEBDL-1080p] {imdb-tt0059793}.mkv,,,movie,imdb://tt0059793,,unmatched,That Darn Cat!
no movie match,0,F:\MediaStack\data\media\movies\That Thing You Do! (1996)\That Thing You Do! (1996) [Bluray-720p] {imdb-tt0117887}.mp4,,,movie,imdb://tt0117887,,unmatched,That Thing You Do!
no movie match,0,F:\MediaStack\data\media\movies\That's My Boy (2012)\Thats My Boy (2012) [Bluray-1080p] {imdb-tt1232200}.mp4,,,movie,imdb://tt1232200,,unmatched,That's My Boy
no movie match,0,F:\MediaStack\data\media\movies\The Theory of Everything (2014)\The Theory of Everything (2014) [Bluray-1080p] {imdb-tt2980516}.mkv,,,movie,imdb://tt2980516,,unmatched,The Theory of Everything
no movie match,0,F:\MediaStack\data\media\movies\The Thief and the Cobbler (1993)\The Thief and the Cobbler (1993) [WEBRip-1080p] {imdb-tt0112389}.mp4,,,movie,imdb://tt0112389,,unmatched,The Thief and the Cobbler
no movie match,0,F:\MediaStack\data\media\movies\The Thin Red Line (1998)\The Thin Red Line (1998) [Bluray-1080p] {imdb-tt0120863}.mkv,,,movie,imdb://tt0120863,,unmatched,The Thin Red Line
ambiguous movie title match,0,F:\MediaStack\data\media\movies\The Thing (1982)\The Thing (1982) [Bluray-1080p] {imdb-tt0084787}.mkv,,,movie,imdb://tt0084787,,unmatched,The Thing
no movie match,0,F:\MediaStack\data\media\movies\The Third Man (1949)\The Third Man (1949) [Bluray-1080p] {imdb-tt0041959}.mkv,,,movie,imdb://tt0041959,,unmatched,The Third Man
no movie match,0,F:\MediaStack\data\media\movies\Thirteen Days (2000)\Thirteen Days (2000) [Bluray-1080p] {imdb-tt0146309}.mkv,,,movie,imdb://tt0146309,,unmatched,Thirteen Days
no movie match,0,F:\MediaStack\data\media\movies\The Thirteenth Year (1999)\The Thirteenth Year (1999) [WEBRip-720p] {imdb-tt0200208}.mp4,,,movie,imdb://tt0200208,,unmatched,The Thirteenth Year
no movie match,0,F:\MediaStack\data\media\movies\This Is It (2009)\This Is It (2009) [Bluray-1080p] {imdb-tt1477715}.mp4,,,movie,imdb://tt1477715,,unmatched,This Is It
no movie match,0,F:\MediaStack\data\media\movies\Thor (2011)\Thor (2011) [Bluray-1080p] {imdb-tt0800369}.mp4,,,movie,imdb://tt0800369,,unmatched,Thor
no movie match,0,F:\MediaStack\data\media\movies\Thor - Love and Thunder (2022)\Thor Love and Thunder (2022) [Bluray-1080p] {imdb-tt10648342}.mp4,,,movie,imdb://tt10648342,,unmatched,Thor: Love and Thunder
no movie match,0,F:\MediaStack\data\media\movies\Thor - Ragnarok (2017)\Thor Ragnarok (2017) [Bluray-1080p] {imdb-tt3501632}.mkv,,,movie,imdb://tt3501632,,unmatched,Thor: Ragnarok
no movie match,0,F:\MediaStack\data\media\movies\Thor - The Dark World (2013)\Thor The Dark World (2013) [Bluray-1080p Proper] {imdb-tt1981115}.mkv,,,movie,imdb://tt1981115,,unmatched,Thor: The Dark World
no movie match,0,F:\MediaStack\data\media\movies\¡Three Amigos! (1986)\¡Three Amigos! (1986) [Bluray-1080p] {imdb-tt0092086}.mp4,,,movie,imdb://tt0092086,,unmatched,Three Amigos!
no movie match,0,F:\MediaStack\data\media\movies\Sweet Home Alabama (2002)\Sweet Home Alabama (2002) [Bluray-1080p] {imdb-tt0256415}.mkv,,,movie,imdb://tt0256415,,unmatched,Sweet Home Alabama
no movie match,0,F:\MediaStack\data\media\movies\Swing Parade of 1946 (1946)\Swing Parade of 1946 (1946) [Unknown] {imdb-tt0039003}.mkv,,,movie,imdb://tt0039003,,unmatched,Swing Parade of 1946
no movie match,0,F:\MediaStack\data\media\movies\Swiss Army Man (2016)\Swiss Army Man (2016) [Bluray-1080p] {imdb-tt4034354}.mkv,,,movie,imdb://tt4034354,,unmatched,Swiss Army Man
no movie match,0,F:\MediaStack\data\media\movies\Swiss Family Robinson (1960)\Swiss Family Robinson (1960) [Bluray-1080p] {imdb-tt0054357}.mp4,,,movie,imdb://tt0054357,,unmatched,Swiss Family Robinson
no movie match,0,F:\MediaStack\data\media\movies\The Sword in the Stone (1963)\The Sword in the Stone (1963) [Bluray-1080p] {imdb-tt0057546}.mp4,,,movie,imdb://tt0057546,,unmatched,The Sword in the Stone
no movie match,0,F:\MediaStack\data\media\movies\Take the Lead (2006)\Take the Lead (2006) [WEBRip-1080p] {imdb-tt0446046}.mp4,,,movie,imdb://tt0446046,,unmatched,Take the Lead
no movie match,0,F:\MediaStack\data\media\movies\Taken (2008)\Taken (2008) [Bluray-1080p] {imdb-tt0936501}.mp4,,,movie,imdb://tt0936501,,unmatched,Taken
no movie match,0,F:\MediaStack\data\media\movies\Taken 2 (2012)\Taken 2 (2012) [Bluray-1080p] {imdb-tt1397280}.mp4,,,movie,imdb://tt1397280,,unmatched,Taken 2
no movie match,0,F:\MediaStack\data\media\movies\Taken 3 (2014)\Taken 3 (2014) [Bluray-1080p] {imdb-tt2446042}.mkv,,,movie,imdb://tt2446042,,unmatched,Taken 3
no movie match,0,F:\MediaStack\data\media\movies\The Taking of Pelham 1 2 3 (2009)\The Taking of Pelham 1 2 3 (2009) [Bluray-1080p] {imdb-tt1111422}.mp4,,,movie,imdb://tt1111422,,unmatched,The Taking of Pelham 123
no movie match,0,F:\MediaStack\data\media\movies\The Tale of Despereaux (2008)\The Tale of Despereaux (2008) [Bluray-1080p] {imdb-tt0420238}.mp4,,,movie,imdb://tt0420238,,unmatched,The Tale of Despereaux
no movie match,0,F:\MediaStack\data\media\movies\The Tale of The Princess Kaguya (2013)\The Tale of The Princess Kaguya (2013) [Bluray-1080p] {imdb-tt2576852}.mkv,,,movie,imdb://tt2576852,,unmatched,The Tale of The Princess Kaguya
no movie match,0,F:\MediaStack\data\media\movies\The Talented Mr. Ripley (1999)\The Talented Mr. Ripley (1999) [Bluray-1080p] {imdb-tt0134119}.mkv,,,movie,imdb://tt0134119,,unmatched,The Talented Mr. Ripley
no movie match,0,F:\MediaStack\data\media\movies\Tales from Earthsea (2006)\Tales from Earthsea (2006) [Bluray-1080p] {imdb-tt0495596}.mkv,,,movie,imdb://tt0495596,,unmatched,Tales from Earthsea
no movie match,0,F:\MediaStack\data\media\movies\The Taming of the Shrew (1967)\The Taming of the Shrew (1967) [Bluray-1080p] {imdb-tt0061407}.mp4,,,movie,imdb://tt0061407,,unmatched,The Taming of The Shrew
no movie match,0,F:\MediaStack\data\media\movies\Tangled (2010)\Tangled (2010) [Bluray-1080p] {imdb-tt0398286}.mkv,,,movie,imdb://tt0398286,,unmatched,Tangled
no movie match,0,F:\MediaStack\data\media\movies\Teen Wolf (1985)\Teen Wolf (1985) [Bluray-1080p] {imdb-tt0090142}.mkv,,,movie,imdb://tt0090142,,unmatched,Teen Wolf
no movie match,0,F:\MediaStack\data\media\movies\Strange World (2022)\Strange World (2022) [Bluray-1080p] {imdb-tt10298840}.mp4,,,movie,imdb://tt10298840,,unmatched,Strange World
no movie match,0,F:\MediaStack\data\media\movies\Strangers on a Train (1951)\Strangers on a Train (1951) [Bluray-1080p] {imdb-tt0044079}.mkv,,,movie,imdb://tt0044079,,unmatched,Strangers on a Train
no movie match,0,F:\MediaStack\data\media\movies\A Streetcar Named Desire (1951)\A Streetcar Named Desire (1951) [Bluray-1080p] {imdb-tt0044081}.mp4,,,movie,imdb://tt0044081,,unmatched,A Streetcar Named Desire
no movie match,0,F:\MediaStack\data\media\movies\Strictly Ballroom (1992)\Strictly Ballroom (1992) [Bluray-1080p] {imdb-tt0105488}.mkv,,,movie,imdb://tt0105488,,unmatched,Strictly Ballroom
no movie match,0,F:\MediaStack\data\media\movies\Stuart Little 2 (2002)\Stuart Little 2 (2002) [WEBDL-1080p] {imdb-tt0243585}.mkv,,,movie,imdb://tt0243585,,unmatched,Stuart Little 2
no movie match,0,F:\MediaStack\data\media\movies\Suburbicon (2017)\Suburbicon (2017) [Bluray-1080p] {imdb-tt0491175}.mkv,,,movie,imdb://tt0491175,,unmatched,Suburbicon
no movie match,0,"F:\MediaStack\data\media\movies\Suddenly, Last Summer (1959)\Suddenly Last Summer (1959) [Bluray-1080p] {imdb-tt0053318}.mkv",,,movie,imdb://tt0053318,,unmatched,"Suddenly, Last Summer"
no movie match,0,F:\MediaStack\data\media\movies\Suicide Squad (2016)\Suicide Squad (2016) [Bluray-1080p] {imdb-tt1386697}.mkv,,,movie,imdb://tt1386697,,unmatched,Suicide Squad
no movie match,0,F:\MediaStack\data\media\movies\The Suicide Squad (2021)\The Suicide Squad (2021) [Bluray-1080p Proper] {imdb-tt6334354}.mkv,,,movie,imdb://tt6334354,,unmatched,The Suicide Squad
no movie match,0,F:\MediaStack\data\media\movies\Sully (2016)\Sully (2016) [Bluray-1080p] {imdb-tt3263904}.mkv,,,movie,imdb://tt3263904,,unmatched,Sully
no movie match,0,F:\MediaStack\data\media\movies\Sunset Boulevard (1950)\Sunset Boulevard (1950) [Bluray-1080p] {imdb-tt0043014}.mp4,,,movie,imdb://tt0043014,,unmatched,Sunset Boulevard
no movie match,0,F:\MediaStack\data\media\movies\Superintelligence (2020)\Superintelligence (2020) [WEBRip-1080p] {imdb-tt7178640}.mp4,,,movie,imdb://tt7178640,,unmatched,Superintelligence
no movie match,0,F:\MediaStack\data\media\movies\Superman (2025)\Superman (2025) [Bluray-1080p] {imdb-tt5950044}.mp4,,,movie,imdb://tt5950044,,unmatched,Superman
no movie match,0,F:\MediaStack\data\media\movies\Superman Returns (2006)\Superman Returns (2006) [Bluray-1080p] {imdb-tt0348150}.mkv,,,movie,imdb://tt0348150,,unmatched,Superman Returns
no movie match,0,F:\MediaStack\data\media\movies\Surf's Up (2007)\Surfs Up (2007) [Bluray-1080p] {imdb-tt0423294}.mkv,,,movie,imdb://tt0423294,,unmatched,Surf's Up
no movie match,0,F:\MediaStack\data\media\movies\Surf's Up 2 - WaveMania (2017)\Surfs Up 2 WaveMania (2017) [WEBDL-1080p] {imdb-tt5513260}.mkv,,,movie,imdb://tt5513260,,unmatched,Surf's Up 2: WaveMania
no movie match,0,F:\MediaStack\data\media\movies\Surrogates (2009)\Surrogates (2009) [Bluray-1080p] {imdb-tt0986263}.mkv,,,movie,imdb://tt0986263,,unmatched,Surrogates
no movie match,0,F:\MediaStack\data\media\movies\Susie Q (1996)\Susie Q (1996) [Bluray-1080p] {imdb-tt0117794}.mp4,,,movie,imdb://tt0117794,,unmatched,Susie Q
no movie match,0,F:\MediaStack\data\media\movies\Suzume (2022)\Suzume (2022) [Bluray-1080p] {imdb-tt16428256}.mkv,,,movie,imdb://tt16428256,,unmatched,Suzume
no movie match,0,F:\MediaStack\data\media\movies\The Swan Princess (1994)\The Swan Princess (1994) [Bluray-1080p] {imdb-tt0111333}.mp4,,,movie,imdb://tt0111333,,unmatched,The Swan Princess
no movie match,0,F:\MediaStack\data\media\movies\Sweeney Todd - The Demon Barber of Fleet Street (2007)\Sweeney Todd The Demon Barber of Fleet Street (2007) [Bluray-1080p Proper] {imdb-tt0408236}.mkv,,,movie,imdb://tt0408236,,unmatched,Sweeney Todd: The Demon Barber of Fleet Street
no movie match,0,F:\MediaStack\data\media\movies\Star Wars - Episode I - The Phantom Menace (1999)\Star Wars Episode I The Phantom Menace (1999) [Bluray-1080p] {imdb-tt0120915}.mp4,,,movie,imdb://tt0120915,,unmatched,Star Wars: Episode I - The Phantom Menace
no movie match,0,F:\MediaStack\data\media\movies\Star Wars - Episode II - Attack of the Clones (2002)\Star Wars Episode II Attack of the Clones (2002) [Bluray-1080p] {imdb-tt0121765}.mkv,,,movie,imdb://tt0121765,,unmatched,Star Wars: Episode II - Attack of the Clones
no movie match,0,F:\MediaStack\data\media\movies\Star Wars - Episode III - Revenge of the Sith (2005)\Star Wars Episode III Revenge of the Sith (2005) [Bluray-1080p] {imdb-tt0121766}.mkv,,,movie,imdb://tt0121766,,unmatched,Star Wars: Episode III - Revenge of the Sith
no movie match,0,F:\MediaStack\data\media\movies\Star Wars (1977)\Star Wars (1977) [Bluray-1080p Proper] {imdb-tt0076759}.mkv,,,movie,imdb://tt0076759,,unmatched,Star Wars: Episode IV - A New Hope
no movie match,0,F:\MediaStack\data\media\movies\The Empire Strikes Back (1980)\The Empire Strikes Back (1980) [Bluray-1080p] {imdb-tt0080684}.mkv,,,movie,imdb://tt0080684,,unmatched,Star Wars: Episode V - The Empire Strikes Back
no movie match,0,F:\MediaStack\data\media\movies\Return of the Jedi (1983)\Return of the Jedi (1983) [Bluray-1080p] {imdb-tt0086190}.mp4,,,movie,imdb://tt0086190,,unmatched,Star Wars: Episode VI - Return of the Jedi
no movie match,0,F:\MediaStack\data\media\movies\Star Wars - The Last Jedi (2017)\Star Wars The Last Jedi (2017) [Bluray-1080p] {imdb-tt2527336}.mp4,,,movie,imdb://tt2527336,,unmatched,Star Wars: Episode VIII - The Last Jedi
no movie match,0,F:\MediaStack\data\media\movies\Star Wars - The Force Awakens (2015)\Star Wars The Force Awakens (2015) [Bluray-1080p] {imdb-tt2488496}.mkv,,,movie,imdb://tt29895037,,unmatched,Star Wars: The Force Awakens
no movie match,0,F:\MediaStack\data\media\movies\Star Wars - The Rise of Skywalker (2019)\Star Wars The Rise of Skywalker (2019) [Bluray-1080p Proper] {imdb-tt2527338}.mp4,,,movie,imdb://tt2527338,,unmatched,Star Wars: The Rise Of Skywalker
no movie match,0,F:\MediaStack\data\media\movies\Stardust (2007)\Stardust (2007) [Bluray-1080p] {imdb-tt0486655}.mkv,,,movie,imdb://tt0486655,,unmatched,Stardust
no movie match,0,F:\MediaStack\data\media\movies\Stargirl (2020)\Stargirl (2020) [WEBDL-2160p] {imdb-tt4858674}.mkv,,,movie,imdb://tt4858674,,unmatched,Stargirl
no movie match,0,F:\MediaStack\data\media\movies\Starman (1984)\Starman (1984) [Bluray-1080p] {imdb-tt0088172}.mkv,,,movie,imdb://tt0088172,,unmatched,Starman
no movie match,0,F:\MediaStack\data\media\movies\Starship Troopers (1997)\Starship Troopers (1997) [Bluray-1080p] {imdb-tt0120201}.mkv,,,movie,imdb://tt0120201,,unmatched,Starship Troopers
no movie match,0,F:\MediaStack\data\media\movies\Starsky & Hutch (2004)\Starsky and Hutch (2004) [Bluray-1080p] {imdb-tt0335438}.mkv,,,movie,imdb://tt0335438,,unmatched,Starsky & Hutch
no movie match,0,F:\MediaStack\data\media\movies\State of Grace (1990)\State of Grace (1990) [Bluray-1080p] {imdb-tt0100685}.mkv,,,movie,imdb://tt0100685,,unmatched,State of Grace
no movie match,0,F:\MediaStack\data\media\movies\Step Up (2006)\Step Up (2006) [Bluray-1080p] {imdb-tt0462590}.mkv,,,movie,imdb://tt0462590,,unmatched,Step Up
no movie match,0,F:\MediaStack\data\media\movies\Step Up 2 - The Streets (2008)\Step Up 2 The Streets (2008) [Bluray-1080p Proper] {imdb-tt1023481}.mkv,,,movie,imdb://tt1023481,,unmatched,Step Up 2 the Streets
no movie match,0,F:\MediaStack\data\media\movies\Step Up 3D (2010)\Step Up 3D (2010) [Bluray-1080p] {imdb-tt1193631}.mkv,,,movie,imdb://tt1193631,,unmatched,Step Up 3D
no movie match,0,F:\MediaStack\data\media\movies\Step Up Revolution (2012)\Step Up Revolution (2012) [Bluray-1080p] {imdb-tt1800741}.mkv,,,movie,imdb://tt1800741,,unmatched,Step Up: Revolution
no movie match,0,F:\MediaStack\data\media\movies\Stepmom (1998)\Stepmom (1998) [Bluray-1080p] {imdb-tt0120686}.mp4,,,movie,imdb://tt0120686,,unmatched,Stepmom
no movie match,0,F:\MediaStack\data\media\movies\Stick It (2006)\Stick It (2006) [WEBRip-1080p] {imdb-tt0430634}.mp4,,,movie,imdb://tt0430634,,unmatched,Stick It
no movie match,0,F:\MediaStack\data\media\movies\Storks (2016)\Storks (2016) [Bluray-1080p] {imdb-tt4624424}.mkv,,,movie,imdb://tt4624424,,unmatched,Storks
no movie match,0,F:\MediaStack\data\media\movies\Strange Magic (2015)\Strange Magic (2015) [WEBDL-1080p] {imdb-tt4191054}.mkv,,,movie,imdb://tt4191054,,unmatched,Strange Magic
no movie match,0,F:\MediaStack\data\media\movies\Spirited Away (2001)\Spirited Away (2001) [Bluray-1080p Proper] {imdb-tt0245429}.mkv,,,movie,imdb://tt0245429,,unmatched,Spirited Away
no movie match,0,F:\MediaStack\data\media\movies\Splash (1984)\Splash (1984) [Bluray-1080p] {imdb-tt0088161}.Clean.mp4,,,movie,imdb://tt0088161,,unmatched,Splash
no movie match,0,F:\MediaStack\data\media\movies\Split (2017)\Split (2017) [HDTV-1080p] {imdb-tt4972582}.mp4,,,movie,imdb://tt4972582,,unmatched,Split
no movie match,0,F:\MediaStack\data\media\movies\The SpongeBob Movie - Sponge on the Run (2020)\The SpongeBob Movie Sponge on the Run (2020) [Bluray-1080p] {imdb-tt4823776}.mkv,,,movie,imdb://tt4823776,,unmatched,The SpongeBob Movie: Sponge on the Run
no movie match,0,F:\MediaStack\data\media\movies\The SpongeBob SquarePants Movie (2004)\The SpongeBob SquarePants Movie (2004) [Bluray-1080p] {imdb-tt0345950}.mkv,,,movie,imdb://tt0345950,,unmatched,The SpongeBob SquarePants Movie
no movie match,0,F:\MediaStack\data\media\movies\Spy Kids (2001)\Spy Kids (2001) [Bluray-1080p] {imdb-tt0227538}.mkv,,,movie,imdb://tt0227538,,unmatched,Spy Kids
no movie match,0,F:\MediaStack\data\media\movies\Spy Kids 2 - The Island of Lost Dreams (2002)\Spy Kids 2 The Island of Lost Dreams (2002) [Bluray-1080p] {imdb-tt0287717}.mkv,,,movie,imdb://tt0287717,,unmatched,Spy Kids 2: Island of Lost Dreams
no movie match,0,F:\MediaStack\data\media\movies\Spy Kids 3-D - Game Over (2003)\Spy Kids 3-D Game Over (2003) [Bluray-1080p] {imdb-tt0338459}.mp4,,,movie,imdb://tt0338459,,unmatched,Spy Kids 3: Game Over
no movie match,0,F:\MediaStack\data\media\movies\The Spy Next Door (2010)\The Spy Next Door (2010) [Bluray-1080p] {imdb-tt1273678}.mp4,,,movie,imdb://tt1273678,,unmatched,The Spy Next Door
no movie match,0,F:\MediaStack\data\media\movies\St. Elmo's Fire (1985)\St. Elmos Fire (1985) [Bluray-1080p] {imdb-tt0090060}.mkv,,,movie,imdb://tt0090060,,unmatched,St. Elmo's Fire
no movie match,0,F:\MediaStack\data\media\movies\Stagecoach (1939)\Stagecoach (1939) [Bluray-1080p] {imdb-tt0031971}.mp4,,,movie,imdb://tt0031971,,unmatched,Stagecoach
no movie match,0,F:\MediaStack\data\media\movies\The Star (2017)\The Star (2017) [Bluray-1080p] {imdb-tt4587656}.mkv,,,movie,imdb://tt4587656,,unmatched,The Star
no movie match,0,F:\MediaStack\data\media\movies\The Star Packer (1934)\The Star Packer (1934) [WEBDL-480p] {imdb-tt0025830}.mkv,,,movie,imdb://tt0025830,,unmatched,The Star Packer
no movie match,0,F:\MediaStack\data\media\movies\Star Trek - Insurrection (1998)\Star Trek Insurrection (1998) [Bluray-1080p] {imdb-tt0120844}.mkv,,,movie,imdb://tt0120844,,unmatched,Star Trek: Insurrection
no movie match,0,F:\MediaStack\data\media\movies\Star Trek - The Motion Picture (1979)\Star Trek The Motion Picture (1979) [Bluray-1080p] {imdb-tt0079945}.mkv,,,movie,imdb://tt0079945,,unmatched,Star Trek: The Motion Picture
no movie match,0,F:\MediaStack\data\media\movies\Space Jam (1996)\Space Jam (1996) [Bluray-1080p] {imdb-tt0117705}.mkv,,,movie,imdb://tt0117705,,unmatched,Space Jam
no movie match,0,F:\MediaStack\data\media\movies\Space Jam - A New Legacy (2021)\Space Jam A New Legacy (2021) [Bluray-1080p] {imdb-tt3554046}.mp4,,,movie,imdb://tt3554046,,unmatched,Space Jam: A New Legacy
no movie match,0,F:\MediaStack\data\media\movies\Species (1995)\Species (1995) [Bluray-1080p] {imdb-tt0114508}.mkv,,,movie,imdb://tt0114508,,unmatched,Species
no movie match,0,F:\MediaStack\data\media\movies\Species II (1998)\Species II (1998) [Bluray-1080p] {imdb-tt0120841}.mkv,,,movie,imdb://tt0120841,,unmatched,Species II
no movie match,0,F:\MediaStack\data\media\movies\Speed (1994)\Speed (1994) [Bluray-1080p] {imdb-tt0111257}.mp4,,,movie,imdb://tt0111257,,unmatched,Speed
no movie match,0,F:\MediaStack\data\media\movies\Speed Racer (2008)\Speed Racer (2008) [Bluray-1080p] {imdb-tt0811080}.mkv,,,movie,imdb://tt0811080,,unmatched,Speed Racer
no movie match,0,F:\MediaStack\data\media\movies\Spider-Man - Homecoming (2017)\Spider-Man Homecoming (2017) [Bluray-1080p] {imdb-tt2250912}.mkv,,,movie,imdb://tt2250912,,unmatched,Spider-Man: Homecoming
no movie match,0,F:\MediaStack\data\media\movies\Spies in Disguise (2019)\Spies in Disguise (2019) [Bluray-1080p Proper] {imdb-tt5814534}.mkv,,,movie,imdb://tt5814534,,unmatched,Spies in Disguise
no movie match,0,F:\MediaStack\data\media\movies\Spirit Untamed (2021)\Spirit Untamed (2021) [Bluray-1080p] {imdb-tt11084896}.mkv,,,movie,imdb://tt11084896,,unmatched,Spirit Untamed
no movie match,0,F:\MediaStack\data\media\movies\Spirit - Stallion of the Cimarron (2002)\Spirit Stallion of the Cimarron (2002) [Bluray-1080p] {imdb-tt0166813}.mp4,,,movie,imdb://tt0166813,,unmatched,Spirit: Stallion of the Cimarron
no movie match,0,F:\MediaStack\data\media\movies\Smurfs - The Lost Village (2017)\Smurfs The Lost Village (2017) [WEBDL-1080p] {imdb-tt2398241}.mkv,,,movie,imdb://tt2398241,,unmatched,Smurfs: The Lost Village
no movie match,0,F:\MediaStack\data\media\movies\Snake Eyes - G.I. Joe Origins (2021)\Snake Eyes G.I. Joe Origins (2021) [Bluray-1080p] {imdb-tt8404256}.mkv,,,movie,imdb://tt8404256,,unmatched,Snake Eyes
no movie match,0,F:\MediaStack\data\media\movies\Snow Day (2000)\Snow Day (2000) [DVD] {imdb-tt0184907}.mkv,,,movie,imdb://tt0184907,,unmatched,Snow Day
no movie match,0,F:\MediaStack\data\media\movies\Snow Dogs (2002)\Snow Dogs (2002) [Bluray-1080p] {imdb-tt0281373}.mp4,,,movie,imdb://tt0281373,,unmatched,Snow Dogs
no movie match,0,F:\MediaStack\data\media\movies\Snow White (2025)\Snow White (2025) [Bluray-1080p] {imdb-tt6208148}.mp4,,,movie,imdb://tt6208148,,unmatched,Snow White
no movie match,0,F:\MediaStack\data\media\movies\Snow White and the Seven Dwarfs (1938)\Snow White and the Seven Dwarfs (1938) [Bluray-1080p] {imdb-tt0029583}.mkv,,,movie,imdb://tt0029583,,unmatched,Snow White and the Seven Dwarfs
no movie match,0,F:\MediaStack\data\media\movies\Solo - A Star Wars Story (2018)\Solo A Star Wars Story (2018) [Bluray-1080p Proper] {imdb-tt3778644}.mkv,,,movie,imdb://tt3778644,,unmatched,Solo: A Star Wars Story
no movie match,0,F:\MediaStack\data\media\movies\The Soloist (2009)\The Soloist (2009) [Bluray-1080p] {imdb-tt0821642}.mkv,,,movie,imdb://tt0821642,,unmatched,The Soloist
no movie match,0,F:\MediaStack\data\media\movies\Some Kind of Wonderful (1987)\Some Kind of Wonderful (1987) [Bluray-1080p] {imdb-tt0094006}.mkv,,,movie,imdb://tt0094006,,unmatched,Some Kind of Wonderful
no movie match,0,F:\MediaStack\data\media\movies\Some Like It Hot (1959)\Some Like It Hot (1959) [Bluray-1080p Proper] {imdb-tt0053291}.mkv,,,movie,imdb://tt0053291,,unmatched,Some Like It Hot
no movie match,0,F:\MediaStack\data\media\movies\Something Wicked This Way Comes (1983)\Something Wicked This Way Comes (1983) [HDTV-720p] {imdb-tt0086336}.mkv,,,movie,imdb://tt0086336,,unmatched,Something Wicked This Way Comes
no movie match,0,F:\MediaStack\data\media\movies\The Sorcerer's Apprentice (2010)\The Sorcerers Apprentice (2010) [WEBDL-1080p] {imdb-tt0963966}.mkv,,,movie,imdb://tt0963966,,unmatched,The Sorcerer's Apprentice
no movie match,0,F:\MediaStack\data\media\movies\Soul (2020)\Soul (2020) [Bluray-1080p] {imdb-tt2948372}.mp4,,,movie,imdb://tt2948372,,unmatched,Soul
no movie match,0,F:\MediaStack\data\media\movies\The Sound of Music (1965)\The Sound of Music (1965) [Bluray-1080p Proper] {imdb-tt0059742}.mkv,,,movie,imdb://tt0059742,,unmatched,The Sound of Music
no movie match,0,F:\MediaStack\data\media\movies\Space Cowboys (2000)\Space Cowboys (2000) [Bluray-1080p] {imdb-tt0186566}.mp4,,,movie,imdb://tt0186566,,unmatched,Space Cowboys
no movie match,0,F:\MediaStack\data\media\movies\Sinbad - Legend of the Seven Seas (2003)\Sinbad Legend of the Seven Seas (2003) [Bluray-1080p] {imdb-tt0165982}.mkv,,,movie,imdb://tt0165982,,unmatched,Sinbad: Legend of the Seven Seas
no movie match,0,F:\MediaStack\data\media\movies\Sing 2 (2021)\Sing 2 (2021) [Bluray-1080p] {imdb-tt6467266}.mkv,,,movie,imdb://tt6467266,,unmatched,Sing 2
no movie match,0,F:\MediaStack\data\media\movies\Singin' in the Rain (1952)\Singin in the Rain (1952) [Bluray-1080p] {imdb-tt0045152}.mkv,,,movie,imdb://tt0045152,,unmatched,Singin' in the Rain
no movie match,0,F:\MediaStack\data\media\movies\The Singles Ward (2002)\The Singles Ward (2002) [SDTV] {imdb-tt0306069}.m4v,,,movie,imdb://tt0306069,,unmatched,The Singles Ward
no movie match,0,F:\MediaStack\data\media\movies\Sister Act (1992)\Sister Act (1992) [Bluray-1080p] {imdb-tt0105417}.mp4,,,movie,imdb://tt0105417,,unmatched,Sister Act
no movie match,0,F:\MediaStack\data\media\movies\Sister Act 2 - Back in the Habit (1993)\Sister Act 2 Back in the Habit (1993) [Bluray-1080p] {imdb-tt0108147}.mkv,,,movie,imdb://tt0108147,,unmatched,Sister Act 2: Back in the Habit
no movie match,0,F:\MediaStack\data\media\movies\The Sisterhood of the Traveling Pants (2005)\The Sisterhood of the Traveling Pants (2005) [WEBRip-1080p] {imdb-tt0403508}.mkv,,,movie,imdb://tt0403508,,unmatched,The Sisterhood of the Traveling Pants
no movie match,0,F:\MediaStack\data\media\movies\The Sisterhood of the Traveling Pants 2 (2008)\The Sisterhood of the Traveling Pants 2 (2008) [DVD] {imdb-tt1018785}.avi,,,movie,imdb://tt1018785,,unmatched,The Sisterhood of the Traveling Pants 2
no movie match,0,F:\MediaStack\data\media\movies\The Sixth Sense (1999)\The Sixth Sense (1999) [Bluray-1080p] {imdb-tt0167404}.mp4,,,movie,imdb://tt0167404,,unmatched,The Sixth Sense
no movie match,0,F:\MediaStack\data\media\movies\Sky Captain and the World of Tomorrow (2004)\Sky Captain and the World of Tomorrow (2004) [Bluray-1080p] {imdb-tt0346156}.mp4,,,movie,imdb://tt0346156,,unmatched,Sky Captain and the World of Tomorrow
no movie match,0,F:\MediaStack\data\media\movies\Sleeping Beauty (1959)\Sleeping Beauty (1959) [Bluray-1080p] {imdb-tt0053285}.mkv,,,movie,imdb://tt0053285,,unmatched,Sleeping Beauty
no movie match,0,F:\MediaStack\data\media\movies\Sliding Doors (1998)\Sliding Doors (1998) [Bluray-1080p] {imdb-tt0120148}.mp4,,,movie,imdb://tt0120148,,unmatched,Sliding Doors
no movie match,0,F:\MediaStack\data\media\movies\Small Soldiers (1998)\Small Soldiers (1998) [Bluray-1080p] {imdb-tt0122718}.mp4,,,movie,imdb://tt0122718,,unmatched,Small Soldiers
no movie match,0,F:\MediaStack\data\media\movies\Smokin' Aces (2006)\Smokin Aces (2006) [Bluray-1080p] {imdb-tt0475394}.mkv,,,movie,imdb://tt0475394,,unmatched,Smokin' Aces
no movie match,0,F:\MediaStack\data\media\movies\Smurfs (2025)\Smurfs (2025) [Bluray-1080p] {imdb-tt18069420}.mkv,,,movie,imdb://tt18069420,,unmatched,Smurfs
no movie match,0,F:\MediaStack\data\media\movies\The Smurfs - A Christmas Carol (2011)\The Smurfs A Christmas Carol (2011) [WEBRip-720p] {imdb-tt2062677}.mp4,,,movie,imdb://tt2062677,,unmatched,The Smurfs: A Christmas Carol
no movie match,0,F:\MediaStack\data\media\movies\She's All That (1999)\Shes All That (1999) [Bluray-1080p] {imdb-tt0160862}.mp4,,,movie,imdb://tt0160862,,unmatched,She's All That
no movie match,0,F:\MediaStack\data\media\movies\Shenandoah (1965)\Shenandoah (1965) [WEBDL-480p] {imdb-tt0059711}.mkv,,,movie,imdb://tt0059711,,unmatched,Shenandoah
no movie match,0,F:\MediaStack\data\media\movies\Sherlock Holmes (2009)\Sherlock Holmes (2009) [Bluray-1080p] {imdb-tt0988045}.mkv,,,movie,imdb://tt0988045,,unmatched,Sherlock Holmes
no movie match,0,F:\MediaStack\data\media\movies\Sherlock Holmes - A Game of Shadows (2011)\Sherlock Holmes A Game of Shadows (2011) [Bluray-1080p] {imdb-tt1515091}.mkv,,,movie,imdb://tt1515091,,unmatched,Sherlock Holmes: A Game of Shadows
no movie match,0,F:\MediaStack\data\media\movies\Shiloh (1996)\Shiloh (1996) [Bluray-1080p] {imdb-tt0120118}.mkv,,,movie,imdb://tt0120118,,unmatched,Shiloh
no movie match,0,F:\MediaStack\data\media\movies\Shin Godzilla (2016)\Shin Godzilla (2016) [Bluray-1080p] {imdb-tt4262980}.mkv,,,movie,imdb://tt4262980,,unmatched,Shin Godzilla
no movie match,0,F:\MediaStack\data\media\movies\Shine (1996)\Shine (1996) [Bluray-1080p] {imdb-tt0117631}.mkv,,,movie,imdb://tt0117631,,unmatched,Shine
no movie match,0,F:\MediaStack\data\media\movies\The Shining (1980)\The Shining (1980) [Bluray-1080p] {imdb-tt0081505}.mp4,,,movie,imdb://tt0081505,,unmatched,The Shining
no movie match,0,F:\MediaStack\data\media\movies\The Shop Around the Corner (1940)\The Shop Around the Corner (1940) [WEBRip-720p] {imdb-tt0033045}.mkv,,,movie,imdb://tt0033045,,unmatched,The Shop Around the Corner
no movie match,0,F:\MediaStack\data\media\movies\Shrek the Halls (2007)\Shrek the Halls (2007) [Bluray-1080p] {imdb-tt0897387}.mkv,,,movie,imdb://tt0897387,,unmatched,Shrek the Halls
no movie match,0,F:\MediaStack\data\media\movies\Signs (2002)\Signs (2002) [Bluray-1080p] {imdb-tt0286106}.mkv,,,movie,imdb://tt0286106,,unmatched,Signs
no movie match,0,F:\MediaStack\data\media\movies\A Silent Voice - The Movie (2016)\A Silent Voice The Movie (2016) [Bluray-1080p] {imdb-tt5323662}.mkv,,,movie,imdb://tt5323662,,unmatched,A Silent Voice: The Movie
no movie match,0,F:\MediaStack\data\media\movies\Simon Birch (1998)\Simon Birch (1998) [WEBDL-1080p] {imdb-tt0124879}.mkv,,,movie,imdb://tt0124879,,unmatched,Simon Birch
no movie match,0,F:\MediaStack\data\media\movies\A Simple Wish (1997)\A Simple Wish (1997) [Bluray-720p] {imdb-tt0120133}.mp4,,,movie,imdb://tt0120133,,unmatched,A Simple Wish
no movie match,0,F:\MediaStack\data\media\movies\The Simpsons Movie (2007)\The Simpsons Movie (2007) [Bluray-1080p] {imdb-tt0462538}.mp4,,,movie,imdb://tt0462538,,unmatched,The Simpsons Movie
no movie match,0,F:\MediaStack\data\media\movies\Sense and Sensibility (1995)\Sense and Sensibility (1995) [Bluray-1080p] {imdb-tt0114388}.mkv,,,movie,imdb://tt0114388,,unmatched,Sense and Sensibility
no movie match,0,F:\MediaStack\data\media\movies\A Separation (2011)\A Separation (2011) [Bluray-1080p] {imdb-tt1832382}.mkv,,,movie,imdb://tt1832382,,unmatched,A Separation
no movie match,0,F:\MediaStack\data\media\movies\Serendipity (2001)\Serendipity (2001) [Bluray-1080p] {imdb-tt0240890}.mkv,,,movie,imdb://tt0240890,,unmatched,Serendipity
no movie match,0,F:\MediaStack\data\media\movies\Lemony Snicket's A Series of Unfortunate Events (2004)\Lemony Snickets A Series of Unfortunate Events (2004) [Bluray-1080p] {imdb-tt0339291}.mkv,,,movie,imdb://tt0339291,,unmatched,A Series of Unfortunate Events
no movie match,0,F:\MediaStack\data\media\movies\Serving Sara (2002)\Serving Sara (2002) [WEBDL-1080p] {imdb-tt0261289}.mkv,,,movie,imdb://tt0261289,,unmatched,Serving Sara
no movie match,0,F:\MediaStack\data\media\movies\The Set-Up (1949)\The Set-Up (1949) [Bluray-1080p] {imdb-tt0041859}.mkv,,,movie,imdb://tt0041859,,unmatched,The Set-Up
no movie match,0,F:\MediaStack\data\media\movies\Seven Brides for Seven Brothers (1954)\Seven Brides for Seven Brothers (1954) [Bluray-1080p] {imdb-tt0047472}.mkv,,,movie,imdb://tt0047472,,unmatched,Seven Brides for Seven Brothers
no movie match,0,F:\MediaStack\data\media\movies\Seven Samurai (1954)\Seven Samurai (1954) [Bluray-1080p] {imdb-tt0047478}.mp4,,,movie,imdb://tt0047478,,unmatched,Seven Samurai
no movie match,0,F:\MediaStack\data\media\movies\The Seven Year Itch (1955)\The Seven Year Itch (1955) [Bluray-1080p] {imdb-tt0048605}.mkv,,,movie,imdb://tt0048605,,unmatched,The Seven Year Itch
no movie match,0,F:\MediaStack\data\media\movies\The Shadow of the Eagle (1932)\The Shadow of the Eagle (1932) [WEBDL-480p] {imdb-tt0023456}.mkv,,,movie,imdb://tt0023456,,unmatched,The Shadow of the Eagle
no movie match,0,F:\MediaStack\data\media\movies\The Shaggy Dog (1959)\The Shaggy Dog (1959) [WEBDL-1080p] {imdb-tt0053271}.mkv,,,movie,imdb://tt0053271,,unmatched,The Shaggy Dog
no movie match,0,F:\MediaStack\data\media\movies\The Shaggy Dog (2006)\The Shaggy Dog (2006) [WEBDL-720p] {imdb-tt0393735}.mkv,,,movie,imdb://tt0393735,,unmatched,The Shaggy Dog
no movie match,0,F:\MediaStack\data\media\movies\Shang-Chi and the Legend of the Ten Rings (2021)\Shang-Chi and the Legend of the Ten Rings (2021) [Bluray-1080p] {imdb-tt9376612}.mp4,,,movie,imdb://tt9376612,,unmatched,Shang-Chi and the Legend of the Ten Rings
no movie match,0,F:\MediaStack\data\media\movies\Shanghai Knights (2003)\Shanghai Knights (2003) [Bluray-1080p] {imdb-tt0300471}.mp4,,,movie,imdb://tt0300471,,unmatched,Shanghai Knights
no movie match,0,F:\MediaStack\data\media\movies\Shanghai Noon (2000)\Shanghai Noon (2000) [Bluray-1080p Proper] {imdb-tt0184894}.mp4,,,movie,imdb://tt0184894,,unmatched,Shanghai Noon
no movie match,0,F:\MediaStack\data\media\movies\Shaun the Sheep Movie (2015)\Shaun the Sheep Movie (2015) [Bluray-1080p] {imdb-tt2872750}.mkv,,,movie,imdb://tt2872750,,unmatched,Shaun the Sheep Movie
no movie match,0,F:\MediaStack\data\media\movies\The Shawshank Redemption (1994)\The Shawshank Redemption (1994) [Bluray-1080p] {imdb-tt0111161}.mkv,,,movie,imdb://tt0111161,,unmatched,The Shawshank Redemption
no movie match,0,F:\MediaStack\data\media\movies\Shazam! (2019)\Shazam! (2019) [Bluray-1080p] {imdb-tt0448115}.mp4,,,movie,imdb://tt0448115,,unmatched,Shazam!
no movie match,0,F:\MediaStack\data\media\movies\Shazam! Fury of the Gods (2023)\Shazam! Fury of the Gods (2023) [Bluray-1080p] {imdb-tt10151854}.mkv,,,movie,imdb://tt10151854,,unmatched,Shazam! Fury of the Gods
no movie match,0,F:\MediaStack\data\media\movies\Scooby-Doo 2 - Monsters Unleashed (2004)\Scooby-Doo 2 Monsters Unleashed (2004) [Bluray-1080p] {imdb-tt0331632}.mp4,,,movie,imdb://tt0331632,,unmatched,Scooby-Doo 2: Monsters Unleashed
no movie match,0,F:\MediaStack\data\media\movies\The Scorpion King (2002)\The Scorpion King (2002) [Bluray-1080p] {imdb-tt0277296}.mp4,,,movie,imdb://tt0277296,,unmatched,The Scorpion King
ambiguous movie title match,0,F:\MediaStack\data\media\movies\Scream (1996)\Scream (1996) [Bluray-1080p] {imdb-tt0117571}.mkv,,,movie,imdb://tt0117571,,unmatched,Scream
no movie match,0,F:\MediaStack\data\media\movies\Se7en (1995)\Se7en (1995) [Bluray-1080p] {imdb-tt0114369}.mkv,,,movie,imdb://tt0114369,,unmatched,Se7en
no movie match,0,F:\MediaStack\data\media\movies\Seabiscuit (2003)\Seabiscuit (2003) [Bluray-1080p] {imdb-tt0329575}.mkv,,,movie,imdb://tt0329575,,unmatched,Seabiscuit
no movie match,0,F:\MediaStack\data\media\movies\The Searchers (1956)\The Searchers (1956) [Bluray-1080p] {imdb-tt0049730}.mp4,,,movie,imdb://tt0049730,,unmatched,The Searchers
no movie match,0,F:\MediaStack\data\media\movies\Secondhand Lions (2003)\Secondhand Lions (2003) [Bluray-1080p] {imdb-tt0327137}.mkv,,,movie,imdb://tt0327137,,unmatched,Secondhand Lions
no movie match,0,F:\MediaStack\data\media\movies\The Secret Garden (1993)\The Secret Garden (1993) [Bluray-1080p] {imdb-tt0108071}.mp4,,,movie,imdb://tt0108071,,unmatched,The Secret Garden
no movie match,0,F:\MediaStack\data\media\movies\The Secret Garden (2020)\The Secret Garden (2020) [Bluray-1080p] {imdb-tt2702920}.mkv,,,movie,imdb://tt2702920,,unmatched,The Secret Garden
no movie match,0,F:\MediaStack\data\media\movies\The Secret Life of Pets 2 (2019)\The Secret Life of Pets 2 (2019) [WEBRip-1080p] {imdb-tt5113040}.mp4,,,movie,imdb://tt5113040,,unmatched,The Secret Life of Pets 2
no movie match,0,F:\MediaStack\data\media\movies\The Secret Life of Walter Mitty (2013)\The Secret Life of Walter Mitty (2013) [Bluray-1080p] {imdb-tt0359950}.mp4,,,movie,imdb://tt0359950,,unmatched,The Secret Life of Walter Mitty
no movie match,0,F:\MediaStack\data\media\movies\The Secret of NIMH (1982)\The Secret of NIMH (1982) [Bluray-1080p] {imdb-tt0084649}.mp4,,,movie,imdb://tt0084649,,unmatched,The Secret of NIMH
no movie match,0,F:\MediaStack\data\media\movies\The Secret of NIMH 2 - Timmy to the Rescue (1998)\The Secret of NIMH 2 Timmy to the Rescue (1998) [WEBRip-1080p] {imdb-tt0171725}.mp4,,,movie,imdb://tt0171725,,unmatched,The Secret of NIMH 2: Timmy to the Rescue
no movie match,0,F:\MediaStack\data\media\movies\The Secret of Roan Inish (1994)\The Secret of Roan Inish (1994) [WEBRip-1080p] {imdb-tt0111112}.mp4,,,movie,imdb://tt0111112,,unmatched,The Secret of Roan Inish
no movie match,0,F:\MediaStack\data\media\movies\The Secret World of Arrietty (2010)\The Secret World of Arrietty (2010) [Bluray-1080p] {imdb-tt1568921}.m4v,,,movie,imdb://tt1568921,,unmatched,The Secret World of Arrietty
no movie match,0,F:\MediaStack\data\media\movies\Secretariat (2010)\Secretariat (2010) [Bluray-1080p] {imdb-tt1028576}.mp4,,,movie,imdb://tt1028576,,unmatched,Secretariat
no movie match,0,F:\MediaStack\data\media\movies\See Spot Run (2001)\See Spot Run (2001) [WEBDL-720p] {imdb-tt0250720}.mkv,,,movie,imdb://tt0250720,,unmatched,See Spot Run
no movie match,0,F:\MediaStack\data\media\movies\Selena (1997)\Selena (1997) [Bluray-1080p] {imdb-tt0120094}.mp4,,,movie,imdb://tt0120094,,unmatched,Selena
no movie match,0,F:\MediaStack\data\media\movies\Semi-Pro (2008)\Semi-Pro (2008) [Bluray-1080p] {imdb-tt0839980}.mp4,,,movie,imdb://tt0839980,,unmatched,Semi-Pro
no movie match,0,F:\MediaStack\data\media\movies\Senna (2010)\Senna (2010) [Bluray-1080p] {imdb-tt1424432}.mkv,,,movie,imdb://tt1424432,,unmatched,Senna
no movie match,0,F:\MediaStack\data\media\movies\San Andreas (2015)\San Andreas (2015) [Bluray-1080p] {imdb-tt2126355}.mp4,,,movie,imdb://tt2126355,,unmatched,San Andreas
no movie match,0,F:\MediaStack\data\media\movies\The Sandlot (1993)\The Sandlot (1993) [Bluray-1080p] {imdb-tt0108037}.mp4,,,movie,imdb://tt0108037,,unmatched,The Sandlot
no movie match,0,F:\MediaStack\data\media\movies\Santa Claus Is Comin' to Town (1970)\Santa Claus Is Comin to Town (1970) [Bluray-1080p] {imdb-tt0066327}.mp4,,,movie,imdb://tt0066327,,unmatched,Santa Claus Is Comin' to Town
no movie match,0,F:\MediaStack\data\media\movies\The Santa Clause (1994)\The Santa Clause (1994) [Bluray-1080p] {imdb-tt0111070}.mp4,,,movie,imdb://tt0111070,,unmatched,The Santa Clause
no movie match,0,F:\MediaStack\data\media\movies\The Santa Clause 2 (2002)\The Santa Clause 2 (2002) [Bluray-1080p] {imdb-tt0304669}.mkv,,,movie,imdb://tt0304669,,unmatched,The Santa Clause 2
no movie match,0,F:\MediaStack\data\media\movies\The Santa Clause 3 - The Escape Clause (2006)\The Santa Clause 3 The Escape Clause (2006) [Bluray-1080p] {imdb-tt0452681}.mkv,,,movie,imdb://tt0452681,,unmatched,The Santa Clause 3: The Escape Clause
no movie match,0,F:\MediaStack\data\media\movies\Saturday Night Live - The Best of Chris Farley (2003)\Saturday Night Live The Best of Chris Farley (2003) [WEBDL-480p] {imdb-tt0500100}.mkv,,,movie,imdb://tt0500100,,unmatched,Saturday Night Live: The Best of Chris Farley
no movie match,0,F:\MediaStack\data\media\movies\Saturday Night Live - The Best of Will Ferrell (2002)\Saturday Night Live The Best of Will Ferrell (2002) [WEBDL-480p] {imdb-tt0382275}.mkv,,,movie,imdb://tt0382275,,unmatched,Saturday Night Live: The Best of Will Ferrell
no movie match,0,F:\MediaStack\data\media\movies\Saturday Night Live - The Best of Will Ferrell - Volume 2 (2004)\Saturday Night Live The Best of Will Ferrell Volume 2 (2004) [WEBDL-480p] {imdb-tt0477851}.mkv,,,movie,imdb://tt0477851,,unmatched,Saturday Night Live: The Best of Will Ferrell - Volume 2
no movie match,0,F:\MediaStack\data\media\movies\Save the Last Dance (2001)\Save the Last Dance (2001) [Bluray-1080p] {imdb-tt0206275}.mp4,,,movie,imdb://tt0206275,,unmatched,Save the Last Dance
no movie match,0,F:\MediaStack\data\media\movies\Saving Mr. Banks (2013)\Saving Mr. Banks (2013) [Bluray-1080p] {imdb-tt2140373}.mkv,,,movie,imdb://tt2140373,,unmatched,Saving Mr. Banks
no movie match,0,F:\MediaStack\data\media\movies\Saving Silverman (2001)\Saving Silverman (2001) [WEBRip-720p] {imdb-tt0239948}.mp4,,,movie,imdb://tt0239948,,unmatched,Saving Silverman
no movie match,0,F:\MediaStack\data\media\movies\Scooby-Doo (2002)\Scooby-Doo (2002) [Bluray-1080p] {imdb-tt0267913}.mp4,,,movie,imdb://tt0267913,,unmatched,Scooby-Doo
no movie match,0,F:\MediaStack\data\media\movies\Rope (1948)\Rope (1948) [Bluray-1080p] {imdb-tt0040746}.mkv,,,movie,imdb://tt0040746,,unmatched,Rope
no movie match,0,F:\MediaStack\data\media\movies\Rover Dangerfield (1991)\Rover Dangerfield (1991) [Bluray-720p] {imdb-tt0102813}.mp4,,,movie,imdb://tt0102813,,unmatched,Rover Dangerfield
no movie match,0,F:\MediaStack\data\media\movies\A Royal Affair (2012)\A Royal Affair (2012) [Bluray-1080p] {imdb-tt1276419}.mkv,,,movie,imdb://tt1276419,,unmatched,A Royal Affair
no movie match,0,F:\MediaStack\data\media\movies\The Royal Tenenbaums (2001)\The Royal Tenenbaums (2001) [Bluray-1080p] {imdb-tt0265666}.mp4,,,movie,imdb://tt0265666,,unmatched,The Royal Tenenbaums
no movie match,0,"F:\MediaStack\data\media\movies\Ruby Gillman, Teenage Kraken (2023)\Ruby Gillman Teenage Kraken (2023) [WEBRip-1080p] {imdb-tt27155038}.mkv",,,movie,imdb://tt27155038,,unmatched,Ruby Gillman: Teenage Kraken
no movie match,0,F:\MediaStack\data\media\movies\Rudolph the Red-Nosed Reindeer (1964)\Rudolph the Red-Nosed Reindeer (1964) [Bluray-1080p] {imdb-tt0058536}.mp4,,,movie,imdb://tt0058536,,unmatched,Rudolph the Red-Nosed Reindeer
no movie match,0,F:\MediaStack\data\media\movies\Rugrats in Paris - The Movie (2000)\Rugrats in Paris The Movie (2000) [WEBRip-1080p] {imdb-tt0213203}.mkv,,,movie,imdb://tt0213203,,unmatched,Rugrats in Paris
no movie match,0,F:\MediaStack\data\media\movies\The Rugrats Movie (1998)\The Rugrats Movie (1998) [WEBDL-1080p] {imdb-tt0134067}.mkv,,,movie,imdb://tt0134067,,unmatched,The Rugrats Movie
no movie match,0,F:\MediaStack\data\media\movies\Rumble (2021)\Rumble (2021) [Bluray-1080p] {imdb-tt8337158}.mkv,,,movie,imdb://tt8337158,,unmatched,Rumble
no movie match,0,F:\MediaStack\data\media\movies\Runaway Bride (1999)\Runaway Bride (1999) [Bluray-1080p] {imdb-tt0163187}.mkv,,,movie,imdb://tt0163187,,unmatched,Runaway Bride
no movie match,0,F:\MediaStack\data\media\movies\Runaway Jury (2003)\Runaway Jury (2003) [Bluray-1080p] {imdb-tt0313542}.mp4,,,movie,imdb://tt0313542,,unmatched,Runaway Jury
ambiguous movie title match,0,F:\MediaStack\data\media\movies\The Running Man (1987)\The Running Man (1987) [Bluray-1080p] {imdb-tt0093894}.mkv,,,movie,imdb://tt0093894,,unmatched,The Running Man
ambiguous movie title match,0,F:\MediaStack\data\media\movies\The Running Man (2025)\The Running Man (2025) [Bluray-1080p] {imdb-tt14107334}.mkv,,,movie,imdb://tt14107334,,unmatched,The Running Man
no movie match,0,F:\MediaStack\data\media\movies\Running Scared (2006)\Running Scared (2006) [Bluray-1080p] {imdb-tt0404390}.mkv,,,movie,imdb://tt0404390,,unmatched,Running Scared
ambiguous movie title match,0,F:\MediaStack\data\media\movies\Rush (2013)\Rush (2013) [Bluray-1080p] {imdb-tt1979320}.mkv,,,movie,imdb://tt1979320,,unmatched,Rush
no movie match,0,F:\MediaStack\data\media\movies\Rush Hour (1998)\Rush Hour (1998) [Bluray-1080p Proper] {imdb-tt0120812}.mp4,,,movie,imdb://tt0120812,,unmatched,Rush Hour
no movie match,0,F:\MediaStack\data\media\movies\Rush Hour 2 (2001)\Rush Hour 2 (2001) [Bluray-1080p] {imdb-tt0266915}.mkv,,,movie,imdb://tt0266915,,unmatched,Rush Hour 2
no movie match,0,F:\MediaStack\data\media\movies\Rush Hour 3 (2007)\Rush Hour 3 (2007) [Bluray-1080p] {imdb-tt0293564}.mp4,,,movie,imdb://tt0293564,,unmatched,Rush Hour 3
no movie match,0,F:\MediaStack\data\media\movies\Rushmore (1998)\Rushmore (1998) [Bluray-1080p] {imdb-tt0128445}.mp4,,,movie,imdb://tt0128445,,unmatched,Rushmore
no movie match,0,F:\MediaStack\data\media\movies\Russell Brand - Doing Life Live (2007)\Russell Brand Doing Life Live (2007) [SDTV] {imdb-tt1294207}.avi,,,movie,imdb://tt1294207,,unmatched,Russell Brand: Doing Life - Live
no movie match,0,F:\MediaStack\data\media\movies\S.W.A.T. (2003)\S.W.A.T. (2003) [Bluray-1080p] {imdb-tt0257076}.mp4,,,movie,imdb://tt0257076,,unmatched,S.W.A.T.
ambiguous movie title match,0,F:\MediaStack\data\media\movies\Sabrina (1954)\Sabrina (1954) [Bluray-1080p] {imdb-tt0047437}.mkv,,,movie,imdb://tt0047437,,unmatched,Sabrina
ambiguous movie title match,0,F:\MediaStack\data\media\movies\Sabrina (1995)\Sabrina (1995) [Bluray-1080p] {imdb-tt0114319}.mkv,,,movie,imdb://tt0114319,,unmatched,Sabrina
no movie match,0,F:\MediaStack\data\media\movies\Sabrina the Teenage Witch (1996)\Sabrina the Teenage Witch (1996) [WEBRip-1080p] {imdb-tt0117534}.mkv,,,movie,imdb://tt0117534,,unmatched,Sabrina the Teenage Witch
no movie match,0,F:\MediaStack\data\media\movies\Sagebrush Trail (1933)\Sagebrush Trail (1933) [WEBDL-480p] {imdb-tt0024516}.mkv,,,movie,imdb://tt0024516,,unmatched,Sagebrush Trail
no movie match,0,F:\MediaStack\data\media\movies\Robin Hood - Men in Tights (1993)\Robin Hood Men in Tights (1993) [Bluray-1080p] {imdb-tt0107977}.mp4,,,movie,imdb://tt0107977,,unmatched,Robin Hood: Men in Tights
no movie match,0,F:\MediaStack\data\media\movies\RoboCop 2 (1990)\RoboCop 2 (1990) [Bluray-1080p] {imdb-tt0100502}.mp4,,,movie,imdb://tt0100502,,unmatched,RoboCop 2
no movie match,0,F:\MediaStack\data\media\movies\Robots (2005)\Robots (2005) [Bluray-1080p] {imdb-tt0358082}.mkv,,,movie,imdb://tt0358082,,unmatched,Robots
no movie match,0,F:\MediaStack\data\media\movies\The Rock (1996)\The Rock (1996) [Bluray-1080p] {imdb-tt0117500}.mkv,,,movie,imdb://tt0117500,,unmatched,The Rock
no movie match,0,F:\MediaStack\data\media\movies\Rock Dog (2016)\Rock Dog (2016) [Bluray-1080p] {imdb-tt2822672}.mp4,,,movie,imdb://tt2822672,,unmatched,Rock Dog
no movie match,0,F:\MediaStack\data\media\movies\Rock of Ages (2012)\Rock of Ages (2012) [Bluray-1080p] {imdb-tt1336608}.mp4,,,movie,imdb://tt1336608,,unmatched,Rock of Ages
no movie match,0,F:\MediaStack\data\media\movies\Rock-A-Doodle (1991)\Rock-A-Doodle (1991) [Bluray-1080p] {imdb-tt0102802}.mp4,,,movie,imdb://tt0102802,,unmatched,Rock-A-Doodle
no movie match,0,F:\MediaStack\data\media\movies\The Rocker (2008)\The Rocker (2008) [Bluray-1080p] {imdb-tt1031969}.mp4,,,movie,imdb://tt1031969,,unmatched,The Rocker
no movie match,0,F:\MediaStack\data\media\movies\Rodney Yee Intermediate Yoga (2004)\Rodney Yee Intermediate Yoga (2004) [Unknown].mkv,,,movie,tmdb://448816,,unmatched,Rodney Yee Intermediate Yoga
no movie match,0,F:\MediaStack\data\media\movies\Rogue One - A Star Wars Story (2016)\Rogue One A Star Wars Story (2016) [Bluray-1080p] {imdb-tt3748528}.mkv,,,movie,imdb://tt3748528,,unmatched,Rogue One: A Star Wars Story
no movie match,0,F:\MediaStack\data\media\movies\Ron's Gone Wrong (2021)\Rons Gone Wrong (2021) [Bluray-1080p] {imdb-tt7504818}.mkv,,,movie,imdb://tt7504818,,unmatched,Ron's Gone Wrong
no movie match,0,F:\MediaStack\data\media\movies\The Rookie (2002)\The Rookie (2002) [Bluray-1080p] {imdb-tt0265662}.mkv,,,movie,imdb://tt0265662,,unmatched,The Rookie
no movie match,0,F:\MediaStack\data\media\movies\Rookie of the Year (1993)\Rookie of the Year (1993) [WEBDL-1080p] {imdb-tt0107985}.mkv,,,movie,imdb://tt0107985,,unmatched,Rookie of the Year
no movie match,0,F:\MediaStack\data\media\movies\Riddick (2013)\Riddick (2013) [Bluray-1080p] {imdb-tt1411250}.mkv,,,movie,imdb://tt1411250,,unmatched,Riddick
no movie match,0,F:\MediaStack\data\media\movies\Riders of Destiny (1933)\Riders of Destiny (1933) [HDTV-720p] {imdb-tt0024500}.mp4,,,movie,imdb://tt0024500,,unmatched,Riders of Destiny
no movie match,0,F:\MediaStack\data\media\movies\Riding in Cars with Boys (2001)\Riding in Cars with Boys (2001) [Bluray-1080p] {imdb-tt0200027}.mkv,,,movie,imdb://tt0200027,,unmatched,Riding in Cars with Boys
no movie match,0,F:\MediaStack\data\media\movies\The Right Stuff (1983)\The Right Stuff (1983) [Bluray-1080p] {imdb-tt0086197}.mkv,,,movie,imdb://tt0086197,,unmatched,The Right Stuff
no movie match,0,F:\MediaStack\data\media\movies\The Ring Two (2005)\The Ring Two (2005) [Bluray-1080p Proper] {imdb-tt0377109}.mkv,,,movie,imdb://tt0377109,,unmatched,The Ring Two
no movie match,0,F:\MediaStack\data\media\movies\Rings (2017)\Rings (2017) [Bluray-1080p] {imdb-tt0498381}.mkv,,,movie,imdb://tt0498381,,unmatched,Rings
no movie match,0,F:\MediaStack\data\media\movies\Rio (2011)\Rio (2011) [Bluray-1080p] {imdb-tt1436562}.mp4,,,movie,imdb://tt1436562,,unmatched,Rio
no movie match,0,F:\MediaStack\data\media\movies\Rio 2 (2014)\Rio 2 (2014) [Bluray-1080p] {imdb-tt2357291}.mkv,,,movie,imdb://tt2357291,,unmatched,Rio 2
no movie match,0,F:\MediaStack\data\media\movies\Rio Bravo (1959)\Rio Bravo (1959) [WEBDL-1080p] {imdb-tt0053221}.mkv,,,movie,imdb://tt0053221,,unmatched,Rio Bravo
no movie match,0,F:\MediaStack\data\media\movies\Rise (2022)\Rise (2022) [WEBDL-1080p] {imdb-tt11242162}.mkv,,,movie,imdb://tt11242162,,unmatched,Rise
no movie match,0,F:\MediaStack\data\media\movies\Rise of the Guardians (2012)\Rise of the Guardians (2012) [Bluray-1080p] {imdb-tt1446192}.mp4,,,movie,imdb://tt1446192,,unmatched,Rise of the Guardians
no movie match,0,F:\MediaStack\data\media\movies\Rise of the Planet of the Apes (2011)\Rise of the Planet of the Apes (2011) [WEBDL-2160p] {imdb-tt1318514}.mkv,,,movie,imdb://tt1318514,,unmatched,Rise of the Planet of the Apes
no movie match,0,F:\MediaStack\data\media\movies\The Road to El Dorado (2000)\The Road to El Dorado (2000) [Bluray-1080p] {imdb-tt0138749}.mkv,,,movie,imdb://tt0138749,,unmatched,The Road to El Dorado
no movie match,0,F:\MediaStack\data\media\movies\Road to Perdition (2002)\Road to Perdition (2002) [Bluray-1080p] {imdb-tt0257044}.mkv,,,movie,imdb://tt0257044,,unmatched,Road to Perdition
no movie match,0,F:\MediaStack\data\media\movies\Mad Max 2 (1981)\Mad Max 2 (1981) [Bluray-1080p] {imdb-tt0082694}.mkv,,,movie,imdb://tt0082694,,unmatched,The Road Warrior
no movie match,0,F:\MediaStack\data\media\movies\RED 2 (2013)\RED 2 (2013) [Bluray-1080p] {imdb-tt1821694}.mkv,,,movie,imdb://tt1821694,,unmatched,RED 2
ambiguous movie title match,0,F:\MediaStack\data\media\movies\Red Dawn (1984)\Red Dawn (1984) [Bluray-1080p] {imdb-tt0087985}.mp4,,,movie,imdb://tt0087985,,unmatched,Red Dawn
no movie match,0,F:\MediaStack\data\media\movies\Red Planet (2000)\Red Planet (2000) [Bluray-1080p] {imdb-tt0199753}.mp4,,,movie,imdb://tt0199753,,unmatched,Red Planet
no movie match,0,F:\MediaStack\data\media\movies\Red River (1948)\Red River (1948) [Bluray-1080p] {imdb-tt0040724}.mkv,,,movie,imdb://tt0040724,,unmatched,Red River
no movie match,0,F:\MediaStack\data\media\movies\Red Sonja (1985)\Red Sonja (1985) [Bluray-1080p] {imdb-tt0089893}.mkv,,,movie,imdb://tt0089893,,unmatched,Red Sonja
no movie match,0,F:\MediaStack\data\media\movies\The Red Turtle (2016)\The Red Turtle (2016) [WEBDL-1080p] {imdb-tt3666024}.mkv,,,movie,imdb://tt3666024,,unmatched,The Red Turtle
no movie match,0,F:\MediaStack\data\media\movies\Regarding Henry (1991)\Regarding Henry (1991) [WEBRip-1080p] {imdb-tt0102768}.mp4,,,movie,imdb://tt0102768,,unmatched,Regarding Henry
no movie match,0,F:\MediaStack\data\media\movies\Reign of Fire (2002)\Reign of Fire (2002) [Bluray-1080p] {imdb-tt0253556}.mkv,,,movie,imdb://tt0253556,,unmatched,Reign of Fire
no movie match,0,F:\MediaStack\data\media\movies\The Remains of the Day (1993)\The Remains of the Day (1993) [Bluray-1080p] {imdb-tt0107943}.mkv,,,movie,imdb://tt0107943,,unmatched,The Remains of the Day
no movie match,0,F:\MediaStack\data\media\movies\Remember the Titans (2000)\Remember the Titans (2000) [Bluray-1080p] {imdb-tt0210945}.mkv,,,movie,imdb://tt0210945,,unmatched,Remember the Titans
no movie match,0,F:\MediaStack\data\media\movies\Requiem for a Heavyweight (1962)\Requiem for a Heavyweight (1962) [WEBRip-1080p] {imdb-tt0056406}.mkv,,,movie,imdb://tt0056406,,unmatched,Requiem for a Heavyweight
no movie match,0,F:\MediaStack\data\media\movies\The Rescuers (1977)\The Rescuers (1977) [Bluray-1080p] {imdb-tt0076618}.mkv,,,movie,imdb://tt0076618,,unmatched,The Rescuers
no movie match,0,F:\MediaStack\data\media\movies\The Rescuers Down Under (1990)\The Rescuers Down Under (1990) [Bluray-1080p] {imdb-tt0100477}.mp4,,,movie,imdb://tt0100477,,unmatched,The Rescuers Down Under
no movie match,0,F:\MediaStack\data\media\movies\The Restoration (2004)\The Restoration (2004) [SDTV] {imdb-tt2142925}.m4v,,,movie,imdb://tt2142925,,unmatched,The Restoration
no movie match,0,F:\MediaStack\data\media\movies\The Return of Jafar (1994)\The Return of Jafar (1994) [Bluray-1080p] {imdb-tt0107952}.mkv,,,movie,imdb://tt0107952,,unmatched,The Return of Jafar
no movie match,0,F:\MediaStack\data\media\movies\The Return of the King (1980)\The Return of the King (1980) [WEBRip-1080p] {imdb-tt0079802}.mp4,,,movie,imdb://tt0079802,,unmatched,The Return of the King
no movie match,0,F:\MediaStack\data\media\movies\Return to Halloweentown (2006)\Return to Halloweentown (2006) [WEBRip-1080p] {imdb-tt0816520}.mkv,,,movie,imdb://tt0816520,,unmatched,Return to Halloweentown
no movie match,0,F:\MediaStack\data\media\movies\Return to Me (2000)\Return to Me (2000) [Bluray-1080p] {imdb-tt0122459}.mkv,,,movie,imdb://tt0122459,,unmatched,Return to Me
no movie match,0,F:\MediaStack\data\media\movies\Return to Never Land (2002)\Return to Never Land (2002) [Bluray-1080p] {imdb-tt0280030}.mkv,,,movie,imdb://tt0280030,,unmatched,Return to Never Land
no movie match,0,F:\MediaStack\data\media\movies\Return to Oz (1985)\Return to Oz (1985) [Bluray-1080p] {imdb-tt0089908}.mp4,,,movie,imdb://tt0089908,,unmatched,Return to Oz
no movie match,0,F:\MediaStack\data\media\movies\Ralph Breaks the Internet (2018)\Ralph Breaks the Internet (2018) [Bluray-1080p] {imdb-tt5848272}.mkv,,,movie,imdb://tt5848272,,unmatched,Ralph Breaks the Internet
no movie match,0,F:\MediaStack\data\media\movies\Rampage (2018)\Rampage (2018) [Bluray-1080p] {imdb-tt2231461}.mp4,,,movie,imdb://tt2231461,,unmatched,Rampage
no movie match,0,F:\MediaStack\data\media\movies\Ran (1985)\Ran (1985) [Bluray-1080p] {imdb-tt0089881}.mkv,,,movie,imdb://tt0089881,,unmatched,Ran
no movie match,0,F:\MediaStack\data\media\movies\Randy Rides Alone (1934)\Randy Rides Alone (1934) [WEBDL-480p] {imdb-tt0025699}.mkv,,,movie,imdb://tt0025699,,unmatched,Randy Rides Alone
no movie match,0,F:\MediaStack\data\media\movies\Ransom (1996)\Ransom (1996) [Bluray-1080p Proper] {imdb-tt0117438}.mkv,,,movie,imdb://tt0117438,,unmatched,Ransom
no movie match,0,F:\MediaStack\data\media\movies\Ratatouille (2007)\Ratatouille (2007) [Bluray-1080p] {imdb-tt0382932}.mp4,,,movie,imdb://tt0382932,,unmatched,Ratatouille
no movie match,0,F:\MediaStack\data\media\movies\Ray (2004)\Ray (2004) [Bluray-1080p] {imdb-tt0350258}.mkv,,,movie,imdb://tt0350258,,unmatched,Ray
no movie match,0,F:\MediaStack\data\media\movies\Raya and the Last Dragon (2021)\Raya and the Last Dragon (2021) [Bluray-1080p] {imdb-tt5109280}.mkv,,,movie,imdb://tt5109280,,unmatched,Raya and the Last Dragon
no movie match,0,F:\MediaStack\data\media\movies\Ready Player One (2018)\Ready Player One (2018) [Bluray-1080p] {imdb-tt1677720}.mp4,,,movie,imdb://tt1677720,,unmatched,Ready Player One
no movie match,0,F:\MediaStack\data\media\movies\Rear Window (1954)\Rear Window (1954) [Bluray-1080p] {imdb-tt0047396}.mkv,,,movie,imdb://tt0047396,,unmatched,Rear Window
no movie match,0,F:\MediaStack\data\media\movies\Rebel Without a Cause (1955)\Rebel Without a Cause (1955) [Bluray-1080p] {imdb-tt0048545}.mkv,,,movie,imdb://tt0048545,,unmatched,Rebel Without a Cause
no movie match,0,F:\MediaStack\data\media\movies\Recess - School's Out (2001)\Recess Schools Out (2001) [WEBDL-1080p] {imdb-tt0265632}.mkv,,,movie,imdb://tt0265632,,unmatched,Recess: School's Out
no movie match,0,F:\MediaStack\data\media\movies\The Recruit (2003)\The Recruit (2003) [Bluray-1080p] {imdb-tt0292506}.mkv,,,movie,imdb://tt0292506,,unmatched,The Recruit
no movie match,0,F:\MediaStack\data\media\movies\The Proposal (2009)\The Proposal (2009) [Bluray-1080p] {imdb-tt1041829}.mp4,,,movie,imdb://tt1041829,,unmatched,The Proposal
no movie match,0,F:\MediaStack\data\media\movies\Psycho (1960)\Psycho (1960) [Bluray-1080p] {imdb-tt0054215}.mkv,,,movie,imdb://tt0054215,,unmatched,Psycho
no movie match,0,F:\MediaStack\data\media\movies\Puss in Boots (2011)\Puss in Boots (2011) [Bluray-1080p] {imdb-tt0448694}.mp4,,,movie,imdb://tt0448694,,unmatched,Puss in Boots
no movie match,0,F:\MediaStack\data\media\movies\The Queen (2006)\The Queen (2006) [Bluray-1080p Proper] {imdb-tt0436697}.mkv,,,movie,imdb://tt0436697,,unmatched,The Queen
no movie match,0,F:\MediaStack\data\media\movies\Queen of Katwe (2016)\Queen of Katwe (2016) [WEBDL-1080p] {imdb-tt4341582}.mkv,,,movie,imdb://tt4341582,,unmatched,Queen of Katwe
no movie match,0,F:\MediaStack\data\media\movies\Quest for Camelot (1998)\Quest for Camelot (1998) [WEBRip-1080p] {imdb-tt0120800}.mp4,,,movie,imdb://tt0120800,,unmatched,Quest for Camelot
no movie match,0,F:\MediaStack\data\media\movies\The Quiet Man (1952)\The Quiet Man (1952) [Bluray-1080p] {imdb-tt0045061}.mkv,,,movie,imdb://tt0045061,,unmatched,The Quiet Man
no movie match,0,F:\MediaStack\data\media\movies\The R.M. (2003)\The R.M. (2003) [WEBDL-1080p] {imdb-tt0341540}.mkv,,,movie,imdb://tt0341540,,unmatched,The R.M.
no movie match,0,F:\MediaStack\data\media\movies\Race to Witch Mountain (2009)\Race to Witch Mountain (2009) [WEBDL-1080p] {imdb-tt1075417}.mkv,,,movie,imdb://tt1075417,,unmatched,Race to Witch Mountain
no movie match,0,F:\MediaStack\data\media\movies\Raging Bull (1980)\Raging Bull (1980) [Bluray-1080p] {imdb-tt0081398}.mkv,,,movie,imdb://tt0081398,,unmatched,Raging Bull
no movie match,0,F:\MediaStack\data\media\movies\Raiders of the Lost Ark (1981)\Raiders of the Lost Ark (1981) [Bluray-1080p] {imdb-tt0082971}.mp4,,,movie,imdb://tt0082971,,unmatched,Raiders of the Lost Ark
no movie match,0,F:\MediaStack\data\media\movies\Rain Man (1988)\Rain Man (1988) [Bluray-1080p] {imdb-tt0095953}.mp4,,,movie,imdb://tt0095953,,unmatched,Rain Man
no movie match,0,F:\MediaStack\data\media\movies\Raising Arizona (1987)\Raising Arizona (1987) [Bluray-1080p] {imdb-tt0093822}.mkv,,,movie,imdb://tt0093822,,unmatched,Raising Arizona
no movie match,0,F:\MediaStack\data\media\movies\Raising Helen (2004)\Raising Helen (2004) [WEBRip-720p] {imdb-tt0350028}.mkv,,,movie,imdb://tt0350028,,unmatched,Raising Helen
no movie match,0,F:\MediaStack\data\media\movies\Predators (2010)\Predators (2010) [Bluray-1080p] {imdb-tt1424381}.mp4,,,movie,imdb://tt1424381,,unmatched,Predators
no movie match,0,F:\MediaStack\data\media\movies\Premium Rush (2012)\Premium Rush (2012) [Bluray-1080p] {imdb-tt1547234}.mp4,,,movie,imdb://tt1547234,,unmatched,Premium Rush
no movie match,0,F:\MediaStack\data\media\movies\Premonition (2007)\Premonition (2007) [Bluray-1080p] {imdb-tt0477071}.mkv,,,movie,imdb://tt0477071,,unmatched,Premonition
no movie match,0,F:\MediaStack\data\media\movies\The Prestige (2006)\The Prestige (2006) [Bluray-1080p] {imdb-tt0482571}.mkv,,,movie,imdb://tt0482571,,unmatched,The Prestige
no movie match,0,F:\MediaStack\data\media\movies\Pretty Woman (1990)\Pretty Woman (1990) [Bluray-1080p] {imdb-tt0100405}.mkv,,,movie,imdb://tt0100405,,unmatched,Pretty Woman
no movie match,0,F:\MediaStack\data\media\movies\Pride and Prejudice (2003)\Pride and Prejudice (2003) [DVD] {imdb-tt0366920}.mkv,,,movie,imdb://tt0366920,,unmatched,Pride and Prejudice
no movie match,0,F:\MediaStack\data\media\movies\The Prince of Egypt (1998)\The Prince of Egypt (1998) [Bluray-1080p] {imdb-tt0120794}.mkv,,,movie,imdb://tt0120794,,unmatched,The Prince of Egypt
no movie match,0,F:\MediaStack\data\media\movies\Prince of Persia - The Sands of Time (2010)\Prince of Persia The Sands of Time (2010) [Bluray-1080p] {imdb-tt0473075}.mkv,,,movie,imdb://tt0473075,,unmatched,Prince of Persia: The Sands of Time
no movie match,0,F:\MediaStack\data\media\movies\The Princess and the Frog (2009)\The Princess and the Frog (2009) [Bluray-1080p Proper] {imdb-tt0780521}.mkv,,,movie,imdb://tt0780521,,unmatched,The Princess and the Frog
no movie match,0,F:\MediaStack\data\media\movies\The Princess Bride (1987)\The Princess Bride (1987) [Bluray-1080p] {imdb-tt0093779}.mp4,,,movie,imdb://tt0093779,,unmatched,The Princess Bride
no movie match,0,F:\MediaStack\data\media\movies\The Princess Diaries (2001)\The Princess Diaries (2001) [Bluray-1080p] {imdb-tt0247638}.mkv,,,movie,imdb://tt0247638,,unmatched,The Princess Diaries
no movie match,0,F:\MediaStack\data\media\movies\The Princess Diaries 2 - Royal Engagement (2004)\The Princess Diaries 2 Royal Engagement (2004) [Bluray-1080p] {imdb-tt0368933}.mkv,,,movie,imdb://tt0368933,,unmatched,The Princess Diaries 2: Royal Engagement
no movie match,0,F:\MediaStack\data\media\movies\Princess Mononoke (1997)\Princess Mononoke (1997) [Bluray-1080p] {imdb-tt0119698}.mp4,,,movie,imdb://tt0119698,,unmatched,Princess Mononoke
no movie match,0,F:\MediaStack\data\media\movies\Prisoners (2013)\Prisoners (2013) [Bluray-1080p] {imdb-tt1392214}.mkv,,,movie,imdb://tt1392214,,unmatched,Prisoners
no movie match,0,F:\MediaStack\data\media\movies\Problem Child (1990)\Problem Child (1990) [Bluray-1080p] {imdb-tt0100419}.mp4,,,movie,imdb://tt0100419,,unmatched,Problem Child
no movie match,0,F:\MediaStack\data\media\movies\Prometheus (2012)\Prometheus (2012) [Bluray-1080p] {imdb-tt1446714}.mkv,,,movie,imdb://tt1446714,,unmatched,Prometheus
no movie match,0,F:\MediaStack\data\media\movies\The Prophecy (1995)\The Prophecy (1995) [Bluray-1080p] {imdb-tt0114194}.mp4,,,movie,imdb://tt0114194,,unmatched,The Prophecy
no movie match,0,F:\MediaStack\data\media\movies\The Prophecy 3 - The Ascent (2000)\The Prophecy 3 The Ascent (2000) [Bluray-1080p] {imdb-tt0183678}.mp4,,,movie,imdb://tt0183678,,unmatched,The Prophecy 3: The Ascent
no movie match,0,F:\MediaStack\data\media\movies\The Prophecy II (1998)\The Prophecy II (1998) [Bluray-1080p] {imdb-tt0118643}.mkv,,,movie,imdb://tt0118643,,unmatched,The Prophecy II
no movie match,0,F:\MediaStack\data\media\movies\Pokémon the Movie - Volcanion and the Mechanical Marvel (2016)\Pokemon the Movie Volcanion and the Mechanical Marvel (2016) [Bluray-1080p] {imdb-tt5889204}.mp4,,,movie,imdb://tt5889204,,unmatched,Pokémon the Movie: Volcanion and the Mechanical Marvel
no movie match,0,F:\MediaStack\data\media\movies\Pokémon the Movie - White - Victini and Zekrom (2011)\Pokemon the Movie White Victini and Zekrom (2011) [Bluray-1080p] {imdb-tt1739212}.mkv,,,movie,imdb://tt1739212,,unmatched,Pokémon the Movie: White - Victini and Zekrom
no movie match,0,F:\MediaStack\data\media\movies\Pokémon - Arceus and the Jewel of Life (2009)\Pokemon Arceus and the Jewel of Life (2009) [Bluray-1080p] {imdb-tt1468843}.mp4,,,movie,imdb://tt1468843,,unmatched,Pokémon: Arceus and the Jewel of Life
no movie match,0,F:\MediaStack\data\media\movies\Pokémon Detective Pikachu (2019)\Pokemon Detective Pikachu (2019) [Bluray-1080p] {imdb-tt5884052}.mp4,,,movie,imdb://tt5884052,,unmatched,Pokémon: Detective Pikachu
no movie match,0,F:\MediaStack\data\media\movies\Pokémon - The First Movie (1998)\Pokemon The First Movie (1998) [WEBDL-1080p] {imdb-tt0190641}.mkv,,,movie,imdb://tt0190641,,unmatched,Pokémon: The First Movie
no movie match,0,F:\MediaStack\data\media\movies\Pokémon - Zoroark - Master of Illusions (2010)\Pokemon Zoroark Master of Illusions (2010) [Bluray-1080p] {imdb-tt1690470}.mkv,,,movie,imdb://tt1690470,,unmatched,Pokémon: Zoroark - Master of Illusions
no movie match,0,F:\MediaStack\data\media\movies\The Polar Express (2004)\The Polar Express (2004) [Bluray-1080p] {imdb-tt0338348}.mkv,,,movie,imdb://tt0338348,,unmatched,The Polar Express
no movie match,0,F:\MediaStack\data\media\movies\Pollock (2000)\Pollock (2000) [Bluray-1080p] {imdb-tt0183659}.mkv,,,movie,imdb://tt0183659,,unmatched,Pollock
no movie match,0,F:\MediaStack\data\media\movies\Pollyanna (1960)\Pollyanna (1960) [Bluray-1080p] {imdb-tt0054195}.mp4,,,movie,imdb://tt0054195,,unmatched,Pollyanna
no movie match,0,F:\MediaStack\data\media\movies\Poltergeist (1982)\Poltergeist (1982) [WEBDL-1080p] {imdb-tt0084516}.mkv,,,movie,imdb://tt0084516,,unmatched,Poltergeist
no movie match,0,F:\MediaStack\data\media\movies\Poltergeist II - The Other Side (1986)\Poltergeist II The Other Side (1986) [Bluray-1080p] {imdb-tt0091778}.mp4,,,movie,imdb://tt0091778,,unmatched,Poltergeist II: The Other Side
no movie match,0,F:\MediaStack\data\media\movies\Pom Poko (1994)\Pom Poko (1994) [Bluray-1080p] {imdb-tt0110008}.mp4,,,movie,imdb://tt0110008,,unmatched,Pom Poko
no movie match,0,F:\MediaStack\data\media\movies\Pompeii (2014)\Pompeii (2014) [Bluray-1080p] {imdb-tt1921064}.mp4,,,movie,imdb://tt1921064,,unmatched,Pompeii
no movie match,0,F:\MediaStack\data\media\movies\Ponyo (2008)\Ponyo (2008) [Bluray-1080p Proper] {imdb-tt0876563}.mkv,,,movie,imdb://tt0876563,,unmatched,Ponyo
no movie match,0,F:\MediaStack\data\media\movies\Porco Rosso (1992)\Porco Rosso (1992) [Bluray-1080p Proper] {imdb-tt0104652}.mkv,,,movie,imdb://tt0104652,,unmatched,Porco Rosso
no movie match,0,F:\MediaStack\data\media\movies\The Post (2017)\The Post (2017) [Bluray-1080p] {imdb-tt6294822}.mkv,,,movie,imdb://tt6294822,,unmatched,The Post
no movie match,0,F:\MediaStack\data\media\movies\Practical Magic (1998)\Practical Magic (1998) [Bluray-1080p] {imdb-tt0120791}.mkv,,,movie,imdb://tt0120791,,unmatched,Practical Magic
no movie match,0,F:\MediaStack\data\media\movies\The Preacher's Wife (1996)\The Preachers Wife (1996) [Bluray-1080p] {imdb-tt0117372}.mp4,,,movie,imdb://tt0117372,,unmatched,The Preacher's Wife
no movie match,0,F:\MediaStack\data\media\movies\Predator (1987)\Predator (1987) [Bluray-1080p Proper] {imdb-tt0093773}.mkv,,,movie,imdb://tt0093773,,unmatched,Predator
no movie match,0,F:\MediaStack\data\media\movies\Predator 2 (1990)\Predator 2 (1990) [Bluray-1080p] {imdb-tt0100403}.mp4,,,movie,imdb://tt0100403,,unmatched,Predator 2
no movie match,0,F:\MediaStack\data\media\movies\Predator - Badlands (2025)\Predator Badlands (2025) [Bluray-1080p] {imdb-tt31227572}.mkv,,,movie,imdb://tt31227572,,unmatched,Predator: Badlands
no movie match,0,F:\MediaStack\data\media\movies\Predator - Killer of Killers (2025)\Predator Killer of Killers (2025) [WEBDL-1080p] {imdb-tt36463894}.mkv,,,movie,imdb://tt36463894,,unmatched,Predator: Killer of Killers
no movie match,0,F:\MediaStack\data\media\movies\A Place in the Sun (1951)\A Place in the Sun (1951) [Bluray-1080p] {imdb-tt0043924}.mkv,,,movie,imdb://tt0043924,,unmatched,A Place in the Sun
no movie match,0,F:\MediaStack\data\media\movies\Places in the Heart (1984)\Places in the Heart (1984) [Bluray-1080p] {imdb-tt0087921}.mp4,,,movie,imdb://tt0087921,,unmatched,Places in the Heart
no movie match,0,F:\MediaStack\data\media\movies\Planes (2013)\Planes (2013) [Bluray-1080p] {imdb-tt1691917}.mp4,,,movie,imdb://tt1691917,,unmatched,Planes
no movie match,0,F:\MediaStack\data\media\movies\Planes - Fire & Rescue (2014)\Planes Fire and Rescue (2014) [Bluray-1080p] {imdb-tt2980706}.mp4,,,movie,imdb://tt2980706,,unmatched,Planes: Fire & Rescue
no movie match,0,F:\MediaStack\data\media\movies\Planet 51 (2009)\Planet 51 (2009) [Bluray-1080p] {imdb-tt0762125}.mp4,,,movie,imdb://tt0762125,,unmatched,Planet 51
no movie match,0,F:\MediaStack\data\media\movies\Planet Terror (2007)\Planet Terror (2007) [Bluray-1080p] {imdb-tt1077258}.mkv,,,movie,imdb://tt1077258,,unmatched,Planet Terror
no movie match,0,F:\MediaStack\data\media\movies\Platoon (1986)\Platoon (1986) [Bluray-1080p Proper] {imdb-tt0091763}.mkv,,,movie,imdb://tt0091763,,unmatched,Platoon
no movie match,0,F:\MediaStack\data\media\movies\Pocahontas (1995)\Pocahontas (1995) [Bluray-1080p] {imdb-tt0114148}.mp4,,,movie,imdb://tt0114148,,unmatched,Pocahontas
no movie match,0,F:\MediaStack\data\media\movies\Pocahontas II - Journey to a New World (1998)\Pocahontas II Journey to a New World (1998) [Bluray-1080p] {imdb-tt0143808}.mp4,,,movie,imdb://tt0143808,,unmatched,Pocahontas 2: Journey to a New World (1998) (V)
no movie match,0,F:\MediaStack\data\media\movies\Pokémon 3 - The Movie (2000)\Pokemon 3 The Movie (2000) [Bluray-720p] {imdb-tt0235679}.mp4,,,movie,imdb://tt0235679,,unmatched,Pokémon 3: The Movie
no movie match,0,F:\MediaStack\data\media\movies\Pokémon 4Ever (2001)\Pokemon 4Ever (2001) [Bluray-1080p] {imdb-tt0287635}.mkv,,,movie,imdb://tt0287635,,unmatched,Pokémon 4Ever
no movie match,0,F:\MediaStack\data\media\movies\Pokémon the Movie 2000 (1999)\Pokemon the Movie 2000 (1999) [Bluray-1080p] {imdb-tt0210234}.mkv,,,movie,imdb://tt0210234,,unmatched,Pokémon the Movie 2000
no movie match,0,F:\MediaStack\data\media\movies\Pokémon the Movie - Black - Victini and Reshiram (2011)\Pokemon the Movie Black Victini and Reshiram (2011) [Bluray-1080p] {imdb-tt1961324}.mkv,,,movie,imdb://tt1961324,,unmatched,Pokémon the Movie: Black - Victini and Reshiram
no movie match,0,F:\MediaStack\data\media\movies\Pokémon the Movie - Genesect and the Legend Awakened (2013)\Pokemon the Movie Genesect and the Legend Awakened (2013) [Bluray-1080p] {imdb-tt3257582}.mkv,,,movie,imdb://tt3257582,,unmatched,Pokémon the Movie: Genesect and the Legend Awakened
no movie match,0,F:\MediaStack\data\media\movies\Pokémon the Movie - Hoopa and the Clash of Ages (2015)\Pokemon the Movie Hoopa and the Clash of Ages (2015) [DVD] {imdb-tt4503906}.mkv,,,movie,imdb://tt4503906,,unmatched,Pokémon the Movie: Hoopa and the Clash of Ages
no movie match,0,F:\MediaStack\data\media\movies\Pokémon the Movie - Kyurem vs. the Sword of Justice (2012)\Pokemon the Movie Kyurem vs. the Sword of Justice (2012) [Bluray-1080p] {imdb-tt2549540}.mkv,,,movie,imdb://tt2549540,,unmatched,Pokémon the Movie: Kyurem vs. the Sword of Justice
no movie match,0,F:\MediaStack\data\media\movies\Pokémon the Movie - Mewtwo Strikes Back - Evolution (2019)\Pokemon the Movie Mewtwo Strikes Back Evolution (2019) [WEBRip-1080p] {imdb-tt8856470}.mp4,,,movie,imdb://tt8856470,,unmatched,Pokémon the Movie: Mewtwo Strikes Back - Evolution
no movie match,0,F:\MediaStack\data\media\movies\Pokémon the Movie - Secrets of the Jungle (2020)\Pokemon the Movie Secrets of the Jungle (2020) [Bluray-1080p] {imdb-tt11819890}.mkv,,,movie,imdb://tt11819890,,unmatched,Pokémon the Movie: Secrets of the Jungle
no movie match,0,F:\MediaStack\data\media\movies\Pokémon the Movie - The Power of Us (2018)\Pokemon the Movie The Power of Us (2018) [Bluray-1080p] {imdb-tt8108230}.mp4,,,movie,imdb://tt8108230,,unmatched,Pokémon the Movie: The Power of Us
no movie match,0,F:\MediaStack\data\media\movies\Pete's Dragon (2016)\Petes Dragon (2016) [Bluray-1080p] {imdb-tt2788732}.mp4,,,movie,imdb://tt2788732,,unmatched,Pete's Dragon
no movie match,0,F:\MediaStack\data\media\movies\Peter Pan (1953)\Peter Pan (1953) [Bluray-1080p] {imdb-tt0046183}.mkv,,,movie,imdb://tt0046183,,unmatched,Peter Pan
no movie match,0,F:\MediaStack\data\media\movies\Peter Pan (2003)\Peter Pan (2003) [Bluray-1080p] {imdb-tt0316396}.mkv,,,movie,imdb://tt0316396,,unmatched,Peter Pan
no movie match,0,F:\MediaStack\data\media\movies\Peter Pan & Wendy (2023)\Peter Pan and Wendy (2023) [WEBDL-1080p] {imdb-tt5635026}.mkv,,,movie,imdb://tt5635026,,unmatched,Peter Pan & Wendy
no movie match,0,F:\MediaStack\data\media\movies\Peter Rabbit 2 - The Runaway (2021)\Peter Rabbit 2 The Runaway (2021) [Bluray-1080p] {imdb-tt8376234}.mp4,,,movie,imdb://tt8376234,,unmatched,Peter Rabbit 2: The Runaway
no movie match,0,F:\MediaStack\data\media\movies\The Phantom of the Opera (2004)\The Phantom of the Opera (2004) [Bluray-1080p] {imdb-tt0293508}.mkv,,,movie,imdb://tt0293508,,unmatched,The Phantom of the Opera
no movie match,0,F:\MediaStack\data\media\movies\Phenomenon (1996)\Phenomenon (1996) [Bluray-1080p] {imdb-tt0117333}.mkv,,,movie,imdb://tt0117333,,unmatched,Phenomenon
no movie match,0,F:\MediaStack\data\media\movies\Philadelphia (1993)\Philadelphia (1993) [Bluray-1080p] {imdb-tt0107818}.mkv,,,movie,imdb://tt0107818,,unmatched,Philadelphia
no movie match,0,F:\MediaStack\data\media\movies\The Philadelphia Story (1940)\The Philadelphia Story (1940) [Bluray-1080p] {imdb-tt0032904}.mkv,,,movie,imdb://tt0032904,,unmatched,The Philadelphia Story
no movie match,0,F:\MediaStack\data\media\movies\Pillow Talk (1959)\Pillow Talk (1959) [Bluray-1080p] {imdb-tt0053172}.mp4,,,movie,imdb://tt0053172,,unmatched,Pillow Talk
no movie match,0,F:\MediaStack\data\media\movies\The Pink Panther (2006)\The Pink Panther (2006) [Bluray-1080p] {imdb-tt0383216}.mkv,,,movie,imdb://tt0383216,,unmatched,The Pink Panther
no movie match,0,F:\MediaStack\data\media\movies\The Pink Panther 2 (2009)\The Pink Panther 2 (2009) [Bluray-1080p] {imdb-tt0838232}.mkv,,,movie,imdb://tt0838232,,unmatched,The Pink Panther 2
no movie match,0,F:\MediaStack\data\media\movies\Pinocchio (1940)\Pinocchio (1940) [Bluray-1080p] {imdb-tt0032910}.mkv,,,movie,imdb://tt0032910,,unmatched,Pinocchio
no movie match,0,F:\MediaStack\data\media\movies\Pinocchio (2022)\Pinocchio (2022) [WEBDL-1080p] {imdb-tt4593060}.mkv,,,movie,imdb://tt4593060,,unmatched,Pinocchio
no movie match,0,F:\MediaStack\data\media\movies\Pirates of the Caribbean - At World's End (2007)\Pirates of the Caribbean At Worlds End (2007) [Bluray-1080p] {imdb-tt0449088}.mp4,,,movie,imdb://tt0449088,,unmatched,Pirates of the Caribbean: At World's End
no movie match,0,F:\MediaStack\data\media\movies\Pirates of the Caribbean - Dead Man's Chest (2006)\Pirates of the Caribbean Dead Mans Chest (2006) [Bluray-1080p] {imdb-tt0383574}.mp4,,,movie,imdb://tt0383574,,unmatched,Pirates of the Caribbean: Dead Man's Chest
no movie match,0,F:\MediaStack\data\media\movies\Pirates of the Caribbean - Dead Men Tell No Tales (2017)\Pirates of the Caribbean Dead Men Tell No Tales (2017) [Bluray-1080p] {imdb-tt1790809}.mkv,,,movie,imdb://tt1790809,,unmatched,Pirates of the Caribbean: Dead Men Tell No Tales
no movie match,0,F:\MediaStack\data\media\movies\Pirates of the Caribbean - On Stranger Tides (2011)\Pirates of the Caribbean On Stranger Tides (2011) [Bluray-1080p] {imdb-tt1298650}.mkv,,,movie,imdb://tt1298650,,unmatched,Pirates of the Caribbean: On Stranger Tides
no movie match,0,F:\MediaStack\data\media\movies\Pirates of the Caribbean - The Curse of the Black Pearl (2003)\Pirates of the Caribbean The Curse of the Black Pearl (2003) [Bluray-1080p] {imdb-tt0325980}.mp4,,,movie,imdb://tt0325980,,unmatched,Pirates of the Caribbean: The Curse of the Black Pearl
no movie match,0,F:\MediaStack\data\media\movies\The Pirates! In an Adventure with Scientists! (2012)\The Pirates! In an Adventure with Scientists! (2012) [Bluray-1080p] {imdb-tt1430626}.mp4,,,movie,imdb://tt1430626,,unmatched,The Pirates! Band of Misfits
no movie match,0,F:\MediaStack\data\media\movies\Pitch Black (2000)\Pitch Black (2000) [Bluray-1080p] {imdb-tt0134847}.mkv,,,movie,imdb://tt0134847,,unmatched,Pitch Black
no movie match,0,F:\MediaStack\data\media\movies\The Passion of the Christ (2004)\The Passion of the Christ (2004) [Bluray-1080p] {imdb-tt0335345}.mkv,,,movie,imdb://tt0335345,,unmatched,The Passion of the Christ
no movie match,0,F:\MediaStack\data\media\movies\Paths of Glory (1957)\Paths of Glory (1957) [Bluray-1080p] {imdb-tt0050825}.mp4,,,movie,imdb://tt0050825,,unmatched,Paths of Glory
no movie match,0,F:\MediaStack\data\media\movies\Paulie (1998)\Paulie (1998) [WEBRip-1080p] {imdb-tt0125454}.mkv,,,movie,imdb://tt0125454,,unmatched,Paulie
no movie match,0,F:\MediaStack\data\media\movies\PAW Patrol - The Mighty Movie (2023)\PAW Patrol The Mighty Movie (2023) [WEBDL-1080p] {imdb-tt15837338}.mkv,,,movie,imdb://tt15837338,,unmatched,PAW Patrol: The Mighty Movie
no movie match,0,F:\MediaStack\data\media\movies\PAW Patrol - The Movie (2021)\PAW Patrol The Movie (2021) [Bluray-1080p] {imdb-tt11832046}.mkv,,,movie,imdb://tt11832046,,unmatched,PAW Patrol: The Movie
no movie match,0,F:\MediaStack\data\media\movies\Paws of Fury - The Legend of Hank (2022)\Paws of Fury The Legend of Hank (2022) [Bluray-1080p] {imdb-tt4428398}.mkv,,,movie,imdb://tt4428398,,unmatched,Paws of Fury: The Legend of Hank
ambiguous movie title match,0,F:\MediaStack\data\media\movies\Payback (1999)\Payback (1999) [Bluray-1080p] {imdb-tt0120784}.mkv,,,movie,imdb://tt0120784,,unmatched,Payback
no movie match,0,F:\MediaStack\data\media\movies\The Peacemaker (1997)\The Peacemaker (1997) [Bluray-1080p] {imdb-tt0119874}.mp4,,,movie,imdb://tt0119874,,unmatched,The Peacemaker
no movie match,0,F:\MediaStack\data\media\movies\The Peanuts Movie (2015)\The Peanuts Movie (2015) [Bluray-1080p] {imdb-tt2452042}.mp4,,,movie,imdb://tt2452042,,unmatched,The Peanuts Movie
no movie match,0,F:\MediaStack\data\media\movies\Pearl Harbor (2001)\Pearl Harbor (2001) [Bluray-1080p] {imdb-tt0213149}.mkv,,,movie,imdb://tt0213149,,unmatched,Pearl Harbor
no movie match,0,F:\MediaStack\data\media\movies\The Pebble and the Penguin (1995)\The Pebble and the Penguin (1995) [WEBDL-1080p] {imdb-tt0114108}.mkv,,,movie,imdb://tt0114108,,unmatched,The Pebble and the Penguin
no movie match,0,F:\MediaStack\data\media\movies\Penguin Highway (2018)\Penguin Highway (2018) [Bluray-1080p] {imdb-tt8076344}.mkv,,,movie,imdb://tt8076344,,unmatched,Penguin Highway
no movie match,0,F:\MediaStack\data\media\movies\Penguins (2019)\Penguins (2019) [WEBDL-1080p] {imdb-tt8080302}.mkv,,,movie,imdb://tt8080302,,unmatched,Penguins
no movie match,0,F:\MediaStack\data\media\movies\People Like Us (2012)\People Like Us (2012) [Bluray-1080p] {imdb-tt1716777}.mkv,,,movie,imdb://tt1716777,,unmatched,People Like Us
no movie match,0,F:\MediaStack\data\media\movies\The People vs. Larry Flynt (1996)\The People vs. Larry Flynt (1996) [Bluray-1080p] {imdb-tt0117318}.mkv,,,movie,imdb://tt0117318,,unmatched,The People vs. Larry Flynt
no movie match,0,F:\MediaStack\data\media\movies\People Will Talk (1951)\People Will Talk (1951) [WEBDL-720p] {imdb-tt0043915}.mkv,,,movie,imdb://tt0043915,,unmatched,People Will Talk
no movie match,0,F:\MediaStack\data\media\movies\The Perfect Storm (2000)\The Perfect Storm (2000) [Bluray-1080p] {imdb-tt0177971}.mkv,,,movie,imdb://tt0177971,,unmatched,The Perfect Storm
no movie match,0,F:\MediaStack\data\media\movies\Pete's Dragon (1977)\Petes Dragon (1977) [Bluray-1080p] {imdb-tt0076538}.mp4,,,movie,imdb://tt0076538,,unmatched,Pete's Dragon
no movie match,0,F:\MediaStack\data\media\movies\Out Cold (2001)\Out Cold (2001) [WEBRip-1080p] {imdb-tt0253798}.mp4,,,movie,imdb://tt0253798,,unmatched,Out Cold
no movie match,0,F:\MediaStack\data\media\movies\The Out-of-Towners (1970)\The Out-of-Towners (1970) [WEBDL-1080p] {imdb-tt0066193}.mkv,,,movie,imdb://tt0066193,,unmatched,The Out of Towners
no movie match,0,F:\MediaStack\data\media\movies\The Out-of-Towners (1999)\The Out-of-Towners (1999) [WEBDL-1080p] {imdb-tt0129280}.mkv,,,movie,imdb://tt0129280,,unmatched,The Out-of-Towners
ambiguous movie title match,0,F:\MediaStack\data\media\movies\Overboard (1987)\Overboard (1987) [Bluray-1080p] {imdb-tt0093693}.mkv,,,movie,imdb://tt0093693,,unmatched,Overboard
no movie match,0,F:\MediaStack\data\media\movies\P.S. I Love You (2007)\P.S. I Love You (2007) [Bluray-1080p] {imdb-tt0431308}.mkv,,,movie,imdb://tt0431308,,unmatched,P.S. I Love You
no movie match,0,F:\MediaStack\data\media\movies\Pacific Rim (2013)\Pacific Rim (2013) [Bluray-1080p] {imdb-tt1663662}.mkv,,,movie,imdb://tt1663662,,unmatched,Pacific Rim
no movie match,0,F:\MediaStack\data\media\movies\The Pacifier (2005)\The Pacifier (2005) [WEBRip-1080p] {imdb-tt0395699}.ts,,,movie,imdb://tt0395699,,unmatched,The Pacifier
no movie match,0,F:\MediaStack\data\media\movies\Paddington (2014)\Paddington (2014) [Bluray-1080p] {imdb-tt1109624}.mp4,,,movie,imdb://tt1109624,,unmatched,Paddington
no movie match,0,F:\MediaStack\data\media\movies\The Pagemaster (1994)\The Pagemaster (1994) [Bluray-1080p] {imdb-tt0110763}.mkv,,,movie,imdb://tt0110763,,unmatched,The Pagemaster
no movie match,0,F:\MediaStack\data\media\movies\Paint (2023)\Paint (2023) [WEBRip-1080p] {imdb-tt14472156}.mkv,,,movie,imdb://tt14472156,,unmatched,Paint
no movie match,0,F:\MediaStack\data\media\movies\The Painted Veil (2006)\The Painted Veil (2006) [Bluray-1080p] {imdb-tt0446755}.mp4,,,movie,imdb://tt0446755,,unmatched,The Painted Veil
no movie match,0,F:\MediaStack\data\media\movies\Pan's Labyrinth (2006)\Pans Labyrinth (2006) [Bluray-1080p] {imdb-tt0457430}.mp4,,,movie,imdb://tt0457430,,unmatched,Pan's Labyrinth
no movie match,0,F:\MediaStack\data\media\movies\The Paper Brigade (1996)\The Paper Brigade (1996) [DVD] {imdb-tt0117287}.avi,,,movie,imdb://tt0117287,,unmatched,The Paper Brigade
no movie match,0,F:\MediaStack\data\media\movies\The Paperboy (2012)\The Paperboy (2012) [Bluray-1080p] {imdb-tt1496422}.mp4,,,movie,imdb://tt1496422,,unmatched,The Paperboy
no movie match,0,F:\MediaStack\data\media\movies\Paperhouse (1988)\Paperhouse (1988) [Bluray-1080p] {imdb-tt0098061}.mp4,,,movie,imdb://tt0098061,,unmatched,Paperhouse
no movie match,0,F:\MediaStack\data\media\movies\Paradise Canyon (1935)\Paradise Canyon (1935) [WEBDL-480p] {imdb-tt0026846}.mkv,,,movie,imdb://tt0026846,,unmatched,Paradise Canyon
no movie match,0,F:\MediaStack\data\media\movies\The Parent Trap (1961)\The Parent Trap (1961) [Bluray-1080p] {imdb-tt0055277}.mkv,,,movie,imdb://tt0055277,,unmatched,The Parent Trap
no movie match,0,F:\MediaStack\data\media\movies\The Parent Trap (1998)\The Parent Trap (1998) [Bluray-1080p] {imdb-tt0120783}.mkv,,,movie,imdb://tt0120783,,unmatched,The Parent Trap
no movie match,0,F:\MediaStack\data\media\movies\Oliver! (1968)\Oliver! (1968) [Bluray-1080p Proper] {imdb-tt0063385}.mkv,,,movie,imdb://tt0063385,,unmatched,Oliver!
no movie match,0,F:\MediaStack\data\media\movies\On the Waterfront (1954)\On the Waterfront (1954) [Bluray-1080p] {imdb-tt0047296}.mkv,,,movie,imdb://tt0047296,,unmatched,On the Waterfront
no movie match,0,F:\MediaStack\data\media\movies\Once (2007)\Once (2007) [Bluray-1080p] {imdb-tt0907657}.mkv,,,movie,imdb://tt0907657,,unmatched,Once
no movie match,0,F:\MediaStack\data\media\movies\Once Upon a Time in America (1984)\Once Upon a Time in America (1984) [Bluray-1080p] {imdb-tt0087843}.mp4,,,movie,imdb://tt0087843,,unmatched,Once Upon a Time in America
no movie match,0,F:\MediaStack\data\media\movies\Once Upon a Time in the West (1968)\Once Upon a Time in the West (1968) [Bluray-1080p] {imdb-tt0064116}.mkv,,,movie,imdb://tt0064116,,unmatched,Once Upon a Time in the West
no movie match,0,F:\MediaStack\data\media\movies\One Day (2011)\One Day (2011) [Bluray-1080p] {imdb-tt1563738}.mkv,,,movie,imdb://tt1563738,,unmatched,One Day
no movie match,0,F:\MediaStack\data\media\movies\One Flew Over the Cuckoo's Nest (1975)\One Flew Over the Cuckoos Nest (1975) [Bluray-1080p] {imdb-tt0073486}.mp4,,,movie,imdb://tt0073486,,unmatched,One Flew Over the Cuckoo's Nest
no movie match,0,F:\MediaStack\data\media\movies\One Hour Photo (2002)\One Hour Photo (2002) [Bluray-1080p] {imdb-tt0265459}.mkv,,,movie,imdb://tt0265459,,unmatched,One Hour Photo
no movie match,0,F:\MediaStack\data\media\movies\One Hundred and One Dalmatians (1961)\One Hundred and One Dalmatians (1961) [Bluray-1080p] {imdb-tt0055254}.mkv,,,movie,imdb://tt0055254,,unmatched,One Hundred and One Dalmatians
no movie match,0,F:\MediaStack\data\media\movies\One Missed Call (2008)\One Missed Call (2008) [Bluray-1080p] {imdb-tt0479968}.mp4,,,movie,imdb://tt0479968,,unmatched,One Missed Call
no movie match,0,F:\MediaStack\data\media\movies\Only Yesterday (1991)\Only Yesterday (1991) [Bluray-1080p] {imdb-tt0102587}.mp4,,,movie,imdb://tt0102587,,unmatched,Only Yesterday
no movie match,0,F:\MediaStack\data\media\movies\Only You (1994)\Only You (1994) [WEBDL-720p] {imdb-tt0110737}.mkv,,,movie,imdb://tt0110737,,unmatched,Only You
no movie match,0,F:\MediaStack\data\media\movies\Onward (2020)\Onward (2020) [Bluray-1080p] {imdb-tt7146812}.mp4,,,movie,imdb://tt7146812,,unmatched,Onward
no movie match,0,F:\MediaStack\data\media\movies\Open Season (2006)\Open Season (2006) [Bluray-1080p] {imdb-tt0400717}.mp4,,,movie,imdb://tt0400717,,unmatched,Open Season
no movie match,0,F:\MediaStack\data\media\movies\Open Season 2 (2008)\Open Season 2 (2008) [Bluray-1080p] {imdb-tt1107365}.mp4,,,movie,imdb://tt1107365,,unmatched,Open Season 2
no movie match,0,F:\MediaStack\data\media\movies\Open Season 3 (2010)\Open Season 3 (2010) [Bluray-720p] {imdb-tt1646926}.mp4,,,movie,imdb://tt1646926,,unmatched,Open Season 3
no movie match,0,F:\MediaStack\data\media\movies\Open Season - Scared Silly (2015)\Open Season Scared Silly (2015) [Bluray-1080p] {imdb-tt4938374}.mkv,,,movie,imdb://tt4938374,,unmatched,Open Season: Scared Silly!
no movie match,0,F:\MediaStack\data\media\movies\Oscar (1991)\Oscar (1991) [Bluray-1080p] {imdb-tt0102603}.mp4,,,movie,imdb://tt0102603,,unmatched,Oscar
no movie match,0,F:\MediaStack\data\media\movies\Osmosis Jones (2001)\Osmosis Jones (2001) [WEBDL-720p] {imdb-tt0181739}.mkv,,,movie,imdb://tt0181739,,unmatched,Osmosis Jones
no movie match,0,F:\MediaStack\data\media\movies\The Other Boleyn Girl (2008)\The Other Boleyn Girl (2008) [Bluray-1080p] {imdb-tt0467200}.mkv,,,movie,imdb://tt0467200,,unmatched,The Other Boleyn Girl
no movie match,0,F:\MediaStack\data\media\movies\The Notebook (2004)\The Notebook (2004) [Bluray-1080p] {imdb-tt0332280}.Clean.mp4,,,movie,imdb://tt0332280,,unmatched,The Notebook
no movie match,0,F:\MediaStack\data\media\movies\Notorious (1946)\Notorious (1946) [Bluray-1080p] {imdb-tt0038787}.mkv,,,movie,imdb://tt0038787,,unmatched,Notorious
no movie match,0,F:\MediaStack\data\media\movies\Now and Then (1995)\Now and Then (1995) [WEBDL-1080p] {imdb-tt0114011}.mkv,,,movie,imdb://tt0114011,,unmatched,Now and Then
no movie match,0,F:\MediaStack\data\media\movies\The Number 23 (2007)\The Number 23 (2007) [Bluray-1080p] {imdb-tt0481369}.mp4,,,movie,imdb://tt0481369,,unmatched,The Number 23
no movie match,0,F:\MediaStack\data\media\movies\The Nutcracker Prince (1990)\The Nutcracker Prince (1990) [SDTV] {imdb-tt0100281}.avi,,,movie,imdb://tt0100281,,unmatched,The Nutcracker Prince
no movie match,0,"F:\MediaStack\data\media\movies\O Brother, Where Art Thou! (2000)\O Brother Where Art Thou (2000) [Bluray-1080p] {imdb-tt0190590}.mkv",,,movie,imdb://tt0190590,,unmatched,"O Brother, Where Art Thou?"
no movie match,0,F:\MediaStack\data\media\movies\Ocean Waves (1993)\Ocean Waves (1993) [WEBRip-720p] {imdb-tt0108432}.mkv,,,movie,imdb://tt0108432,,unmatched,Ocean Waves
no movie match,0,F:\MediaStack\data\media\movies\Ocean's Eight (2018)\Oceans Eight (2018) [Bluray-1080p] {imdb-tt5164214}.mkv,,,movie,imdb://tt5164214,,unmatched,Ocean's Eight
no movie match,0,F:\MediaStack\data\media\movies\Ocean's Eleven (2001)\Oceans Eleven (2001) [Bluray-1080p] {imdb-tt0240772}.mkv,,,movie,imdb://tt0240772,,unmatched,Ocean's Eleven
no movie match,0,F:\MediaStack\data\media\movies\Ocean's Thirteen (2007)\Oceans Thirteen (2007) [Bluray-1080p] {imdb-tt0496806}.mkv,,,movie,imdb://tt0496806,,unmatched,Ocean's Thirteen
no movie match,0,F:\MediaStack\data\media\movies\Ocean's Twelve (2004)\Oceans Twelve (2004) [Bluray-1080p] {imdb-tt0349903}.mkv,,,movie,imdb://tt0349903,,unmatched,Ocean's Twelve
no movie match,0,F:\MediaStack\data\media\movies\The Odd Couple (1968)\The Odd Couple (1968) [Bluray-1080p] {imdb-tt0063374}.mkv,,,movie,imdb://tt0063374,,unmatched,The Odd Couple
no movie match,0,F:\MediaStack\data\media\movies\The Odd Couple II (1998)\The Odd Couple II (1998) [Bluray-1080p] {imdb-tt0120773}.mkv,,,movie,imdb://tt0120773,,unmatched,The Odd Couple II
no movie match,0,F:\MediaStack\data\media\movies\Old Dogs (2009)\Old Dogs (2009) [Bluray-1080p] {imdb-tt0976238}.mp4,,,movie,imdb://tt0976238,,unmatched,Old Dogs
no movie match,0,F:\MediaStack\data\media\movies\Oliver & Company (1988)\Oliver and Company (1988) [Bluray-1080p] {imdb-tt0095776}.mp4,,,movie,imdb://tt0095776,,unmatched,Oliver & Company
no movie match,0,F:\MediaStack\data\media\movies\The NeverEnding Story II - The Next Chapter (1990)\The NeverEnding Story II The Next Chapter (1990) [Bluray-1080p] {imdb-tt0100240}.mp4,,,movie,imdb://tt0100240,,unmatched,The NeverEnding Story II: The Next Chapter
no movie match,0,F:\MediaStack\data\media\movies\The New Mutants (2020)\The New Mutants (2020) [Bluray-1080p] {imdb-tt4682266}.mkv,,,movie,imdb://tt4682266,,unmatched,The New Mutants
no movie match,0,F:\MediaStack\data\media\movies\The New World (2005)\The New World (2005) [Bluray-1080p] {imdb-tt0402399}.mkv,,,movie,imdb://tt0402399,,unmatched,The New World
no movie match,0,F:\MediaStack\data\media\movies\Newsies (1992)\Newsies (1992) [Bluray-1080p] {imdb-tt0104990}.mp4,,,movie,imdb://tt0104990,,unmatched,Newsies
no movie match,0,F:\MediaStack\data\media\movies\Next (2007)\Next (2007) [Bluray-1080p] {imdb-tt0435705}.mp4,,,movie,imdb://tt0435705,,unmatched,Next
no movie match,0,F:\MediaStack\data\media\movies\Next Time We Love (1936)\Next Time We Love (1936) [WEBDL-480p] {imdb-tt0028029}.mkv,,,movie,imdb://tt0028029,,unmatched,Next Time We Love
no movie match,0,F:\MediaStack\data\media\movies\Niagara (1953)\Niagara (1953) [Bluray-1080p] {imdb-tt0046126}.mkv,,,movie,imdb://tt0046126,,unmatched,Niagara
no movie match,0,F:\MediaStack\data\media\movies\The Nice Guys (2016)\The Nice Guys (2016) [Bluray-1080p] {imdb-tt3799694}.mkv,,,movie,imdb://tt3799694,,unmatched,The Nice Guys
no movie match,0,F:\MediaStack\data\media\movies\Nick and Norah's Infinite Playlist (2008)\Nick and Norahs Infinite Playlist (2008) [Bluray-1080p] {imdb-tt0981227}.mkv,,,movie,imdb://tt0981227,,unmatched,Nick and Norah's Infinite Playlist
no movie match,0,F:\MediaStack\data\media\movies\Night at the Museum (2006)\Night at the Museum (2006) [Bluray-1080p] {imdb-tt0477347}.mkv,,,movie,imdb://tt0477347,,unmatched,Night at the Museum
no movie match,0,F:\MediaStack\data\media\movies\Night at the Museum - Battle of the Smithsonian (2009)\Night at the Museum Battle of the Smithsonian (2009) [Bluray-1080p] {imdb-tt1078912}.mkv,,,movie,imdb://tt1078912,,unmatched,Night at the Museum: Battle of the Smithsonian
no movie match,0,F:\MediaStack\data\media\movies\Night at the Museum - Secret of the Tomb (2014)\Night at the Museum Secret of the Tomb (2014) [Bluray-1080p] {imdb-tt2692250}.mkv,,,movie,imdb://tt2692250,,unmatched,Night at the Museum: Secret of the Tomb
no movie match,0,F:\MediaStack\data\media\movies\The Nightmare Before Christmas (1993)\The Nightmare Before Christmas (1993) [Bluray-1080p] {imdb-tt0107688}.mkv,,,movie,imdb://tt0107688,,unmatched,The Nightmare Before Christmas
no movie match,0,F:\MediaStack\data\media\movies\Nights in Rodanthe (2008)\Nights in Rodanthe (2008) [Bluray-1080p] {imdb-tt0956038}.mp4,,,movie,imdb://tt0956038,,unmatched,Nights in Rodanthe
no movie match,0,F:\MediaStack\data\media\movies\Nim's Island (2008)\Nims Island (2008) [Bluray-1080p] {imdb-tt0410377}.mkv,,,movie,imdb://tt0410377,,unmatched,Nim's Island
no movie match,0,F:\MediaStack\data\media\movies\Nixon (1995)\Nixon (1995) [Bluray-1080p Proper] {imdb-tt0113987}.mkv,,,movie,imdb://tt0113987,,unmatched,Nixon
no movie match,0,F:\MediaStack\data\media\movies\No Direction Home - Bob Dylan (2005)\No Direction Home Bob Dylan (2005) [WEBDL-720p] {imdb-tt0367555}.mkv,,,movie,local://21489,,unmatched,No Direction Home Bob Dylan
no movie match,0,F:\MediaStack\data\media\movies\No Reservations (2007)\No Reservations (2007) [Bluray-1080p] {imdb-tt0481141}.mp4,,,movie,imdb://tt0481141,,unmatched,No Reservations
no movie match,0,F:\MediaStack\data\media\movies\Noelle (2019)\Noelle (2019) [WEBDL-1080p] {imdb-tt5097410}.mkv,,,movie,imdb://tt5097410,,unmatched,Noelle
no movie match,0,F:\MediaStack\data\media\movies\North by Northwest (1959)\North by Northwest (1959) [Bluray-1080p] {imdb-tt0053125}.mkv,,,movie,imdb://tt0053125,,unmatched,North by Northwest
no movie match,0,F:\MediaStack\data\media\movies\Naked Gun 33⅓ - The Final Insult (1994)\Naked Gun 33⅓ The Final Insult (1994) [Bluray-1080p] {imdb-tt0110622}.mp4,,,movie,imdb://tt0110622,,unmatched,Naked Gun 33 1/3: The Final Insult
no movie match,0,F:\MediaStack\data\media\movies\Nanny McPhee and the Big Bang (2010)\Nanny McPhee and the Big Bang (2010) [WEBDL-1080p] {imdb-tt1415283}.mkv,,,movie,imdb://tt1415283,,unmatched,Nanny McPhee Returns
no movie match,0,F:\MediaStack\data\media\movies\Napoleon Dynamite (2004)\Napoleon Dynamite (2004) [Bluray-1080p] {imdb-tt0374900}.mp4,,,movie,imdb://tt0374900,,unmatched,Napoleon Dynamite
no movie match,0,F:\MediaStack\data\media\movies\National Treasure (2004)\National Treasure (2004) [Bluray-1080p] {imdb-tt0368891}.mkv,,,movie,imdb://tt0368891,,unmatched,National Treasure
no movie match,0,F:\MediaStack\data\media\movies\National Treasure - Book of Secrets (2007)\National Treasure Book of Secrets (2007) [Bluray-1080p] {imdb-tt0465234}.mkv,,,movie,imdb://tt0465234,,unmatched,National Treasure: Book of Secrets
no movie match,0,F:\MediaStack\data\media\movies\The Nativity Story (2006)\The Nativity Story (2006) [Bluray-1080p] {imdb-tt0762121}.mkv,,,movie,imdb://tt0762121,,unmatched,The Nativity Story
no movie match,0,F:\MediaStack\data\media\movies\The Natural (1984)\The Natural (1984) [Bluray-1080p] {imdb-tt0087781}.mkv,,,movie,imdb://tt0087781,,unmatched,The Natural
no movie match,0,F:\MediaStack\data\media\movies\Natural Born Killers (1994)\Natural Born Killers (1994) [Bluray-1080p Proper] {imdb-tt0110632}.mkv,,,movie,imdb://tt0110632,,unmatched,Natural Born Killers
no movie match,0,F:\MediaStack\data\media\movies\Nausicaä of the Valley of the Wind (1984)\Nausicaa of the Valley of the Wind (1984) [Bluray-1080p] {imdb-tt0087544}.mkv,,,movie,imdb://tt0087544,,unmatched,Nausicaä of the Valley of the Wind
no movie match,0,F:\MediaStack\data\media\movies\'Neath the Arizona Skies (1934)\'Neath the Arizona Skies (1934) [WEBDL-480p] {imdb-tt0024805}.mkv,,,movie,imdb://tt0024805,,unmatched,'Neath the Arizona Skies
no movie match,0,F:\MediaStack\data\media\movies\Necessary Roughness (1991)\Necessary Roughness (1991) [WEBRip-720p] {imdb-tt0102517}.mkv,,,movie,imdb://tt0102517,,unmatched,Necessary Roughness
no movie match,0,F:\MediaStack\data\media\movies\Need for Speed (2014)\Need for Speed (2014) [Bluray-1080p] {imdb-tt2369135}.mp4,,,movie,imdb://tt2369135,,unmatched,Need for Speed
no movie match,0,F:\MediaStack\data\media\movies\The Negotiator (1998)\The Negotiator (1998) [Bluray-1080p] {imdb-tt0120768}.mkv,,,movie,imdb://tt0120768,,unmatched,The Negotiator
no movie match,0,F:\MediaStack\data\media\movies\Never Been Kissed (1999)\Never Been Kissed (1999) [Bluray-1080p] {imdb-tt0151738}.mp4,,,movie,imdb://tt0151738,,unmatched,Never Been Kissed
no movie match,0,F:\MediaStack\data\media\movies\The NeverEnding Story (1984)\The NeverEnding Story (1984) [Bluray-1080p] {imdb-tt0088323}.mp4,,,movie,imdb://tt0088323,,unmatched,The NeverEnding Story
no movie match,0,F:\MediaStack\data\media\movies\The Mummy Returns (2001)\The Mummy Returns (2001) [Bluray-1080p] {imdb-tt0209163}.mkv,,,movie,imdb://tt0209163,,unmatched,The Mummy Returns
no movie match,0,F:\MediaStack\data\media\movies\The Mummy - Tomb of the Dragon Emperor (2008)\The Mummy Tomb of the Dragon Emperor (2008) [Bluray-1080p] {imdb-tt0859163}.mkv,,,movie,imdb://tt0859163,,unmatched,The Mummy: Tomb of the Dragon Emperor
no movie match,0,F:\MediaStack\data\media\movies\Munich (2005)\Munich (2005) [Bluray-1080p] {imdb-tt0408306}.mkv,,,movie,imdb://tt0408306,,unmatched,Munich
no movie match,0,F:\MediaStack\data\media\movies\The Muppet Christmas Carol (1992)\The Muppet Christmas Carol (1992) [Bluray-1080p] {imdb-tt0104940}.mkv,,,movie,imdb://tt0104940,,unmatched,The Muppet Christmas Carol
no movie match,0,F:\MediaStack\data\media\movies\The Muppet Movie (1979)\The Muppet Movie (1979) [Bluray-1080p] {imdb-tt0079588}.mkv,,,movie,imdb://tt0079588,,unmatched,The Muppet Movie
no movie match,0,F:\MediaStack\data\media\movies\Muppet Treasure Island (1996)\Muppet Treasure Island (1996) [Bluray-1080p Proper] {imdb-tt0117110}.mkv,,,movie,imdb://tt0117110,,unmatched,Muppet Treasure Island
no movie match,0,F:\MediaStack\data\media\movies\The Muppets (2011)\The Muppets (2011) [Bluray-1080p] {imdb-tt1204342}.mkv,,,movie,imdb://tt1204342,,unmatched,The Muppets
no movie match,0,F:\MediaStack\data\media\movies\A Muppets Christmas - Letters to Santa (2008)\A Muppets Christmas Letters to Santa (2008) [WEBDL-480p] {imdb-tt1292569}.mp4,,,movie,imdb://tt1292569,,unmatched,A Muppets Christmas: Letters to Santa
no movie match,0,F:\MediaStack\data\media\movies\Muppets from Space (1999)\Muppets from Space (1999) [Bluray-1080p] {imdb-tt0158811}.mp4,,,movie,imdb://tt0158811,,unmatched,Muppets from Space
no movie match,0,F:\MediaStack\data\media\movies\Muppets Haunted Mansion (2021)\Muppets Haunted Mansion (2021) [WEBDL-1080p] {imdb-tt14602326}.mkv,,,movie,imdb://tt14602326,,unmatched,Muppets Haunted Mansion
no movie match,0,F:\MediaStack\data\media\movies\Muppets Most Wanted (2014)\Muppets Most Wanted (2014) [Bluray-1080p] {imdb-tt2281587}.mkv,,,movie,imdb://tt2281587,,unmatched,Muppets Most Wanted
no movie match,0,F:\MediaStack\data\media\movies\The Muppets Take Manhattan (1984)\The Muppets Take Manhattan (1984) [Bluray-1080p] {imdb-tt0087755}.mp4,,,movie,imdb://tt0087755,,unmatched,The Muppets Take Manhattan
no movie match,0,F:\MediaStack\data\media\movies\The Muppets' Wizard of Oz (2005)\The Muppets Wizard of Oz (2005) [WEBRip-1080p] {imdb-tt0422778}.mp4,,,movie,imdb://tt0422778,,unmatched,The Muppets' Wizard of Oz
no movie match,0,F:\MediaStack\data\media\movies\Murder by Death (1976)\Murder by Death (1976) [Bluray-1080p] {imdb-tt0074937}.mp4,,,movie,imdb://tt0074937,,unmatched,Murder by Death
no movie match,0,F:\MediaStack\data\media\movies\Music and Lyrics (2007)\Music and Lyrics (2007) [Bluray-1080p] {imdb-tt0758766}.mp4,,,movie,imdb://tt0758766,,unmatched,Music and Lyrics
no movie match,0,F:\MediaStack\data\media\movies\My Big Fat Greek Wedding (2002)\My Big Fat Greek Wedding (2002) [Bluray-1080p] {imdb-tt0259446}.mp4,,,movie,imdb://tt0259446,,unmatched,My Big Fat Greek Wedding
no movie match,0,F:\MediaStack\data\media\movies\My Cousin Vinny (1992)\My Cousin Vinny (1992) [Bluray-1080p] {imdb-tt0104952}.mkv,,,movie,imdb://tt0104952,,unmatched,My Cousin Vinny
no movie match,0,F:\MediaStack\data\media\movies\My Fair Lady (1964)\My Fair Lady (1964) [Bluray-1080p] {imdb-tt0058385}.mkv,,,movie,imdb://tt0058385,,unmatched,My Fair Lady
no movie match,0,F:\MediaStack\data\media\movies\My Favorite Martian (1999)\My Favorite Martian (1999) [WEBDL-720p] {imdb-tt0120764}.mkv,,,movie,imdb://tt0120764,,unmatched,My Favorite Martian
no movie match,0,F:\MediaStack\data\media\movies\My Neighbor Totoro (1988)\My Neighbor Totoro (1988) [Bluray-1080p] {imdb-tt0096283}.mkv,,,movie,imdb://tt0096283,,unmatched,My Neighbor Totoro
no movie match,0,F:\MediaStack\data\media\movies\My Neighbors the Yamadas (1999)\My Neighbors the Yamadas (1999) [Bluray-1080p] {imdb-tt0206013}.mkv,,,movie,imdb://tt0206013,,unmatched,My Neighbors the Yamadas
no movie match,0,F:\MediaStack\data\media\movies\My Sister's Keeper (2009)\My Sisters Keeper (2009) [Bluray-1080p] {imdb-tt1078588}.mkv,,,movie,imdb://tt1078588,,unmatched,My Sister's Keeper
no movie match,0,F:\MediaStack\data\media\movies\The Monuments Men (2014)\The Monuments Men (2014) [Bluray-1080p] {imdb-tt2177771}.mp4,,,movie,imdb://tt2177771,,unmatched,The Monuments Men
no movie match,0,F:\MediaStack\data\media\movies\MouseHunt (1997)\MouseHunt (1997) [WEBRip-1080p] {imdb-tt0119715}.mp4,,,movie,imdb://tt0119715,,unmatched,Mousehunt
no movie match,0,F:\MediaStack\data\media\movies\Mr. & Mrs. Smith (2005)\Mr. and Mrs. Smith (2005) [Bluray-1080p] {imdb-tt0356910}.mp4,,,movie,imdb://tt0356910,,unmatched,Mr. & Mrs. Smith
no movie match,0,F:\MediaStack\data\media\movies\Mr. Holland's Opus (1995)\Mr. Hollands Opus (1995) [Bluray-1080p] {imdb-tt0113862}.mkv,,,movie,imdb://tt0113862,,unmatched,Mr. Holland's Opus
no movie match,0,F:\MediaStack\data\media\movies\Mr. Magoo (1997)\Mr. Magoo (1997) [WEBDL-1080p] {imdb-tt0119718}.mkv,,,movie,imdb://tt0119718,,unmatched,Mr. Magoo
no movie match,0,F:\MediaStack\data\media\movies\Mr. Popper's Penguins (2011)\Mr. Poppers Penguins (2011) [WEBDL-1080p] {imdb-tt1396218}.mkv,,,movie,imdb://tt1396218,,unmatched,Mr. Popper's Penguins
no movie match,0,F:\MediaStack\data\media\movies\Mr. Smith Goes to Washington (1939)\Mr. Smith Goes to Washington (1939) [Bluray-1080p] {imdb-tt0031679}.mkv,,,movie,imdb://tt0031679,,unmatched,Mr. Smith Goes to Washington
no movie match,0,F:\MediaStack\data\media\movies\Mrs. Doubtfire (1993)\Mrs. Doubtfire (1993) [Bluray-1080p] {imdb-tt0107614}.mp4,,,movie,imdb://tt0107614,,unmatched,Mrs. Doubtfire
no movie match,0,F:\MediaStack\data\media\movies\Mufasa - The Lion King (2024)\Mufasa The Lion King (2024) [Bluray-1080p] {imdb-tt13186482}.mkv,,,movie,imdb://tt13186482,,unmatched,Mufasa: The Lion King
no movie match,0,F:\MediaStack\data\media\movies\Mulan (1998)\Mulan (1998) [Bluray-1080p] {imdb-tt0120762}.mp4,,,movie,imdb://tt0120762,,unmatched,Mulan
no movie match,0,F:\MediaStack\data\media\movies\Mulan (2020)\Mulan (2020) [Bluray-1080p] {imdb-tt4566758}.mkv,,,movie,imdb://tt4566758,,unmatched,Mulan
no movie match,0,F:\MediaStack\data\media\movies\Mulan II (2004)\Mulan II (2004) [Bluray-1080p] {imdb-tt0279967}.mkv,,,movie,imdb://tt0279967,,unmatched,Mulan II
no movie match,0,F:\MediaStack\data\media\movies\Moana (2016)\Moana (2016) [Bluray-1080p] {imdb-tt3521164}.mkv,,,movie,imdb://tt3521164,,unmatched,Moana
no movie match,0,F:\MediaStack\data\media\movies\Moana 2 (2024)\Moana 2 (2024) [Bluray-1080p Proper] {imdb-tt13622970}.mp4,,,movie,imdb://tt13622970,,unmatched,Moana 2
no movie match,0,F:\MediaStack\data\media\movies\Modern Times (1936)\Modern Times (1936) [Bluray-1080p] {imdb-tt0027977}.mp4,,,movie,imdb://tt0027977,,unmatched,Modern Times
no movie match,0,F:\MediaStack\data\media\movies\Mona Lisa Smile (2003)\Mona Lisa Smile (2003) [Bluray-720p] {imdb-tt0304415}.mp4,,,movie,imdb://tt0304415,,unmatched,Mona Lisa Smile
no movie match,0,F:\MediaStack\data\media\movies\Monkey Trouble (1994)\Monkey Trouble (1994) [WEBDL-480p] {imdb-tt0110557}.mp4,,,movie,imdb://tt0110557,,unmatched,Monkey Trouble
no movie match,0,F:\MediaStack\data\media\movies\Monster Family (2017)\Monster Family (2017) [Bluray-1080p] {imdb-tt6572702}.mkv,,,movie,imdb://tt6572702,,unmatched,Monster Family
no movie match,0,F:\MediaStack\data\media\movies\Monster Family 2 (2021)\Monster Family 2 (2021) [Bluray-1080p] {imdb-tt15096796}.mp4,,,movie,imdb://tt15096796,,unmatched,Monster Family 2
no movie match,0,F:\MediaStack\data\media\movies\Monsters University (2013)\Monsters University (2013) [Bluray-1080p] {imdb-tt1453405}.mp4,,,movie,imdb://tt1453405,,unmatched,Monsters University
no movie match,0,F:\MediaStack\data\media\movies\Monsters vs Aliens (2009)\Monsters vs Aliens (2009) [Bluray-1080p] {imdb-tt0892782}.mkv,,,movie,imdb://tt0892782,,unmatched,Monsters vs. Aliens
no movie match,0,"F:\MediaStack\data\media\movies\Monsters, Inc. (2001)\Monsters Inc. (2001) [Bluray-1080p Proper] {imdb-tt0198781}.mp4",,,movie,imdb://tt0198781,,unmatched,"Monsters, Inc."
no movie match,0,F:\MediaStack\data\media\movies\Monte Carlo (2011)\Monte Carlo (2011) [Bluray-1080p] {imdb-tt1067774}.mp4,,,movie,imdb://tt1067774,,unmatched,Monte Carlo
no movie match,0,F:\MediaStack\data\media\movies\Mighty Morphin Power Rangers - The Movie (1995)\Mighty Morphin Power Rangers The Movie (1995) [Bluray-720p] {imdb-tt0113820}.mkv,,,movie,imdb://tt0113820,,unmatched,Mighty Morphin Power Rangers
no movie match,0,F:\MediaStack\data\media\movies\Migration (2023)\Migration (2023) [Bluray-1080p] {imdb-tt6495056}.mkv,,,movie,imdb://tt6495056,,unmatched,Migration
no movie match,0,F:\MediaStack\data\media\movies\Millennium Actress (2002)\Millennium Actress (2002) [WEBDL-1080p] {imdb-tt0291350}.mkv,,,movie,imdb://tt0291350,,unmatched,Millennium Actress
no movie match,0,F:\MediaStack\data\media\movies\Million Dollar Arm (2014)\Million Dollar Arm (2014) [Bluray-1080p] {imdb-tt1647668}.mkv,,,movie,imdb://tt1647668,,unmatched,Million Dollar Arm
no movie match,0,F:\MediaStack\data\media\movies\Million Dollar Baby (2004)\Million Dollar Baby (2004) [Bluray-1080p] {imdb-tt0405159}.mkv,,,movie,imdb://tt0405159,,unmatched,Million Dollar Baby
no movie match,0,F:\MediaStack\data\media\movies\A Minecraft Movie (2025)\A Minecraft Movie (2025) [Bluray-1080p] {imdb-tt3566834}.mp4,,,movie,imdb://tt3566834,,unmatched,A Minecraft Movie
no movie match,0,F:\MediaStack\data\media\movies\Minority Report (2002)\Minority Report (2002) [Bluray-1080p] {imdb-tt0181689}.mkv,,,movie,imdb://tt0181689,,unmatched,Minority Report
no movie match,0,F:\MediaStack\data\media\movies\Minutemen (2008)\Minutemen (2008) [WEBRip-1080p] {imdb-tt1072755}.mp4,,,movie,imdb://tt1072755,,unmatched,Minutemen
no movie match,0,F:\MediaStack\data\media\movies\Miracle (2004)\Miracle (2004) [Bluray-1080p] {imdb-tt0349825}.mkv,,,movie,imdb://tt0349825,,unmatched,Miracle
no movie match,0,F:\MediaStack\data\media\movies\Mirror Mirror (2012)\Mirror Mirror (2012) [Bluray-1080p] {imdb-tt1667353}.mp4,,,movie,imdb://tt1667353,,unmatched,Mirror Mirror
no movie match,0,F:\MediaStack\data\media\movies\Miss Congeniality (2000)\Miss Congeniality (2000) [WEBDL-1080p] {imdb-tt0212346}.mkv,,,movie,imdb://tt0212346,,unmatched,Miss Congeniality
no movie match,0,F:\MediaStack\data\media\movies\Miss Congeniality 2 - Armed and Fabulous (2005)\Miss Congeniality 2 Armed and Fabulous (2005) [Bluray-1080p] {imdb-tt0385307}.mkv,,,movie,imdb://tt0385307,,unmatched,Miss Congeniality 2: Armed & Fabulous
no movie match,0,F:\MediaStack\data\media\movies\Miss Potter (2006)\Miss Potter (2006) [Bluray-1080p] {imdb-tt0482546}.mp4,,,movie,imdb://tt0482546,,unmatched,Miss Potter
no movie match,0,F:\MediaStack\data\media\movies\Mission - Impossible - Ghost Protocol (2011)\Mission Impossible Ghost Protocol (2011) [Bluray-1080p] {imdb-tt1229238}.mkv,,,movie,imdb://tt1229238,,unmatched,Mission: Impossible - Ghost Protocol
ambiguous movie title match,0,F:\MediaStack\data\media\movies\Mean Girls (2004)\Mean Girls (2004) [Bluray-1080p] {imdb-tt0377092}.mkv,,,movie,imdb://tt0377092,,unmatched,Mean Girls
no movie match,0,F:\MediaStack\data\media\movies\Meet Dave (2008)\Meet Dave (2008) [Bluray-1080p] {imdb-tt0765476}.mkv,,,movie,imdb://tt0765476,,unmatched,Meet Dave
no movie match,0,F:\MediaStack\data\media\movies\Meet the Deedles (1998)\Meet the Deedles (1998) [WEBRip-1080p] {imdb-tt0120645}.mp4,,,movie,imdb://tt0120645,,unmatched,Meet the Deedles
no movie match,0,F:\MediaStack\data\media\movies\Meet the Robinsons (2007)\Meet the Robinsons (2007) [Bluray-1080p] {imdb-tt0396555}.mkv,,,movie,imdb://tt0396555,,unmatched,Meet the Robinsons
no movie match,0,F:\MediaStack\data\media\movies\Megamind (2010)\Megamind (2010) [Bluray-1080p] {imdb-tt1001526}.mkv,,,movie,imdb://tt1001526,,unmatched,Megamind
no movie match,0,F:\MediaStack\data\media\movies\Megamind vs. the Doom Syndicate (2024)\Megamind vs. the Doom Syndicate (2024) [WEBRip-1080p] {imdb-tt31122323}.mkv,,,movie,imdb://tt31122323,,unmatched,Megamind vs. The Doom Syndicate
no movie match,0,F:\MediaStack\data\media\movies\Memoirs of a Geisha (2005)\Memoirs of a Geisha (2005) [WEBDL-1080p] {imdb-tt0397535}.mkv,,,movie,imdb://tt0397535,,unmatched,Memoirs of a Geisha
no movie match,0,F:\MediaStack\data\media\movies\Men of Honor (2000)\Men of Honor (2000) [Bluray-1080p] {imdb-tt0203019}.mp4,,,movie,imdb://tt0203019,,unmatched,Men of Honor
no movie match,0,F:\MediaStack\data\media\movies\Merry Madagascar (2009)\Merry Madagascar (2009) [Bluray-1080p] {imdb-tt1526300}.mkv,,,movie,imdb://tt1526300,,unmatched,Merry Madagascar
no movie match,0,F:\MediaStack\data\media\movies\Metropolis (1927)\Metropolis (1927) [Bluray-1080p] {imdb-tt0017136}.mkv,,,movie,imdb://tt0017136,,unmatched,Metropolis
no movie match,0,F:\MediaStack\data\media\movies\The Mexican (2001)\The Mexican (2001) [Bluray-1080p Proper] {imdb-tt0236493}.mkv,,,movie,imdb://tt0236493,,unmatched,The Mexican
no movie match,0,"F:\MediaStack\data\media\movies\Mickey, Donald, Goofy - The Three Musketeers (2004)\Mickey Donald Goofy The Three Musketeers (2004) [Bluray-1080p] {imdb-tt0371823}.mkv",,,movie,imdb://tt0371823,,unmatched,"Mickey, Donald, Goofy: The Three Musketeers"
no movie match,0,F:\MediaStack\data\media\movies\A Midsummer Night's Dream (1999)\A Midsummer Nights Dream (1999) [Bluray-1080p] {imdb-tt0140379}.mp4,,,movie,imdb://tt0140379,,unmatched,A Midsummer Night's Dream
no movie match,0,F:\MediaStack\data\media\movies\The Mighty Ducks (1992)\The Mighty Ducks (1992) [Bluray-1080p] {imdb-tt0104868}.mkv,,,movie,imdb://tt0104868,,unmatched,The Mighty Ducks
no movie match,0,F:\MediaStack\data\media\movies\Mighty Joe Young (1998)\Mighty Joe Young (1998) [Bluray-1080p] {imdb-tt0120751}.mp4,,,movie,imdb://tt0120751,,unmatched,Mighty Joe Young
no movie match,0,F:\MediaStack\data\media\movies\Man on Wire (2008)\Man on Wire (2008) [WEBDL-1080p] {imdb-tt1155592}.mkv,,,movie,imdb://tt1155592,,unmatched,Man on Wire
no movie match,0,F:\MediaStack\data\media\movies\The Man Who Knew Too Little (1997)\The Man Who Knew Too Little (1997) [Bluray-1080p] {imdb-tt0120483}.mp4,,,movie,imdb://tt0120483,,unmatched,The Man Who Knew Too Little
no movie match,0,F:\MediaStack\data\media\movies\The Man Who Knew Too Much (1956)\The Man Who Knew Too Much (1956) [WEBDL-1080p] {imdb-tt0049470}.mkv,,,movie,imdb://tt0049470,,unmatched,The Man Who Knew Too Much
no movie match,0,F:\MediaStack\data\media\movies\The Man Who Shot Liberty Valance (1962)\The Man Who Shot Liberty Valance (1962) [Bluray-1080p] {imdb-tt0056217}.mkv,,,movie,imdb://tt0056217,,unmatched,The Man Who Shot Liberty Valance
no movie match,0,F:\MediaStack\data\media\movies\The Many Adventures of Winnie the Pooh (1977)\The Many Adventures of Winnie the Pooh (1977) [Bluray-1080p] {imdb-tt0076363}.mp4,,,movie,imdb://tt0076363,,unmatched,The Many Adventures of Winnie the Pooh
no movie match,0,F:\MediaStack\data\media\movies\Marley & Me (2008)\Marley and Me (2008) [Bluray-1080p] {imdb-tt0822832}.mkv,,,movie,imdb://tt0822832,,unmatched,Marley & Me
no movie match,0,F:\MediaStack\data\media\movies\Marmaduke (2010)\Marmaduke (2010) [Bluray-720p] {imdb-tt1392197}.mp4,,,movie,imdb://tt1392197,,unmatched,Marmaduke
no movie match,0,F:\MediaStack\data\media\movies\The Martian (2015)\The Martian (2015) [Bluray-1080p] {imdb-tt3659388}.mkv,,,movie,imdb://tt3659388,,unmatched,The Martian
no movie match,0,F:\MediaStack\data\media\movies\Martian Child (2007)\Martian Child (2007) [WEBDL-1080p] {imdb-tt0415965}.mkv,,,movie,imdb://tt0415965,,unmatched,Martian Child
no movie match,0,F:\MediaStack\data\media\movies\The Marvels (2023)\The Marvels (2023) [Bluray-1080p] {imdb-tt10676048}.mkv,,,movie,imdb://tt10676048,,unmatched,The Marvels
no movie match,0,F:\MediaStack\data\media\movies\Mary and The Witch's Flower (2017)\Mary and The Witchs Flower (2017) [Bluray-1080p] {imdb-tt6336356}.mkv,,,movie,imdb://tt6336356,,unmatched,Mary and The Witch's Flower
no movie match,0,F:\MediaStack\data\media\movies\Mary Poppins (1964)\Mary Poppins (1964) [Bluray-1080p] {imdb-tt0058331}.mkv,,,movie,imdb://tt0058331,,unmatched,Mary Poppins
no movie match,0,F:\MediaStack\data\media\movies\Mary Poppins Returns (2018)\Mary Poppins Returns (2018) [Bluray-1080p] {imdb-tt5028340}.mkv,,,movie,imdb://tt5028340,,unmatched,Mary Poppins Returns
no movie match,0,F:\MediaStack\data\media\movies\The Mask (1994)\The Mask (1994) [Bluray-1080p] {imdb-tt0110475}.mp4,,,movie,imdb://tt0110475,,unmatched,The Mask
no movie match,0,F:\MediaStack\data\media\movies\Mass (2021)\Mass (2021) [Bluray-1080p] {imdb-tt11389748}.mkv,,,movie,imdb://tt11389748,,unmatched,Mass
no movie match,0,F:\MediaStack\data\media\movies\Master and Commander - The Far Side of the World (2003)\Master and Commander The Far Side of the World (2003) [Bluray-1080p] {imdb-tt0311113}.mkv,,,movie,imdb://tt0311113,,unmatched,Master and Commander: The Far Side of the World
no movie match,0,F:\MediaStack\data\media\movies\The Master of Disguise (2002)\The Master of Disguise (2002) [WEBDL-1080p] {imdb-tt0295427}.mkv,,,movie,imdb://tt0295427,,unmatched,The Master of Disguise
no movie match,0,F:\MediaStack\data\media\movies\Match Point (2005)\Match Point (2005) [Bluray-1080p] {imdb-tt0416320}.mkv,,,movie,imdb://tt0416320,,unmatched,Match Point
no movie match,0,F:\MediaStack\data\media\movies\The Matrix (1999)\The Matrix (1999) [Bluray-1080p] {imdb-tt0133093}.mkv,,,movie,imdb://tt0133093,,unmatched,The Matrix
no movie match,0,F:\MediaStack\data\media\movies\The Matrix Reloaded (2003)\The Matrix Reloaded (2003) [Bluray-1080p] {imdb-tt0234215}.mkv,,,movie,imdb://tt0234215,,unmatched,The Matrix Reloaded
no movie match,0,F:\MediaStack\data\media\movies\The Matrix Resurrections (2021)\The Matrix Resurrections (2021) [Bluray-1080p] {imdb-tt10838180}.mp4,,,movie,imdb://tt10838180,,unmatched,The Matrix Resurrections
no movie match,0,F:\MediaStack\data\media\movies\The Matrix Revolutions (2003)\The Matrix Revolutions (2003) [Bluray-1080p] {imdb-tt0242653}.mkv,,,movie,imdb://tt0242653,,unmatched,The Matrix Revolutions
no movie match,0,F:\MediaStack\data\media\movies\Max Keeble's Big Move (2001)\Max Keebles Big Move (2001) [WEBDL-1080p] {imdb-tt0273799}.mkv,,,movie,imdb://tt0273799,,unmatched,Max Keeble's Big Move
no movie match,0,"F:\MediaStack\data\media\movies\McFarland, USA (2015)\McFarland USA (2015) [Bluray-1080p] {imdb-tt2097298}.mp4",,,movie,imdb://tt2097298,,unmatched,"McFarland, USA"
no movie match,0,F:\MediaStack\data\media\movies\McLintock! (1963)\McLintock! (1963) [WEBDL-480p] {imdb-tt0057298}.mkv,,,movie,imdb://tt0057298,,unmatched,McLintock!
no movie match,0,F:\MediaStack\data\media\movies\Mad Max - Fury Road (2015)\Mad Max Fury Road (2015) [Bluray-1080p] {imdb-tt1392190}.mkv,,,movie,imdb://tt1392190,,unmatched,Mad Max: Fury Road
no movie match,0,F:\MediaStack\data\media\movies\Madame Web (2024)\Madame Web (2024) [WEBDL-1080p] {imdb-tt11057302}.mkv,,,movie,imdb://tt11057302,,unmatched,Madame Web
no movie match,0,F:\MediaStack\data\media\movies\Madeline (1998)\Madeline (1998) [WEBRip-1080p] {imdb-tt0123987}.mp4,,,movie,imdb://tt0123987,,unmatched,Madeline
no movie match,0,F:\MediaStack\data\media\movies\The Magnificent Seven (1960)\The Magnificent Seven (1960) [Bluray-1080p] {imdb-tt0054047}.mkv,,,movie,imdb://tt0054047,,unmatched,The Magnificent Seven
no movie match,0,F:\MediaStack\data\media\movies\The Magnificent Seven (2016)\The Magnificent Seven (2016) [Bluray-1080p] {imdb-tt2404435}.mkv,,,movie,imdb://tt2404435,,unmatched,The Magnificent Seven
no movie match,0,F:\MediaStack\data\media\movies\Magnolia (1999)\Magnolia (1999) [Bluray-1080p] {imdb-tt0175880}.mp4,,,movie,imdb://tt0175880,,unmatched,Magnolia
no movie match,0,F:\MediaStack\data\media\movies\The Majestic (2001)\The Majestic (2001) [Bluray-1080p] {imdb-tt0268995}.mkv,,,movie,imdb://tt0268995,,unmatched,The Majestic
no movie match,0,F:\MediaStack\data\media\movies\Maleficent (2014)\Maleficent (2014) [Bluray-1080p] {imdb-tt1587310}.mp4,,,movie,imdb://tt1587310,,unmatched,Maleficent
no movie match,0,F:\MediaStack\data\media\movies\Maleficent - Mistress of Evil (2019)\Maleficent Mistress of Evil (2019) [Bluray-1080p] {imdb-tt4777008}.mp4,,,movie,imdb://tt4777008,,unmatched,Maleficent: Mistress of Evil
no movie match,0,F:\MediaStack\data\media\movies\The Maltese Falcon (1941)\The Maltese Falcon (1941) [Bluray-1080p] {imdb-tt0033870}.mp4,,,movie,imdb://tt0033870,,unmatched,The Maltese Falcon
no movie match,0,F:\MediaStack\data\media\movies\Mamma Mia! Here We Go Again (2018)\Mamma Mia! Here We Go Again (2018) [Bluray-1080p] {imdb-tt6911608}.mkv,,,movie,imdb://tt6911608,,unmatched,Mamma Mia! Here We Go Again
no movie match,0,F:\MediaStack\data\media\movies\The Man from Snowy River (1982)\The Man from Snowy River (1982) [Bluray-1080p] {imdb-tt0084296}.mp4,,,movie,imdb://tt0084296,,unmatched,The Man from Snowy River
no movie match,0,F:\MediaStack\data\media\movies\The Man from U.N.C.L.E. (2015)\The Man from U.N.C.L.E. (2015) [WEBDL-1080p] {imdb-tt1638355}.mkv,,,movie,imdb://tt1638355,,unmatched,The Man from U.N.C.L.E.
no movie match,0,F:\MediaStack\data\media\movies\The Man from Utah (1934)\The Man from Utah (1934) [WEBDL-480p] {imdb-tt0025455}.mkv,,,movie,imdb://tt0025455,,unmatched,The Man from Utah
no movie match,0,F:\MediaStack\data\media\movies\Man of Steel (2013)\Man of Steel (2013) [Bluray-1080p] {imdb-tt0770828}.mkv,,,movie,imdb://tt0770828,,unmatched,Man of Steel
no movie match,0,F:\MediaStack\data\media\movies\Man of the House (1995)\Man of the House (1995) [DVD] {imdb-tt0113755}.avi,,,movie,imdb://tt0113755,,unmatched,Man of the House
no movie match,0,F:\MediaStack\data\media\movies\Man on Fire (2004)\Man on Fire (2004) [Bluray-1080p Proper] {imdb-tt0328107}.mp4,,,movie,imdb://tt0328107,,unmatched,Man on Fire
no movie match,0,F:\MediaStack\data\media\movies\Look Who's Talking (1989)\Look Whos Talking (1989) [WEBRip-1080p] {imdb-tt0097778}.mp4,,,movie,imdb://tt0097778,,unmatched,Look Who's Talking
no movie match,0,F:\MediaStack\data\media\movies\The Lorax (2012)\The Lorax (2012) [Bluray-1080p] {imdb-tt1482459}.mp4,,,movie,imdb://tt1482459,,unmatched,The Lorax
no movie match,0,F:\MediaStack\data\media\movies\The Lord of the Rings (1978)\The Lord of the Rings (1978) [Bluray-1080p] {imdb-tt0077869}.mkv,,,movie,imdb://tt0077869,,unmatched,The Lord of the Rings
no movie match,0,F:\MediaStack\data\media\movies\The Lord of the Rings - The Fellowship of the Ring (2001)\The Lord of the Rings The Fellowship of the Ring (2001) [Bluray-1080p] {imdb-tt0120737}.mkv,,,movie,imdb://tt0120737,,unmatched,The Lord of the Rings: The Fellowship of the Ring
no movie match,0,F:\MediaStack\data\media\movies\The Lord of the Rings - The Return of the King (2003)\The Lord of the Rings The Return of the King (2003) [Bluray-1080p] {imdb-tt0167260}.mkv,,,movie,imdb://tt0167260,,unmatched,The Lord of the Rings: The Return of the King
no movie match,0,F:\MediaStack\data\media\movies\The Lord of the Rings - The Two Towers (2002)\The Lord of the Rings The Two Towers (2002) [Bluray-1080p Proper] {imdb-tt0167261}.mp4,,,movie,imdb://tt0167261,,unmatched,The Lord of the Rings: The Two Towers
no movie match,0,F:\MediaStack\data\media\movies\The Lord of the Rings - The War of the Rohirrim (2024)\The Lord of the Rings The War of the Rohirrim (2024) [Bluray-1080p] {imdb-tt14824600}.mkv,,,movie,imdb://tt14824600,,unmatched,The Lord of the Rings: The War of the Rohirrim
no movie match,0,F:\MediaStack\data\media\movies\Love & Basketball (2000)\Love and Basketball (2000) [Bluray-1080p] {imdb-tt0199725}.mkv,,,movie,imdb://tt0199725,,unmatched,Love & Basketball
no movie match,0,F:\MediaStack\data\media\movies\The Lovely Bones (2009)\The Lovely Bones (2009) [Bluray-1080p] {imdb-tt0380510}.mkv,,,movie,imdb://tt0380510,,unmatched,The Lovely Bones
no movie match,0,F:\MediaStack\data\media\movies\Luca (2021)\Luca (2021) [Bluray-1080p] {imdb-tt12801262}.mp4,,,movie,imdb://tt12801262,,unmatched,Luca
no movie match,0,F:\MediaStack\data\media\movies\The Luck of the Irish (2001)\The Luck of the Irish (2001) [Bluray-720p] {imdb-tt0274636}.mp4,,,movie,imdb://tt0274636,,unmatched,The Luck of the Irish
no movie match,0,F:\MediaStack\data\media\movies\The Lucky Texan (1934)\The Lucky Texan (1934) [WEBDL-480p] {imdb-tt0025440}.mkv,,,movie,imdb://tt0025440,,unmatched,The Lucky Texan
no movie match,0,F:\MediaStack\data\media\movies\M-A-S-H (1970)\M-A-S-H (1970) [WEBDL-1080p] {imdb-tt0066026}.mkv,,,movie,imdb://tt0066026,,unmatched,M*A*S*H
no movie match,0,F:\MediaStack\data\media\movies\Mad Max (1979)\Mad Max (1979) [Bluray-1080p] {imdb-tt0079501}.mkv,,,movie,imdb://tt0079501,,unmatched,Mad Max
no movie match,0,F:\MediaStack\data\media\movies\Mad Max Beyond Thunderdome (1985)\Mad Max Beyond Thunderdome (1985) [Bluray-1080p] {imdb-tt0089530}.mkv,,,movie,imdb://tt0089530,,unmatched,Mad Max Beyond Thunderdome
no movie match,0,F:\MediaStack\data\media\movies\Little Giants (1994)\Little Giants (1994) [WEBDL-1080p] {imdb-tt0110364}.mkv,,,movie,imdb://tt0110364,,unmatched,Little Giants
no movie match,0,F:\MediaStack\data\media\movies\Little Manhattan (2005)\Little Manhattan (2005) [WEBDL-1080p] {imdb-tt0412922}.mkv,,,movie,imdb://tt0412922,,unmatched,Little Manhattan
no movie match,0,F:\MediaStack\data\media\movies\The Little Mermaid (1989)\The Little Mermaid (1989) [Bluray-1080p] {imdb-tt0097757}.mkv,,,movie,imdb://tt0097757,,unmatched,The Little Mermaid
no movie match,0,F:\MediaStack\data\media\movies\The Little Mermaid (2023)\The Little Mermaid (2023) [Bluray-1080p] {imdb-tt5971474}.mkv,,,movie,imdb://tt5971474,,unmatched,The Little Mermaid
no movie match,0,F:\MediaStack\data\media\movies\Little Miss Sunshine (2006)\Little Miss Sunshine (2006) [Bluray-1080p] {imdb-tt0449059}.mkv,,,movie,imdb://tt0449059,,unmatched,Little Miss Sunshine
no movie match,0,F:\MediaStack\data\media\movies\Little Monsters (1989)\Little Monsters (1989) [Bluray-1080p] {imdb-tt0097758}.mkv,,,movie,imdb://tt0097758,,unmatched,Little Monsters
no movie match,0,F:\MediaStack\data\media\movies\Little Nemo - Adventures in Slumberland (1989)\Little Nemo Adventures in Slumberland (1989) [Bluray-1080p] {imdb-tt0104740}.mkv,,,movie,imdb://tt0104740,,unmatched,Little Nemo: Adventures in Slumberland
no movie match,0,F:\MediaStack\data\media\movies\The Little Prince (2015)\The Little Prince (2015) [Bluray-1080p] {imdb-tt1754656}.mkv,,,movie,imdb://tt1754656,,unmatched,The Little Prince
no movie match,0,F:\MediaStack\data\media\movies\A Little Princess (1995)\A Little Princess (1995) [WEBDL-1080p] {imdb-tt0113670}.mkv,,,movie,imdb://tt0113670,,unmatched,A Little Princess
no movie match,0,F:\MediaStack\data\media\movies\Little Shop of Horrors (1986)\Little Shop of Horrors (1986) [Bluray-1080p] {imdb-tt0091419}.mp4,,,movie,imdb://tt0091419,,unmatched,Little Shop of Horrors
no movie match,0,F:\MediaStack\data\media\movies\The Little Vampire (2000)\The Little Vampire (2000) [WEBRip-720p] {imdb-tt0192255}.mkv,,,movie,imdb://tt0192255,,unmatched,The Little Vampire
ambiguous movie title match,0,F:\MediaStack\data\media\movies\Little Women (1994)\Little Women (1994) [Bluray-1080p] {imdb-tt0110367}.mkv,,,movie,imdb://tt0110367,,unmatched,Little Women
ambiguous movie title match,0,F:\MediaStack\data\media\movies\Little Women (2019)\Little Women (2019) [Bluray-1080p] {imdb-tt3281548}.mkv,,,movie,imdb://tt3281548,,unmatched,Little Women
no movie match,0,F:\MediaStack\data\media\movies\Live Free or Die Hard (2007)\Live Free or Die Hard (2007) [Bluray-1080p] {imdb-tt0337978}.mp4,,,movie,imdb://tt0337978,,unmatched,Live Free or Die Hard
no movie match,0,F:\MediaStack\data\media\movies\The Lives of Others (2006)\The Lives of Others (2006) [Bluray-1080p] {imdb-tt0405094}.mp4,,,movie,imdb://tt0405094,,unmatched,The Lives of Others
no movie match,0,F:\MediaStack\data\media\movies\The Lizzie McGuire Movie (2003)\The Lizzie McGuire Movie (2003) [WEBRip-1080p] {imdb-tt0306841}.mp4,,,movie,imdb://tt0306841,,unmatched,The Lizzie McGuire Movie
no movie match,0,F:\MediaStack\data\media\movies\Logan (2017)\Logan (2017) [Bluray-1080p] {imdb-tt3315342}.mkv,,,movie,imdb://tt3315342,,unmatched,Logan
no movie match,0,F:\MediaStack\data\media\movies\Logan Lucky (2017)\Logan Lucky (2017) [Bluray-1080p] {imdb-tt5439796}.mkv,,,movie,imdb://tt5439796,,unmatched,Logan Lucky
no movie match,0,F:\MediaStack\data\media\movies\The Lone Ranger (2013)\The Lone Ranger (2013) [Bluray-1080p] {imdb-tt1210819}.mp4,,,movie,imdb://tt1210819,,unmatched,The Lone Ranger
no movie match,0,F:\MediaStack\data\media\movies\The Longest Day (1962)\The Longest Day (1962) [Bluray-1080p] {imdb-tt0056197}.mkv,,,movie,imdb://tt0056197,,unmatched,The Longest Day
no movie match,0,F:\MediaStack\data\media\movies\Life As We Know It (2010)\Life As We Know It (2010) [Bluray-1080p] {imdb-tt1055292}.mp4,,,movie,imdb://tt1055292,,unmatched,Life as We Know It
no movie match,0,F:\MediaStack\data\media\movies\Life Is Beautiful (1997)\Life Is Beautiful (1997) [Bluray-1080p] {imdb-tt0118799}.mp4,,,movie,imdb://tt0118799,,unmatched,Life Is Beautiful
no movie match,0,F:\MediaStack\data\media\movies\Life of Pi (2012)\Life of Pi (2012) [Bluray-1080p] {imdb-tt0454876}.mkv,,,movie,imdb://tt0454876,,unmatched,Life of Pi
no movie match,0,F:\MediaStack\data\media\movies\Life of the Party (2018)\Life of the Party (2018) [Bluray-1080p] {imdb-tt5619332}.mkv,,,movie,imdb://tt5619332,,unmatched,Life of the Party
no movie match,0,F:\MediaStack\data\media\movies\Lifeboat (1944)\Lifeboat (1944) [Bluray-1080p] {imdb-tt0037017}.mkv,,,movie,imdb://tt0037017,,unmatched,Lifeboat
no movie match,0,F:\MediaStack\data\media\movies\The Lifeguard (2013)\The Lifeguard (2013) [WEBDL-480p] {imdb-tt2265534}.mkv,,,movie,imdb://tt2265534,,unmatched,The Lifeguard
no movie match,0,F:\MediaStack\data\media\movies\The Light Between Oceans (2016)\The Light Between Oceans (2016) [Bluray-1080p] {imdb-tt2547584}.mkv,,,movie,imdb://tt2547584,,unmatched,The Light Between Oceans
no movie match,0,F:\MediaStack\data\media\movies\Lights Out (2016)\Lights Out (2016) [Bluray-1080p] {imdb-tt4786282}.mp4,,,movie,imdb://tt4786282,,unmatched,Lights Out
no movie match,0,F:\MediaStack\data\media\movies\Lightyear (2022)\Lightyear (2022) [Bluray-1080p] {imdb-tt10298810}.mp4,,,movie,imdb://tt10298810,,unmatched,Lightyear
no movie match,0,F:\MediaStack\data\media\movies\Like Mike (2002)\Like Mike (2002) [WEBRip-1080p] {imdb-tt0308506}.mp4,,,movie,imdb://tt0308506,,unmatched,Like Mike
no movie match,0,F:\MediaStack\data\media\movies\Like Stars on Earth (2007)\Like Stars on Earth (2007) [Bluray-1080p] {imdb-tt0986264}.mp4,,,movie,imdb://tt0986264,,unmatched,Like Stars on Earth
no movie match,0,F:\MediaStack\data\media\movies\Lilo & Stitch (2002)\Lilo and Stitch (2002) [Bluray-1080p Proper] {imdb-tt0275847}.mkv,,,movie,imdb://tt0275847,,unmatched,Lilo & Stitch
no movie match,0,F:\MediaStack\data\media\movies\Lilo & Stitch (2025)\Lilo and Stitch (2025) [Bluray-1080p] {imdb-tt11655566}.mkv,,,movie,imdb://tt11655566,,unmatched,Lilo & Stitch
no movie match,0,F:\MediaStack\data\media\movies\Lilo & Stitch 2 - Stitch Has a Glitch (2005)\Lilo and Stitch 2 Stitch Has a Glitch (2005) [Bluray-1080p] {imdb-tt0457993}.mkv,,,movie,imdb://tt0457993,,unmatched,Lilo & Stitch 2: Stitch Has a Glitch
no movie match,0,F:\MediaStack\data\media\movies\Lincoln (2012)\Lincoln (2012) [WEBDL-1080p] {imdb-tt0443272}.mkv,,,movie,imdb://tt0443272,,unmatched,Lincoln
no movie match,0,F:\MediaStack\data\media\movies\The Lion King (1994)\The Lion King (1994) [Bluray-1080p] {imdb-tt0110357}.mp4,,,movie,imdb://tt0110357,,unmatched,The Lion King
no movie match,0,F:\MediaStack\data\media\movies\The Lion King (2019)\The Lion King (2019) [Bluray-1080p] {imdb-tt6105098}.mkv,,,movie,imdb://tt6105098,,unmatched,The Lion King
no movie match,0,F:\MediaStack\data\media\movies\The Lion King II - Simba's Pride (1998)\The Lion King II Simbas Pride (1998) [Bluray-1080p] {imdb-tt0120131}.mkv,,,movie,imdb://tt0120131,,unmatched,The Lion King II: Simba's Pride
no movie match,0,F:\MediaStack\data\media\movies\The Little Drummer Boy (1968)\The Little Drummer Boy (1968) [Bluray-1080p] {imdb-tt0063230}.mkv,,,movie,imdb://tt0063230,,unmatched,The Little Drummer Boy
no movie match,0,F:\MediaStack\data\media\movies\Law Abiding Citizen (2009)\Law Abiding Citizen (2009) [Bluray-1080p] {imdb-tt1197624}.mkv,,,movie,imdb://tt1197624,,unmatched,Law Abiding Citizen
no movie match,0,F:\MediaStack\data\media\movies\The Lawless Frontier (1934)\The Lawless Frontier (1934) [Unknown] {imdb-tt0025373}.mkv,,,movie,imdb://tt0025373,,unmatched,The Lawless Frontier
no movie match,0,F:\MediaStack\data\media\movies\Lawrence of Arabia (1962)\Lawrence of Arabia (1962) [Bluray-1080p] {imdb-tt0056172}.mkv,,,movie,imdb://tt0056172,,unmatched,Lawrence of Arabia
no movie match,0,F:\MediaStack\data\media\movies\LBJ (2017)\LBJ (2017) [WEBDL-1080p] {imdb-tt4778988}.mkv,,,movie,imdb://tt4778988,,unmatched,LBJ
no movie match,0,F:\MediaStack\data\media\movies\Le Mans (1971)\Le Mans (1971) [Bluray-1080p] {imdb-tt0067334}.mkv,,,movie,imdb://tt0067334,,unmatched,Le Mans
no movie match,0,F:\MediaStack\data\media\movies\The League of Extraordinary Gentlemen (2003)\The League of Extraordinary Gentlemen (2003) [Bluray-1080p] {imdb-tt0311429}.mkv,,,movie,imdb://tt0311429,,unmatched,The League of Extraordinary Gentlemen
no movie match,0,F:\MediaStack\data\media\movies\Leave It to Beaver (1997)\Leave It to Beaver (1997) [WEBDL-1080p] {imdb-tt0119509}.mkv,,,movie,imdb://tt0119509,,unmatched,Leave It to Beaver
no movie match,0,F:\MediaStack\data\media\movies\Legacy (1993)\Legacy (1993) [WEBDL-480p] {imdb-tt0099996}.mkv,,,movie,imdb://tt0099996,,unmatched,Legacy
no movie match,0,F:\MediaStack\data\media\movies\Legal Eagles (1986)\Legal Eagles (1986) [Bluray-1080p] {imdb-tt0091396}.mkv,,,movie,imdb://tt0091396,,unmatched,Legal Eagles
no movie match,0,F:\MediaStack\data\media\movies\The Legend of Bagger Vance (2000)\The Legend of Bagger Vance (2000) [Bluray-1080p] {imdb-tt0146984}.mp4,,,movie,imdb://tt0146984,,unmatched,The Legend of Bagger Vance
no movie match,0,F:\MediaStack\data\media\movies\The Legend of Tarzan (2016)\The Legend of Tarzan (2016) [Bluray-1080p] {imdb-tt0918940}.mkv,,,movie,imdb://tt0918940,,unmatched,The Legend of Tarzan
no movie match,0,F:\MediaStack\data\media\movies\Legend of the Guardians - The Owls of Ga'Hoole (2010)\Legend of the Guardians The Owls of Ga'Hoole (2010) [Bluray-1080p] {imdb-tt1219342}.mkv,,,movie,imdb://tt1219342,,unmatched,Legend of the Guardians: The Owls of Ga'Hoole
no movie match,0,F:\MediaStack\data\media\movies\The Lego Batman Movie (2017)\The Lego Batman Movie (2017) [Bluray-1080p] {imdb-tt4116284}.mkv,,,movie,imdb://tt4116284,,unmatched,The Lego Batman Movie
no movie match,0,F:\MediaStack\data\media\movies\The Lego Movie (2014)\The Lego Movie (2014) [Bluray-1080p] {imdb-tt1490017}.mkv,,,movie,imdb://tt1490017,,unmatched,The Lego Movie
no movie match,0,F:\MediaStack\data\media\movies\The Lego Movie 2 - The Second Part (2019)\The Lego Movie 2 The Second Part (2019) [Bluray-1080p] {imdb-tt3513498}.mkv,,,movie,imdb://tt3513498,,unmatched,The Lego Movie 2: The Second Part
no movie match,0,F:\MediaStack\data\media\movies\The Lego Ninjago Movie (2017)\The Lego Ninjago Movie (2017) [Bluray-1080p Proper] {imdb-tt3014284}.mkv,,,movie,imdb://tt3014284,,unmatched,The Lego Ninjago Movie
no movie match,0,F:\MediaStack\data\media\movies\License to Wed (2007)\License to Wed (2007) [Bluray-1080p] {imdb-tt0762114}.mkv,,,movie,imdb://tt0762114,,unmatched,License to Wed
ambiguous movie title match,0,F:\MediaStack\data\media\movies\Life (2017)\Life (2017) [Bluray-1080p] {imdb-tt5442430}.mkv,,,movie,imdb://tt5442430,,unmatched,Life
no movie match,0,F:\MediaStack\data\media\movies\The Life Aquatic with Steve Zissou (2004)\The Life Aquatic with Steve Zissou (2004) [Bluray-1080p] {imdb-tt0362270}.mp4,,,movie,imdb://tt0362270,,unmatched,The Life Aquatic with Steve Zissou
no movie match,0,F:\MediaStack\data\media\movies\Kung Fu Panda Holiday (2010)\Kung Fu Panda Holiday (2010) [Bluray-1080p] {imdb-tt1702433}.mkv,,,movie,imdb://tt1702433,,unmatched,Kung Fu Panda Holiday
no movie match,0,F:\MediaStack\data\media\movies\Labyrinth (1986)\Labyrinth (1986) [Bluray-1080p] {imdb-tt0091369}.mkv,,,movie,imdb://tt0091369,,unmatched,Labyrinth
no movie match,0,F:\MediaStack\data\media\movies\Ladder 49 (2004)\Ladder 49 (2004) [Bluray-1080p] {imdb-tt0349710}.mkv,,,movie,imdb://tt0349710,,unmatched,Ladder 49
no movie match,0,F:\MediaStack\data\media\movies\Lady and the Tramp (1955)\Lady and the Tramp (1955) [Bluray-1080p] {imdb-tt0048280}.mp4,,,movie,imdb://tt0048280,,unmatched,Lady and the Tramp
no movie match,0,F:\MediaStack\data\media\movies\Lady in the Water (2006)\Lady in the Water (2006) [Bluray-1080p] {imdb-tt0452637}.mkv,,,movie,imdb://tt0452637,,unmatched,Lady in the Water
no movie match,0,F:\MediaStack\data\media\movies\Ladyhawke (1985)\Ladyhawke (1985) [Bluray-1080p] {imdb-tt0089457}.mp4,,,movie,imdb://tt0089457,,unmatched,Ladyhawke
no movie match,0,F:\MediaStack\data\media\movies\The Lake House (2006)\The Lake House (2006) [Bluray-1080p] {imdb-tt0410297}.mkv,,,movie,imdb://tt0410297,,unmatched,The Lake House
no movie match,0,F:\MediaStack\data\media\movies\The Land Before Time (1988)\The Land Before Time (1988) [Bluray-1080p] {imdb-tt0095489}.mkv,,,movie,imdb://tt0095489,,unmatched,The Land Before Time
no movie match,0,F:\MediaStack\data\media\movies\The Land Before Time II - The Great Valley Adventure (1994)\The Land Before Time II The Great Valley Adventure (1994) [WEBRip-1080p] {imdb-tt0110300}.mp4,,,movie,imdb://tt0110300,,unmatched,The Land Before Time II: The Great Valley Adventure
no movie match,0,F:\MediaStack\data\media\movies\The Land Before Time III - The Time of the Great Giving (1995)\The Land Before Time III The Time of the Great Giving (1995) [WEBRip-1080p] {imdb-tt0113596}.mp4,,,movie,imdb://tt0113596,,unmatched,The Land Before Time III: The Time of the Great Giving
no movie match,0,F:\MediaStack\data\media\movies\Lara Croft - Tomb Raider - The Cradle of Life (2003)\Lara Croft Tomb Raider The Cradle of Life (2003) [Bluray-1080p] {imdb-tt0325703}.mkv,,,movie,imdb://tt0325703,,unmatched,Lara Croft: Tomb Raider - The Cradle of Life
no movie match,0,F:\MediaStack\data\media\movies\Lars and the Real Girl (2007)\Lars and the Real Girl (2007) [Bluray-1080p] {imdb-tt0805564}.mp4,,,movie,imdb://tt0805564,,unmatched,Lars and the Real Girl
no movie match,0,F:\MediaStack\data\media\movies\Lassie (1994)\Lassie (1994) [Bluray-576p] {imdb-tt0110305}.mkv,,,movie,imdb://tt0110305,,unmatched,Lassie
no movie match,0,F:\MediaStack\data\media\movies\The Last Airbender (2010)\The Last Airbender (2010) [Bluray-1080p] {imdb-tt0938283}.mkv,,,movie,imdb://tt0938283,,unmatched,The Last Airbender
no movie match,0,F:\MediaStack\data\media\movies\The Last King of Scotland (2006)\The Last King of Scotland (2006) [Bluray-1080p] {imdb-tt0455590}.mkv,,,movie,imdb://tt0455590,,unmatched,The Last King of Scotland
no movie match,0,F:\MediaStack\data\media\movies\The Last Mimzy (2007)\The Last Mimzy (2007) [WEBRip-720p] {imdb-tt0768212}.mp4,,,movie,imdb://tt0768212,,unmatched,The Last Mimzy
no movie match,0,F:\MediaStack\data\media\movies\The Last of the Mohicans (1992)\The Last of the Mohicans (1992) [Bluray-1080p] {imdb-tt0104691}.mp4,,,movie,imdb://tt0104691,,unmatched,The Last of the Mohicans
no movie match,0,F:\MediaStack\data\media\movies\The Last Samurai (2003)\The Last Samurai (2003) [Bluray-1080p] {imdb-tt0325710}.mkv,,,movie,imdb://tt0325710,,unmatched,The Last Samurai
no movie match,0,F:\MediaStack\data\media\movies\The Last Song (2010)\The Last Song (2010) [Bluray-1080p] {imdb-tt1294226}.mp4,,,movie,imdb://tt1294226,,unmatched,The Last Song
no movie match,0,F:\MediaStack\data\media\movies\The Killers - Live from the Royal Albert Hall (2009)\The Killers Live from the Royal Albert Hall (2009) [Bluray-1080p] {imdb-tt1566946}.mkv,,,movie,imdb://tt1566946,,unmatched,The Killers: Live from the Royal Albert Hall
no movie match,0,F:\MediaStack\data\media\movies\The King and I (1999)\The King and I (1999) [WEBDL-480p] {imdb-tt0160429}.mkv,,,movie,imdb://tt0160429,,unmatched,The King and I
no movie match,0,F:\MediaStack\data\media\movies\King Arthur - Legend of the Sword (2017)\King Arthur Legend of the Sword (2017) [Bluray-1080p] {imdb-tt1972591}.mkv,,,movie,imdb://tt1972591,,unmatched,King Arthur: Legend of the Sword
ambiguous movie title match,0,F:\MediaStack\data\media\movies\King Kong (2005)\King Kong (2005) [Bluray-1080p] {imdb-tt0360717}.mkv,,,movie,imdb://tt0360717,,unmatched,King Kong
no movie match,0,F:\MediaStack\data\media\movies\The King's Man (2021)\The Kings Man (2021) [WEBDL-1080p] {imdb-tt6856242}.mkv,,,movie,imdb://tt6856242,,unmatched,The King's Man
no movie match,0,F:\MediaStack\data\media\movies\Kingdom of Heaven (2005)\Kingdom of Heaven (2005) [Bluray-1080p] {imdb-tt0320661}.mkv,,,movie,imdb://tt0320661,,unmatched,Kingdom of Heaven
no movie match,0,F:\MediaStack\data\media\movies\Kingpin (1996)\Kingpin (1996) [Bluray-1080p] {imdb-tt0116778}.mkv,,,movie,imdb://tt0116778,,unmatched,Kingpin
no movie match,0,F:\MediaStack\data\media\movies\Kingsman - The Golden Circle (2017)\Kingsman The Golden Circle (2017) [Bluray-1080p] {imdb-tt4649466}.mkv,,,movie,imdb://tt4649466,,unmatched,Kingsman: The Golden Circle
no movie match,0,F:\MediaStack\data\media\movies\Kingsman - The Secret Service (2015)\Kingsman The Secret Service (2015) [Bluray-1080p] {imdb-tt2802144}.mkv,,,movie,imdb://tt2802144,,unmatched,Kingsman: The Secret Service
no movie match,0,F:\MediaStack\data\media\movies\Kit Kittredge - An American Girl (2008)\Kit Kittredge An American Girl (2008) [HDTV-1080p] {imdb-tt0846308}.mp4,,,movie,imdb://tt0846308,,unmatched,Kit Kittredge: An American Girl
no movie match,0,F:\MediaStack\data\media\movies\The Kite Runner (2007)\The Kite Runner (2007) [Bluray-1080p] {imdb-tt0419887}.mp4,,,movie,imdb://tt0419887,,unmatched,The Kite Runner
no movie match,0,F:\MediaStack\data\media\movies\Knight and Day (2010)\Knight and Day (2010) [Bluray-1080p] {imdb-tt1013743}.mp4,,,movie,imdb://tt1013743,,unmatched,Knight and Day
no movie match,0,F:\MediaStack\data\media\movies\Kong - Skull Island (2017)\Kong Skull Island (2017) [Bluray-1080p] {imdb-tt3731562}.mkv,,,movie,imdb://tt3731562,,unmatched,Kong: Skull Island
no movie match,0,F:\MediaStack\data\media\movies\Kronk's New Groove (2005)\Kronks New Groove (2005) [Bluray-1080p] {imdb-tt0401398}.mkv,,,movie,imdb://tt0401398,,unmatched,Kronk's New Groove
no movie match,0,F:\MediaStack\data\media\movies\Kubo and the Two Strings (2016)\Kubo and the Two Strings (2016) [Bluray-1080p] {imdb-tt4302938}.mkv,,,movie,imdb://tt4302938,,unmatched,Kubo and the Two Strings
no movie match,0,F:\MediaStack\data\media\movies\Just My Luck (2006)\Just My Luck (2006) [Bluray-720p] {imdb-tt0397078}.mp4,,,movie,imdb://tt0397078,,unmatched,Just My Luck
no movie match,0,F:\MediaStack\data\media\movies\K-9 (1989)\K-9 (1989) [Bluray-720p] {imdb-tt0097637}.mp4,,,movie,imdb://tt0097637,,unmatched,K-9
no movie match,0,F:\MediaStack\data\media\movies\K-19 - The Widowmaker (2002)\K-19 The Widowmaker (2002) [Bluray-1080p] {imdb-tt0267626}.mkv,,,movie,imdb://tt0267626,,unmatched,K-19: The Widowmaker
no movie match,0,F:\MediaStack\data\media\movies\K2 (1991)\K2 (1991) [HDTV-720p] {imdb-tt0102178}.mkv,,,movie,imdb://tt0102178,,unmatched,K2
no movie match,0,F:\MediaStack\data\media\movies\Kangaroo Jack (2003)\Kangaroo Jack (2003) [WEBRip-1080p] {imdb-tt0257568}.mp4,,,movie,imdb://tt0257568,,unmatched,Kangaroo Jack
ambiguous movie title match,0,F:\MediaStack\data\media\movies\The Karate Kid (1984)\The Karate Kid (1984) [Bluray-1080p] {imdb-tt0087538}.mkv,,,movie,imdb://tt0087538,,unmatched,The Karate Kid
no movie match,0,F:\MediaStack\data\media\movies\Kate & Leopold (2001)\Kate and Leopold (2001) [Bluray-1080p] {imdb-tt0035423}.mkv,,,movie,imdb://tt0035423,,unmatched,Kate & Leopold
no movie match,0,F:\MediaStack\data\media\movies\Kazaam (1996)\Kazaam (1996) [WEBRip-1080p] {imdb-tt0116756}.mkv,,,movie,imdb://tt0116756,,unmatched,Kazaam
no movie match,0,F:\MediaStack\data\media\movies\Keanu (2016)\Keanu (2016) [WEBRip-720p] {imdb-tt4139124}.mkv,,,movie,imdb://tt4139124,,unmatched,Keanu
no movie match,0,F:\MediaStack\data\media\movies\Kelly's Heroes (1970)\Kellys Heroes (1970) [Bluray-1080p] {imdb-tt0065938}.mp4,,,movie,imdb://tt0065938,,unmatched,Kelly's Heroes
no movie match,0,F:\MediaStack\data\media\movies\The Kentucky Fried Movie (1977)\The Kentucky Fried Movie (1977) [Bluray-1080p] {imdb-tt0076257}.mkv,,,movie,imdb://tt0076257,,unmatched,The Kentucky Fried Movie
no movie match,0,F:\MediaStack\data\media\movies\Key Largo (1948)\Key Largo (1948) [Bluray-1080p] {imdb-tt0040506}.mp4,,,movie,imdb://tt0040506,,unmatched,Key Largo
no movie match,0,F:\MediaStack\data\media\movies\A Kid in King Arthur's Court (1995)\A Kid in King Arthurs Court (1995) [WEBDL-1080p] {imdb-tt0113538}.mkv,,,movie,imdb://tt0113538,,unmatched,A Kid in King Arthur's Court
no movie match,0,F:\MediaStack\data\media\movies\Kiki's Delivery Service (1989)\Kikis Delivery Service (1989) [Bluray-1080p Proper] {imdb-tt0097814}.mkv,,,movie,imdb://tt0097814,,unmatched,Kiki's Delivery Service
no movie match,0,F:\MediaStack\data\media\movies\Jojo Rabbit (2019)\Jojo Rabbit (2019) [Bluray-1080p] {imdb-tt2584384}.mp4,,,movie,imdb://tt2584384,,unmatched,Jojo Rabbit
no movie match,0,F:\MediaStack\data\media\movies\Jonah - A VeggieTales Movie (2002)\Jonah A VeggieTales Movie (2002) [Bluray-720p] {imdb-tt0298388}.mp4,,,movie,imdb://tt0298388,,unmatched,Jonah: A VeggieTales Movie
no movie match,0,F:\MediaStack\data\media\movies\Joseph - King of Dreams (2000)\Joseph King of Dreams (2000) [Bluray-1080p] {imdb-tt0264734}.mp4,,,movie,imdb://tt0264734,,unmatched,Joseph: King of Dreams
no movie match,0,F:\MediaStack\data\media\movies\Josie and the Pussycats (2001)\Josie and the Pussycats (2001) [WEBRip-1080p] {imdb-tt0236348}.mp4,,,movie,imdb://tt0236348,,unmatched,Josie and the Pussycats
no movie match,0,F:\MediaStack\data\media\movies\Journey to the Center of the Earth (2008)\Journey to the Center of the Earth (2008) [Bluray-1080p] {imdb-tt0373051}.mkv,,,movie,imdb://tt0373051,,unmatched,Journey to the Center of the Earth
no movie match,0,F:\MediaStack\data\media\movies\Joyeux Noel (2005)\Joyeux Noel (2005) [Bluray-1080p] {imdb-tt0424205}.mkv,,,movie,imdb://tt0424205,,unmatched,Joyeux Noel
no movie match,0,F:\MediaStack\data\media\movies\The Judge (2014)\The Judge (2014) [Bluray-1080p] {imdb-tt1872194}.mp4,,,movie,imdb://tt1872194,,unmatched,The Judge
no movie match,0,F:\MediaStack\data\media\movies\Judgment at Nuremberg (1961)\Judgment at Nuremberg (1961) [Bluray-1080p] {imdb-tt0055031}.mkv,,,movie,imdb://tt0055031,,unmatched,Judgment at Nuremberg
no movie match,0,F:\MediaStack\data\media\movies\Judy (2019)\Judy (2019) [Bluray-1080p] {imdb-tt7549996}.mp4,,,movie,imdb://tt7549996,,unmatched,Judy
no movie match,0,F:\MediaStack\data\media\movies\Jujutsu Kaisen 0 (2021)\Jujutsu Kaisen 0 (2021) [Bluray-1080p] {imdb-tt14331144}.mkv,,,movie,imdb://tt14331144,,unmatched,Jujutsu Kaisen 0
no movie match,0,F:\MediaStack\data\media\movies\Jumper (2008)\Jumper (2008) [Bluray-1080p] {imdb-tt0489099}.mkv,,,movie,imdb://tt0489099,,unmatched,Jumper
no movie match,0,F:\MediaStack\data\media\movies\Jungle 2 Jungle (1997)\Jungle 2 Jungle (1997) [Bluray-1080p] {imdb-tt0119432}.mp4,,,movie,imdb://tt0119432,,unmatched,Jungle 2 Jungle
no movie match,0,F:\MediaStack\data\media\movies\The Jungle Book (1967)\The Jungle Book (1967) [Bluray-1080p] {imdb-tt0061852}.mkv,,,movie,imdb://tt0061852,,unmatched,The Jungle Book
no movie match,0,F:\MediaStack\data\media\movies\The Jungle Book (1994)\The Jungle Book (1994) [WEBRip-1080p] {imdb-tt0110213}.mp4,,,movie,imdb://tt0110213,,unmatched,The Jungle Book
no movie match,0,F:\MediaStack\data\media\movies\The Jungle Book (2016)\The Jungle Book (2016) [Bluray-1080p] {imdb-tt3040964}.mkv,,,movie,imdb://tt3040964,,unmatched,The Jungle Book
no movie match,0,F:\MediaStack\data\media\movies\Jungle Cruise (2021)\Jungle Cruise (2021) [Bluray-1080p] {imdb-tt0870154}.mp4,,,movie,imdb://tt0870154,,unmatched,Jungle Cruise
no movie match,0,F:\MediaStack\data\media\movies\Junior (1994)\Junior (1994) [Bluray-1080p] {imdb-tt0110216}.mkv,,,movie,imdb://tt0110216,,unmatched,Junior
no movie match,0,F:\MediaStack\data\media\movies\Juno (2007)\Juno (2007) [Bluray-1080p] {imdb-tt0467406}.mp4,,,movie,imdb://tt0467406,,unmatched,Juno
no movie match,0,F:\MediaStack\data\media\movies\Jupiter Ascending (2015)\Jupiter Ascending (2015) [Bluray-1080p] {imdb-tt1617661}.mkv,,,movie,imdb://tt1617661,,unmatched,Jupiter Ascending
no movie match,0,F:\MediaStack\data\media\movies\James and the Giant Peach (1996)\James and the Giant Peach (1996) [Bluray-1080p] {imdb-tt0116683}.mkv,,,movie,imdb://tt0116683,,unmatched,James and the Giant Peach
no movie match,0,F:\MediaStack\data\media\movies\Jane Eyre (1996)\Jane Eyre (1996) [Bluray-1080p] {imdb-tt0116684}.mp4,,,movie,imdb://tt0116684,,unmatched,Jane Eyre
no movie match,0,F:\MediaStack\data\media\movies\Jane Eyre (1997)\Jane Eyre (1997) [WEBDL-480p] {imdb-tt0119404}.mkv,,,movie,imdb://tt0119404,,unmatched,Jane Eyre
no movie match,0,F:\MediaStack\data\media\movies\Jeremiah Johnson (1972)\Jeremiah Johnson (1972) [Bluray-1080p] {imdb-tt0068762}.mp4,,,movie,imdb://tt0068762,,unmatched,Jeremiah Johnson
no movie match,0,F:\MediaStack\data\media\movies\Jerks of All Trades (1949)\Jerks of All Trades (1949) [Unknown] {imdb-tt0381290}.mkv,,,movie,imdb://tt0381290,,unmatched,Jerks of All Trades
no movie match,0,F:\MediaStack\data\media\movies\Jerry & Marge Go Large (2022)\Jerry and Marge Go Large (2022) [Bluray-1080p] {imdb-tt8323668}.mkv,,,movie,imdb://tt8323668,,unmatched,Jerry and Marge Go Large
no movie match,0,F:\MediaStack\data\media\movies\JFK (1991)\JFK (1991) [Bluray-1080p] {imdb-tt0102138}.mkv,,,movie,imdb://tt0102138,,unmatched,JFK
no movie match,0,F:\MediaStack\data\media\movies\Jimi Hendrix - Live at the Isle of Wight (1970)\Jimi Hendrix Live at the Isle of Wight (1970) [Unknown].mkv,,,movie,tmdb://265211,,unmatched,Jimi Hendrix - Live at the Isle of Wight
no movie match,0,F:\MediaStack\data\media\movies\Jimmy Neutron - Boy Genius (2001)\Jimmy Neutron Boy Genius (2001) [WEBDL-1080p] {imdb-tt0268397}.mkv,,,movie,imdb://tt0268397,,unmatched,Jimmy Neutron: Boy Genius
no movie match,0,F:\MediaStack\data\media\movies\Jingle All the Way (1996)\Jingle All the Way (1996) [Bluray-1080p] {imdb-tt0116705}.mkv,,,movie,imdb://tt0116705,,unmatched,Jingle All the Way
no movie match,0,F:\MediaStack\data\media\movies\Joe Somebody (2001)\Joe Somebody (2001) [Bluray-1080p] {imdb-tt0279889}.mp4,,,movie,imdb://tt0279889,,unmatched,Joe Somebody
no movie match,0,F:\MediaStack\data\media\movies\Joe Versus the Volcano (1990)\Joe Versus the Volcano (1990) [Bluray-1080p] {imdb-tt0099892}.mkv,,,movie,imdb://tt0099892,,unmatched,Joe Versus the Volcano
no movie match,0,F:\MediaStack\data\media\movies\John Carter (2012)\John Carter (2012) [Bluray-1080p] {imdb-tt0401729}.mkv,,,movie,imdb://tt0401729,,unmatched,John Carter
no movie match,0,F:\MediaStack\data\media\movies\John Q (2002)\John Q (2002) [Bluray-1080p] {imdb-tt0251160}.mkv,,,movie,imdb://tt0251160,,unmatched,John Q
no movie match,0,F:\MediaStack\data\media\movies\Johnny Tsunami (1999)\Johnny Tsunami (1999) [Bluray-1080p] {imdb-tt0206064}.mp4,,,movie,imdb://tt0206064,,unmatched,Johnny Tsunami
no movie match,0,F:\MediaStack\data\media\movies\Invincible (2006)\Invincible (2006) [Bluray-1080p] {imdb-tt0445990}.mkv,,,movie,imdb://tt0445990,,unmatched,Invincible
no movie match,0,F:\MediaStack\data\media\movies\Ip Man (2008)\Ip Man (2008) [Bluray-1080p] {imdb-tt1220719}.mkv,,,movie,imdb://tt1220719,,unmatched,Ip Man
no movie match,0,F:\MediaStack\data\media\movies\Ip Man 2 (2010)\Ip Man 2 (2010) [Bluray-1080p] {imdb-tt1386932}.mp4,,,movie,imdb://tt1386932,,unmatched,Ip Man 2
no movie match,0,F:\MediaStack\data\media\movies\Ip Man 3 (2015)\Ip Man 3 (2015) [Bluray-1080p] {imdb-tt2888046}.mkv,,,movie,imdb://tt2888046,,unmatched,Ip Man 3
no movie match,0,F:\MediaStack\data\media\movies\Ip Man 4 - The Finale (2019)\Ip Man 4 The Finale (2019) [WEBRip-1080p] {imdb-tt2076298}.mp4,,,movie,imdb://tt2076298,,unmatched,Ip Man 4: The Finale
no movie match,0,F:\MediaStack\data\media\movies\The Iron Giant (1999)\The Iron Giant (1999) [Bluray-1080p Proper] {imdb-tt0129167}.mp4,,,movie,imdb://tt0129167,,unmatched,The Iron Giant
no movie match,0,F:\MediaStack\data\media\movies\Iron Man (2008)\Iron Man (2008) [Bluray-1080p Proper] {imdb-tt0371746}.mkv,,,movie,imdb://tt0371746,,unmatched,Iron Man
no movie match,0,F:\MediaStack\data\media\movies\Iron Man 2 (2010)\Iron Man 2 (2010) [Bluray-1080p Proper] {imdb-tt1228705}.mkv,,,movie,imdb://tt1228705,,unmatched,Iron Man 2
no movie match,0,F:\MediaStack\data\media\movies\Iron Man 3 (2013)\Iron Man 3 (2013) [Bluray-1080p] {imdb-tt1300854}.mkv,,,movie,imdb://tt1300854,,unmatched,Iron Man 3
no movie match,0,F:\MediaStack\data\media\movies\Iron Will (1994)\Iron Will (1994) [WEBDL-1080p] {imdb-tt0110157}.mkv,,,movie,imdb://tt0110157,,unmatched,Iron Will
no movie match,0,F:\MediaStack\data\media\movies\The Island (2005)\The Island (2005) [Bluray-1080p] {imdb-tt0399201}.mkv,,,movie,imdb://tt0399201,,unmatched,The Island
no movie match,0,F:\MediaStack\data\media\movies\Isle of Dogs (2018)\Isle of Dogs (2018) [Bluray-1080p] {imdb-tt5104604}.mkv,,,movie,imdb://tt5104604,,unmatched,Isle of Dogs
no movie match,0,F:\MediaStack\data\media\movies\It Happened One Night (1934)\It Happened One Night (1934) [Bluray-1080p] {imdb-tt0025316}.mp4,,,movie,imdb://tt0025316,,unmatched,It Happened One Night
no movie match,0,F:\MediaStack\data\media\movies\It Takes Two (1995)\It Takes Two (1995) [SDTV] {imdb-tt0113442}.avi,,,movie,imdb://tt0113442,,unmatched,It Takes Two
no movie match,0,"F:\MediaStack\data\media\movies\It's a Mad, Mad, Mad, Mad World (1963)\Its a Mad Mad Mad Mad World (1963) [Bluray-1080p] {imdb-tt0057193}.mkv",,,movie,imdb://tt0057193,,unmatched,It's a Mad Mad Mad Mad World
no movie match,0,F:\MediaStack\data\media\movies\It's a Wonderful Life (1946)\Its a Wonderful Life (1946) [Bluray-1080p] {imdb-tt0038650}.mkv,,,movie,imdb://tt0038650,,unmatched,It's a Wonderful Life
no movie match,0,F:\MediaStack\data\media\movies\J. Edgar (2011)\J. Edgar (2011) [Bluray-1080p] {imdb-tt1616195}.mkv,,,movie,imdb://tt1616195,,unmatched,J. Edgar
no movie match,0,F:\MediaStack\data\media\movies\Jack (1996)\Jack (1996) [WEBDL-1080p] {imdb-tt0116669}.mkv,,,movie,imdb://tt0116669,,unmatched,Jack
no movie match,0,F:\MediaStack\data\media\movies\Jack Frost (1998)\Jack Frost (1998) [WEBRip-1080p] {imdb-tt0141109}.mp4,,,movie,imdb://tt0141109,,unmatched,Jack Frost
no movie match,0,F:\MediaStack\data\media\movies\Jack the Giant Slayer (2013)\Jack the Giant Slayer (2013) [Bluray-1080p] {imdb-tt1351685}.mkv,,,movie,imdb://tt1351685,,unmatched,Jack the Giant Slayer
no movie match,0,F:\MediaStack\data\media\movies\Inheritance (2025)\Inheritance (2025) [WEBRip-1080p] {imdb-tt31050620}.mp4,,,movie,imdb://tt31050620,,unmatched,Inheritance
no movie match,0,F:\MediaStack\data\media\movies\Inkheart (2008)\Inkheart (2008) [Bluray-1080p] {imdb-tt0494238}.mkv,,,movie,imdb://tt0494238,,unmatched,Inkheart
no movie match,0,F:\MediaStack\data\media\movies\Innerspace (1987)\Innerspace (1987) [Bluray-1080p] {imdb-tt0093260}.mp4,,,movie,imdb://tt0093260,,unmatched,Innerspace
no movie match,0,F:\MediaStack\data\media\movies\Inside Out (2015)\Inside Out (2015) [Bluray-1080p] {imdb-tt2096673}.mp4,,,movie,imdb://tt2096673,,unmatched,Inside Out
no movie match,0,F:\MediaStack\data\media\movies\Inside Out 2 (2024)\Inside Out 2 (2024) [Bluray-1080p] {imdb-tt22022452}.mp4,,,movie,imdb://tt22022452,,unmatched,Inside Out 2
no movie match,0,F:\MediaStack\data\media\movies\Insidious - The Last Key (2018)\Insidious The Last Key (2018) [Bluray-1080p] {imdb-tt5726086}.mp4,,,movie,imdb://tt5726086,,unmatched,Insidious: The Last Key
no movie match,0,F:\MediaStack\data\media\movies\Insidious - The Red Door (2023)\Insidious The Red Door (2023) [Bluray-1080p] {imdb-tt13405778}.mkv,,,movie,imdb://tt13405778,,unmatched,Insidious: The Red Door
no movie match,0,F:\MediaStack\data\media\movies\Inspector Gadget (1999)\Inspector Gadget (1999) [WEBDL-1080p] {imdb-tt0141369}.mkv,,,movie,imdb://tt0141369,,unmatched,Inspector Gadget
no movie match,0,F:\MediaStack\data\media\movies\Inspector Gadget 2 (2003)\Inspector Gadget 2 (2003) [WEBDL-1080p] {imdb-tt0301454}.mkv,,,movie,imdb://tt0301454,,unmatched,Inspector Gadget 2
no movie match,0,F:\MediaStack\data\media\movies\The Intern (2015)\The Intern (2015) [Bluray-1080p] {imdb-tt2361509}.mkv,,,movie,imdb://tt2361509,,unmatched,The Intern
no movie match,0,F:\MediaStack\data\media\movies\The Internship (2013)\The Internship (2013) [Bluray-1080p] {imdb-tt2234155}.mp4,,,movie,imdb://tt2234155,,unmatched,The Internship
no movie match,0,F:\MediaStack\data\media\movies\Interstellar (2014)\Interstellar (2014) [WEBDL-2160p] {imdb-tt0816692}.mkv,,,movie,imdb://tt0816692,,unmatched,Interstellar
no movie match,0,F:\MediaStack\data\media\movies\Interview with the Vampire (1994)\Interview with the Vampire (1994) [Bluray-1080p] {imdb-tt0110148}.mkv,,,movie,imdb://tt0110148,,unmatched,Interview with the Vampire
no movie match,0,F:\MediaStack\data\media\movies\Into the Storm (2014)\Into the Storm (2014) [Bluray-1080p] {imdb-tt2106361}.mkv,,,movie,imdb://tt2106361,,unmatched,Into the Storm
no movie match,0,F:\MediaStack\data\media\movies\Into the Woods (2014)\Into the Woods (2014) [Bluray-1080p] {imdb-tt2180411}.mp4,,,movie,imdb://tt2180411,,unmatched,Into the Woods
no movie match,0,F:\MediaStack\data\media\movies\The Intouchables (2011)\The Intouchables (2011) [Bluray-1080p] {imdb-tt1675434}.mkv,,,movie,imdb://tt1675434,,unmatched,The Intouchables
no movie match,0,F:\MediaStack\data\media\movies\Inu-Oh (2022)\Inu-Oh (2022) [Bluray-1080p] {imdb-tt10540510}.mkv,,,movie,imdb://tt10540510,,unmatched,Inu-Oh
no movie match,0,F:\MediaStack\data\media\movies\The Invasion (2007)\The Invasion (2007) [Bluray-1080p] {imdb-tt0427392}.mkv,,,movie,imdb://tt0427392,,unmatched,The Invasion
no movie match,0,F:\MediaStack\data\media\movies\The Ides of March (2011)\The Ides of March (2011) [Bluray-1080p] {imdb-tt1124035}.mkv,,,movie,imdb://tt1124035,,unmatched,The Ides of March
no movie match,0,F:\MediaStack\data\media\movies\If I Stay (2014)\If I Stay (2014) [Bluray-1080p] {imdb-tt1355630}.mkv,,,movie,imdb://tt1355630,,unmatched,If I Stay
no movie match,0,F:\MediaStack\data\media\movies\The Illusionist (2006)\The Illusionist (2006) [Bluray-1080p] {imdb-tt0443543}.mkv,,,movie,imdb://tt0443543,,unmatched,The Illusionist
no movie match,0,F:\MediaStack\data\media\movies\The Imaginary (2023)\The Imaginary (2023) [WEBDL-1080p] {imdb-tt16369708}.mkv,,,movie,imdb://tt16369708,,unmatched,The Imaginary
no movie match,0,F:\MediaStack\data\media\movies\The In Between (2022)\The In Between (2022) [WEBRip-1080p] {imdb-tt8851148}.mkv,,,movie,imdb://tt8851148,,unmatched,The In Between
no movie match,0,F:\MediaStack\data\media\movies\In the Heart of the Sea (2015)\In the Heart of the Sea (2015) [Bluray-1080p] {imdb-tt1390411}.mkv,,,movie,imdb://tt1390411,,unmatched,In the Heart of the Sea
no movie match,0,F:\MediaStack\data\media\movies\In This Corner of the World (2016)\In This Corner of the World (2016) [Bluray-1080p] {imdb-tt4769824}.mkv,,,movie,imdb://tt4769824,,unmatched,In This Corner of the World
no movie match,0,F:\MediaStack\data\media\movies\In Time (2011)\In Time (2011) [Bluray-1080p] {imdb-tt1637688}.mkv,,,movie,imdb://tt1637688,,unmatched,In Time
no movie match,0,F:\MediaStack\data\media\movies\Incendies (2010)\Incendies (2010) [Bluray-1080p] {imdb-tt1255953}.mkv,,,movie,imdb://tt1255953,,unmatched,Incendies
no movie match,0,F:\MediaStack\data\media\movies\Inception (2010)\Inception (2010) [Bluray-1080p] {imdb-tt1375666}.mp4,,,movie,imdb://tt1375666,,unmatched,Inception
no movie match,0,F:\MediaStack\data\media\movies\The Incredible Burt Wonderstone (2013)\The Incredible Burt Wonderstone (2013) [Bluray-1080p] {imdb-tt0790628}.mp4,,,movie,imdb://tt0790628,,unmatched,The Incredible Burt Wonderstone
no movie match,0,F:\MediaStack\data\media\movies\The Incredible Hulk (2008)\The Incredible Hulk (2008) [Bluray-1080p] {imdb-tt0800080}.mp4,,,movie,imdb://tt0800080,,unmatched,The Incredible Hulk
no movie match,0,F:\MediaStack\data\media\movies\The Incredibles (2004)\The Incredibles (2004) [Bluray-1080p] {imdb-tt0317705}.mkv,,,movie,imdb://tt0317705,,unmatched,The Incredibles
no movie match,0,F:\MediaStack\data\media\movies\Incredibles 2 (2018)\Incredibles 2 (2018) [Bluray-1080p] {imdb-tt3606756}.mkv,,,movie,imdb://tt3606756,,unmatched,Incredibles 2
no movie match,0,F:\MediaStack\data\media\movies\Independence Day (1996)\Independence Day (1996) [Bluray-1080p] {imdb-tt0116629}.mkv,,,movie,imdb://tt0116629,,unmatched,Independence Day
no movie match,0,F:\MediaStack\data\media\movies\Indiana Jones and the Dial of Destiny (2023)\Indiana Jones and the Dial of Destiny (2023) [Bluray-1080p] {imdb-tt1462764}.mkv,,,movie,imdb://tt1462764,,unmatched,Indiana Jones and the Dial of Destiny
no movie match,0,F:\MediaStack\data\media\movies\Indiana Jones and the Kingdom of the Crystal Skull (2008)\Indiana Jones and the Kingdom of the Crystal Skull (2008) [Bluray-1080p] {imdb-tt0367882}.mkv,,,movie,imdb://tt0367882,,unmatched,Indiana Jones and the Kingdom of the Crystal Skull
no movie match,0,F:\MediaStack\data\media\movies\Indiana Jones and the Last Crusade (1989)\Indiana Jones and the Last Crusade (1989) [Bluray-1080p] {imdb-tt0097576}.mp4,,,movie,imdb://tt0097576,,unmatched,Indiana Jones and the Last Crusade
no movie match,0,F:\MediaStack\data\media\movies\Indiana Jones and the Temple of Doom (1984)\Indiana Jones and the Temple of Doom (1984) [Bluray-1080p Proper] {imdb-tt0087469}.mkv,,,movie,imdb://tt0087469,,unmatched,Indiana Jones and the Temple of Doom
no movie match,0,F:\MediaStack\data\media\movies\Inferno (2016)\Inferno (2016) [Bluray-1080p] {imdb-tt3062096}.mkv,,,movie,imdb://tt3062096,,unmatched,Inferno
no movie match,0,F:\MediaStack\data\media\movies\The Hunchback of Notre Dame (1996)\The Hunchback of Notre Dame (1996) [Bluray-1080p] {imdb-tt0116583}.mkv,,,movie,imdb://tt0116583,,unmatched,The Hunchback of Notre Dame
no movie match,0,F:\MediaStack\data\media\movies\The Hunchback of Notre Dame II (2002)\The Hunchback of Notre Dame II (2002) [WEBDL-1080p] {imdb-tt0257778}.mkv,,,movie,imdb://tt0257778,,unmatched,The Hunchback of Notre Dame II
no movie match,0,F:\MediaStack\data\media\movies\The Hurricane (1999)\The Hurricane (1999) [Bluray-1080p] {imdb-tt0174856}.mkv,,,movie,imdb://tt0174856,,unmatched,The Hurricane
no movie match,0,F:\MediaStack\data\media\movies\The Hurricane Express (1932)\The Hurricane Express (1932) [WEBDL-480p] {imdb-tt0023038}.mkv,,,movie,imdb://tt0023038,,unmatched,The Hurricane Express
no movie match,0,F:\MediaStack\data\media\movies\I Am Legend (2007)\I Am Legend (2007) [Bluray-1080p] {imdb-tt0480249}.mkv,,,movie,imdb://tt0480249,,unmatched,I Am Legend
no movie match,0,F:\MediaStack\data\media\movies\I Am Number Four (2011)\I Am Number Four (2011) [Bluray-1080p] {imdb-tt1464540}.mkv,,,movie,imdb://tt1464540,,unmatched,I Am Number Four
no movie match,0,F:\MediaStack\data\media\movies\I Am Sam (2001)\I Am Sam (2001) [Bluray-1080p] {imdb-tt0277027}.mp4,,,movie,imdb://tt0277027,,unmatched,I Am Sam
no movie match,0,"F:\MediaStack\data\media\movies\I, Robot (2004)\I Robot (2004) [Bluray-1080p Proper] {imdb-tt0343818}.mkv",,,movie,imdb://tt0343818,,unmatched,"I, Robot"
no movie match,0,F:\MediaStack\data\media\movies\Ice Age (2002)\Ice Age (2002) [Bluray-1080p] {imdb-tt0268380}.mp4,,,movie,imdb://tt0268380,,unmatched,Ice Age
no movie match,0,F:\MediaStack\data\media\movies\Ice Age - A Mammoth Christmas (2011)\Ice Age A Mammoth Christmas (2011) [Bluray-1080p] {imdb-tt2100546}.mkv,,,movie,imdb://tt2100546,,unmatched,Ice Age: A Mammoth Christmas
no movie match,0,F:\MediaStack\data\media\movies\Ice Age - Collision Course (2016)\Ice Age Collision Course (2016) [Bluray-1080p] {imdb-tt3416828}.mkv,,,movie,imdb://tt3416828,,unmatched,Ice Age: Collision Course
no movie match,0,F:\MediaStack\data\media\movies\Ice Age - Continental Drift (2012)\Ice Age Continental Drift (2012) [Bluray-1080p] {imdb-tt1667889}.mkv,,,movie,imdb://tt1667889,,unmatched,Ice Age: Continental Drift
no movie match,0,F:\MediaStack\data\media\movies\Ice Age - Dawn of the Dinosaurs (2009)\Ice Age Dawn of the Dinosaurs (2009) [Bluray-1080p] {imdb-tt1080016}.mp4,,,movie,imdb://tt1080016,,unmatched,Ice Age: Dawn of the Dinosaurs
no movie match,0,F:\MediaStack\data\media\movies\Ice Age - The Meltdown (2006)\Ice Age The Meltdown (2006) [Bluray-1080p] {imdb-tt0438097}.mkv,,,movie,imdb://tt0438097,,unmatched,Ice Age: The Meltdown
no movie match,0,F:\MediaStack\data\media\movies\Ice Princess (2005)\Ice Princess (2005) [WEBDL-1080p] {imdb-tt0396652}.mkv,,,movie,imdb://tt0396652,,unmatched,Ice Princess
no movie match,0,F:\MediaStack\data\media\movies\House Arrest (1996)\House Arrest (1996) [WEBRip-1080p] {imdb-tt0116571}.mp4,,,movie,imdb://tt0116571,,unmatched,House Arrest
no movie match,0,F:\MediaStack\data\media\movies\The House Bunny (2008)\The House Bunny (2008) [Bluray-1080p] {imdb-tt0852713}.Clean.mp4,,,movie,imdb://tt0852713,,unmatched,The House Bunny
no movie match,0,F:\MediaStack\data\media\movies\How to Eat Fried Worms (2006)\How to Eat Fried Worms (2006) [WEBDL-1080p] {imdb-tt0462346}.mkv,,,movie,imdb://tt0462346,,unmatched,How to Eat Fried Worms
ambiguous movie title match,0,F:\MediaStack\data\media\movies\How to Train Your Dragon (2010)\How to Train Your Dragon (2010) [Bluray-1080p] {imdb-tt0892769}.mkv,,,movie,imdb://tt0892769,,unmatched,How to Train Your Dragon
ambiguous movie title match,0,F:\MediaStack\data\media\movies\How to Train Your Dragon (2025)\How to Train Your Dragon (2025) [Bluray-1080p] {imdb-tt26743210}.mkv,,,movie,imdb://tt26743210,,unmatched,How to Train Your Dragon
no movie match,0,F:\MediaStack\data\media\movies\Howl's Moving Castle (2004)\Howls Moving Castle (2004) [Bluray-1080p] {imdb-tt0347149}.mkv,,,movie,imdb://tt0347149,,unmatched,Howl's Moving Castle
no movie match,0,F:\MediaStack\data\media\movies\Hud (1963)\Hud (1963) [Bluray-1080p] {imdb-tt0057163}.mp4,,,movie,imdb://tt0057163,,unmatched,Hud
no movie match,0,F:\MediaStack\data\media\movies\Hocus Pocus (1993)\Hocus Pocus (1993) [Bluray-1080p Proper] {imdb-tt0107120}.mkv,,,movie,imdb://tt0107120,,unmatched,Hocus Pocus
no movie match,0,F:\MediaStack\data\media\movies\Hocus Pocus 2 (2022)\Hocus Pocus 2 (2022) [WEBDL-1080p] {imdb-tt11909878}.mkv,,,movie,imdb://tt11909878,,unmatched,Hocus Pocus 2
no movie match,0,F:\MediaStack\data\media\movies\Holes (2003)\Holes (2003) [WEBDL-1080p] {imdb-tt0311289}.mp4,,,movie,imdb://tt0311289,,unmatched,Holes
no movie match,0,F:\MediaStack\data\media\movies\Home (2015)\Home (2015) [Bluray-1080p] {imdb-tt2224026}.mkv,,,movie,imdb://tt2224026,,unmatched,Home
no movie match,0,F:\MediaStack\data\media\movies\Home Alone (1990)\Home Alone (1990) [Bluray-1080p] {imdb-tt0099785}.mkv,,,movie,imdb://tt0099785,,unmatched,Home Alone
no movie match,0,F:\MediaStack\data\media\movies\Home Alone 2 - Lost in New York (1992)\Home Alone 2 Lost in New York (1992) [Bluray-1080p] {imdb-tt0104431}.mkv,,,movie,imdb://tt0104431,,unmatched,Home Alone 2: Lost in New York
no movie match,0,F:\MediaStack\data\media\movies\Homeward Bound II - Lost in San Francisco (1996)\Homeward Bound II Lost in San Francisco (1996) [WEBRip-1080p] {imdb-tt0116552}.mkv,,,movie,imdb://tt0116552,,unmatched,Homeward Bound II: Lost in San Francisco
no movie match,0,F:\MediaStack\data\media\movies\Homeward Bound - The Incredible Journey (1993)\Homeward Bound The Incredible Journey (1993) [WEBRip-1080p] {imdb-tt0107131}.mkv,,,movie,imdb://tt0107131,,unmatched,Homeward Bound: The Incredible Journey
no movie match,0,"F:\MediaStack\data\media\movies\Honey, I Blew Up the Kid (1992)\Honey I Blew Up the Kid (1992) [Bluray-1080p] {imdb-tt0104437}.mp4",,,movie,imdb://tt0104437,,unmatched,"Honey, I Blew Up the Kid"
no movie match,0,"F:\MediaStack\data\media\movies\Honey, I Shrunk the Kids (1989)\Honey I Shrunk the Kids (1989) [Bluray-1080p] {imdb-tt0097523}.mp4",,,movie,imdb://tt0097523,,unmatched,"Honey, I Shrunk the Kids"
no movie match,0,"F:\MediaStack\data\media\movies\Honey, We Shrunk Ourselves (1997)\Honey We Shrunk Ourselves (1997) [WEBDL-1080p] {imdb-tt0119310}.mkv",,,movie,imdb://tt0119310,,unmatched,"Honey, We Shrunk Ourselves!"
no movie match,0,F:\MediaStack\data\media\movies\Hook (1991)\Hook (1991) [Bluray-1080p] {imdb-tt0102057}.mkv,,,movie,imdb://tt0102057,,unmatched,Hook
no movie match,0,F:\MediaStack\data\media\movies\Hoosiers (1986)\Hoosiers (1986) [Bluray-1080p] {imdb-tt0091217}.mkv,,,movie,imdb://tt0091217,,unmatched,Hoosiers
no movie match,0,F:\MediaStack\data\media\movies\Hoot (2006)\Hoot (2006) [WEBDL-720p] {imdb-tt0453494}.mkv,,,movie,imdb://tt0453494,,unmatched,Hoot
no movie match,0,F:\MediaStack\data\media\movies\Hop (2011)\Hop (2011) [Bluray-1080p] {imdb-tt1411704}.mp4,,,movie,imdb://tt1411704,,unmatched,Hop
no movie match,0,F:\MediaStack\data\media\movies\Hope Springs (2012)\Hope Springs (2012) [Bluray-1080p] {imdb-tt1535438}.mp4,,,movie,imdb://tt1535438,,unmatched,Hope Springs
no movie match,0,F:\MediaStack\data\media\movies\Horrible Bosses (2011)\Horrible Bosses (2011) [Bluray-1080p] {imdb-tt1499658}.mp4,,,movie,imdb://tt1499658,,unmatched,Horrible Bosses
no movie match,0,F:\MediaStack\data\media\movies\Horrible Bosses 2 (2014)\Horrible Bosses 2 (2014) [Bluray-1080p] {imdb-tt2170439}.mp4,,,movie,imdb://tt2170439,,unmatched,Horrible Bosses 2
no movie match,0,F:\MediaStack\data\media\movies\The Horse Whisperer (1998)\The Horse Whisperer (1998) [WEBDL-1080p] {imdb-tt0119314}.mkv,,,movie,imdb://tt0119314,,unmatched,The Horse Whisperer
no movie match,0,F:\MediaStack\data\media\movies\Horton Hears a Who! (2008)\Horton Hears a Who! (2008) [Bluray-1080p] {imdb-tt0451079}.mkv,,,movie,imdb://tt0451079,,unmatched,Horton Hears a Who!
no movie match,0,F:\MediaStack\data\media\movies\Hot Pursuit (2015)\Hot Pursuit (2015) [Bluray-1080p] {imdb-tt2967224}.mkv,,,movie,imdb://tt2967224,,unmatched,Hot Pursuit
no movie match,0,F:\MediaStack\data\media\movies\Hellboy II - The Golden Army (2008)\Hellboy II The Golden Army (2008) [Bluray-1080p] {imdb-tt0411477}.mkv,,,movie,imdb://tt0411477,,unmatched,Hellboy II: The Golden Army
no movie match,0,F:\MediaStack\data\media\movies\Hey Arnold! The Movie (2002)\Hey Arnold! The Movie (2002) [WEBRip-1080p] {imdb-tt0314166}.mp4,,,movie,imdb://tt0314166,,unmatched,Hey Arnold! The Movie
no movie match,0,F:\MediaStack\data\media\movies\Hidalgo (2004)\Hidalgo (2004) [WEBDL-1080p] {imdb-tt0317648}.mkv,,,movie,imdb://tt0317648,,unmatched,Hidalgo
no movie match,0,F:\MediaStack\data\media\movies\Hidden Figures (2016)\Hidden Figures (2016) [Bluray-1080p Proper] {imdb-tt4846340}.mp4,,,movie,imdb://tt4846340,,unmatched,Hidden Figures
no movie match,0,F:\MediaStack\data\media\movies\High Crimes (2002)\High Crimes (2002) [Bluray-1080p] {imdb-tt0257756}.mkv,,,movie,imdb://tt0257756,,unmatched,High Crimes
no movie match,0,F:\MediaStack\data\media\movies\High Fidelity (2000)\High Fidelity (2000) [Bluray-1080p] {imdb-tt0146882}.mkv,,,movie,imdb://tt0146882,,unmatched,High Fidelity
no movie match,0,F:\MediaStack\data\media\movies\High School Musical (2006)\High School Musical (2006) [WEBDL-1080p] {imdb-tt0475293}.mkv,,,movie,imdb://tt0475293,,unmatched,High School Musical
no movie match,0,F:\MediaStack\data\media\movies\High School Musical 2 (2007)\High School Musical 2 (2007) [Bluray-1080p] {imdb-tt0810900}.mkv,,,movie,imdb://tt0810900,,unmatched,High School Musical 2
no movie match,0,F:\MediaStack\data\media\movies\High School Musical 3 - Senior Year (2008)\High School Musical 3 Senior Year (2008) [Bluray-1080p] {imdb-tt0962726}.mkv,,,movie,imdb://tt0962726,,unmatched,High School Musical 3: Senior Year
no movie match,0,F:\MediaStack\data\media\movies\His Girl Friday (1940)\His Girl Friday (1940) [Bluray-1080p] {imdb-tt0032599}.mkv,,,movie,imdb://tt0032599,,unmatched,His Girl Friday
no movie match,0,F:\MediaStack\data\media\movies\His Private Secretary (1933)\His Private Secretary (1933) [WEBDL-480p] {imdb-tt0024124}.mkv,,,movie,imdb://tt0024124,,unmatched,His Private Secretary
no movie match,0,F:\MediaStack\data\media\movies\A History of Violence (2005)\A History of Violence (2005) [Bluray-1080p] {imdb-tt0399146}.mkv,,,movie,imdb://tt0399146,,unmatched,A History of Violence
no movie match,0,F:\MediaStack\data\media\movies\The Hitchhiker's Guide to the Galaxy (2005)\The Hitchhikers Guide to the Galaxy (2005) [Bluray-1080p] {imdb-tt0371724}.mkv,,,movie,imdb://tt0371724,,unmatched,The Hitchhiker's Guide to the Galaxy
no movie match,0,F:\MediaStack\data\media\movies\Hitman (2007)\Hitman (2007) [Bluray-1080p] {imdb-tt0465494}.mkv,,,movie,imdb://tt0465494,,unmatched,Hitman
no movie match,0,F:\MediaStack\data\media\movies\Hitpig! (2024)\Hitpig! (2024) [WEBRip-1080p] {imdb-tt13176330}.mkv,,,movie,imdb://tt13176330,,unmatched,Hitpig
no movie match,0,F:\MediaStack\data\media\movies\The Hobbit (1977)\The Hobbit (1977) [WEBRip-1080p] {imdb-tt0077687}.mp4,,,movie,imdb://tt0077687,,unmatched,The Hobbit
no movie match,0,F:\MediaStack\data\media\movies\The Hobbit - An Unexpected Journey (2012)\The Hobbit An Unexpected Journey (2012) [Bluray-1080p] {imdb-tt0903624}.mkv,,,movie,imdb://tt0903624,,unmatched,The Hobbit: An Unexpected Journey
no movie match,0,F:\MediaStack\data\media\movies\The Hobbit - The Battle of the Five Armies (2014)\The Hobbit The Battle of the Five Armies (2014) [Bluray-1080p] {imdb-tt2310332}.mkv,,,movie,imdb://tt2310332,,unmatched,The Hobbit: The Battle of the Five Armies
no movie match,0,F:\MediaStack\data\media\movies\The Hobbit - The Desolation of Smaug (2013)\The Hobbit The Desolation of Smaug (2013) [WEBDL-1080p] {imdb-tt1170358}.mkv,,,movie,imdb://tt1170358,,unmatched,The Hobbit: The Desolation of Smaug
no movie match,0,F:\MediaStack\data\media\movies\Harakiri (1962)\Harakiri (1962) [Bluray-1080p Proper] {imdb-tt0056058}.mkv,,,movie,imdb://tt0056058,,unmatched,Harakiri
no movie match,0,F:\MediaStack\data\media\movies\A Hard Day's Night (1964)\A Hard Days Night (1964) [Bluray-1080p] {imdb-tt0058182}.mkv,,,movie,imdb://tt0058182,,unmatched,A Hard Day's Night
no movie match,0,F:\MediaStack\data\media\movies\Hardball (2001)\Hardball (2001) [WEBDL-1080p] {imdb-tt0180734}.mkv,,,movie,imdb://tt0180734,,unmatched,Hardball
no movie match,0,F:\MediaStack\data\media\movies\Harold and the Purple Crayon (2024)\Harold and the Purple Crayon (2024) [Bluray-1080p] {imdb-tt1609486}.mkv,,,movie,imdb://tt1609486,,unmatched,Harold and the Purple Crayon
no movie match,0,F:\MediaStack\data\media\movies\Harriet the Spy (1996)\Harriet the Spy (1996) [WEBRip-720p] {imdb-tt0116493}.mp4,,,movie,imdb://tt0116493,,unmatched,Harriet the Spy
no movie match,0,F:\MediaStack\data\media\movies\Harry Potter 20th Anniversary - Return to Hogwarts (2022)\Harry Potter 20th Anniversary Return to Hogwarts (2022) [Bluray-1080p] {imdb-tt16116174}.mkv,,,movie,imdb://tt16116174,,unmatched,Harry Potter 20th Anniversary: Return to Hogwarts
no movie match,0,F:\MediaStack\data\media\movies\Harry Potter and the Chamber of Secrets (2002)\Harry Potter and the Chamber of Secrets (2002) [Bluray-1080p Proper] {imdb-tt0295297}.mkv,,,movie,imdb://tt0295297,,unmatched,Harry Potter and the Chamber of Secrets
no movie match,0,F:\MediaStack\data\media\movies\Harry Potter and the Deathly Hallows - Part 1 (2010)\Harry Potter and the Deathly Hallows Part 1 (2010) [Bluray-1080p] {imdb-tt0926084}.mp4,,,movie,imdb://tt0926084,,unmatched,Harry Potter and the Deathly Hallows: Part 1
no movie match,0,F:\MediaStack\data\media\movies\Harry Potter and the Deathly Hallows - Part 2 (2011)\Harry Potter and the Deathly Hallows Part 2 (2011) [Bluray-1080p] {imdb-tt1201607}.mkv,,,movie,imdb://tt1201607,,unmatched,Harry Potter and the Deathly Hallows: Part 2
no movie match,0,F:\MediaStack\data\media\movies\Harry Potter and the Goblet of Fire (2005)\Harry Potter and the Goblet of Fire (2005) [Bluray-1080p] {imdb-tt0330373}.mkv,,,movie,imdb://tt0330373,,unmatched,Harry Potter and the Goblet of Fire
no movie match,0,F:\MediaStack\data\media\movies\Harry Potter and the Half-Blood Prince (2009)\Harry Potter and the Half-Blood Prince (2009) [Bluray-1080p] {imdb-tt0417741}.mp4,,,movie,imdb://tt0417741,,unmatched,Harry Potter and the Half-Blood Prince
no movie match,0,F:\MediaStack\data\media\movies\Harry Potter and the Order of the Phoenix (2007)\Harry Potter and the Order of the Phoenix (2007) [Bluray-1080p] {imdb-tt0373889}.mkv,,,movie,imdb://tt0373889,,unmatched,Harry Potter and the Order of the Phoenix
no movie match,0,F:\MediaStack\data\media\movies\Harry Potter and the Prisoner of Azkaban (2004)\Harry Potter and the Prisoner of Azkaban (2004) [Bluray-1080p] {imdb-tt0304141}.mkv,,,movie,imdb://tt0304141,,unmatched,Harry Potter and the Prisoner of Azkaban
no movie match,0,F:\MediaStack\data\media\movies\Harry Potter and the Philosopher's Stone (2001)\Harry Potter and the Philosophers Stone (2001) [Bluray-1080p] {imdb-tt0241527}.mp4,,,movie,imdb://tt0241527,,unmatched,Harry Potter and the Sorcerer's Stone
no movie match,0,F:\MediaStack\data\media\movies\Harry Potter - A History Of Magic (2017)\Harry Potter A History Of Magic (2017) [WEBDL-1080p] {imdb-tt7783322}.mkv,,,movie,imdb://tt7783322,,unmatched,Harry Potter: A History of Magic
no movie match,0,F:\MediaStack\data\media\movies\Harvey (1950)\Harvey (1950) [Bluray-1080p] {imdb-tt0042546}.mkv,,,movie,imdb://tt0042546,,unmatched,Harvey
no movie match,0,F:\MediaStack\data\media\movies\The Haunting (1999)\The Haunting (1999) [Bluray-1080p] {imdb-tt0171363}.mkv,,,movie,imdb://tt0171363,,unmatched,The Haunting
no movie match,0,F:\MediaStack\data\media\movies\He Got Game (1998)\He Got Game (1998) [Bluray-1080p] {imdb-tt0124718}.mkv,,,movie,imdb://tt0124718,,unmatched,He Got Game
no movie match,0,F:\MediaStack\data\media\movies\Hearts in Atlantis (2001)\Hearts in Atlantis (2001) [Bluray-1080p] {imdb-tt0252501}.mkv,,,movie,imdb://tt0252501,,unmatched,Hearts in Atlantis
no movie match,0,F:\MediaStack\data\media\movies\Heat (1995)\Heat (1995) [Bluray-1080p] {imdb-tt0113277}.mkv,,,movie,imdb://tt0113277,,unmatched,Heat
no movie match,0,F:\MediaStack\data\media\movies\Heavyweights (1995)\Heavyweights (1995) [WEBDL-1080p] {imdb-tt0110006}.mkv,,,movie,imdb://tt0110006,,unmatched,Heavyweights
no movie match,0,F:\MediaStack\data\media\movies\The Grudge (2004)\The Grudge (2004) [Bluray-1080p] {imdb-tt0391198}.mp4,,,movie,imdb://tt0391198,,unmatched,The Grudge
no movie match,0,F:\MediaStack\data\media\movies\The Grudge 2 (2006)\The Grudge 2 (2006) [Bluray-720p] {imdb-tt0433386}.mp4,,,movie,imdb://tt0433386,,unmatched,The Grudge 2
no movie match,0,F:\MediaStack\data\media\movies\Grumpy Old Men (1993)\Grumpy Old Men (1993) [Bluray-1080p] {imdb-tt0107050}.mp4,,,movie,imdb://tt0107050,,unmatched,Grumpy Old Men
no movie match,0,F:\MediaStack\data\media\movies\The Guardian (2006)\The Guardian (2006) [Bluray-1080p] {imdb-tt0406816}.mkv,,,movie,imdb://tt0406816,,unmatched,The Guardian
no movie match,0,F:\MediaStack\data\media\movies\Guardians of the Galaxy (2014)\Guardians of the Galaxy (2014) [Bluray-1080p] {imdb-tt2015381}.mkv,,,movie,imdb://tt2015381,,unmatched,Guardians of the Galaxy
no movie match,0,F:\MediaStack\data\media\movies\The Guardians of the Galaxy Holiday Special (2022)\The Guardians of the Galaxy Holiday Special (2022) [WEBDL-1080p] {imdb-tt13623136}.mkv,,,movie,imdb://tt13623136,,unmatched,The Guardians of the Galaxy Holiday Special
no movie match,0,F:\MediaStack\data\media\movies\Guardians of the Galaxy Vol. 2 (2017)\Guardians of the Galaxy Vol. 2 (2017) [Bluray-1080p Proper] {imdb-tt3896198}.mkv,,,movie,imdb://tt3896198,,unmatched,Guardians of the Galaxy Vol. 2
no movie match,0,F:\MediaStack\data\media\movies\Guardians of the Galaxy Vol. 3 (2023)\Guardians of the Galaxy Vol. 3 (2023) [Bluray-1080p] {imdb-tt6791350}.mkv,,,movie,imdb://tt6791350,,unmatched,Guardians of the Galaxy Vol. 3
no movie match,0,F:\MediaStack\data\media\movies\Guess Who's Coming to Dinner (1967)\Guess Whos Coming to Dinner (1967) [Bluray-1080p] {imdb-tt0061735}.mp4,,,movie,imdb://tt0061735,,unmatched,Guess Who's Coming to Dinner
no movie match,0,F:\MediaStack\data\media\movies\Guys and Dolls (1955)\Guys and Dolls (1955) [Bluray-1080p] {imdb-tt0048140}.mkv,,,movie,imdb://tt0048140,,unmatched,Guys and Dolls
no movie match,0,F:\MediaStack\data\media\movies\Hachi - A Dog's Tale (2009)\Hachi A Dogs Tale (2009) [Bluray-1080p] {imdb-tt1028532}.mkv,,,movie,imdb://tt1028532,,unmatched,Hachi: A Dog's Tale
no movie match,0,F:\MediaStack\data\media\movies\Hairspray (2007)\Hairspray (2007) [Bluray-1080p] {imdb-tt0427327}.mp4,,,movie,imdb://tt0427327,,unmatched,Hairspray
no movie match,0,F:\MediaStack\data\media\movies\Half Nelson (2006)\Half Nelson (2006) [Bluray-1080p] {imdb-tt0468489}.mkv,,,movie,imdb://tt0468489,,unmatched,Half Nelson
no movie match,0,F:\MediaStack\data\media\movies\Halloweentown (1998)\Halloweentown (1998) [Bluray-1080p] {imdb-tt0173886}.mp4,,,movie,imdb://tt0173886,,unmatched,Halloweentown
no movie match,0,F:\MediaStack\data\media\movies\Halloweentown High (2004)\Halloweentown High (2004) [WEBDL-1080p] {imdb-tt0414078}.mkv,,,movie,imdb://tt0414078,,unmatched,Halloweentown High
no movie match,0,F:\MediaStack\data\media\movies\Halloweentown II - Kalabar's Revenge (2001)\Halloweentown II Kalabars Revenge (2001) [DVD] {imdb-tt0274761}.mkv,,,movie,imdb://tt0274761,,unmatched,Halloweentown II: Kalabar's Revenge
no movie match,0,F:\MediaStack\data\media\movies\The Happening (2008)\The Happening (2008) [Bluray-1080p] {imdb-tt0949731}.mp4,,,movie,imdb://tt0949731,,unmatched,The Happening
no movie match,0,F:\MediaStack\data\media\movies\Happy Feet (2006)\Happy Feet (2006) [Bluray-1080p] {imdb-tt0366548}.mkv,,,movie,imdb://tt0366548,,unmatched,Happy Feet
no movie match,0,F:\MediaStack\data\media\movies\Happy Feet Two (2011)\Happy Feet Two (2011) [Bluray-1080p] {imdb-tt1402488}.mkv,,,movie,imdb://tt1402488,,unmatched,Happy Feet Two
no movie match,0,F:\MediaStack\data\media\movies\Gran Torino (2008)\Gran Torino (2008) [Bluray-1080p] {imdb-tt1205489}.mkv,,,movie,imdb://tt1205489,,unmatched,Gran Torino
no movie match,0,F:\MediaStack\data\media\movies\The Grand Budapest Hotel (2014)\The Grand Budapest Hotel (2014) [Bluray-1080p Proper] {imdb-tt2278388}.mp4,,,movie,imdb://tt2278388,,unmatched,The Grand Budapest Hotel
no movie match,0,F:\MediaStack\data\media\movies\The Grapes of Wrath (1940)\The Grapes of Wrath (1940) [Bluray-1080p] {imdb-tt0032551}.mkv,,,movie,imdb://tt0032551,,unmatched,The Grapes of Wrath
no movie match,0,F:\MediaStack\data\media\movies\Grave of the Fireflies (1988)\Grave of the Fireflies (1988) [Bluray-1080p] {imdb-tt0095327}.mkv,,,movie,imdb://tt0095327,,unmatched,Grave of the Fireflies
no movie match,0,F:\MediaStack\data\media\movies\Gravity (2013)\Gravity (2013) [Bluray-1080p] {imdb-tt1454468}.mkv,,,movie,imdb://tt1454468,,unmatched,Gravity
no movie match,0,F:\MediaStack\data\media\movies\Grease 2 (1982)\Grease 2 (1982) [Bluray-1080p] {imdb-tt0084021}.mkv,,,movie,imdb://tt0084021,,unmatched,Grease 2
no movie match,0,F:\MediaStack\data\media\movies\The Great Dictator (1940)\The Great Dictator (1940) [Bluray-1080p Proper] {imdb-tt0032553}.mkv,,,movie,imdb://tt0032553,,unmatched,The Great Dictator
no movie match,0,F:\MediaStack\data\media\movies\The Great Escape (1963)\The Great Escape (1963) [Bluray-1080p] {imdb-tt0057115}.mkv,,,movie,imdb://tt0057115,,unmatched,The Great Escape
no movie match,0,F:\MediaStack\data\media\movies\The Great Gatsby (1974)\The Great Gatsby (1974) [Bluray-1080p] {imdb-tt0071577}.mkv,,,movie,imdb://tt0071577,,unmatched,The Great Gatsby
no movie match,0,F:\MediaStack\data\media\movies\The Great Gatsby (2013)\The Great Gatsby (2013) [Bluray-1080p] {imdb-tt1343092}.mkv,,,movie,imdb://tt1343092,,unmatched,The Great Gatsby
no movie match,0,F:\MediaStack\data\media\movies\The Great Mouse Detective (1986)\The Great Mouse Detective (1986) [Bluray-1080p] {imdb-tt0091149}.mp4,,,movie,imdb://tt0091149,,unmatched,The Great Mouse Detective
no movie match,0,F:\MediaStack\data\media\movies\The Great Muppet Caper (1981)\The Great Muppet Caper (1981) [Bluray-1080p] {imdb-tt0082474}.mkv,,,movie,imdb://tt0082474,,unmatched,The Great Muppet Caper
no movie match,0,F:\MediaStack\data\media\movies\The Greatest Game Ever Played (2005)\The Greatest Game Ever Played (2005) [Bluray-1080p] {imdb-tt0388980}.mkv,,,movie,imdb://tt0388980,,unmatched,The Greatest Game Ever Played
no movie match,0,F:\MediaStack\data\media\movies\The Greatest Showman (2017)\The Greatest Showman (2017) [Bluray-1080p] {imdb-tt1485796}.mkv,,,movie,imdb://tt1485796,,unmatched,The Greatest Showman
no movie match,0,F:\MediaStack\data\media\movies\The Green Mile (1999)\The Green Mile (1999) [Bluray-1080p] {imdb-tt0120689}.mkv,,,movie,imdb://tt0120689,,unmatched,The Green Mile
no movie match,0,F:\MediaStack\data\media\movies\Gremlins (1984)\Gremlins (1984) [Bluray-1080p] {imdb-tt0087363}.mp4,,,movie,imdb://tt0087363,,unmatched,Gremlins
no movie match,0,F:\MediaStack\data\media\movies\Gremlins 2 - The New Batch (1990)\Gremlins 2 The New Batch (1990) [Bluray-1080p] {imdb-tt0099700}.mp4,,,movie,imdb://tt0099700,,unmatched,Gremlins 2: The New Batch
no movie match,0,F:\MediaStack\data\media\movies\Grind (2003)\Grind (2003) [WEBDL-1080p] {imdb-tt0338077}.mp4,,,movie,imdb://tt0338077,,unmatched,Grind
no movie match,0,F:\MediaStack\data\media\movies\Gnomeo & Juliet (2011)\Gnomeo and Juliet (2011) [Bluray-1080p] {imdb-tt0377981}.mp4,,,movie,imdb://tt0377981,,unmatched,Gnomeo & Juliet
no movie match,0,F:\MediaStack\data\media\movies\Goal! (2005)\Goal! (2005) [Bluray-1080p] {imdb-tt0380389}.mp4,,,movie,imdb://tt0380389,,unmatched,Goal! The Dream Begins
no movie match,0,F:\MediaStack\data\media\movies\Godzilla vs. Kong (2021)\Godzilla vs. Kong (2021) [Bluray-1080p] {imdb-tt5034838}.mkv,,,movie,imdb://tt5034838,,unmatched,Godzilla vs. Kong
no movie match,0,F:\MediaStack\data\media\movies\Godzilla x Kong - The New Empire (2024)\Godzilla x Kong The New Empire (2024) [Bluray-1080p] {imdb-tt14539740}.mkv,,,movie,imdb://tt14539740,,unmatched,Godzilla x Kong: The New Empire
no movie match,0,F:\MediaStack\data\media\movies\Godzilla - King of the Monsters (2019)\Godzilla King of the Monsters (2019) [Bluray-1080p] {imdb-tt3741700}.mkv,,,movie,imdb://tt3741700,,unmatched,Godzilla: King of the Monsters
no movie match,0,F:\MediaStack\data\media\movies\Going in Style (2017)\Going in Style (2017) [Bluray-1080p] {imdb-tt2568862}.mkv,,,movie,imdb://tt2568862,,unmatched,Going in Style
no movie match,0,F:\MediaStack\data\media\movies\The Golden Compass (2007)\The Golden Compass (2007) [Bluray-1080p] {imdb-tt0385752}.mp4,,,movie,imdb://tt0385752,,unmatched,The Golden Compass
no movie match,0,F:\MediaStack\data\media\movies\Gone Baby Gone (2007)\Gone Baby Gone (2007) [Bluray-1080p] {imdb-tt0452623}.mkv,,,movie,imdb://tt0452623,,unmatched,Gone Baby Gone
no movie match,0,F:\MediaStack\data\media\movies\Gone Girl (2014)\Gone Girl (2014) [Bluray-1080p] {imdb-tt2267998}.mkv,,,movie,imdb://tt2267998,,unmatched,Gone Girl
no movie match,0,F:\MediaStack\data\media\movies\Gone in Sixty Seconds (2000)\Gone in Sixty Seconds (2000) [Bluray-1080p] {imdb-tt0187078}.mkv,,,movie,imdb://tt0187078,,unmatched,Gone in 60 Seconds
no movie match,0,F:\MediaStack\data\media\movies\Gone with the Wind (1939)\Gone with the Wind (1939) [Bluray-1080p] {imdb-tt0031381}.mkv,,,movie,imdb://tt0031381,,unmatched,Gone with the Wind
no movie match,0,F:\MediaStack\data\media\movies\Good Burger (1997)\Good Burger (1997) [WEBDL-1080p] {imdb-tt0119215}.mkv,,,movie,imdb://tt0119215,,unmatched,Good Burger
no movie match,0,F:\MediaStack\data\media\movies\A Good Day to Die Hard (2013)\A Good Day to Die Hard (2013) [Bluray-1080p] {imdb-tt1606378}.mp4,,,movie,imdb://tt1606378,,unmatched,A Good Day to Die Hard
no movie match,0,F:\MediaStack\data\media\movies\The Good Dinosaur (2015)\The Good Dinosaur (2015) [Bluray-1080p] {imdb-tt1979388}.mkv,,,movie,imdb://tt1979388,,unmatched,The Good Dinosaur
no movie match,0,F:\MediaStack\data\media\movies\The Good Liar (2019)\The Good Liar (2019) [Bluray-1080p Proper] {imdb-tt5563334}.mkv,,,movie,imdb://tt5563334,,unmatched,The Good Liar
no movie match,0,F:\MediaStack\data\media\movies\Good Luck Chuck (2007)\Good Luck Chuck (2007) [Bluray-1080p] {imdb-tt0452625}.mp4,,,movie,imdb://tt0452625,,unmatched,Good Luck Chuck
no movie match,0,"F:\MediaStack\data\media\movies\Good Morning, Vietnam (1987)\Good Morning Vietnam (1987) [WEBDL-720p] {imdb-tt0093105}.mkv",,,movie,imdb://tt0093105,,unmatched,"Good Morning, Vietnam"
no movie match,0,F:\MediaStack\data\media\movies\Good Night Oppy (2022)\Good Night Oppy (2022) [WEBDL-720p] {imdb-tt14179942}.mkv,,,movie,imdb://tt14179942,,unmatched,Good Night Oppy
no movie match,0,"F:\MediaStack\data\media\movies\The Good, the Bad and the Ugly (1966)\The Good the Bad and the Ugly (1966) [Bluray-1080p] {imdb-tt0060196}.mp4",,,movie,imdb://tt0060196,,unmatched,"The Good, the Bad and the Ugly"
no movie match,0,F:\MediaStack\data\media\movies\GoodFellas (1990)\GoodFellas (1990) [Bluray-1080p] {imdb-tt0099685}.mp4,,,movie,imdb://tt0099685,,unmatched,GoodFellas
no movie match,0,F:\MediaStack\data\media\movies\A Goofy Movie (1995)\A Goofy Movie (1995) [Bluray-1080p] {imdb-tt0113198}.mkv,,,movie,imdb://tt0113198,,unmatched,A Goofy Movie
no movie match,0,F:\MediaStack\data\media\movies\The Goonies (1985)\The Goonies (1985) [Bluray-1080p] {imdb-tt0089218}.mkv,,,movie,imdb://tt0089218,,unmatched,The Goonies
no movie match,0,F:\MediaStack\data\media\movies\Get Rich or Die Tryin' (2005)\Get Rich or Die Tryin (2005) [Bluray-1080p] {imdb-tt0430308}.mkv,,,movie,imdb://tt0430308,,unmatched,Get Rich or Die Tryin'
no movie match,0,F:\MediaStack\data\media\movies\Get Smart (2008)\Get Smart (2008) [Bluray-1080p] {imdb-tt0425061}.mp4,,,movie,imdb://tt0425061,,unmatched,Get Smart
no movie match,0,F:\MediaStack\data\media\movies\The Getaway (1972)\The Getaway (1972) [Bluray-1080p] {imdb-tt0068638}.mkv,,,movie,imdb://tt0068638,,unmatched,The Getaway
no movie match,0,F:\MediaStack\data\media\movies\Ghost Rider (2007)\Ghost Rider (2007) [Bluray-1080p] {imdb-tt0259324}.mkv,,,movie,imdb://tt0259324,,unmatched,Ghost Rider
no movie match,0,F:\MediaStack\data\media\movies\Ghost Rider - Spirit of Vengeance (2011)\Ghost Rider Spirit of Vengeance (2011) [Bluray-1080p] {imdb-tt1071875}.mp4,,,movie,imdb://tt1071875,,unmatched,Ghost Rider: Spirit of Vengeance
no movie match,0,F:\MediaStack\data\media\movies\Ghostbusters (1984)\Ghostbusters (1984) [Bluray-1080p] {imdb-tt0087332}.mkv,,,movie,imdb://tt0087332,,unmatched,Ghostbusters
no movie match,0,F:\MediaStack\data\media\movies\Ghostbusters II (1989)\Ghostbusters II (1989) [Bluray-1080p] {imdb-tt0097428}.mkv,,,movie,imdb://tt0097428,,unmatched,Ghostbusters II
no movie match,0,F:\MediaStack\data\media\movies\Ghostbusters - Afterlife (2021)\Ghostbusters Afterlife (2021) [Bluray-1080p] {imdb-tt4513678}.mp4,,,movie,imdb://tt4513678,,unmatched,Ghostbusters: Afterlife
no movie match,0,F:\MediaStack\data\media\movies\Ghostbusters (2016)\Ghostbusters (2016) [Bluray-1080p] {imdb-tt1289401}.mkv,,,movie,imdb://tt1289401,,unmatched,Ghostbusters: Answer the Call
no movie match,0,F:\MediaStack\data\media\movies\Ghosts of Girlfriends Past (2009)\Ghosts of Girlfriends Past (2009) [Bluray-1080p] {imdb-tt0821640}.mp4,,,movie,imdb://tt0821640,,unmatched,Ghosts of Girlfriends Past
no movie match,0,F:\MediaStack\data\media\movies\Giant (1956)\Giant (1956) [Bluray-1080p] {imdb-tt0049261}.mkv,,,movie,imdb://tt0049261,,unmatched,Giant
no movie match,0,F:\MediaStack\data\media\movies\Glass (2019)\Glass (2019) [Bluray-1080p] {imdb-tt6823368}.mkv,,,movie,imdb://tt6823368,,unmatched,Glass
no movie match,0,F:\MediaStack\data\media\movies\Glass Onion - A Knives Out Mystery (2022)\Glass Onion A Knives Out Mystery (2022) [WEBDL-1080p] {imdb-tt11564570}.mkv,,,movie,imdb://tt11564570,,unmatched,Glass Onion
no movie match,0,F:\MediaStack\data\media\movies\Glengarry Glen Ross (1992)\Glengarry Glen Ross (1992) [Bluray-1080p] {imdb-tt0104348}.mp4,,,movie,imdb://tt0104348,,unmatched,Glengarry Glen Ross
no movie match,0,F:\MediaStack\data\media\movies\The Glenn Miller Story (1954)\The Glenn Miller Story (1954) [WEBDL-480p] {imdb-tt0047030}.mkv,,,movie,imdb://tt0047030,,unmatched,The Glenn Miller Story
no movie match,0,F:\MediaStack\data\media\movies\Glory Road (2006)\Glory Road (2006) [Bluray-1080p] {imdb-tt0385726}.mkv,,,movie,imdb://tt0385726,,unmatched,Glory Road
no movie match,0,F:\MediaStack\data\media\movies\Fruitvale Station (2013)\Fruitvale Station (2013) [Bluray-1080p] {imdb-tt2334649}.mkv,,,movie,imdb://tt2334649,,unmatched,Fruitvale Station
no movie match,0,F:\MediaStack\data\media\movies\The Fugitive (1993)\The Fugitive (1993) [Bluray-1080p] {imdb-tt0106977}.mkv,,,movie,imdb://tt0106977,,unmatched,The Fugitive
no movie match,0,F:\MediaStack\data\media\movies\Funny Face (1957)\Funny Face (1957) [Bluray-1080p] {imdb-tt0050419}.mp4,,,movie,imdb://tt0050419,,unmatched,Funny Face
no movie match,0,F:\MediaStack\data\media\movies\Furiosa - A Mad Max Saga (2024)\Furiosa A Mad Max Saga (2024) [Bluray-1080p Proper] {imdb-tt12037194}.mkv,,,movie,imdb://tt12037194,,unmatched,Furiosa: A Mad Max Saga
no movie match,0,F:\MediaStack\data\media\movies\Furious 7 (2015)\Furious 7 (2015) [Bluray-1080p Proper] {imdb-tt2820852}.mp4,,,movie,imdb://tt2820852,,unmatched,Furious 7
no movie match,0,F:\MediaStack\data\media\movies\Gabby's Dollhouse - The Movie (2025)\Gabbys Dollhouse The Movie (2025) [Bluray-1080p] {imdb-tt32214143}.mkv,,,movie,imdb://tt32214143,,unmatched,Gabby's Dollhouse: The Movie
no movie match,0,F:\MediaStack\data\media\movies\The Game Plan (2007)\The Game Plan (2007) [Bluray-1080p] {imdb-tt0492956}.mp4,,,movie,imdb://tt0492956,,unmatched,The Game Plan
no movie match,0,F:\MediaStack\data\media\movies\Gandhi (1982)\Gandhi (1982) [Bluray-1080p] {imdb-tt0083987}.mkv,,,movie,imdb://tt0083987,,unmatched,Gandhi
no movie match,0,F:\MediaStack\data\media\movies\Gangs of New York (2002)\Gangs of New York (2002) [Bluray-1080p] {imdb-tt0217505}.mkv,,,movie,imdb://tt0217505,,unmatched,Gangs of New York
no movie match,0,F:\MediaStack\data\media\movies\Garden State (2004)\Garden State (2004) [Bluray-1080p] {imdb-tt0333766}.mp4,,,movie,imdb://tt0333766,,unmatched,Garden State
no movie match,0,F:\MediaStack\data\media\movies\The Garfield Movie (2024)\The Garfield Movie (2024) [Bluray-1080p] {imdb-tt5779228}.mkv,,,movie,imdb://tt5779228,,unmatched,The Garfield Movie
no movie match,0,F:\MediaStack\data\media\movies\Garfield (2004)\Garfield (2004) [Bluray-1080p] {imdb-tt0356634}.mkv,,,movie,imdb://tt0356634,,unmatched,Garfield: The Movie
no movie match,0,F:\MediaStack\data\media\movies\The General's Daughter (1999)\The Generals Daughter (1999) [Bluray-1080p] {imdb-tt0144214}.mkv,,,movie,imdb://tt0144214,,unmatched,The General's Daughter
no movie match,0,F:\MediaStack\data\media\movies\Gentlemen Prefer Blondes (1953)\Gentlemen Prefer Blondes (1953) [Bluray-1080p] {imdb-tt0045810}.mkv,,,movie,imdb://tt0045810,,unmatched,Gentlemen Prefer Blondes
no movie match,0,F:\MediaStack\data\media\movies\George of the Jungle (1997)\George of the Jungle (1997) [Bluray-1080p] {imdb-tt0119190}.mkv,,,movie,imdb://tt0119190,,unmatched,George of the Jungle
no movie match,0,F:\MediaStack\data\media\movies\George of the Jungle 2 (2003)\George of the Jungle 2 (2003) [WEBDL-1080p] {imdb-tt0322389}.mkv,,,movie,imdb://tt0322389,,unmatched,George of the Jungle 2
no movie match,0,F:\MediaStack\data\media\movies\Get a Clue (2002)\Get a Clue (2002) [WEBRip-480p] {imdb-tt0282521}.mp4,,,movie,imdb://tt0282521,,unmatched,Get a Clue
no movie match,0,F:\MediaStack\data\media\movies\The Fox and the Hound 2 (2006)\The Fox and the Hound 2 (2006) [Bluray-1080p] {imdb-tt0465997}.mkv,,,movie,imdb://tt0465997,,unmatched,The Fox and the Hound 2
no movie match,0,F:\MediaStack\data\media\movies\Fracture (2007)\Fracture (2007) [Bluray-1080p Proper] {imdb-tt0488120}.mkv,,,movie,imdb://tt0488120,,unmatched,Fracture
no movie match,0,F:\MediaStack\data\media\movies\Frankenweenie (2012)\Frankenweenie (2012) [Bluray-1080p] {imdb-tt1142977}.mkv,,,movie,imdb://tt1142977,,unmatched,Frankenweenie
no movie match,0,F:\MediaStack\data\media\movies\Freakier Friday (2025)\Freakier Friday (2025) [Bluray-1080p] {imdb-tt31956415}.mp4,,,movie,imdb://tt31956415,,unmatched,Freakier Friday
no movie match,0,F:\MediaStack\data\media\movies\Freaky Friday (1976)\Freaky Friday (1976) [Bluray-1080p] {imdb-tt0076054}.mp4,,,movie,imdb://tt0076054,,unmatched,Freaky Friday
no movie match,0,F:\MediaStack\data\media\movies\Freaky Friday (2003)\Freaky Friday (2003) [Bluray-1080p] {imdb-tt0322330}.mkv,,,movie,imdb://tt0322330,,unmatched,Freaky Friday
no movie match,0,F:\MediaStack\data\media\movies\Freddy vs. Jason (2003)\Freddy vs. Jason (2003) [Bluray-1080p] {imdb-tt0329101}.mkv,,,movie,imdb://tt0329101,,unmatched,Freddy vs. Jason
no movie match,0,F:\MediaStack\data\media\movies\Free Guy (2021)\Free Guy (2021) [Bluray-1080p] {imdb-tt6264654}.mkv,,,movie,imdb://tt6264654,,unmatched,Free Guy
no movie match,0,F:\MediaStack\data\media\movies\Free Willy (1993)\Free Willy (1993) [Bluray-1080p] {imdb-tt0106965}.mp4,,,movie,imdb://tt0106965,,unmatched,Free Willy
no movie match,0,F:\MediaStack\data\media\movies\Free Willy 2 - The Adventure Home (1995)\Free Willy 2 The Adventure Home (1995) [WEBRip-1080p] {imdb-tt0113114}.ts,,,movie,imdb://tt0113114,,unmatched,Free Willy 2: The Adventure Home
no movie match,0,F:\MediaStack\data\media\movies\Free Willy 3 - The Rescue (1997)\Free Willy 3 The Rescue (1997) [WEBDL-1080p] {imdb-tt0119152}.mkv,,,movie,imdb://tt0119152,,unmatched,Free Willy 3: The Rescue
no movie match,0,F:\MediaStack\data\media\movies\Freeway (1996)\Freeway (1996) [WEBDL-1080p] {imdb-tt0116361}.mkv,,,movie,imdb://tt0116361,,unmatched,Freeway
no movie match,0,"F:\MediaStack\data\media\movies\The French Dispatch of the Liberty, Kansas Evening Sun (2021)\The French Dispatch of the Liberty Kansas Evening Sun (2021) [WEBDL-1080p] {imdb-tt8847712}.mkv",,,movie,imdb://tt8847712,,unmatched,The French Dispatch
no movie match,0,F:\MediaStack\data\media\movies\Frequency (2000)\Frequency (2000) [Bluray-1080p] {imdb-tt0186151}.mkv,,,movie,imdb://tt0186151,,unmatched,Frequency
no movie match,0,F:\MediaStack\data\media\movies\Friendly Persuasion (1956)\Friendly Persuasion (1956) [Bluray-720p] {imdb-tt0049233}.mp4,,,movie,imdb://tt0049233,,unmatched,Friendly Persuasion
no movie match,0,F:\MediaStack\data\media\movies\From Here to Eternity (1953)\From Here to Eternity (1953) [Bluray-1080p] {imdb-tt0045793}.mp4,,,movie,imdb://tt0045793,,unmatched,From Here to Eternity
no movie match,0,F:\MediaStack\data\media\movies\From Up on Poppy Hill (2011)\From Up on Poppy Hill (2011) [Bluray-1080p] {imdb-tt1798188}.mkv,,,movie,imdb://tt1798188,,unmatched,From Up on Poppy Hill
no movie match,0,F:\MediaStack\data\media\movies\Frost+Nixon (2008)\Frost Nixon (2008) [Bluray-1080p] {imdb-tt0870111}.mp4,,,movie,imdb://tt0870111,,unmatched,Frost/Nixon
no movie match,0,F:\MediaStack\data\media\movies\Frosty the Snowman (1969)\Frosty the Snowman (1969) [Bluray-1080p] {imdb-tt0064349}.mkv,,,movie,imdb://tt0064349,,unmatched,Frosty the Snowman
no movie match,0,F:\MediaStack\data\media\movies\Frozen (2013)\Frozen (2013) [Bluray-1080p] {imdb-tt2294629}.mp4,,,movie,imdb://tt2294629,,unmatched,Frozen
no movie match,0,F:\MediaStack\data\media\movies\Frozen II (2019)\Frozen II (2019) [Bluray-1080p] {imdb-tt4520988}.mp4,,,movie,imdb://tt4520988,,unmatched,Frozen II
no movie match,0,F:\MediaStack\data\media\movies\The Flight of Dragons (1982)\The Flight of Dragons (1982) [Bluray-1080p] {imdb-tt0083951}.mkv,,,movie,imdb://tt0083951,,unmatched,The Flight of Dragons
no movie match,0,F:\MediaStack\data\media\movies\Flightplan (2005)\Flightplan (2005) [Bluray-1080p] {imdb-tt0408790}.mp4,,,movie,imdb://tt0408790,,unmatched,Flightplan
no movie match,0,F:\MediaStack\data\media\movies\The Flintstones (1994)\The Flintstones (1994) [Bluray-1080p] {imdb-tt0109813}.mp4,,,movie,imdb://tt0109813,,unmatched,The Flintstones
no movie match,0,F:\MediaStack\data\media\movies\Flip - Really Sorry (2003)\Flip Really Sorry (2003) [Unknown].mkv,,,movie,tmdb://58876,,unmatched,Flip - Really Sorry
no movie match,0,F:\MediaStack\data\media\movies\Flipper (1996)\Flipper (1996) [Bluray-1080p] {imdb-tt0116322}.mp4,,,movie,imdb://tt0116322,,unmatched,Flipper
no movie match,0,F:\MediaStack\data\media\movies\Florence Foster Jenkins (2016)\Florence Foster Jenkins (2016) [Bluray-1080p] {imdb-tt4136084}.mkv,,,movie,imdb://tt4136084,,unmatched,Florence Foster Jenkins
no movie match,0,F:\MediaStack\data\media\movies\Flow (2024)\Flow (2024) [Bluray-1080p] {imdb-tt4772188}.mkv,,,movie,imdb://tt4772188,,unmatched,Flow
no movie match,0,F:\MediaStack\data\media\movies\Flubber (1997)\Flubber (1997) [WEBDL-1080p] {imdb-tt0119137}.mkv,,,movie,imdb://tt0119137,,unmatched,Flubber
no movie match,0,F:\MediaStack\data\media\movies\Flushed Away (2006)\Flushed Away (2006) [Bluray-1080p] {imdb-tt0424095}.mkv,,,movie,imdb://tt0424095,,unmatched,Flushed Away
no movie match,0,F:\MediaStack\data\media\movies\Fly Away Home (1996)\Fly Away Home (1996) [Bluray-1080p] {imdb-tt0116329}.mkv,,,movie,imdb://tt0116329,,unmatched,Fly Away Home
ambiguous movie title match,0,F:\MediaStack\data\media\movies\Footloose (1984)\Footloose (1984) [Bluray-1080p] {imdb-tt0087277}.mkv,,,movie,imdb://tt0087277,,unmatched,Footloose
ambiguous movie title match,0,F:\MediaStack\data\media\movies\Footloose (2011)\Footloose (2011) [Bluray-1080p Proper] {imdb-tt1068242}.mkv,,,movie,imdb://tt1068242,,unmatched,Footloose
no movie match,0,F:\MediaStack\data\media\movies\For a Few Dollars More (1965)\For a Few Dollars More (1965) [Bluray-1080p] {imdb-tt0059578}.mp4,,,movie,imdb://tt0059578,,unmatched,For a Few Dollars More
no movie match,0,F:\MediaStack\data\media\movies\For Love of the Game (1999)\For Love of the Game (1999) [Bluray-1080p] {imdb-tt0126916}.mp4,,,movie,imdb://tt0126916,,unmatched,For Love of the Game
no movie match,0,F:\MediaStack\data\media\movies\Forces of Nature (1999)\Forces of Nature (1999) [WEBRip-720p] {imdb-tt0141098}.mp4,,,movie,imdb://tt0141098,,unmatched,Forces of Nature
no movie match,0,F:\MediaStack\data\media\movies\Ford v Ferrari (2019)\Ford v Ferrari (2019) [Bluray-1080p] {imdb-tt1950186}.mp4,,,movie,imdb://tt1950186,,unmatched,Ford v Ferrari
no movie match,0,F:\MediaStack\data\media\movies\The Fountain (2006)\The Fountain (2006) [Bluray-1080p] {imdb-tt0414993}.mkv,,,movie,imdb://tt0414993,,unmatched,The Fountain
no movie match,0,F:\MediaStack\data\media\movies\Four Christmases (2008)\Four Christmases (2008) [Bluray-1080p] {imdb-tt0369436}.mkv,,,movie,imdb://tt0369436,,unmatched,Four Christmases
no movie match,0,F:\MediaStack\data\media\movies\The Fox and the Hound (1981)\The Fox and the Hound (1981) [Bluray-1080p] {imdb-tt0082406}.mkv,,,movie,imdb://tt0082406,,unmatched,The Fox and the Hound
no movie match,0,F:\MediaStack\data\media\movies\Fight Club (1999)\Fight Club (1999) [Bluray-1080p] {imdb-tt0137523}.mkv,,,movie,imdb://tt0137523,,unmatched,Fight Club
no movie match,0,F:\MediaStack\data\media\movies\Final Fantasy VII - Advent Children (2005)\Final Fantasy VII Advent Children (2005) [Bluray-1080p] {imdb-tt0385700}.mkv,,,movie,imdb://tt0385700,,unmatched,Final Fantasy VII: Advent Children
no movie match,0,F:\MediaStack\data\media\movies\Finding Dory (2016)\Finding Dory (2016) [Bluray-1080p] {imdb-tt2277860}.mkv,,,movie,imdb://tt2277860,,unmatched,Finding Dory
no movie match,0,F:\MediaStack\data\media\movies\Finding Forrester (2000)\Finding Forrester (2000) [WEBDL-1080p] {imdb-tt0181536}.mkv,,,movie,imdb://tt0181536,,unmatched,Finding Forrester
no movie match,0,F:\MediaStack\data\media\movies\Finding Nemo (2003)\Finding Nemo (2003) [Bluray-1080p] {imdb-tt0266543}.mkv,,,movie,imdb://tt0266543,,unmatched,Finding Nemo
no movie match,0,F:\MediaStack\data\media\movies\Finding Neverland (2004)\Finding Neverland (2004) [Bluray-1080p] {imdb-tt0308644}.mkv,,,movie,imdb://tt0308644,,unmatched,Finding Neverland
no movie match,0,F:\MediaStack\data\media\movies\The Finest Hours (2016)\The Finest Hours (2016) [Bluray-1080p] {imdb-tt2025690}.mkv,,,movie,imdb://tt2025690,,unmatched,The Finest Hours
no movie match,0,F:\MediaStack\data\media\movies\First Blood (1982)\First Blood (1982) [Bluray-1080p] {imdb-tt0083944}.mp4,,,movie,imdb://tt0083944,,unmatched,First Blood
no movie match,0,F:\MediaStack\data\media\movies\First Kid (1996)\First Kid (1996) [WEBRip-1080p] {imdb-tt0116311}.mp4,,,movie,imdb://tt0116311,,unmatched,First Kid
no movie match,0,F:\MediaStack\data\media\movies\First Man (2018)\First Man (2018) [Bluray-1080p Proper] {imdb-tt1213641}.mkv,,,movie,imdb://tt1213641,,unmatched,First Man
no movie match,0,F:\MediaStack\data\media\movies\The First Slam Dunk (2022)\The First Slam Dunk (2022) [Bluray-1080p] {imdb-tt15242330}.mp4,,,movie,imdb://tt15242330,,unmatched,The First Slam Dunk
no movie match,0,F:\MediaStack\data\media\movies\The First Wives Club (1996)\The First Wives Club (1996) [WEBDL-1080p] {imdb-tt0116313}.mkv,,,movie,imdb://tt0116313,,unmatched,The First Wives Club
no movie match,0,F:\MediaStack\data\media\movies\A Fistful of Dollars (1964)\A Fistful of Dollars (1964) [Bluray-1080p] {imdb-tt0058461}.mp4,,,movie,imdb://tt0058461,,unmatched,A Fistful of Dollars
no movie match,0,F:\MediaStack\data\media\movies\Flags of Our Fathers (2006)\Flags of Our Fathers (2006) [Bluray-1080p] {imdb-tt0418689}.mkv,,,movie,imdb://tt0418689,,unmatched,Flags of Our Fathers
no movie match,0,F:\MediaStack\data\media\movies\Flicka (2006)\Flicka (2006) [Bluray-1080p] {imdb-tt0434215}.mp4,,,movie,imdb://tt0434215,,unmatched,Flicka
no movie match,0,F:\MediaStack\data\media\movies\Fat City (1972)\Fat City (1972) [Bluray-1080p] {imdb-tt0068575}.mkv,,,movie,imdb://tt0068575,,unmatched,Fat City
no movie match,0,F:\MediaStack\data\media\movies\The Father (2020)\The Father (2020) [Bluray-1080p] {imdb-tt10272386}.mkv,,,movie,imdb://tt10272386,,unmatched,The Father
no movie match,0,F:\MediaStack\data\media\movies\Father of the Bride (1991)\Father of the Bride (1991) [Bluray-1080p] {imdb-tt0101862}.mkv,,,movie,imdb://tt0101862,,unmatched,Father of the Bride
no movie match,0,F:\MediaStack\data\media\movies\Father of the Bride Part II (1995)\Father of the Bride Part II (1995) [WEBDL-1080p] {imdb-tt0113041}.mkv,,,movie,imdb://tt0113041,,unmatched,Father of the Bride Part II
no movie match,0,F:\MediaStack\data\media\movies\The Fault in Our Stars (2014)\The Fault in Our Stars (2014) [Bluray-1080p] {imdb-tt2582846}.mkv,,,movie,imdb://tt2582846,,unmatched,The Fault in Our Stars
no movie match,0,F:\MediaStack\data\media\movies\Feeling Minnesota (1996)\Feeling Minnesota (1996) [WEBRip-1080p] {imdb-tt0116289}.mp4,,,movie,imdb://tt0116289,,unmatched,Feeling Minnesota
no movie match,0,F:\MediaStack\data\media\movies\Ferdinand (2017)\Ferdinand (2017) [Bluray-1080p Proper] {imdb-tt3411444}.mp4,,,movie,imdb://tt3411444,,unmatched,Ferdinand
no movie match,0,F:\MediaStack\data\media\movies\FernGully 2 - The Magical Rescue (1998)\FernGully 2 The Magical Rescue (1998) [DVD-R] {imdb-tt0129924}.mp4,,,movie,imdb://tt0129924,,unmatched,FernGully 2: The Magical Rescue
no movie match,0,F:\MediaStack\data\media\movies\FernGully - The Last Rainforest (1992)\FernGully The Last Rainforest (1992) [Bluray-1080p] {imdb-tt0104254}.mkv,,,movie,imdb://tt0104254,,unmatched,FernGully: The Last Rainforest
no movie match,0,F:\MediaStack\data\media\movies\Fever Pitch (2005)\Fever Pitch (2005) [WEBDL-1080p] {imdb-tt0332047}.mkv,,,movie,imdb://tt0332047,,unmatched,Fever Pitch
no movie match,0,F:\MediaStack\data\media\movies\A Few Good Men (1992)\A Few Good Men (1992) [Bluray-1080p] {imdb-tt0104257}.mkv,,,movie,imdb://tt0104257,,unmatched,A Few Good Men
no movie match,0,F:\MediaStack\data\media\movies\Field of Dreams (1989)\Field of Dreams (1989) [Bluray-1080p] {imdb-tt0097351}.mkv,,,movie,imdb://tt0097351,,unmatched,Field of Dreams
no movie match,0,F:\MediaStack\data\media\movies\The Fifth Estate (2013)\The Fifth Estate (2013) [Bluray-1080p] {imdb-tt1837703}.mp4,,,movie,imdb://tt1837703,,unmatched,The Fifth Estate
no movie match,0,F:\MediaStack\data\media\movies\The Express (2008)\The Express (2008) [Bluray-1080p] {imdb-tt0469903}.mkv,,,movie,imdb://tt0469903,,unmatched,The Express
no movie match,0,F:\MediaStack\data\media\movies\An Extremely Goofy Movie (2000)\An Extremely Goofy Movie (2000) [Bluray-1080p] {imdb-tt0208185}.mkv,,,movie,imdb://tt0208185,,unmatched,An Extremely Goofy Movie
no movie match,0,F:\MediaStack\data\media\movies\F9 (2021)\F9 (2021) [Bluray-1080p] {imdb-tt5433138}.mkv,,,movie,imdb://tt5433138,,unmatched,F9: The Fast Saga
no movie match,0,F:\MediaStack\data\media\movies\Face+Off (1997)\Face Off (1997) [Bluray-1080p] {imdb-tt0119094}.mkv,,,movie,imdb://tt0119094,,unmatched,Face/Off
no movie match,0,F:\MediaStack\data\media\movies\Fair Game (2010)\Fair Game (2010) [Bluray-1080p] {imdb-tt0977855}.mkv,,,movie,imdb://tt0977855,,unmatched,Fair Game
no movie match,0,F:\MediaStack\data\media\movies\FairyTale - A True Story (1997)\FairyTale A True Story (1997) [SDTV] {imdb-tt0119095}.avi,,,movie,imdb://tt0119095,,unmatched,FairyTale: A True Story
no movie match,0,F:\MediaStack\data\media\movies\Fame (1980)\Fame (1980) [Bluray-1080p] {imdb-tt0080716}.mp4,,,movie,imdb://tt0080716,,unmatched,Fame
no movie match,0,F:\MediaStack\data\media\movies\Fantasia (1940)\Fantasia (1940) [Bluray-1080p] {imdb-tt0032455}.mkv,,,movie,imdb://tt0032455,,unmatched,Fantasia
no movie match,0,F:\MediaStack\data\media\movies\Fantasia 2000 (2000)\Fantasia 2000 (2000) [Bluray-1080p] {imdb-tt0120910}.mkv,,,movie,imdb://tt0120910,,unmatched,Fantasia 2000
no movie match,0,F:\MediaStack\data\media\movies\Fantastic Beasts and Where to Find Them (2016)\Fantastic Beasts and Where to Find Them (2016) [WEBDL-1080p] {imdb-tt3183660}.mkv,,,movie,imdb://tt3183660,,unmatched,Fantastic Beasts and Where to Find Them
no movie match,0,F:\MediaStack\data\media\movies\Fantastic Beasts - The Crimes of Grindelwald (2018)\Fantastic Beasts The Crimes of Grindelwald (2018) [Bluray-1080p] {imdb-tt4123430}.mkv,,,movie,imdb://tt4123430,,unmatched,Fantastic Beasts: The Crimes of Grindelwald
no movie match,0,F:\MediaStack\data\media\movies\Fantastic Beasts - The Secrets of Dumbledore (2022)\Fantastic Beasts The Secrets of Dumbledore (2022) [Bluray-1080p] {imdb-tt4123432}.mkv,,,movie,imdb://tt4123432,,unmatched,Fantastic Beasts: The Secrets of Dumbledore
no movie match,0,F:\MediaStack\data\media\movies\Fantastic Four (2005)\Fantastic Four (2005) [WEBDL-1080p] {imdb-tt0120667}.mkv,,,movie,imdb://tt0120667,,unmatched,Fantastic Four
no movie match,0,F:\MediaStack\data\media\movies\Fantastic Four (2015)\Fantastic Four (2015) [Bluray-1080p] {imdb-tt1502712}.mp4,,,movie,imdb://tt1502712,,unmatched,Fantastic Four
no movie match,0,F:\MediaStack\data\media\movies\The Fantastic 4 - First Steps (2025)\The Fantastic 4 First Steps (2025) [Bluray-1080p] {imdb-tt10676052}.mkv,,,movie,imdb://tt10676052,,unmatched,The Fantastic Four: First Steps
no movie match,0,F:\MediaStack\data\media\movies\Fantastic Four - Rise of the Silver Surfer (2007)\Fantastic Four Rise of the Silver Surfer (2007) [Bluray-1080p] {imdb-tt0486576}.mkv,,,movie,imdb://tt0486576,,unmatched,Fantastic Four: Rise of the Silver Surfer
no movie match,0,F:\MediaStack\data\media\movies\Fantastic Mr. Fox (2009)\Fantastic Mr. Fox (2009) [Bluray-1080p] {imdb-tt0432283}.mp4,,,movie,imdb://tt0432283,,unmatched,Fantastic Mr. Fox
no movie match,0,F:\MediaStack\data\media\movies\Enemy of the State (1998)\Enemy of the State (1998) [Bluray-1080p] {imdb-tt0120660}.mkv,,,movie,imdb://tt0120660,,unmatched,Enemy of the State
no movie match,0,F:\MediaStack\data\media\movies\The English Patient (1996)\The English Patient (1996) [Bluray-1080p] {imdb-tt0116209}.mkv,,,movie,imdb://tt0116209,,unmatched,The English Patient
no movie match,0,F:\MediaStack\data\media\movies\Entrapment (1999)\Entrapment (1999) [Bluray-1080p] {imdb-tt0137494}.mp4,,,movie,imdb://tt0137494,,unmatched,Entrapment
no movie match,0,F:\MediaStack\data\media\movies\Ephraim's Rescue (2013)\Ephraims Rescue (2013) [WEBDL-480p] {imdb-tt2509298}.mkv,,,movie,imdb://tt2509298,,unmatched,Ephraim's Rescue
no movie match,0,F:\MediaStack\data\media\movies\Epic (2013)\Epic (2013) [Bluray-1080p Proper] {imdb-tt0848537}.mkv,,,movie,imdb://tt0848537,,unmatched,Epic
no movie match,0,F:\MediaStack\data\media\movies\Eragon (2006)\Eragon (2006) [Bluray-1080p] {imdb-tt0449010}.mp4,,,movie,imdb://tt0449010,,unmatched,Eragon
no movie match,0,F:\MediaStack\data\media\movies\Ernest Goes to Camp (1987)\Ernest Goes to Camp (1987) [Bluray-1080p] {imdb-tt0092974}.mp4,,,movie,imdb://tt0092974,,unmatched,Ernest Goes to Camp
no movie match,0,F:\MediaStack\data\media\movies\Ernest Goes to Jail (1990)\Ernest Goes to Jail (1990) [Bluray-1080p] {imdb-tt0099512}.mp4,,,movie,imdb://tt0099512,,unmatched,Ernest Goes to Jail
no movie match,0,F:\MediaStack\data\media\movies\Ernest Saves Christmas (1988)\Ernest Saves Christmas (1988) [WEBDL-1080p] {imdb-tt0095107}.mkv,,,movie,imdb://tt0095107,,unmatched,Ernest Saves Christmas
no movie match,0,F:\MediaStack\data\media\movies\Ernest Scared Stupid (1991)\Ernest Scared Stupid (1991) [Bluray-1080p] {imdb-tt0101821}.mp4,,,movie,imdb://tt0101821,,unmatched,Ernest Scared Stupid
ambiguous movie title match,0,F:\MediaStack\data\media\movies\Escape Room (2019)\Escape Room (2019) [Bluray-1080p Proper] {imdb-tt5886046}.mkv,,,movie,imdb://tt5886046,,unmatched,Escape Room
no movie match,0,F:\MediaStack\data\media\movies\Eternals (2021)\Eternals (2021) [Bluray-1080p] {imdb-tt9032400}.mp4,,,movie,imdb://tt9032400,,unmatched,Eternals
no movie match,0,F:\MediaStack\data\media\movies\EverAfter (1998)\EverAfter (1998) [Bluray-1080p] {imdb-tt0120631}.mkv,,,movie,imdb://tt0120631,,unmatched,Ever After: A Cinderella Story
no movie match,0,F:\MediaStack\data\media\movies\The Exorcist (1973)\The Exorcist (1973) [Bluray-1080p Proper] {imdb-tt0070047}.mp4,,,movie,imdb://tt0070047,,unmatched,The Exorcist
no movie match,0,F:\MediaStack\data\media\movies\Dunkirk (2017)\Dunkirk (2017) [Bluray-1080p] {imdb-tt5013056}.mkv,,,movie,imdb://tt5013056,,unmatched,Dunkirk
no movie match,0,F:\MediaStack\data\media\movies\Dunston Checks In (1996)\Dunston Checks In (1996) [WEBRip-1080p] {imdb-tt0116151}.mp4,,,movie,imdb://tt0116151,,unmatched,Dunston Checks In
no movie match,0,F:\MediaStack\data\media\movies\E.T. the Extra-Terrestrial (1982)\E.T. the Extra-Terrestrial (1982) [Bluray-1080p] {imdb-tt0083866}.mkv,,,movie,imdb://tt0083866,,unmatched,E.T.
no movie match,0,F:\MediaStack\data\media\movies\East of Eden (1955)\East of Eden (1955) [Bluray-1080p] {imdb-tt0048028}.mkv,,,movie,imdb://tt0048028,,unmatched,East of Eden
no movie match,0,F:\MediaStack\data\media\movies\Eddie the Eagle (2016)\Eddie the Eagle (2016) [Bluray-1080p] {imdb-tt1083452}.mkv,,,movie,imdb://tt1083452,,unmatched,Eddie the Eagle
no movie match,0,F:\MediaStack\data\media\movies\Edge of the Wall (1980)\Edge of the Wall (1980) [Bluray-1080p].mp4,,,movie,tmdb://1361358,,unmatched,Edge of the Wall
no movie match,0,F:\MediaStack\data\media\movies\Edge of Tomorrow (2014)\Edge of Tomorrow (2014) [Bluray-1080p] {imdb-tt1631867}.mkv,,,movie,imdb://tt1631867,,unmatched,Edge of Tomorrow
no movie match,0,F:\MediaStack\data\media\movies\Edward Scissorhands (1990)\Edward Scissorhands (1990) [Bluray-1080p] {imdb-tt0099487}.mkv,,,movie,imdb://tt0099487,,unmatched,Edward Scissorhands
no movie match,0,F:\MediaStack\data\media\movies\Eight Below (2006)\Eight Below (2006) [Bluray-1080p] {imdb-tt0397313}.mkv,,,movie,imdb://tt0397313,,unmatched,Eight Below
no movie match,0,F:\MediaStack\data\media\movies\Eight Crazy Nights (2002)\Eight Crazy Nights (2002) [WEBDL-1080p] {imdb-tt0271263}.mkv,,,movie,imdb://tt0271263,,unmatched,Eight Crazy Nights
no movie match,0,F:\MediaStack\data\media\movies\The Elephant Man (1980)\The Elephant Man (1980) [Bluray-1080p] {imdb-tt0080678}.mp4,,,movie,imdb://tt0080678,,unmatched,The Elephant Man
no movie match,0,F:\MediaStack\data\media\movies\Elf (2003)\Elf (2003) [Bluray-1080p] {imdb-tt0319343}.mp4,,,movie,imdb://tt0319343,,unmatched,Elf
no movie match,0,F:\MediaStack\data\media\movies\Elio (2025)\Elio (2025) [Bluray-1080p] {imdb-tt4900148}.mkv,,,movie,imdb://tt4900148,,unmatched,Elio
no movie match,0,F:\MediaStack\data\media\movies\Elizabethtown (2005)\Elizabethtown (2005) [Bluray-1080p] {imdb-tt0368709}.mkv,,,movie,imdb://tt0368709,,unmatched,Elizabethtown
no movie match,0,F:\MediaStack\data\media\movies\Ella Enchanted (2004)\Ella Enchanted (2004) [Bluray-1080p] {imdb-tt0327679}.mkv,,,movie,imdb://tt0327679,,unmatched,Ella Enchanted
no movie match,0,F:\MediaStack\data\media\movies\Elysium (2013)\Elysium (2013) [Bluray-1080p] {imdb-tt1535108}.mkv,,,movie,imdb://tt1535108,,unmatched,Elysium
no movie match,0,F:\MediaStack\data\media\movies\The Emperor's New Groove (2000)\The Emperors New Groove (2000) [Bluray-1080p] {imdb-tt0120917}.mkv,,,movie,imdb://tt0120917,,unmatched,The Emperor's New Groove
no movie match,0,F:\MediaStack\data\media\movies\Empire of the Sun (1987)\Empire of the Sun (1987) [WEBDL-1080p] {imdb-tt0092965}.mkv,,,movie,imdb://tt0092965,,unmatched,Empire of the Sun
no movie match,0,F:\MediaStack\data\media\movies\Empire Records (1995)\Empire Records (1995) [WEBDL-1080p] {imdb-tt0112950}.mkv,,,movie,imdb://tt0112950,,unmatched,Empire Records
no movie match,0,F:\MediaStack\data\media\movies\Encanto (2021)\Encanto (2021) [Bluray-1080p] {imdb-tt2953050}.mkv,,,movie,imdb://tt2953050,,unmatched,Encanto
no movie match,0,F:\MediaStack\data\media\movies\Enchanted (2007)\Enchanted (2007) [Bluray-1080p Proper] {imdb-tt0461770}.mkv,,,movie,imdb://tt0461770,,unmatched,Enchanted
no movie match,0,F:\MediaStack\data\media\movies\Dogtown and Z-Boys (2002)\Dogtown and Z-Boys (2002) [WEBDL-1080p] {imdb-tt0275309}.mkv,,,movie,imdb://tt0275309,,unmatched,Dogtown and Z-Boys
no movie match,0,F:\MediaStack\data\media\movies\Don't Say a Word (2001)\Dont Say a Word (2001) [WEBDL-1080p] {imdb-tt0260866}.mkv,,,movie,imdb://tt0260866,,unmatched,Don't Say a Word
no movie match,0,F:\MediaStack\data\media\movies\Dora and the Search for Sol Dorado (2025)\Dora and the Search for Sol Dorado (2025) [WEBDL-1080p] {imdb-tt32621553}.mkv,,,movie,imdb://tt32621553,,unmatched,Dora and the Search for Sol Dorado
no movie match,0,F:\MediaStack\data\media\movies\Double Indemnity (1944)\Double Indemnity (1944) [Bluray-1080p] {imdb-tt0036775}.mkv,,,movie,imdb://tt0036775,,unmatched,Double Indemnity
no movie match,0,F:\MediaStack\data\media\movies\Dr. Dolittle 2 (2001)\Dr. Dolittle 2 (2001) [WEBDL-1080p] {imdb-tt0240462}.mkv,,,movie,imdb://tt0240462,,unmatched,Dr. Dolittle 2
no movie match,0,F:\MediaStack\data\media\movies\Draft Day (2014)\Draft Day (2014) [Bluray-1080p] {imdb-tt2223990}.mp4,,,movie,imdb://tt2223990,,unmatched,Draft Day
no movie match,0,F:\MediaStack\data\media\movies\DragonHeart (1996)\DragonHeart (1996) [Bluray-1080p] {imdb-tt0116136}.mkv,,,movie,imdb://tt0116136,,unmatched,DragonHeart
no movie match,0,F:\MediaStack\data\media\movies\Dreamgirls (2006)\Dreamgirls (2006) [Bluray-1080p] {imdb-tt0443489}.mp4,,,movie,imdb://tt0443489,,unmatched,Dreamgirls
no movie match,0,F:\MediaStack\data\media\movies\Drillbit Taylor (2008)\Drillbit Taylor (2008) [Bluray-1080p] {imdb-tt0817538}.mp4,,,movie,imdb://tt0817538,,unmatched,Drillbit Taylor
no movie match,0,F:\MediaStack\data\media\movies\DuckTales - The Movie - Treasure of the Lost Lamp (1990)\DuckTales The Movie Treasure of the Lost Lamp (1990) [WEBRip-1080p] {imdb-tt0099472}.mp4,,,movie,imdb://tt0099472,,unmatched,DuckTales the Movie: Treasure of the Lost Lamp
no movie match,0,F:\MediaStack\data\media\movies\Dumb and Dumber (1994)\Dumb and Dumber (1994) [Bluray-1080p] {imdb-tt0109686}.Clean.mp4,,,movie,imdb://tt0109686,,unmatched,Dumb and Dumber
no movie match,0,F:\MediaStack\data\media\movies\Dumbo (1941)\Dumbo (1941) [Bluray-1080p] {imdb-tt0033563}.mkv,,,movie,imdb://tt0033563,,unmatched,Dumbo
no movie match,0,F:\MediaStack\data\media\movies\Dumbo (2019)\Dumbo (2019) [Bluray-1080p] {imdb-tt3861390}.mp4,,,movie,imdb://tt3861390,,unmatched,Dumbo
no movie match,0,F:\MediaStack\data\media\movies\Dune (2021)\Dune (2021) [Bluray-1080p] {imdb-tt1160419}.mkv,,,movie,imdb://tt1160419,,unmatched,Dune: Part One
no movie match,0,F:\MediaStack\data\media\movies\Dune - Part Two (2024)\Dune Part Two (2024) [Bluray-1080p] {imdb-tt15239678}.mp4,,,movie,imdb://tt15239678,,unmatched,Dune: Part Two
no movie match,0,F:\MediaStack\data\media\movies\Dick Tracy (1990)\Dick Tracy (1990) [Bluray-1080p] {imdb-tt0099422}.mp4,,,movie,imdb://tt0099422,,unmatched,Dick Tracy
no movie match,0,F:\MediaStack\data\media\movies\Die Another Day (2002)\Die Another Day (2002) [Bluray-1080p] {imdb-tt0246460}.mp4,,,movie,imdb://tt0246460,,unmatched,Die Another Day
no movie match,0,F:\MediaStack\data\media\movies\Die Hard (1988)\Die Hard (1988) [Bluray-1080p] {imdb-tt0095016}.mkv,,,movie,imdb://tt0095016,,unmatched,Die Hard
no movie match,0,F:\MediaStack\data\media\movies\Die Hard 2 (1990)\Die Hard 2 (1990) [Bluray-1080p] {imdb-tt0099423}.mp4,,,movie,imdb://tt0099423,,unmatched,Die Hard 2
no movie match,0,F:\MediaStack\data\media\movies\Die Hard - With a Vengeance (1995)\Die Hard With a Vengeance (1995) [Bluray-1080p] {imdb-tt0112864}.mp4,,,movie,imdb://tt0112864,,unmatched,Die Hard with a Vengeance
no movie match,0,F:\MediaStack\data\media\movies\Dinosaur (2000)\Dinosaur (2000) [Bluray-1080p] {imdb-tt0130623}.mkv,,,movie,imdb://tt0130623,,unmatched,Dinosaur
no movie match,0,F:\MediaStack\data\media\movies\The Dirty Dozen (1967)\The Dirty Dozen (1967) [Bluray-1080p] {imdb-tt0061578}.mkv,,,movie,imdb://tt0061578,,unmatched,The Dirty Dozen
no movie match,0,F:\MediaStack\data\media\movies\Dirty Harry (1971)\Dirty Harry (1971) [Bluray-1080p] {imdb-tt0066999}.mp4,,,movie,imdb://tt0066999,,unmatched,Dirty Harry
no movie match,0,F:\MediaStack\data\media\movies\Disenchanted (2022)\Disenchanted (2022) [WEBDL-1080p] {imdb-tt1596342}.mkv,,,movie,imdb://tt1596342,,unmatched,Disenchanted
no movie match,0,F:\MediaStack\data\media\movies\District 9 (2009)\District 9 (2009) [Bluray-1080p Proper] {imdb-tt1136608}.mp4,,,movie,imdb://tt1136608,,unmatched,District 9
no movie match,0,F:\MediaStack\data\media\movies\Divine Secrets of the Ya-Ya Sisterhood (2002)\Divine Secrets of the Ya-Ya Sisterhood (2002) [WEBDL-1080p] {imdb-tt0279778}.mkv,,,movie,imdb://tt0279778,,unmatched,Divine Secrets of the Ya-Ya Sisterhood
no movie match,0,F:\MediaStack\data\media\movies\Doc Hollywood (1991)\Doc Hollywood (1991) [Bluray-1080P] {Imdb-Tt0101745}.Clean.mp4,,,movie,local://25074,,unmatched,Doc Hollywood
no movie match,0,F:\MediaStack\data\media\movies\Doctor Dolittle (1967)\Doctor Dolittle (1967) [Bluray-1080p] {imdb-tt0061584}.mp4,,,movie,imdb://tt0061584,,unmatched,Doctor Dolittle
no movie match,0,F:\MediaStack\data\media\movies\Doctor Dolittle (1998)\Doctor Dolittle (1998) [Bluray-1080p] {imdb-tt0118998}.mp4,,,movie,imdb://tt0118998,,unmatched,Doctor Dolittle
no movie match,0,F:\MediaStack\data\media\movies\Doctor Strange (2016)\Doctor Strange (2016) [Bluray-1080p] {imdb-tt1211837}.mkv,,,movie,imdb://tt1211837,,unmatched,Doctor Strange
no movie match,0,F:\MediaStack\data\media\movies\Doctor Strange in the Multiverse of Madness (2022)\Doctor Strange in the Multiverse of Madness (2022) [Bluray-1080p] {imdb-tt9419884}.mp4,,,movie,imdb://tt9419884,,unmatched,Doctor Strange in the Multiverse of Madness
no movie match,0,F:\MediaStack\data\media\movies\Doctor Zhivago (1965)\Doctor Zhivago (1965) [Bluray-1080p] {imdb-tt0059113}.mp4,,,movie,imdb://tt0059113,,unmatched,Doctor Zhivago
no movie match,0,F:\MediaStack\data\media\movies\Dog Days (2018)\Dog Days (2018) [Bluray-720p] {imdb-tt7365604}.mp4,,,movie,imdb://tt7365604,,unmatched,Dog Days
no movie match,0,F:\MediaStack\data\media\movies\Dog Man (2025)\Dog Man (2025) [Bluray-1080p] {imdb-tt10954718}.mkv,,,movie,imdb://tt10954718,,unmatched,Dog Man
no movie match,0,F:\MediaStack\data\media\movies\A Dog's Journey (2019)\A Dogs Journey (2019) [Bluray-1080p] {imdb-tt8385474}.mkv,,,movie,imdb://tt8385474,,unmatched,A Dog's Journey
no movie match,0,F:\MediaStack\data\media\movies\A Dog's Purpose (2017)\A Dogs Purpose (2017) [WEBDL-1080p] {imdb-tt1753383}.mkv,,,movie,imdb://tt1753383,,unmatched,A Dog's Purpose
no movie match,0,F:\MediaStack\data\media\movies\Déjà Vu (2006)\Deja Vu (2006) [Bluray-1080p] {imdb-tt0453467}.mp4,,,movie,imdb://tt0453467,,unmatched,Deja Vu
no movie match,0,F:\MediaStack\data\media\movies\Delivery Man (2013)\Delivery Man (2013) [Bluray-1080p] {imdb-tt2387559}.mp4,,,movie,imdb://tt2387559,,unmatched,Delivery Man
no movie match,0,F:\MediaStack\data\media\movies\Demon Slayer - Kimetsu no Yaiba Infinity Castle (2025)\Demon Slayer Kimetsu no Yaiba Infinity Castle (2025) [WEBDL-1080p] {imdb-tt32820897}.mkv,,,movie,imdb://tt32820897,,unmatched,Demon Slayer: Kimetsu no Yaiba Infinity Castle
no movie match,0,F:\MediaStack\data\media\movies\Dennis the Menace (1993)\Dennis the Menace (1993) [WEBDL-1080p] {imdb-tt0106701}.mkv,,,movie,imdb://tt0106701,,unmatched,Dennis the Menace
no movie match,0,F:\MediaStack\data\media\movies\The Departed (2006)\The Departed (2006) [Bluray-1080p] {imdb-tt0407887}.mkv,,,movie,imdb://tt0407887,,unmatched,The Departed
no movie match,0,F:\MediaStack\data\media\movies\The Descendants (2011)\The Descendants (2011) [Bluray-1080p] {imdb-tt1033575}.mkv,,,movie,imdb://tt1033575,,unmatched,The Descendants
no movie match,0,F:\MediaStack\data\media\movies\Descendants (2015)\Descendants (2015) [WEBRip-1080p] {imdb-tt3440298}.mp4,,,movie,imdb://tt3440298,,unmatched,Descendants
no movie match,0,F:\MediaStack\data\media\movies\Desert Command (1946)\Desert Command (1946) [WEBDL-480p] {imdb-tt0038466}.mkv,,,movie,imdb://tt0038466,,unmatched,Desert Command
no movie match,0,F:\MediaStack\data\media\movies\The Desert Trail (1935)\The Desert Trail (1935) [WEBDL-480p] {imdb-tt0026273}.mkv,,,movie,imdb://tt0026273,,unmatched,The Desert Trail
no movie match,0,F:\MediaStack\data\media\movies\Despicable Me 2 (2013)\Despicable Me 2 (2013) [Bluray-1080p] {imdb-tt1690953}.mkv,,,movie,imdb://tt1690953,,unmatched,Despicable Me 2
no movie match,0,F:\MediaStack\data\media\movies\The Devil Wears Prada (2006)\The Devil Wears Prada (2006) [Bluray-1080p Proper] {imdb-tt0458352}.mp4,,,movie,imdb://tt0458352,,unmatched,The Devil Wears Prada
no movie match,0,F:\MediaStack\data\media\movies\The Devil's Advocate (1997)\The Devils Advocate (1997) [Bluray-1080p] {imdb-tt0118971}.mkv,,,movie,imdb://tt0118971,,unmatched,The Devil's Advocate
no movie match,0,F:\MediaStack\data\media\movies\Dial M for Murder (1954)\Dial M for Murder (1954) [Bluray-1080p] {imdb-tt0046912}.mkv,,,movie,imdb://tt0046912,,unmatched,Dial M for Murder
no movie match,0,F:\MediaStack\data\media\movies\Diary of a Wimpy Kid (2010)\Diary of a Wimpy Kid (2010) [Bluray-1080p] {imdb-tt1196141}.mp4,,,movie,imdb://tt1196141,,unmatched,Diary of a Wimpy Kid
no movie match,0,F:\MediaStack\data\media\movies\Diary of a Wimpy Kid (2021)\Diary of a Wimpy Kid (2021) [WEBDL-1080p] {imdb-tt13834480}.mkv,,,movie,imdb://tt13834480,,unmatched,Diary of a Wimpy Kid
no movie match,0,F:\MediaStack\data\media\movies\Diary of a Wimpy Kid - The Last Straw (2025)\Diary of a Wimpy Kid The Last Straw (2025) [WEBDL-1080p] {imdb-tt37751253}.mkv,,,movie,imdb://tt37751253,,unmatched,Diary of A Wimpy Kid: The Last Straw
no movie match,0,F:\MediaStack\data\media\movies\Darby O'Gill and the Little People (1959)\Darby O'Gill and the Little People (1959) [WEBDL-480p] {imdb-tt0052722}.mkv,,,movie,imdb://tt0052722,,unmatched,Darby O'Gill and the Little People
no movie match,0,F:\MediaStack\data\media\movies\The Darjeeling Limited (2007)\The Darjeeling Limited (2007) [Bluray-1080p] {imdb-tt0838221}.mp4,,,movie,imdb://tt0838221,,unmatched,The Darjeeling Limited
no movie match,0,F:\MediaStack\data\media\movies\The Dark Crystal (1982)\The Dark Crystal (1982) [Bluray-1080p] {imdb-tt0083791}.mkv,,,movie,imdb://tt0083791,,unmatched,The Dark Crystal
no movie match,0,F:\MediaStack\data\media\movies\The Dark Knight (2008)\The Dark Knight (2008) [WEBDL-1080p] {imdb-tt0468569}.mkv,,,movie,imdb://tt0468569,,unmatched,The Dark Knight
no movie match,0,F:\MediaStack\data\media\movies\The Dark Knight Rises (2012)\The Dark Knight Rises (2012) [Bluray-1080p] {imdb-tt1345836}.mkv,,,movie,imdb://tt1345836,,unmatched,The Dark Knight Rises
no movie match,0,F:\MediaStack\data\media\movies\Dark Shadows (2012)\Dark Shadows (2012) [Bluray-1080p] {imdb-tt1077368}.mkv,,,movie,imdb://tt1077368,,unmatched,Dark Shadows
no movie match,0,F:\MediaStack\data\media\movies\Dawn of the Dead (2004)\Dawn of the Dead (2004) [Bluray-1080p] {imdb-tt0363547}.mkv,,,movie,imdb://tt0363547,,unmatched,Dawn of the Dead
no movie match,0,F:\MediaStack\data\media\movies\Dawn of the Planet of the Apes (2014)\Dawn of the Planet of the Apes (2014) [WEBDL-2160p] {imdb-tt2103281}.mkv,,,movie,imdb://tt2103281,,unmatched,Dawn of the Planet of the Apes
no movie match,0,F:\MediaStack\data\media\movies\The Dawn Rider (1935)\The Dawn Rider (1935) [WEBDL-480p] {imdb-tt0026267}.mkv,,,movie,imdb://tt0026267,,unmatched,The Dawn Rider
no movie match,0,F:\MediaStack\data\media\movies\The Day After Tomorrow (2004)\The Day After Tomorrow (2004) [Bluray-1080p Proper] {imdb-tt0319262}.mkv,,,movie,imdb://tt0319262,,unmatched,The Day After Tomorrow
no movie match,0,F:\MediaStack\data\media\movies\Dead Poets Society (1989)\Dead Poets Society (1989) [Bluray-1080p] {imdb-tt0097165}.mp4,,,movie,imdb://tt0097165,,unmatched,Dead Poets Society
no movie match,0,F:\MediaStack\data\media\movies\Deadpool (2016)\Deadpool (2016) [Bluray-1080p Proper] {imdb-tt1431045}.mp4,,,movie,imdb://tt1431045,,unmatched,Deadpool
no movie match,0,F:\MediaStack\data\media\movies\Deadpool & Wolverine (2024)\Deadpool and Wolverine (2024) [Bluray-1080p] {imdb-tt6263850}.mkv,,,movie,imdb://tt6263850,,unmatched,Deadpool & Wolverine
no movie match,0,F:\MediaStack\data\media\movies\Deadpool 2 (2018)\Deadpool 2 (2018) [Bluray-1080p] {imdb-tt5463162}.mkv,,,movie,imdb://tt5463162,,unmatched,Deadpool 2
no movie match,0,F:\MediaStack\data\media\movies\Death Becomes Her (1992)\Death Becomes Her (1992) [Bluray-1080p] {imdb-tt0104070}.mkv,,,movie,imdb://tt0104070,,unmatched,Death Becomes Her
no movie match,0,F:\MediaStack\data\media\movies\Death on the Nile (2022)\Death on the Nile (2022) [Bluray-1080p] {imdb-tt7657566}.mkv,,,movie,imdb://tt7657566,,unmatched,Death on the Nile
no movie match,0,F:\MediaStack\data\media\movies\Death Proof (2007)\Death Proof (2007) [Bluray-1080p] {imdb-tt1028528}.mkv,,,movie,imdb://tt1028528,,unmatched,Death Proof
no movie match,0,F:\MediaStack\data\media\movies\Crimson Tide (1995)\Crimson Tide (1995) [Bluray-1080p] {imdb-tt0112740}.mp4,,,movie,imdb://tt0112740,,unmatched,Crimson Tide
no movie match,0,F:\MediaStack\data\media\movies\Critters (1986)\Critters (1986) [Bluray-1080p] {imdb-tt0090887}.mp4,,,movie,imdb://tt0090887,,unmatched,Critters
no movie match,0,F:\MediaStack\data\media\movies\Critters 2 (1988)\Critters 2 (1988) [WEBDL-1080p] {imdb-tt0094919}.Clean.mkv,,,movie,imdb://tt0094919,,unmatched,Critters 2
no movie match,0,F:\MediaStack\data\media\movies\Critters 3 (1991)\Critters 3 (1991) [WEBDL-1080p] {imdb-tt0101627}.mkv,,,movie,imdb://tt0101627,,unmatched,Critters 3
no movie match,0,F:\MediaStack\data\media\movies\Crocodile Dundee in Los Angeles (2001)\Crocodile Dundee in Los Angeles (2001) [Bluray-1080p] {imdb-tt0231402}.mp4,,,movie,imdb://tt0231402,,unmatched,Crocodile Dundee in Los Angeles
no movie match,0,F:\MediaStack\data\media\movies\The Croods (2013)\The Croods (2013) [Bluray-1080p Proper] {imdb-tt0481499}.mp4,,,movie,imdb://tt0481499,,unmatched,The Croods
no movie match,0,F:\MediaStack\data\media\movies\The Croods - A New Age (2020)\The Croods A New Age (2020) [Bluray-1080p] {imdb-tt2850386}.mkv,,,movie,imdb://tt2850386,,unmatched,The Croods: A New Age
no movie match,0,F:\MediaStack\data\media\movies\Cruella (2021)\Cruella (2021) [Bluray-1080p] {imdb-tt3228774}.mkv,,,movie,imdb://tt3228774,,unmatched,Cruella
no movie match,0,F:\MediaStack\data\media\movies\The Crying Game (1992)\The Crying Game (1992) [Bluray-1080p] {imdb-tt0104036}.mkv,,,movie,imdb://tt0104036,,unmatched,The Crying Game
no movie match,0,F:\MediaStack\data\media\movies\The Curious Case of Benjamin Button (2008)\The Curious Case of Benjamin Button (2008) [Bluray-1080p] {imdb-tt0421715}.mp4,,,movie,imdb://tt0421715,,unmatched,The Curious Case of Benjamin Button
no movie match,0,F:\MediaStack\data\media\movies\Curious George (2006)\Curious George (2006) [WEBDL-1080p] {imdb-tt0381971}.mkv,,,movie,imdb://tt0381971,,unmatched,Curious George
no movie match,0,F:\MediaStack\data\media\movies\Curious George 2 - Follow That Monkey! (2009)\Curious George 2 Follow That Monkey! (2009) [WEBRip-720p] {imdb-tt1350484}.mp4,,,movie,imdb://tt1350484,,unmatched,Curious George 2: Follow That Monkey!
no movie match,0,F:\MediaStack\data\media\movies\Curly Sue (1991)\Curly Sue (1991) [WEBDL-720p] {imdb-tt0101635}.mkv,,,movie,imdb://tt0101635,,unmatched,Curly Sue
no movie match,0,F:\MediaStack\data\media\movies\Ring of the Nibelungs (2004)\Ring of the Nibelungs (2004) [WEBDL-480p] {imdb-tt0387541}.mkv,,,movie,imdb://tt0387541,,unmatched,Curse of the Ring
no movie match,0,F:\MediaStack\data\media\movies\D2 - The Mighty Ducks (1994)\D2 The Mighty Ducks (1994) [Bluray-1080p] {imdb-tt0109520}.mkv,,,movie,imdb://tt0109520,,unmatched,D2: The Mighty Ducks
no movie match,0,F:\MediaStack\data\media\movies\D3 - The Mighty Ducks (1996)\D3 The Mighty Ducks (1996) [Bluray-1080p] {imdb-tt0116000}.mkv,,,movie,imdb://tt0116000,,unmatched,D3: The Mighty Ducks
no movie match,0,F:\MediaStack\data\media\movies\Dan in Real Life (2007)\Dan in Real Life (2007) [Bluray-1080p] {imdb-tt0480242}.mp4,,,movie,imdb://tt0480242,,unmatched,Dan in Real Life
no movie match,0,F:\MediaStack\data\media\movies\Dangal (2016)\Dangal (2016) [Bluray-1080p] {imdb-tt5074352}.mp4,,,movie,imdb://tt5074352,,unmatched,Dangal
no movie match,0,F:\MediaStack\data\media\movies\Dangerous Minds (1995)\Dangerous Minds (1995) [WEBDL-1080p] {imdb-tt0112792}.mkv,,,movie,imdb://tt0112792,,unmatched,Dangerous Minds
no movie match,0,F:\MediaStack\data\media\movies\Coneheads (1993)\Coneheads (1993) [Bluray-1080p] {imdb-tt0106598}.mkv,,,movie,imdb://tt0106598,,unmatched,Coneheads
no movie match,0,F:\MediaStack\data\media\movies\Confessions of a Dangerous Mind (2002)\Confessions of a Dangerous Mind (2002) [Bluray-1080p] {imdb-tt0270288}.mp4,,,movie,imdb://tt0270288,,unmatched,Confessions of a Dangerous Mind
no movie match,0,F:\MediaStack\data\media\movies\Confessions of a Shopaholic (2009)\Confessions of a Shopaholic (2009) [Bluray-720p] {imdb-tt1093908}.mkv,,,movie,imdb://tt1093908,,unmatched,Confessions of a Shopaholic
no movie match,0,F:\MediaStack\data\media\movies\Confessions of a Teenage Drama Queen (2004)\Confessions of a Teenage Drama Queen (2004) [WEBRip-1080p] {imdb-tt0361467}.mp4,,,movie,imdb://tt0361467,,unmatched,Confessions of a Teenage Drama Queen
no movie match,0,F:\MediaStack\data\media\movies\Congo (1995)\Congo (1995) [Bluray-1080p] {imdb-tt0112715}.mkv,,,movie,imdb://tt0112715,,unmatched,Congo
no movie match,0,F:\MediaStack\data\media\movies\The Conjuring (2013)\The Conjuring (2013) [Bluray-1080p Proper] {imdb-tt1457767}.mkv,,,movie,imdb://tt1457767,,unmatched,The Conjuring
no movie match,0,F:\MediaStack\data\media\movies\The Conjuring 2 (2016)\The Conjuring 2 (2016) [Bluray-1080p] {imdb-tt3065204}.mkv,,,movie,imdb://tt3065204,,unmatched,The Conjuring 2
no movie match,0,F:\MediaStack\data\media\movies\Constantine (2005)\Constantine (2005) [Bluray-1080p] {imdb-tt0360486}.mkv,,,movie,imdb://tt0360486,,unmatched,Constantine
no movie match,0,F:\MediaStack\data\media\movies\Contact (1997)\Contact (1997) [Bluray-1080p] {imdb-tt0118884}.mkv,,,movie,imdb://tt0118884,,unmatched,Contact
no movie match,0,F:\MediaStack\data\media\movies\The Contender (2000)\The Contender (2000) [WEBRip-1080p] {imdb-tt0208874}.mp4,,,movie,imdb://tt0208874,,unmatched,The Contender
no movie match,0,F:\MediaStack\data\media\movies\Cool Hand Luke (1967)\Cool Hand Luke (1967) [Bluray-1080p] {imdb-tt0061512}.mp4,,,movie,imdb://tt0061512,,unmatched,Cool Hand Luke
no movie match,0,F:\MediaStack\data\media\movies\Cool Runnings (1993)\Cool Runnings (1993) [Bluray-1080p] {imdb-tt0106611}.mkv,,,movie,imdb://tt0106611,,unmatched,Cool Runnings
no movie match,0,F:\MediaStack\data\media\movies\The Core (2003)\The Core (2003) [Bluray-1080p] {imdb-tt0298814}.mp4,,,movie,imdb://tt0298814,,unmatched,The Core
no movie match,0,F:\MediaStack\data\media\movies\The Count of Monte Cristo (2002)\The Count of Monte Cristo (2002) [Bluray-1080p] {imdb-tt0245844}.mp4,,,movie,imdb://tt0245844,,unmatched,The Count of Monte Cristo
no movie match,0,F:\MediaStack\data\media\movies\Guy Ritchie's The Covenant (2023)\Guy Ritchies The Covenant (2023) [WEBRip-1080p] {imdb-tt4873118}.mkv,,,movie,imdb://tt4873118,,unmatched,The Covenant
no movie match,0,F:\MediaStack\data\media\movies\Cow Belles (2006)\Cow Belles (2006) [WEBDL-1080p] {imdb-tt0489007}.mkv,,,movie,imdb://tt0489007,,unmatched,Cow Belles
no movie match,0,F:\MediaStack\data\media\movies\Coyote Ugly (2000)\Coyote Ugly (2000) [Bluray-1080p] {imdb-tt0200550}.mkv,,,movie,imdb://tt0200550,,unmatched,Coyote Ugly
no movie match,0,F:\MediaStack\data\media\movies\The Craft - Legacy (2020)\The Craft Legacy (2020) [Bluray-1080p] {imdb-tt4685762}.mkv,,,movie,imdb://tt4685762,,unmatched,The Craft: Legacy
no movie match,0,F:\MediaStack\data\media\movies\Crater (2023)\Crater (2023) [WEBDL-1080p] {imdb-tt5264838}.mkv,,,movie,imdb://tt5264838,,unmatched,Crater
no movie match,0,"F:\MediaStack\data\media\movies\Crazy, Stupid, Love. (2011)\Crazy Stupid Love. (2011) [Bluray-1080p] {imdb-tt1570728}.mkv",,,movie,imdb://tt1570728,,unmatched,"Crazy, Stupid, Love."
no movie match,0,F:\MediaStack\data\media\movies\Creed (2015)\Creed (2015) [Bluray-1080p] {imdb-tt3076658}.mkv,,,movie,imdb://tt3076658,,unmatched,Creed
no movie match,0,F:\MediaStack\data\media\movies\Creed II (2018)\Creed II (2018) [Bluray-1080p] {imdb-tt6343314}.mp4,,,movie,imdb://tt6343314,,unmatched,Creed II
no movie match,0,F:\MediaStack\data\media\movies\Clockstoppers (2002)\Clockstoppers (2002) [Bluray-1080p] {imdb-tt0157472}.mkv,,,movie,imdb://tt0157472,,unmatched,Clockstoppers
no movie match,0,F:\MediaStack\data\media\movies\Cloud Atlas (2012)\Cloud Atlas (2012) [Bluray-1080p] {imdb-tt1371111}.mkv,,,movie,imdb://tt1371111,,unmatched,Cloud Atlas
no movie match,0,F:\MediaStack\data\media\movies\Coach Carter (2005)\Coach Carter (2005) [WEBDL-1080p] {imdb-tt0393162}.mkv,,,movie,imdb://tt0393162,,unmatched,Coach Carter
no movie match,0,F:\MediaStack\data\media\movies\The Cobbler (2014)\The Cobbler (2014) [Bluray-1080p] {imdb-tt3203616}.mkv,,,movie,imdb://tt3203616,,unmatched,The Cobbler
no movie match,0,F:\MediaStack\data\media\movies\Coco (2017)\Coco (2017) [Remux-1080p] {imdb-tt2380307}.mkv,,,movie,imdb://tt2380307,,unmatched,Coco
no movie match,0,F:\MediaStack\data\media\movies\Cold Mountain (2003)\Cold Mountain (2003) [Bluray-1080p] {imdb-tt0159365}.mp4,,,movie,imdb://tt0159365,,unmatched,Cold Mountain
no movie match,0,F:\MediaStack\data\media\movies\Collateral Beauty (2016)\Collateral Beauty (2016) [Bluray-1080p] {imdb-tt4682786}.mkv,,,movie,imdb://tt4682786,,unmatched,Collateral Beauty
no movie match,0,F:\MediaStack\data\media\movies\The Color of Money (1986)\The Color of Money (1986) [Bluray-1080p] {imdb-tt0090863}.mkv,,,movie,imdb://tt0090863,,unmatched,The Color of Money
no movie match,0,F:\MediaStack\data\media\movies\The Color Purple (1985)\The Color Purple (1985) [Bluray-1080p] {imdb-tt0088939}.mp4,,,movie,imdb://tt0088939,,unmatched,The Color Purple
no movie match,0,F:\MediaStack\data\media\movies\The Color Purple (2023)\The Color Purple (2023) [WEBDL-1080p] {imdb-tt1200263}.mkv,,,movie,imdb://tt1200263,,unmatched,The Color Purple
no movie match,0,F:\MediaStack\data\media\movies\The Colors Within (2024)\The Colors Within (2024) [Bluray-1080p] {imdb-tt23951384}.mkv,,,movie,imdb://tt23951384,,unmatched,The Colors Within
no movie match,0,F:\MediaStack\data\media\movies\The Comebacks (2007)\The Comebacks (2007) [HDTV-1080p] {imdb-tt0790804}.mp4,,,movie,imdb://tt0790804,,unmatched,The Comebacks
ambiguous movie title match,0,F:\MediaStack\data\media\movies\Conan the Barbarian (1982)\Conan the Barbarian (1982) [Bluray-1080p] {imdb-tt0082198}.mkv,,,movie,imdb://tt0082198,,unmatched,Conan the Barbarian
no movie match,0,F:\MediaStack\data\media\movies\Conan the Destroyer (1984)\Conan the Destroyer (1984) [Bluray-1080p] {imdb-tt0087078}.mkv,,,movie,imdb://tt0087078,,unmatched,Conan the Destroyer
no movie match,0,"F:\MediaStack\data\media\movies\The Chronicles of Narnia - The Lion, the Witch and the Wardrobe (2005)\The Chronicles of Narnia The Lion the Witch and the Wardrobe (2005) [Bluray-1080p] {imdb-tt0363771}.mkv",,,movie,imdb://tt0363771,,unmatched,"The Chronicles of Narnia: The Lion, the Witch and the Wardrobe"
no movie match,0,F:\MediaStack\data\media\movies\The Chronicles of Narnia - The Voyage of the Dawn Treader (2010)\The Chronicles of Narnia The Voyage of the Dawn Treader (2010) [Bluray-1080p] {imdb-tt0980970}.mkv,,,movie,imdb://tt0980970,,unmatched,The Chronicles of Narnia: The Voyage of the Dawn Treader
no movie match,0,F:\MediaStack\data\media\movies\Church Ball (2006)\Church Ball (2006) [WEBDL-480p] {imdb-tt0457303}.mkv,,,movie,imdb://tt0457303,,unmatched,Church Ball
no movie match,0,F:\MediaStack\data\media\movies\A Cinderella Story (2004)\A Cinderella Story (2004) [Bluray-1080p] {imdb-tt0356470}.mp4,,,movie,imdb://tt0356470,,unmatched,A Cinderella Story
no movie match,0,F:\MediaStack\data\media\movies\Cinema Paradiso (1988)\Cinema Paradiso (1988) [Bluray-1080p] {imdb-tt0095765}.mp4,,,movie,imdb://tt0095765,,unmatched,Cinema Paradiso
no movie match,0,F:\MediaStack\data\media\movies\Citadel (2012)\Citadel (2012) [Bluray-1080p] {imdb-tt1641975}.mp4,,,movie,imdb://tt1641975,,unmatched,Citadel
no movie match,0,F:\MediaStack\data\media\movies\Citizen Kane (1941)\Citizen Kane (1941) [Bluray-1080p] {imdb-tt0033467}.mkv,,,movie,imdb://tt0033467,,unmatched,Citizen Kane
no movie match,0,F:\MediaStack\data\media\movies\City Lights (1931)\City Lights (1931) [Bluray-1080p] {imdb-tt0021749}.mp4,,,movie,imdb://tt0021749,,unmatched,City Lights
no movie match,0,F:\MediaStack\data\media\movies\City of Angels (1998)\City of Angels (1998) [Bluray-1080p] {imdb-tt0120632}.mp4,,,movie,imdb://tt0120632,,unmatched,City of Angels
no movie match,0,F:\MediaStack\data\media\movies\City of God (2002)\City of God (2002) [Bluray-1080p] {imdb-tt0317248}.mkv,,,movie,imdb://tt0317248,,unmatched,City of God
no movie match,0,F:\MediaStack\data\media\movies\City Slickers (1991)\City Slickers (1991) [Bluray-1080p] {imdb-tt0101587}.mp4,,,movie,imdb://tt0101587,,unmatched,City Slickers
no movie match,0,F:\MediaStack\data\media\movies\A Civil Action (1998)\A Civil Action (1998) [Bluray-1080p] {imdb-tt0120633}.mp4,,,movie,imdb://tt0120633,,unmatched,A Civil Action
no movie match,0,F:\MediaStack\data\media\movies\Clash of the Titans (2010)\Clash of the Titans (2010) [Bluray-1080p] {imdb-tt0800320}.mp4,,,movie,imdb://tt0800320,,unmatched,Clash of the Titans
no movie match,0,F:\MediaStack\data\media\movies\Cleopatra (1963)\Cleopatra (1963) [Bluray-1080p] {imdb-tt0056937}.mkv,,,movie,imdb://tt0056937,,unmatched,Cleopatra
no movie match,0,F:\MediaStack\data\media\movies\The Client (1994)\The Client (1994) [Bluray-1080p] {imdb-tt0109446}.mkv,,,movie,imdb://tt0109446,,unmatched,The Client
no movie match,0,F:\MediaStack\data\media\movies\Clifford (1994)\Clifford (1994) [WEBRip-1080p] {imdb-tt0109447}.mp4,,,movie,imdb://tt0109447,,unmatched,Clifford
no movie match,0,F:\MediaStack\data\media\movies\Clifford the Big Red Dog (2021)\Clifford the Big Red Dog (2021) [Bluray-1080p] {imdb-tt2397461}.mkv,,,movie,imdb://tt2397461,,unmatched,Clifford the Big Red Dog
no movie match,0,F:\MediaStack\data\media\movies\Charlotte's Web (2006)\Charlottes Web (2006) [Bluray-1080p] {imdb-tt0413895}.mp4,,,movie,imdb://tt0413895,,unmatched,Charlotte's Web
no movie match,0,F:\MediaStack\data\media\movies\Chasing Amy (1997)\Chasing Amy (1997) [Bluray-1080p] {imdb-tt0118842}.mkv,,,movie,imdb://tt0118842,,unmatched,Chasing Amy
no movie match,0,F:\MediaStack\data\media\movies\Cheaper by the Dozen (2003)\Cheaper by the Dozen (2003) [WEBDL-1080p] {imdb-tt0349205}.mkv,,,movie,imdb://tt0349205,,unmatched,Cheaper by the Dozen
no movie match,0,F:\MediaStack\data\media\movies\Cheaper by the Dozen (2022)\Cheaper by the Dozen (2022) [WEBRip-1080p] {imdb-tt6705162}.mp4,,,movie,imdb://tt6705162,,unmatched,Cheaper by the Dozen
no movie match,0,F:\MediaStack\data\media\movies\Cheaper by the Dozen 2 (2005)\Cheaper by the Dozen 2 (2005) [Bluray-1080p] {imdb-tt0452598}.mp4,,,movie,imdb://tt0452598,,unmatched,Cheaper by the Dozen 2
no movie match,0,F:\MediaStack\data\media\movies\Chicago (2002)\Chicago (2002) [Bluray-1080p Proper] {imdb-tt0299658}.mkv,,,movie,imdb://tt0299658,,unmatched,Chicago
no movie match,0,F:\MediaStack\data\media\movies\Chichagof - The Hook (2004)\Chichagof The Hook (2004) [Unknown].mkv,,,movie,tmdb://397636,,unmatched,Chichagof: The Hook
no movie match,0,F:\MediaStack\data\media\movies\Chicken Little (2005)\Chicken Little (2005) [Bluray-1080p] {imdb-tt0371606}.mp4,,,movie,imdb://tt0371606,,unmatched,Chicken Little
no movie match,0,F:\MediaStack\data\media\movies\Chicken Run (2000)\Chicken Run (2000) [Bluray-1080p] {imdb-tt0120630}.mkv,,,movie,imdb://tt0120630,,unmatched,Chicken Run
no movie match,0,F:\MediaStack\data\media\movies\The China Syndrome (1979)\The China Syndrome (1979) [Bluray-1080p] {imdb-tt0078966}.mp4,,,movie,imdb://tt0078966,,unmatched,The China Syndrome
no movie match,0,F:\MediaStack\data\media\movies\Chip 'n Dale - Rescue Rangers (2022)\Chip 'n Dale Rescue Rangers (2022) [WEBDL-1080p] {imdb-tt3513500}.mkv,,,movie,imdb://tt3513500,,unmatched,Chip 'n Dale: Rescue Rangers
no movie match,0,F:\MediaStack\data\media\movies\A Christmas Carol (1984)\A Christmas Carol (1984) [Bluray-1080p] {imdb-tt0087056}.mp4,,,movie,imdb://tt0087056,,unmatched,A Christmas Carol
no movie match,0,F:\MediaStack\data\media\movies\A Christmas Carol (1999)\A Christmas Carol (1999) [DVD] {imdb-tt0216621}.avi,,,movie,imdb://tt0216621,,unmatched,A Christmas Carol
no movie match,0,F:\MediaStack\data\media\movies\A Christmas Carol (2009)\A Christmas Carol (2009) [Bluray-1080p] {imdb-tt1067106}.mkv,,,movie,imdb://tt1067106,,unmatched,A Christmas Carol
no movie match,0,F:\MediaStack\data\media\movies\A Christmas Story (1983)\A Christmas Story (1983) [Bluray-1080p] {imdb-tt0085334}.mkv,,,movie,imdb://tt0085334,,unmatched,A Christmas Story
no movie match,0,F:\MediaStack\data\media\movies\National Lampoon's Christmas Vacation (1989)\National Lampoons Christmas Vacation (1989) [Bluray-1080p] {imdb-tt0097958}.mkv,,,movie,imdb://tt0097958,,unmatched,Christmas Vacation
no movie match,0,F:\MediaStack\data\media\movies\The Chronicles of Narnia - Prince Caspian (2008)\The Chronicles of Narnia Prince Caspian (2008) [Bluray-1080p] {imdb-tt0499448}.mkv,,,movie,imdb://tt0499448,,unmatched,The Chronicles of Narnia: Prince Caspian
no movie match,0,F:\MediaStack\data\media\movies\Casablanca (1943)\Casablanca (1943) [WEBDL-1080p] {imdb-tt0034583}.mkv,,,movie,imdb://tt0034583,,unmatched,Casablanca
no movie match,0,F:\MediaStack\data\media\movies\Casper (1995)\Casper (1995) [Bluray-1080p] {imdb-tt0112642}.mkv,,,movie,imdb://tt0112642,,unmatched,Casper
no movie match,0,F:\MediaStack\data\media\movies\Cast Away (2000)\Cast Away (2000) [Bluray-1080p] {imdb-tt0162222}.mkv,,,movie,imdb://tt0162222,,unmatched,Cast Away
no movie match,0,F:\MediaStack\data\media\movies\Castle in the Sky (1986)\Castle in the Sky (1986) [Bluray-1080p] {imdb-tt0092067}.mp4,,,movie,imdb://tt0092067,,unmatched,Castle in the Sky
no movie match,0,F:\MediaStack\data\media\movies\The Cat in the Hat (2003)\The Cat in the Hat (2003) [Bluray-1080p] {imdb-tt0312528}.mp4,,,movie,imdb://tt0312528,,unmatched,The Cat in the Hat
no movie match,0,F:\MediaStack\data\media\movies\Cat on a Hot Tin Roof (1958)\Cat on a Hot Tin Roof (1958) [Bluray-1080p] {imdb-tt0051459}.mp4,,,movie,imdb://tt0051459,,unmatched,Cat on a Hot Tin Roof
no movie match,0,F:\MediaStack\data\media\movies\The Cat Returns (2002)\The Cat Returns (2002) [Bluray-1080p] {imdb-tt0347618}.mkv,,,movie,imdb://tt0347618,,unmatched,The Cat Returns
no movie match,0,F:\MediaStack\data\media\movies\Catch That Kid (2004)\Catch That Kid (2004) [WEBRip-1080p] {imdb-tt0337917}.mp4,,,movie,imdb://tt0337917,,unmatched,Catch That Kid
no movie match,0,F:\MediaStack\data\media\movies\Cats & Dogs (2001)\Cats and Dogs (2001) [Bluray-1080p] {imdb-tt0239395}.mp4,,,movie,imdb://tt0239395,,unmatched,Cats & Dogs
no movie match,0,F:\MediaStack\data\media\movies\Cats Don't Dance (1997)\Cats Dont Dance (1997) [Bluray-720p] {imdb-tt0118829}.mp4,,,movie,imdb://tt0118829,,unmatched,Cats Don't Dance
no movie match,0,F:\MediaStack\data\media\movies\The Cell (2000)\The Cell (2000) [Bluray-1080p] {imdb-tt0209958}.mkv,,,movie,imdb://tt0209958,,unmatched,The Cell
no movie match,0,F:\MediaStack\data\media\movies\Central Intelligence (2016)\Central Intelligence (2016) [Bluray-1080p] {imdb-tt1489889}.mkv,,,movie,imdb://tt1489889,,unmatched,Central Intelligence
no movie match,0,F:\MediaStack\data\media\movies\Central Station (1998)\Central Station (1998) [Bluray-1080p] {imdb-tt0140888}.mkv,,,movie,imdb://tt0140888,,unmatched,Central Station
no movie match,0,F:\MediaStack\data\media\movies\Changeling (2008)\Changeling (2008) [Bluray-1080p] {imdb-tt0824747}.mkv,,,movie,imdb://tt0824747,,unmatched,Changeling
no movie match,0,F:\MediaStack\data\media\movies\Charlie and the Chocolate Factory (2005)\Charlie and the Chocolate Factory (2005) [Bluray-1080p] {imdb-tt0367594}.mkv,,,movie,imdb://tt0367594,,unmatched,Charlie and the Chocolate Factory
no movie match,0,F:\MediaStack\data\media\movies\Charlie's Angels (2000)\Charlies Angels (2000) [Bluray-1080p] {imdb-tt0160127}.mp4,,,movie,imdb://tt0160127,,unmatched,Charlie's Angels
no movie match,0,F:\MediaStack\data\media\movies\Charlie's Angels (2019)\Charlies Angels (2019) [Bluray-1080p] {imdb-tt5033998}.mp4,,,movie,imdb://tt5033998,,unmatched,Charlie's Angels
no movie match,0,F:\MediaStack\data\media\movies\Bye Bye Birdie (1963)\Bye Bye Birdie (1963) [Bluray-720p] {imdb-tt0056891}.mkv,,,movie,imdb://tt0056891,,unmatched,Bye Bye Birdie
no movie match,0,F:\MediaStack\data\media\movies\The Cable Guy (1996)\The Cable Guy (1996) [Bluray-1080p] {imdb-tt0115798}.mkv,,,movie,imdb://tt0115798,,unmatched,The Cable Guy
no movie match,0,F:\MediaStack\data\media\movies\Caddyshack (1980)\Caddyshack (1980) [Bluray-1080p] {imdb-tt0080487}.mp4,,,movie,imdb://tt0080487,,unmatched,Caddyshack
no movie match,0,F:\MediaStack\data\media\movies\The Call of the Wild (2020)\The Call of the Wild (2020) [Bluray-1080p] {imdb-tt7504726}.mp4,,,movie,imdb://tt7504726,,unmatched,The Call of the Wild
no movie match,0,F:\MediaStack\data\media\movies\The Campaign (2012)\The Campaign (2012) [Bluray-1080p] {imdb-tt1790886}.mkv,,,movie,imdb://tt1790886,,unmatched,The Campaign
no movie match,0,F:\MediaStack\data\media\movies\Cape Fear (1962)\Cape Fear (1962) [Bluray-1080p] {imdb-tt0055824}.mp4,,,movie,imdb://tt0055824,,unmatched,Cape Fear
no movie match,0,F:\MediaStack\data\media\movies\Cape Fear (1991)\Cape Fear (1991) [WEBDL-720p] {imdb-tt0101540}.mkv,,,movie,imdb://tt0101540,,unmatched,Cape Fear
no movie match,0,F:\MediaStack\data\media\movies\Capernaum (2018)\Capernaum (2018) [Bluray-1080p] {imdb-tt8267604}.mkv,,,movie,imdb://tt8267604,,unmatched,Capernaum
no movie match,0,F:\MediaStack\data\media\movies\Captain America - Brave New World (2025)\Captain America Brave New World (2025) [Bluray-1080p] {imdb-tt14513804}.mkv,,,movie,imdb://tt14513804,,unmatched,Captain America: Brave New World
no movie match,0,F:\MediaStack\data\media\movies\Captain America - Civil War (2016)\Captain America Civil War (2016) [Bluray-1080p] {imdb-tt3498820}.mkv,,,movie,imdb://tt3498820,,unmatched,Captain America: Civil War
no movie match,0,F:\MediaStack\data\media\movies\Captain America - The First Avenger (2011)\Captain America The First Avenger (2011) [Bluray-1080p] {imdb-tt0458339}.mkv,,,movie,imdb://tt0458339,,unmatched,Captain America: The First Avenger
no movie match,0,F:\MediaStack\data\media\movies\Captain Marvel (2019)\Captain Marvel (2019) [Bluray-1080p] {imdb-tt4154664}.mkv,,,movie,imdb://tt4154664,,unmatched,Captain Marvel
no movie match,0,F:\MediaStack\data\media\movies\Captive (2015)\Captive (2015) [Bluray-1080p] {imdb-tt3268668}.mkv,,,movie,imdb://tt3268668,,unmatched,Captive
no movie match,0,F:\MediaStack\data\media\movies\Cars (2006)\Cars (2006) [Bluray-1080p] {imdb-tt0317219}.mkv,,,movie,imdb://tt0317219,,unmatched,Cars
no movie match,0,F:\MediaStack\data\media\movies\Cars 2 (2011)\Cars 2 (2011) [Bluray-1080p] {imdb-tt1216475}.mkv,,,movie,imdb://tt1216475,,unmatched,Cars 2
no movie match,0,F:\MediaStack\data\media\movies\Cars 3 (2017)\Cars 3 (2017) [Bluray-1080p] {imdb-tt3606752}.mkv,,,movie,imdb://tt3606752,,unmatched,Cars 3
no movie match,0,F:\MediaStack\data\media\movies\The Bridges of Madison County (1995)\The Bridges of Madison County (1995) [Bluray-1080p] {imdb-tt0112579}.mkv,,,movie,imdb://tt0112579,,unmatched,The Bridges of Madison County
no movie match,0,F:\MediaStack\data\media\movies\Bringing Down the House (2003)\Bringing Down the House (2003) [WEBDL-1080p] {imdb-tt0305669}.mkv,,,movie,imdb://tt0305669,,unmatched,Bringing Down the House
no movie match,0,F:\MediaStack\data\media\movies\Brink! (1998)\Brink! (1998) [WEBRip-480p] {imdb-tt0162212}.mkv,,,movie,imdb://tt0162212,,unmatched,Brink!
no movie match,0,F:\MediaStack\data\media\movies\Brokedown Palace (1999)\Brokedown Palace (1999) [Bluray-1080p] {imdb-tt0120620}.mp4,,,movie,imdb://tt0120620,,unmatched,Brokedown Palace
no movie match,0,F:\MediaStack\data\media\movies\Broken Flowers (2005)\Broken Flowers (2005) [HDTV-1080p] {imdb-tt0412019}.mp4,,,movie,imdb://tt0412019,,unmatched,Broken Flowers
no movie match,0,F:\MediaStack\data\media\movies\Brooklyn (2015)\Brooklyn (2015) [Bluray-1080p] {imdb-tt2381111}.mkv,,,movie,imdb://tt2381111,,unmatched,Brooklyn
no movie match,0,F:\MediaStack\data\media\movies\Brother Bear (2003)\Brother Bear (2003) [Bluray-1080p] {imdb-tt0328880}.mkv,,,movie,imdb://tt0328880,,unmatched,Brother Bear
no movie match,0,F:\MediaStack\data\media\movies\Brother Bear 2 (2006)\Brother Bear 2 (2006) [Bluray-1080p] {imdb-tt0465925}.mkv,,,movie,imdb://tt0465925,,unmatched,Brother Bear 2
no movie match,0,F:\MediaStack\data\media\movies\The Brothers Grimm (2005)\The Brothers Grimm (2005) [Bluray-1080p] {imdb-tt0355295}.mkv,,,movie,imdb://tt0355295,,unmatched,The Brothers Grimm
no movie match,0,F:\MediaStack\data\media\movies\Bubble Boy (2001)\Bubble Boy (2001) [WEBDL-1080p] {imdb-tt0258470}.mp4,,,movie,imdb://tt0258470,,unmatched,Bubble Boy
no movie match,0,F:\MediaStack\data\media\movies\The Bucket List (2007)\The Bucket List (2007) [Bluray-1080p] {imdb-tt0825232}.mp4,,,movie,imdb://tt0825232,,unmatched,The Bucket List
no movie match,0,F:\MediaStack\data\media\movies\Buddy (1997)\Buddy (1997) [WEBDL-720p] {imdb-tt0118787}.mkv,,,movie,imdb://tt0118787,,unmatched,Buddy
no movie match,0,F:\MediaStack\data\media\movies\A Bug's Life (1998)\A Bugs Life (1998) [Bluray-1080p Proper] {imdb-tt0120623}.mp4,,,movie,imdb://tt0120623,,unmatched,A Bug's Life
no movie match,0,F:\MediaStack\data\media\movies\Bull Durham (1988)\Bull Durham (1988) [Bluray-1080p] {imdb-tt0094812}.mkv,,,movie,imdb://tt0094812,,unmatched,Bull Durham
no movie match,0,F:\MediaStack\data\media\movies\Bullitt (1968)\Bullitt (1968) [Bluray-1080p] {imdb-tt0062765}.mp4,,,movie,imdb://tt0062765,,unmatched,Bullitt
no movie match,0,F:\MediaStack\data\media\movies\Butch Cassidy and the Sundance Kid (1969)\Butch Cassidy and the Sundance Kid (1969) [Bluray-1080p] {imdb-tt0064115}.mp4,,,movie,imdb://tt0064115,,unmatched,Butch Cassidy and the Sundance Kid
no movie match,0,F:\MediaStack\data\media\movies\The Butterfly Effect (2004)\The Butterfly Effect (2004) [Bluray-1080p] {imdb-tt0289879}.mp4,,,movie,imdb://tt0289879,,unmatched,The Butterfly Effect
no movie match,0,F:\MediaStack\data\media\movies\The Boss Baby - Family Business (2021)\The Boss Baby Family Business (2021) [Bluray-1080p] {imdb-tt6932874}.mkv,,,movie,imdb://tt6932874,,unmatched,The Boss Baby: Family Business
no movie match,0,F:\MediaStack\data\media\movies\The Boxer (1997)\The Boxer (1997) [Bluray-1080p] {imdb-tt0118760}.mp4,,,movie,imdb://tt0118760,,unmatched,The Boxer
no movie match,0,F:\MediaStack\data\media\movies\The Boy and the Beast (2015)\The Boy and the Beast (2015) [Bluray-1080p] {imdb-tt4272866}.mkv,,,movie,imdb://tt4272866,,unmatched,The Boy and the Beast
no movie match,0,F:\MediaStack\data\media\movies\The Boy and the Heron (2023)\The Boy and the Heron (2023) [Bluray-1080p] {imdb-tt6587046}.mp4,,,movie,imdb://tt6587046,,unmatched,The Boy and the Heron
no movie match,0,F:\MediaStack\data\media\movies\The Boy in the Striped Pyjamas (2008)\The Boy in the Striped Pyjamas (2008) [Bluray-1080p] {imdb-tt0914798}.mp4,,,movie,imdb://tt0914798,,unmatched,The Boy in the Striped Pajamas
no movie match,0,F:\MediaStack\data\media\movies\The Brady Bunch Movie (1995)\The Brady Bunch Movie (1995) [Bluray-1080p] {imdb-tt0112572}.mkv,,,movie,imdb://tt0112572,,unmatched,The Brady Bunch Movie
no movie match,0,F:\MediaStack\data\media\movies\Brave (2012)\Brave (2012) [Bluray-1080p] {imdb-tt1217209}.mp4,,,movie,imdb://tt1217209,,unmatched,Brave
no movie match,0,F:\MediaStack\data\media\movies\The Brave Little Toaster (1987)\The Brave Little Toaster (1987) [WEBDL-1080p] {imdb-tt0092695}.mkv,,,movie,imdb://tt0092695,,unmatched,The Brave Little Toaster
no movie match,0,F:\MediaStack\data\media\movies\The Break-Up (2006)\The Break-Up (2006) [Bluray-1080p] {imdb-tt0452594}.mp4,,,movie,imdb://tt0452594,,unmatched,The Break-Up
no movie match,0,F:\MediaStack\data\media\movies\Brian Regan - I Walked on the Moon (2004)\Brian Regan I Walked on the Moon (2004) [SDTV] {imdb-tt0808179}.avi,,,movie,imdb://tt0808179,,unmatched,Brian Regan: I Walked on the Moon
no movie match,0,F:\MediaStack\data\media\movies\Bride Wars (2009)\Bride Wars (2009) [Bluray-1080p] {imdb-tt0901476}.mkv,,,movie,imdb://tt0901476,,unmatched,Bride Wars
no movie match,0,F:\MediaStack\data\media\movies\Brideless Groom (1947)\Brideless Groom (1947) [Unknown] {imdb-tt0039219}.mkv,,,movie,imdb://tt0039219,,unmatched,Brideless Groom
no movie match,0,F:\MediaStack\data\media\movies\Bridge of Spies (2015)\Bridge of Spies (2015) [Bluray-1080p] {imdb-tt3682448}.mkv,,,movie,imdb://tt3682448,,unmatched,Bridge of Spies
no movie match,0,F:\MediaStack\data\media\movies\Bridge to Terabithia (2007)\Bridge to Terabithia (2007) [Bluray-1080p] {imdb-tt0398808}.mkv,,,movie,imdb://tt0398808,,unmatched,Bridge to Terabithia
no movie match,0,F:\MediaStack\data\media\movies\A Bridge Too Far (1977)\A Bridge Too Far (1977) [Bluray-1080p] {imdb-tt0075784}.mkv,,,movie,imdb://tt0075784,,unmatched,A Bridge Too Far
no movie match,0,F:\MediaStack\data\media\movies\Black Panther - Wakanda Forever (2022)\Black Panther Wakanda Forever (2022) [Bluray-1080p] {imdb-tt9114286}.mp4,,,movie,imdb://tt9114286,,unmatched,Black Panther: Wakanda Forever
no movie match,0,F:\MediaStack\data\media\movies\Black Sheep (1996)\Black Sheep (1996) [Bluray-1080p] {imdb-tt0115697}.mkv,,,movie,imdb://tt0115697,,unmatched,Black Sheep
no movie match,0,F:\MediaStack\data\media\movies\Black Widow (2021)\Black Widow (2021) [Bluray-1080p] {imdb-tt3480822}.mkv,,,movie,imdb://tt3480822,,unmatched,Black Widow
no movie match,0,F:\MediaStack\data\media\movies\Blade (1998)\Blade (1998) [Bluray-1080p] {imdb-tt0120611}.mkv,,,movie,imdb://tt0120611,,unmatched,Blade
no movie match,0,F:\MediaStack\data\media\movies\Blade II (2002)\Blade II (2002) [Bluray-1080p] {imdb-tt0187738}.mkv,,,movie,imdb://tt0187738,,unmatched,Blade II
no movie match,0,F:\MediaStack\data\media\movies\Blade Runner (1982)\Blade Runner (1982) [Bluray-1080p Proper] {imdb-tt0083658}.mkv,,,movie,imdb://tt0083658,,unmatched,Blade Runner
no movie match,0,F:\MediaStack\data\media\movies\Blade Runner 2049 (2017)\Blade Runner 2049 (2017) [Bluray-1080p] {imdb-tt1856101}.mp4,,,movie,imdb://tt1856101,,unmatched,Blade Runner 2049
no movie match,0,F:\MediaStack\data\media\movies\Blade - Trinity (2004)\Blade Trinity (2004) [Bluray-1080p] {imdb-tt0359013}.mp4,,,movie,imdb://tt0359013,,unmatched,Blade: Trinity
no movie match,0,F:\MediaStack\data\media\movies\Blank Check (1994)\Blank Check (1994) [WEBRip-1080p] {imdb-tt0109287}.mkv,,,movie,imdb://tt0109287,,unmatched,Blank Check
no movie match,0,F:\MediaStack\data\media\movies\The Blind Side (2009)\The Blind Side (2009) [Bluray-1080p] {imdb-tt0878804}.mkv,,,movie,imdb://tt0878804,,unmatched,The Blind Side
no movie match,0,F:\MediaStack\data\media\movies\The Blob (1988)\The Blob (1988) [Bluray-1080p] {imdb-tt0094761}.mkv,,,movie,imdb://tt0094761,,unmatched,The Blob
no movie match,0,F:\MediaStack\data\media\movies\Blood Diamond (2006)\Blood Diamond (2006) [Bluray-1080p] {imdb-tt0450259}.mp4,,,movie,imdb://tt0450259,,unmatched,Blood Diamond
no movie match,0,F:\MediaStack\data\media\movies\BloodRayne (2005)\BloodRayne (2005) [Bluray-1080p] {imdb-tt0383222}.mp4,,,movie,imdb://tt0383222,,unmatched,BloodRayne
no movie match,0,F:\MediaStack\data\media\movies\Blue Steel (1934)\Blue Steel (1934) [WEBDL-480p] {imdb-tt0024902}.mkv,,,movie,imdb://tt0024902,,unmatched,Blue Steel
no movie match,0,F:\MediaStack\data\media\movies\The Boat That Rocked (2009)\The Boat That Rocked (2009) [Bluray-1080p] {imdb-tt1131729}.mkv,,,movie,imdb://tt1131729,,unmatched,The Boat That Rocked
no movie match,0,F:\MediaStack\data\media\movies\Bob Dylan - MTV Unplugged (1994)\Bob Dylan MTV Unplugged (1994) [WEBDL-480p] {imdb-tt0737264}.mkv,,,movie,local://19842,,unmatched,Bob Dylan MTV Unplugged
no movie match,0,F:\MediaStack\data\media\movies\Body and Soul (1947)\Body and Soul (1947) [Bluray-1080p] {imdb-tt0039204}.mkv,,,movie,imdb://tt0039204,,unmatched,Body and Soul
no movie match,0,F:\MediaStack\data\media\movies\Bolt (2008)\Bolt (2008) [Bluray-1080p Proper] {imdb-tt0397892}.mp4,,,movie,imdb://tt0397892,,unmatched,Bolt
no movie match,0,F:\MediaStack\data\media\movies\The Book of Clarence (2024)\The Book of Clarence (2024) [WEBDL-1080p] {imdb-tt22866358}.mkv,,,movie,imdb://tt22866358,,unmatched,The Book of Clarence
no movie match,0,F:\MediaStack\data\media\movies\The Book of Eli (2010)\The Book of Eli (2010) [Bluray-1080p] {imdb-tt1037705}.mkv,,,movie,imdb://tt1037705,,unmatched,The Book of Eli
no movie match,0,F:\MediaStack\data\media\movies\The Book of Life (2014)\The Book of Life (2014) [Bluray-1080p] {imdb-tt2262227}.mp4,,,movie,imdb://tt2262227,,unmatched,The Book of Life
no movie match,0,F:\MediaStack\data\media\movies\The Book Thief (2013)\The Book Thief (2013) [WEBDL-480p] {imdb-tt0816442}.mkv,,,movie,imdb://tt0816442,,unmatched,The Book Thief
no movie match,0,F:\MediaStack\data\media\movies\Das Boot (1981)\Das Boot (1981) [Bluray-1080p] {imdb-tt0082096}.mkv,,,movie,imdb://tt0082096,,unmatched,Das Boot
no movie match,0,F:\MediaStack\data\media\movies\Borat - Cultural Learnings of America for Make Benefit Glorious Nation of Kazakhstan (2006)\Borat Cultural Learnings of America for Make Benefit Glorious Nation of Kazakhstan (2006) [Bluray-1080p] {imdb-tt0443453}.mp4,,,movie,imdb://tt0443453,,unmatched,Borat
no movie match,0,F:\MediaStack\data\media\movies\Hell Town (1937)\Hell Town (1937) [WEBDL-480p].mkv,,,movie,imdb://tt0028653,,unmatched,Born to the West
no movie match,0,F:\MediaStack\data\media\movies\The Borrowers (1997)\The Borrowers (1997) [Bluray-1080p] {imdb-tt0118755}.mkv,,,movie,imdb://tt0118755,,unmatched,The Borrowers
no movie match,0,F:\MediaStack\data\media\movies\The Best Two Years (2004)\The Best Two Years (2004) [WEBDL-480p] {imdb-tt0377038}.mkv,,,movie,imdb://tt0377038,,unmatched,The Best Two Years
no movie match,0,F:\MediaStack\data\media\movies\The BFG (2016)\The BFG (2016) [Bluray-1080p] {imdb-tt3691740}.mkv,,,movie,imdb://tt3691740,,unmatched,The BFG
no movie match,0,F:\MediaStack\data\media\movies\Bicentennial Man (1999)\Bicentennial Man (1999) [WEBRip-1080p] {imdb-tt0182789}.mkv,,,movie,imdb://tt0182789,,unmatched,Bicentennial Man
no movie match,0,F:\MediaStack\data\media\movies\Bicycle Thieves (1948)\Bicycle Thieves (1948) [Bluray-1080p] {imdb-tt0040522}.mkv,,,movie,imdb://tt0040522,,unmatched,Bicycle Thieves
no movie match,0,F:\MediaStack\data\media\movies\Big Fat Liar (2002)\Big Fat Liar (2002) [Bluray-1080p] {imdb-tt0265298}.mp4,,,movie,imdb://tt0265298,,unmatched,Big Fat Liar
no movie match,0,F:\MediaStack\data\media\movies\The Big Green (1995)\The Big Green (1995) [Bluray-1080p] {imdb-tt0112499}.mkv,,,movie,imdb://tt0112499,,unmatched,The Big Green
no movie match,0,F:\MediaStack\data\media\movies\Big Hero 6 (2014)\Big Hero 6 (2014) [Bluray-1080p] {imdb-tt2245084}.mp4,,,movie,imdb://tt2245084,,unmatched,Big Hero 6
no movie match,0,F:\MediaStack\data\media\movies\Big Jake (1971)\Big Jake (1971) [Bluray-1080p] {imdb-tt0066831}.mp4,,,movie,imdb://tt0066831,,unmatched,Big Jake
no movie match,0,F:\MediaStack\data\media\movies\Big Trouble in Little China (1986)\Big Trouble in Little China (1986) [Bluray-1080p] {imdb-tt0090728}.mkv,,,movie,imdb://tt0090728,,unmatched,Big Trouble in Little China
no movie match,0,F:\MediaStack\data\media\movies\Birdman or (The Unexpected Virtue of Ignorance) (2014)\Birdman or The Unexpected Virtue of Ignorance (2014) [WEBDL-1080p] {imdb-tt2562232}.mkv,,,movie,imdb://tt2562232,,unmatched,Birdman or (The Unexpected Virtue of Ignorance)
no movie match,0,F:\MediaStack\data\media\movies\The Birds (1963)\The Birds (1963) [Bluray-1080p] {imdb-tt0056869}.mkv,,,movie,imdb://tt0056869,,unmatched,The Birds
no movie match,0,F:\MediaStack\data\media\movies\Birdy (1984)\Birdy (1984) [Bluray-1080p] {imdb-tt0086969}.mkv,,,movie,imdb://tt0086969,,unmatched,Birdy
no movie match,0,F:\MediaStack\data\media\movies\Black Adam (2022)\Black Adam (2022) [Bluray-1080p] {imdb-tt6443346}.mkv,,,movie,imdb://tt6443346,,unmatched,Black Adam
no movie match,0,F:\MediaStack\data\media\movies\Black Beauty (1994)\Black Beauty (1994) [Bluray-1080p] {imdb-tt0109279}.mp4,,,movie,imdb://tt0109279,,unmatched,Black Beauty
no movie match,0,F:\MediaStack\data\media\movies\The Black Cauldron (1985)\The Black Cauldron (1985) [Bluray-1080p] {imdb-tt0088814}.mkv,,,movie,imdb://tt0088814,,unmatched,The Black Cauldron
no movie match,0,F:\MediaStack\data\media\movies\The Black Dahlia (2006)\The Black Dahlia (2006) [Bluray-1080p] {imdb-tt0387877}.mp4,,,movie,imdb://tt0387877,,unmatched,The Black Dahlia
no movie match,0,F:\MediaStack\data\media\movies\Black Panther (2018)\Black Panther (2018) [Bluray-1080p Proper] {imdb-tt1825683}.mkv,,,movie,imdb://tt1825683,,unmatched,Black Panther
no movie match,0,F:\MediaStack\data\media\movies\Beauty and the Beast (1991)\Beauty and the Beast (1991) [Bluray-1080p] {imdb-tt0101414}.mkv,,,movie,imdb://tt0101414,,unmatched,Beauty and the Beast
no movie match,0,F:\MediaStack\data\media\movies\Beauty and the Beast (2017)\Beauty and the Beast (2017) [Bluray-1080p] {imdb-tt2771200}.mkv,,,movie,imdb://tt2771200,,unmatched,Beauty and the Beast
no movie match,0,F:\MediaStack\data\media\movies\Because of Winn-Dixie (2005)\Because of Winn-Dixie (2005) [Bluray-1080p] {imdb-tt0317132}.mkv,,,movie,imdb://tt0317132,,unmatched,Because of Winn-Dixie
no movie match,0,F:\MediaStack\data\media\movies\Becket (1964)\Becket (1964) [Bluray-1080p Proper] {imdb-tt0057877}.mkv,,,movie,imdb://tt0057877,,unmatched,Becket
no movie match,0,F:\MediaStack\data\media\movies\Becoming Jane (2007)\Becoming Jane (2007) [Bluray-1080p] {imdb-tt0416508}.mkv,,,movie,imdb://tt0416508,,unmatched,Becoming Jane
no movie match,0,F:\MediaStack\data\media\movies\Bedknobs and Broomsticks (1971)\Bedknobs and Broomsticks (1971) [Bluray-1080p] {imdb-tt0066817}.mp4,,,movie,imdb://tt0066817,,unmatched,Bedknobs and Broomsticks
no movie match,0,F:\MediaStack\data\media\movies\Bedtime Stories (2008)\Bedtime Stories (2008) [Bluray-1080p] {imdb-tt0960731}.mp4,,,movie,imdb://tt0960731,,unmatched,Bedtime Stories
no movie match,0,F:\MediaStack\data\media\movies\Bee Movie (2007)\Bee Movie (2007) [Bluray-1080p] {imdb-tt0389790}.mp4,,,movie,imdb://tt0389790,,unmatched,Bee Movie
no movie match,0,F:\MediaStack\data\media\movies\Beethoven (1992)\Beethoven (1992) [Bluray-1080p] {imdb-tt0103786}.mp4,,,movie,imdb://tt0103786,,unmatched,Beethoven
no movie match,0,F:\MediaStack\data\media\movies\Beethoven's 2nd (1993)\Beethovens 2nd (1993) [Bluray-1080p] {imdb-tt0106375}.mp4,,,movie,imdb://tt0106375,,unmatched,Beethoven's 2nd
no movie match,0,F:\MediaStack\data\media\movies\Beetlejuice (1988)\Beetlejuice (1988) [Bluray-1080p] {imdb-tt0094721}.mkv,,,movie,imdb://tt0094721,,unmatched,Beetlejuice
no movie match,0,F:\MediaStack\data\media\movies\Beetlejuice Beetlejuice (2024)\Beetlejuice Beetlejuice (2024) [Bluray-1080p] {imdb-tt2049403}.mp4,,,movie,imdb://tt2049403,,unmatched,Beetlejuice Beetlejuice
no movie match,0,F:\MediaStack\data\media\movies\Before Sunrise (1995)\Before Sunrise (1995) [Bluray-1080p] {imdb-tt0112471}.mp4,,,movie,imdb://tt0112471,,unmatched,Before Sunrise
no movie match,0,F:\MediaStack\data\media\movies\Behind Enemy Lines (2001)\Behind Enemy Lines (2001) [Bluray-1080p] {imdb-tt0159273}.mp4,,,movie,imdb://tt0159273,,unmatched,Behind Enemy Lines
no movie match,0,F:\MediaStack\data\media\movies\Belle (2021)\Belle (2021) [Bluray-1080p] {imdb-tt13651628}.mkv,,,movie,imdb://tt13651628,,unmatched,Belle
no movie match,0,F:\MediaStack\data\media\movies\Ben-Hur (1959)\Ben-Hur (1959) [Bluray-1080p] {imdb-tt0052618}.mp4,,,movie,imdb://tt0052618,,unmatched,Ben-Hur
no movie match,0,F:\MediaStack\data\media\movies\Ben-Hur (2016)\Ben-Hur (2016) [Bluray-1080p] {imdb-tt2638144}.mkv,,,movie,imdb://tt2638144,,unmatched,Ben-Hur
no movie match,0,F:\MediaStack\data\media\movies\Beowulf (2007)\Beowulf (2007) [Bluray-1080p] {imdb-tt0442933}.mkv,,,movie,imdb://tt0442933,,unmatched,Beowulf
no movie match,0,F:\MediaStack\data\media\movies\Balto (1995)\Balto (1995) [Bluray-1080p Proper] {imdb-tt0112453}.mkv,,,movie,imdb://tt0112453,,unmatched,Balto
no movie match,0,F:\MediaStack\data\media\movies\Balto - Wolf Quest (2002)\Balto Wolf Quest (2002) [Bluray-1080p] {imdb-tt0281634}.mkv,,,movie,imdb://tt0281634,,unmatched,Balto: Wolf Quest
no movie match,0,F:\MediaStack\data\media\movies\Bambi (1942)\Bambi (1942) [Bluray-1080p] {imdb-tt0034492}.mp4,,,movie,imdb://tt0034492,,unmatched,Bambi
no movie match,0,F:\MediaStack\data\media\movies\Bandits (2001)\Bandits (2001) [Bluray-1080p] {imdb-tt0219965}.mkv,,,movie,imdb://tt0219965,,unmatched,Bandits
no movie match,0,F:\MediaStack\data\media\movies\The Bank Job (2008)\The Bank Job (2008) [Bluray-1080p] {imdb-tt0200465}.mkv,,,movie,imdb://tt0200465,,unmatched,The Bank Job
no movie match,0,F:\MediaStack\data\media\movies\Barbie (2023)\Barbie (2023) [Bluray-1080p] {imdb-tt1517268}.mkv,,,movie,imdb://tt1517268,,unmatched,Barbie
no movie match,0,F:\MediaStack\data\media\movies\Barnyard (2006)\Barnyard (2006) [Bluray-1080p] {imdb-tt0414853}.mkv,,,movie,imdb://tt0414853,,unmatched,Barnyard
no movie match,0,F:\MediaStack\data\media\movies\Barricade (2012)\Barricade (2012) [WEBDL-480p] {imdb-tt1861279}.mkv,,,movie,imdb://tt1861279,,unmatched,Barricade
no movie match,0,F:\MediaStack\data\media\movies\Barry Lyndon (1975)\Barry Lyndon (1975) [Bluray-1080P] {Imdb-Tt0072684}.Clean.mp4,,,movie,local://25082,,unmatched,Barry Lyndon
no movie match,0,F:\MediaStack\data\media\movies\Bartok the Magnificent (1999)\Bartok the Magnificent (1999) [Bluray-1080p] {imdb-tt0197273}.mkv,,,movie,imdb://tt0197273,,unmatched,Bartok the Magnificent
no movie match,0,F:\MediaStack\data\media\movies\Batman (1989)\Batman (1989) [Bluray-1080p] {imdb-tt0096895}.mp4,,,movie,imdb://tt0096895,,unmatched,Batman
no movie match,0,F:\MediaStack\data\media\movies\The Batman (2022)\The Batman (2022) [Bluray-1080p Proper] {imdb-tt1877830}.mkv,,,movie,imdb://tt1877830,,unmatched,The Batman
no movie match,0,F:\MediaStack\data\media\movies\Batman & Robin (1997)\Batman and Robin (1997) [WEBDL-1080p] {imdb-tt0118688}.mkv,,,movie,imdb://tt0118688,,unmatched,Batman & Robin
no movie match,0,F:\MediaStack\data\media\movies\Batman Begins (2005)\Batman Begins (2005) [Bluray-1080p] {imdb-tt0372784}.mkv,,,movie,imdb://tt0372784,,unmatched,Batman Begins
no movie match,0,F:\MediaStack\data\media\movies\Batman v Superman - Dawn of Justice (2016)\Batman v Superman Dawn of Justice (2016) [Bluray-1080p] {imdb-tt2975590}.mkv,,,movie,imdb://tt2975590,,unmatched,Batman v Superman: Dawn of Justice
no movie match,0,F:\MediaStack\data\media\movies\Battleground (1949)\Battleground (1949) [Bluray-1080p] {imdb-tt0041163}.mkv,,,movie,imdb://tt0041163,,unmatched,Battleground
no movie match,0,F:\MediaStack\data\media\movies\Be Kind Rewind (2008)\Be Kind Rewind (2008) [Bluray-1080p] {imdb-tt0799934}.mkv,,,movie,imdb://tt0799934,,unmatched,Be Kind Rewind
no movie match,0,F:\MediaStack\data\media\movies\Bean (1997)\Bean (1997) [Bluray-1080p] {imdb-tt0118689}.mp4,,,movie,imdb://tt0118689,,unmatched,Bean
no movie match,0,F:\MediaStack\data\media\movies\A Beautiful Mind (2001)\A Beautiful Mind (2001) [Bluray-1080p] {imdb-tt0268978}.mp4,,,movie,imdb://tt0268978,,unmatched,A Beautiful Mind
no movie match,0,F:\MediaStack\data\media\movies\Austin Powers - The Spy Who Shagged Me (1999)\Austin Powers The Spy Who Shagged Me (1999) [Bluray-1080p] {imdb-tt0145660}.mp4,,,movie,imdb://tt0145660,,unmatched,Austin Powers: The Spy Who Shagged Me
no movie match,0,F:\MediaStack\data\media\movies\Australia (2008)\Australia (2008) [Bluray-1080p] {imdb-tt0455824}.mp4,,,movie,imdb://tt0455824,,unmatched,Australia
no movie match,0,F:\MediaStack\data\media\movies\Autumn Sonata (1978)\Autumn Sonata (1978) [Bluray-1080p] {imdb-tt0077711}.mkv,,,movie,imdb://tt0077711,,unmatched,Autumn Sonata
no movie match,0,F:\MediaStack\data\media\movies\Avatar (2009)\Avatar (2009) [Bluray-1080p] {imdb-tt0499549}.mkv,,,movie,plex://movie/5d776d057a53e9001e74ed5d,,unmatched,Avatar
no movie match,0,F:\MediaStack\data\media\movies\Avatar - The Way of Water (2022)\Avatar The Way of Water (2022) [Bluray-1080p] {imdb-tt1630029}.mp4,,,movie,imdb://tt1630029,,unmatched,Avatar: The Way of Water
no movie match,0,F:\MediaStack\data\media\movies\The Avengers (2012)\The Avengers (2012) [Bluray-1080p Proper] {imdb-tt0848228}.mkv,,,movie,imdb://tt0848228,,unmatched,The Avengers
no movie match,0,F:\MediaStack\data\media\movies\Avengers - Age of Ultron (2015)\Avengers Age of Ultron (2015) [Bluray-1080p] {imdb-tt2395427}.mkv,,,movie,imdb://tt2395427,,unmatched,Avengers: Age of Ultron
no movie match,0,F:\MediaStack\data\media\movies\Avengers - Endgame (2019)\Avengers Endgame (2019) [Bluray-1080p] {imdb-tt4154796}.mkv,,,movie,imdb://tt4154796,,unmatched,Avengers: Endgame
no movie match,0,F:\MediaStack\data\media\movies\Avengers - Infinity War (2018)\Avengers Infinity War (2018) [Bluray-1080p Proper] {imdb-tt4154756}.mkv,,,movie,imdb://tt4154756,,unmatched,Avengers: Infinity War
no movie match,0,F:\MediaStack\data\media\movies\The Aviator (2004)\The Aviator (2004) [Bluray-1080p] {imdb-tt0338751}.mkv,,,movie,imdb://tt0338751,,unmatched,The Aviator
no movie match,0,F:\MediaStack\data\media\movies\Babe - Pig in the City (1998)\Babe Pig in the City (1998) [Bluray-1080p Proper] {imdb-tt0120595}.mp4,,,movie,imdb://tt0120595,,unmatched,Babe: Pig in the City
no movie match,0,F:\MediaStack\data\media\movies\Baby Geniuses (1999)\Baby Geniuses (1999) [WEBDL-720p] {imdb-tt0118665}.mkv,,,movie,imdb://tt0118665,,unmatched,Baby Geniuses
no movie match,0,F:\MediaStack\data\media\movies\The Baby-Sitters Club (1995)\The Baby-Sitters Club (1995) [WEBRip-1080p] {imdb-tt0112435}.mkv,,,movie,imdb://tt0112435,,unmatched,The Baby-Sitters Club
ambiguous movie title match,0,F:\MediaStack\data\media\movies\Bad Boys (1995)\Bad Boys (1995) [Bluray-1080p] {imdb-tt0112442}.mkv,,,movie,imdb://tt0112442,,unmatched,Bad Boys
no movie match,0,F:\MediaStack\data\media\movies\Bad Company (2002)\Bad Company (2002) [WEBRip-1080p] {imdb-tt0280486}.mp4,,,movie,imdb://tt0280486,,unmatched,Bad Company
no movie match,0,F:\MediaStack\data\media\movies\Apocalypto (2006)\Apocalypto (2006) [Bluray-1080p] {imdb-tt0472043}.mp4,,,movie,imdb://tt0472043,,unmatched,Apocalypto
no movie match,0,F:\MediaStack\data\media\movies\Apollo 13 (1995)\Apollo 13 (1995) [Bluray-1080p] {imdb-tt0112384}.mkv,,,movie,imdb://tt0112384,,unmatched,Apollo 13
no movie match,0,F:\MediaStack\data\media\movies\Aquaman (2018)\Aquaman (2018) [Bluray-1080p] {imdb-tt1477834}.mkv,,,movie,imdb://tt1477834,,unmatched,Aquaman
no movie match,0,F:\MediaStack\data\media\movies\Aquaman and the Lost Kingdom (2023)\Aquaman and the Lost Kingdom (2023) [Bluray-1080p] {imdb-tt9663764}.mp4,,,movie,imdb://tt9663764,,unmatched,Aquaman and the Lost Kingdom
no movie match,0,F:\MediaStack\data\media\movies\Aquamarine (2006)\Aquamarine (2006) [Bluray-1080p] {imdb-tt0429591}.mkv,,,movie,imdb://tt0429591,,unmatched,Aquamarine
no movie match,0,F:\MediaStack\data\media\movies\Arachnophobia (1990)\Arachnophobia (1990) [Bluray-1080p] {imdb-tt0099052}.mkv,,,movie,imdb://tt0099052,,unmatched,Arachnophobia
no movie match,0,F:\MediaStack\data\media\movies\The Aristocats (1970)\The Aristocats (1970) [Bluray-1080p] {imdb-tt0065421}.mkv,,,movie,imdb://tt0065421,,unmatched,The AristoCats
no movie match,0,F:\MediaStack\data\media\movies\Armageddon (1998)\Armageddon (1998) [Bluray-1080p] {imdb-tt0120591}.mkv,,,movie,imdb://tt0120591,,unmatched,Armageddon
no movie match,0,F:\MediaStack\data\media\movies\Arsenic and Old Lace (1944)\Arsenic and Old Lace (1944) [Bluray-1080p] {imdb-tt0036613}.mp4,,,movie,imdb://tt0036613,,unmatched,Arsenic and Old Lace
no movie match,0,F:\MediaStack\data\media\movies\The Assassination of Jesse James by the Coward Robert Ford (2007)\The Assassination of Jesse James by the Coward Robert Ford (2007) [Bluray-1080p] {imdb-tt0443680}.mkv,,,movie,imdb://tt0443680,,unmatched,The Assassination of Jesse James by the Coward Robert Ford
no movie match,0,F:\MediaStack\data\media\movies\Atlantis - Milo's Return (2003)\Atlantis Milos Return (2003) [Bluray-1080p] {imdb-tt0344864}.mkv,,,movie,imdb://tt0344864,,unmatched,Atlantis: Milo's Return
no movie match,0,F:\MediaStack\data\media\movies\Atlantis - The Lost Empire (2001)\Atlantis The Lost Empire (2001) [Bluray-1080p] {imdb-tt0230011}.mkv,,,movie,imdb://tt0230011,,unmatched,Atlantis: The Lost Empire
no movie match,0,F:\MediaStack\data\media\movies\August Rush (2007)\August Rush (2007) [Bluray-1080p] {imdb-tt0426931}.mkv,,,movie,imdb://tt0426931,,unmatched,August Rush
no movie match,0,F:\MediaStack\data\media\movies\Austin Powers in Goldmember (2002)\Austin Powers in Goldmember (2002) [Bluray-1080p] {imdb-tt0295178}.mp4,,,movie,imdb://tt0295178,,unmatched,Austin Powers in Goldmember
no movie match,0,F:\MediaStack\data\media\movies\Austin Powers - International Man of Mystery (1997)\Austin Powers International Man of Mystery (1997) [Bluray-1080p] {imdb-tt0118655}.mp4,,,movie,imdb://tt0118655,,unmatched,Austin Powers: International Man of Mystery
no movie match,0,F:\MediaStack\data\media\movies\An American Tail - The Treasure of Manhattan Island (1998)\An American Tail The Treasure of Manhattan Island (1998) [WEBDL-1080p] {imdb-tt0166973}.mkv,,,movie,imdb://tt0166973,,unmatched,An American Tail: The Treasure of Manhattan Island
no movie match,0,F:\MediaStack\data\media\movies\American Underdog (2021)\American Underdog (2021) [Bluray-1080p] {imdb-tt11729298}.mkv,,,movie,imdb://tt11729298,,unmatched,American Underdog
no movie match,0,F:\MediaStack\data\media\movies\The American West of John Ford (1971)\The American West of John Ford (1971) [WEBDL-480p] {imdb-tt0066759}.mkv,,,movie,imdb://tt0066759,,unmatched,The American West of John Ford
no movie match,0,F:\MediaStack\data\media\movies\Anastasia (1997)\Anastasia (1997) [Bluray-1080p] {imdb-tt0118617}.mp4,,,movie,imdb://tt0118617,,unmatched,Anastasia
no movie match,0,F:\MediaStack\data\media\movies\Anatomy of a Murder (1959)\Anatomy of a Murder (1959) [Bluray-1080p] {imdb-tt0052561}.mkv,,,movie,imdb://tt0052561,,unmatched,Anatomy of a Murder
no movie match,0,F:\MediaStack\data\media\movies\Andre (1994)\Andre (1994) [DVD] {imdb-tt0109120}.mp4,,,movie,imdb://tt0109120,,unmatched,Andre
no movie match,0,F:\MediaStack\data\media\movies\Angel and the Badman (1947)\Angel and the Badman (1947) [WEBDL-480p] {imdb-tt0039152}.mkv,,,movie,imdb://tt0039152,,unmatched,Angel and the Badman
no movie match,0,F:\MediaStack\data\media\movies\Angels & Demons (2009)\Angels and Demons (2009) [Bluray-1080p] {imdb-tt0808151}.mp4,,,movie,imdb://tt0808151,,unmatched,Angels & Demons
no movie match,0,F:\MediaStack\data\media\movies\Angels in the Outfield (1994)\Angels in the Outfield (1994) [WEBDL-1080p] {imdb-tt0109127}.mkv,,,movie,imdb://tt0109127,,unmatched,Angels in the Outfield
no movie match,0,"F:\MediaStack\data\media\movies\Angus, Thongs and Perfect Snogging (2008)\Angus Thongs and Perfect Snogging (2008) [WEBDL-720p] {imdb-tt0963743}.mkv",,,movie,imdb://tt0963743,,unmatched,"Angus, Thongs and Perfect Snogging"
no movie match,0,F:\MediaStack\data\media\movies\Annapolis (2006)\Annapolis (2006) [Bluray-1080p] {imdb-tt0417433}.mp4,,,movie,imdb://tt0417433,,unmatched,Annapolis
ambiguous movie title match,0,F:\MediaStack\data\media\movies\Annie (1982)\Annie (1982) [Bluray-1080p] {imdb-tt0083564}.mkv,,,movie,imdb://tt0083564,,unmatched,Annie
ambiguous movie title match,0,F:\MediaStack\data\media\movies\Annie (2014)\Annie (2014) [Bluray-1080p] {imdb-tt1823664}.mp4,,,movie,imdb://tt1823664,,unmatched,Annie
no movie match,0,F:\MediaStack\data\media\movies\Ant-Man (2015)\Ant-Man (2015) [Bluray-1080p] {imdb-tt0478970}.mkv,,,movie,imdb://tt0478970,,unmatched,Ant-Man
no movie match,0,F:\MediaStack\data\media\movies\Ant-Man and the Wasp (2018)\Ant-Man and the Wasp (2018) [Bluray-1080p] {imdb-tt5095030}.mp4,,,movie,imdb://tt5095030,,unmatched,Ant-Man and the Wasp
no movie match,0,F:\MediaStack\data\media\movies\Ant-Man and the Wasp - Quantumania (2023)\Ant-Man and the Wasp Quantumania (2023) [Bluray-1080p] {imdb-tt10954600}.mkv,,,movie,imdb://tt10954600,,unmatched,Ant-Man and the Wasp: Quantumania
no movie match,0,F:\MediaStack\data\media\movies\Antz (1998)\Antz (1998) [Bluray-1080p] {imdb-tt0120587}.mp4,,,movie,imdb://tt0120587,,unmatched,Antz
no movie match,0,F:\MediaStack\data\media\movies\Any Given Sunday (1999)\Any Given Sunday (1999) [WEBDL-1080p] {imdb-tt0146838}.mkv,,,movie,imdb://tt0146838,,unmatched,Any Given Sunday
no movie match,0,F:\MediaStack\data\media\movies\The Apartment (1960)\The Apartment (1960) [Bluray-1080p] {imdb-tt0053604}.mkv,,,movie,imdb://tt0053604,,unmatched,The Apartment
no movie match,0,F:\MediaStack\data\media\movies\All the King's Men (2006)\All the Kings Men (2006) [Bluray-1080p] {imdb-tt0405676}.mp4,,,movie,imdb://tt0405676,,unmatched,All the King's Men
no movie match,0,F:\MediaStack\data\media\movies\All the President's Men (1976)\All the Presidents Men (1976) [Bluray-1080p] {imdb-tt0074119}.mp4,,,movie,imdb://tt0074119,,unmatched,All the President's Men
no movie match,0,F:\MediaStack\data\media\movies\All the Right Moves (1983)\All the Right Moves (1983) [Bluray-1080p] {imdb-tt0085154}.mp4,,,movie,imdb://tt0085154,,unmatched,All the Right Moves
no movie match,0,F:\MediaStack\data\media\movies\Alvin and the Chipmunks (2007)\Alvin and the Chipmunks (2007) [Bluray-1080p] {imdb-tt0952640}.mp4,,,movie,imdb://tt0952640,,unmatched,Alvin and the Chipmunks
no movie match,0,F:\MediaStack\data\media\movies\Alvin and the Chipmunks - The Squeakquel (2009)\Alvin and the Chipmunks The Squeakquel (2009) [Bluray-1080p] {imdb-tt1231580}.mp4,,,movie,imdb://tt1231580,,unmatched,Alvin and the Chipmunks: The Squeakquel
no movie match,0,F:\MediaStack\data\media\movies\Always (1989)\Always (1989) [Bluray-1080p] {imdb-tt0096794}.mp4,,,movie,imdb://tt0096794,,unmatched,Always
no movie match,0,F:\MediaStack\data\media\movies\Amadeus (1984)\Amadeus (1984) [Bluray-1080p] {imdb-tt0086879}.mkv,,,movie,imdb://tt0086879,,unmatched,Amadeus
no movie match,0,F:\MediaStack\data\media\movies\Amélie (2001)\Amelie (2001) [Bluray-1080p] {imdb-tt0211915}.mkv,,,movie,imdb://tt0211915,,unmatched,Amélie
no movie match,0,F:\MediaStack\data\media\movies\America's Sweethearts (2001)\Americas Sweethearts (2001) [Bluray-1080p] {imdb-tt0265029}.mkv,,,movie,imdb://tt0265029,,unmatched,America's Sweethearts
no movie match,0,F:\MediaStack\data\media\movies\The American President (1995)\The American President (1995) [Bluray-1080p] {imdb-tt0112346}.mkv,,,movie,imdb://tt0112346,,unmatched,The American President
no movie match,0,F:\MediaStack\data\media\movies\American Sniper (2014)\American Sniper (2014) [Bluray-1080p] {imdb-tt2179136}.mp4,,,movie,imdb://tt2179136,,unmatched,American Sniper
no movie match,0,F:\MediaStack\data\media\movies\An American Tail (1986)\An American Tail (1986) [Bluray-1080p] {imdb-tt0090633}.mp4,,,movie,imdb://tt0090633,,unmatched,An American Tail
no movie match,0,F:\MediaStack\data\media\movies\An American Tail - Fievel Goes West (1991)\An American Tail Fievel Goes West (1991) [Bluray-1080p] {imdb-tt0101329}.mkv,,,movie,imdb://tt0101329,,unmatched,An American Tail: Fievel Goes West
no movie match,0,F:\MediaStack\data\media\movies\An American Tail - The Mystery of the Night Monster (1999)\An American Tail The Mystery of the Night Monster (1999) [WEBDL-1080p] {imdb-tt0197230}.mkv,,,movie,imdb://tt0197230,,unmatched,An American Tail: The Mystery of the Night Monster
no movie match,0,F:\MediaStack\data\media\movies\Air Bud (1997)\Air Bud (1997) [WEBDL-1080p] {imdb-tt0118570}.mkv,,,movie,imdb://tt0118570,,unmatched,Air Bud
no movie match,0,F:\MediaStack\data\media\movies\Air Bud - Golden Receiver (1998)\Air Bud Golden Receiver (1998) [HDTV-720p] {imdb-tt0140796}.mp4,,,movie,imdb://tt0140796,,unmatched,Air Bud: Golden Receiver
no movie match,0,F:\MediaStack\data\media\movies\Air Bud - Spikes Back (2003)\Air Bud Spikes Back (2003) [WEBDL-1080p] {imdb-tt0337812}.mkv,,,movie,imdb://tt0337812,,unmatched,Air Bud: Spikes Back
no movie match,0,F:\MediaStack\data\media\movies\Air Bud - World Pup (2001)\Air Bud World Pup (2001) [WEBDL-1080p] {imdb-tt0161220}.mkv,,,movie,imdb://tt0161220,,unmatched,Air Bud: World Pup
no movie match,0,F:\MediaStack\data\media\movies\Air Force One (1997)\Air Force One (1997) [Bluray-1080p] {imdb-tt0118571}.mp4,,,movie,imdb://tt0118571,,unmatched,Air Force One
no movie match,0,F:\MediaStack\data\media\movies\Aladdin (1992)\Aladdin (1992) [Bluray-1080p Proper] {imdb-tt0103639}.mp4,,,movie,imdb://tt0103639,,unmatched,Aladdin
no movie match,0,F:\MediaStack\data\media\movies\Aladdin (2019)\Aladdin (2019) [Bluray-1080p] {imdb-tt6139732}.mkv,,,movie,imdb://tt6139732,,unmatched,Aladdin
no movie match,0,F:\MediaStack\data\media\movies\Alaska (1996)\Alaska (1996) [DVD] {imdb-tt0115493}.avi,,,movie,imdb://tt0115493,,unmatched,Alaska
no movie match,0,F:\MediaStack\data\media\movies\Alex Cross (2012)\Alex Cross (2012) [Bluray-1080p] {imdb-tt1712170}.mp4,,,movie,imdb://tt1712170,,unmatched,Alex Cross
no movie match,0,F:\MediaStack\data\media\movies\Alexander (2004)\Alexander (2004) [Bluray-1080p] {imdb-tt0346491}.mkv,,,movie,imdb://tt0346491,,unmatched,Alexander
no movie match,0,"F:\MediaStack\data\media\movies\Alexander and the Terrible, Horrible, No Good, Very Bad Day (2014)\Alexander and the Terrible Horrible No Good Very Bad Day (2014) [Bluray-1080p] {imdb-tt1698641}.mkv",,,movie,imdb://tt1698641,,unmatched,"Alexander and the Terrible, Horrible, No Good, Very Bad Day"
no movie match,0,F:\MediaStack\data\media\movies\Alice in Wonderland (1951)\Alice in Wonderland (1951) [Bluray-1080p] {imdb-tt0043274}.mkv,,,movie,imdb://tt0043274,,unmatched,Alice in Wonderland
no movie match,0,F:\MediaStack\data\media\movies\Alice in Wonderland (2010)\Alice in Wonderland (2010) [Bluray-1080p] {imdb-tt1014759}.mp4,,,movie,imdb://tt1014759,,unmatched,Alice in Wonderland
no movie match,0,F:\MediaStack\data\media\movies\Alien (1979)\Alien (1979) [Bluray-1080p] {imdb-tt0078748}.mp4,,,movie,imdb://tt0078748,,unmatched,Alien
no movie match,0,F:\MediaStack\data\media\movies\AVP - Alien vs. Predator (2004)\AVP Alien vs. Predator (2004) [Bluray-1080p] {imdb-tt0370263}.mkv,,,movie,imdb://tt0370263,,unmatched,Alien vs. Predator
no movie match,0,F:\MediaStack\data\media\movies\Alien - Covenant (2017)\Alien Covenant (2017) [Bluray-1080p] {imdb-tt2316204}.mkv,,,movie,imdb://tt2316204,,unmatched,Alien: Covenant
no movie match,0,F:\MediaStack\data\media\movies\Alien Resurrection (1997)\Alien Resurrection (1997) [Bluray-1080p] {imdb-tt0118583}.mkv,,,movie,imdb://tt0118583,,unmatched,Alien: Resurrection
no movie match,0,F:\MediaStack\data\media\movies\Alien - Romulus (2024)\Alien Romulus (2024) [Bluray-1080p] {imdb-tt18412256}.mkv,,,movie,imdb://tt18412256,,unmatched,Alien: Romulus
no movie match,0,F:\MediaStack\data\media\movies\Alien³ (1992)\Alien³ (1992) [Bluray-1080p] {imdb-tt0103644}.mp4,,,movie,imdb://tt0103644,,unmatched,Alien³
no movie match,0,F:\MediaStack\data\media\movies\Aliens (1986)\Aliens (1986) [Bluray-1080p] {imdb-tt0090605}.mp4,,,movie,imdb://tt0090605,,unmatched,Aliens
no movie match,0,F:\MediaStack\data\media\movies\Aliens in the Attic (2009)\Aliens in the Attic (2009) [Bluray-1080p] {imdb-tt0775552}.mp4,,,movie,imdb://tt0775552,,unmatched,Aliens in the Attic
no movie match,0,F:\MediaStack\data\media\movies\All About Eve (1950)\All About Eve (1950) [Bluray-1080p] {imdb-tt0042192}.mkv,,,movie,imdb://tt0042192,,unmatched,All About Eve
no movie match,0,F:\MediaStack\data\media\movies\All Dogs Go to Heaven 2 (1996)\All Dogs Go to Heaven 2 (1996) [Bluray-1080p] {imdb-tt0115509}.mkv,,,movie,imdb://tt0115509,,unmatched,All Dogs Go to Heaven 2
no movie match,0,F:\MediaStack\data\media\movies\All Is Lost (2013)\All Is Lost (2013) [Bluray-1080p] {imdb-tt2017038}.mkv,,,movie,imdb://tt2017038,,unmatched,All Is Lost
no movie match,0,F:\MediaStack\data\media\movies\A.I. Artificial Intelligence (2001)\A.I. Artificial Intelligence (2001) [Bluray-1080p] {imdb-tt0212720}.mkv,,,movie,imdb://tt0212720,,unmatched,A.I. Artificial Intelligence
no movie match,0,F:\MediaStack\data\media\movies\Ace Ventura - Pet Detective (1994)\Ace Ventura Pet Detective (1994) [Bluray-1080p] {imdb-tt0109040}.mkv,,,movie,imdb://tt0109040,,unmatched,Ace Ventura: Pet Detective
no movie match,0,F:\MediaStack\data\media\movies\Across the Universe (2007)\Across The Universe (2007) [Bluray-1080P] {Imdb-Tt0445922}.Clean.mp4,,,movie,local://25179,,unmatched,Across the Universe
no movie match,0,F:\MediaStack\data\media\movies\The Adventures of Huck Finn (1993)\The Adventures of Huck Finn (1993) [WEBDL-1080p] {imdb-tt0106223}.mkv,,,movie,imdb://tt0106223,,unmatched,The Adventures of Huck Finn
no movie match,0,F:\MediaStack\data\media\movies\The Adventures of Milo and Otis (1986)\The Adventures of Milo and Otis (1986) [Bluray-1080p] {imdb-tt0097050}.mkv,,,movie,imdb://tt0097050,,unmatched,The Adventures of Milo and Otis
no movie match,0,F:\MediaStack\data\media\movies\The Adventures of Sharkboy and Lavagirl (2005)\The Adventures of Sharkboy and Lavagirl (2005) [Bluray-1080p] {imdb-tt0424774}.mkv,,,movie,imdb://tt0424774,,unmatched,The Adventures of Sharkboy and Lavagirl 3-D
no movie match,0,F:\MediaStack\data\media\movies\The Adventures of Tintin (2011)\The Adventures of Tintin (2011) [Bluray-1080p] {imdb-tt0983193}.mkv,,,movie,imdb://tt0983193,,unmatched,The Adventures of Tintin
no movie match,0,F:\MediaStack\data\media\movies\Æon Flux (2005)\AEon Flux (2005) [WEBDL-1080p] {imdb-tt0402022}.mkv,,,movie,imdb://tt0402022,,unmatched,Aeon Flux
no movie match,0,F:\MediaStack\data\media\movies\An Affair to Remember (1957)\An Affair to Remember (1957) [Bluray-1080p] {imdb-tt0050105}.mp4,,,movie,imdb://tt0050105,,unmatched,An Affair to Remember
no movie match,0,F:\MediaStack\data\media\movies\After the Sunset (2004)\After the Sunset (2004) [Bluray-1080p] {imdb-tt0367479}.mp4,,,movie,imdb://tt0367479,,unmatched,After the Sunset
no movie match,0,F:\MediaStack\data\media\movies\The Age of Innocence (1993)\The Age of Innocence (1993) [Bluray-1080p] {imdb-tt0106226}.mkv,,,movie,imdb://tt0106226,,unmatched,The Age of Innocence
no movie match,0,F:\MediaStack\data\media\movies\Agent Cody Banks (2003)\Agent Cody Banks (2003) [DVD] {imdb-tt0313911}.mkv,,,movie,imdb://tt0313911,,unmatched,Agent Cody Banks
no movie match,0,F:\MediaStack\data\media\movies\Agent Cody Banks 2 - Destination London (2004)\Agent Cody Banks 2 Destination London (2004) [Bluray-1080p] {imdb-tt0358349}.mp4,,,movie,imdb://tt0358349,,unmatched,Agent Cody Banks 2: Destination London
ambiguous movie title match,0,F:\MediaStack\data\media\movies\Air (2023)\Air (2023) [Bluray-1080p] {imdb-tt16419074}.mkv,,,movie,imdb://tt16419074,,unmatched,Air
no movie match,0,F:\MediaStack\data\media\movies\12 Years a Slave (2013)\12 Years a Slave (2013) [Bluray-1080p] {imdb-tt2024544}.mkv,,,movie,imdb://tt2024544,,unmatched,12 Years a Slave
no movie match,0,F:\MediaStack\data\media\movies\12th Fail (2023)\12th Fail (2023) [WEBRip-1080p] {imdb-tt23849204}.mp4,,,movie,imdb://tt23849204,,unmatched,12th Fail
no movie match,0,F:\MediaStack\data\media\movies\13 Hours - The Secret Soldiers of Benghazi (2016)\13 Hours The Secret Soldiers of Benghazi (2016) [Bluray-1080p] {imdb-tt4172430}.mkv,,,movie,imdb://tt4172430,,unmatched,13 Hours
no movie match,0,F:\MediaStack\data\media\movies\The 13th Warrior (1999)\The 13th Warrior (1999) [Bluray-1080p] {imdb-tt0120657}.mkv,,,movie,imdb://tt0120657,,unmatched,The 13th Warrior
no movie match,0,F:\MediaStack\data\media\movies\The 15-17 to Paris (2018)\The 15-17 to Paris (2018) [WEBDL-1080p] {imdb-tt6802308}.mkv,,,movie,imdb://tt6802308,,unmatched,The 15:17 to Paris
no movie match,0,F:\MediaStack\data\media\movies\17 Again (2009)\17 Again (2009) [Bluray-1080p] {imdb-tt0974661}.mp4,,,movie,imdb://tt0974661,,unmatched,17 Again
no movie match,0,F:\MediaStack\data\media\movies\17 Miracles (2011)\17 Miracles (2011) [Bluray-1080p] {imdb-tt1909270}.mp4,,,movie,imdb://tt1909270,,unmatched,17 Miracles
no movie match,0,F:\MediaStack\data\media\movies\27 Dresses (2008)\27 Dresses (2008) [WEBDL-1080p] {imdb-tt0988595}.mkv,,,movie,imdb://tt0988595,,unmatched,27 Dresses
no movie match,0,F:\MediaStack\data\media\movies\The 33 (2015)\The 33 (2015) [Bluray-1080p] {imdb-tt2006295}.mp4,,,movie,imdb://tt2006295,,unmatched,The 33
no movie match,0,F:\MediaStack\data\media\movies\42 (2013)\42 (2013) [Bluray-1080p] {imdb-tt0453562}.mp4,,,movie,imdb://tt0453562,,unmatched,42
no movie match,0,F:\MediaStack\data\media\movies\101 Dalmatians (1996)\101 Dalmatians (1996) [WEBDL-1080p] {imdb-tt0115433}.mkv,,,movie,imdb://tt0115433,,unmatched,101 Dalmatians
no movie match,0,F:\MediaStack\data\media\movies\101 Dalmatians II - Patch's London Adventure (2003)\101 Dalmatians II Patchs London Adventure (2003) [Bluray-1080p] {imdb-tt0324941}.mkv,,,movie,imdb://tt0324941,,unmatched,101 Dalmatians 2: Patch's London Adventure
no movie match,0,F:\MediaStack\data\media\movies\102 Dalmatians (2000)\102 Dalmatians (2000) [WEBDL-1080p] {imdb-tt0211181}.mkv,,,movie,imdb://tt0211181,,unmatched,102 Dalmatians
no movie match,0,F:\MediaStack\data\media\movies\127 Hours (2010)\127 Hours (2010) [Bluray-1080p] {imdb-tt1542344}.mkv,,,movie,imdb://tt1542344,,unmatched,127 Hours
no movie match,0,F:\MediaStack\data\media\movies\(500) Days of Summer (2009)\500 Days of Summer (2009) [Bluray-1080p] {imdb-tt1022603}.mkv,,,movie,imdb://tt1022603,,unmatched,500 Days of Summer
no movie match,0,F:\MediaStack\data\media\movies\2001 - A Space Odyssey (1968)\2001 A Space Odyssey (1968) [Bluray-1080p] {imdb-tt0062622}.mkv,,,movie,imdb://tt0062622,,unmatched,2001: A Space Odyssey
no movie match,0,F:\MediaStack\data\media\movies\3 Idiots (2009)\3 Idiots (2009) [Bluray-1080p] {imdb-tt1187043}.mp4,,,movie,imdb://tt1187043,,unmatched,3 Idiots
no movie match,0,F:\MediaStack\data\media\movies\8 Seconds (1994)\8 Seconds (1994) [WEBDL-1080p] {imdb-tt0109021}.mkv,,,movie,imdb://tt0109021,,unmatched,8 Seconds
no movie match,0,F:\MediaStack\data\media\movies\8-Bit Christmas (2021)\8-Bit Christmas (2021) [WEBDL-1080p] {imdb-tt11540284}.mkv,,,movie,imdb://tt11540284,,unmatched,8-Bit Christmas
no movie match,0,F:\MediaStack\data\media\movies\9 (2009)\9 (2009) [Bluray-1080p] {imdb-tt0472033}.mp4,,,movie,imdb://tt0472033,,unmatched,9
no movie match,0,F:\MediaStack\data\media\movies\10 Things I Hate About You (1999)\10 Things I Hate About You (1999) [Bluray-1080p] {imdb-tt0147800}.mp4,,,movie,imdb://tt0147800,,unmatched,10 Things I Hate About You
no movie match,0,"F:\MediaStack\data\media\movies\10,000 BC (2008)\10,000 BC (2008) [Bluray-1080p] {imdb-tt0443649}.mkv",,,movie,imdb://tt0443649,,unmatched,"10,000 BC"
no movie match,0,F:\MediaStack\data\media\movies\12 Angry Men (1957)\12 Angry Men (1957) [Bluray-1080p] {imdb-tt0050083}.mkv,,,movie,imdb://tt0050083,,unmatched,12 Angry Men
media directory does not exist,0,F:\MediaStack\data\media\tv\Hunter x Hunter (2011)\Season 03\Hunter x Hunter (2011) - S03E09 - Defeat x And x Reunion.mkv,,,episode,local://23431,,skipped,Hunter x Hunter – Season 3 – Episode 9
media directory does not exist,0,F:\MediaStack\data\media\tv\Hunter x Hunter (2011)\Season 03\Hunter x Hunter (2011) - S03E10 - Chairman x And x Release.mkv,,,episode,local://23432,,skipped,Hunter x Hunter – Season 3 – Episode 10
media directory does not exist,0,F:\MediaStack\data\media\tv\Hunter x Hunter (2011)\Season 03\Hunter x Hunter (2011) - S03E11 - Salvation x And x Future.mkv,,,episode,local://23433,,skipped,Hunter x Hunter – Season 3 – Episode 11
media directory does not exist,0,F:\MediaStack\data\media\tv\Hunter x Hunter (2011)\Season 03\Hunter x Hunter (2011) - S03E12 - Past x And x Future.mkv,,,episode,local://23434,,skipped,Hunter x Hunter – Season 3 – Episode 12
media directory does not exist,0,F:\MediaStack\data\media\tv\Hunter x Hunter (2011)\Season 02\Hunter x Hunter (2011) - S02E66 - Breakdown x And x Awakening.mkv,,,episode,imdb://tt3055178,,skipped,Hunter x Hunter – Season 2 – Strategy x And x Scheme
media directory does not exist,0,F:\MediaStack\data\media\tv\Hunter x Hunter (2011)\Season 02\Hunter x Hunter (2011) - S02E67 - Great Power x And x Ultimate Power.mkv,,,episode,imdb://tt3055180,,skipped,Hunter x Hunter – Season 2 – 15 x 15
media directory does not exist,0,F:\MediaStack\data\media\tv\Hunter x Hunter (2011)\Season 02\Hunter x Hunter (2011) - S02E68 - Zero x And x Rose.mkv,,,episode,imdb://tt3055174,,skipped,Hunter x Hunter – Season 2 – Pirates x And x Guesses
media directory does not exist,0,F:\MediaStack\data\media\tv\Hunter x Hunter (2011)\Season 02\Hunter x Hunter (2011) - S02E69 - Hostility x And x Determination.mkv,,,episode,imdb://tt3055184,,skipped,Hunter x Hunter – Season 2 – A x Heated x Showdown
media directory does not exist,0,F:\MediaStack\data\media\tv\Hunter x Hunter (2011)\Season 02\Hunter x Hunter (2011) - S02E70 - Unparalleled Joy x And x Unconditional Love.mkv,,,episode,imdb://tt3055176,,skipped,Hunter x Hunter – Season 2 – Guts x And x Courage
media directory does not exist,0,F:\MediaStack\data\media\tv\Hunter x Hunter (2011)\Season 02\Hunter x Hunter (2011) - S02E71 - Formidable Enemy x And x Clear Objective.mkv,,,episode,imdb://tt3055182,,skipped,Hunter x Hunter – Season 2 – Bargain x And x Deal
media directory does not exist,0,F:\MediaStack\data\media\tv\Hunter x Hunter (2011)\Season 02\Hunter x Hunter (2011) - S02E72 - Magic x to x Destroy.mkv,,,episode,imdb://tt3055186,,skipped,Hunter x Hunter – Season 2 – Chase x And x Chance
media directory does not exist,0,F:\MediaStack\data\media\tv\Hunter x Hunter (2011)\Season 02\Hunter x Hunter (2011) - S02E73 - Anger x And x Light.mkv,,,episode,imdb://tt3055190,,skipped,Hunter x Hunter – Season 2 – Insanity x And x Sanity
media directory does not exist,0,F:\MediaStack\data\media\tv\Hunter x Hunter (2011)\Season 02\Hunter x Hunter (2011) - S02E74 - Flash x And x Start.mkv,,,episode,imdb://tt3055194,,skipped,Hunter x Hunter – Season 2 – Victor x And x Loser
media directory does not exist,0,F:\MediaStack\data\media\tv\Hunter x Hunter (2011)\Season 02\Hunter x Hunter (2011) - S02E75 - Deadline x To x Live.mkv,,,episode,imdb://tt3055192,,skipped,Hunter x Hunter – Season 2 – Ging's Friends x And x True Friends
media directory does not exist,0,F:\MediaStack\data\media\tv\Hunter x Hunter (2011)\Season 02\Hunter x Hunter (2011) - S02E76 - The Word x Is x You.mkv,,,episode,imdb://tt2919438,,skipped,Hunter x Hunter – Season 2 – Reunion x And x Understanding
media directory does not exist,0,F:\MediaStack\data\media\tv\Hunter x Hunter (2011)\Season 02\Hunter x Hunter (2011) - S02E77 - This Person x And x This Moment.mkv,,,episode,imdb://tt3055198,,skipped,Hunter x Hunter – Season 2 – Unease x And x Sighting
media directory does not exist,0,F:\MediaStack\data\media\tv\Hunter x Hunter (2011)\Season 02\Hunter x Hunter (2011) - S02E78 - Homecoming x And x True Name.mkv,,,episode,imdb://tt3055200,,skipped,Hunter x Hunter – Season 2 – Very x Rapid x Reproduction
media directory does not exist,0,F:\MediaStack\data\media\tv\Hunter x Hunter (2011)\Season 03\Hunter x Hunter (2011) - S03E01 - Debate x Among x Zodiacs.mkv,,,episode,local://23423,,skipped,Hunter x Hunter – Season 3 – Episode 1
media directory does not exist,0,F:\MediaStack\data\media\tv\Hunter x Hunter (2011)\Season 03\Hunter x Hunter (2011) - S03E02 - Request x And x Wish.mkv,,,episode,local://23424,,skipped,Hunter x Hunter – Season 3 – Episode 2
media directory does not exist,0,F:\MediaStack\data\media\tv\Hunter x Hunter (2011)\Season 03\Hunter x Hunter (2011) - S03E03 - Alluka x And x Something.mkv,,,episode,local://23425,,skipped,Hunter x Hunter – Season 3 – Episode 3
media directory does not exist,0,F:\MediaStack\data\media\tv\Hunter x Hunter (2011)\Season 03\Hunter x Hunter (2011) - S03E04 - Joining the Fray x And x Open Hostilities.mkv,,,episode,local://23426,,skipped,Hunter x Hunter – Season 3 – Episode 4
media directory does not exist,0,F:\MediaStack\data\media\tv\Hunter x Hunter (2011)\Season 03\Hunter x Hunter (2011) - S03E05 - Magician x And x Butler.mkv,,,episode,local://23427,,skipped,Hunter x Hunter – Season 3 – Episode 5
media directory does not exist,0,F:\MediaStack\data\media\tv\Hunter x Hunter (2011)\Season 03\Hunter x Hunter (2011) - S03E06 - Needles x And x Debt.mkv,,,episode,local://23428,,skipped,Hunter x Hunter – Season 3 – Episode 6
media directory does not exist,0,F:\MediaStack\data\media\tv\Hunter x Hunter (2011)\Season 03\Hunter x Hunter (2011) - S03E07 - Sin x And x Claw.mkv,,,episode,local://23429,,skipped,Hunter x Hunter – Season 3 – Episode 7
media directory does not exist,0,F:\MediaStack\data\media\tv\Hunter x Hunter (2011)\Season 03\Hunter x Hunter (2011) - S03E08 - Approval x And x Coalition.mkv,,,episode,local://23430,,skipped,Hunter x Hunter – Season 3 – Episode 8
media directory does not exist,0,F:\MediaStack\data\media\tv\Hunter x Hunter (2011)\Season 02\Hunter x Hunter (2011) - S02E39 - Carnage x And x Devastation.mkv,,,episode,local://23381,,skipped,Hunter x Hunter – Season 2 – Episode 39
media directory does not exist,0,F:\MediaStack\data\media\tv\Hunter x Hunter (2011)\Season 02\Hunter x Hunter (2011) - S02E40 - Infiltration x And x Selection.mkv,,,episode,local://23382,,skipped,Hunter x Hunter – Season 2 – Episode 40
media directory does not exist,0,F:\MediaStack\data\media\tv\Hunter x Hunter (2011)\Season 02\Hunter x Hunter (2011) - S02E41 - Combination x And x Evolution.mkv,,,episode,local://23383,,skipped,Hunter x Hunter – Season 2 – Episode 41
media directory does not exist,0,F:\MediaStack\data\media\tv\Hunter x Hunter (2011)\Season 02\Hunter x Hunter (2011) - S02E42 - Tracking x And x Pursuit.mkv,,,episode,local://23384,,skipped,Hunter x Hunter – Season 2 – Episode 42
media directory does not exist,0,F:\MediaStack\data\media\tv\Hunter x Hunter (2011)\Season 02\Hunter x Hunter (2011) - S02E43 - Ikalgo x And x Lightning.mkv,,,episode,local://23385,,skipped,Hunter x Hunter – Season 2 – Episode 43
media directory does not exist,0,F:\MediaStack\data\media\tv\Hunter x Hunter (2011)\Season 02\Hunter x Hunter (2011) - S02E44 - Power x And x Games.mkv,,,episode,local://23386,,skipped,Hunter x Hunter – Season 2 – Episode 44
media directory does not exist,0,F:\MediaStack\data\media\tv\Hunter x Hunter (2011)\Season 02\Hunter x Hunter (2011) - S02E45 - Check x And x Mate.mkv,,,episode,local://23387,,skipped,Hunter x Hunter – Season 2 – Episode 45
media directory does not exist,0,F:\MediaStack\data\media\tv\Hunter x Hunter (2011)\Season 02\Hunter x Hunter (2011) - S02E46 - Doubt x And x Hesitation.mkv,,,episode,local://23388,,skipped,Hunter x Hunter – Season 2 – Episode 46
media directory does not exist,0,F:\MediaStack\data\media\tv\Hunter x Hunter (2011)\Season 02\Hunter x Hunter (2011) - S02E47 - Resolve x And x Awakening.mkv,,,episode,local://23389,,skipped,Hunter x Hunter – Season 2 – Episode 47
media directory does not exist,0,F:\MediaStack\data\media\tv\Hunter x Hunter (2011)\Season 02\Hunter x Hunter (2011) - S02E48 - Knov x And x Morel.mkv,,,episode,local://23390,,skipped,Hunter x Hunter – Season 2 – Episode 48
media directory does not exist,0,F:\MediaStack\data\media\tv\Hunter x Hunter (2011)\Season 02\Hunter x Hunter (2011) - S02E49 - Return x And x Retire.mkv,,,episode,local://23391,,skipped,Hunter x Hunter – Season 2 – Episode 49
media directory does not exist,0,F:\MediaStack\data\media\tv\Hunter x Hunter (2011)\Season 02\Hunter x Hunter (2011) - S02E50 - Gungi x Of x Komugi.mkv,,,episode,local://23392,,skipped,Hunter x Hunter – Season 2 – Episode 50
media directory does not exist,0,F:\MediaStack\data\media\tv\Hunter x Hunter (2011)\Season 02\Hunter x Hunter (2011) - S02E51 - Taking Stock x And x Taking Action.mkv,,,episode,local://23393,,skipped,Hunter x Hunter – Season 2 – Episode 51
media directory does not exist,0,F:\MediaStack\data\media\tv\Hunter x Hunter (2011)\Season 02\Hunter x Hunter (2011) - S02E52 - Confusion x And x Expectation.mkv,,,episode,local://23394,,skipped,Hunter x Hunter – Season 2 – Episode 52
media directory does not exist,0,F:\MediaStack\data\media\tv\Hunter x Hunter (2011)\Season 02\Hunter x Hunter (2011) - S02E53 - Charge x And x Invade.mkv,,,episode,local://23395,,skipped,Hunter x Hunter – Season 2 – Episode 53
media directory does not exist,0,F:\MediaStack\data\media\tv\Hunter x Hunter (2011)\Season 02\Hunter x Hunter (2011) - S02E54 - Monster x And x Monster.mkv,,,episode,local://23396,,skipped,Hunter x Hunter – Season 2 – Episode 54
media directory does not exist,0,F:\MediaStack\data\media\tv\Hunter x Hunter (2011)\Season 02\Hunter x Hunter (2011) - S02E55 - An x Indebted x Insect.mkv,,,episode,local://23397,,skipped,Hunter x Hunter – Season 2 – Episode 55
media directory does not exist,0,F:\MediaStack\data\media\tv\Hunter x Hunter (2011)\Season 02\Hunter x Hunter (2011) - S02E56 - Divide x And x Conquer.mkv,,,episode,local://23398,,skipped,Hunter x Hunter – Season 2 – Episode 56
media directory does not exist,0,F:\MediaStack\data\media\tv\Hunter x Hunter (2011)\Season 02\Hunter x Hunter (2011) - S02E57 - Duty x and x Question.mkv,,,episode,local://23399,,skipped,Hunter x Hunter – Season 2 – Episode 57
media directory does not exist,0,F:\MediaStack\data\media\tv\Hunter x Hunter (2011)\Season 02\Hunter x Hunter (2011) - S02E58 - Revenge x And x Recovery.mkv,,,episode,local://23400,,skipped,Hunter x Hunter – Season 2 – Episode 58
media directory does not exist,0,F:\MediaStack\data\media\tv\Hunter x Hunter (2011)\Season 02\Hunter x Hunter (2011) - S02E59 - Insult x And x Payback.mkv,,,episode,local://23401,,skipped,Hunter x Hunter – Season 2 – Episode 59
media directory does not exist,0,F:\MediaStack\data\media\tv\Hunter x Hunter (2011)\Season 02\Hunter x Hunter (2011) - S02E60 - A x False x Rage.mkv,,,episode,local://23403,,skipped,Hunter x Hunter – Season 2 – Episode 60
media directory does not exist,0,F:\MediaStack\data\media\tv\Hunter x Hunter (2011)\Season 02\Hunter x Hunter (2011) - S02E61 - Strong x Or x Weak.mkv,,,episode,local://23404,,skipped,Hunter x Hunter – Season 2 – Episode 61
media directory does not exist,0,F:\MediaStack\data\media\tv\Hunter x Hunter (2011)\Season 02\Hunter x Hunter (2011) - S02E62 - Fake x And x Real.mkv,,,episode,local://23405,,skipped,Hunter x Hunter – Season 2 – Episode 62
media directory does not exist,0,F:\MediaStack\data\media\tv\Hunter x Hunter (2011)\Season 02\Hunter x Hunter (2011) - S02E63 - Defeat x And x Dignity.mkv,,,episode,imdb://tt3055164,,skipped,Hunter x Hunter – Season 2 – A x Hard x Master?
media directory does not exist,0,F:\MediaStack\data\media\tv\Hunter x Hunter (2011)\Season 02\Hunter x Hunter (2011) - S02E64 - Pose x And x Name.mkv,,,episode,imdb://tt3055166,,skipped,Hunter x Hunter – Season 2 – Strengthen x And x Threaten
media directory does not exist,0,F:\MediaStack\data\media\tv\Hunter x Hunter (2011)\Season 02\Hunter x Hunter (2011) - S02E65 - Centipede x And x Memory.mkv,,,episode,imdb://tt3055170,,skipped,"Hunter x Hunter – Season 2 – Evil Fist x And x Rock, Paper, Scissors"
media directory does not exist,0,F:\MediaStack\data\media\tv\Hunter x Hunter (2011)\Season 02\Hunter x Hunter (2011) - S02E10 - Pirates x And x Guesses.mkv,,,episode,local://23352,,skipped,Hunter x Hunter – Season 2 – Episode 10
media directory does not exist,0,F:\MediaStack\data\media\tv\Hunter x Hunter (2011)\Season 02\Hunter x Hunter (2011) - S02E11 - A x Heated x Showdown.mkv,,,episode,local://23353,,skipped,Hunter x Hunter – Season 2 – Episode 11
media directory does not exist,0,F:\MediaStack\data\media\tv\Hunter x Hunter (2011)\Season 02\Hunter x Hunter (2011) - S02E12 - Guts x And x Courage.mkv,,,episode,local://23354,,skipped,Hunter x Hunter – Season 2 – Episode 12
media directory does not exist,0,F:\MediaStack\data\media\tv\Hunter x Hunter (2011)\Season 02\Hunter x Hunter (2011) - S02E13 - Bargain x And x Deal.mkv,,,episode,local://23355,,skipped,Hunter x Hunter – Season 2 – Episode 13
media directory does not exist,0,F:\MediaStack\data\media\tv\Hunter x Hunter (2011)\Season 02\Hunter x Hunter (2011) - S02E14 - Chase x And x Chance.mkv,,,episode,local://23356,,skipped,Hunter x Hunter – Season 2 – Episode 14
media directory does not exist,0,F:\MediaStack\data\media\tv\Hunter x Hunter (2011)\Season 02\Hunter x Hunter (2011) - S02E15 - Insanity x And x Sanity.mkv,,,episode,local://23357,,skipped,Hunter x Hunter – Season 2 – Episode 15
media directory does not exist,0,F:\MediaStack\data\media\tv\Hunter x Hunter (2011)\Season 02\Hunter x Hunter (2011) - S02E16 - Victor x And x Loser.mkv,,,episode,local://23358,,skipped,Hunter x Hunter – Season 2 – Episode 16
media directory does not exist,0,F:\MediaStack\data\media\tv\Hunter x Hunter (2011)\Season 02\Hunter x Hunter (2011) - S02E17 - Ging's Friends x And x True Friends.mkv,,,episode,local://23359,,skipped,Hunter x Hunter – Season 2 – Episode 17
media directory does not exist,0,F:\MediaStack\data\media\tv\Hunter x Hunter (2011)\Season 02\Hunter x Hunter (2011) - S02E18 - Reunion x And x Understanding.mkv,,,episode,local://23360,,skipped,Hunter x Hunter – Season 2 – Episode 18
media directory does not exist,0,F:\MediaStack\data\media\tv\Hunter x Hunter (2011)\Season 02\Hunter x Hunter (2011) - S02E19 - Unease x And x Sighting.mkv,,,episode,local://23361,,skipped,Hunter x Hunter – Season 2 – Episode 19
media directory does not exist,0,F:\MediaStack\data\media\tv\Hunter x Hunter (2011)\Season 02\Hunter x Hunter (2011) - S02E20 - Very x Rapid x Reproduction.mkv,,,episode,local://23362,,skipped,Hunter x Hunter – Season 2 – Episode 20
media directory does not exist,0,F:\MediaStack\data\media\tv\Hunter x Hunter (2011)\Season 02\Hunter x Hunter (2011) - S02E21 - No x Good x NGL.mkv,,,episode,local://23363,,skipped,Hunter x Hunter – Season 2 – Episode 21
media directory does not exist,0,F:\MediaStack\data\media\tv\Hunter x Hunter (2011)\Season 02\Hunter x Hunter (2011) - S02E22 - Evil x And x Terrible.mkv,,,episode,local://23364,,skipped,Hunter x Hunter – Season 2 – Episode 22
media directory does not exist,0,F:\MediaStack\data\media\tv\Hunter x Hunter (2011)\Season 02\Hunter x Hunter (2011) - S02E23 - The x Fight x Begins.mkv,,,episode,local://23365,,skipped,Hunter x Hunter – Season 2 – Episode 23
media directory does not exist,0,F:\MediaStack\data\media\tv\Hunter x Hunter (2011)\Season 02\Hunter x Hunter (2011) - S02E24 - Kite x And x Slots.mkv,,,episode,local://23366,,skipped,Hunter x Hunter – Season 2 – Episode 24
media directory does not exist,0,F:\MediaStack\data\media\tv\Hunter x Hunter (2011)\Season 02\Hunter x Hunter (2011) - S02E25 - Inspiration x To x Evolve.mkv,,,episode,local://23367,,skipped,Hunter x Hunter – Season 2 – Episode 25
media directory does not exist,0,F:\MediaStack\data\media\tv\Hunter x Hunter (2011)\Season 02\Hunter x Hunter (2011) - S02E26 - A x Fated x Awakening.mkv,,,episode,local://23368,,skipped,Hunter x Hunter – Season 2 – Episode 26
media directory does not exist,0,F:\MediaStack\data\media\tv\Hunter x Hunter (2011)\Season 02\Hunter x Hunter (2011) - S02E27 - Light x And x Dark.mkv,,,episode,local://23369,,skipped,Hunter x Hunter – Season 2 – Episode 27
media directory does not exist,0,F:\MediaStack\data\media\tv\Hunter x Hunter (2011)\Season 02\Hunter x Hunter (2011) - S02E28 - Promise x And x Reunion.mkv,,,episode,local://23370,,skipped,Hunter x Hunter – Season 2 – Episode 28
media directory does not exist,0,F:\MediaStack\data\media\tv\Hunter x Hunter (2011)\Season 02\Hunter x Hunter (2011) - S02E29 - Duel x And x Escape.mkv,,,episode,local://23371,,skipped,Hunter x Hunter – Season 2 – Episode 29
media directory does not exist,0,"F:\MediaStack\data\media\tv\Hunter x Hunter (2011)\Season 02\Hunter x Hunter (2011) - S02E30 - Rock, Paper, Scissors x And x Weakness.mkv",,,episode,local://23372,,skipped,Hunter x Hunter – Season 2 – Episode 30
media directory does not exist,0,F:\MediaStack\data\media\tv\Hunter x Hunter (2011)\Season 02\Hunter x Hunter (2011) - S02E31 - Compassion x And x Strength.mkv,,,episode,local://23373,,skipped,Hunter x Hunter – Season 2 – Episode 31
media directory does not exist,0,F:\MediaStack\data\media\tv\Hunter x Hunter (2011)\Season 02\Hunter x Hunter (2011) - S02E32 - Interest x And x Curse.mkv,,,episode,local://23374,,skipped,Hunter x Hunter – Season 2 – Episode 32
media directory does not exist,0,F:\MediaStack\data\media\tv\Hunter x Hunter (2011)\Season 02\Hunter x Hunter (2011) - S02E33 - The Strong x And x The Weak.mkv,,,episode,local://23375,,skipped,Hunter x Hunter – Season 2 – Episode 33
media directory does not exist,0,F:\MediaStack\data\media\tv\Hunter x Hunter (2011)\Season 02\Hunter x Hunter (2011) - S02E34 - One Wish x And x Two Promises.mkv,,,episode,local://23376,,skipped,Hunter x Hunter – Season 2 – Episode 34
media directory does not exist,0,F:\MediaStack\data\media\tv\Hunter x Hunter (2011)\Season 02\Hunter x Hunter (2011) - S02E35 - Date x With x Palm.mkv,,,episode,local://23377,,skipped,Hunter x Hunter – Season 2 – Episode 35
media directory does not exist,0,F:\MediaStack\data\media\tv\Hunter x Hunter (2011)\Season 02\Hunter x Hunter (2011) - S02E36 - Friend x And x Journey.mkv,,,episode,local://23378,,skipped,Hunter x Hunter – Season 2 – Episode 36
media directory does not exist,0,F:\MediaStack\data\media\tv\Hunter x Hunter (2011)\Season 02\Hunter x Hunter (2011) - S02E37 - Grudge x And x Dread.mkv,,,episode,local://23379,,skipped,Hunter x Hunter – Season 2 – Episode 37
media directory does not exist,0,F:\MediaStack\data\media\tv\Hunter x Hunter (2011)\Season 02\Hunter x Hunter (2011) - S02E38 - A x Lawless x Home.mkv,,,episode,local://23380,,skipped,Hunter x Hunter – Season 2 – Episode 38
media directory does not exist,0,F:\MediaStack\data\media\tv\Hunter x Hunter (2011)\Season 01\Hunter x Hunter (2011) - S01E56 - Beloved x And x Beleaguered.mkv,,,episode,imdb://tt3055146,,skipped,Hunter x Hunter – Season 1 – Beloved x And x Beleaguered
media directory does not exist,0,F:\MediaStack\data\media\tv\Hunter x Hunter (2011)\Season 01\Hunter x Hunter (2011) - S01E57 - Initiative x And x Law.mkv,,,episode,imdb://tt3055150,,skipped,Hunter x Hunter – Season 1 – Initiative x And x Law
media directory does not exist,0,F:\MediaStack\data\media\tv\Hunter x Hunter (2011)\Season 01\Hunter x Hunter (2011) - S01E58 - Signal x To x Retreat.mkv,,,episode,imdb://tt3055152,,skipped,Hunter x Hunter – Season 1 – Signal x To x Retreat
media directory does not exist,0,F:\MediaStack\data\media\tv\Hunter x Hunter (2011)\Season 02\Hunter x Hunter (2011) - S02E01 - Bid x And x Haste.mkv,,,episode,local://23343,,skipped,Hunter x Hunter – Season 2 – Episode 1
media directory does not exist,0,F:\MediaStack\data\media\tv\Hunter x Hunter (2011)\Season 02\Hunter x Hunter (2011) - S02E02 - End x And x Beginning.mkv,,,episode,local://23344,,skipped,Hunter x Hunter – Season 2 – Episode 2
media directory does not exist,0,F:\MediaStack\data\media\tv\Hunter x Hunter (2011)\Season 02\Hunter x Hunter (2011) - S02E03 - Invitation x And x Friend.mkv,,,episode,local://23345,,skipped,Hunter x Hunter – Season 2 – Episode 3
media directory does not exist,0,F:\MediaStack\data\media\tv\Hunter x Hunter (2011)\Season 02\Hunter x Hunter (2011) - S02E04 - Reality x And x Raw.mkv,,,episode,local://23346,,skipped,Hunter x Hunter – Season 2 – Episode 4
media directory does not exist,0,F:\MediaStack\data\media\tv\Hunter x Hunter (2011)\Season 02\Hunter x Hunter (2011) - S02E05 - A x Hard x Master.mkv,,,episode,local://23347,,skipped,Hunter x Hunter – Season 2 – Episode 5
media directory does not exist,0,F:\MediaStack\data\media\tv\Hunter x Hunter (2011)\Season 02\Hunter x Hunter (2011) - S02E06 - Strengthen x And x Threaten.mkv,,,episode,local://23348,,skipped,Hunter x Hunter – Season 2 – Episode 6
media directory does not exist,0,"F:\MediaStack\data\media\tv\Hunter x Hunter (2011)\Season 02\Hunter x Hunter (2011) - S02E07 - Evil Fist x And x Rock, Paper, Scissors.mkv",,,episode,local://23349,,skipped,Hunter x Hunter – Season 2 – Episode 7
media directory does not exist,0,F:\MediaStack\data\media\tv\Hunter x Hunter (2011)\Season 02\Hunter x Hunter (2011) - S02E08 - Strategy x And x Scheme.mkv,,,episode,local://23350,,skipped,Hunter x Hunter – Season 2 – Episode 8
media directory does not exist,0,F:\MediaStack\data\media\tv\Hunter x Hunter (2011)\Season 02\Hunter x Hunter (2011) - S02E09 - 15 x 15.mkv,,,episode,local://23351,,skipped,Hunter x Hunter – Season 2 – Episode 9
media directory does not exist,0,F:\MediaStack\data\media\tv\Hunter x Hunter (2011)\Season 01\Hunter x Hunter (2011) - S01E27 - Arrival x At x The Arena.mkv,,,episode,imdb://tt2506424,,skipped,Hunter x Hunter – Season 1 – Arrival x At The x Arena!
media directory does not exist,0,F:\MediaStack\data\media\tv\Hunter x Hunter (2011)\Season 01\Hunter x Hunter (2011) - S01E28 - Nen x and x Nen.mkv,,,episode,imdb://tt2506428,,skipped,"Hunter x Hunter – Season 1 – Nen x And x ""Nen"""
media directory does not exist,0,F:\MediaStack\data\media\tv\Hunter x Hunter (2011)\Season 01\Hunter x Hunter (2011) - S01E29 - Awakening x And x Potential.mkv,,,episode,imdb://tt2506430,,skipped,Hunter x Hunter – Season 1 – Awakening x And x Potential!
media directory does not exist,0,F:\MediaStack\data\media\tv\Hunter x Hunter (2011)\Season 01\Hunter x Hunter (2011) - S01E30 - Fierce x and x Ferocious.mkv,,,episode,imdb://tt2506432,,skipped,Hunter x Hunter – Season 1 – Fierce x and x Ferocious
media directory does not exist,0,F:\MediaStack\data\media\tv\Hunter x Hunter (2011)\Season 01\Hunter x Hunter (2011) - S01E31 - Destiny x and x Tenacity.mkv,,,episode,imdb://tt2677550,,skipped,Hunter x Hunter – Season 1 – Destiny x and x Tenacity!
media directory does not exist,0,F:\MediaStack\data\media\tv\Hunter x Hunter (2011)\Season 01\Hunter x Hunter (2011) - S01E32 - A x Surprising x Win.mkv,,,episode,imdb://tt2677554,,skipped,Hunter x Hunter – Season 1 – A x Surprising x Win
media directory does not exist,0,F:\MediaStack\data\media\tv\Hunter x Hunter (2011)\Season 01\Hunter x Hunter (2011) - S01E33 - An x Empty x Threat.mkv,,,episode,imdb://tt2677558,,skipped,Hunter x Hunter – Season 1 – An x Empty x Threat!
media directory does not exist,0,F:\MediaStack\data\media\tv\Hunter x Hunter (2011)\Season 01\Hunter x Hunter (2011) - S01E34 - Power x To x Avenge.mkv,,,episode,imdb://tt2677562,,skipped,Hunter x Hunter – Season 1 – Power x To x Avenge!
media directory does not exist,0,F:\MediaStack\data\media\tv\Hunter x Hunter (2011)\Season 01\Hunter x Hunter (2011) - S01E35 - The x True x Pass.mkv,,,episode,imdb://tt2677566,,skipped,Hunter x Hunter – Season 1 – The x True x Pass
media directory does not exist,0,F:\MediaStack\data\media\tv\Hunter x Hunter (2011)\Season 01\Hunter x Hunter (2011) - S01E36 - A Big Debt x And x A Small Kick.mkv,,,episode,imdb://tt2677570,,skipped,Hunter x Hunter – Season 1 – A Big Debt x And x A Small Kick!
media directory does not exist,0,F:\MediaStack\data\media\tv\Hunter x Hunter (2011)\Season 01\Hunter x Hunter (2011) - S01E37 - Ging x And x Gon.mkv,,,episode,imdb://tt2856262,,skipped,Hunter x Hunter – Season 1 – Ging x And x Gon!
media directory does not exist,0,F:\MediaStack\data\media\tv\Hunter x Hunter (2011)\Season 01\Hunter x Hunter (2011) - S01E38 - Reply x From x Dad.mkv,,,episode,imdb://tt2856270,,skipped,Hunter x Hunter – Season 1 – Reply x From x Dad!
media directory does not exist,0,F:\MediaStack\data\media\tv\Hunter x Hunter (2011)\Season 01\Hunter x Hunter (2011) - S01E39 - Wish x And x Promise.mkv,,,episode,imdb://tt3068244,,skipped,Hunter x Hunter – Season 1 – Wish x And x Promise!
media directory does not exist,0,F:\MediaStack\data\media\tv\Hunter x Hunter (2011)\Season 01\Hunter x Hunter (2011) - S01E40 - Nen x Users x Unite.mkv,,,episode,imdb://tt3068264,,skipped,Hunter x Hunter – Season 1 – Nen x Users x Unite?
media directory does not exist,0,F:\MediaStack\data\media\tv\Hunter x Hunter (2011)\Season 01\Hunter x Hunter (2011) - S01E41 - Gathering x Of x Heroes.mkv,,,episode,imdb://tt3068248,,skipped,Hunter x Hunter – Season 1 – Gathering x Of x Heroes!
media directory does not exist,0,F:\MediaStack\data\media\tv\Hunter x Hunter (2011)\Season 01\Hunter x Hunter (2011) - S01E42 - Defend x and x Attack.mkv,,,episode,imdb://tt3068236,,skipped,Hunter x Hunter – Season 1 – Defend x and x Attack!
media directory does not exist,0,F:\MediaStack\data\media\tv\Hunter x Hunter (2011)\Season 01\Hunter x Hunter (2011) - S01E43 - A x Shocking x Tragedy.mkv,,,episode,imdb://tt3068282,,skipped,Hunter x Hunter – Season 1 – A x Shocking x Tragedy!
media directory does not exist,0,F:\MediaStack\data\media\tv\Hunter x Hunter (2011)\Season 01\Hunter x Hunter (2011) - S01E44 - Buildup x To A x Fierce Battle.mkv,,,episode,imdb://tt3344590,,skipped,Hunter x Hunter – Season 1 – Buildup x To A x Fierce Battle
media directory does not exist,0,F:\MediaStack\data\media\tv\Hunter x Hunter (2011)\Season 01\Hunter x Hunter (2011) - S01E45 - Restraint x And x Vow.mkv,,,episode,imdb://tt3344592,,skipped,Hunter x Hunter – Season 1 – Restraint x And x Vow
media directory does not exist,0,F:\MediaStack\data\media\tv\Hunter x Hunter (2011)\Season 01\Hunter x Hunter (2011) - S01E46 - Chasing x and x Waiting.mkv,,,episode,imdb://tt3344598,,skipped,Hunter x Hunter – Season 1 – Chasing x and x Waiting
media directory does not exist,0,F:\MediaStack\data\media\tv\Hunter x Hunter (2011)\Season 01\Hunter x Hunter (2011) - S01E47 - Condition x and x Condition.mkv,,,episode,imdb://tt2414266,,skipped,Hunter x Hunter – Season 1 – Condition x and x Condition
media directory does not exist,0,F:\MediaStack\data\media\tv\Hunter x Hunter (2011)\Season 01\Hunter x Hunter (2011) - S01E48 - Very x Sharp x Eye.mkv,,,episode,imdb://tt2414252,,skipped,Hunter x Hunter – Season 1 – Very x Sharp x Eye
media directory does not exist,0,F:\MediaStack\data\media\tv\Hunter x Hunter (2011)\Season 01\Hunter x Hunter (2011) - S01E49 - Pursuit x and x Analysis.mkv,,,episode,imdb://tt2414256,,skipped,Hunter x Hunter – Season 1 – Pursuit x and x Analysis
media directory does not exist,0,F:\MediaStack\data\media\tv\Hunter x Hunter (2011)\Season 01\Hunter x Hunter (2011) - S01E50 - Ally x and x Sword.mkv,,,episode,imdb://tt2859310,,skipped,Hunter x Hunter – Season 1 – Ally x and x Sword
media directory does not exist,0,F:\MediaStack\data\media\tv\Hunter x Hunter (2011)\Season 01\Hunter x Hunter (2011) - S01E51 - A x Brutal x Battlefield.mkv,,,episode,imdb://tt3055130,,skipped,Hunter x Hunter – Season 1 – A x Brutal x Battlefield
media directory does not exist,0,F:\MediaStack\data\media\tv\Hunter x Hunter (2011)\Season 01\Hunter x Hunter (2011) - S01E52 - Assault x And x Impact.mkv,,,episode,imdb://tt3055128,,skipped,Hunter x Hunter – Season 1 – Assault x And x Impact
media directory does not exist,0,F:\MediaStack\data\media\tv\Hunter x Hunter (2011)\Season 01\Hunter x Hunter (2011) - S01E53 - Fake x And x Psyche.mkv,,,episode,imdb://tt3055136,,skipped,Hunter x Hunter – Season 1 – Fake x And x Psyche
media directory does not exist,0,F:\MediaStack\data\media\tv\Hunter x Hunter (2011)\Season 01\Hunter x Hunter (2011) - S01E54 - Fortunes x Aren't x Right.mkv,,,episode,imdb://tt3055138,,skipped,Hunter x Hunter – Season 1 – Fortunes x Aren't x Right?
media directory does not exist,0,F:\MediaStack\data\media\tv\Hunter x Hunter (2011)\Season 01\Hunter x Hunter (2011) - S01E55 - Allies x And x Lies.mkv,,,episode,imdb://tt3055144,,skipped,Hunter x Hunter – Season 1 – Allies x And x Lies
media directory does not exist,0,F:\MediaStack\data\media\tv\House of Cards (US)\Season 06\House of Cards (US) - S06E08 - Chapter 73.mkv,,,episode,imdb://tt7576210,,skipped,House of Cards (US) – Season 6 – Chapter 73
media directory does not exist,0,F:\MediaStack\data\media\tv\Hunter x Hunter (2011)\Season 01\Hunter x Hunter (2011) - S01E01 - Departure x And x Friends.mkv,,,episode,imdb://tt2103560,,skipped,Hunter x Hunter – Season 1 – Departure x And x Friends
media directory does not exist,0,F:\MediaStack\data\media\tv\Hunter x Hunter (2011)\Season 01\Hunter x Hunter (2011) - S01E02 - Test x Of x Tests.mkv,,,episode,imdb://tt2103563,,skipped,Hunter x Hunter – Season 1 – Test x Of x Tests
media directory does not exist,0,F:\MediaStack\data\media\tv\Hunter x Hunter (2011)\Season 01\Hunter x Hunter (2011) - S01E03 - Rivals x In x Survival.mkv,,,episode,imdb://tt2103562,,skipped,Hunter x Hunter – Season 1 – Rivals x For x Survival
media directory does not exist,0,F:\MediaStack\data\media\tv\Hunter x Hunter (2011)\Season 01\Hunter x Hunter (2011) - S01E04 - Hope x And x Ambition.mkv,,,episode,imdb://tt2103561,,skipped,Hunter x Hunter – Season 1 – Hope x And x Ambition
media directory does not exist,0,F:\MediaStack\data\media\tv\Hunter x Hunter (2011)\Season 01\Hunter x Hunter (2011) - S01E05 - Hisoka x Is x Sneaky.mkv,,,episode,imdb://tt2108770,,skipped,Hunter x Hunter – Season 1 – Hisoka x Is x Sneaky
media directory does not exist,0,F:\MediaStack\data\media\tv\Hunter x Hunter (2011)\Season 01\Hunter x Hunter (2011) - S01E06 - A x Surprising x Challenge.mkv,,,episode,imdb://tt2108769,,skipped,Hunter x Hunter – Season 1 – A x Surprising x Challenge
media directory does not exist,0,F:\MediaStack\data\media\tv\Hunter x Hunter (2011)\Season 01\Hunter x Hunter (2011) - S01E07 - Showdown x On x The Airship.mkv,,,episode,imdb://tt2112540,,skipped,Hunter x Hunter – Season 1 – Showdown x On The x Airship
media directory does not exist,0,F:\MediaStack\data\media\tv\Hunter x Hunter (2011)\Season 01\Hunter x Hunter (2011) - S01E08 - Decision x By x Majority Rule.mkv,,,episode,imdb://tt2118257,,skipped,Hunter x Hunter – Season 1 – Decision x By x Majority?
media directory does not exist,0,F:\MediaStack\data\media\tv\Hunter x Hunter (2011)\Season 01\Hunter x Hunter (2011) - S01E09 - Beware x Of x Prisoners.mkv,,,episode,imdb://tt2127859,,skipped,Hunter x Hunter – Season 1 – Beware x Of x Prisoners
media directory does not exist,0,F:\MediaStack\data\media\tv\Hunter x Hunter (2011)\Season 01\Hunter x Hunter (2011) - S01E10 - Trick x To x The Trick.mkv,,,episode,imdb://tt2130736,,skipped,Hunter x Hunter – Season 1 – Trick x To The x Trick
media directory does not exist,0,F:\MediaStack\data\media\tv\Hunter x Hunter (2011)\Season 01\Hunter x Hunter (2011) - S01E11 - Trouble x With x The Gamble.mkv,,,episode,imdb://tt2135334,,skipped,Hunter x Hunter – Season 1 – Trouble x With The x Gamble
media directory does not exist,0,F:\MediaStack\data\media\tv\Hunter x Hunter (2011)\Season 01\Hunter x Hunter (2011) - S01E12 - Last x Test x Of Resolve.mkv,,,episode,imdb://tt2144725,,skipped,Hunter x Hunter – Season 1 – Last x Test Of x Resolve!
media directory does not exist,0,F:\MediaStack\data\media\tv\Hunter x Hunter (2011)\Season 01\Hunter x Hunter (2011) - S01E13 - Letter x From x Gon.mkv,,,episode,imdb://tt2203788,,skipped,Hunter x Hunter – Season 1 – Letter x From x Gon
media directory does not exist,0,F:\MediaStack\data\media\tv\Hunter x Hunter (2011)\Season 01\Hunter x Hunter (2011) - S01E14 - Hit x the x Target.mkv,,,episode,imdb://tt2203792,,skipped,Hunter x Hunter – Season 1 – Hit x The x Target
media directory does not exist,0,F:\MediaStack\data\media\tv\Hunter x Hunter (2011)\Season 01\Hunter x Hunter (2011) - S01E15 - Explosion x Of x Deception.mkv,,,episode,imdb://tt2203798,,skipped,Hunter x Hunter – Season 1 – Explosion x Of x Deception!
media directory does not exist,0,F:\MediaStack\data\media\tv\Hunter x Hunter (2011)\Season 01\Hunter x Hunter (2011) - S01E16 - Defeat x And x Disgrace.mkv,,,episode,imdb://tt2352006,,skipped,Hunter x Hunter – Season 1 – Defeat x And x Disgrace
media directory does not exist,0,F:\MediaStack\data\media\tv\Hunter x Hunter (2011)\Season 01\Hunter x Hunter (2011) - S01E17 - Trap x In x The Hole.mkv,,,episode,imdb://tt2352008,,skipped,Hunter x Hunter – Season 1 – Trap x In The x Hole
media directory does not exist,0,F:\MediaStack\data\media\tv\Hunter x Hunter (2011)\Season 01\Hunter x Hunter (2011) - S01E18 - Big x Time x Interview.mkv,,,episode,imdb://tt2352012,,skipped,Hunter x Hunter – Season 1 – Big x Time x Interview
media directory does not exist,0,F:\MediaStack\data\media\tv\Hunter x Hunter (2011)\Season 01\Hunter x Hunter (2011) - S01E19 - Can't Win x and x Can't Lose.mkv,,,episode,imdb://tt2352014,,skipped,Hunter x Hunter – Season 1 – Can't Win x and x Can't Lose
media directory does not exist,0,F:\MediaStack\data\media\tv\Hunter x Hunter (2011)\Season 01\Hunter x Hunter (2011) - S01E20 - Baffling Turn x Of x Events.mkv,,,episode,imdb://tt2352016,,skipped,Hunter x Hunter – Season 1 – Baffling x Turn of x Events
media directory does not exist,0,F:\MediaStack\data\media\tv\Hunter x Hunter (2011)\Season 01\Hunter x Hunter (2011) - S01E21 - Some x Brother x Trouble.mkv,,,episode,imdb://tt2352020,,skipped,Hunter x Hunter – Season 1 – Some x Brother x Trouble
media directory does not exist,0,F:\MediaStack\data\media\tv\Hunter x Hunter (2011)\Season 01\Hunter x Hunter (2011) - S01E22 - A x Dangerous x Watchdog.mkv,,,episode,imdb://tt2439680,,skipped,Hunter x Hunter – Season 1 – A x Dangerous x Watchdog
media directory does not exist,0,F:\MediaStack\data\media\tv\Hunter x Hunter (2011)\Season 01\Hunter x Hunter (2011) - S01E23 - The x Guard's x Duty.mkv,,,episode,imdb://tt2439682,,skipped,Hunter x Hunter – Season 1 – The x Guard's x Duty!
media directory does not exist,0,F:\MediaStack\data\media\tv\Hunter x Hunter (2011)\Season 01\Hunter x Hunter (2011) - S01E24 - The x Zoldyck x Family.mkv,,,episode,imdb://tt2439684,,skipped,Hunter x Hunter – Season 1 – The x Zoldyck x Family!
media directory does not exist,0,F:\MediaStack\data\media\tv\Hunter x Hunter (2011)\Season 01\Hunter x Hunter (2011) - S01E25 - Can't See x if x You're Blind.mkv,,,episode,imdb://tt2506420,,skipped,Hunter x Hunter – Season 1 – Can't See x if x You're x Blind!
media directory does not exist,0,F:\MediaStack\data\media\tv\Hunter x Hunter (2011)\Season 01\Hunter x Hunter (2011) - S01E26 - Then x And x After.mkv,,,episode,imdb://tt2506422,,skipped,Hunter x Hunter – Season 1 – Then × And × After
media directory does not exist,0,F:\MediaStack\data\media\tv\House of Cards (US)\Season 04\House of Cards (US) - S04E09 - Chapter 48.mkv,,,episode,imdb://tt5083704,,skipped,House of Cards (US) – Season 4 – Chapter 48
media directory does not exist,0,F:\MediaStack\data\media\tv\House of Cards (US)\Season 04\House of Cards (US) - S04E10 - Chapter 49.mkv,,,episode,imdb://tt5095730,,skipped,House of Cards (US) – Season 4 – Chapter 49
media directory does not exist,0,F:\MediaStack\data\media\tv\House of Cards (US)\Season 04\House of Cards (US) - S04E11 - Chapter 50.mkv,,,episode,imdb://tt5095732,,skipped,House of Cards (US) – Season 4 – Chapter 50
media directory does not exist,0,F:\MediaStack\data\media\tv\House of Cards (US)\Season 04\House of Cards (US) - S04E12 - Chapter 51.mkv,,,episode,imdb://tt5095742,,skipped,House of Cards (US) – Season 4 – Chapter 51
media directory does not exist,0,F:\MediaStack\data\media\tv\House of Cards (US)\Season 04\House of Cards (US) - S04E13 - Chapter 52.mkv,,,episode,imdb://tt5095748,,skipped,House of Cards (US) – Season 4 – Chapter 52
media directory does not exist,0,F:\MediaStack\data\media\tv\House of Cards (US)\Season 05\House of Cards (US) - S05E01 - Chapter 53.mkv,,,episode,imdb://tt5419058,,skipped,House of Cards (US) – Season 5 – Chapter 53
media directory does not exist,0,F:\MediaStack\data\media\tv\House of Cards (US)\Season 05\House of Cards (US) - S05E02 - Chapter 54.mkv,,,episode,imdb://tt5965956,,skipped,House of Cards (US) – Season 5 – Chapter 54
media directory does not exist,0,F:\MediaStack\data\media\tv\House of Cards (US)\Season 05\House of Cards (US) - S05E03 - Chapter 55.mkv,,,episode,imdb://tt6010608,,skipped,House of Cards (US) – Season 5 – Chapter 55
media directory does not exist,0,F:\MediaStack\data\media\tv\House of Cards (US)\Season 05\House of Cards (US) - S05E04 - Chapter 56.mkv,,,episode,imdb://tt6059620,,skipped,House of Cards (US) – Season 5 – Chapter 56
media directory does not exist,0,F:\MediaStack\data\media\tv\House of Cards (US)\Season 05\House of Cards (US) - S05E05 - Chapter 57.mkv,,,episode,imdb://tt6110792,,skipped,House of Cards (US) – Season 5 – Chapter 57
media directory does not exist,0,F:\MediaStack\data\media\tv\House of Cards (US)\Season 05\House of Cards (US) - S05E06 - Chapter 58.mkv,,,episode,imdb://tt6411836,,skipped,House of Cards (US) – Season 5 – Chapter 58
media directory does not exist,0,F:\MediaStack\data\media\tv\House of Cards (US)\Season 05\House of Cards (US) - S05E07 - Chapter 59.mkv,,,episode,imdb://tt6411844,,skipped,House of Cards (US) – Season 5 – Chapter 59
media directory does not exist,0,F:\MediaStack\data\media\tv\House of Cards (US)\Season 05\House of Cards (US) - S05E08 - Chapter 60.mkv,,,episode,imdb://tt6411838,,skipped,House of Cards (US) – Season 5 – Chapter 60
media directory does not exist,0,F:\MediaStack\data\media\tv\House of Cards (US)\Season 05\House of Cards (US) - S05E09 - Chapter 61.mkv,,,episode,imdb://tt6411842,,skipped,House of Cards (US) – Season 5 – Chapter 61
media directory does not exist,0,F:\MediaStack\data\media\tv\House of Cards (US)\Season 05\House of Cards (US) - S05E10 - Chapter 62.mkv,,,episode,imdb://tt6411846,,skipped,House of Cards (US) – Season 5 – Chapter 62
media directory does not exist,0,F:\MediaStack\data\media\tv\House of Cards (US)\Season 05\House of Cards (US) - S05E11 - Chapter 63.mkv,,,episode,imdb://tt6411854,,skipped,House of Cards (US) – Season 5 – Chapter 63
media directory does not exist,0,F:\MediaStack\data\media\tv\House of Cards (US)\Season 05\House of Cards (US) - S05E12 - Chapter 64.mkv,,,episode,imdb://tt6411858,,skipped,House of Cards (US) – Season 5 – Chapter 64
media directory does not exist,0,F:\MediaStack\data\media\tv\House of Cards (US)\Season 05\House of Cards (US) - S05E13 - Chapter 65.mkv,,,episode,imdb://tt6411862,,skipped,House of Cards (US) – Season 5 – Chapter 65
media directory does not exist,0,F:\MediaStack\data\media\tv\House of Cards (US)\Season 06\House of Cards (US) - S06E01 - Chapter 66.mkv,,,episode,imdb://tt7538918,,skipped,House of Cards (US) – Season 6 – Chapter 66
media directory does not exist,0,F:\MediaStack\data\media\tv\House of Cards (US)\Season 06\House of Cards (US) - S06E02 - Chapter 67.mkv,,,episode,imdb://tt7576192,,skipped,House of Cards (US) – Season 6 – Chapter 67
media directory does not exist,0,F:\MediaStack\data\media\tv\House of Cards (US)\Season 06\House of Cards (US) - S06E03 - Chapter 68.mkv,,,episode,imdb://tt7576194,,skipped,House of Cards (US) – Season 6 – Chapter 68
media directory does not exist,0,F:\MediaStack\data\media\tv\House of Cards (US)\Season 06\House of Cards (US) - S06E04 - Chapter 69.mkv,,,episode,imdb://tt7576196,,skipped,House of Cards (US) – Season 6 – Chapter 69
media directory does not exist,0,F:\MediaStack\data\media\tv\House of Cards (US)\Season 06\House of Cards (US) - S06E05 - Chapter 70.mkv,,,episode,imdb://tt7576198,,skipped,House of Cards (US) – Season 6 – Chapter 70
media directory does not exist,0,F:\MediaStack\data\media\tv\House of Cards (US)\Season 06\House of Cards (US) - S06E06 - Chapter 71.mkv,,,episode,imdb://tt7576200,,skipped,House of Cards (US) – Season 6 – Chapter 71
media directory does not exist,0,F:\MediaStack\data\media\tv\House of Cards (US)\Season 06\House of Cards (US) - S06E07 - Chapter 72.mkv,,,episode,imdb://tt7576206,,skipped,House of Cards (US) – Season 6 – Chapter 72
media directory does not exist,0,F:\MediaStack\data\media\tv\House of Cards (US)\Season 03\House of Cards (US) - S03E01 - Chapter 27.mkv,,,episode,imdb://tt3513862,,skipped,House of Cards (US) – Season 3 – Chapter 27
media directory does not exist,0,F:\MediaStack\data\media\tv\House of Cards (US)\Season 03\House of Cards (US) - S03E02 - Chapter 28.mkv,,,episode,imdb://tt3892086,,skipped,House of Cards (US) – Season 3 – Chapter 28
media directory does not exist,0,F:\MediaStack\data\media\tv\House of Cards (US)\Season 03\House of Cards (US) - S03E03 - Chapter 29.mkv,,,episode,imdb://tt3892088,,skipped,House of Cards (US) – Season 3 – Chapter 29
media directory does not exist,0,F:\MediaStack\data\media\tv\House of Cards (US)\Season 03\House of Cards (US) - S03E04 - Chapter 30.mkv,,,episode,imdb://tt3892094,,skipped,House of Cards (US) – Season 3 – Chapter 30
media directory does not exist,0,F:\MediaStack\data\media\tv\House of Cards (US)\Season 03\House of Cards (US) - S03E05 - Chapter 31.mkv,,,episode,imdb://tt3897442,,skipped,House of Cards (US) – Season 3 – Chapter 31
media directory does not exist,0,F:\MediaStack\data\media\tv\House of Cards (US)\Season 03\House of Cards (US) - S03E06 - Chapter 32.mkv,,,episode,imdb://tt3897454,,skipped,House of Cards (US) – Season 3 – Chapter 32
media directory does not exist,0,F:\MediaStack\data\media\tv\House of Cards (US)\Season 03\House of Cards (US) - S03E07 - Chapter 33.mkv,,,episode,imdb://tt3918768,,skipped,House of Cards (US) – Season 3 – Chapter 33
media directory does not exist,0,F:\MediaStack\data\media\tv\House of Cards (US)\Season 03\House of Cards (US) - S03E08 - Chapter 34.mkv,,,episode,imdb://tt4083028,,skipped,House of Cards (US) – Season 3 – Chapter 34
media directory does not exist,0,F:\MediaStack\data\media\tv\House of Cards (US)\Season 03\House of Cards (US) - S03E09 - Chapter 35.mkv,,,episode,imdb://tt4035250,,skipped,House of Cards (US) – Season 3 – Chapter 35
media directory does not exist,0,F:\MediaStack\data\media\tv\House of Cards (US)\Season 03\House of Cards (US) - S03E10 - Chapter 36.mkv,,,episode,imdb://tt4128566,,skipped,House of Cards (US) – Season 3 – Chapter 36
media directory does not exist,0,F:\MediaStack\data\media\tv\House of Cards (US)\Season 03\House of Cards (US) - S03E11 - Chapter 37.mkv,,,episode,imdb://tt4128572,,skipped,House of Cards (US) – Season 3 – Chapter 37
media directory does not exist,0,F:\MediaStack\data\media\tv\House of Cards (US)\Season 03\House of Cards (US) - S03E12 - Chapter 38.mkv,,,episode,imdb://tt4128574,,skipped,House of Cards (US) – Season 3 – Chapter 38
media directory does not exist,0,F:\MediaStack\data\media\tv\House of Cards (US)\Season 03\House of Cards (US) - S03E13 - Chapter 39.mkv,,,episode,imdb://tt4221826,,skipped,House of Cards (US) – Season 3 – Chapter 39
media directory does not exist,0,F:\MediaStack\data\media\tv\House of Cards (US)\Season 04\House of Cards (US) - S04E01 - Chapter 40.mkv,,,episode,imdb://tt4498368,,skipped,House of Cards (US) – Season 4 – Chapter 40
media directory does not exist,0,F:\MediaStack\data\media\tv\House of Cards (US)\Season 04\House of Cards (US) - S04E02 - Chapter 41.mkv,,,episode,imdb://tt4817660,,skipped,House of Cards (US) – Season 4 – Chapter 41
media directory does not exist,0,F:\MediaStack\data\media\tv\House of Cards (US)\Season 04\House of Cards (US) - S04E03 - Chapter 42.mkv,,,episode,imdb://tt4817664,,skipped,House of Cards (US) – Season 4 – Chapter 42
media directory does not exist,0,F:\MediaStack\data\media\tv\House of Cards (US)\Season 04\House of Cards (US) - S04E04 - Chapter 43.mkv,,,episode,imdb://tt4817670,,skipped,House of Cards (US) – Season 4 – Chapter 43
media directory does not exist,0,F:\MediaStack\data\media\tv\House of Cards (US)\Season 04\House of Cards (US) - S04E05 - Chapter 44.mkv,,,episode,imdb://tt4949018,,skipped,House of Cards (US) – Season 4 – Chapter 44
media directory does not exist,0,F:\MediaStack\data\media\tv\House of Cards (US)\Season 04\House of Cards (US) - S04E06 - Chapter 45.mkv,,,episode,imdb://tt4949028,,skipped,House of Cards (US) – Season 4 – Chapter 45
media directory does not exist,0,F:\MediaStack\data\media\tv\House of Cards (US)\Season 04\House of Cards (US) - S04E07 - Chapter 46.mkv,,,episode,imdb://tt5025272,,skipped,House of Cards (US) – Season 4 – Chapter 46
media directory does not exist,0,F:\MediaStack\data\media\tv\House of Cards (US)\Season 04\House of Cards (US) - S04E08 - Chapter 47.mkv,,,episode,imdb://tt5095720,,skipped,House of Cards (US) – Season 4 – Chapter 47
media directory does not exist,0,F:\MediaStack\data\media\tv\House of Cards (US)\Season 01\House of Cards (US) - S01E02 - Chapter 2.mkv,,,episode,imdb://tt2250466,,skipped,House of Cards (US) – Season 1 – Chapter 2
media directory does not exist,0,F:\MediaStack\data\media\tv\House of Cards (US)\Season 01\House of Cards (US) - S01E03 - Chapter 3.mkv,,,episode,imdb://tt2248444,,skipped,House of Cards (US) – Season 1 – Chapter 3
media directory does not exist,0,F:\MediaStack\data\media\tv\House of Cards (US)\Season 01\House of Cards (US) - S01E04 - Chapter 4.mkv,,,episode,imdb://tt2248422,,skipped,House of Cards (US) – Season 1 – Chapter 4
media directory does not exist,0,F:\MediaStack\data\media\tv\House of Cards (US)\Season 01\House of Cards (US) - S01E05 - Chapter 5.mkv,,,episode,imdb://tt2294870,,skipped,House of Cards (US) – Season 1 – Chapter 5
media directory does not exist,0,F:\MediaStack\data\media\tv\House of Cards (US)\Season 01\House of Cards (US) - S01E06 - Chapter 6.mkv,,,episode,imdb://tt2311910,,skipped,House of Cards (US) – Season 1 – Chapter 6
media directory does not exist,0,F:\MediaStack\data\media\tv\House of Cards (US)\Season 01\House of Cards (US) - S01E07 - Chapter 7.mkv,,,episode,imdb://tt2311926,,skipped,House of Cards (US) – Season 1 – Chapter 7
media directory does not exist,0,F:\MediaStack\data\media\tv\House of Cards (US)\Season 01\House of Cards (US) - S01E08 - Chapter 8.mkv,,,episode,imdb://tt2312714,,skipped,House of Cards (US) – Season 1 – Chapter 8
media directory does not exist,0,F:\MediaStack\data\media\tv\House of Cards (US)\Season 01\House of Cards (US) - S01E09 - Chapter 9.mkv,,,episode,imdb://tt2248426,,skipped,House of Cards (US) – Season 1 – Chapter 9
media directory does not exist,0,F:\MediaStack\data\media\tv\House of Cards (US)\Season 01\House of Cards (US) - S01E10 - Chapter 10.mkv,,,episode,imdb://tt2468204,,skipped,House of Cards (US) – Season 1 – Chapter 10
media directory does not exist,0,F:\MediaStack\data\media\tv\House of Cards (US)\Season 01\House of Cards (US) - S01E11 - Chapter 11.mkv,,,episode,imdb://tt2440660,,skipped,House of Cards (US) – Season 1 – Chapter 11
media directory does not exist,0,F:\MediaStack\data\media\tv\House of Cards (US)\Season 01\House of Cards (US) - S01E12 - Chapter 12.mkv,,,episode,imdb://tt2555986,,skipped,House of Cards (US) – Season 1 – Chapter 12
media directory does not exist,0,F:\MediaStack\data\media\tv\House of Cards (US)\Season 01\House of Cards (US) - S01E13 - Chapter 13.mkv,,,episode,imdb://tt2555988,,skipped,House of Cards (US) – Season 1 – Chapter 13
media directory does not exist,0,F:\MediaStack\data\media\tv\House of Cards (US)\Season 02\House of Cards (US) - S02E01 - Chapter 14.mkv,,,episode,imdb://tt2811510,,skipped,House of Cards (US) – Season 2 – Chapter 14
media directory does not exist,0,F:\MediaStack\data\media\tv\House of Cards (US)\Season 02\House of Cards (US) - S02E02 - Chapter 15.mkv,,,episode,imdb://tt3221190,,skipped,House of Cards (US) – Season 2 – Chapter 15
media directory does not exist,0,F:\MediaStack\data\media\tv\House of Cards (US)\Season 02\House of Cards (US) - S02E03 - Chapter 16.mkv,,,episode,imdb://tt2990016,,skipped,House of Cards (US) – Season 2 – Chapter 16
media directory does not exist,0,F:\MediaStack\data\media\tv\House of Cards (US)\Season 02\House of Cards (US) - S02E04 - Chapter 17.mkv,,,episode,imdb://tt3001906,,skipped,House of Cards (US) – Season 2 – Chapter 17
media directory does not exist,0,F:\MediaStack\data\media\tv\House of Cards (US)\Season 02\House of Cards (US) - S02E05 - Chapter 18.mkv,,,episode,imdb://tt3001926,,skipped,House of Cards (US) – Season 2 – Chapter 18
media directory does not exist,0,F:\MediaStack\data\media\tv\House of Cards (US)\Season 02\House of Cards (US) - S02E06 - Chapter 19.mkv,,,episode,imdb://tt3221232,,skipped,House of Cards (US) – Season 2 – Chapter 19
media directory does not exist,0,F:\MediaStack\data\media\tv\House of Cards (US)\Season 02\House of Cards (US) - S02E07 - Chapter 20.mkv,,,episode,imdb://tt3147682,,skipped,House of Cards (US) – Season 2 – Chapter 20
media directory does not exist,0,F:\MediaStack\data\media\tv\House of Cards (US)\Season 02\House of Cards (US) - S02E08 - Chapter 21.mkv,,,episode,imdb://tt3147690,,skipped,House of Cards (US) – Season 2 – Chapter 21
media directory does not exist,0,F:\MediaStack\data\media\tv\House of Cards (US)\Season 02\House of Cards (US) - S02E09 - Chapter 22.mkv,,,episode,imdb://tt3186026,,skipped,House of Cards (US) – Season 2 – Chapter 22
media directory does not exist,0,F:\MediaStack\data\media\tv\House of Cards (US)\Season 02\House of Cards (US) - S02E10 - Chapter 23.mkv,,,episode,imdb://tt3221270,,skipped,House of Cards (US) – Season 2 – Chapter 23
media directory does not exist,0,F:\MediaStack\data\media\tv\House of Cards (US)\Season 02\House of Cards (US) - S02E11 - Chapter 24.mkv,,,episode,imdb://tt3297502,,skipped,House of Cards (US) – Season 2 – Chapter 24
media directory does not exist,0,F:\MediaStack\data\media\tv\House of Cards (US)\Season 02\House of Cards (US) - S02E12 - Chapter 25.mkv,,,episode,imdb://tt3326204,,skipped,House of Cards (US) – Season 2 – Chapter 25
media directory does not exist,0,F:\MediaStack\data\media\tv\House of Cards (US)\Season 02\House of Cards (US) - S02E13 - Chapter 26.mkv,,,episode,imdb://tt3326208,,skipped,House of Cards (US) – Season 2 – Chapter 26
media directory does not exist,0,F:\MediaStack\data\media\tv\House of Cards (US)\Season 01\House of Cards (US) - S01E01 - Chapter 1.mkv,,,episode,imdb://tt2161930,,skipped,House of Cards (US) – Season 1 – Chapter 1
media directory does not exist,0,F:\MediaStack\data\media\movies\Jackass - The Movie (2002)\Jackass The Movie (2002) [WEBDL-480p] {imdb-tt0322802}.mkv,,,movie,imdb://tt0322802,,skipped,Jackass: The Movie
media directory does not exist,0,F:\MediaStack\data\media\movies\The 40 Year Old Virgin (2005)\The 40 Year Old Virgin (2005) [Bluray-1080p Proper] {imdb-tt0405422}.mkv,,,movie,imdb://tt0405422,,skipped,The 40-Year-Old Virgin
