detail,event_count,file_path,matched_media_id,matched_slug,media_type,plex_guid,sidecar_path,status,title
no movie match,0,F:\MediaStack\data\media\movies\Avatar (2009)\Avatar (2009) [Bluray-1080p] {imdb-tt0499549}.mkv,,,movie,imdb://tt0499549,,unmatched,Avatar
no movie match,0,F:\MediaStack\data\media\movies\You Gotta Stay Happy (1948)\You Gotta Stay Happy (1948) [WEBDL-480p] {imdb-tt0040982}.mkv,,,movie,imdb://tt0040982,,unmatched,You Gotta Stay Happy
no movie match,0,F:\MediaStack\data\media\movies\You've Got Mail (1998)\Youve Got Mail (1998) [Bluray-1080p] {imdb-tt0128853}.mkv,,,movie,imdb://tt0128853,,unmatched,You've Got Mail
no movie match,0,F:\MediaStack\data\media\movies\Young Frankenstein (1974)\Young Frankenstein (1974) [Bluray-1080p] {imdb-tt0072431}.mkv,,,movie,imdb://tt0072431,,unmatched,Young Frankenstein
no movie match,0,F:\MediaStack\data\media\movies\Your Name. (2016)\Your Name. (2016) [Bluray-1080p] {imdb-tt5311514}.mkv,,,movie,local://20401,,unmatched,Your Name.
no movie match,0,F:\MediaStack\data\media\movies\Zenon - Girl of the 21st Century (1999)\Zenon Girl of the 21st Century (1999) [WEBRip-720p] {imdb-tt0186726}.mp4,,,movie,imdb://tt0186726,,unmatched,Zenon: Girl of the 21st Century
no movie match,0,F:\MediaStack\data\media\movies\Zenon - The Zequel (2001)\Zenon The Zequel (2001) [Bluray-720p] {imdb-tt0271271}.mp4,,,movie,imdb://tt0271271,,unmatched,Zenon: The Zequel
no movie match,0,F:\MediaStack\data\media\movies\Zootopia (2016)\Zootopia (2016) [Bluray-1080p] {imdb-tt2948356}.mp4,,,movie,imdb://tt2948356,,unmatched,Zootopia
no movie match,0,F:\MediaStack\data\media\movies\Zootopia 2 (2025)\Zootopia 2 (2025) [Bluray-1080p] {imdb-tt26443597}.mkv,,,movie,imdb://tt26443597,,unmatched,Zootopia 2
no movie match,0,F:\MediaStack\data\media\movies\The Wolverine (2013)\The Wolverine (2013) [Bluray-1080p Proper] {imdb-tt1430132}.mp4,,,movie,imdb://tt1430132,,unmatched,The Wolverine
no movie match,0,F:\MediaStack\data\media\movies\Wonder Park (2019)\Wonder Park (2019) [Bluray-1080p] {imdb-tt6428676}.mp4,,,movie,imdb://tt6428676,,unmatched,Wonder Park
no movie match,0,F:\MediaStack\data\media\movies\Wonder Woman (2017)\Wonder Woman (2017) [Bluray-1080p] {imdb-tt0451279}.mkv,,,movie,imdb://tt0451279,,unmatched,Wonder Woman
no movie match,0,F:\MediaStack\data\media\movies\Wonder Woman 1984 (2020)\Wonder Woman 1984 (2020) [Bluray-1080p] {imdb-tt7126948}.mp4,,,movie,imdb://tt7126948,,unmatched,Wonder Woman 1984
no movie match,0,F:\MediaStack\data\media\movies\Wonka (2023)\Wonka (2023) [Bluray-1080p] {imdb-tt6166392}.mkv,,,movie,imdb://tt6166392,,unmatched,Wonka
no movie match,0,F:\MediaStack\data\media\movies\The Work and the Glory (2004)\The Work and the Glory (2004) [WEBRip-1080p] {imdb-tt0410454}.mp4,,,movie,imdb://tt0410454,,unmatched,The Work and the Glory
no movie match,0,F:\MediaStack\data\media\movies\The World's End (2013)\The Worlds End (2013) [Bluray-1080p] {imdb-tt1213663}.mp4,,,movie,imdb://tt1213663,,unmatched,The World's End
no movie match,0,F:\MediaStack\data\media\movies\The World's Fastest Indian (2005)\The Worlds Fastest Indian (2005) [Bluray-1080p] {imdb-tt0412080}.mkv,,,movie,imdb://tt0412080,,unmatched,The World's Fastest Indian
no movie match,0,F:\MediaStack\data\media\movies\Wrath of the Titans (2012)\Wrath of the Titans (2012) [Bluray-1080p] {imdb-tt1646987}.mp4,,,movie,imdb://tt1646987,,unmatched,Wrath of the Titans
no movie match,0,F:\MediaStack\data\media\movies\Wreck-It Ralph (2012)\Wreck-It Ralph (2012) [Bluray-1080p] {imdb-tt1772341}.mkv,,,movie,imdb://tt1772341,,unmatched,Wreck-It Ralph
no movie match,0,F:\MediaStack\data\media\movies\X-Men (2000)\X-Men (2000) [Bluray-1080p] {imdb-tt0120903}.mkv,,,movie,imdb://tt0120903,,unmatched,X-Men
no movie match,0,F:\MediaStack\data\media\movies\X-Men Origins - Wolverine (2009)\X-Men Origins Wolverine (2009) [Bluray-1080p] {imdb-tt0458525}.mkv,,,movie,imdb://tt0458525,,unmatched,X-Men Origins: Wolverine
no movie match,0,F:\MediaStack\data\media\movies\X-Men - Apocalypse (2016)\X-Men Apocalypse (2016) [Bluray-1080p Proper] {imdb-tt3385516}.mp4,,,movie,imdb://tt3385516,,unmatched,X-Men: Apocalypse
no movie match,0,F:\MediaStack\data\media\movies\Dark Phoenix (2019)\Dark Phoenix (2019) [Bluray-1080p] {imdb-tt6565702}.mkv,,,movie,imdb://tt6565702,,unmatched,X-Men: Dark Phoenix
no movie match,0,F:\MediaStack\data\media\movies\X-Men - Days of Future Past (2014)\X-Men Days of Future Past (2014) [Bluray-1080p] {imdb-tt1877832}.mkv,,,movie,imdb://tt1877832,,unmatched,X-Men: Days of Future Past
no movie match,0,F:\MediaStack\data\media\movies\X-Men - First Class (2011)\X-Men First Class (2011) [Bluray-1080p] {imdb-tt1270798}.mp4,,,movie,imdb://tt1270798,,unmatched,X-Men: First Class
no movie match,0,F:\MediaStack\data\media\movies\X-Men - The Last Stand (2006)\X-Men The Last Stand (2006) [Bluray-1080p] {imdb-tt0376994}.mkv,,,movie,imdb://tt0376994,,unmatched,X-Men: The Last Stand
no movie match,0,F:\MediaStack\data\media\movies\X2 (2003)\X2 (2003) [Bluray-1080p] {imdb-tt0290334}.mp4,,,movie,imdb://tt0290334,,unmatched,X2: X-Men United
no movie match,0,F:\MediaStack\data\media\movies\Yes Man (2008)\Yes Man (2008) [Bluray-1080p Proper] {imdb-tt1068680}.mp4,,,movie,imdb://tt1068680,,unmatched,Yes Man
no movie match,0,F:\MediaStack\data\media\movies\The Wicker Man (2006)\The Wicker Man (2006) [Bluray-1080p] {imdb-tt0450345}.mkv,,,movie,imdb://tt0450345,,unmatched,The Wicker Man
no movie match,0,F:\MediaStack\data\media\movies\The Wild (2006)\The Wild (2006) [Bluray-1080p] {imdb-tt0405469}.mkv,,,movie,imdb://tt0405469,,unmatched,The Wild
no movie match,0,F:\MediaStack\data\media\movies\Wild Hogs (2007)\Wild Hogs (2007) [Bluray-1080p] {imdb-tt0486946}.mkv,,,movie,imdb://tt0486946,,unmatched,Wild Hogs
no movie match,0,F:\MediaStack\data\media\movies\Wild Strawberries (1957)\Wild Strawberries (1957) [Bluray-1080p] {imdb-tt0050986}.mkv,,,movie,imdb://tt0050986,,unmatched,Wild Strawberries
no movie match,0,F:\MediaStack\data\media\movies\The Wild Thornberrys Movie (2002)\The Wild Thornberrys Movie (2002) [WEBDL-1080p] {imdb-tt0282120}.mkv,,,movie,imdb://tt0282120,,unmatched,The Wild Thornberrys
no movie match,0,F:\MediaStack\data\media\movies\Willow (1988)\Willow (1988) [Bluray-1080p] {imdb-tt0096446}.mkv,,,movie,imdb://tt0096446,,unmatched,Willow
no movie match,0,F:\MediaStack\data\media\movies\Willy Wonka & the Chocolate Factory (1971)\Willy Wonka and the Chocolate Factory (1971) [Bluray-1080p] {imdb-tt0067992}.mkv,,,movie,imdb://tt0067992,,unmatched,Willy Wonka & the Chocolate Factory
no movie match,0,F:\MediaStack\data\media\movies\The Wind Rises (2013)\The Wind Rises (2013) [Bluray-1080p] {imdb-tt2013293}.mkv,,,movie,imdb://tt2013293,,unmatched,The Wind Rises
no movie match,0,F:\MediaStack\data\media\movies\Winds of the Wasteland (1936)\Winds of the Wasteland (1936) [WEBDL-480p] {imdb-tt0028510}.mkv,,,movie,imdb://tt0028510,,unmatched,Winds of the Wasteland
no movie match,0,F:\MediaStack\data\media\movies\Winnie the Pooh (2011)\Winnie the Pooh (2011) [Bluray-1080p] {imdb-tt1449283}.mkv,,,movie,imdb://tt1449283,,unmatched,Winnie the Pooh
no movie match,0,F:\MediaStack\data\media\movies\Winnie the Pooh - Springtime with Roo (2004)\Winnie the Pooh Springtime with Roo (2004) [Bluray-1080p] {imdb-tt0384696}.mkv,,,movie,imdb://tt0384696,,unmatched,Winnie the Pooh: Springtime with Roo
no movie match,0,F:\MediaStack\data\media\movies\Winter's Tale (2014)\Winters Tale (2014) [Bluray-1080p] {imdb-tt1837709}.mkv,,,movie,imdb://tt1837709,,unmatched,Winter's Tale
no movie match,0,F:\MediaStack\data\media\movies\Wish (2023)\Wish (2023) [Bluray-1080p] {imdb-tt11304740}.mp4,,,movie,imdb://tt11304740,,unmatched,Wish
no movie match,0,F:\MediaStack\data\media\movies\Wish Upon a Star (1996)\Wish Upon a Star (1996) [WEBRip-720p] {imdb-tt0118178}.mp4,,,movie,imdb://tt0118178,,unmatched,Wish Upon a Star
no movie match,0,F:\MediaStack\data\media\movies\The Witches (1990)\The Witches (1990) [WEBDL-1080p] {imdb-tt0100944}.mkv,,,movie,imdb://tt0100944,,unmatched,The Witches
no movie match,0,F:\MediaStack\data\media\movies\Without a Paddle (2004)\Without a Paddle (2004) [Bluray-1080p] {imdb-tt0364751}.mp4,,,movie,imdb://tt0364751,,unmatched,Without a Paddle
no movie match,0,F:\MediaStack\data\media\movies\Tom Clancy's Without Remorse (2021)\Tom Clancys Without Remorse (2021) [Bluray-1080p] {imdb-tt0499097}.mkv,,,movie,imdb://tt0499097,,unmatched,Without Remorse
no movie match,0,F:\MediaStack\data\media\movies\Witness for the Prosecution (1957)\Witness for the Prosecution (1957) [Bluray-1080p] {imdb-tt0051201}.mkv,,,movie,imdb://tt0051201,,unmatched,Witness for the Prosecution
no movie match,0,F:\MediaStack\data\media\movies\The Wizard of Oz (1939)\The Wizard of Oz (1939) [Bluray-1080p] {imdb-tt0032138}.mkv,,,movie,imdb://tt0032138,,unmatched,The Wizard of Oz
no movie match,0,F:\MediaStack\data\media\movies\Wolf Children (2012)\Wolf Children (2012) [WEBDL-1080p] {imdb-tt2140203}.mkv,,,movie,imdb://tt2140203,,unmatched,Wolf Children
no movie match,0,F:\MediaStack\data\media\movies\What About Bob! (1991)\What About Bob (1991) [WEBDL-1080p] {imdb-tt0103241}.mkv,,,movie,imdb://tt0103241,,unmatched,What About Bob?
no movie match,0,F:\MediaStack\data\media\movies\What Happens in Vegas (2008)\What Happens in Vegas (2008) [Bluray-1080p] {imdb-tt1033643}.mkv,,,movie,imdb://tt1033643,,unmatched,What Happens in Vegas
no movie match,0,F:\MediaStack\data\media\movies\What Lies Beneath (2000)\What Lies Beneath (2000) [Bluray-1080p] {imdb-tt0161081}.mkv,,,movie,imdb://tt0161081,,unmatched,What Lies Beneath
no movie match,0,F:\MediaStack\data\media\movies\What to Expect When You're Expecting (2012)\What to Expect When Youre Expecting (2012) [Bluray-1080p] {imdb-tt1586265}.mp4,,,movie,imdb://tt1586265,,unmatched,What to Expect When You're Expecting
no movie match,0,F:\MediaStack\data\media\movies\What's Love Got to Do with It (1993)\Whats Love Got to Do with It (1993) [Bluray-1080p] {imdb-tt0108551}.mkv,,,movie,imdb://tt0108551,,unmatched,What's Love Got to Do with It
no movie match,0,F:\MediaStack\data\media\movies\When Harry Met Sally. (1989)\When Harry Met Sally. (1989) [Bluray-1080p] {imdb-tt0098635}.mkv,,,movie,imdb://tt0098635,,unmatched,When Harry Met Sally...
no movie match,0,F:\MediaStack\data\media\movies\When in Rome (2010)\When in Rome (2010) [Bluray-1080p] {imdb-tt1185416}.mp4,,,movie,imdb://tt1185416,,unmatched,When in Rome
no movie match,0,F:\MediaStack\data\media\movies\When Marnie Was There (2014)\When Marnie Was There (2014) [Bluray-1080p] {imdb-tt3398268}.mkv,,,movie,imdb://tt3398268,,unmatched,When Marnie Was There
no movie match,0,F:\MediaStack\data\media\movies\Where Eagles Dare (1968)\Where Eagles Dare (1968) [Bluray-1080p] {imdb-tt0065207}.mkv,,,movie,imdb://tt0065207,,unmatched,Where Eagles Dare
no movie match,0,F:\MediaStack\data\media\movies\Where the Wild Things Are (2009)\Where the Wild Things Are (2009) [Bluray-1080p] {imdb-tt0386117}.mp4,,,movie,imdb://tt0386117,,unmatched,Where the Wild Things Are
no movie match,0,F:\MediaStack\data\media\movies\While You Were Sleeping (1995)\While You Were Sleeping (1995) [Bluray-1080p] {imdb-tt0114924}.mkv,,,movie,imdb://tt0114924,,unmatched,While You Were Sleeping
no movie match,0,F:\MediaStack\data\media\movies\Whisper of the Heart (1995)\Whisper of the Heart (1995) [Bluray-1080p] {imdb-tt0113824}.mkv,,,movie,imdb://tt0113824,,unmatched,Whisper of the Heart
no movie match,0,F:\MediaStack\data\media\movies\White Men Can't Jump (1992)\White Men Cant Jump (1992) [Bluray-1080p] {imdb-tt0105812}.mkv,,,movie,imdb://tt0105812,,unmatched,White Men Can't Jump
no movie match,0,F:\MediaStack\data\media\movies\Whitney Houston - I Wanna Dance with Somebody (2022)\Whitney Houston I Wanna Dance with Somebody (2022) [Bluray-1080p] {imdb-tt12193804}.mkv,,,movie,imdb://tt12193804,,unmatched,Whitney Houston: I Wanna Dance with Somebody
no movie match,0,F:\MediaStack\data\media\movies\Who Framed Roger Rabbit (1988)\Who Framed Roger Rabbit (1988) [Bluray-1080p] {imdb-tt0096438}.mp4,,,movie,imdb://tt0096438,,unmatched,Who Framed Roger Rabbit
no movie match,0,F:\MediaStack\data\media\movies\Who's Afraid of Virginia Woolf! (1966)\Whos Afraid of Virginia Woolf (1966) [Bluray-1080p] {imdb-tt0061184}.mkv,,,movie,imdb://tt0061184,,unmatched,Who's Afraid of Virginia Woolf?
no movie match,0,F:\MediaStack\data\media\movies\Who's Harry Crumb! (1989)\Whos Harry Crumb (1989) [Bluray-1080p] {imdb-tt0098645}.mp4,,,movie,imdb://tt0098645,,unmatched,Who's Harry Crumb?
no movie match,0,F:\MediaStack\data\media\movies\The Whole Nine Yards (2000)\The Whole Nine Yards (2000) [Bluray-1080p] {imdb-tt0190138}.mkv,,,movie,imdb://tt0190138,,unmatched,The Whole Nine Yards
no movie match,0,F:\MediaStack\data\media\movies\Walk the Line (2005)\Walk the Line (2005) [Bluray-1080p] {imdb-tt0358273}.mkv,,,movie,imdb://tt0358273,,unmatched,Walk the Line
no movie match,0,F:\MediaStack\data\media\movies\A Walk to Remember (2002)\A Walk to Remember (2002) [Bluray-1080p] {imdb-tt0281358}.mkv,,,movie,imdb://tt0281358,,unmatched,A Walk to Remember
no movie match,0,F:\MediaStack\data\media\movies\Wallace & Gromit - The Curse of the Were-Rabbit (2005)\Wallace and Gromit The Curse of the Were-Rabbit (2005) [Bluray-1080p] {imdb-tt0312004}.mkv,,,movie,imdb://tt0312004,,unmatched,Wallace & Gromit: The Curse of the Were-Rabbit
no movie match,0,F:\MediaStack\data\media\movies\Wallace & Gromit - Vengeance Most Fowl (2024)\Wallace and Gromit Vengeance Most Fowl (2024) [WEBDL-1080p] {imdb-tt17163970}.mkv,,,movie,imdb://tt17163970,,unmatched,Wallace & Gromit: Vengeance Most Fowl
no movie match,0,F:\MediaStack\data\media\movies\Walt & El Grupo (2008)\Walt and El Grupo (2008) [WEBDL-480p] {imdb-tt1223150}.mkv,,,movie,imdb://tt1223150,,unmatched,Walt & El Grupo
no movie match,0,F:\MediaStack\data\media\movies\War for the Planet of the Apes (2017)\War for the Planet of the Apes (2017) [WEBDL-2160p] {imdb-tt3450958}.mkv,,,movie,imdb://tt3450958,,unmatched,War for the Planet of the Apes
ambiguous movie title match,0,F:\MediaStack\data\media\movies\War of the Worlds (2025)\War of the Worlds (2025) [Bluray-1080p] {imdb-tt13186306}.mp4,,,movie,imdb://tt0407304,,unmatched,War of the Worlds
no movie match,0,F:\MediaStack\data\media\movies\Warm Bodies (2013)\Warm Bodies (2013) [Bluray-1080p] {imdb-tt1588173}.mkv,,,movie,imdb://tt1588173,,unmatched,Warm Bodies
no movie match,0,F:\MediaStack\data\media\movies\The Waterboy (1998)\The Waterboy (1998) [Bluray-1080p] {imdb-tt0120484}.mp4,,,movie,imdb://tt0120484,,unmatched,The Waterboy
no movie match,0,F:\MediaStack\data\media\movies\The Way Back (2010)\The Way Back (2010) [Bluray-1080p] {imdb-tt1023114}.mkv,,,movie,imdb://tt1023114,,unmatched,The Way Back
no movie match,0,F:\MediaStack\data\media\movies\The Way Back (2020)\The Way Back (2020) [Bluray-1080p] {imdb-tt8544498}.mkv,,,movie,imdb://tt8544498,,unmatched,The Way Back
no movie match,0,F:\MediaStack\data\media\movies\The Way We Were (1973)\The Way We Were (1973) [WEBRip-1080p] {imdb-tt0070903}.mkv,,,movie,imdb://tt0070903,,unmatched,The Way We Were
no movie match,0,F:\MediaStack\data\media\movies\We Are Marshall (2006)\We Are Marshall (2006) [Bluray-1080p] {imdb-tt0758794}.mkv,,,movie,imdb://tt0758794,,unmatched,We Are Marshall
no movie match,0,F:\MediaStack\data\media\movies\We Bought a Zoo (2011)\We Bought a Zoo (2011) [Bluray-1080p] {imdb-tt1389137}.mkv,,,movie,imdb://tt1389137,,unmatched,We Bought a Zoo
no movie match,0,F:\MediaStack\data\media\movies\We're Back! A Dinosaur's Story (1993)\Were Back! A Dinosaurs Story (1993) [Bluray-1080p] {imdb-tt0108526}.mp4,,,movie,imdb://tt0108526,,unmatched,We're Back! A Dinosaur's Story
no movie match,0,F:\MediaStack\data\media\movies\Weathering with You (2019)\Weathering with You (2019) [Bluray-1080p] {imdb-tt9426210}.mkv,,,movie,imdb://tt9426210,,unmatched,Weathering with You
no movie match,0,F:\MediaStack\data\media\movies\Wedding Crashers (2005)\Wedding Crashers (2005) [Bluray-1080p] {imdb-tt0396269}.mkv,,,movie,imdb://tt0396269,,unmatched,Wedding Crashers
no movie match,0,F:\MediaStack\data\media\movies\The Wedding Planner (2001)\The Wedding Planner (2001) [Bluray-1080p] {imdb-tt0209475}.mp4,,,movie,imdb://tt0209475,,unmatched,The Wedding Planner
no movie match,0,F:\MediaStack\data\media\movies\The Wedding Singer (1998)\The Wedding Singer (1998) [Bluray-1080p] {imdb-tt0120888}.mp4,,,movie,imdb://tt0120888,,unmatched,The Wedding Singer
no movie match,0,F:\MediaStack\data\media\movies\West of the Divide (1934)\West of the Divide (1934) [WEBDL-480p] {imdb-tt0025969}.mkv,,,movie,imdb://tt0025969,,unmatched,West of the Divide
no movie match,0,F:\MediaStack\data\media\movies\West Side Story (1961)\West Side Story (1961) [Bluray-1080p] {imdb-tt0055614}.mp4,,,movie,imdb://tt0055614,,unmatched,West Side Story
no movie match,0,F:\MediaStack\data\media\movies\West Side Story (2021)\West Side Story (2021) [Bluray-1080p] {imdb-tt3581652}.mp4,,,movie,imdb://tt3581652,,unmatched,West Side Story
no movie match,0,F:\MediaStack\data\media\movies\What a Girl Wants (2003)\What a Girl Wants (2003) [Bluray-1080p] {imdb-tt0286788}.mp4,,,movie,imdb://tt0286788,,unmatched,What a Girl Wants
no movie match,0,F:\MediaStack\data\media\movies\Uptown Girls (2003)\Uptown Girls (2003) [HDTV-720p] {imdb-tt0263757}.mp4,,,movie,imdb://tt0263757,,unmatched,Uptown Girls
no movie match,0,F:\MediaStack\data\media\movies\The Usual Suspects (1995)\The Usual Suspects (1995) [Bluray-1080p] {imdb-tt0114814}.mp4,,,movie,imdb://tt0114814,,unmatched,The Usual Suspects
no movie match,0,F:\MediaStack\data\media\movies\V for Vendetta (2006)\V for Vendetta (2006) [HDTV-1080p] {imdb-tt0434409}.mp4,,,movie,imdb://tt0434409,,unmatched,V for Vendetta
no movie match,0,F:\MediaStack\data\media\movies\Valentine's Day (2010)\Valentines Day (2010) [WEBDL-1080p] {imdb-tt0817230}.mkv,,,movie,imdb://tt0817230,,unmatched,Valentine's Day
no movie match,0,F:\MediaStack\data\media\movies\Valkyrie (2008)\Valkyrie (2008) [Bluray-1080p] {imdb-tt0985699}.mkv,,,movie,imdb://tt0985699,,unmatched,Valkyrie
no movie match,0,F:\MediaStack\data\media\movies\Vantage Point (2008)\Vantage Point (2008) [WEBDL-1080p] {imdb-tt0443274}.mkv,,,movie,imdb://tt0443274,,unmatched,Vantage Point
no movie match,0,F:\MediaStack\data\media\movies\Vertigo (1958)\Vertigo (1958) [Bluray-1080p] {imdb-tt0052357}.mkv,,,movie,imdb://tt0052357,,unmatched,Vertigo
no movie match,0,F:\MediaStack\data\media\movies\A Very Brady Sequel (1996)\A Very Brady Sequel (1996) [WEBDL-1080p] {imdb-tt0118073}.mkv,,,movie,imdb://tt0118073,,unmatched,A Very Brady Sequel
no movie match,0,F:\MediaStack\data\media\movies\Escape to Victory (1981)\Escape to Victory (1981) [Bluray-1080p] {imdb-tt0083284}.mp4,,,movie,imdb://tt0083284,,unmatched,Victory
no movie match,0,F:\MediaStack\data\media\movies\The Village (2004)\The Village (2004) [WEBDL-1080p] {imdb-tt0368447}.mkv,,,movie,imdb://tt0368447,,unmatched,The Village
no movie match,0,F:\MediaStack\data\media\movies\The Visit (2015)\The Visit (2015) [Bluray-1080p] {imdb-tt3567288}.mkv,,,movie,imdb://tt3567288,,unmatched,The Visit
no movie match,0,F:\MediaStack\data\media\movies\The Wages of Fear (1953)\The Wages of Fear (1953) [Bluray-720p] {imdb-tt0046268}.mkv,,,movie,imdb://tt0046268,,unmatched,The Wages of Fear
no movie match,0,F:\MediaStack\data\media\movies\Wait Until Dark (1967)\Wait Until Dark (1967) [Bluray-1080p] {imdb-tt0062467}.mp4,,,movie,imdb://tt0062467,,unmatched,Wait Until Dark
no movie match,0,F:\MediaStack\data\media\movies\The Walk (2015)\The Walk (2015) [Bluray-1080p] {imdb-tt3488710}.mkv,,,movie,imdb://tt3488710,,unmatched,The Walk
no movie match,0,F:\MediaStack\data\media\movies\Twins (1988)\Twins (1988) [Bluray-1080p] {imdb-tt0096320}.mkv,,,movie,imdb://tt0096320,,unmatched,Twins
no movie match,0,F:\MediaStack\data\media\movies\Twister (1996)\Twister (1996) [Bluray-1080p Proper] {imdb-tt0117998}.mkv,,,movie,imdb://tt0117998,,unmatched,Twister
no movie match,0,F:\MediaStack\data\media\movies\Twisters (2024)\Twisters (2024) [Bluray-1080p Proper] {imdb-tt12584954}.mkv,,,movie,imdb://tt12584954,,unmatched,Twisters
no movie match,0,F:\MediaStack\data\media\movies\Twitches (2005)\Twitches (2005) [WEBRip-720p] {imdb-tt0467421}.mp4,,,movie,imdb://tt0467421,,unmatched,Twitches
no movie match,0,F:\MediaStack\data\media\movies\Two Brothers (2004)\Two Brothers (2004) [Bluray-1080p] {imdb-tt0338512}.mkv,,,movie,imdb://tt0338512,,unmatched,Two Brothers
no movie match,0,F:\MediaStack\data\media\movies\Two Weeks Notice (2002)\Two Weeks Notice (2002) [Bluray-1080p] {imdb-tt0313737}.mp4,,,movie,imdb://tt0313737,,unmatched,Two Weeks Notice
no movie match,0,F:\MediaStack\data\media\movies\U.S. Marshals (1998)\U.S. Marshals (1998) [Bluray-1080p] {imdb-tt0120873}.mkv,,,movie,imdb://tt0120873,,unmatched,U.S. Marshals
no movie match,0,F:\MediaStack\data\media\movies\Ultraviolet (2006)\Ultraviolet (2006) [Bluray-1080p] {imdb-tt0370032}.mkv,,,movie,imdb://tt0370032,,unmatched,Ultraviolet
no movie match,0,F:\MediaStack\data\media\movies\Unbreakable (2000)\Unbreakable (2000) [WEBDL-1080p] {imdb-tt0217869}.mkv,,,movie,imdb://tt0217869,,unmatched,Unbreakable
no movie match,0,F:\MediaStack\data\media\movies\The Undefeated (1969)\The Undefeated (1969) [Bluray-1080p] {imdb-tt0065150}.mp4,,,movie,imdb://tt0065150,,unmatched,The Undefeated
no movie match,0,F:\MediaStack\data\media\movies\Under Fire (1983)\Under Fire (1983) [Bluray-1080p] {imdb-tt0086510}.mp4,,,movie,imdb://tt0086510,,unmatched,Under Fire
no movie match,0,F:\MediaStack\data\media\movies\Under the Boardwalk (2023)\Under the Boardwalk (2023) [WEBDL-1080p] {imdb-tt10551654}.mkv,,,movie,imdb://tt10551654,,unmatched,Under the Boardwalk
no movie match,0,F:\MediaStack\data\media\movies\Underdog (2007)\Underdog (2007) [Bluray-1080p] {imdb-tt0467110}.mp4,,,movie,imdb://tt0467110,,unmatched,Underdog
no movie match,0,F:\MediaStack\data\media\movies\Undisputed (2002)\Undisputed (2002) [Bluray-1080p] {imdb-tt0281322}.mkv,,,movie,imdb://tt0281322,,unmatched,Undisputed
no movie match,0,F:\MediaStack\data\media\movies\The Uninvited (2009)\The Uninvited (2009) [HDTV-720p] {imdb-tt0815245}.mp4,,,movie,imdb://tt0815245,,unmatched,The Uninvited
no movie match,0,F:\MediaStack\data\media\movies\Up (2009)\Up (2009) [Bluray-1080p] {imdb-tt1049413}.mkv,,,movie,imdb://tt1049413,,unmatched,Up
no movie match,0,F:\MediaStack\data\media\movies\Treasure Planet (2002)\Treasure Planet (2002) [Bluray-1080p] {imdb-tt0133240}.mkv,,,movie,imdb://tt0133240,,unmatched,Treasure Planet
no movie match,0,F:\MediaStack\data\media\movies\Tremors (1990)\Tremors (1990) [Bluray-1080p] {imdb-tt0100814}.mp4,,,movie,imdb://tt0100814,,unmatched,Tremors
no movie match,0,F:\MediaStack\data\media\movies\Tremors 2 - Aftershocks (1996)\Tremors 2 Aftershocks (1996) [Bluray-1080p] {imdb-tt0114720}.mp4,,,movie,imdb://tt0114720,,unmatched,Tremors II: Aftershocks
no movie match,0,F:\MediaStack\data\media\movies\Troll Hunter (2010)\Troll Hunter (2010) [Bluray-1080p] {imdb-tt1740707}.mkv,,,movie,imdb://tt1740707,,unmatched,Troll Hunter
no movie match,0,F:\MediaStack\data\media\movies\A Troll in Central Park (1994)\A Troll in Central Park (1994) [DVD] {imdb-tt0108395}.avi,,,movie,imdb://tt0108395,,unmatched,A Troll in Central Park
no movie match,0,F:\MediaStack\data\media\movies\Trolls Band Together (2023)\Trolls Band Together (2023) [Bluray-1080p] {imdb-tt14362112}.mkv,,,movie,imdb://tt14362112,,unmatched,Trolls Band Together
no movie match,0,F:\MediaStack\data\media\movies\Trolls Holiday in Harmony (2021)\Trolls Holiday in Harmony (2021) [WEBRip-1080p] {imdb-tt15720718}.mkv,,,movie,imdb://tt15720718,,unmatched,Trolls Holiday in Harmony
no movie match,0,F:\MediaStack\data\media\movies\Trolls World Tour (2020)\Trolls World Tour (2020) [Bluray-1080p] {imdb-tt6587640}.mkv,,,movie,imdb://tt6587640,,unmatched,Trolls World Tour
no movie match,0,F:\MediaStack\data\media\movies\Tron (1982)\Tron (1982) [Bluray-1080p] {imdb-tt0084827}.mkv,,,movie,imdb://tt0084827,,unmatched,Tron
no movie match,0,F:\MediaStack\data\media\movies\TRON - Ares (2025)\TRON Ares (2025) [Bluray-1080p] {imdb-tt6604188}.mkv,,,movie,imdb://tt6604188,,unmatched,Tron: Ares
no movie match,0,F:\MediaStack\data\media\movies\TRON - Legacy (2010)\TRON Legacy (2010) [Bluray-1080p Proper] {imdb-tt1104001}.mp4,,,movie,imdb://tt1104001,,unmatched,Tron: Legacy
no movie match,0,F:\MediaStack\data\media\movies\Trouble with the Curve (2012)\Trouble with the Curve (2012) [Bluray-1080p] {imdb-tt2083383}.mp4,,,movie,imdb://tt2083383,,unmatched,Trouble with the Curve
ambiguous movie title match,0,F:\MediaStack\data\media\movies\True Grit (1969)\True Grit (1969) [Bluray-1080p Proper] {imdb-tt0065126}.mkv,,,movie,imdb://tt0065126,,unmatched,True Grit
ambiguous movie title match,0,F:\MediaStack\data\media\movies\True Grit (2010)\True Grit (2010) [Bluray-1080p] {imdb-tt1403865}.mkv,,,movie,imdb://tt1403865,,unmatched,True Grit
no movie match,0,F:\MediaStack\data\media\movies\Tuck Everlasting (2002)\Tuck Everlasting (2002) [WEBDL-1080p] {imdb-tt0283084}.mkv,,,movie,imdb://tt0283084,,unmatched,Tuck Everlasting
no movie match,0,F:\MediaStack\data\media\movies\Turbo (2013)\Turbo (2013) [Bluray-1080p] {imdb-tt1860353}.mp4,,,movie,imdb://tt1860353,,unmatched,Turbo
no movie match,0,F:\MediaStack\data\media\movies\Turner & Hooch (1989)\Turner and Hooch (1989) [Bluray-1080p] {imdb-tt0098536}.mp4,,,movie,imdb://tt0098536,,unmatched,Turner & Hooch
no movie match,0,F:\MediaStack\data\media\movies\Turning Red (2022)\Turning Red (2022) [Bluray-1080p] {imdb-tt8097030}.mp4,,,movie,imdb://tt8097030,,unmatched,Turning Red
no movie match,0,F:\MediaStack\data\media\movies\The Tuxedo (2002)\The Tuxedo (2002) [WEBDL-720p] {imdb-tt0290095}.mkv,,,movie,imdb://tt0290095,,unmatched,The Tuxedo
no movie match,0,F:\MediaStack\data\media\movies\The Twilight Saga - Breaking Dawn - Part 2 (2012)\The Twilight Saga Breaking Dawn Part 2 (2012) [Bluray-1080p] {imdb-tt1673434}.mkv,,,movie,imdb://tt1673434,,unmatched,The Twilight Saga: Breaking Dawn - Part 2
no movie match,0,F:\MediaStack\data\media\movies\Tootsie (1982)\Tootsie (1982) [Bluray-1080p] {imdb-tt0084805}.mkv,,,movie,imdb://tt0084805,,unmatched,Tootsie
ambiguous movie title match,0,F:\MediaStack\data\media\movies\Total Recall (1990)\Total Recall (1990) [Bluray-1080p] {imdb-tt0100802}.mp4,,,movie,imdb://tt0100802,,unmatched,Total Recall
ambiguous movie title match,0,F:\MediaStack\data\media\movies\Total Recall (2012)\Total Recall (2012) [Bluray-1080p] {imdb-tt1386703}.Clean.mp4,,,movie,imdb://tt1386703,,unmatched,Total Recall
no movie match,0,F:\MediaStack\data\media\movies\The Town (2010)\The Town (2010) [Bluray-1080p] {imdb-tt0840361}.mkv,,,movie,imdb://tt0840361,,unmatched,The Town
no movie match,0,F:\MediaStack\data\media\movies\Toy Story (1995)\Toy Story (1995) [Bluray-1080p] {imdb-tt0114709}.mkv,,,movie,imdb://tt0114709,,unmatched,Toy Story
no movie match,0,F:\MediaStack\data\media\movies\Toy Story 2 (1999)\Toy Story 2 (1999) [Bluray-1080p Proper] {imdb-tt0120363}.mkv,,,movie,imdb://tt0120363,,unmatched,Toy Story 2
no movie match,0,F:\MediaStack\data\media\movies\Toy Story 3 (2010)\Toy Story 3 (2010) [Bluray-1080p] {imdb-tt0435761}.mkv,,,movie,imdb://tt0435761,,unmatched,Toy Story 3
no movie match,0,F:\MediaStack\data\media\movies\Toy Story 4 (2019)\Toy Story 4 (2019) [Bluray-1080p] {imdb-tt1979376}.mkv,,,movie,imdb://tt1979376,,unmatched,Toy Story 4
no movie match,0,F:\MediaStack\data\media\movies\Toy Story at 20 - To Infinity and Beyond (2015)\Toy Story at 20 To Infinity and Beyond (2015) [Bluray-1080p Proper] {imdb-tt5325248}.mp4,,,movie,imdb://tt5325248,,unmatched,Toy Story at 20: To Infinity and Beyond
no movie match,0,F:\MediaStack\data\media\movies\Toy Story That Time Forgot (2014)\Toy Story That Time Forgot (2014) [Bluray-1080p] {imdb-tt3473654}.mkv,,,movie,imdb://tt3473654,,unmatched,Toy Story That Time Forgot
no movie match,0,F:\MediaStack\data\media\movies\The Trail Beyond (1934)\The Trail Beyond (1934) [WEBDL-480p] {imdb-tt0025903}.mkv,,,movie,imdb://tt0025903,,unmatched,The Trail Beyond
no movie match,0,F:\MediaStack\data\media\movies\The Transporter (2002)\The Transporter (2002) [Bluray-1080p] {imdb-tt0293662}.mp4,,,movie,imdb://tt0293662,,unmatched,The Transporter
no movie match,0,F:\MediaStack\data\media\movies\Transporter 2 (2005)\Transporter 2 (2005) [Bluray-1080p] {imdb-tt0388482}.mp4,,,movie,imdb://tt0388482,,unmatched,Transporter 2
no movie match,0,F:\MediaStack\data\media\movies\Transporter 3 (2008)\Transporter 3 (2008) [Bluray-1080p] {imdb-tt1129442}.mkv,,,movie,imdb://tt1129442,,unmatched,Transporter 3
no movie match,0,F:\MediaStack\data\media\movies\Trap (2024)\Trap (2024) [Bluray-1080p] {imdb-tt26753003}.mkv,,,movie,imdb://tt26753003,,unmatched,Trap
no movie match,0,F:\MediaStack\data\media\movies\The Treasure of the Sierra Madre (1948)\The Treasure of the Sierra Madre (1948) [Bluray-1080p Proper] {imdb-tt0040897}.mkv,,,movie,imdb://tt0040897,,unmatched,The Treasure of the Sierra Madre
no movie match,0,"F:\MediaStack\data\media\movies\Three Billboards Outside Ebbing, Missouri (2017)\Three Billboards Outside Ebbing Missouri (2017) [Bluray-1080p] {imdb-tt5027774}.mkv",,,movie,imdb://tt5027774,,unmatched,"Three Billboards Outside Ebbing, Missouri"
no movie match,0,F:\MediaStack\data\media\movies\3 Men and a Baby (1987)\3 Men and a Baby (1987) [WEBDL-1080p] {imdb-tt0094137}.mkv,,,movie,imdb://tt0094137,,unmatched,Three Men and a Baby
no movie match,0,F:\MediaStack\data\media\movies\The Three Musketeers (1993)\The Three Musketeers (1993) [Bluray-1080p] {imdb-tt0108333}.mp4,,,movie,imdb://tt0108333,,unmatched,The Three Musketeers
no movie match,0,F:\MediaStack\data\media\movies\Thumbelina (1994)\Thumbelina (1994) [Bluray-1080p] {imdb-tt0111419}.mkv,,,movie,imdb://tt0111419,,unmatched,Thumbelina
no movie match,0,F:\MediaStack\data\media\movies\Thunder Bay (1953)\Thunder Bay (1953) [WEBDL-480p] {imdb-tt0046425}.mkv,,,movie,imdb://tt0046425,,unmatched,Thunder Bay
no movie match,0,F:\MediaStack\data\media\movies\Thunderbolts- (2025)\Thunderbolts- (2025) [Bluray-1080p] {imdb-tt20969586}.mkv,,,movie,imdb://tt20969586,,unmatched,Thunderbolts*
no movie match,0,F:\MediaStack\data\media\movies\The Time Machine (2002)\The Time Machine (2002) [Bluray-1080p] {imdb-tt0268695}.mkv,,,movie,imdb://tt0268695,,unmatched,The Time Machine
no movie match,0,F:\MediaStack\data\media\movies\A Time to Kill (1996)\A Time to Kill (1996) [Bluray-1080p] {imdb-tt0117913}.mkv,,,movie,imdb://tt0117913,,unmatched,A Time to Kill
no movie match,0,F:\MediaStack\data\media\movies\The Time Traveler's Wife (2009)\The Time Travelers Wife (2009) [Bluray-1080p] {imdb-tt0452694}.mkv,,,movie,imdb://tt0452694,,unmatched,The Time Traveler's Wife
no movie match,0,F:\MediaStack\data\media\movies\Tinker Bell (2008)\Tinker Bell (2008) [Bluray-1080p] {imdb-tt0823671}.mkv,,,movie,imdb://tt0823671,,unmatched,Tinker Bell
no movie match,0,F:\MediaStack\data\media\movies\Tinker Bell and the Lost Treasure (2009)\Tinker Bell and the Lost Treasure (2009) [Bluray-1080p] {imdb-tt1216516}.mkv,,,movie,imdb://tt1216516,,unmatched,Tinker Bell and the Lost Treasure
no movie match,0,F:\MediaStack\data\media\movies\Titan A.E. (2000)\Titan A.E. (2000) [WEBRip-720p] {imdb-tt0120913}.mp4,,,movie,imdb://tt0120913,,unmatched,Titan A.E.
no movie match,0,F:\MediaStack\data\media\movies\Titanic (1997)\Titanic (1997) [Bluray-1080P Proper] {Imdb-Tt0120338}.Clean.mp4,,,movie,local://25178,,unmatched,Titanic
no movie match,0,F:\MediaStack\data\media\movies\To Be or Not to Be (1942)\To Be or Not to Be (1942) [Bluray-1080p] {imdb-tt0035446}.mkv,,,movie,imdb://tt0035446,,unmatched,To Be or Not to Be
no movie match,0,F:\MediaStack\data\media\movies\To Catch a Thief (1955)\To Catch a Thief (1955) [Bluray-1080p] {imdb-tt0048728}.mkv,,,movie,imdb://tt0048728,,unmatched,To Catch a Thief
no movie match,0,F:\MediaStack\data\media\movies\Togo (2019)\Togo (2019) [WEBRip-1080p] {imdb-tt5116302}.mp4,,,movie,imdb://tt5116302,,unmatched,Togo
no movie match,0,F:\MediaStack\data\media\movies\Tom and Huck (1995)\Tom and Huck (1995) [Bluray-720p] {imdb-tt0112302}.mp4,,,movie,imdb://tt0112302,,unmatched,Tom and Huck
no movie match,0,F:\MediaStack\data\media\movies\Tomb Raider (2018)\Tomb Raider (2018) [Bluray-1080p] {imdb-tt1365519}.mp4,,,movie,imdb://tt1365519,,unmatched,Tomb Raider
no movie match,0,F:\MediaStack\data\media\movies\Tomorrowland (2015)\Tomorrowland (2015) [Bluray-1080p] {imdb-tt1964418}.mp4,,,movie,imdb://tt1964418,,unmatched,Tomorrowland
no movie match,0,F:\MediaStack\data\media\movies\The Ten Commandments (1923)\The Ten Commandments (1923) [Bluray-1080p] {imdb-tt0014532}.mkv,,,movie,imdb://tt0014532,,unmatched,The Ten Commandments
no movie match,0,F:\MediaStack\data\media\movies\The Ten Commandments (1956)\The Ten Commandments (1956) [Bluray-1080p] {imdb-tt0049833}.mkv,,,movie,imdb://tt0049833,,unmatched,The Ten Commandments
no movie match,0,F:\MediaStack\data\media\movies\Tenet (2020)\Tenet (2020) [Bluray-1080p] {imdb-tt6723592}.mp4,,,movie,imdb://tt6723592,,unmatched,Tenet
no movie match,0,F:\MediaStack\data\media\movies\Terminator 2 - Judgment Day (1991)\Terminator 2 Judgment Day (1991) [Bluray-1080p] {imdb-tt0103064}.mkv,,,movie,imdb://tt0103064,,unmatched,Terminator 2: Judgment Day
no movie match,0,F:\MediaStack\data\media\movies\Terminator 3 - Rise of the Machines (2003)\Terminator 3 Rise of the Machines (2003) [Bluray-1080p] {imdb-tt0181852}.mkv,,,movie,imdb://tt0181852,,unmatched,Terminator 3: Rise of the Machines
no movie match,0,F:\MediaStack\data\media\movies\Terminator Salvation (2009)\Terminator Salvation (2009) [Bluray-1080p] {imdb-tt0438488}.mp4,,,movie,imdb://tt0438488,,unmatched,Terminator Salvation
no movie match,0,F:\MediaStack\data\media\movies\Terminator - Dark Fate (2019)\Terminator Dark Fate (2019) [Bluray-1080p] {imdb-tt6450804}.mkv,,,movie,imdb://tt6450804,,unmatched,Terminator: Dark Fate
no movie match,0,F:\MediaStack\data\media\movies\The Testaments of One Fold and One Shepherd (2000)\The Testaments of One Fold and One Shepherd (2000) [WEBDL-480p] {imdb-tt0258247}.mkv,,,movie,imdb://tt0258247,,unmatched,The Testaments of One Fold and One Shepherd
no movie match,0,F:\MediaStack\data\media\movies\Texas Terror (1935)\Texas Terror (1935) [WEBDL-480p] {imdb-tt0027087}.mkv,,,movie,imdb://tt0027087,,unmatched,Texas Terror
no movie match,0,F:\MediaStack\data\media\movies\That Darn Cat (1997)\That Darn Cat (1997) [WEBDL-1080p] {imdb-tt0120317}.mkv,,,movie,imdb://tt0120317,,unmatched,That Darn Cat
no movie match,0,F:\MediaStack\data\media\movies\That Darn Cat! (1965)\That Darn Cat! (1965) [WEBDL-1080p] {imdb-tt0059793}.mkv,,,movie,imdb://tt0059793,,unmatched,That Darn Cat!
no movie match,0,F:\MediaStack\data\media\movies\That Thing You Do! (1996)\That Thing You Do! (1996) [Bluray-720p] {imdb-tt0117887}.mp4,,,movie,imdb://tt0117887,,unmatched,That Thing You Do!
no movie match,0,F:\MediaStack\data\media\movies\That's My Boy (2012)\Thats My Boy (2012) [Bluray-1080p] {imdb-tt1232200}.mp4,,,movie,imdb://tt1232200,,unmatched,That's My Boy
no movie match,0,F:\MediaStack\data\media\movies\The Theory of Everything (2014)\The Theory of Everything (2014) [Bluray-1080p] {imdb-tt2980516}.mkv,,,movie,imdb://tt2980516,,unmatched,The Theory of Everything
no movie match,0,F:\MediaStack\data\media\movies\The Thief and the Cobbler (1993)\The Thief and the Cobbler (1993) [WEBRip-1080p] {imdb-tt0112389}.mp4,,,movie,imdb://tt0112389,,unmatched,The Thief and the Cobbler
no movie match,0,F:\MediaStack\data\media\movies\The Thin Red Line (1998)\The Thin Red Line (1998) [Bluray-1080p] {imdb-tt0120863}.mkv,,,movie,imdb://tt0120863,,unmatched,The Thin Red Line
ambiguous movie title match,0,F:\MediaStack\data\media\movies\The Thing (1982)\The Thing (1982) [Bluray-1080p] {imdb-tt0084787}.mkv,,,movie,imdb://tt0084787,,unmatched,The Thing
no movie match,0,F:\MediaStack\data\media\movies\The Third Man (1949)\The Third Man (1949) [Bluray-1080p] {imdb-tt0041959}.mkv,,,movie,imdb://tt0041959,,unmatched,The Third Man
no movie match,0,F:\MediaStack\data\media\movies\Thirteen Days (2000)\Thirteen Days (2000) [Bluray-1080p] {imdb-tt0146309}.mkv,,,movie,imdb://tt0146309,,unmatched,Thirteen Days
no movie match,0,F:\MediaStack\data\media\movies\The Thirteenth Year (1999)\The Thirteenth Year (1999) [WEBRip-720p] {imdb-tt0200208}.mp4,,,movie,imdb://tt0200208,,unmatched,The Thirteenth Year
no movie match,0,F:\MediaStack\data\media\movies\This Is It (2009)\This Is It (2009) [Bluray-1080p] {imdb-tt1477715}.mp4,,,movie,imdb://tt1477715,,unmatched,This Is It
no movie match,0,F:\MediaStack\data\media\movies\Thor (2011)\Thor (2011) [Bluray-1080p] {imdb-tt0800369}.mp4,,,movie,imdb://tt0800369,,unmatched,Thor
no movie match,0,F:\MediaStack\data\media\movies\Thor - Love and Thunder (2022)\Thor Love and Thunder (2022) [Bluray-1080p] {imdb-tt10648342}.mp4,,,movie,imdb://tt10648342,,unmatched,Thor: Love and Thunder
no movie match,0,F:\MediaStack\data\media\movies\Thor - Ragnarok (2017)\Thor Ragnarok (2017) [Bluray-1080p] {imdb-tt3501632}.mkv,,,movie,imdb://tt3501632,,unmatched,Thor: Ragnarok
no movie match,0,F:\MediaStack\data\media\movies\Thor - The Dark World (2013)\Thor The Dark World (2013) [Bluray-1080p Proper] {imdb-tt1981115}.mkv,,,movie,imdb://tt1981115,,unmatched,Thor: The Dark World
no movie match,0,F:\MediaStack\data\media\movies\¡Three Amigos! (1986)\¡Three Amigos! (1986) [Bluray-1080p] {imdb-tt0092086}.mp4,,,movie,imdb://tt0092086,,unmatched,Three Amigos!
no movie match,0,F:\MediaStack\data\media\movies\Sweet Home Alabama (2002)\Sweet Home Alabama (2002) [Bluray-1080p] {imdb-tt0256415}.mkv,,,movie,imdb://tt0256415,,unmatched,Sweet Home Alabama
no movie match,0,F:\MediaStack\data\media\movies\Swing Parade of 1946 (1946)\Swing Parade of 1946 (1946) [Unknown] {imdb-tt0039003}.mkv,,,movie,imdb://tt0039003,,unmatched,Swing Parade of 1946
no movie match,0,F:\MediaStack\data\media\movies\Swiss Army Man (2016)\Swiss Army Man (2016) [Bluray-1080p] {imdb-tt4034354}.mkv,,,movie,imdb://tt4034354,,unmatched,Swiss Army Man
no movie match,0,F:\MediaStack\data\media\movies\Swiss Family Robinson (1960)\Swiss Family Robinson (1960) [Bluray-1080p] {imdb-tt0054357}.mp4,,,movie,imdb://tt0054357,,unmatched,Swiss Family Robinson
no movie match,0,F:\MediaStack\data\media\movies\The Sword in the Stone (1963)\The Sword in the Stone (1963) [Bluray-1080p] {imdb-tt0057546}.mp4,,,movie,imdb://tt0057546,,unmatched,The Sword in the Stone
no movie match,0,F:\MediaStack\data\media\movies\Take the Lead (2006)\Take the Lead (2006) [WEBRip-1080p] {imdb-tt0446046}.mp4,,,movie,imdb://tt0446046,,unmatched,Take the Lead
no movie match,0,F:\MediaStack\data\media\movies\Taken (2008)\Taken (2008) [Bluray-1080p] {imdb-tt0936501}.mp4,,,movie,imdb://tt0936501,,unmatched,Taken
no movie match,0,F:\MediaStack\data\media\movies\Taken 2 (2012)\Taken 2 (2012) [Bluray-1080p] {imdb-tt1397280}.mp4,,,movie,imdb://tt1397280,,unmatched,Taken 2
no movie match,0,F:\MediaStack\data\media\movies\Taken 3 (2014)\Taken 3 (2014) [Bluray-1080p] {imdb-tt2446042}.mkv,,,movie,imdb://tt2446042,,unmatched,Taken 3
no movie match,0,F:\MediaStack\data\media\movies\The Taking of Pelham 1 2 3 (2009)\The Taking of Pelham 1 2 3 (2009) [Bluray-1080p] {imdb-tt1111422}.mp4,,,movie,imdb://tt1111422,,unmatched,The Taking of Pelham 123
no movie match,0,F:\MediaStack\data\media\movies\The Tale of Despereaux (2008)\The Tale of Despereaux (2008) [Bluray-1080p] {imdb-tt0420238}.mp4,,,movie,imdb://tt0420238,,unmatched,The Tale of Despereaux
no movie match,0,F:\MediaStack\data\media\movies\The Tale of The Princess Kaguya (2013)\The Tale of The Princess Kaguya (2013) [Bluray-1080p] {imdb-tt2576852}.mkv,,,movie,imdb://tt2576852,,unmatched,The Tale of The Princess Kaguya
no movie match,0,F:\MediaStack\data\media\movies\The Talented Mr. Ripley (1999)\The Talented Mr. Ripley (1999) [Bluray-1080p] {imdb-tt0134119}.mkv,,,movie,imdb://tt0134119,,unmatched,The Talented Mr. Ripley
no movie match,0,F:\MediaStack\data\media\movies\Tales from Earthsea (2006)\Tales from Earthsea (2006) [Bluray-1080p] {imdb-tt0495596}.mkv,,,movie,imdb://tt0495596,,unmatched,Tales from Earthsea
no movie match,0,F:\MediaStack\data\media\movies\The Taming of the Shrew (1967)\The Taming of the Shrew (1967) [Bluray-1080p] {imdb-tt0061407}.mp4,,,movie,imdb://tt0061407,,unmatched,The Taming of The Shrew
no movie match,0,F:\MediaStack\data\media\movies\Tangled (2010)\Tangled (2010) [Bluray-1080p] {imdb-tt0398286}.mkv,,,movie,imdb://tt0398286,,unmatched,Tangled
no movie match,0,F:\MediaStack\data\media\movies\Teen Wolf (1985)\Teen Wolf (1985) [Bluray-1080p] {imdb-tt0090142}.mkv,,,movie,imdb://tt0090142,,unmatched,Teen Wolf
no movie match,0,F:\MediaStack\data\media\movies\Strange World (2022)\Strange World (2022) [Bluray-1080p] {imdb-tt10298840}.mp4,,,movie,imdb://tt10298840,,unmatched,Strange World
no movie match,0,F:\MediaStack\data\media\movies\Strangers on a Train (1951)\Strangers on a Train (1951) [Bluray-1080p] {imdb-tt0044079}.mkv,,,movie,imdb://tt0044079,,unmatched,Strangers on a Train
no movie match,0,F:\MediaStack\data\media\movies\A Streetcar Named Desire (1951)\A Streetcar Named Desire (1951) [Bluray-1080p] {imdb-tt0044081}.mp4,,,movie,imdb://tt0044081,,unmatched,A Streetcar Named Desire
no movie match,0,F:\MediaStack\data\media\movies\Strictly Ballroom (1992)\Strictly Ballroom (1992) [Bluray-1080p] {imdb-tt0105488}.mkv,,,movie,imdb://tt0105488,,unmatched,Strictly Ballroom
no movie match,0,F:\MediaStack\data\media\movies\Stuart Little 2 (2002)\Stuart Little 2 (2002) [WEBDL-1080p] {imdb-tt0243585}.mkv,,,movie,imdb://tt0243585,,unmatched,Stuart Little 2
no movie match,0,F:\MediaStack\data\media\movies\Suburbicon (2017)\Suburbicon (2017) [Bluray-1080p] {imdb-tt0491175}.mkv,,,movie,imdb://tt0491175,,unmatched,Suburbicon
no movie match,0,"F:\MediaStack\data\media\movies\Suddenly, Last Summer (1959)\Suddenly Last Summer (1959) [Bluray-1080p] {imdb-tt0053318}.mkv",,,movie,imdb://tt0053318,,unmatched,"Suddenly, Last Summer"
no movie match,0,F:\MediaStack\data\media\movies\Suicide Squad (2016)\Suicide Squad (2016) [Bluray-1080p] {imdb-tt1386697}.mkv,,,movie,imdb://tt1386697,,unmatched,Suicide Squad
no movie match,0,F:\MediaStack\data\media\movies\The Suicide Squad (2021)\The Suicide Squad (2021) [Bluray-1080p Proper] {imdb-tt6334354}.mkv,,,movie,imdb://tt6334354,,unmatched,The Suicide Squad
no movie match,0,F:\MediaStack\data\media\movies\Sully (2016)\Sully (2016) [Bluray-1080p] {imdb-tt3263904}.mkv,,,movie,imdb://tt3263904,,unmatched,Sully
no movie match,0,F:\MediaStack\data\media\movies\Sunset Boulevard (1950)\Sunset Boulevard (1950) [Bluray-1080p] {imdb-tt0043014}.mp4,,,movie,imdb://tt0043014,,unmatched,Sunset Boulevard
no movie match,0,F:\MediaStack\data\media\movies\Superintelligence (2020)\Superintelligence (2020) [WEBRip-1080p] {imdb-tt7178640}.mp4,,,movie,imdb://tt7178640,,unmatched,Superintelligence
no movie match,0,F:\MediaStack\data\media\movies\Superman (2025)\Superman (2025) [Bluray-1080p] {imdb-tt5950044}.mp4,,,movie,imdb://tt5950044,,unmatched,Superman
no movie match,0,F:\MediaStack\data\media\movies\Superman Returns (2006)\Superman Returns (2006) [Bluray-1080p] {imdb-tt0348150}.mkv,,,movie,imdb://tt0348150,,unmatched,Superman Returns
no movie match,0,F:\MediaStack\data\media\movies\Surf's Up (2007)\Surfs Up (2007) [Bluray-1080p] {imdb-tt0423294}.mkv,,,movie,imdb://tt0423294,,unmatched,Surf's Up
no movie match,0,F:\MediaStack\data\media\movies\Surf's Up 2 - WaveMania (2017)\Surfs Up 2 WaveMania (2017) [WEBDL-1080p] {imdb-tt5513260}.mkv,,,movie,imdb://tt5513260,,unmatched,Surf's Up 2: WaveMania
no movie match,0,F:\MediaStack\data\media\movies\Surrogates (2009)\Surrogates (2009) [Bluray-1080p] {imdb-tt0986263}.mkv,,,movie,imdb://tt0986263,,unmatched,Surrogates
no movie match,0,F:\MediaStack\data\media\movies\Susie Q (1996)\Susie Q (1996) [Bluray-1080p] {imdb-tt0117794}.mp4,,,movie,imdb://tt0117794,,unmatched,Susie Q
no movie match,0,F:\MediaStack\data\media\movies\Suzume (2022)\Suzume (2022) [Bluray-1080p] {imdb-tt16428256}.mkv,,,movie,imdb://tt16428256,,unmatched,Suzume
no movie match,0,F:\MediaStack\data\media\movies\The Swan Princess (1994)\The Swan Princess (1994) [Bluray-1080p] {imdb-tt0111333}.mp4,,,movie,imdb://tt0111333,,unmatched,The Swan Princess
no movie match,0,F:\MediaStack\data\media\movies\Sweeney Todd - The Demon Barber of Fleet Street (2007)\Sweeney Todd The Demon Barber of Fleet Street (2007) [Bluray-1080p Proper] {imdb-tt0408236}.mkv,,,movie,imdb://tt0408236,,unmatched,Sweeney Todd: The Demon Barber of Fleet Street
no movie match,0,F:\MediaStack\data\media\movies\Star Wars - Episode I - The Phantom Menace (1999)\Star Wars Episode I The Phantom Menace (1999) [Bluray-1080p] {imdb-tt0120915}.mp4,,,movie,imdb://tt0120915,,unmatched,Star Wars: Episode I - The Phantom Menace
no movie match,0,F:\MediaStack\data\media\movies\Star Wars - Episode II - Attack of the Clones (2002)\Star Wars Episode II Attack of the Clones (2002) [Bluray-1080p] {imdb-tt0121765}.mkv,,,movie,imdb://tt0121765,,unmatched,Star Wars: Episode II - Attack of the Clones
no movie match,0,F:\MediaStack\data\media\movies\Star Wars - Episode III - Revenge of the Sith (2005)\Star Wars Episode III Revenge of the Sith (2005) [Bluray-1080p] {imdb-tt0121766}.mkv,,,movie,imdb://tt0121766,,unmatched,Star Wars: Episode III - Revenge of the Sith
no movie match,0,F:\MediaStack\data\media\movies\Star Wars (1977)\Star Wars (1977) [Bluray-1080p Proper] {imdb-tt0076759}.mkv,,,movie,imdb://tt0076759,,unmatched,Star Wars: Episode IV - A New Hope
no movie match,0,F:\MediaStack\data\media\movies\The Empire Strikes Back (1980)\The Empire Strikes Back (1980) [Bluray-1080p] {imdb-tt0080684}.mkv,,,movie,imdb://tt0080684,,unmatched,Star Wars: Episode V - The Empire Strikes Back
no movie match,0,F:\MediaStack\data\media\movies\Return of the Jedi (1983)\Return of the Jedi (1983) [Bluray-1080p] {imdb-tt0086190}.mp4,,,movie,imdb://tt0086190,,unmatched,Star Wars: Episode VI - Return of the Jedi
no movie match,0,F:\MediaStack\data\media\movies\Star Wars - The Last Jedi (2017)\Star Wars The Last Jedi (2017) [Bluray-1080p] {imdb-tt2527336}.mp4,,,movie,imdb://tt2527336,,unmatched,Star Wars: Episode VIII - The Last Jedi
no movie match,0,F:\MediaStack\data\media\movies\Star Wars - The Force Awakens (2015)\Star Wars The Force Awakens (2015) [Bluray-1080p] {imdb-tt2488496}.mkv,,,movie,imdb://tt29895037,,unmatched,Star Wars: The Force Awakens
no movie match,0,F:\MediaStack\data\media\movies\Star Wars - The Rise of Skywalker (2019)\Star Wars The Rise of Skywalker (2019) [Bluray-1080p Proper] {imdb-tt2527338}.mp4,,,movie,imdb://tt2527338,,unmatched,Star Wars: The Rise Of Skywalker
no movie match,0,F:\MediaStack\data\media\movies\Stardust (2007)\Stardust (2007) [Bluray-1080p] {imdb-tt0486655}.mkv,,,movie,imdb://tt0486655,,unmatched,Stardust
no movie match,0,F:\MediaStack\data\media\movies\Stargirl (2020)\Stargirl (2020) [WEBDL-2160p] {imdb-tt4858674}.mkv,,,movie,imdb://tt4858674,,unmatched,Stargirl
no movie match,0,F:\MediaStack\data\media\movies\Starman (1984)\Starman (1984) [Bluray-1080p] {imdb-tt0088172}.mkv,,,movie,imdb://tt0088172,,unmatched,Starman
no movie match,0,F:\MediaStack\data\media\movies\Starship Troopers (1997)\Starship Troopers (1997) [Bluray-1080p] {imdb-tt0120201}.mkv,,,movie,imdb://tt0120201,,unmatched,Starship Troopers
no movie match,0,F:\MediaStack\data\media\movies\Starsky & Hutch (2004)\Starsky and Hutch (2004) [Bluray-1080p] {imdb-tt0335438}.mkv,,,movie,imdb://tt0335438,,unmatched,Starsky & Hutch
no movie match,0,F:\MediaStack\data\media\movies\State of Grace (1990)\State of Grace (1990) [Bluray-1080p] {imdb-tt0100685}.mkv,,,movie,imdb://tt0100685,,unmatched,State of Grace
no movie match,0,F:\MediaStack\data\media\movies\Step Up (2006)\Step Up (2006) [Bluray-1080p] {imdb-tt0462590}.mkv,,,movie,imdb://tt0462590,,unmatched,Step Up
no movie match,0,F:\MediaStack\data\media\movies\Step Up 2 - The Streets (2008)\Step Up 2 The Streets (2008) [Bluray-1080p Proper] {imdb-tt1023481}.mkv,,,movie,imdb://tt1023481,,unmatched,Step Up 2 the Streets
no movie match,0,F:\MediaStack\data\media\movies\Step Up 3D (2010)\Step Up 3D (2010) [Bluray-1080p] {imdb-tt1193631}.mkv,,,movie,imdb://tt1193631,,unmatched,Step Up 3D
no movie match,0,F:\MediaStack\data\media\movies\Step Up Revolution (2012)\Step Up Revolution (2012) [Bluray-1080p] {imdb-tt1800741}.mkv,,,movie,imdb://tt1800741,,unmatched,Step Up: Revolution
no movie match,0,F:\MediaStack\data\media\movies\Stepmom (1998)\Stepmom (1998) [Bluray-1080p] {imdb-tt0120686}.mp4,,,movie,imdb://tt0120686,,unmatched,Stepmom
no movie match,0,F:\MediaStack\data\media\movies\Stick It (2006)\Stick It (2006) [WEBRip-1080p] {imdb-tt0430634}.mp4,,,movie,imdb://tt0430634,,unmatched,Stick It
no movie match,0,F:\MediaStack\data\media\movies\Storks (2016)\Storks (2016) [Bluray-1080p] {imdb-tt4624424}.mkv,,,movie,imdb://tt4624424,,unmatched,Storks
no movie match,0,F:\MediaStack\data\media\movies\Strange Magic (2015)\Strange Magic (2015) [WEBDL-1080p] {imdb-tt4191054}.mkv,,,movie,imdb://tt4191054,,unmatched,Strange Magic
no movie match,0,F:\MediaStack\data\media\movies\Spirited Away (2001)\Spirited Away (2001) [Bluray-1080p Proper] {imdb-tt0245429}.mkv,,,movie,imdb://tt0245429,,unmatched,Spirited Away
no movie match,0,F:\MediaStack\data\media\movies\Splash (1984)\Splash (1984) [Bluray-1080p] {imdb-tt0088161}.Clean.mp4,,,movie,imdb://tt0088161,,unmatched,Splash
no movie match,0,F:\MediaStack\data\media\movies\Split (2017)\Split (2017) [HDTV-1080p] {imdb-tt4972582}.mp4,,,movie,imdb://tt4972582,,unmatched,Split
no movie match,0,F:\MediaStack\data\media\movies\The SpongeBob Movie - Sponge on the Run (2020)\The SpongeBob Movie Sponge on the Run (2020) [Bluray-1080p] {imdb-tt4823776}.mkv,,,movie,imdb://tt4823776,,unmatched,The SpongeBob Movie: Sponge on the Run
no movie match,0,F:\MediaStack\data\media\movies\The SpongeBob SquarePants Movie (2004)\The SpongeBob SquarePants Movie (2004) [Bluray-1080p] {imdb-tt0345950}.mkv,,,movie,imdb://tt0345950,,unmatched,The SpongeBob SquarePants Movie
no movie match,0,F:\MediaStack\data\media\movies\Spy Kids (2001)\Spy Kids (2001) [Bluray-1080p] {imdb-tt0227538}.mkv,,,movie,imdb://tt0227538,,unmatched,Spy Kids
no movie match,0,F:\MediaStack\data\media\movies\Spy Kids 2 - The Island of Lost Dreams (2002)\Spy Kids 2 The Island of Lost Dreams (2002) [Bluray-1080p] {imdb-tt0287717}.mkv,,,movie,imdb://tt0287717,,unmatched,Spy Kids 2: Island of Lost Dreams
no movie match,0,F:\MediaStack\data\media\movies\Spy Kids 3-D - Game Over (2003)\Spy Kids 3-D Game Over (2003) [Bluray-1080p] {imdb-tt0338459}.mp4,,,movie,imdb://tt0338459,,unmatched,Spy Kids 3: Game Over
no movie match,0,F:\MediaStack\data\media\movies\The Spy Next Door (2010)\The Spy Next Door (2010) [Bluray-1080p] {imdb-tt1273678}.mp4,,,movie,imdb://tt1273678,,unmatched,The Spy Next Door
no movie match,0,F:\MediaStack\data\media\movies\St. Elmo's Fire (1985)\St. Elmos Fire (1985) [Bluray-1080p] {imdb-tt0090060}.mkv,,,movie,imdb://tt0090060,,unmatched,St. Elmo's Fire
no movie match,0,F:\MediaStack\data\media\movies\Stagecoach (1939)\Stagecoach (1939) [Bluray-1080p] {imdb-tt0031971}.mp4,,,movie,imdb://tt0031971,,unmatched,Stagecoach
no movie match,0,F:\MediaStack\data\media\movies\The Star (2017)\The Star (2017) [Bluray-1080p] {imdb-tt4587656}.mkv,,,movie,imdb://tt4587656,,unmatched,The Star
no movie match,0,F:\MediaStack\data\media\movies\The Star Packer (1934)\The Star Packer (1934) [WEBDL-480p] {imdb-tt0025830}.mkv,,,movie,imdb://tt0025830,,unmatched,The Star Packer
no movie match,0,F:\MediaStack\data\media\movies\Star Trek - Insurrection (1998)\Star Trek Insurrection (1998) [Bluray-1080p] {imdb-tt0120844}.mkv,,,movie,imdb://tt0120844,,unmatched,Star Trek: Insurrection
no movie match,0,F:\MediaStack\data\media\movies\Star Trek - The Motion Picture (1979)\Star Trek The Motion Picture (1979) [Bluray-1080p] {imdb-tt0079945}.mkv,,,movie,imdb://tt0079945,,unmatched,Star Trek: The Motion Picture
no movie match,0,F:\MediaStack\data\media\movies\Space Jam (1996)\Space Jam (1996) [Bluray-1080p] {imdb-tt0117705}.mkv,,,movie,imdb://tt0117705,,unmatched,Space Jam
no movie match,0,F:\MediaStack\data\media\movies\Space Jam - A New Legacy (2021)\Space Jam A New Legacy (2021) [Bluray-1080p] {imdb-tt3554046}.mp4,,,movie,imdb://tt3554046,,unmatched,Space Jam: A New Legacy
no movie match,0,F:\MediaStack\data\media\movies\Species (1995)\Species (1995) [Bluray-1080p] {imdb-tt0114508}.mkv,,,movie,imdb://tt0114508,,unmatched,Species
no movie match,0,F:\MediaStack\data\media\movies\Species II (1998)\Species II (1998) [Bluray-1080p] {imdb-tt0120841}.mkv,,,movie,imdb://tt0120841,,unmatched,Species II
no movie match,0,F:\MediaStack\data\media\movies\Speed (1994)\Speed (1994) [Bluray-1080p] {imdb-tt0111257}.mp4,,,movie,imdb://tt0111257,,unmatched,Speed
no movie match,0,F:\MediaStack\data\media\movies\Speed Racer (2008)\Speed Racer (2008) [Bluray-1080p] {imdb-tt0811080}.mkv,,,movie,imdb://tt0811080,,unmatched,Speed Racer
no movie match,0,F:\MediaStack\data\media\movies\Spider-Man - Homecoming (2017)\Spider-Man Homecoming (2017) [Bluray-1080p] {imdb-tt2250912}.mkv,,,movie,imdb://tt2250912,,unmatched,Spider-Man: Homecoming
no movie match,0,F:\MediaStack\data\media\movies\Spies in Disguise (2019)\Spies in Disguise (2019) [Bluray-1080p Proper] {imdb-tt5814534}.mkv,,,movie,imdb://tt5814534,,unmatched,Spies in Disguise
no movie match,0,F:\MediaStack\data\media\movies\Spirit Untamed (2021)\Spirit Untamed (2021) [Bluray-1080p] {imdb-tt11084896}.mkv,,,movie,imdb://tt11084896,,unmatched,Spirit Untamed
no movie match,0,F:\MediaStack\data\media\movies\Spirit - Stallion of the Cimarron (2002)\Spirit Stallion of the Cimarron (2002) [Bluray-1080p] {imdb-tt0166813}.mp4,,,movie,imdb://tt0166813,,unmatched,Spirit: Stallion of the Cimarron
no movie match,0,F:\MediaStack\data\media\movies\Smurfs - The Lost Village (2017)\Smurfs The Lost Village (2017) [WEBDL-1080p] {imdb-tt2398241}.mkv,,,movie,imdb://tt2398241,,unmatched,Smurfs: The Lost Village
no movie match,0,F:\MediaStack\data\media\movies\Snake Eyes - G.I. Joe Origins (2021)\Snake Eyes G.I. Joe Origins (2021) [Bluray-1080p] {imdb-tt8404256}.mkv,,,movie,imdb://tt8404256,,unmatched,Snake Eyes
no movie match,0,F:\MediaStack\data\media\movies\Snow Day (2000)\Snow Day (2000) [DVD] {imdb-tt0184907}.mkv,,,movie,imdb://tt0184907,,unmatched,Snow Day
no movie match,0,F:\MediaStack\data\media\movies\Snow Dogs (2002)\Snow Dogs (2002) [Bluray-1080p] {imdb-tt0281373}.mp4,,,movie,imdb://tt0281373,,unmatched,Snow Dogs
no movie match,0,F:\MediaStack\data\media\movies\Snow White (2025)\Snow White (2025) [Bluray-1080p] {imdb-tt6208148}.mp4,,,movie,imdb://tt6208148,,unmatched,Snow White
no movie match,0,F:\MediaStack\data\media\movies\Snow White and the Seven Dwarfs (1938)\Snow White and the Seven Dwarfs (1938) [Bluray-1080p] {imdb-tt0029583}.mkv,,,movie,imdb://tt0029583,,unmatched,Snow White and the Seven Dwarfs
no movie match,0,F:\MediaStack\data\media\movies\Solo - A Star Wars Story (2018)\Solo A Star Wars Story (2018) [Bluray-1080p Proper] {imdb-tt3778644}.mkv,,,movie,imdb://tt3778644,,unmatched,Solo: A Star Wars Story
no movie match,0,F:\MediaStack\data\media\movies\The Soloist (2009)\The Soloist (2009) [Bluray-1080p] {imdb-tt0821642}.mkv,,,movie,imdb://tt0821642,,unmatched,The Soloist
no movie match,0,F:\MediaStack\data\media\movies\Some Kind of Wonderful (1987)\Some Kind of Wonderful (1987) [Bluray-1080p] {imdb-tt0094006}.mkv,,,movie,imdb://tt0094006,,unmatched,Some Kind of Wonderful
no movie match,0,F:\MediaStack\data\media\movies\Some Like It Hot (1959)\Some Like It Hot (1959) [Bluray-1080p Proper] {imdb-tt0053291}.mkv,,,movie,imdb://tt0053291,,unmatched,Some Like It Hot
no movie match,0,F:\MediaStack\data\media\movies\Something Wicked This Way Comes (1983)\Something Wicked This Way Comes (1983) [HDTV-720p] {imdb-tt0086336}.mkv,,,movie,imdb://tt0086336,,unmatched,Something Wicked This Way Comes
no movie match,0,F:\MediaStack\data\media\movies\The Sorcerer's Apprentice (2010)\The Sorcerers Apprentice (2010) [WEBDL-1080p] {imdb-tt0963966}.mkv,,,movie,imdb://tt0963966,,unmatched,The Sorcerer's Apprentice
no movie match,0,F:\MediaStack\data\media\movies\Soul (2020)\Soul (2020) [Bluray-1080p] {imdb-tt2948372}.mp4,,,movie,imdb://tt2948372,,unmatched,Soul
no movie match,0,F:\MediaStack\data\media\movies\The Sound of Music (1965)\The Sound of Music (1965) [Bluray-1080p Proper] {imdb-tt0059742}.mkv,,,movie,imdb://tt0059742,,unmatched,The Sound of Music
no movie match,0,F:\MediaStack\data\media\movies\Space Cowboys (2000)\Space Cowboys (2000) [Bluray-1080p] {imdb-tt0186566}.mp4,,,movie,imdb://tt0186566,,unmatched,Space Cowboys
no movie match,0,F:\MediaStack\data\media\movies\Sinbad - Legend of the Seven Seas (2003)\Sinbad Legend of the Seven Seas (2003) [Bluray-1080p] {imdb-tt0165982}.mkv,,,movie,imdb://tt0165982,,unmatched,Sinbad: Legend of the Seven Seas
no movie match,0,F:\MediaStack\data\media\movies\Sing 2 (2021)\Sing 2 (2021) [Bluray-1080p] {imdb-tt6467266}.mkv,,,movie,imdb://tt6467266,,unmatched,Sing 2
no movie match,0,F:\MediaStack\data\media\movies\Singin' in the Rain (1952)\Singin in the Rain (1952) [Bluray-1080p] {imdb-tt0045152}.mkv,,,movie,imdb://tt0045152,,unmatched,Singin' in the Rain
no movie match,0,F:\MediaStack\data\media\movies\The Singles Ward (2002)\The Singles Ward (2002) [SDTV] {imdb-tt0306069}.m4v,,,movie,imdb://tt0306069,,unmatched,The Singles Ward
no movie match,0,F:\MediaStack\data\media\movies\Sister Act (1992)\Sister Act (1992) [Bluray-1080p] {imdb-tt0105417}.mp4,,,movie,imdb://tt0105417,,unmatched,Sister Act
no movie match,0,F:\MediaStack\data\media\movies\Sister Act 2 - Back in the Habit (1993)\Sister Act 2 Back in the Habit (1993) [Bluray-1080p] {imdb-tt0108147}.mkv,,,movie,imdb://tt0108147,,unmatched,Sister Act 2: Back in the Habit
no movie match,0,F:\MediaStack\data\media\movies\The Sisterhood of the Traveling Pants (2005)\The Sisterhood of the Traveling Pants (2005) [WEBRip-1080p] {imdb-tt0403508}.mkv,,,movie,imdb://tt0403508,,unmatched,The Sisterhood of the Traveling Pants
no movie match,0,F:\MediaStack\data\media\movies\The Sisterhood of the Traveling Pants 2 (2008)\The Sisterhood of the Traveling Pants 2 (2008) [DVD] {imdb-tt1018785}.avi,,,movie,imdb://tt1018785,,unmatched,The Sisterhood of the Traveling Pants 2
no movie match,0,F:\MediaStack\data\media\movies\The Sixth Sense (1999)\The Sixth Sense (1999) [Bluray-1080p] {imdb-tt0167404}.mp4,,,movie,imdb://tt0167404,,unmatched,The Sixth Sense
no movie match,0,F:\MediaStack\data\media\movies\Sky Captain and the World of Tomorrow (2004)\Sky Captain and the World of Tomorrow (2004) [Bluray-1080p] {imdb-tt0346156}.mp4,,,movie,imdb://tt0346156,,unmatched,Sky Captain and the World of Tomorrow
no movie match,0,F:\MediaStack\data\media\movies\Sleeping Beauty (1959)\Sleeping Beauty (1959) [Bluray-1080p] {imdb-tt0053285}.mkv,,,movie,imdb://tt0053285,,unmatched,Sleeping Beauty
no movie match,0,F:\MediaStack\data\media\movies\Sliding Doors (1998)\Sliding Doors (1998) [Bluray-1080p] {imdb-tt0120148}.mp4,,,movie,imdb://tt0120148,,unmatched,Sliding Doors
no movie match,0,F:\MediaStack\data\media\movies\Small Soldiers (1998)\Small Soldiers (1998) [Bluray-1080p] {imdb-tt0122718}.mp4,,,movie,imdb://tt0122718,,unmatched,Small Soldiers
no movie match,0,F:\MediaStack\data\media\movies\Smokin' Aces (2006)\Smokin Aces (2006) [Bluray-1080p] {imdb-tt0475394}.mkv,,,movie,imdb://tt0475394,,unmatched,Smokin' Aces
no movie match,0,F:\MediaStack\data\media\movies\Smurfs (2025)\Smurfs (2025) [Bluray-1080p] {imdb-tt18069420}.mkv,,,movie,imdb://tt18069420,,unmatched,Smurfs
no movie match,0,F:\MediaStack\data\media\movies\The Smurfs - A Christmas Carol (2011)\The Smurfs A Christmas Carol (2011) [WEBRip-720p] {imdb-tt2062677}.mp4,,,movie,imdb://tt2062677,,unmatched,The Smurfs: A Christmas Carol
no movie match,0,F:\MediaStack\data\media\movies\She's All That (1999)\Shes All That (1999) [Bluray-1080p] {imdb-tt0160862}.mp4,,,movie,imdb://tt0160862,,unmatched,She's All That
no movie match,0,F:\MediaStack\data\media\movies\Shenandoah (1965)\Shenandoah (1965) [WEBDL-480p] {imdb-tt0059711}.mkv,,,movie,imdb://tt0059711,,unmatched,Shenandoah
no movie match,0,F:\MediaStack\data\media\movies\Sherlock Holmes (2009)\Sherlock Holmes (2009) [Bluray-1080p] {imdb-tt0988045}.mkv,,,movie,imdb://tt0988045,,unmatched,Sherlock Holmes
no movie match,0,F:\MediaStack\data\media\movies\Sherlock Holmes - A Game of Shadows (2011)\Sherlock Holmes A Game of Shadows (2011) [Bluray-1080p] {imdb-tt1515091}.mkv,,,movie,imdb://tt1515091,,unmatched,Sherlock Holmes: A Game of Shadows
no movie match,0,F:\MediaStack\data\media\movies\Shiloh (1996)\Shiloh (1996) [Bluray-1080p] {imdb-tt0120118}.mkv,,,movie,imdb://tt0120118,,unmatched,Shiloh
no movie match,0,F:\MediaStack\data\media\movies\Shin Godzilla (2016)\Shin Godzilla (2016) [Bluray-1080p] {imdb-tt4262980}.mkv,,,movie,imdb://tt4262980,,unmatched,Shin Godzilla
no movie match,0,F:\MediaStack\data\media\movies\Shine (1996)\Shine (1996) [Bluray-1080p] {imdb-tt0117631}.mkv,,,movie,imdb://tt0117631,,unmatched,Shine
no movie match,0,F:\MediaStack\data\media\movies\The Shining (1980)\The Shining (1980) [Bluray-1080p] {imdb-tt0081505}.mp4,,,movie,imdb://tt0081505,,unmatched,The Shining
no movie match,0,F:\MediaStack\data\media\movies\The Shop Around the Corner (1940)\The Shop Around the Corner (1940) [WEBRip-720p] {imdb-tt0033045}.mkv,,,movie,imdb://tt0033045,,unmatched,The Shop Around the Corner
no movie match,0,F:\MediaStack\data\media\movies\Shrek the Halls (2007)\Shrek the Halls (2007) [Bluray-1080p] {imdb-tt0897387}.mkv,,,movie,imdb://tt0897387,,unmatched,Shrek the Halls
no movie match,0,F:\MediaStack\data\media\movies\Signs (2002)\Signs (2002) [Bluray-1080p] {imdb-tt0286106}.mkv,,,movie,imdb://tt0286106,,unmatched,Signs
no movie match,0,F:\MediaStack\data\media\movies\A Silent Voice - The Movie (2016)\A Silent Voice The Movie (2016) [Bluray-1080p] {imdb-tt5323662}.mkv,,,movie,imdb://tt5323662,,unmatched,A Silent Voice: The Movie
no movie match,0,F:\MediaStack\data\media\movies\Simon Birch (1998)\Simon Birch (1998) [WEBDL-1080p] {imdb-tt0124879}.mkv,,,movie,imdb://tt0124879,,unmatched,Simon Birch
no movie match,0,F:\MediaStack\data\media\movies\A Simple Wish (1997)\A Simple Wish (1997) [Bluray-720p] {imdb-tt0120133}.mp4,,,movie,imdb://tt0120133,,unmatched,A Simple Wish
no movie match,0,F:\MediaStack\data\media\movies\The Simpsons Movie (2007)\The Simpsons Movie (2007) [Bluray-1080p] {imdb-tt0462538}.mp4,,,movie,imdb://tt0462538,,unmatched,The Simpsons Movie
no movie match,0,F:\MediaStack\data\media\movies\Sense and Sensibility (1995)\Sense and Sensibility (1995) [Bluray-1080p] {imdb-tt0114388}.mkv,,,movie,imdb://tt0114388,,unmatched,Sense and Sensibility
no movie match,0,F:\MediaStack\data\media\movies\A Separation (2011)\A Separation (2011) [Bluray-1080p] {imdb-tt1832382}.mkv,,,movie,imdb://tt1832382,,unmatched,A Separation
no movie match,0,F:\MediaStack\data\media\movies\Serendipity (2001)\Serendipity (2001) [Bluray-1080p] {imdb-tt0240890}.mkv,,,movie,imdb://tt0240890,,unmatched,Serendipity
no movie match,0,F:\MediaStack\data\media\movies\Lemony Snicket's A Series of Unfortunate Events (2004)\Lemony Snickets A Series of Unfortunate Events (2004) [Bluray-1080p] {imdb-tt0339291}.mkv,,,movie,imdb://tt0339291,,unmatched,A Series of Unfortunate Events
no movie match,0,F:\MediaStack\data\media\movies\Serving Sara (2002)\Serving Sara (2002) [WEBDL-1080p] {imdb-tt0261289}.mkv,,,movie,imdb://tt0261289,,unmatched,Serving Sara
no movie match,0,F:\MediaStack\data\media\movies\The Set-Up (1949)\The Set-Up (1949) [Bluray-1080p] {imdb-tt0041859}.mkv,,,movie,imdb://tt0041859,,unmatched,The Set-Up
no movie match,0,F:\MediaStack\data\media\movies\Seven Brides for Seven Brothers (1954)\Seven Brides for Seven Brothers (1954) [Bluray-1080p] {imdb-tt0047472}.mkv,,,movie,imdb://tt0047472,,unmatched,Seven Brides for Seven Brothers
no movie match,0,F:\MediaStack\data\media\movies\Seven Samurai (1954)\Seven Samurai (1954) [Bluray-1080p] {imdb-tt0047478}.mp4,,,movie,imdb://tt0047478,,unmatched,Seven Samurai
no movie match,0,F:\MediaStack\data\media\movies\The Seven Year Itch (1955)\The Seven Year Itch (1955) [Bluray-1080p] {imdb-tt0048605}.mkv,,,movie,imdb://tt0048605,,unmatched,The Seven Year Itch
no movie match,0,F:\MediaStack\data\media\movies\The Shadow of the Eagle (1932)\The Shadow of the Eagle (1932) [WEBDL-480p] {imdb-tt0023456}.mkv,,,movie,imdb://tt0023456,,unmatched,The Shadow of the Eagle
no movie match,0,F:\MediaStack\data\media\movies\The Shaggy Dog (1959)\The Shaggy Dog (1959) [WEBDL-1080p] {imdb-tt0053271}.mkv,,,movie,imdb://tt0053271,,unmatched,The Shaggy Dog
no movie match,0,F:\MediaStack\data\media\movies\The Shaggy Dog (2006)\The Shaggy Dog (2006) [WEBDL-720p] {imdb-tt0393735}.mkv,,,movie,imdb://tt0393735,,unmatched,The Shaggy Dog
no movie match,0,F:\MediaStack\data\media\movies\Shang-Chi and the Legend of the Ten Rings (2021)\Shang-Chi and the Legend of the Ten Rings (2021) [Bluray-1080p] {imdb-tt9376612}.mp4,,,movie,imdb://tt9376612,,unmatched,Shang-Chi and the Legend of the Ten Rings
no movie match,0,F:\MediaStack\data\media\movies\Shanghai Knights (2003)\Shanghai Knights (2003) [Bluray-1080p] {imdb-tt0300471}.mp4,,,movie,imdb://tt0300471,,unmatched,Shanghai Knights
no movie match,0,F:\MediaStack\data\media\movies\Shanghai Noon (2000)\Shanghai Noon (2000) [Bluray-1080p Proper] {imdb-tt0184894}.mp4,,,movie,imdb://tt0184894,,unmatched,Shanghai Noon
no movie match,0,F:\MediaStack\data\media\movies\Shaun the Sheep Movie (2015)\Shaun the Sheep Movie (2015) [Bluray-1080p] {imdb-tt2872750}.mkv,,,movie,imdb://tt2872750,,unmatched,Shaun the Sheep Movie
no movie match,0,F:\MediaStack\data\media\movies\The Shawshank Redemption (1994)\The Shawshank Redemption (1994) [Bluray-1080p] {imdb-tt0111161}.mkv,,,movie,imdb://tt0111161,,unmatched,The Shawshank Redemption
no movie match,0,F:\MediaStack\data\media\movies\Shazam! (2019)\Shazam! (2019) [Bluray-1080p] {imdb-tt0448115}.mp4,,,movie,imdb://tt0448115,,unmatched,Shazam!
no movie match,0,F:\MediaStack\data\media\movies\Shazam! Fury of the Gods (2023)\Shazam! Fury of the Gods (2023) [Bluray-1080p] {imdb-tt10151854}.mkv,,,movie,imdb://tt10151854,,unmatched,Shazam! Fury of the Gods
no movie match,0,F:\MediaStack\data\media\movies\Scooby-Doo 2 - Monsters Unleashed (2004)\Scooby-Doo 2 Monsters Unleashed (2004) [Bluray-1080p] {imdb-tt0331632}.mp4,,,movie,imdb://tt0331632,,unmatched,Scooby-Doo 2: Monsters Unleashed
no movie match,0,F:\MediaStack\data\media\movies\The Scorpion King (2002)\The Scorpion King (2002) [Bluray-1080p] {imdb-tt0277296}.mp4,,,movie,imdb://tt0277296,,unmatched,The Scorpion King
ambiguous movie title match,0,F:\MediaStack\data\media\movies\Scream (1996)\Scream (1996) [Bluray-1080p] {imdb-tt0117571}.mkv,,,movie,imdb://tt0117571,,unmatched,Scream
no movie match,0,F:\MediaStack\data\media\movies\Se7en (1995)\Se7en (1995) [Bluray-1080p] {imdb-tt0114369}.mkv,,,movie,imdb://tt0114369,,unmatched,Se7en
no movie match,0,F:\MediaStack\data\media\movies\Seabiscuit (2003)\Seabiscuit (2003) [Bluray-1080p] {imdb-tt0329575}.mkv,,,movie,imdb://tt0329575,,unmatched,Seabiscuit
no movie match,0,F:\MediaStack\data\media\movies\The Searchers (1956)\The Searchers (1956) [Bluray-1080p] {imdb-tt0049730}.mp4,,,movie,imdb://tt0049730,,unmatched,The Searchers
no movie match,0,F:\MediaStack\data\media\movies\Secondhand Lions (2003)\Secondhand Lions (2003) [Bluray-1080p] {imdb-tt0327137}.mkv,,,movie,imdb://tt0327137,,unmatched,Secondhand Lions
no movie match,0,F:\MediaStack\data\media\movies\The Secret Garden (1993)\The Secret Garden (1993) [Bluray-1080p] {imdb-tt0108071}.mp4,,,movie,imdb://tt0108071,,unmatched,The Secret Garden
no movie match,0,F:\MediaStack\data\media\movies\The Secret Garden (2020)\The Secret Garden (2020) [Bluray-1080p] {imdb-tt2702920}.mkv,,,movie,imdb://tt2702920,,unmatched,The Secret Garden
no movie match,0,F:\MediaStack\data\media\movies\The Secret Life of Pets 2 (2019)\The Secret Life of Pets 2 (2019) [WEBRip-1080p] {imdb-tt5113040}.mp4,,,movie,imdb://tt5113040,,unmatched,The Secret Life of Pets 2
no movie match,0,F:\MediaStack\data\media\movies\The Secret Life of Walter Mitty (2013)\The Secret Life of Walter Mitty (2013) [Bluray-1080p] {imdb-tt0359950}.mp4,,,movie,imdb://tt0359950,,unmatched,The Secret Life of Walter Mitty
no movie match,0,F:\MediaStack\data\media\movies\The Secret of NIMH (1982)\The Secret of NIMH (1982) [Bluray-1080p] {imdb-tt0084649}.mp4,,,movie,imdb://tt0084649,,unmatched,The Secret of NIMH
no movie match,0,F:\MediaStack\data\media\movies\The Secret of NIMH 2 - Timmy to the Rescue (1998)\The Secret of NIMH 2 Timmy to the Rescue (1998) [WEBRip-1080p] {imdb-tt0171725}.mp4,,,movie,imdb://tt0171725,,unmatched,The Secret of NIMH 2: Timmy to the Rescue
no movie match,0,F:\MediaStack\data\media\movies\The Secret of Roan Inish (1994)\The Secret of Roan Inish (1994) [WEBRip-1080p] {imdb-tt0111112}.mp4,,,movie,imdb://tt0111112,,unmatched,The Secret of Roan Inish
no movie match,0,F:\MediaStack\data\media\movies\The Secret World of Arrietty (2010)\The Secret World of Arrietty (2010) [Bluray-1080p] {imdb-tt1568921}.m4v,,,movie,imdb://tt1568921,,unmatched,The Secret World of Arrietty
no movie match,0,F:\MediaStack\data\media\movies\Secretariat (2010)\Secretariat (2010) [Bluray-1080p] {imdb-tt1028576}.mp4,,,movie,imdb://tt1028576,,unmatched,Secretariat
no movie match,0,F:\MediaStack\data\media\movies\See Spot Run (2001)\See Spot Run (2001) [WEBDL-720p] {imdb-tt0250720}.mkv,,,movie,imdb://tt0250720,,unmatched,See Spot Run
no movie match,0,F:\MediaStack\data\media\movies\Selena (1997)\Selena (1997) [Bluray-1080p] {imdb-tt0120094}.mp4,,,movie,imdb://tt0120094,,unmatched,Selena
no movie match,0,F:\MediaStack\data\media\movies\Semi-Pro (2008)\Semi-Pro (2008) [Bluray-1080p] {imdb-tt0839980}.mp4,,,movie,imdb://tt0839980,,unmatched,Semi-Pro
no movie match,0,F:\MediaStack\data\media\movies\Senna (2010)\Senna (2010) [Bluray-1080p] {imdb-tt1424432}.mkv,,,movie,imdb://tt1424432,,unmatched,Senna
no movie match,0,F:\MediaStack\data\media\movies\San Andreas (2015)\San Andreas (2015) [Bluray-1080p] {imdb-tt2126355}.mp4,,,movie,imdb://tt2126355,,unmatched,San Andreas
no movie match,0,F:\MediaStack\data\media\movies\The Sandlot (1993)\The Sandlot (1993) [Bluray-1080p] {imdb-tt0108037}.mp4,,,movie,imdb://tt0108037,,unmatched,The Sandlot
no movie match,0,F:\MediaStack\data\media\movies\Santa Claus Is Comin' to Town (1970)\Santa Claus Is Comin to Town (1970) [Bluray-1080p] {imdb-tt0066327}.mp4,,,movie,imdb://tt0066327,,unmatched,Santa Claus Is Comin' to Town
no movie match,0,F:\MediaStack\data\media\movies\The Santa Clause (1994)\The Santa Clause (1994) [Bluray-1080p] {imdb-tt0111070}.mp4,,,movie,imdb://tt0111070,,unmatched,The Santa Clause
no movie match,0,F:\MediaStack\data\media\movies\The Santa Clause 2 (2002)\The Santa Clause 2 (2002) [Bluray-1080p] {imdb-tt0304669}.mkv,,,movie,imdb://tt0304669,,unmatched,The Santa Clause 2
no movie match,0,F:\MediaStack\data\media\movies\The Santa Clause 3 - The Escape Clause (2006)\The Santa Clause 3 The Escape Clause (2006) [Bluray-1080p] {imdb-tt0452681}.mkv,,,movie,imdb://tt0452681,,unmatched,The Santa Clause 3: The Escape Clause
no movie match,0,F:\MediaStack\data\media\movies\Saturday Night Live - The Best of Chris Farley (2003)\Saturday Night Live The Best of Chris Farley (2003) [WEBDL-480p] {imdb-tt0500100}.mkv,,,movie,imdb://tt0500100,,unmatched,Saturday Night Live: The Best of Chris Farley
no movie match,0,F:\MediaStack\data\media\movies\Saturday Night Live - The Best of Will Ferrell (2002)\Saturday Night Live The Best of Will Ferrell (2002) [WEBDL-480p] {imdb-tt0382275}.mkv,,,movie,imdb://tt0382275,,unmatched,Saturday Night Live: The Best of Will Ferrell
no movie match,0,F:\MediaStack\data\media\movies\Saturday Night Live - The Best of Will Ferrell - Volume 2 (2004)\Saturday Night Live The Best of Will Ferrell Volume 2 (2004) [WEBDL-480p] {imdb-tt0477851}.mkv,,,movie,imdb://tt0477851,,unmatched,Saturday Night Live: The Best of Will Ferrell - Volume 2
no movie match,0,F:\MediaStack\data\media\movies\Save the Last Dance (2001)\Save the Last Dance (2001) [Bluray-1080p] {imdb-tt0206275}.mp4,,,movie,imdb://tt0206275,,unmatched,Save the Last Dance
no movie match,0,F:\MediaStack\data\media\movies\Saving Mr. Banks (2013)\Saving Mr. Banks (2013) [Bluray-1080p] {imdb-tt2140373}.mkv,,,movie,imdb://tt2140373,,unmatched,Saving Mr. Banks
no movie match,0,F:\MediaStack\data\media\movies\Saving Silverman (2001)\Saving Silverman (2001) [WEBRip-720p] {imdb-tt0239948}.mp4,,,movie,imdb://tt0239948,,unmatched,Saving Silverman
no movie match,0,F:\MediaStack\data\media\movies\Scooby-Doo (2002)\Scooby-Doo (2002) [Bluray-1080p] {imdb-tt0267913}.mp4,,,movie,imdb://tt0267913,,unmatched,Scooby-Doo
no movie match,0,F:\MediaStack\data\media\movies\Rope (1948)\Rope (1948) [Bluray-1080p] {imdb-tt0040746}.mkv,,,movie,imdb://tt0040746,,unmatched,Rope
no movie match,0,F:\MediaStack\data\media\movies\Rover Dangerfield (1991)\Rover Dangerfield (1991) [Bluray-720p] {imdb-tt0102813}.mp4,,,movie,imdb://tt0102813,,unmatched,Rover Dangerfield
no movie match,0,F:\MediaStack\data\media\movies\A Royal Affair (2012)\A Royal Affair (2012) [Bluray-1080p] {imdb-tt1276419}.mkv,,,movie,imdb://tt1276419,,unmatched,A Royal Affair
no movie match,0,F:\MediaStack\data\media\movies\The Royal Tenenbaums (2001)\The Royal Tenenbaums (2001) [Bluray-1080p] {imdb-tt0265666}.mp4,,,movie,imdb://tt0265666,,unmatched,The Royal Tenenbaums
no movie match,0,"F:\MediaStack\data\media\movies\Ruby Gillman, Teenage Kraken (2023)\Ruby Gillman Teenage Kraken (2023) [WEBRip-1080p] {imdb-tt27155038}.mkv",,,movie,imdb://tt27155038,,unmatched,Ruby Gillman: Teenage Kraken
no movie match,0,F:\MediaStack\data\media\movies\Rudolph the Red-Nosed Reindeer (1964)\Rudolph the Red-Nosed Reindeer (1964) [Bluray-1080p] {imdb-tt0058536}.mp4,,,movie,imdb://tt0058536,,unmatched,Rudolph the Red-Nosed Reindeer
no movie match,0,F:\MediaStack\data\media\movies\Rugrats in Paris - The Movie (2000)\Rugrats in Paris The Movie (2000) [WEBRip-1080p] {imdb-tt0213203}.mkv,,,movie,imdb://tt0213203,,unmatched,Rugrats in Paris
no movie match,0,F:\MediaStack\data\media\movies\The Rugrats Movie (1998)\The Rugrats Movie (1998) [WEBDL-1080p] {imdb-tt0134067}.mkv,,,movie,imdb://tt0134067,,unmatched,The Rugrats Movie
no movie match,0,F:\MediaStack\data\media\movies\Rumble (2021)\Rumble (2021) [Bluray-1080p] {imdb-tt8337158}.mkv,,,movie,imdb://tt8337158,,unmatched,Rumble
no movie match,0,F:\MediaStack\data\media\movies\Runaway Bride (1999)\Runaway Bride (1999) [Bluray-1080p] {imdb-tt0163187}.mkv,,,movie,imdb://tt0163187,,unmatched,Runaway Bride
no movie match,0,F:\MediaStack\data\media\movies\Runaway Jury (2003)\Runaway Jury (2003) [Bluray-1080p] {imdb-tt0313542}.mp4,,,movie,imdb://tt0313542,,unmatched,Runaway Jury
ambiguous movie title match,0,F:\MediaStack\data\media\movies\The Running Man (1987)\The Running Man (1987) [Bluray-1080p] {imdb-tt0093894}.mkv,,,movie,imdb://tt0093894,,unmatched,The Running Man
ambiguous movie title match,0,F:\MediaStack\data\media\movies\The Running Man (2025)\The Running Man (2025) [Bluray-1080p] {imdb-tt14107334}.mkv,,,movie,imdb://tt14107334,,unmatched,The Running Man
no movie match,0,F:\MediaStack\data\media\movies\Running Scared (2006)\Running Scared (2006) [Bluray-1080p] {imdb-tt0404390}.mkv,,,movie,imdb://tt0404390,,unmatched,Running Scared
ambiguous movie title match,0,F:\MediaStack\data\media\movies\Rush (2013)\Rush (2013) [Bluray-1080p] {imdb-tt1979320}.mkv,,,movie,imdb://tt1979320,,unmatched,Rush
no movie match,0,F:\MediaStack\data\media\movies\Rush Hour (1998)\Rush Hour (1998) [Bluray-1080p Proper] {imdb-tt0120812}.mp4,,,movie,imdb://tt0120812,,unmatched,Rush Hour
no movie match,0,F:\MediaStack\data\media\movies\Rush Hour 2 (2001)\Rush Hour 2 (2001) [Bluray-1080p] {imdb-tt0266915}.mkv,,,movie,imdb://tt0266915,,unmatched,Rush Hour 2
no movie match,0,F:\MediaStack\data\media\movies\Rush Hour 3 (2007)\Rush Hour 3 (2007) [Bluray-1080p] {imdb-tt0293564}.mp4,,,movie,imdb://tt0293564,,unmatched,Rush Hour 3
no movie match,0,F:\MediaStack\data\media\movies\Rushmore (1998)\Rushmore (1998) [Bluray-1080p] {imdb-tt0128445}.mp4,,,movie,imdb://tt0128445,,unmatched,Rushmore
no movie match,0,F:\MediaStack\data\media\movies\Russell Brand - Doing Life Live (2007)\Russell Brand Doing Life Live (2007) [SDTV] {imdb-tt1294207}.avi,,,movie,imdb://tt1294207,,unmatched,Russell Brand: Doing Life - Live
no movie match,0,F:\MediaStack\data\media\movies\S.W.A.T. (2003)\S.W.A.T. (2003) [Bluray-1080p] {imdb-tt0257076}.mp4,,,movie,imdb://tt0257076,,unmatched,S.W.A.T.
ambiguous movie title match,0,F:\MediaStack\data\media\movies\Sabrina (1954)\Sabrina (1954) [Bluray-1080p] {imdb-tt0047437}.mkv,,,movie,imdb://tt0047437,,unmatched,Sabrina
ambiguous movie title match,0,F:\MediaStack\data\media\movies\Sabrina (1995)\Sabrina (1995) [Bluray-1080p] {imdb-tt0114319}.mkv,,,movie,imdb://tt0114319,,unmatched,Sabrina
no movie match,0,F:\MediaStack\data\media\movies\Sabrina the Teenage Witch (1996)\Sabrina the Teenage Witch (1996) [WEBRip-1080p] {imdb-tt0117534}.mkv,,,movie,imdb://tt0117534,,unmatched,Sabrina the Teenage Witch
no movie match,0,F:\MediaStack\data\media\movies\Sagebrush Trail (1933)\Sagebrush Trail (1933) [WEBDL-480p] {imdb-tt0024516}.mkv,,,movie,imdb://tt0024516,,unmatched,Sagebrush Trail
no movie match,0,F:\MediaStack\data\media\movies\Robin Hood - Men in Tights (1993)\Robin Hood Men in Tights (1993) [Bluray-1080p] {imdb-tt0107977}.mp4,,,movie,imdb://tt0107977,,unmatched,Robin Hood: Men in Tights
no movie match,0,F:\MediaStack\data\media\movies\RoboCop 2 (1990)\RoboCop 2 (1990) [Bluray-1080p] {imdb-tt0100502}.mp4,,,movie,imdb://tt0100502,,unmatched,RoboCop 2
no movie match,0,F:\MediaStack\data\media\movies\Robots (2005)\Robots (2005) [Bluray-1080p] {imdb-tt0358082}.mkv,,,movie,imdb://tt0358082,,unmatched,Robots
no movie match,0,F:\MediaStack\data\media\movies\The Rock (1996)\The Rock (1996) [Bluray-1080p] {imdb-tt0117500}.mkv,,,movie,imdb://tt0117500,,unmatched,The Rock
no movie match,0,F:\MediaStack\data\media\movies\Rock Dog (2016)\Rock Dog (2016) [Bluray-1080p] {imdb-tt2822672}.mp4,,,movie,imdb://tt2822672,,unmatched,Rock Dog
no movie match,0,F:\MediaStack\data\media\movies\Rock of Ages (2012)\Rock of Ages (2012) [Bluray-1080p] {imdb-tt1336608}.mp4,,,movie,imdb://tt1336608,,unmatched,Rock of Ages
no movie match,0,F:\MediaStack\data\media\movies\Rock-A-Doodle (1991)\Rock-A-Doodle (1991) [Bluray-1080p] {imdb-tt0102802}.mp4,,,movie,imdb://tt0102802,,unmatched,Rock-A-Doodle
no movie match,0,F:\MediaStack\data\media\movies\The Rocker (2008)\The Rocker (2008) [Bluray-1080p] {imdb-tt1031969}.mp4,,,movie,imdb://tt1031969,,unmatched,The Rocker
no movie match,0,F:\MediaStack\data\media\movies\Rodney Yee Intermediate Yoga (2004)\Rodney Yee Intermediate Yoga (2004) [Unknown].mkv,,,movie,tmdb://448816,,unmatched,Rodney Yee Intermediate Yoga
no movie match,0,F:\MediaStack\data\media\movies\Rogue One - A Star Wars Story (2016)\Rogue One A Star Wars Story (2016) [Bluray-1080p] {imdb-tt3748528}.mkv,,,movie,imdb://tt3748528,,unmatched,Rogue One: A Star Wars Story
no movie match,0,F:\MediaStack\data\media\movies\Ron's Gone Wrong (2021)\Rons Gone Wrong (2021) [Bluray-1080p] {imdb-tt7504818}.mkv,,,movie,imdb://tt7504818,,unmatched,Ron's Gone Wrong
no movie match,0,F:\MediaStack\data\media\movies\The Rookie (2002)\The Rookie (2002) [Bluray-1080p] {imdb-tt0265662}.mkv,,,movie,imdb://tt0265662,,unmatched,The Rookie
no movie match,0,F:\MediaStack\data\media\movies\Rookie of the Year (1993)\Rookie of the Year (1993) [WEBDL-1080p] {imdb-tt0107985}.mkv,,,movie,imdb://tt0107985,,unmatched,Rookie of the Year
no movie match,0,F:\MediaStack\data\media\movies\Riddick (2013)\Riddick (2013) [Bluray-1080p] {imdb-tt1411250}.mkv,,,movie,imdb://tt1411250,,unmatched,Riddick
no movie match,0,F:\MediaStack\data\media\movies\Riders of Destiny (1933)\Riders of Destiny (1933) [HDTV-720p] {imdb-tt0024500}.mp4,,,movie,imdb://tt0024500,,unmatched,Riders of Destiny
no movie match,0,F:\MediaStack\data\media\movies\Riding in Cars with Boys (2001)\Riding in Cars with Boys (2001) [Bluray-1080p] {imdb-tt0200027}.mkv,,,movie,imdb://tt0200027,,unmatched,Riding in Cars with Boys
no movie match,0,F:\MediaStack\data\media\movies\The Right Stuff (1983)\The Right Stuff (1983) [Bluray-1080p] {imdb-tt0086197}.mkv,,,movie,imdb://tt0086197,,unmatched,The Right Stuff
no movie match,0,F:\MediaStack\data\media\movies\The Ring Two (2005)\The Ring Two (2005) [Bluray-1080p Proper] {imdb-tt0377109}.mkv,,,movie,imdb://tt0377109,,unmatched,The Ring Two
no movie match,0,F:\MediaStack\data\media\movies\Rings (2017)\Rings (2017) [Bluray-1080p] {imdb-tt0498381}.mkv,,,movie,imdb://tt0498381,,unmatched,Rings
no movie match,0,F:\MediaStack\data\media\movies\Rio (2011)\Rio (2011) [Bluray-1080p] {imdb-tt1436562}.mp4,,,movie,imdb://tt1436562,,unmatched,Rio
no movie match,0,F:\MediaStack\data\media\movies\Rio 2 (2014)\Rio 2 (2014) [Bluray-1080p] {imdb-tt2357291}.mkv,,,movie,imdb://tt2357291,,unmatched,Rio 2
no movie match,0,F:\MediaStack\data\media\movies\Rio Bravo (1959)\Rio Bravo (1959) [WEBDL-1080p] {imdb-tt0053221}.mkv,,,movie,imdb://tt0053221,,unmatched,Rio Bravo
no movie match,0,F:\MediaStack\data\media\movies\Rise (2022)\Rise (2022) [WEBDL-1080p] {imdb-tt11242162}.mkv,,,movie,imdb://tt11242162,,unmatched,Rise
no movie match,0,F:\MediaStack\data\media\movies\Rise of the Guardians (2012)\Rise of the Guardians (2012) [Bluray-1080p] {imdb-tt1446192}.mp4,,,movie,imdb://tt1446192,,unmatched,Rise of the Guardians
no movie match,0,F:\MediaStack\data\media\movies\Rise of the Planet of the Apes (2011)\Rise of the Planet of the Apes (2011) [WEBDL-2160p] {imdb-tt1318514}.mkv,,,movie,imdb://tt1318514,,unmatched,Rise of the Planet of the Apes
no movie match,0,F:\MediaStack\data\media\movies\The Road to El Dorado (2000)\The Road to El Dorado (2000) [Bluray-1080p] {imdb-tt0138749}.mkv,,,movie,imdb://tt0138749,,unmatched,The Road to El Dorado
no movie match,0,F:\MediaStack\data\media\movies\Road to Perdition (2002)\Road to Perdition (2002) [Bluray-1080p] {imdb-tt0257044}.mkv,,,movie,imdb://tt0257044,,unmatched,Road to Perdition
no movie match,0,F:\MediaStack\data\media\movies\Mad Max 2 (1981)\Mad Max 2 (1981) [Bluray-1080p] {imdb-tt0082694}.mkv,,,movie,imdb://tt0082694,,unmatched,The Road Warrior
no movie match,0,F:\MediaStack\data\media\movies\RED 2 (2013)\RED 2 (2013) [Bluray-1080p] {imdb-tt1821694}.mkv,,,movie,imdb://tt1821694,,unmatched,RED 2
ambiguous movie title match,0,F:\MediaStack\data\media\movies\Red Dawn (1984)\Red Dawn (1984) [Bluray-1080p] {imdb-tt0087985}.mp4,,,movie,imdb://tt0087985,,unmatched,Red Dawn
no movie match,0,F:\MediaStack\data\media\movies\Red Planet (2000)\Red Planet (2000) [Bluray-1080p] {imdb-tt0199753}.mp4,,,movie,imdb://tt0199753,,unmatched,Red Planet
no movie match,0,F:\MediaStack\data\media\movies\Red River (1948)\Red River (1948) [Bluray-1080p] {imdb-tt0040724}.mkv,,,movie,imdb://tt0040724,,unmatched,Red River
no movie match,0,F:\MediaStack\data\media\movies\Red Sonja (1985)\Red Sonja (1985) [Bluray-1080p] {imdb-tt0089893}.mkv,,,movie,imdb://tt0089893,,unmatched,Red Sonja
no movie match,0,F:\MediaStack\data\media\movies\The Red Turtle (2016)\The Red Turtle (2016) [WEBDL-1080p] {imdb-tt3666024}.mkv,,,movie,imdb://tt3666024,,unmatched,The Red Turtle
no movie match,0,F:\MediaStack\data\media\movies\Regarding Henry (1991)\Regarding Henry (1991) [WEBRip-1080p] {imdb-tt0102768}.mp4,,,movie,imdb://tt0102768,,unmatched,Regarding Henry
no movie match,0,F:\MediaStack\data\media\movies\Reign of Fire (2002)\Reign of Fire (2002) [Bluray-1080p] {imdb-tt0253556}.mkv,,,movie,imdb://tt0253556,,unmatched,Reign of Fire
no movie match,0,F:\MediaStack\data\media\movies\The Remains of the Day (1993)\The Remains of the Day (1993) [Bluray-1080p] {imdb-tt0107943}.mkv,,,movie,imdb://tt0107943,,unmatched,The Remains of the Day
no movie match,0,F:\MediaStack\data\media\movies\Remember the Titans (2000)\Remember the Titans (2000) [Bluray-1080p] {imdb-tt0210945}.mkv,,,movie,imdb://tt0210945,,unmatched,Remember the Titans
no movie match,0,F:\MediaStack\data\media\movies\Requiem for a Heavyweight (1962)\Requiem for a Heavyweight (1962) [WEBRip-1080p] {imdb-tt0056406}.mkv,,,movie,imdb://tt0056406,,unmatched,Requiem for a Heavyweight
no movie match,0,F:\MediaStack\data\media\movies\The Rescuers (1977)\The Rescuers (1977) [Bluray-1080p] {imdb-tt0076618}.mkv,,,movie,imdb://tt0076618,,unmatched,The Rescuers
no movie match,0,F:\MediaStack\data\media\movies\The Rescuers Down Under (1990)\The Rescuers Down Under (1990) [Bluray-1080p] {imdb-tt0100477}.mp4,,,movie,imdb://tt0100477,,unmatched,The Rescuers Down Under
no movie match,0,F:\MediaStack\data\media\movies\The Restoration (2004)\The Restoration (2004) [SDTV] {imdb-tt2142925}.m4v,,,movie,imdb://tt2142925,,unmatched,The Restoration
no movie match,0,F:\MediaStack\data\media\movies\The Return of Jafar (1994)\The Return of Jafar (1994) [Bluray-1080p] {imdb-tt0107952}.mkv,,,movie,imdb://tt0107952,,unmatched,The Return of Jafar
no movie match,0,F:\MediaStack\data\media\movies\The Return of the King (1980)\The Return of the King (1980) [WEBRip-1080p] {imdb-tt0079802}.mp4,,,movie,imdb://tt0079802,,unmatched,The Return of the King
no movie match,0,F:\MediaStack\data\media\movies\Return to Halloweentown (2006)\Return to Halloweentown (2006) [WEBRip-1080p] {imdb-tt0816520}.mkv,,,movie,imdb://tt0816520,,unmatched,Return to Halloweentown
no movie match,0,F:\MediaStack\data\media\movies\Return to Me (2000)\Return to Me (2000) [Bluray-1080p] {imdb-tt0122459}.mkv,,,movie,imdb://tt0122459,,unmatched,Return to Me
no movie match,0,F:\MediaStack\data\media\movies\Return to Never Land (2002)\Return to Never Land (2002) [Bluray-1080p] {imdb-tt0280030}.mkv,,,movie,imdb://tt0280030,,unmatched,Return to Never Land
no movie match,0,F:\MediaStack\data\media\movies\Return to Oz (1985)\Return to Oz (1985) [Bluray-1080p] {imdb-tt0089908}.mp4,,,movie,imdb://tt0089908,,unmatched,Return to Oz
no movie match,0,F:\MediaStack\data\media\movies\Ralph Breaks the Internet (2018)\Ralph Breaks the Internet (2018) [Bluray-1080p] {imdb-tt5848272}.mkv,,,movie,imdb://tt5848272,,unmatched,Ralph Breaks the Internet
no movie match,0,F:\MediaStack\data\media\movies\Rampage (2018)\Rampage (2018) [Bluray-1080p] {imdb-tt2231461}.mp4,,,movie,imdb://tt2231461,,unmatched,Rampage
no movie match,0,F:\MediaStack\data\media\movies\Ran (1985)\Ran (1985) [Bluray-1080p] {imdb-tt0089881}.mkv,,,movie,imdb://tt0089881,,unmatched,Ran
no movie match,0,F:\MediaStack\data\media\movies\Randy Rides Alone (1934)\Randy Rides Alone (1934) [WEBDL-480p] {imdb-tt0025699}.mkv,,,movie,imdb://tt0025699,,unmatched,Randy Rides Alone
no movie match,0,F:\MediaStack\data\media\movies\Ransom (1996)\Ransom (1996) [Bluray-1080p Proper] {imdb-tt0117438}.mkv,,,movie,imdb://tt0117438,,unmatched,Ransom
no movie match,0,F:\MediaStack\data\media\movies\Ratatouille (2007)\Ratatouille (2007) [Bluray-1080p] {imdb-tt0382932}.mp4,,,movie,imdb://tt0382932,,unmatched,Ratatouille
no movie match,0,F:\MediaStack\data\media\movies\Ray (2004)\Ray (2004) [Bluray-1080p] {imdb-tt0350258}.mkv,,,movie,imdb://tt0350258,,unmatched,Ray
no movie match,0,F:\MediaStack\data\media\movies\Raya and the Last Dragon (2021)\Raya and the Last Dragon (2021) [Bluray-1080p] {imdb-tt5109280}.mkv,,,movie,imdb://tt5109280,,unmatched,Raya and the Last Dragon
no movie match,0,F:\MediaStack\data\media\movies\Ready Player One (2018)\Ready Player One (2018) [Bluray-1080p] {imdb-tt1677720}.mp4,,,movie,imdb://tt1677720,,unmatched,Ready Player One
no movie match,0,F:\MediaStack\data\media\movies\Rear Window (1954)\Rear Window (1954) [Bluray-1080p] {imdb-tt0047396}.mkv,,,movie,imdb://tt0047396,,unmatched,Rear Window
no movie match,0,F:\MediaStack\data\media\movies\Rebel Without a Cause (1955)\Rebel Without a Cause (1955) [Bluray-1080p] {imdb-tt0048545}.mkv,,,movie,imdb://tt0048545,,unmatched,Rebel Without a Cause
no movie match,0,F:\MediaStack\data\media\movies\Recess - School's Out (2001)\Recess Schools Out (2001) [WEBDL-1080p] {imdb-tt0265632}.mkv,,,movie,imdb://tt0265632,,unmatched,Recess: School's Out
no movie match,0,F:\MediaStack\data\media\movies\The Recruit (2003)\The Recruit (2003) [Bluray-1080p] {imdb-tt0292506}.mkv,,,movie,imdb://tt0292506,,unmatched,The Recruit
no movie match,0,F:\MediaStack\data\media\movies\The Proposal (2009)\The Proposal (2009) [Bluray-1080p] {imdb-tt1041829}.mp4,,,movie,imdb://tt1041829,,unmatched,The Proposal
no movie match,0,F:\MediaStack\data\media\movies\Psycho (1960)\Psycho (1960) [Bluray-1080p] {imdb-tt0054215}.mkv,,,movie,imdb://tt0054215,,unmatched,Psycho
no movie match,0,F:\MediaStack\data\media\movies\Puss in Boots (2011)\Puss in Boots (2011) [Bluray-1080p] {imdb-tt0448694}.mp4,,,movie,imdb://tt0448694,,unmatched,Puss in Boots
no movie match,0,F:\MediaStack\data\media\movies\The Queen (2006)\The Queen (2006) [Bluray-1080p Proper] {imdb-tt0436697}.mkv,,,movie,imdb://tt0436697,,unmatched,The Queen
no movie match,0,F:\MediaStack\data\media\movies\Queen of Katwe (2016)\Queen of Katwe (2016) [WEBDL-1080p] {imdb-tt4341582}.mkv,,,movie,imdb://tt4341582,,unmatched,Queen of Katwe
no movie match,0,F:\MediaStack\data\media\movies\Quest for Camelot (1998)\Quest for Camelot (1998) [WEBRip-1080p] {imdb-tt0120800}.mp4,,,movie,imdb://tt0120800,,unmatched,Quest for Camelot
no movie match,0,F:\MediaStack\data\media\movies\The Quiet Man (1952)\The Quiet Man (1952) [Bluray-1080p] {imdb-tt0045061}.mkv,,,movie,imdb://tt0045061,,unmatched,The Quiet Man
no movie match,0,F:\MediaStack\data\media\movies\The R.M. (2003)\The R.M. (2003) [WEBDL-1080p] {imdb-tt0341540}.mkv,,,movie,imdb://tt0341540,,unmatched,The R.M.
no movie match,0,F:\MediaStack\data\media\movies\Race to Witch Mountain (2009)\Race to Witch Mountain (2009) [WEBDL-1080p] {imdb-tt1075417}.mkv,,,movie,imdb://tt1075417,,unmatched,Race to Witch Mountain
no movie match,0,F:\MediaStack\data\media\movies\Raging Bull (1980)\Raging Bull (1980) [Bluray-1080p] {imdb-tt0081398}.mkv,,,movie,imdb://tt0081398,,unmatched,Raging Bull
no movie match,0,F:\MediaStack\data\media\movies\Raiders of the Lost Ark (1981)\Raiders of the Lost Ark (1981) [Bluray-1080p] {imdb-tt0082971}.mp4,,,movie,imdb://tt0082971,,unmatched,Raiders of the Lost Ark
no movie match,0,F:\MediaStack\data\media\movies\Rain Man (1988)\Rain Man (1988) [Bluray-1080p] {imdb-tt0095953}.mp4,,,movie,imdb://tt0095953,,unmatched,Rain Man
no movie match,0,F:\MediaStack\data\media\movies\Raising Arizona (1987)\Raising Arizona (1987) [Bluray-1080p] {imdb-tt0093822}.mkv,,,movie,imdb://tt0093822,,unmatched,Raising Arizona
no movie match,0,F:\MediaStack\data\media\movies\Raising Helen (2004)\Raising Helen (2004) [WEBRip-720p] {imdb-tt0350028}.mkv,,,movie,imdb://tt0350028,,unmatched,Raising Helen
no movie match,0,F:\MediaStack\data\media\movies\Predators (2010)\Predators (2010) [Bluray-1080p] {imdb-tt1424381}.mp4,,,movie,imdb://tt1424381,,unmatched,Predators
no movie match,0,F:\MediaStack\data\media\movies\Premium Rush (2012)\Premium Rush (2012) [Bluray-1080p] {imdb-tt1547234}.mp4,,,movie,imdb://tt1547234,,unmatched,Premium Rush
no movie match,0,F:\MediaStack\data\media\movies\Premonition (2007)\Premonition (2007) [Bluray-1080p] {imdb-tt0477071}.mkv,,,movie,imdb://tt0477071,,unmatched,Premonition
no movie match,0,F:\MediaStack\data\media\movies\The Prestige (2006)\The Prestige (2006) [Bluray-1080p] {imdb-tt0482571}.mkv,,,movie,imdb://tt0482571,,unmatched,The Prestige
no movie match,0,F:\MediaStack\data\media\movies\Pretty Woman (1990)\Pretty Woman (1990) [Bluray-1080p] {imdb-tt0100405}.mkv,,,movie,imdb://tt0100405,,unmatched,Pretty Woman
no movie match,0,F:\MediaStack\data\media\movies\Pride and Prejudice (2003)\Pride and Prejudice (2003) [DVD] {imdb-tt0366920}.mkv,,,movie,imdb://tt0366920,,unmatched,Pride and Prejudice
no movie match,0,F:\MediaStack\data\media\movies\The Prince of Egypt (1998)\The Prince of Egypt (1998) [Bluray-1080p] {imdb-tt0120794}.mkv,,,movie,imdb://tt0120794,,unmatched,The Prince of Egypt
no movie match,0,F:\MediaStack\data\media\movies\Prince of Persia - The Sands of Time (2010)\Prince of Persia The Sands of Time (2010) [Bluray-1080p] {imdb-tt0473075}.mkv,,,movie,imdb://tt0473075,,unmatched,Prince of Persia: The Sands of Time
no movie match,0,F:\MediaStack\data\media\movies\The Princess and the Frog (2009)\The Princess and the Frog (2009) [Bluray-1080p Proper] {imdb-tt0780521}.mkv,,,movie,imdb://tt0780521,,unmatched,The Princess and the Frog
no movie match,0,F:\MediaStack\data\media\movies\The Princess Bride (1987)\The Princess Bride (1987) [Bluray-1080p] {imdb-tt0093779}.mp4,,,movie,imdb://tt0093779,,unmatched,The Princess Bride
no movie match,0,F:\MediaStack\data\media\movies\The Princess Diaries (2001)\The Princess Diaries (2001) [Bluray-1080p] {imdb-tt0247638}.mkv,,,movie,imdb://tt0247638,,unmatched,The Princess Diaries
no movie match,0,F:\MediaStack\data\media\movies\The Princess Diaries 2 - Royal Engagement (2004)\The Princess Diaries 2 Royal Engagement (2004) [Bluray-1080p] {imdb-tt0368933}.mkv,,,movie,imdb://tt0368933,,unmatched,The Princess Diaries 2: Royal Engagement
no movie match,0,F:\MediaStack\data\media\movies\Princess Mononoke (1997)\Princess Mononoke (1997) [Bluray-1080p] {imdb-tt0119698}.mp4,,,movie,imdb://tt0119698,,unmatched,Princess Mononoke
no movie match,0,F:\MediaStack\data\media\movies\Prisoners (2013)\Prisoners (2013) [Bluray-1080p] {imdb-tt1392214}.mkv,,,movie,imdb://tt1392214,,unmatched,Prisoners
no movie match,0,F:\MediaStack\data\media\movies\Problem Child (1990)\Problem Child (1990) [Bluray-1080p] {imdb-tt0100419}.mp4,,,movie,imdb://tt0100419,,unmatched,Problem Child
no movie match,0,F:\MediaStack\data\media\movies\Prometheus (2012)\Prometheus (2012) [Bluray-1080p] {imdb-tt1446714}.mkv,,,movie,imdb://tt1446714,,unmatched,Prometheus
no movie match,0,F:\MediaStack\data\media\movies\The Prophecy (1995)\The Prophecy (1995) [Bluray-1080p] {imdb-tt0114194}.mp4,,,movie,imdb://tt0114194,,unmatched,The Prophecy
no movie match,0,F:\MediaStack\data\media\movies\The Prophecy 3 - The Ascent (2000)\The Prophecy 3 The Ascent (2000) [Bluray-1080p] {imdb-tt0183678}.mp4,,,movie,imdb://tt0183678,,unmatched,The Prophecy 3: The Ascent
no movie match,0,F:\MediaStack\data\media\movies\The Prophecy II (1998)\The Prophecy II (1998) [Bluray-1080p] {imdb-tt0118643}.mkv,,,movie,imdb://tt0118643,,unmatched,The Prophecy II
no movie match,0,F:\MediaStack\data\media\movies\Pokémon the Movie - Volcanion and the Mechanical Marvel (2016)\Pokemon the Movie Volcanion and the Mechanical Marvel (2016) [Bluray-1080p] {imdb-tt5889204}.mp4,,,movie,imdb://tt5889204,,unmatched,Pokémon the Movie: Volcanion and the Mechanical Marvel
no movie match,0,F:\MediaStack\data\media\movies\Pokémon the Movie - White - Victini and Zekrom (2011)\Pokemon the Movie White Victini and Zekrom (2011) [Bluray-1080p] {imdb-tt1739212}.mkv,,,movie,imdb://tt1739212,,unmatched,Pokémon the Movie: White - Victini and Zekrom
no movie match,0,F:\MediaStack\data\media\movies\Pokémon - Arceus and the Jewel of Life (2009)\Pokemon Arceus and the Jewel of Life (2009) [Bluray-1080p] {imdb-tt1468843}.mp4,,,movie,imdb://tt1468843,,unmatched,Pokémon: Arceus and the Jewel of Life
no movie match,0,F:\MediaStack\data\media\movies\Pokémon Detective Pikachu (2019)\Pokemon Detective Pikachu (2019) [Bluray-1080p] {imdb-tt5884052}.mp4,,,movie,imdb://tt5884052,,unmatched,Pokémon: Detective Pikachu
no movie match,0,F:\MediaStack\data\media\movies\Pokémon - The First Movie (1998)\Pokemon The First Movie (1998) [WEBDL-1080p] {imdb-tt0190641}.mkv,,,movie,imdb://tt0190641,,unmatched,Pokémon: The First Movie
no movie match,0,F:\MediaStack\data\media\movies\Pokémon - Zoroark - Master of Illusions (2010)\Pokemon Zoroark Master of Illusions (2010) [Bluray-1080p] {imdb-tt1690470}.mkv,,,movie,imdb://tt1690470,,unmatched,Pokémon: Zoroark - Master of Illusions
no movie match,0,F:\MediaStack\data\media\movies\The Polar Express (2004)\The Polar Express (2004) [Bluray-1080p] {imdb-tt0338348}.mkv,,,movie,imdb://tt0338348,,unmatched,The Polar Express
no movie match,0,F:\MediaStack\data\media\movies\Pollock (2000)\Pollock (2000) [Bluray-1080p] {imdb-tt0183659}.mkv,,,movie,imdb://tt0183659,,unmatched,Pollock
no movie match,0,F:\MediaStack\data\media\movies\Pollyanna (1960)\Pollyanna (1960) [Bluray-1080p] {imdb-tt0054195}.mp4,,,movie,imdb://tt0054195,,unmatched,Pollyanna
no movie match,0,F:\MediaStack\data\media\movies\Poltergeist (1982)\Poltergeist (1982) [WEBDL-1080p] {imdb-tt0084516}.mkv,,,movie,imdb://tt0084516,,unmatched,Poltergeist
no movie match,0,F:\MediaStack\data\media\movies\Poltergeist II - The Other Side (1986)\Poltergeist II The Other Side (1986) [Bluray-1080p] {imdb-tt0091778}.mp4,,,movie,imdb://tt0091778,,unmatched,Poltergeist II: The Other Side
no movie match,0,F:\MediaStack\data\media\movies\Pom Poko (1994)\Pom Poko (1994) [Bluray-1080p] {imdb-tt0110008}.mp4,,,movie,imdb://tt0110008,,unmatched,Pom Poko
no movie match,0,F:\MediaStack\data\media\movies\Pompeii (2014)\Pompeii (2014) [Bluray-1080p] {imdb-tt1921064}.mp4,,,movie,imdb://tt1921064,,unmatched,Pompeii
no movie match,0,F:\MediaStack\data\media\movies\Ponyo (2008)\Ponyo (2008) [Bluray-1080p Proper] {imdb-tt0876563}.mkv,,,movie,imdb://tt0876563,,unmatched,Ponyo
no movie match,0,F:\MediaStack\data\media\movies\Porco Rosso (1992)\Porco Rosso (1992) [Bluray-1080p Proper] {imdb-tt0104652}.mkv,,,movie,imdb://tt0104652,,unmatched,Porco Rosso
no movie match,0,F:\MediaStack\data\media\movies\The Post (2017)\The Post (2017) [Bluray-1080p] {imdb-tt6294822}.mkv,,,movie,imdb://tt6294822,,unmatched,The Post
no movie match,0,F:\MediaStack\data\media\movies\Practical Magic (1998)\Practical Magic (1998) [Bluray-1080p] {imdb-tt0120791}.mkv,,,movie,imdb://tt0120791,,unmatched,Practical Magic
no movie match,0,F:\MediaStack\data\media\movies\The Preacher's Wife (1996)\The Preachers Wife (1996) [Bluray-1080p] {imdb-tt0117372}.mp4,,,movie,imdb://tt0117372,,unmatched,The Preacher's Wife
no movie match,0,F:\MediaStack\data\media\movies\Predator (1987)\Predator (1987) [Bluray-1080p Proper] {imdb-tt0093773}.mkv,,,movie,imdb://tt0093773,,unmatched,Predator
no movie match,0,F:\MediaStack\data\media\movies\Predator 2 (1990)\Predator 2 (1990) [Bluray-1080p] {imdb-tt0100403}.mp4,,,movie,imdb://tt0100403,,unmatched,Predator 2
no movie match,0,F:\MediaStack\data\media\movies\Predator - Badlands (2025)\Predator Badlands (2025) [Bluray-1080p] {imdb-tt31227572}.mkv,,,movie,imdb://tt31227572,,unmatched,Predator: Badlands
no movie match,0,F:\MediaStack\data\media\movies\Predator - Killer of Killers (2025)\Predator Killer of Killers (2025) [WEBDL-1080p] {imdb-tt36463894}.mkv,,,movie,imdb://tt36463894,,unmatched,Predator: Killer of Killers
no movie match,0,F:\MediaStack\data\media\movies\A Place in the Sun (1951)\A Place in the Sun (1951) [Bluray-1080p] {imdb-tt0043924}.mkv,,,movie,imdb://tt0043924,,unmatched,A Place in the Sun
no movie match,0,F:\MediaStack\data\media\movies\Places in the Heart (1984)\Places in the Heart (1984) [Bluray-1080p] {imdb-tt0087921}.mp4,,,movie,imdb://tt0087921,,unmatched,Places in the Heart
no movie match,0,F:\MediaStack\data\media\movies\Planes (2013)\Planes (2013) [Bluray-1080p] {imdb-tt1691917}.mp4,,,movie,imdb://tt1691917,,unmatched,Planes
no movie match,0,F:\MediaStack\data\media\movies\Planes - Fire & Rescue (2014)\Planes Fire and Rescue (2014) [Bluray-1080p] {imdb-tt2980706}.mp4,,,movie,imdb://tt2980706,,unmatched,Planes: Fire & Rescue
no movie match,0,F:\MediaStack\data\media\movies\Planet 51 (2009)\Planet 51 (2009) [Bluray-1080p] {imdb-tt0762125}.mp4,,,movie,imdb://tt0762125,,unmatched,Planet 51
no movie match,0,F:\MediaStack\data\media\movies\Planet Terror (2007)\Planet Terror (2007) [Bluray-1080p] {imdb-tt1077258}.mkv,,,movie,imdb://tt1077258,,unmatched,Planet Terror
no movie match,0,F:\MediaStack\data\media\movies\Platoon (1986)\Platoon (1986) [Bluray-1080p Proper] {imdb-tt0091763}.mkv,,,movie,imdb://tt0091763,,unmatched,Platoon
no movie match,0,F:\MediaStack\data\media\movies\Pocahontas (1995)\Pocahontas (1995) [Bluray-1080p] {imdb-tt0114148}.mp4,,,movie,imdb://tt0114148,,unmatched,Pocahontas
no movie match,0,F:\MediaStack\data\media\movies\Pocahontas II - Journey to a New World (1998)\Pocahontas II Journey to a New World (1998) [Bluray-1080p] {imdb-tt0143808}.mp4,,,movie,imdb://tt0143808,,unmatched,Pocahontas 2: Journey to a New World (1998) (V)
no movie match,0,F:\MediaStack\data\media\movies\Pokémon 3 - The Movie (2000)\Pokemon 3 The Movie (2000) [Bluray-720p] {imdb-tt0235679}.mp4,,,movie,imdb://tt0235679,,unmatched,Pokémon 3: The Movie
no movie match,0,F:\MediaStack\data\media\movies\Pokémon 4Ever (2001)\Pokemon 4Ever (2001) [Bluray-1080p] {imdb-tt0287635}.mkv,,,movie,imdb://tt0287635,,unmatched,Pokémon 4Ever
no movie match,0,F:\MediaStack\data\media\movies\Pokémon the Movie 2000 (1999)\Pokemon the Movie 2000 (1999) [Bluray-1080p] {imdb-tt0210234}.mkv,,,movie,imdb://tt0210234,,unmatched,Pokémon the Movie 2000
no movie match,0,F:\MediaStack\data\media\movies\Pokémon the Movie - Black - Victini and Reshiram (2011)\Pokemon the Movie Black Victini and Reshiram (2011) [Bluray-1080p] {imdb-tt1961324}.mkv,,,movie,imdb://tt1961324,,unmatched,Pokémon the Movie: Black - Victini and Reshiram
no movie match,0,F:\MediaStack\data\media\movies\Pokémon the Movie - Genesect and the Legend Awakened (2013)\Pokemon the Movie Genesect and the Legend Awakened (2013) [Bluray-1080p] {imdb-tt3257582}.mkv,,,movie,imdb://tt3257582,,unmatched,Pokémon the Movie: Genesect and the Legend Awakened
no movie match,0,F:\MediaStack\data\media\movies\Pokémon the Movie - Hoopa and the Clash of Ages (2015)\Pokemon the Movie Hoopa and the Clash of Ages (2015) [DVD] {imdb-tt4503906}.mkv,,,movie,imdb://tt4503906,,unmatched,Pokémon the Movie: Hoopa and the Clash of Ages
no movie match,0,F:\MediaStack\data\media\movies\Pokémon the Movie - Kyurem vs. the Sword of Justice (2012)\Pokemon the Movie Kyurem vs. the Sword of Justice (2012) [Bluray-1080p] {imdb-tt2549540}.mkv,,,movie,imdb://tt2549540,,unmatched,Pokémon the Movie: Kyurem vs. the Sword of Justice
no movie match,0,F:\MediaStack\data\media\movies\Pokémon the Movie - Mewtwo Strikes Back - Evolution (2019)\Pokemon the Movie Mewtwo Strikes Back Evolution (2019) [WEBRip-1080p] {imdb-tt8856470}.mp4,,,movie,imdb://tt8856470,,unmatched,Pokémon the Movie: Mewtwo Strikes Back - Evolution
no movie match,0,F:\MediaStack\data\media\movies\Pokémon the Movie - Secrets of the Jungle (2020)\Pokemon the Movie Secrets of the Jungle (2020) [Bluray-1080p] {imdb-tt11819890}.mkv,,,movie,imdb://tt11819890,,unmatched,Pokémon the Movie: Secrets of the Jungle
no movie match,0,F:\MediaStack\data\media\movies\Pokémon the Movie - The Power of Us (2018)\Pokemon the Movie The Power of Us (2018) [Bluray-1080p] {imdb-tt8108230}.mp4,,,movie,imdb://tt8108230,,unmatched,Pokémon the Movie: The Power of Us
no movie match,0,F:\MediaStack\data\media\movies\Pete's Dragon (2016)\Petes Dragon (2016) [Bluray-1080p] {imdb-tt2788732}.mp4,,,movie,imdb://tt2788732,,unmatched,Pete's Dragon
no movie match,0,F:\MediaStack\data\media\movies\Peter Pan (1953)\Peter Pan (1953) [Bluray-1080p] {imdb-tt0046183}.mkv,,,movie,imdb://tt0046183,,unmatched,Peter Pan
no movie match,0,F:\MediaStack\data\media\movies\Peter Pan (2003)\Peter Pan (2003) [Bluray-1080p] {imdb-tt0316396}.mkv,,,movie,imdb://tt0316396,,unmatched,Peter Pan
no movie match,0,F:\MediaStack\data\media\movies\Peter Pan & Wendy (2023)\Peter Pan and Wendy (2023) [WEBDL-1080p] {imdb-tt5635026}.mkv,,,movie,imdb://tt5635026,,unmatched,Peter Pan & Wendy
no movie match,0,F:\MediaStack\data\media\movies\Peter Rabbit 2 - The Runaway (2021)\Peter Rabbit 2 The Runaway (2021) [Bluray-1080p] {imdb-tt8376234}.mp4,,,movie,imdb://tt8376234,,unmatched,Peter Rabbit 2: The Runaway
no movie match,0,F:\MediaStack\data\media\movies\The Phantom of the Opera (2004)\The Phantom of the Opera (2004) [Bluray-1080p] {imdb-tt0293508}.mkv,,,movie,imdb://tt0293508,,unmatched,The Phantom of the Opera
no movie match,0,F:\MediaStack\data\media\movies\Phenomenon (1996)\Phenomenon (1996) [Bluray-1080p] {imdb-tt0117333}.mkv,,,movie,imdb://tt0117333,,unmatched,Phenomenon
no movie match,0,F:\MediaStack\data\media\movies\Philadelphia (1993)\Philadelphia (1993) [Bluray-1080p] {imdb-tt0107818}.mkv,,,movie,imdb://tt0107818,,unmatched,Philadelphia
no movie match,0,F:\MediaStack\data\media\movies\The Philadelphia Story (1940)\The Philadelphia Story (1940) [Bluray-1080p] {imdb-tt0032904}.mkv,,,movie,imdb://tt0032904,,unmatched,The Philadelphia Story
no movie match,0,F:\MediaStack\data\media\movies\Pillow Talk (1959)\Pillow Talk (1959) [Bluray-1080p] {imdb-tt0053172}.mp4,,,movie,imdb://tt0053172,,unmatched,Pillow Talk
no movie match,0,F:\MediaStack\data\media\movies\The Pink Panther (2006)\The Pink Panther (2006) [Bluray-1080p] {imdb-tt0383216}.mkv,,,movie,imdb://tt0383216,,unmatched,The Pink Panther
no movie match,0,F:\MediaStack\data\media\movies\The Pink Panther 2 (2009)\The Pink Panther 2 (2009) [Bluray-1080p] {imdb-tt0838232}.mkv,,,movie,imdb://tt0838232,,unmatched,The Pink Panther 2
no movie match,0,F:\MediaStack\data\media\movies\Pinocchio (1940)\Pinocchio (1940) [Bluray-1080p] {imdb-tt0032910}.mkv,,,movie,imdb://tt0032910,,unmatched,Pinocchio
no movie match,0,F:\MediaStack\data\media\movies\Pinocchio (2022)\Pinocchio (2022) [WEBDL-1080p] {imdb-tt4593060}.mkv,,,movie,imdb://tt4593060,,unmatched,Pinocchio
no movie match,0,F:\MediaStack\data\media\movies\Pirates of the Caribbean - At World's End (2007)\Pirates of the Caribbean At Worlds End (2007) [Bluray-1080p] {imdb-tt0449088}.mp4,,,movie,imdb://tt0449088,,unmatched,Pirates of the Caribbean: At World's End
no movie match,0,F:\MediaStack\data\media\movies\Pirates of the Caribbean - Dead Man's Chest (2006)\Pirates of the Caribbean Dead Mans Chest (2006) [Bluray-1080p] {imdb-tt0383574}.mp4,,,movie,imdb://tt0383574,,unmatched,Pirates of the Caribbean: Dead Man's Chest
no movie match,0,F:\MediaStack\data\media\movies\Pirates of the Caribbean - Dead Men Tell No Tales (2017)\Pirates of the Caribbean Dead Men Tell No Tales (2017) [Bluray-1080p] {imdb-tt1790809}.mkv,,,movie,imdb://tt1790809,,unmatched,Pirates of the Caribbean: Dead Men Tell No Tales
no movie match,0,F:\MediaStack\data\media\movies\Pirates of the Caribbean - On Stranger Tides (2011)\Pirates of the Caribbean On Stranger Tides (2011) [Bluray-1080p] {imdb-tt1298650}.mkv,,,movie,imdb://tt1298650,,unmatched,Pirates of the Caribbean: On Stranger Tides
no movie match,0,F:\MediaStack\data\media\movies\Pirates of the Caribbean - The Curse of the Black Pearl (2003)\Pirates of the Caribbean The Curse of the Black Pearl (2003) [Bluray-1080p] {imdb-tt0325980}.mp4,,,movie,imdb://tt0325980,,unmatched,Pirates of the Caribbean: The Curse of the Black Pearl
no movie match,0,F:\MediaStack\data\media\movies\The Pirates! In an Adventure with Scientists! (2012)\The Pirates! In an Adventure with Scientists! (2012) [Bluray-1080p] {imdb-tt1430626}.mp4,,,movie,imdb://tt1430626,,unmatched,The Pirates! Band of Misfits
no movie match,0,F:\MediaStack\data\media\movies\Pitch Black (2000)\Pitch Black (2000) [Bluray-1080p] {imdb-tt0134847}.mkv,,,movie,imdb://tt0134847,,unmatched,Pitch Black
no movie match,0,F:\MediaStack\data\media\movies\The Passion of the Christ (2004)\The Passion of the Christ (2004) [Bluray-1080p] {imdb-tt0335345}.mkv,,,movie,imdb://tt0335345,,unmatched,The Passion of the Christ
no movie match,0,F:\MediaStack\data\media\movies\Paths of Glory (1957)\Paths of Glory (1957) [Bluray-1080p] {imdb-tt0050825}.mp4,,,movie,imdb://tt0050825,,unmatched,Paths of Glory
no movie match,0,F:\MediaStack\data\media\movies\Paulie (1998)\Paulie (1998) [WEBRip-1080p] {imdb-tt0125454}.mkv,,,movie,imdb://tt0125454,,unmatched,Paulie
no movie match,0,F:\MediaStack\data\media\movies\PAW Patrol - The Mighty Movie (2023)\PAW Patrol The Mighty Movie (2023) [WEBDL-1080p] {imdb-tt15837338}.mkv,,,movie,imdb://tt15837338,,unmatched,PAW Patrol: The Mighty Movie
no movie match,0,F:\MediaStack\data\media\movies\PAW Patrol - The Movie (2021)\PAW Patrol The Movie (2021) [Bluray-1080p] {imdb-tt11832046}.mkv,,,movie,imdb://tt11832046,,unmatched,PAW Patrol: The Movie
no movie match,0,F:\MediaStack\data\media\movies\Paws of Fury - The Legend of Hank (2022)\Paws of Fury The Legend of Hank (2022) [Bluray-1080p] {imdb-tt4428398}.mkv,,,movie,imdb://tt4428398,,unmatched,Paws of Fury: The Legend of Hank
ambiguous movie title match,0,F:\MediaStack\data\media\movies\Payback (1999)\Payback (1999) [Bluray-1080p] {imdb-tt0120784}.mkv,,,movie,imdb://tt0120784,,unmatched,Payback
no movie match,0,F:\MediaStack\data\media\movies\The Peacemaker (1997)\The Peacemaker (1997) [Bluray-1080p] {imdb-tt0119874}.mp4,,,movie,imdb://tt0119874,,unmatched,The Peacemaker
no movie match,0,F:\MediaStack\data\media\movies\The Peanuts Movie (2015)\The Peanuts Movie (2015) [Bluray-1080p] {imdb-tt2452042}.mp4,,,movie,imdb://tt2452042,,unmatched,The Peanuts Movie
no movie match,0,F:\MediaStack\data\media\movies\Pearl Harbor (2001)\Pearl Harbor (2001) [Bluray-1080p] {imdb-tt0213149}.mkv,,,movie,imdb://tt0213149,,unmatched,Pearl Harbor
no movie match,0,F:\MediaStack\data\media\movies\The Pebble and the Penguin (1995)\The Pebble and the Penguin (1995) [WEBDL-1080p] {imdb-tt0114108}.mkv,,,movie,imdb://tt0114108,,unmatched,The Pebble and the Penguin
no movie match,0,F:\MediaStack\data\media\movies\Penguin Highway (2018)\Penguin Highway (2018) [Bluray-1080p] {imdb-tt8076344}.mkv,,,movie,imdb://tt8076344,,unmatched,Penguin Highway
no movie match,0,F:\MediaStack\data\media\movies\Penguins (2019)\Penguins (2019) [WEBDL-1080p] {imdb-tt8080302}.mkv,,,movie,imdb://tt8080302,,unmatched,Penguins
no movie match,0,F:\MediaStack\data\media\movies\People Like Us (2012)\People Like Us (2012) [Bluray-1080p] {imdb-tt1716777}.mkv,,,movie,imdb://tt1716777,,unmatched,People Like Us
no movie match,0,F:\MediaStack\data\media\movies\The People vs. Larry Flynt (1996)\The People vs. Larry Flynt (1996) [Bluray-1080p] {imdb-tt0117318}.mkv,,,movie,imdb://tt0117318,,unmatched,The People vs. Larry Flynt
no movie match,0,F:\MediaStack\data\media\movies\People Will Talk (1951)\People Will Talk (1951) [WEBDL-720p] {imdb-tt0043915}.mkv,,,movie,imdb://tt0043915,,unmatched,People Will Talk
no movie match,0,F:\MediaStack\data\media\movies\The Perfect Storm (2000)\The Perfect Storm (2000) [Bluray-1080p] {imdb-tt0177971}.mkv,,,movie,imdb://tt0177971,,unmatched,The Perfect Storm
no movie match,0,F:\MediaStack\data\media\movies\Pete's Dragon (1977)\Petes Dragon (1977) [Bluray-1080p] {imdb-tt0076538}.mp4,,,movie,imdb://tt0076538,,unmatched,Pete's Dragon
no movie match,0,F:\MediaStack\data\media\movies\Out Cold (2001)\Out Cold (2001) [WEBRip-1080p] {imdb-tt0253798}.mp4,,,movie,imdb://tt0253798,,unmatched,Out Cold
no movie match,0,F:\MediaStack\data\media\movies\The Out-of-Towners (1970)\The Out-of-Towners (1970) [WEBDL-1080p] {imdb-tt0066193}.mkv,,,movie,imdb://tt0066193,,unmatched,The Out of Towners
no movie match,0,F:\MediaStack\data\media\movies\The Out-of-Towners (1999)\The Out-of-Towners (1999) [WEBDL-1080p] {imdb-tt0129280}.mkv,,,movie,imdb://tt0129280,,unmatched,The Out-of-Towners
ambiguous movie title match,0,F:\MediaStack\data\media\movies\Overboard (1987)\Overboard (1987) [Bluray-1080p] {imdb-tt0093693}.mkv,,,movie,imdb://tt0093693,,unmatched,Overboard
no movie match,0,F:\MediaStack\data\media\movies\P.S. I Love You (2007)\P.S. I Love You (2007) [Bluray-1080p] {imdb-tt0431308}.mkv,,,movie,imdb://tt0431308,,unmatched,P.S. I Love You
no movie match,0,F:\MediaStack\data\media\movies\Pacific Rim (2013)\Pacific Rim (2013) [Bluray-1080p] {imdb-tt1663662}.mkv,,,movie,imdb://tt1663662,,unmatched,Pacific Rim
no movie match,0,F:\MediaStack\data\media\movies\The Pacifier (2005)\The Pacifier (2005) [WEBRip-1080p] {imdb-tt0395699}.ts,,,movie,imdb://tt0395699,,unmatched,The Pacifier
no movie match,0,F:\MediaStack\data\media\movies\Paddington (2014)\Paddington (2014) [Bluray-1080p] {imdb-tt1109624}.mp4,,,movie,imdb://tt1109624,,unmatched,Paddington
no movie match,0,F:\MediaStack\data\media\movies\The Pagemaster (1994)\The Pagemaster (1994) [Bluray-1080p] {imdb-tt0110763}.mkv,,,movie,imdb://tt0110763,,unmatched,The Pagemaster
no movie match,0,F:\MediaStack\data\media\movies\Paint (2023)\Paint (2023) [WEBRip-1080p] {imdb-tt14472156}.mkv,,,movie,imdb://tt14472156,,unmatched,Paint
no movie match,0,F:\MediaStack\data\media\movies\The Painted Veil (2006)\The Painted Veil (2006) [Bluray-1080p] {imdb-tt0446755}.mp4,,,movie,imdb://tt0446755,,unmatched,The Painted Veil
no movie match,0,F:\MediaStack\data\media\movies\Pan's Labyrinth (2006)\Pans Labyrinth (2006) [Bluray-1080p] {imdb-tt0457430}.mp4,,,movie,imdb://tt0457430,,unmatched,Pan's Labyrinth
no movie match,0,F:\MediaStack\data\media\movies\The Paper Brigade (1996)\The Paper Brigade (1996) [DVD] {imdb-tt0117287}.avi,,,movie,imdb://tt0117287,,unmatched,The Paper Brigade
no movie match,0,F:\MediaStack\data\media\movies\The Paperboy (2012)\The Paperboy (2012) [Bluray-1080p] {imdb-tt1496422}.mp4,,,movie,imdb://tt1496422,,unmatched,The Paperboy
no movie match,0,F:\MediaStack\data\media\movies\Paperhouse (1988)\Paperhouse (1988) [Bluray-1080p] {imdb-tt0098061}.mp4,,,movie,imdb://tt0098061,,unmatched,Paperhouse
no movie match,0,F:\MediaStack\data\media\movies\Paradise Canyon (1935)\Paradise Canyon (1935) [WEBDL-480p] {imdb-tt0026846}.mkv,,,movie,imdb://tt0026846,,unmatched,Paradise Canyon
no movie match,0,F:\MediaStack\data\media\movies\The Parent Trap (1961)\The Parent Trap (1961) [Bluray-1080p] {imdb-tt0055277}.mkv,,,movie,imdb://tt0055277,,unmatched,The Parent Trap
no movie match,0,F:\MediaStack\data\media\movies\The Parent Trap (1998)\The Parent Trap (1998) [Bluray-1080p] {imdb-tt0120783}.mkv,,,movie,imdb://tt0120783,,unmatched,The Parent Trap
no movie match,0,F:\MediaStack\data\media\movies\Oliver! (1968)\Oliver! (1968) [Bluray-1080p Proper] {imdb-tt0063385}.mkv,,,movie,imdb://tt0063385,,unmatched,Oliver!
no movie match,0,F:\MediaStack\data\media\movies\On the Waterfront (1954)\On the Waterfront (1954) [Bluray-1080p] {imdb-tt0047296}.mkv,,,movie,imdb://tt0047296,,unmatched,On the Waterfront
no movie match,0,F:\MediaStack\data\media\movies\Once (2007)\Once (2007) [Bluray-1080p] {imdb-tt0907657}.mkv,,,movie,imdb://tt0907657,,unmatched,Once
no movie match,0,F:\MediaStack\data\media\movies\Once Upon a Time in America (1984)\Once Upon a Time in America (1984) [Bluray-1080p] {imdb-tt0087843}.mp4,,,movie,imdb://tt0087843,,unmatched,Once Upon a Time in America
no movie match,0,F:\MediaStack\data\media\movies\Once Upon a Time in the West (1968)\Once Upon a Time in the West (1968) [Bluray-1080p] {imdb-tt0064116}.mkv,,,movie,imdb://tt0064116,,unmatched,Once Upon a Time in the West
no movie match,0,F:\MediaStack\data\media\movies\One Day (2011)\One Day (2011) [Bluray-1080p] {imdb-tt1563738}.mkv,,,movie,imdb://tt1563738,,unmatched,One Day
no movie match,0,F:\MediaStack\data\media\movies\One Flew Over the Cuckoo's Nest (1975)\One Flew Over the Cuckoos Nest (1975) [Bluray-1080p] {imdb-tt0073486}.mp4,,,movie,imdb://tt0073486,,unmatched,One Flew Over the Cuckoo's Nest
no movie match,0,F:\MediaStack\data\media\movies\One Hour Photo (2002)\One Hour Photo (2002) [Bluray-1080p] {imdb-tt0265459}.mkv,,,movie,imdb://tt0265459,,unmatched,One Hour Photo
no movie match,0,F:\MediaStack\data\media\movies\One Hundred and One Dalmatians (1961)\One Hundred and One Dalmatians (1961) [Bluray-1080p] {imdb-tt0055254}.mkv,,,movie,imdb://tt0055254,,unmatched,One Hundred and One Dalmatians
no movie match,0,F:\MediaStack\data\media\movies\One Missed Call (2008)\One Missed Call (2008) [Bluray-1080p] {imdb-tt0479968}.mp4,,,movie,imdb://tt0479968,,unmatched,One Missed Call
no movie match,0,F:\MediaStack\data\media\movies\Only Yesterday (1991)\Only Yesterday (1991) [Bluray-1080p] {imdb-tt0102587}.mp4,,,movie,imdb://tt0102587,,unmatched,Only Yesterday
no movie match,0,F:\MediaStack\data\media\movies\Only You (1994)\Only You (1994) [WEBDL-720p] {imdb-tt0110737}.mkv,,,movie,imdb://tt0110737,,unmatched,Only You
no movie match,0,F:\MediaStack\data\media\movies\Onward (2020)\Onward (2020) [Bluray-1080p] {imdb-tt7146812}.mp4,,,movie,imdb://tt7146812,,unmatched,Onward
no movie match,0,F:\MediaStack\data\media\movies\Open Season (2006)\Open Season (2006) [Bluray-1080p] {imdb-tt0400717}.mp4,,,movie,imdb://tt0400717,,unmatched,Open Season
no movie match,0,F:\MediaStack\data\media\movies\Open Season 2 (2008)\Open Season 2 (2008) [Bluray-1080p] {imdb-tt1107365}.mp4,,,movie,imdb://tt1107365,,unmatched,Open Season 2
no movie match,0,F:\MediaStack\data\media\movies\Open Season 3 (2010)\Open Season 3 (2010) [Bluray-720p] {imdb-tt1646926}.mp4,,,movie,imdb://tt1646926,,unmatched,Open Season 3
no movie match,0,F:\MediaStack\data\media\movies\Open Season - Scared Silly (2015)\Open Season Scared Silly (2015) [Bluray-1080p] {imdb-tt4938374}.mkv,,,movie,imdb://tt4938374,,unmatched,Open Season: Scared Silly!
no movie match,0,F:\MediaStack\data\media\movies\Oscar (1991)\Oscar (1991) [Bluray-1080p] {imdb-tt0102603}.mp4,,,movie,imdb://tt0102603,,unmatched,Oscar
no movie match,0,F:\MediaStack\data\media\movies\Osmosis Jones (2001)\Osmosis Jones (2001) [WEBDL-720p] {imdb-tt0181739}.mkv,,,movie,imdb://tt0181739,,unmatched,Osmosis Jones
no movie match,0,F:\MediaStack\data\media\movies\The Other Boleyn Girl (2008)\The Other Boleyn Girl (2008) [Bluray-1080p] {imdb-tt0467200}.mkv,,,movie,imdb://tt0467200,,unmatched,The Other Boleyn Girl
no movie match,0,F:\MediaStack\data\media\movies\The Notebook (2004)\The Notebook (2004) [Bluray-1080p] {imdb-tt0332280}.Clean.mp4,,,movie,imdb://tt0332280,,unmatched,The Notebook
no movie match,0,F:\MediaStack\data\media\movies\Notorious (1946)\Notorious (1946) [Bluray-1080p] {imdb-tt0038787}.mkv,,,movie,imdb://tt0038787,,unmatched,Notorious
no movie match,0,F:\MediaStack\data\media\movies\Now and Then (1995)\Now and Then (1995) [WEBDL-1080p] {imdb-tt0114011}.mkv,,,movie,imdb://tt0114011,,unmatched,Now and Then
no movie match,0,F:\MediaStack\data\media\movies\The Number 23 (2007)\The Number 23 (2007) [Bluray-1080p] {imdb-tt0481369}.mp4,,,movie,imdb://tt0481369,,unmatched,The Number 23
no movie match,0,F:\MediaStack\data\media\movies\The Nutcracker Prince (1990)\The Nutcracker Prince (1990) [SDTV] {imdb-tt0100281}.avi,,,movie,imdb://tt0100281,,unmatched,The Nutcracker Prince
no movie match,0,"F:\MediaStack\data\media\movies\O Brother, Where Art Thou! (2000)\O Brother Where Art Thou (2000) [Bluray-1080p] {imdb-tt0190590}.mkv",,,movie,imdb://tt0190590,,unmatched,"O Brother, Where Art Thou?"
no movie match,0,F:\MediaStack\data\media\movies\Ocean Waves (1993)\Ocean Waves (1993) [WEBRip-720p] {imdb-tt0108432}.mkv,,,movie,imdb://tt0108432,,unmatched,Ocean Waves
no movie match,0,F:\MediaStack\data\media\movies\Ocean's Eight (2018)\Oceans Eight (2018) [Bluray-1080p] {imdb-tt5164214}.mkv,,,movie,imdb://tt5164214,,unmatched,Ocean's Eight
no movie match,0,F:\MediaStack\data\media\movies\Ocean's Eleven (2001)\Oceans Eleven (2001) [Bluray-1080p] {imdb-tt0240772}.mkv,,,movie,imdb://tt0240772,,unmatched,Ocean's Eleven
no movie match,0,F:\MediaStack\data\media\movies\Ocean's Thirteen (2007)\Oceans Thirteen (2007) [Bluray-1080p] {imdb-tt0496806}.mkv,,,movie,imdb://tt0496806,,unmatched,Ocean's Thirteen
no movie match,0,F:\MediaStack\data\media\movies\Ocean's Twelve (2004)\Oceans Twelve (2004) [Bluray-1080p] {imdb-tt0349903}.mkv,,,movie,imdb://tt0349903,,unmatched,Ocean's Twelve
no movie match,0,F:\MediaStack\data\media\movies\The Odd Couple (1968)\The Odd Couple (1968) [Bluray-1080p] {imdb-tt0063374}.mkv,,,movie,imdb://tt0063374,,unmatched,The Odd Couple
no movie match,0,F:\MediaStack\data\media\movies\The Odd Couple II (1998)\The Odd Couple II (1998) [Bluray-1080p] {imdb-tt0120773}.mkv,,,movie,imdb://tt0120773,,unmatched,The Odd Couple II
no movie match,0,F:\MediaStack\data\media\movies\Old Dogs (2009)\Old Dogs (2009) [Bluray-1080p] {imdb-tt0976238}.mp4,,,movie,imdb://tt0976238,,unmatched,Old Dogs
no movie match,0,F:\MediaStack\data\media\movies\Oliver & Company (1988)\Oliver and Company (1988) [Bluray-1080p] {imdb-tt0095776}.mp4,,,movie,imdb://tt0095776,,unmatched,Oliver & Company
no movie match,0,F:\MediaStack\data\media\movies\The NeverEnding Story II - The Next Chapter (1990)\The NeverEnding Story II The Next Chapter (1990) [Bluray-1080p] {imdb-tt0100240}.mp4,,,movie,imdb://tt0100240,,unmatched,The NeverEnding Story II: The Next Chapter
no movie match,0,F:\MediaStack\data\media\movies\The New Mutants (2020)\The New Mutants (2020) [Bluray-1080p] {imdb-tt4682266}.mkv,,,movie,imdb://tt4682266,,unmatched,The New Mutants
no movie match,0,F:\MediaStack\data\media\movies\The New World (2005)\The New World (2005) [Bluray-1080p] {imdb-tt0402399}.mkv,,,movie,imdb://tt0402399,,unmatched,The New World
no movie match,0,F:\MediaStack\data\media\movies\Newsies (1992)\Newsies (1992) [Bluray-1080p] {imdb-tt0104990}.mp4,,,movie,imdb://tt0104990,,unmatched,Newsies
no movie match,0,F:\MediaStack\data\media\movies\Next (2007)\Next (2007) [Bluray-1080p] {imdb-tt0435705}.mp4,,,movie,imdb://tt0435705,,unmatched,Next
no movie match,0,F:\MediaStack\data\media\movies\Next Time We Love (1936)\Next Time We Love (1936) [WEBDL-480p] {imdb-tt0028029}.mkv,,,movie,imdb://tt0028029,,unmatched,Next Time We Love
no movie match,0,F:\MediaStack\data\media\movies\Niagara (1953)\Niagara (1953) [Bluray-1080p] {imdb-tt0046126}.mkv,,,movie,imdb://tt0046126,,unmatched,Niagara
no movie match,0,F:\MediaStack\data\media\movies\The Nice Guys (2016)\The Nice Guys (2016) [Bluray-1080p] {imdb-tt3799694}.mkv,,,movie,imdb://tt3799694,,unmatched,The Nice Guys
no movie match,0,F:\MediaStack\data\media\movies\Nick and Norah's Infinite Playlist (2008)\Nick and Norahs Infinite Playlist (2008) [Bluray-1080p] {imdb-tt0981227}.mkv,,,movie,imdb://tt0981227,,unmatched,Nick and Norah's Infinite Playlist
no movie match,0,F:\MediaStack\data\media\movies\Night at the Museum (2006)\Night at the Museum (2006) [Bluray-1080p] {imdb-tt0477347}.mkv,,,movie,imdb://tt0477347,,unmatched,Night at the Museum
no movie match,0,F:\MediaStack\data\media\movies\Night at the Museum - Battle of the Smithsonian (2009)\Night at the Museum Battle of the Smithsonian (2009) [Bluray-1080p] {imdb-tt1078912}.mkv,,,movie,imdb://tt1078912,,unmatched,Night at the Museum: Battle of the Smithsonian
no movie match,0,F:\MediaStack\data\media\movies\Night at the Museum - Secret of the Tomb (2014)\Night at the Museum Secret of the Tomb (2014) [Bluray-1080p] {imdb-tt2692250}.mkv,,,movie,imdb://tt2692250,,unmatched,Night at the Museum: Secret of the Tomb
no movie match,0,F:\MediaStack\data\media\movies\The Nightmare Before Christmas (1993)\The Nightmare Before Christmas (1993) [Bluray-1080p] {imdb-tt0107688}.mkv,,,movie,imdb://tt0107688,,unmatched,The Nightmare Before Christmas
no movie match,0,F:\MediaStack\data\media\movies\Nights in Rodanthe (2008)\Nights in Rodanthe (2008) [Bluray-1080p] {imdb-tt0956038}.mp4,,,movie,imdb://tt0956038,,unmatched,Nights in Rodanthe
no movie match,0,F:\MediaStack\data\media\movies\Nim's Island (2008)\Nims Island (2008) [Bluray-1080p] {imdb-tt0410377}.mkv,,,movie,imdb://tt0410377,,unmatched,Nim's Island
no movie match,0,F:\MediaStack\data\media\movies\Nixon (1995)\Nixon (1995) [Bluray-1080p Proper] {imdb-tt0113987}.mkv,,,movie,imdb://tt0113987,,unmatched,Nixon
no movie match,0,F:\MediaStack\data\media\movies\No Direction Home - Bob Dylan (2005)\No Direction Home Bob Dylan (2005) [WEBDL-720p] {imdb-tt0367555}.mkv,,,movie,local://21489,,unmatched,No Direction Home Bob Dylan
no movie match,0,F:\MediaStack\data\media\movies\No Reservations (2007)\No Reservations (2007) [Bluray-1080p] {imdb-tt0481141}.mp4,,,movie,imdb://tt0481141,,unmatched,No Reservations
no movie match,0,F:\MediaStack\data\media\movies\Noelle (2019)\Noelle (2019) [WEBDL-1080p] {imdb-tt5097410}.mkv,,,movie,imdb://tt5097410,,unmatched,Noelle
no movie match,0,F:\MediaStack\data\media\movies\North by Northwest (1959)\North by Northwest (1959) [Bluray-1080p] {imdb-tt0053125}.mkv,,,movie,imdb://tt0053125,,unmatched,North by Northwest
no movie match,0,F:\MediaStack\data\media\movies\Naked Gun 33⅓ - The Final Insult (1994)\Naked Gun 33⅓ The Final Insult (1994) [Bluray-1080p] {imdb-tt0110622}.mp4,,,movie,imdb://tt0110622,,unmatched,Naked Gun 33 1/3: The Final Insult
no movie match,0,F:\MediaStack\data\media\movies\Nanny McPhee and the Big Bang (2010)\Nanny McPhee and the Big Bang (2010) [WEBDL-1080p] {imdb-tt1415283}.mkv,,,movie,imdb://tt1415283,,unmatched,Nanny McPhee Returns
no movie match,0,F:\MediaStack\data\media\movies\Napoleon Dynamite (2004)\Napoleon Dynamite (2004) [Bluray-1080p] {imdb-tt0374900}.mp4,,,movie,imdb://tt0374900,,unmatched,Napoleon Dynamite
no movie match,0,F:\MediaStack\data\media\movies\National Treasure (2004)\National Treasure (2004) [Bluray-1080p] {imdb-tt0368891}.mkv,,,movie,imdb://tt0368891,,unmatched,National Treasure
no movie match,0,F:\MediaStack\data\media\movies\National Treasure - Book of Secrets (2007)\National Treasure Book of Secrets (2007) [Bluray-1080p] {imdb-tt0465234}.mkv,,,movie,imdb://tt0465234,,unmatched,National Treasure: Book of Secrets
no movie match,0,F:\MediaStack\data\media\movies\The Nativity Story (2006)\The Nativity Story (2006) [Bluray-1080p] {imdb-tt0762121}.mkv,,,movie,imdb://tt0762121,,unmatched,The Nativity Story
no movie match,0,F:\MediaStack\data\media\movies\The Natural (1984)\The Natural (1984) [Bluray-1080p] {imdb-tt0087781}.mkv,,,movie,imdb://tt0087781,,unmatched,The Natural
no movie match,0,F:\MediaStack\data\media\movies\Natural Born Killers (1994)\Natural Born Killers (1994) [Bluray-1080p Proper] {imdb-tt0110632}.mkv,,,movie,imdb://tt0110632,,unmatched,Natural Born Killers
no movie match,0,F:\MediaStack\data\media\movies\Nausicaä of the Valley of the Wind (1984)\Nausicaa of the Valley of the Wind (1984) [Bluray-1080p] {imdb-tt0087544}.mkv,,,movie,imdb://tt0087544,,unmatched,Nausicaä of the Valley of the Wind
no movie match,0,F:\MediaStack\data\media\movies\'Neath the Arizona Skies (1934)\'Neath the Arizona Skies (1934) [WEBDL-480p] {imdb-tt0024805}.mkv,,,movie,imdb://tt0024805,,unmatched,'Neath the Arizona Skies
no movie match,0,F:\MediaStack\data\media\movies\Necessary Roughness (1991)\Necessary Roughness (1991) [WEBRip-720p] {imdb-tt0102517}.mkv,,,movie,imdb://tt0102517,,unmatched,Necessary Roughness
no movie match,0,F:\MediaStack\data\media\movies\Need for Speed (2014)\Need for Speed (2014) [Bluray-1080p] {imdb-tt2369135}.mp4,,,movie,imdb://tt2369135,,unmatched,Need for Speed
no movie match,0,F:\MediaStack\data\media\movies\The Negotiator (1998)\The Negotiator (1998) [Bluray-1080p] {imdb-tt0120768}.mkv,,,movie,imdb://tt0120768,,unmatched,The Negotiator
no movie match,0,F:\MediaStack\data\media\movies\Never Been Kissed (1999)\Never Been Kissed (1999) [Bluray-1080p] {imdb-tt0151738}.mp4,,,movie,imdb://tt0151738,,unmatched,Never Been Kissed
no movie match,0,F:\MediaStack\data\media\movies\The NeverEnding Story (1984)\The NeverEnding Story (1984) [Bluray-1080p] {imdb-tt0088323}.mp4,,,movie,imdb://tt0088323,,unmatched,The NeverEnding Story
no movie match,0,F:\MediaStack\data\media\movies\The Mummy Returns (2001)\The Mummy Returns (2001) [Bluray-1080p] {imdb-tt0209163}.mkv,,,movie,imdb://tt0209163,,unmatched,The Mummy Returns
no movie match,0,F:\MediaStack\data\media\movies\The Mummy - Tomb of the Dragon Emperor (2008)\The Mummy Tomb of the Dragon Emperor (2008) [Bluray-1080p] {imdb-tt0859163}.mkv,,,movie,imdb://tt0859163,,unmatched,The Mummy: Tomb of the Dragon Emperor
no movie match,0,F:\MediaStack\data\media\movies\Munich (2005)\Munich (2005) [Bluray-1080p] {imdb-tt0408306}.mkv,,,movie,imdb://tt0408306,,unmatched,Munich
no movie match,0,F:\MediaStack\data\media\movies\The Muppet Christmas Carol (1992)\The Muppet Christmas Carol (1992) [Bluray-1080p] {imdb-tt0104940}.mkv,,,movie,imdb://tt0104940,,unmatched,The Muppet Christmas Carol
no movie match,0,F:\MediaStack\data\media\movies\The Muppet Movie (1979)\The Muppet Movie (1979) [Bluray-1080p] {imdb-tt0079588}.mkv,,,movie,imdb://tt0079588,,unmatched,The Muppet Movie
no movie match,0,F:\MediaStack\data\media\movies\Muppet Treasure Island (1996)\Muppet Treasure Island (1996) [Bluray-1080p Proper] {imdb-tt0117110}.mkv,,,movie,imdb://tt0117110,,unmatched,Muppet Treasure Island
no movie match,0,F:\MediaStack\data\media\movies\The Muppets (2011)\The Muppets (2011) [Bluray-1080p] {imdb-tt1204342}.mkv,,,movie,imdb://tt1204342,,unmatched,The Muppets
no movie match,0,F:\MediaStack\data\media\movies\A Muppets Christmas - Letters to Santa (2008)\A Muppets Christmas Letters to Santa (2008) [WEBDL-480p] {imdb-tt1292569}.mp4,,,movie,imdb://tt1292569,,unmatched,A Muppets Christmas: Letters to Santa
no movie match,0,F:\MediaStack\data\media\movies\Muppets from Space (1999)\Muppets from Space (1999) [Bluray-1080p] {imdb-tt0158811}.mp4,,,movie,imdb://tt0158811,,unmatched,Muppets from Space
no movie match,0,F:\MediaStack\data\media\movies\Muppets Haunted Mansion (2021)\Muppets Haunted Mansion (2021) [WEBDL-1080p] {imdb-tt14602326}.mkv,,,movie,imdb://tt14602326,,unmatched,Muppets Haunted Mansion
no movie match,0,F:\MediaStack\data\media\movies\Muppets Most Wanted (2014)\Muppets Most Wanted (2014) [Bluray-1080p] {imdb-tt2281587}.mkv,,,movie,imdb://tt2281587,,unmatched,Muppets Most Wanted
no movie match,0,F:\MediaStack\data\media\movies\The Muppets Take Manhattan (1984)\The Muppets Take Manhattan (1984) [Bluray-1080p] {imdb-tt0087755}.mp4,,,movie,imdb://tt0087755,,unmatched,The Muppets Take Manhattan
no movie match,0,F:\MediaStack\data\media\movies\The Muppets' Wizard of Oz (2005)\The Muppets Wizard of Oz (2005) [WEBRip-1080p] {imdb-tt0422778}.mp4,,,movie,imdb://tt0422778,,unmatched,The Muppets' Wizard of Oz
no movie match,0,F:\MediaStack\data\media\movies\Murder by Death (1976)\Murder by Death (1976) [Bluray-1080p] {imdb-tt0074937}.mp4,,,movie,imdb://tt0074937,,unmatched,Murder by Death
no movie match,0,F:\MediaStack\data\media\movies\Music and Lyrics (2007)\Music and Lyrics (2007) [Bluray-1080p] {imdb-tt0758766}.mp4,,,movie,imdb://tt0758766,,unmatched,Music and Lyrics
no movie match,0,F:\MediaStack\data\media\movies\My Big Fat Greek Wedding (2002)\My Big Fat Greek Wedding (2002) [Bluray-1080p] {imdb-tt0259446}.mp4,,,movie,imdb://tt0259446,,unmatched,My Big Fat Greek Wedding
no movie match,0,F:\MediaStack\data\media\movies\My Cousin Vinny (1992)\My Cousin Vinny (1992) [Bluray-1080p] {imdb-tt0104952}.mkv,,,movie,imdb://tt0104952,,unmatched,My Cousin Vinny
no movie match,0,F:\MediaStack\data\media\movies\My Fair Lady (1964)\My Fair Lady (1964) [Bluray-1080p] {imdb-tt0058385}.mkv,,,movie,imdb://tt0058385,,unmatched,My Fair Lady
no movie match,0,F:\MediaStack\data\media\movies\My Favorite Martian (1999)\My Favorite Martian (1999) [WEBDL-720p] {imdb-tt0120764}.mkv,,,movie,imdb://tt0120764,,unmatched,My Favorite Martian
no movie match,0,F:\MediaStack\data\media\movies\My Neighbor Totoro (1988)\My Neighbor Totoro (1988) [Bluray-1080p] {imdb-tt0096283}.mkv,,,movie,imdb://tt0096283,,unmatched,My Neighbor Totoro
no movie match,0,F:\MediaStack\data\media\movies\My Neighbors the Yamadas (1999)\My Neighbors the Yamadas (1999) [Bluray-1080p] {imdb-tt0206013}.mkv,,,movie,imdb://tt0206013,,unmatched,My Neighbors the Yamadas
no movie match,0,F:\MediaStack\data\media\movies\My Sister's Keeper (2009)\My Sisters Keeper (2009) [Bluray-1080p] {imdb-tt1078588}.mkv,,,movie,imdb://tt1078588,,unmatched,My Sister's Keeper
no movie match,0,F:\MediaStack\data\media\movies\The Monuments Men (2014)\The Monuments Men (2014) [Bluray-1080p] {imdb-tt2177771}.mp4,,,movie,imdb://tt2177771,,unmatched,The Monuments Men
no movie match,0,F:\MediaStack\data\media\movies\MouseHunt (1997)\MouseHunt (1997) [WEBRip-1080p] {imdb-tt0119715}.mp4,,,movie,imdb://tt0119715,,unmatched,Mousehunt
no movie match,0,F:\MediaStack\data\media\movies\Mr. & Mrs. Smith (2005)\Mr. and Mrs. Smith (2005) [Bluray-1080p] {imdb-tt0356910}.mp4,,,movie,imdb://tt0356910,,unmatched,Mr. & Mrs. Smith
no movie match,0,F:\MediaStack\data\media\movies\Mr. Holland's Opus (1995)\Mr. Hollands Opus (1995) [Bluray-1080p] {imdb-tt0113862}.mkv,,,movie,imdb://tt0113862,,unmatched,Mr. Holland's Opus
no movie match,0,F:\MediaStack\data\media\movies\Mr. Magoo (1997)\Mr. Magoo (1997) [WEBDL-1080p] {imdb-tt0119718}.mkv,,,movie,imdb://tt0119718,,unmatched,Mr. Magoo
no movie match,0,F:\MediaStack\data\media\movies\Mr. Popper's Penguins (2011)\Mr. Poppers Penguins (2011) [WEBDL-1080p] {imdb-tt1396218}.mkv,,,movie,imdb://tt1396218,,unmatched,Mr. Popper's Penguins
no movie match,0,F:\MediaStack\data\media\movies\Mr. Smith Goes to Washington (1939)\Mr. Smith Goes to Washington (1939) [Bluray-1080p] {imdb-tt0031679}.mkv,,,movie,imdb://tt0031679,,unmatched,Mr. Smith Goes to Washington
no movie match,0,F:\MediaStack\data\media\movies\Mrs. Doubtfire (1993)\Mrs. Doubtfire (1993) [Bluray-1080p] {imdb-tt0107614}.mp4,,,movie,imdb://tt0107614,,unmatched,Mrs. Doubtfire
no movie match,0,F:\MediaStack\data\media\movies\Mufasa - The Lion King (2024)\Mufasa The Lion King (2024) [Bluray-1080p] {imdb-tt13186482}.mkv,,,movie,imdb://tt13186482,,unmatched,Mufasa: The Lion King
no movie match,0,F:\MediaStack\data\media\movies\Mulan (1998)\Mulan (1998) [Bluray-1080p] {imdb-tt0120762}.mp4,,,movie,imdb://tt0120762,,unmatched,Mulan
no movie match,0,F:\MediaStack\data\media\movies\Mulan (2020)\Mulan (2020) [Bluray-1080p] {imdb-tt4566758}.mkv,,,movie,imdb://tt4566758,,unmatched,Mulan
no movie match,0,F:\MediaStack\data\media\movies\Mulan II (2004)\Mulan II (2004) [Bluray-1080p] {imdb-tt0279967}.mkv,,,movie,imdb://tt0279967,,unmatched,Mulan II
no movie match,0,F:\MediaStack\data\media\movies\Moana (2016)\Moana (2016) [Bluray-1080p] {imdb-tt3521164}.mkv,,,movie,imdb://tt3521164,,unmatched,Moana
no movie match,0,F:\MediaStack\data\media\movies\Moana 2 (2024)\Moana 2 (2024) [Bluray-1080p Proper] {imdb-tt13622970}.mp4,,,movie,imdb://tt13622970,,unmatched,Moana 2
no movie match,0,F:\MediaStack\data\media\movies\Modern Times (1936)\Modern Times (1936) [Bluray-1080p] {imdb-tt0027977}.mp4,,,movie,imdb://tt0027977,,unmatched,Modern Times
no movie match,0,F:\MediaStack\data\media\movies\Mona Lisa Smile (2003)\Mona Lisa Smile (2003) [Bluray-720p] {imdb-tt0304415}.mp4,,,movie,imdb://tt0304415,,unmatched,Mona Lisa Smile
no movie match,0,F:\MediaStack\data\media\movies\Monkey Trouble (1994)\Monkey Trouble (1994) [WEBDL-480p] {imdb-tt0110557}.mp4,,,movie,imdb://tt0110557,,unmatched,Monkey Trouble
no movie match,0,F:\MediaStack\data\media\movies\Monster Family (2017)\Monster Family (2017) [Bluray-1080p] {imdb-tt6572702}.mkv,,,movie,imdb://tt6572702,,unmatched,Monster Family
no movie match,0,F:\MediaStack\data\media\movies\Monster Family 2 (2021)\Monster Family 2 (2021) [Bluray-1080p] {imdb-tt15096796}.mp4,,,movie,imdb://tt15096796,,unmatched,Monster Family 2
no movie match,0,F:\MediaStack\data\media\movies\Monsters University (2013)\Monsters University (2013) [Bluray-1080p] {imdb-tt1453405}.mp4,,,movie,imdb://tt1453405,,unmatched,Monsters University
no movie match,0,F:\MediaStack\data\media\movies\Monsters vs Aliens (2009)\Monsters vs Aliens (2009) [Bluray-1080p] {imdb-tt0892782}.mkv,,,movie,imdb://tt0892782,,unmatched,Monsters vs. Aliens
no movie match,0,"F:\MediaStack\data\media\movies\Monsters, Inc. (2001)\Monsters Inc. (2001) [Bluray-1080p Proper] {imdb-tt0198781}.mp4",,,movie,imdb://tt0198781,,unmatched,"Monsters, Inc."
no movie match,0,F:\MediaStack\data\media\movies\Monte Carlo (2011)\Monte Carlo (2011) [Bluray-1080p] {imdb-tt1067774}.mp4,,,movie,imdb://tt1067774,,unmatched,Monte Carlo
no movie match,0,F:\MediaStack\data\media\movies\Mighty Morphin Power Rangers - The Movie (1995)\Mighty Morphin Power Rangers The Movie (1995) [Bluray-720p] {imdb-tt0113820}.mkv,,,movie,imdb://tt0113820,,unmatched,Mighty Morphin Power Rangers
no movie match,0,F:\MediaStack\data\media\movies\Migration (2023)\Migration (2023) [Bluray-1080p] {imdb-tt6495056}.mkv,,,movie,imdb://tt6495056,,unmatched,Migration
no movie match,0,F:\MediaStack\data\media\movies\Millennium Actress (2002)\Millennium Actress (2002) [WEBDL-1080p] {imdb-tt0291350}.mkv,,,movie,imdb://tt0291350,,unmatched,Millennium Actress
no movie match,0,F:\MediaStack\data\media\movies\Million Dollar Arm (2014)\Million Dollar Arm (2014) [Bluray-1080p] {imdb-tt1647668}.mkv,,,movie,imdb://tt1647668,,unmatched,Million Dollar Arm
no movie match,0,F:\MediaStack\data\media\movies\Million Dollar Baby (2004)\Million Dollar Baby (2004) [Bluray-1080p] {imdb-tt0405159}.mkv,,,movie,imdb://tt0405159,,unmatched,Million Dollar Baby
no movie match,0,F:\MediaStack\data\media\movies\A Minecraft Movie (2025)\A Minecraft Movie (2025) [Bluray-1080p] {imdb-tt3566834}.mp4,,,movie,imdb://tt3566834,,unmatched,A Minecraft Movie
no movie match,0,F:\MediaStack\data\media\movies\Minority Report (2002)\Minority Report (2002) [Bluray-1080p] {imdb-tt0181689}.mkv,,,movie,imdb://tt0181689,,unmatched,Minority Report
no movie match,0,F:\MediaStack\data\media\movies\Minutemen (2008)\Minutemen (2008) [WEBRip-1080p] {imdb-tt1072755}.mp4,,,movie,imdb://tt1072755,,unmatched,Minutemen
no movie match,0,F:\MediaStack\data\media\movies\Miracle (2004)\Miracle (2004) [Bluray-1080p] {imdb-tt0349825}.mkv,,,movie,imdb://tt0349825,,unmatched,Miracle
no movie match,0,F:\MediaStack\data\media\movies\Mirror Mirror (2012)\Mirror Mirror (2012) [Bluray-1080p] {imdb-tt1667353}.mp4,,,movie,imdb://tt1667353,,unmatched,Mirror Mirror
no movie match,0,F:\MediaStack\data\media\movies\Miss Congeniality (2000)\Miss Congeniality (2000) [WEBDL-1080p] {imdb-tt0212346}.mkv,,,movie,imdb://tt0212346,,unmatched,Miss Congeniality
no movie match,0,F:\MediaStack\data\media\movies\Miss Congeniality 2 - Armed and Fabulous (2005)\Miss Congeniality 2 Armed and Fabulous (2005) [Bluray-1080p] {imdb-tt0385307}.mkv,,,movie,imdb://tt0385307,,unmatched,Miss Congeniality 2: Armed & Fabulous
no movie match,0,F:\MediaStack\data\media\movies\Miss Potter (2006)\Miss Potter (2006) [Bluray-1080p] {imdb-tt0482546}.mp4,,,movie,imdb://tt0482546,,unmatched,Miss Potter
no movie match,0,F:\MediaStack\data\media\movies\Mission - Impossible - Ghost Protocol (2011)\Mission Impossible Ghost Protocol (2011) [Bluray-1080p] {imdb-tt1229238}.mkv,,,movie,imdb://tt1229238,,unmatched,Mission: Impossible - Ghost Protocol
ambiguous movie title match,0,F:\MediaStack\data\media\movies\Mean Girls (2004)\Mean Girls (2004) [Bluray-1080p] {imdb-tt0377092}.mkv,,,movie,imdb://tt0377092,,unmatched,Mean Girls
no movie match,0,F:\MediaStack\data\media\movies\Meet Dave (2008)\Meet Dave (2008) [Bluray-1080p] {imdb-tt0765476}.mkv,,,movie,imdb://tt0765476,,unmatched,Meet Dave
no movie match,0,F:\MediaStack\data\media\movies\Meet the Deedles (1998)\Meet the Deedles (1998) [WEBRip-1080p] {imdb-tt0120645}.mp4,,,movie,imdb://tt0120645,,unmatched,Meet the Deedles
no movie match,0,F:\MediaStack\data\media\movies\Meet the Robinsons (2007)\Meet the Robinsons (2007) [Bluray-1080p] {imdb-tt0396555}.mkv,,,movie,imdb://tt0396555,,unmatched,Meet the Robinsons
no movie match,0,F:\MediaStack\data\media\movies\Megamind (2010)\Megamind (2010) [Bluray-1080p] {imdb-tt1001526}.mkv,,,movie,imdb://tt1001526,,unmatched,Megamind
no movie match,0,F:\MediaStack\data\media\movies\Megamind vs. the Doom Syndicate (2024)\Megamind vs. the Doom Syndicate (2024) [WEBRip-1080p] {imdb-tt31122323}.mkv,,,movie,imdb://tt31122323,,unmatched,Megamind vs. The Doom Syndicate
no movie match,0,F:\MediaStack\data\media\movies\Memoirs of a Geisha (2005)\Memoirs of a Geisha (2005) [WEBDL-1080p] {imdb-tt0397535}.mkv,,,movie,imdb://tt0397535,,unmatched,Memoirs of a Geisha
no movie match,0,F:\MediaStack\data\media\movies\Men of Honor (2000)\Men of Honor (2000) [Bluray-1080p] {imdb-tt0203019}.mp4,,,movie,imdb://tt0203019,,unmatched,Men of Honor
no movie match,0,F:\MediaStack\data\media\movies\Merry Madagascar (2009)\Merry Madagascar (2009) [Bluray-1080p] {imdb-tt1526300}.mkv,,,movie,imdb://tt1526300,,unmatched,Merry Madagascar
no movie match,0,F:\MediaStack\data\media\movies\Metropolis (1927)\Metropolis (1927) [Bluray-1080p] {imdb-tt0017136}.mkv,,,movie,imdb://tt0017136,,unmatched,Metropolis
no movie match,0,F:\MediaStack\data\media\movies\The Mexican (2001)\The Mexican (2001) [Bluray-1080p Proper] {imdb-tt0236493}.mkv,,,movie,imdb://tt0236493,,unmatched,The Mexican
no movie match,0,"F:\MediaStack\data\media\movies\Mickey, Donald, Goofy - The Three Musketeers (2004)\Mickey Donald Goofy The Three Musketeers (2004) [Bluray-1080p] {imdb-tt0371823}.mkv",,,movie,imdb://tt0371823,,unmatched,"Mickey, Donald, Goofy: The Three Musketeers"
no movie match,0,F:\MediaStack\data\media\movies\A Midsummer Night's Dream (1999)\A Midsummer Nights Dream (1999) [Bluray-1080p] {imdb-tt0140379}.mp4,,,movie,imdb://tt0140379,,unmatched,A Midsummer Night's Dream
no movie match,0,F:\MediaStack\data\media\movies\The Mighty Ducks (1992)\The Mighty Ducks (1992) [Bluray-1080p] {imdb-tt0104868}.mkv,,,movie,imdb://tt0104868,,unmatched,The Mighty Ducks
no movie match,0,F:\MediaStack\data\media\movies\Mighty Joe Young (1998)\Mighty Joe Young (1998) [Bluray-1080p] {imdb-tt0120751}.mp4,,,movie,imdb://tt0120751,,unmatched,Mighty Joe Young
no movie match,0,F:\MediaStack\data\media\movies\Man on Wire (2008)\Man on Wire (2008) [WEBDL-1080p] {imdb-tt1155592}.mkv,,,movie,imdb://tt1155592,,unmatched,Man on Wire
no movie match,0,F:\MediaStack\data\media\movies\The Man Who Knew Too Little (1997)\The Man Who Knew Too Little (1997) [Bluray-1080p] {imdb-tt0120483}.mp4,,,movie,imdb://tt0120483,,unmatched,The Man Who Knew Too Little
no movie match,0,F:\MediaStack\data\media\movies\The Man Who Knew Too Much (1956)\The Man Who Knew Too Much (1956) [WEBDL-1080p] {imdb-tt0049470}.mkv,,,movie,imdb://tt0049470,,unmatched,The Man Who Knew Too Much
no movie match,0,F:\MediaStack\data\media\movies\The Man Who Shot Liberty Valance (1962)\The Man Who Shot Liberty Valance (1962) [Bluray-1080p] {imdb-tt0056217}.mkv,,,movie,imdb://tt0056217,,unmatched,The Man Who Shot Liberty Valance
no movie match,0,F:\MediaStack\data\media\movies\The Many Adventures of Winnie the Pooh (1977)\The Many Adventures of Winnie the Pooh (1977) [Bluray-1080p] {imdb-tt0076363}.mp4,,,movie,imdb://tt0076363,,unmatched,The Many Adventures of Winnie the Pooh
no movie match,0,F:\MediaStack\data\media\movies\Marley & Me (2008)\Marley and Me (2008) [Bluray-1080p] {imdb-tt0822832}.mkv,,,movie,imdb://tt0822832,,unmatched,Marley & Me
no movie match,0,F:\MediaStack\data\media\movies\Marmaduke (2010)\Marmaduke (2010) [Bluray-720p] {imdb-tt1392197}.mp4,,,movie,imdb://tt1392197,,unmatched,Marmaduke
no movie match,0,F:\MediaStack\data\media\movies\The Martian (2015)\The Martian (2015) [Bluray-1080p] {imdb-tt3659388}.mkv,,,movie,imdb://tt3659388,,unmatched,The Martian
no movie match,0,F:\MediaStack\data\media\movies\Martian Child (2007)\Martian Child (2007) [WEBDL-1080p] {imdb-tt0415965}.mkv,,,movie,imdb://tt0415965,,unmatched,Martian Child
no movie match,0,F:\MediaStack\data\media\movies\The Marvels (2023)\The Marvels (2023) [Bluray-1080p] {imdb-tt10676048}.mkv,,,movie,imdb://tt10676048,,unmatched,The Marvels
no movie match,0,F:\MediaStack\data\media\movies\Mary and The Witch's Flower (2017)\Mary and The Witchs Flower (2017) [Bluray-1080p] {imdb-tt6336356}.mkv,,,movie,imdb://tt6336356,,unmatched,Mary and The Witch's Flower
no movie match,0,F:\MediaStack\data\media\movies\Mary Poppins (1964)\Mary Poppins (1964) [Bluray-1080p] {imdb-tt0058331}.mkv,,,movie,imdb://tt0058331,,unmatched,Mary Poppins
no movie match,0,F:\MediaStack\data\media\movies\Mary Poppins Returns (2018)\Mary Poppins Returns (2018) [Bluray-1080p] {imdb-tt5028340}.mkv,,,movie,imdb://tt5028340,,unmatched,Mary Poppins Returns
no movie match,0,F:\MediaStack\data\media\movies\The Mask (1994)\The Mask (1994) [Bluray-1080p] {imdb-tt0110475}.mp4,,,movie,imdb://tt0110475,,unmatched,The Mask
no movie match,0,F:\MediaStack\data\media\movies\Mass (2021)\Mass (2021) [Bluray-1080p] {imdb-tt11389748}.mkv,,,movie,imdb://tt11389748,,unmatched,Mass
no movie match,0,F:\MediaStack\data\media\movies\Master and Commander - The Far Side of the World (2003)\Master and Commander The Far Side of the World (2003) [Bluray-1080p] {imdb-tt0311113}.mkv,,,movie,imdb://tt0311113,,unmatched,Master and Commander: The Far Side of the World
no movie match,0,F:\MediaStack\data\media\movies\The Master of Disguise (2002)\The Master of Disguise (2002) [WEBDL-1080p] {imdb-tt0295427}.mkv,,,movie,imdb://tt0295427,,unmatched,The Master of Disguise
no movie match,0,F:\MediaStack\data\media\movies\Match Point (2005)\Match Point (2005) [Bluray-1080p] {imdb-tt0416320}.mkv,,,movie,imdb://tt0416320,,unmatched,Match Point
no movie match,0,F:\MediaStack\data\media\movies\The Matrix (1999)\The Matrix (1999) [Bluray-1080p] {imdb-tt0133093}.mkv,,,movie,imdb://tt0133093,,unmatched,The Matrix
no movie match,0,F:\MediaStack\data\media\movies\The Matrix Reloaded (2003)\The Matrix Reloaded (2003) [Bluray-1080p] {imdb-tt0234215}.mkv,,,movie,imdb://tt0234215,,unmatched,The Matrix Reloaded
no movie match,0,F:\MediaStack\data\media\movies\The Matrix Resurrections (2021)\The Matrix Resurrections (2021) [Bluray-1080p] {imdb-tt10838180}.mp4,,,movie,imdb://tt10838180,,unmatched,The Matrix Resurrections
no movie match,0,F:\MediaStack\data\media\movies\The Matrix Revolutions (2003)\The Matrix Revolutions (2003) [Bluray-1080p] {imdb-tt0242653}.mkv,,,movie,imdb://tt0242653,,unmatched,The Matrix Revolutions
no movie match,0,F:\MediaStack\data\media\movies\Max Keeble's Big Move (2001)\Max Keebles Big Move (2001) [WEBDL-1080p] {imdb-tt0273799}.mkv,,,movie,imdb://tt0273799,,unmatched,Max Keeble's Big Move
no movie match,0,"F:\MediaStack\data\media\movies\McFarland, USA (2015)\McFarland USA (2015) [Bluray-1080p] {imdb-tt2097298}.mp4",,,movie,imdb://tt2097298,,unmatched,"McFarland, USA"
no movie match,0,F:\MediaStack\data\media\movies\McLintock! (1963)\McLintock! (1963) [WEBDL-480p] {imdb-tt0057298}.mkv,,,movie,imdb://tt0057298,,unmatched,McLintock!
no movie match,0,F:\MediaStack\data\media\movies\Mad Max - Fury Road (2015)\Mad Max Fury Road (2015) [Bluray-1080p] {imdb-tt1392190}.mkv,,,movie,imdb://tt1392190,,unmatched,Mad Max: Fury Road
no movie match,0,F:\MediaStack\data\media\movies\Madame Web (2024)\Madame Web (2024) [WEBDL-1080p] {imdb-tt11057302}.mkv,,,movie,imdb://tt11057302,,unmatched,Madame Web
no movie match,0,F:\MediaStack\data\media\movies\Madeline (1998)\Madeline (1998) [WEBRip-1080p] {imdb-tt0123987}.mp4,,,movie,imdb://tt0123987,,unmatched,Madeline
no movie match,0,F:\MediaStack\data\media\movies\The Magnificent Seven (1960)\The Magnificent Seven (1960) [Bluray-1080p] {imdb-tt0054047}.mkv,,,movie,imdb://tt0054047,,unmatched,The Magnificent Seven
no movie match,0,F:\MediaStack\data\media\movies\The Magnificent Seven (2016)\The Magnificent Seven (2016) [Bluray-1080p] {imdb-tt2404435}.mkv,,,movie,imdb://tt2404435,,unmatched,The Magnificent Seven
no movie match,0,F:\MediaStack\data\media\movies\Magnolia (1999)\Magnolia (1999) [Bluray-1080p] {imdb-tt0175880}.mp4,,,movie,imdb://tt0175880,,unmatched,Magnolia
no movie match,0,F:\MediaStack\data\media\movies\The Majestic (2001)\The Majestic (2001) [Bluray-1080p] {imdb-tt0268995}.mkv,,,movie,imdb://tt0268995,,unmatched,The Majestic
no movie match,0,F:\MediaStack\data\media\movies\Maleficent (2014)\Maleficent (2014) [Bluray-1080p] {imdb-tt1587310}.mp4,,,movie,imdb://tt1587310,,unmatched,Maleficent
no movie match,0,F:\MediaStack\data\media\movies\Maleficent - Mistress of Evil (2019)\Maleficent Mistress of Evil (2019) [Bluray-1080p] {imdb-tt4777008}.mp4,,,movie,imdb://tt4777008,,unmatched,Maleficent: Mistress of Evil
no movie match,0,F:\MediaStack\data\media\movies\The Maltese Falcon (1941)\The Maltese Falcon (1941) [Bluray-1080p] {imdb-tt0033870}.mp4,,,movie,imdb://tt0033870,,unmatched,The Maltese Falcon
no movie match,0,F:\MediaStack\data\media\movies\Mamma Mia! Here We Go Again (2018)\Mamma Mia! Here We Go Again (2018) [Bluray-1080p] {imdb-tt6911608}.mkv,,,movie,imdb://tt6911608,,unmatched,Mamma Mia! Here We Go Again
no movie match,0,F:\MediaStack\data\media\movies\The Man from Snowy River (1982)\The Man from Snowy River (1982) [Bluray-1080p] {imdb-tt0084296}.mp4,,,movie,imdb://tt0084296,,unmatched,The Man from Snowy River
no movie match,0,F:\MediaStack\data\media\movies\The Man from U.N.C.L.E. (2015)\The Man from U.N.C.L.E. (2015) [WEBDL-1080p] {imdb-tt1638355}.mkv,,,movie,imdb://tt1638355,,unmatched,The Man from U.N.C.L.E.
no movie match,0,F:\MediaStack\data\media\movies\The Man from Utah (1934)\The Man from Utah (1934) [WEBDL-480p] {imdb-tt0025455}.mkv,,,movie,imdb://tt0025455,,unmatched,The Man from Utah
no movie match,0,F:\MediaStack\data\media\movies\Man of Steel (2013)\Man of Steel (2013) [Bluray-1080p] {imdb-tt0770828}.mkv,,,movie,imdb://tt0770828,,unmatched,Man of Steel
no movie match,0,F:\MediaStack\data\media\movies\Man of the House (1995)\Man of the House (1995) [DVD] {imdb-tt0113755}.avi,,,movie,imdb://tt0113755,,unmatched,Man of the House
no movie match,0,F:\MediaStack\data\media\movies\Man on Fire (2004)\Man on Fire (2004) [Bluray-1080p Proper] {imdb-tt0328107}.mp4,,,movie,imdb://tt0328107,,unmatched,Man on Fire
no movie match,0,F:\MediaStack\data\media\movies\Look Who's Talking (1989)\Look Whos Talking (1989) [WEBRip-1080p] {imdb-tt0097778}.mp4,,,movie,imdb://tt0097778,,unmatched,Look Who's Talking
no movie match,0,F:\MediaStack\data\media\movies\The Lorax (2012)\The Lorax (2012) [Bluray-1080p] {imdb-tt1482459}.mp4,,,movie,imdb://tt1482459,,unmatched,The Lorax
no movie match,0,F:\MediaStack\data\media\movies\The Lord of the Rings (1978)\The Lord of the Rings (1978) [Bluray-1080p] {imdb-tt0077869}.mkv,,,movie,imdb://tt0077869,,unmatched,The Lord of the Rings
no movie match,0,F:\MediaStack\data\media\movies\The Lord of the Rings - The Fellowship of the Ring (2001)\The Lord of the Rings The Fellowship of the Ring (2001) [Bluray-1080p] {imdb-tt0120737}.mkv,,,movie,imdb://tt0120737,,unmatched,The Lord of the Rings: The Fellowship of the Ring
no movie match,0,F:\MediaStack\data\media\movies\The Lord of the Rings - The Return of the King (2003)\The Lord of the Rings The Return of the King (2003) [Bluray-1080p] {imdb-tt0167260}.mkv,,,movie,imdb://tt0167260,,unmatched,The Lord of the Rings: The Return of the King
no movie match,0,F:\MediaStack\data\media\movies\The Lord of the Rings - The Two Towers (2002)\The Lord of the Rings The Two Towers (2002) [Bluray-1080p Proper] {imdb-tt0167261}.mp4,,,movie,imdb://tt0167261,,unmatched,The Lord of the Rings: The Two Towers
no movie match,0,F:\MediaStack\data\media\movies\The Lord of the Rings - The War of the Rohirrim (2024)\The Lord of the Rings The War of the Rohirrim (2024) [Bluray-1080p] {imdb-tt14824600}.mkv,,,movie,imdb://tt14824600,,unmatched,The Lord of the Rings: The War of the Rohirrim
no movie match,0,F:\MediaStack\data\media\movies\Love & Basketball (2000)\Love and Basketball (2000) [Bluray-1080p] {imdb-tt0199725}.mkv,,,movie,imdb://tt0199725,,unmatched,Love & Basketball
no movie match,0,F:\MediaStack\data\media\movies\The Lovely Bones (2009)\The Lovely Bones (2009) [Bluray-1080p] {imdb-tt0380510}.mkv,,,movie,imdb://tt0380510,,unmatched,The Lovely Bones
no movie match,0,F:\MediaStack\data\media\movies\Luca (2021)\Luca (2021) [Bluray-1080p] {imdb-tt12801262}.mp4,,,movie,imdb://tt12801262,,unmatched,Luca
no movie match,0,F:\MediaStack\data\media\movies\The Luck of the Irish (2001)\The Luck of the Irish (2001) [Bluray-720p] {imdb-tt0274636}.mp4,,,movie,imdb://tt0274636,,unmatched,The Luck of the Irish
no movie match,0,F:\MediaStack\data\media\movies\The Lucky Texan (1934)\The Lucky Texan (1934) [WEBDL-480p] {imdb-tt0025440}.mkv,,,movie,imdb://tt0025440,,unmatched,The Lucky Texan
no movie match,0,F:\MediaStack\data\media\movies\M-A-S-H (1970)\M-A-S-H (1970) [WEBDL-1080p] {imdb-tt0066026}.mkv,,,movie,imdb://tt0066026,,unmatched,M*A*S*H
no movie match,0,F:\MediaStack\data\media\movies\Mad Max (1979)\Mad Max (1979) [Bluray-1080p] {imdb-tt0079501}.mkv,,,movie,imdb://tt0079501,,unmatched,Mad Max
no movie match,0,F:\MediaStack\data\media\movies\Mad Max Beyond Thunderdome (1985)\Mad Max Beyond Thunderdome (1985) [Bluray-1080p] {imdb-tt0089530}.mkv,,,movie,imdb://tt0089530,,unmatched,Mad Max Beyond Thunderdome
no movie match,0,F:\MediaStack\data\media\movies\Little Giants (1994)\Little Giants (1994) [WEBDL-1080p] {imdb-tt0110364}.mkv,,,movie,imdb://tt0110364,,unmatched,Little Giants
no movie match,0,F:\MediaStack\data\media\movies\Little Manhattan (2005)\Little Manhattan (2005) [WEBDL-1080p] {imdb-tt0412922}.mkv,,,movie,imdb://tt0412922,,unmatched,Little Manhattan
no movie match,0,F:\MediaStack\data\media\movies\The Little Mermaid (1989)\The Little Mermaid (1989) [Bluray-1080p] {imdb-tt0097757}.mkv,,,movie,imdb://tt0097757,,unmatched,The Little Mermaid
no movie match,0,F:\MediaStack\data\media\movies\The Little Mermaid (2023)\The Little Mermaid (2023) [Bluray-1080p] {imdb-tt5971474}.mkv,,,movie,imdb://tt5971474,,unmatched,The Little Mermaid
no movie match,0,F:\MediaStack\data\media\movies\Little Miss Sunshine (2006)\Little Miss Sunshine (2006) [Bluray-1080p] {imdb-tt0449059}.mkv,,,movie,imdb://tt0449059,,unmatched,Little Miss Sunshine
no movie match,0,F:\MediaStack\data\media\movies\Little Monsters (1989)\Little Monsters (1989) [Bluray-1080p] {imdb-tt0097758}.mkv,,,movie,imdb://tt0097758,,unmatched,Little Monsters
no movie match,0,F:\MediaStack\data\media\movies\Little Nemo - Adventures in Slumberland (1989)\Little Nemo Adventures in Slumberland (1989) [Bluray-1080p] {imdb-tt0104740}.mkv,,,movie,imdb://tt0104740,,unmatched,Little Nemo: Adventures in Slumberland
no movie match,0,F:\MediaStack\data\media\movies\The Little Prince (2015)\The Little Prince (2015) [Bluray-1080p] {imdb-tt1754656}.mkv,,,movie,imdb://tt1754656,,unmatched,The Little Prince
no movie match,0,F:\MediaStack\data\media\movies\A Little Princess (1995)\A Little Princess (1995) [WEBDL-1080p] {imdb-tt0113670}.mkv,,,movie,imdb://tt0113670,,unmatched,A Little Princess
no movie match,0,F:\MediaStack\data\media\movies\Little Shop of Horrors (1986)\Little Shop of Horrors (1986) [Bluray-1080p] {imdb-tt0091419}.mp4,,,movie,imdb://tt0091419,,unmatched,Little Shop of Horrors
no movie match,0,F:\MediaStack\data\media\movies\The Little Vampire (2000)\The Little Vampire (2000) [WEBRip-720p] {imdb-tt0192255}.mkv,,,movie,imdb://tt0192255,,unmatched,The Little Vampire
ambiguous movie title match,0,F:\MediaStack\data\media\movies\Little Women (1994)\Little Women (1994) [Bluray-1080p] {imdb-tt0110367}.mkv,,,movie,imdb://tt0110367,,unmatched,Little Women
ambiguous movie title match,0,F:\MediaStack\data\media\movies\Little Women (2019)\Little Women (2019) [Bluray-1080p] {imdb-tt3281548}.mkv,,,movie,imdb://tt3281548,,unmatched,Little Women
no movie match,0,F:\MediaStack\data\media\movies\Live Free or Die Hard (2007)\Live Free or Die Hard (2007) [Bluray-1080p] {imdb-tt0337978}.mp4,,,movie,imdb://tt0337978,,unmatched,Live Free or Die Hard
no movie match,0,F:\MediaStack\data\media\movies\The Lives of Others (2006)\The Lives of Others (2006) [Bluray-1080p] {imdb-tt0405094}.mp4,,,movie,imdb://tt0405094,,unmatched,The Lives of Others
no movie match,0,F:\MediaStack\data\media\movies\The Lizzie McGuire Movie (2003)\The Lizzie McGuire Movie (2003) [WEBRip-1080p] {imdb-tt0306841}.mp4,,,movie,imdb://tt0306841,,unmatched,The Lizzie McGuire Movie
no movie match,0,F:\MediaStack\data\media\movies\Logan (2017)\Logan (2017) [Bluray-1080p] {imdb-tt3315342}.mkv,,,movie,imdb://tt3315342,,unmatched,Logan
no movie match,0,F:\MediaStack\data\media\movies\Logan Lucky (2017)\Logan Lucky (2017) [Bluray-1080p] {imdb-tt5439796}.mkv,,,movie,imdb://tt5439796,,unmatched,Logan Lucky
no movie match,0,F:\MediaStack\data\media\movies\The Lone Ranger (2013)\The Lone Ranger (2013) [Bluray-1080p] {imdb-tt1210819}.mp4,,,movie,imdb://tt1210819,,unmatched,The Lone Ranger
no movie match,0,F:\MediaStack\data\media\movies\The Longest Day (1962)\The Longest Day (1962) [Bluray-1080p] {imdb-tt0056197}.mkv,,,movie,imdb://tt0056197,,unmatched,The Longest Day
no movie match,0,F:\MediaStack\data\media\movies\Life As We Know It (2010)\Life As We Know It (2010) [Bluray-1080p] {imdb-tt1055292}.mp4,,,movie,imdb://tt1055292,,unmatched,Life as We Know It
no movie match,0,F:\MediaStack\data\media\movies\Life Is Beautiful (1997)\Life Is Beautiful (1997) [Bluray-1080p] {imdb-tt0118799}.mp4,,,movie,imdb://tt0118799,,unmatched,Life Is Beautiful
no movie match,0,F:\MediaStack\data\media\movies\Life of Pi (2012)\Life of Pi (2012) [Bluray-1080p] {imdb-tt0454876}.mkv,,,movie,imdb://tt0454876,,unmatched,Life of Pi
no movie match,0,F:\MediaStack\data\media\movies\Life of the Party (2018)\Life of the Party (2018) [Bluray-1080p] {imdb-tt5619332}.mkv,,,movie,imdb://tt5619332,,unmatched,Life of the Party
no movie match,0,F:\MediaStack\data\media\movies\Lifeboat (1944)\Lifeboat (1944) [Bluray-1080p] {imdb-tt0037017}.mkv,,,movie,imdb://tt0037017,,unmatched,Lifeboat
no movie match,0,F:\MediaStack\data\media\movies\The Lifeguard (2013)\The Lifeguard (2013) [WEBDL-480p] {imdb-tt2265534}.mkv,,,movie,imdb://tt2265534,,unmatched,The Lifeguard
no movie match,0,F:\MediaStack\data\media\movies\The Light Between Oceans (2016)\The Light Between Oceans (2016) [Bluray-1080p] {imdb-tt2547584}.mkv,,,movie,imdb://tt2547584,,unmatched,The Light Between Oceans
no movie match,0,F:\MediaStack\data\media\movies\Lights Out (2016)\Lights Out (2016) [Bluray-1080p] {imdb-tt4786282}.mp4,,,movie,imdb://tt4786282,,unmatched,Lights Out
no movie match,0,F:\MediaStack\data\media\movies\Lightyear (2022)\Lightyear (2022) [Bluray-1080p] {imdb-tt10298810}.mp4,,,movie,imdb://tt10298810,,unmatched,Lightyear
no movie match,0,F:\MediaStack\data\media\movies\Like Mike (2002)\Like Mike (2002) [WEBRip-1080p] {imdb-tt0308506}.mp4,,,movie,imdb://tt0308506,,unmatched,Like Mike
no movie match,0,F:\MediaStack\data\media\movies\Like Stars on Earth (2007)\Like Stars on Earth (2007) [Bluray-1080p] {imdb-tt0986264}.mp4,,,movie,imdb://tt0986264,,unmatched,Like Stars on Earth
no movie match,0,F:\MediaStack\data\media\movies\Lilo & Stitch (2002)\Lilo and Stitch (2002) [Bluray-1080p Proper] {imdb-tt0275847}.mkv,,,movie,imdb://tt0275847,,unmatched,Lilo & Stitch
no movie match,0,F:\MediaStack\data\media\movies\Lilo & Stitch (2025)\Lilo and Stitch (2025) [Bluray-1080p] {imdb-tt11655566}.mkv,,,movie,imdb://tt11655566,,unmatched,Lilo & Stitch
no movie match,0,F:\MediaStack\data\media\movies\Lilo & Stitch 2 - Stitch Has a Glitch (2005)\Lilo and Stitch 2 Stitch Has a Glitch (2005) [Bluray-1080p] {imdb-tt0457993}.mkv,,,movie,imdb://tt0457993,,unmatched,Lilo & Stitch 2: Stitch Has a Glitch
no movie match,0,F:\MediaStack\data\media\movies\Lincoln (2012)\Lincoln (2012) [WEBDL-1080p] {imdb-tt0443272}.mkv,,,movie,imdb://tt0443272,,unmatched,Lincoln
no movie match,0,F:\MediaStack\data\media\movies\The Lion King (1994)\The Lion King (1994) [Bluray-1080p] {imdb-tt0110357}.mp4,,,movie,imdb://tt0110357,,unmatched,The Lion King
no movie match,0,F:\MediaStack\data\media\movies\The Lion King (2019)\The Lion King (2019) [Bluray-1080p] {imdb-tt6105098}.mkv,,,movie,imdb://tt6105098,,unmatched,The Lion King
no movie match,0,F:\MediaStack\data\media\movies\The Lion King II - Simba's Pride (1998)\The Lion King II Simbas Pride (1998) [Bluray-1080p] {imdb-tt0120131}.mkv,,,movie,imdb://tt0120131,,unmatched,The Lion King II: Simba's Pride
no movie match,0,F:\MediaStack\data\media\movies\The Little Drummer Boy (1968)\The Little Drummer Boy (1968) [Bluray-1080p] {imdb-tt0063230}.mkv,,,movie,imdb://tt0063230,,unmatched,The Little Drummer Boy
no movie match,0,F:\MediaStack\data\media\movies\Law Abiding Citizen (2009)\Law Abiding Citizen (2009) [Bluray-1080p] {imdb-tt1197624}.mkv,,,movie,imdb://tt1197624,,unmatched,Law Abiding Citizen
no movie match,0,F:\MediaStack\data\media\movies\The Lawless Frontier (1934)\The Lawless Frontier (1934) [Unknown] {imdb-tt0025373}.mkv,,,movie,imdb://tt0025373,,unmatched,The Lawless Frontier
no movie match,0,F:\MediaStack\data\media\movies\Lawrence of Arabia (1962)\Lawrence of Arabia (1962) [Bluray-1080p] {imdb-tt0056172}.mkv,,,movie,imdb://tt0056172,,unmatched,Lawrence of Arabia
no movie match,0,F:\MediaStack\data\media\movies\LBJ (2017)\LBJ (2017) [WEBDL-1080p] {imdb-tt4778988}.mkv,,,movie,imdb://tt4778988,,unmatched,LBJ
no movie match,0,F:\MediaStack\data\media\movies\Le Mans (1971)\Le Mans (1971) [Bluray-1080p] {imdb-tt0067334}.mkv,,,movie,imdb://tt0067334,,unmatched,Le Mans
no movie match,0,F:\MediaStack\data\media\movies\The League of Extraordinary Gentlemen (2003)\The League of Extraordinary Gentlemen (2003) [Bluray-1080p] {imdb-tt0311429}.mkv,,,movie,imdb://tt0311429,,unmatched,The League of Extraordinary Gentlemen
no movie match,0,F:\MediaStack\data\media\movies\Leave It to Beaver (1997)\Leave It to Beaver (1997) [WEBDL-1080p] {imdb-tt0119509}.mkv,,,movie,imdb://tt0119509,,unmatched,Leave It to Beaver
no movie match,0,F:\MediaStack\data\media\movies\Legacy (1993)\Legacy (1993) [WEBDL-480p] {imdb-tt0099996}.mkv,,,movie,imdb://tt0099996,,unmatched,Legacy
no movie match,0,F:\MediaStack\data\media\movies\Legal Eagles (1986)\Legal Eagles (1986) [Bluray-1080p] {imdb-tt0091396}.mkv,,,movie,imdb://tt0091396,,unmatched,Legal Eagles
no movie match,0,F:\MediaStack\data\media\movies\The Legend of Bagger Vance (2000)\The Legend of Bagger Vance (2000) [Bluray-1080p] {imdb-tt0146984}.mp4,,,movie,imdb://tt0146984,,unmatched,The Legend of Bagger Vance
no movie match,0,F:\MediaStack\data\media\movies\The Legend of Tarzan (2016)\The Legend of Tarzan (2016) [Bluray-1080p] {imdb-tt0918940}.mkv,,,movie,imdb://tt0918940,,unmatched,The Legend of Tarzan
no movie match,0,F:\MediaStack\data\media\movies\Legend of the Guardians - The Owls of Ga'Hoole (2010)\Legend of the Guardians The Owls of Ga'Hoole (2010) [Bluray-1080p] {imdb-tt1219342}.mkv,,,movie,imdb://tt1219342,,unmatched,Legend of the Guardians: The Owls of Ga'Hoole
no movie match,0,F:\MediaStack\data\media\movies\The Lego Batman Movie (2017)\The Lego Batman Movie (2017) [Bluray-1080p] {imdb-tt4116284}.mkv,,,movie,imdb://tt4116284,,unmatched,The Lego Batman Movie
no movie match,0,F:\MediaStack\data\media\movies\The Lego Movie (2014)\The Lego Movie (2014) [Bluray-1080p] {imdb-tt1490017}.mkv,,,movie,imdb://tt1490017,,unmatched,The Lego Movie
no movie match,0,F:\MediaStack\data\media\movies\The Lego Movie 2 - The Second Part (2019)\The Lego Movie 2 The Second Part (2019) [Bluray-1080p] {imdb-tt3513498}.mkv,,,movie,imdb://tt3513498,,unmatched,The Lego Movie 2: The Second Part
no movie match,0,F:\MediaStack\data\media\movies\The Lego Ninjago Movie (2017)\The Lego Ninjago Movie (2017) [Bluray-1080p Proper] {imdb-tt3014284}.mkv,,,movie,imdb://tt3014284,,unmatched,The Lego Ninjago Movie
no movie match,0,F:\MediaStack\data\media\movies\License to Wed (2007)\License to Wed (2007) [Bluray-1080p] {imdb-tt0762114}.mkv,,,movie,imdb://tt0762114,,unmatched,License to Wed
ambiguous movie title match,0,F:\MediaStack\data\media\movies\Life (2017)\Life (2017) [Bluray-1080p] {imdb-tt5442430}.mkv,,,movie,imdb://tt5442430,,unmatched,Life
no movie match,0,F:\MediaStack\data\media\movies\The Life Aquatic with Steve Zissou (2004)\The Life Aquatic with Steve Zissou (2004) [Bluray-1080p] {imdb-tt0362270}.mp4,,,movie,imdb://tt0362270,,unmatched,The Life Aquatic with Steve Zissou
no movie match,0,F:\MediaStack\data\media\movies\Kung Fu Panda Holiday (2010)\Kung Fu Panda Holiday (2010) [Bluray-1080p] {imdb-tt1702433}.mkv,,,movie,imdb://tt1702433,,unmatched,Kung Fu Panda Holiday
no movie match,0,F:\MediaStack\data\media\movies\Labyrinth (1986)\Labyrinth (1986) [Bluray-1080p] {imdb-tt0091369}.mkv,,,movie,imdb://tt0091369,,unmatched,Labyrinth
no movie match,0,F:\MediaStack\data\media\movies\Ladder 49 (2004)\Ladder 49 (2004) [Bluray-1080p] {imdb-tt0349710}.mkv,,,movie,imdb://tt0349710,,unmatched,Ladder 49
no movie match,0,F:\MediaStack\data\media\movies\Lady and the Tramp (1955)\Lady and the Tramp (1955) [Bluray-1080p] {imdb-tt0048280}.mp4,,,movie,imdb://tt0048280,,unmatched,Lady and the Tramp
no movie match,0,F:\MediaStack\data\media\movies\Lady in the Water (2006)\Lady in the Water (2006) [Bluray-1080p] {imdb-tt0452637}.mkv,,,movie,imdb://tt0452637,,unmatched,Lady in the Water
no movie match,0,F:\MediaStack\data\media\movies\Ladyhawke (1985)\Ladyhawke (1985) [Bluray-1080p] {imdb-tt0089457}.mp4,,,movie,imdb://tt0089457,,unmatched,Ladyhawke
no movie match,0,F:\MediaStack\data\media\movies\The Lake House (2006)\The Lake House (2006) [Bluray-1080p] {imdb-tt0410297}.mkv,,,movie,imdb://tt0410297,,unmatched,The Lake House
no movie match,0,F:\MediaStack\data\media\movies\The Land Before Time (1988)\The Land Before Time (1988) [Bluray-1080p] {imdb-tt0095489}.mkv,,,movie,imdb://tt0095489,,unmatched,The Land Before Time
no movie match,0,F:\MediaStack\data\media\movies\The Land Before Time II - The Great Valley Adventure (1994)\The Land Before Time II The Great Valley Adventure (1994) [WEBRip-1080p] {imdb-tt0110300}.mp4,,,movie,imdb://tt0110300,,unmatched,The Land Before Time II: The Great Valley Adventure
no movie match,0,F:\MediaStack\data\media\movies\The Land Before Time III - The Time of the Great Giving (1995)\The Land Before Time III The Time of the Great Giving (1995) [WEBRip-1080p] {imdb-tt0113596}.mp4,,,movie,imdb://tt0113596,,unmatched,The Land Before Time III: The Time of the Great Giving
no movie match,0,F:\MediaStack\data\media\movies\Lara Croft - Tomb Raider - The Cradle of Life (2003)\Lara Croft Tomb Raider The Cradle of Life (2003) [Bluray-1080p] {imdb-tt0325703}.mkv,,,movie,imdb://tt0325703,,unmatched,Lara Croft: Tomb Raider - The Cradle of Life
no movie match,0,F:\MediaStack\data\media\movies\Lars and the Real Girl (2007)\Lars and the Real Girl (2007) [Bluray-1080p] {imdb-tt0805564}.mp4,,,movie,imdb://tt0805564,,unmatched,Lars and the Real Girl
no movie match,0,F:\MediaStack\data\media\movies\Lassie (1994)\Lassie (1994) [Bluray-576p] {imdb-tt0110305}.mkv,,,movie,imdb://tt0110305,,unmatched,Lassie
no movie match,0,F:\MediaStack\data\media\movies\The Last Airbender (2010)\The Last Airbender (2010) [Bluray-1080p] {imdb-tt0938283}.mkv,,,movie,imdb://tt0938283,,unmatched,The Last Airbender
no movie match,0,F:\MediaStack\data\media\movies\The Last King of Scotland (2006)\The Last King of Scotland (2006) [Bluray-1080p] {imdb-tt0455590}.mkv,,,movie,imdb://tt0455590,,unmatched,The Last King of Scotland
no movie match,0,F:\MediaStack\data\media\movies\The Last Mimzy (2007)\The Last Mimzy (2007) [WEBRip-720p] {imdb-tt0768212}.mp4,,,movie,imdb://tt0768212,,unmatched,The Last Mimzy
no movie match,0,F:\MediaStack\data\media\movies\The Last of the Mohicans (1992)\The Last of the Mohicans (1992) [Bluray-1080p] {imdb-tt0104691}.mp4,,,movie,imdb://tt0104691,,unmatched,The Last of the Mohicans
no movie match,0,F:\MediaStack\data\media\movies\The Last Samurai (2003)\The Last Samurai (2003) [Bluray-1080p] {imdb-tt0325710}.mkv,,,movie,imdb://tt0325710,,unmatched,The Last Samurai
no movie match,0,F:\MediaStack\data\media\movies\The Last Song (2010)\The Last Song (2010) [Bluray-1080p] {imdb-tt1294226}.mp4,,,movie,imdb://tt1294226,,unmatched,The Last Song
no movie match,0,F:\MediaStack\data\media\movies\The Killers - Live from the Royal Albert Hall (2009)\The Killers Live from the Royal Albert Hall (2009) [Bluray-1080p] {imdb-tt1566946}.mkv,,,movie,imdb://tt1566946,,unmatched,The Killers: Live from the Royal Albert Hall
no movie match,0,F:\MediaStack\data\media\movies\The King and I (1999)\The King and I (1999) [WEBDL-480p] {imdb-tt0160429}.mkv,,,movie,imdb://tt0160429,,unmatched,The King and I
no movie match,0,F:\MediaStack\data\media\movies\King Arthur - Legend of the Sword (2017)\King Arthur Legend of the Sword (2017) [Bluray-1080p] {imdb-tt1972591}.mkv,,,movie,imdb://tt1972591,,unmatched,King Arthur: Legend of the Sword
ambiguous movie title match,0,F:\MediaStack\data\media\movies\King Kong (2005)\King Kong (2005) [Bluray-1080p] {imdb-tt0360717}.mkv,,,movie,imdb://tt0360717,,unmatched,King Kong
no movie match,0,F:\MediaStack\data\media\movies\The King's Man (2021)\The Kings Man (2021) [WEBDL-1080p] {imdb-tt6856242}.mkv,,,movie,imdb://tt6856242,,unmatched,The King's Man
no movie match,0,F:\MediaStack\data\media\movies\Kingdom of Heaven (2005)\Kingdom of Heaven (2005) [Bluray-1080p] {imdb-tt0320661}.mkv,,,movie,imdb://tt0320661,,unmatched,Kingdom of Heaven
no movie match,0,F:\MediaStack\data\media\movies\Kingpin (1996)\Kingpin (1996) [Bluray-1080p] {imdb-tt0116778}.mkv,,,movie,imdb://tt0116778,,unmatched,Kingpin
no movie match,0,F:\MediaStack\data\media\movies\Kingsman - The Golden Circle (2017)\Kingsman The Golden Circle (2017) [Bluray-1080p] {imdb-tt4649466}.mkv,,,movie,imdb://tt4649466,,unmatched,Kingsman: The Golden Circle
no movie match,0,F:\MediaStack\data\media\movies\Kingsman - The Secret Service (2015)\Kingsman The Secret Service (2015) [Bluray-1080p] {imdb-tt2802144}.mkv,,,movie,imdb://tt2802144,,unmatched,Kingsman: The Secret Service
no movie match,0,F:\MediaStack\data\media\movies\Kit Kittredge - An American Girl (2008)\Kit Kittredge An American Girl (2008) [HDTV-1080p] {imdb-tt0846308}.mp4,,,movie,imdb://tt0846308,,unmatched,Kit Kittredge: An American Girl
no movie match,0,F:\MediaStack\data\media\movies\The Kite Runner (2007)\The Kite Runner (2007) [Bluray-1080p] {imdb-tt0419887}.mp4,,,movie,imdb://tt0419887,,unmatched,The Kite Runner
no movie match,0,F:\MediaStack\data\media\movies\Knight and Day (2010)\Knight and Day (2010) [Bluray-1080p] {imdb-tt1013743}.mp4,,,movie,imdb://tt1013743,,unmatched,Knight and Day
no movie match,0,F:\MediaStack\data\media\movies\Kong - Skull Island (2017)\Kong Skull Island (2017) [Bluray-1080p] {imdb-tt3731562}.mkv,,,movie,imdb://tt3731562,,unmatched,Kong: Skull Island
no movie match,0,F:\MediaStack\data\media\movies\Kronk's New Groove (2005)\Kronks New Groove (2005) [Bluray-1080p] {imdb-tt0401398}.mkv,,,movie,imdb://tt0401398,,unmatched,Kronk's New Groove
no movie match,0,F:\MediaStack\data\media\movies\Kubo and the Two Strings (2016)\Kubo and the Two Strings (2016) [Bluray-1080p] {imdb-tt4302938}.mkv,,,movie,imdb://tt4302938,,unmatched,Kubo and the Two Strings
no movie match,0,F:\MediaStack\data\media\movies\Just My Luck (2006)\Just My Luck (2006) [Bluray-720p] {imdb-tt0397078}.mp4,,,movie,imdb://tt0397078,,unmatched,Just My Luck
no movie match,0,F:\MediaStack\data\media\movies\K-9 (1989)\K-9 (1989) [Bluray-720p] {imdb-tt0097637}.mp4,,,movie,imdb://tt0097637,,unmatched,K-9
no movie match,0,F:\MediaStack\data\media\movies\K-19 - The Widowmaker (2002)\K-19 The Widowmaker (2002) [Bluray-1080p] {imdb-tt0267626}.mkv,,,movie,imdb://tt0267626,,unmatched,K-19: The Widowmaker
no movie match,0,F:\MediaStack\data\media\movies\K2 (1991)\K2 (1991) [HDTV-720p] {imdb-tt0102178}.mkv,,,movie,imdb://tt0102178,,unmatched,K2
no movie match,0,F:\MediaStack\data\media\movies\Kangaroo Jack (2003)\Kangaroo Jack (2003) [WEBRip-1080p] {imdb-tt0257568}.mp4,,,movie,imdb://tt0257568,,unmatched,Kangaroo Jack
ambiguous movie title match,0,F:\MediaStack\data\media\movies\The Karate Kid (1984)\The Karate Kid (1984) [Bluray-1080p] {imdb-tt0087538}.mkv,,,movie,imdb://tt0087538,,unmatched,The Karate Kid
no movie match,0,F:\MediaStack\data\media\movies\Kate & Leopold (2001)\Kate and Leopold (2001) [Bluray-1080p] {imdb-tt0035423}.mkv,,,movie,imdb://tt0035423,,unmatched,Kate & Leopold
no movie match,0,F:\MediaStack\data\media\movies\Kazaam (1996)\Kazaam (1996) [WEBRip-1080p] {imdb-tt0116756}.mkv,,,movie,imdb://tt0116756,,unmatched,Kazaam
no movie match,0,F:\MediaStack\data\media\movies\Keanu (2016)\Keanu (2016) [WEBRip-720p] {imdb-tt4139124}.mkv,,,movie,imdb://tt4139124,,unmatched,Keanu
no movie match,0,F:\MediaStack\data\media\movies\Kelly's Heroes (1970)\Kellys Heroes (1970) [Bluray-1080p] {imdb-tt0065938}.mp4,,,movie,imdb://tt0065938,,unmatched,Kelly's Heroes
no movie match,0,F:\MediaStack\data\media\movies\The Kentucky Fried Movie (1977)\The Kentucky Fried Movie (1977) [Bluray-1080p] {imdb-tt0076257}.mkv,,,movie,imdb://tt0076257,,unmatched,The Kentucky Fried Movie
no movie match,0,F:\MediaStack\data\media\movies\Key Largo (1948)\Key Largo (1948) [Bluray-1080p] {imdb-tt0040506}.mp4,,,movie,imdb://tt0040506,,unmatched,Key Largo
no movie match,0,F:\MediaStack\data\media\movies\A Kid in King Arthur's Court (1995)\A Kid in King Arthurs Court (1995) [WEBDL-1080p] {imdb-tt0113538}.mkv,,,movie,imdb://tt0113538,,unmatched,A Kid in King Arthur's Court
no movie match,0,F:\MediaStack\data\media\movies\Kiki's Delivery Service (1989)\Kikis Delivery Service (1989) [Bluray-1080p Proper] {imdb-tt0097814}.mkv,,,movie,imdb://tt0097814,,unmatched,Kiki's Delivery Service
no movie match,0,F:\MediaStack\data\media\movies\Jojo Rabbit (2019)\Jojo Rabbit (2019) [Bluray-1080p] {imdb-tt2584384}.mp4,,,movie,imdb://tt2584384,,unmatched,Jojo Rabbit
no movie match,0,F:\MediaStack\data\media\movies\Jonah - A VeggieTales Movie (2002)\Jonah A VeggieTales Movie (2002) [Bluray-720p] {imdb-tt0298388}.mp4,,,movie,imdb://tt0298388,,unmatched,Jonah: A VeggieTales Movie
no movie match,0,F:\MediaStack\data\media\movies\Joseph - King of Dreams (2000)\Joseph King of Dreams (2000) [Bluray-1080p] {imdb-tt0264734}.mp4,,,movie,imdb://tt0264734,,unmatched,Joseph: King of Dreams
no movie match,0,F:\MediaStack\data\media\movies\Josie and the Pussycats (2001)\Josie and the Pussycats (2001) [WEBRip-1080p] {imdb-tt0236348}.mp4,,,movie,imdb://tt0236348,,unmatched,Josie and the Pussycats
no movie match,0,F:\MediaStack\data\media\movies\Journey to the Center of the Earth (2008)\Journey to the Center of the Earth (2008) [Bluray-1080p] {imdb-tt0373051}.mkv,,,movie,imdb://tt0373051,,unmatched,Journey to the Center of the Earth
no movie match,0,F:\MediaStack\data\media\movies\Joyeux Noel (2005)\Joyeux Noel (2005) [Bluray-1080p] {imdb-tt0424205}.mkv,,,movie,imdb://tt0424205,,unmatched,Joyeux Noel
no movie match,0,F:\MediaStack\data\media\movies\The Judge (2014)\The Judge (2014) [Bluray-1080p] {imdb-tt1872194}.mp4,,,movie,imdb://tt1872194,,unmatched,The Judge
no movie match,0,F:\MediaStack\data\media\movies\Judgment at Nuremberg (1961)\Judgment at Nuremberg (1961) [Bluray-1080p] {imdb-tt0055031}.mkv,,,movie,imdb://tt0055031,,unmatched,Judgment at Nuremberg
no movie match,0,F:\MediaStack\data\media\movies\Judy (2019)\Judy (2019) [Bluray-1080p] {imdb-tt7549996}.mp4,,,movie,imdb://tt7549996,,unmatched,Judy
no movie match,0,F:\MediaStack\data\media\movies\Jujutsu Kaisen 0 (2021)\Jujutsu Kaisen 0 (2021) [Bluray-1080p] {imdb-tt14331144}.mkv,,,movie,imdb://tt14331144,,unmatched,Jujutsu Kaisen 0
no movie match,0,F:\MediaStack\data\media\movies\Jumper (2008)\Jumper (2008) [Bluray-1080p] {imdb-tt0489099}.mkv,,,movie,imdb://tt0489099,,unmatched,Jumper
no movie match,0,F:\MediaStack\data\media\movies\Jungle 2 Jungle (1997)\Jungle 2 Jungle (1997) [Bluray-1080p] {imdb-tt0119432}.mp4,,,movie,imdb://tt0119432,,unmatched,Jungle 2 Jungle
no movie match,0,F:\MediaStack\data\media\movies\The Jungle Book (1967)\The Jungle Book (1967) [Bluray-1080p] {imdb-tt0061852}.mkv,,,movie,imdb://tt0061852,,unmatched,The Jungle Book
no movie match,0,F:\MediaStack\data\media\movies\The Jungle Book (1994)\The Jungle Book (1994) [WEBRip-1080p] {imdb-tt0110213}.mp4,,,movie,imdb://tt0110213,,unmatched,The Jungle Book
no movie match,0,F:\MediaStack\data\media\movies\The Jungle Book (2016)\The Jungle Book (2016) [Bluray-1080p] {imdb-tt3040964}.mkv,,,movie,imdb://tt3040964,,unmatched,The Jungle Book
no movie match,0,F:\MediaStack\data\media\movies\Jungle Cruise (2021)\Jungle Cruise (2021) [Bluray-1080p] {imdb-tt0870154}.mp4,,,movie,imdb://tt0870154,,unmatched,Jungle Cruise
no movie match,0,F:\MediaStack\data\media\movies\Junior (1994)\Junior (1994) [Bluray-1080p] {imdb-tt0110216}.mkv,,,movie,imdb://tt0110216,,unmatched,Junior
no movie match,0,F:\MediaStack\data\media\movies\Juno (2007)\Juno (2007) [Bluray-1080p] {imdb-tt0467406}.mp4,,,movie,imdb://tt0467406,,unmatched,Juno
no movie match,0,F:\MediaStack\data\media\movies\Jupiter Ascending (2015)\Jupiter Ascending (2015) [Bluray-1080p] {imdb-tt1617661}.mkv,,,movie,imdb://tt1617661,,unmatched,Jupiter Ascending
no movie match,0,F:\MediaStack\data\media\movies\James and the Giant Peach (1996)\James and the Giant Peach (1996) [Bluray-1080p] {imdb-tt0116683}.mkv,,,movie,imdb://tt0116683,,unmatched,James and the Giant Peach
no movie match,0,F:\MediaStack\data\media\movies\Jane Eyre (1996)\Jane Eyre (1996) [Bluray-1080p] {imdb-tt0116684}.mp4,,,movie,imdb://tt0116684,,unmatched,Jane Eyre
no movie match,0,F:\MediaStack\data\media\movies\Jane Eyre (1997)\Jane Eyre (1997) [WEBDL-480p] {imdb-tt0119404}.mkv,,,movie,imdb://tt0119404,,unmatched,Jane Eyre
no movie match,0,F:\MediaStack\data\media\movies\Jeremiah Johnson (1972)\Jeremiah Johnson (1972) [Bluray-1080p] {imdb-tt0068762}.mp4,,,movie,imdb://tt0068762,,unmatched,Jeremiah Johnson
no movie match,0,F:\MediaStack\data\media\movies\Jerks of All Trades (1949)\Jerks of All Trades (1949) [Unknown] {imdb-tt0381290}.mkv,,,movie,imdb://tt0381290,,unmatched,Jerks of All Trades
no movie match,0,F:\MediaStack\data\media\movies\Jerry & Marge Go Large (2022)\Jerry and Marge Go Large (2022) [Bluray-1080p] {imdb-tt8323668}.mkv,,,movie,imdb://tt8323668,,unmatched,Jerry and Marge Go Large
no movie match,0,F:\MediaStack\data\media\movies\JFK (1991)\JFK (1991) [Bluray-1080p] {imdb-tt0102138}.mkv,,,movie,imdb://tt0102138,,unmatched,JFK
no movie match,0,F:\MediaStack\data\media\movies\Jimi Hendrix - Live at the Isle of Wight (1970)\Jimi Hendrix Live at the Isle of Wight (1970) [Unknown].mkv,,,movie,tmdb://265211,,unmatched,Jimi Hendrix - Live at the Isle of Wight
no movie match,0,F:\MediaStack\data\media\movies\Jimmy Neutron - Boy Genius (2001)\Jimmy Neutron Boy Genius (2001) [WEBDL-1080p] {imdb-tt0268397}.mkv,,,movie,imdb://tt0268397,,unmatched,Jimmy Neutron: Boy Genius
no movie match,0,F:\MediaStack\data\media\movies\Jingle All the Way (1996)\Jingle All the Way (1996) [Bluray-1080p] {imdb-tt0116705}.mkv,,,movie,imdb://tt0116705,,unmatched,Jingle All the Way
no movie match,0,F:\MediaStack\data\media\movies\Joe Somebody (2001)\Joe Somebody (2001) [Bluray-1080p] {imdb-tt0279889}.mp4,,,movie,imdb://tt0279889,,unmatched,Joe Somebody
no movie match,0,F:\MediaStack\data\media\movies\Joe Versus the Volcano (1990)\Joe Versus the Volcano (1990) [Bluray-1080p] {imdb-tt0099892}.mkv,,,movie,imdb://tt0099892,,unmatched,Joe Versus the Volcano
no movie match,0,F:\MediaStack\data\media\movies\John Carter (2012)\John Carter (2012) [Bluray-1080p] {imdb-tt0401729}.mkv,,,movie,imdb://tt0401729,,unmatched,John Carter
no movie match,0,F:\MediaStack\data\media\movies\John Q (2002)\John Q (2002) [Bluray-1080p] {imdb-tt0251160}.mkv,,,movie,imdb://tt0251160,,unmatched,John Q
no movie match,0,F:\MediaStack\data\media\movies\Johnny Tsunami (1999)\Johnny Tsunami (1999) [Bluray-1080p] {imdb-tt0206064}.mp4,,,movie,imdb://tt0206064,,unmatched,Johnny Tsunami
no movie match,0,F:\MediaStack\data\media\movies\Invincible (2006)\Invincible (2006) [Bluray-1080p] {imdb-tt0445990}.mkv,,,movie,imdb://tt0445990,,unmatched,Invincible
no movie match,0,F:\MediaStack\data\media\movies\Ip Man (2008)\Ip Man (2008) [Bluray-1080p] {imdb-tt1220719}.mkv,,,movie,imdb://tt1220719,,unmatched,Ip Man
no movie match,0,F:\MediaStack\data\media\movies\Ip Man 2 (2010)\Ip Man 2 (2010) [Bluray-1080p] {imdb-tt1386932}.mp4,,,movie,imdb://tt1386932,,unmatched,Ip Man 2
no movie match,0,F:\MediaStack\data\media\movies\Ip Man 3 (2015)\Ip Man 3 (2015) [Bluray-1080p] {imdb-tt2888046}.mkv,,,movie,imdb://tt2888046,,unmatched,Ip Man 3
no movie match,0,F:\MediaStack\data\media\movies\Ip Man 4 - The Finale (2019)\Ip Man 4 The Finale (2019) [WEBRip-1080p] {imdb-tt2076298}.mp4,,,movie,imdb://tt2076298,,unmatched,Ip Man 4: The Finale
no movie match,0,F:\MediaStack\data\media\movies\The Iron Giant (1999)\The Iron Giant (1999) [Bluray-1080p Proper] {imdb-tt0129167}.mp4,,,movie,imdb://tt0129167,,unmatched,The Iron Giant
no movie match,0,F:\MediaStack\data\media\movies\Iron Man (2008)\Iron Man (2008) [Bluray-1080p Proper] {imdb-tt0371746}.mkv,,,movie,imdb://tt0371746,,unmatched,Iron Man
no movie match,0,F:\MediaStack\data\media\movies\Iron Man 2 (2010)\Iron Man 2 (2010) [Bluray-1080p Proper] {imdb-tt1228705}.mkv,,,movie,imdb://tt1228705,,unmatched,Iron Man 2
no movie match,0,F:\MediaStack\data\media\movies\Iron Man 3 (2013)\Iron Man 3 (2013) [Bluray-1080p] {imdb-tt1300854}.mkv,,,movie,imdb://tt1300854,,unmatched,Iron Man 3
no movie match,0,F:\MediaStack\data\media\movies\Iron Will (1994)\Iron Will (1994) [WEBDL-1080p] {imdb-tt0110157}.mkv,,,movie,imdb://tt0110157,,unmatched,Iron Will
no movie match,0,F:\MediaStack\data\media\movies\The Island (2005)\The Island (2005) [Bluray-1080p] {imdb-tt0399201}.mkv,,,movie,imdb://tt0399201,,unmatched,The Island
no movie match,0,F:\MediaStack\data\media\movies\Isle of Dogs (2018)\Isle of Dogs (2018) [Bluray-1080p] {imdb-tt5104604}.mkv,,,movie,imdb://tt5104604,,unmatched,Isle of Dogs
no movie match,0,F:\MediaStack\data\media\movies\It Happened One Night (1934)\It Happened One Night (1934) [Bluray-1080p] {imdb-tt0025316}.mp4,,,movie,imdb://tt0025316,,unmatched,It Happened One Night
no movie match,0,F:\MediaStack\data\media\movies\It Takes Two (1995)\It Takes Two (1995) [SDTV] {imdb-tt0113442}.avi,,,movie,imdb://tt0113442,,unmatched,It Takes Two
no movie match,0,"F:\MediaStack\data\media\movies\It's a Mad, Mad, Mad, Mad World (1963)\Its a Mad Mad Mad Mad World (1963) [Bluray-1080p] {imdb-tt0057193}.mkv",,,movie,imdb://tt0057193,,unmatched,It's a Mad Mad Mad Mad World
no movie match,0,F:\MediaStack\data\media\movies\It's a Wonderful Life (1946)\Its a Wonderful Life (1946) [Bluray-1080p] {imdb-tt0038650}.mkv,,,movie,imdb://tt0038650,,unmatched,It's a Wonderful Life
no movie match,0,F:\MediaStack\data\media\movies\J. Edgar (2011)\J. Edgar (2011) [Bluray-1080p] {imdb-tt1616195}.mkv,,,movie,imdb://tt1616195,,unmatched,J. Edgar
no movie match,0,F:\MediaStack\data\media\movies\Jack (1996)\Jack (1996) [WEBDL-1080p] {imdb-tt0116669}.mkv,,,movie,imdb://tt0116669,,unmatched,Jack
no movie match,0,F:\MediaStack\data\media\movies\Jack Frost (1998)\Jack Frost (1998) [WEBRip-1080p] {imdb-tt0141109}.mp4,,,movie,imdb://tt0141109,,unmatched,Jack Frost
no movie match,0,F:\MediaStack\data\media\movies\Jack the Giant Slayer (2013)\Jack the Giant Slayer (2013) [Bluray-1080p] {imdb-tt1351685}.mkv,,,movie,imdb://tt1351685,,unmatched,Jack the Giant Slayer
no movie match,0,F:\MediaStack\data\media\movies\Inheritance (2025)\Inheritance (2025) [WEBRip-1080p] {imdb-tt31050620}.mp4,,,movie,imdb://tt31050620,,unmatched,Inheritance
no movie match,0,F:\MediaStack\data\media\movies\Inkheart (2008)\Inkheart (2008) [Bluray-1080p] {imdb-tt0494238}.mkv,,,movie,imdb://tt0494238,,unmatched,Inkheart
no movie match,0,F:\MediaStack\data\media\movies\Innerspace (1987)\Innerspace (1987) [Bluray-1080p] {imdb-tt0093260}.mp4,,,movie,imdb://tt0093260,,unmatched,Innerspace
no movie match,0,F:\MediaStack\data\media\movies\Inside Out (2015)\Inside Out (2015) [Bluray-1080p] {imdb-tt2096673}.mp4,,,movie,imdb://tt2096673,,unmatched,Inside Out
no movie match,0,F:\MediaStack\data\media\movies\Inside Out 2 (2024)\Inside Out 2 (2024) [Bluray-1080p] {imdb-tt22022452}.mp4,,,movie,imdb://tt22022452,,unmatched,Inside Out 2
no movie match,0,F:\MediaStack\data\media\movies\Insidious - The Last Key (2018)\Insidious The Last Key (2018) [Bluray-1080p] {imdb-tt5726086}.mp4,,,movie,imdb://tt5726086,,unmatched,Insidious: The Last Key
no movie match,0,F:\MediaStack\data\media\movies\Insidious - The Red Door (2023)\Insidious The Red Door (2023) [Bluray-1080p] {imdb-tt13405778}.mkv,,,movie,imdb://tt13405778,,unmatched,Insidious: The Red Door
no movie match,0,F:\MediaStack\data\media\movies\Inspector Gadget (1999)\Inspector Gadget (1999) [WEBDL-1080p] {imdb-tt0141369}.mkv,,,movie,imdb://tt0141369,,unmatched,Inspector Gadget
no movie match,0,F:\MediaStack\data\media\movies\Inspector Gadget 2 (2003)\Inspector Gadget 2 (2003) [WEBDL-1080p] {imdb-tt0301454}.mkv,,,movie,imdb://tt0301454,,unmatched,Inspector Gadget 2
no movie match,0,F:\MediaStack\data\media\movies\The Intern (2015)\The Intern (2015) [Bluray-1080p] {imdb-tt2361509}.mkv,,,movie,imdb://tt2361509,,unmatched,The Intern
no movie match,0,F:\MediaStack\data\media\movies\The Internship (2013)\The Internship (2013) [Bluray-1080p] {imdb-tt2234155}.mp4,,,movie,imdb://tt2234155,,unmatched,The Internship
no movie match,0,F:\MediaStack\data\media\movies\Interstellar (2014)\Interstellar (2014) [WEBDL-2160p] {imdb-tt0816692}.mkv,,,movie,imdb://tt0816692,,unmatched,Interstellar
no movie match,0,F:\MediaStack\data\media\movies\Interview with the Vampire (1994)\Interview with the Vampire (1994) [Bluray-1080p] {imdb-tt0110148}.mkv,,,movie,imdb://tt0110148,,unmatched,Interview with the Vampire
no movie match,0,F:\MediaStack\data\media\movies\Into the Storm (2014)\Into the Storm (2014) [Bluray-1080p] {imdb-tt2106361}.mkv,,,movie,imdb://tt2106361,,unmatched,Into the Storm
no movie match,0,F:\MediaStack\data\media\movies\Into the Woods (2014)\Into the Woods (2014) [Bluray-1080p] {imdb-tt2180411}.mp4,,,movie,imdb://tt2180411,,unmatched,Into the Woods
no movie match,0,F:\MediaStack\data\media\movies\The Intouchables (2011)\The Intouchables (2011) [Bluray-1080p] {imdb-tt1675434}.mkv,,,movie,imdb://tt1675434,,unmatched,The Intouchables
no movie match,0,F:\MediaStack\data\media\movies\Inu-Oh (2022)\Inu-Oh (2022) [Bluray-1080p] {imdb-tt10540510}.mkv,,,movie,imdb://tt10540510,,unmatched,Inu-Oh
no movie match,0,F:\MediaStack\data\media\movies\The Invasion (2007)\The Invasion (2007) [Bluray-1080p] {imdb-tt0427392}.mkv,,,movie,imdb://tt0427392,,unmatched,The Invasion
no movie match,0,F:\MediaStack\data\media\movies\The Ides of March (2011)\The Ides of March (2011) [Bluray-1080p] {imdb-tt1124035}.mkv,,,movie,imdb://tt1124035,,unmatched,The Ides of March
no movie match,0,F:\MediaStack\data\media\movies\If I Stay (2014)\If I Stay (2014) [Bluray-1080p] {imdb-tt1355630}.mkv,,,movie,imdb://tt1355630,,unmatched,If I Stay
no movie match,0,F:\MediaStack\data\media\movies\The Illusionist (2006)\The Illusionist (2006) [Bluray-1080p] {imdb-tt0443543}.mkv,,,movie,imdb://tt0443543,,unmatched,The Illusionist
no movie match,0,F:\MediaStack\data\media\movies\The Imaginary (2023)\The Imaginary (2023) [WEBDL-1080p] {imdb-tt16369708}.mkv,,,movie,imdb://tt16369708,,unmatched,The Imaginary
no movie match,0,F:\MediaStack\data\media\movies\The In Between (2022)\The In Between (2022) [WEBRip-1080p] {imdb-tt8851148}.mkv,,,movie,imdb://tt8851148,,unmatched,The In Between
no movie match,0,F:\MediaStack\data\media\movies\In the Heart of the Sea (2015)\In the Heart of the Sea (2015) [Bluray-1080p] {imdb-tt1390411}.mkv,,,movie,imdb://tt1390411,,unmatched,In the Heart of the Sea
no movie match,0,F:\MediaStack\data\media\movies\In This Corner of the World (2016)\In This Corner of the World (2016) [Bluray-1080p] {imdb-tt4769824}.mkv,,,movie,imdb://tt4769824,,unmatched,In This Corner of the World
no movie match,0,F:\MediaStack\data\media\movies\In Time (2011)\In Time (2011) [Bluray-1080p] {imdb-tt1637688}.mkv,,,movie,imdb://tt1637688,,unmatched,In Time
no movie match,0,F:\MediaStack\data\media\movies\Incendies (2010)\Incendies (2010) [Bluray-1080p] {imdb-tt1255953}.mkv,,,movie,imdb://tt1255953,,unmatched,Incendies
no movie match,0,F:\MediaStack\data\media\movies\Inception (2010)\Inception (2010) [Bluray-1080p] {imdb-tt1375666}.mp4,,,movie,imdb://tt1375666,,unmatched,Inception
no movie match,0,F:\MediaStack\data\media\movies\The Incredible Burt Wonderstone (2013)\The Incredible Burt Wonderstone (2013) [Bluray-1080p] {imdb-tt0790628}.mp4,,,movie,imdb://tt0790628,,unmatched,The Incredible Burt Wonderstone
no movie match,0,F:\MediaStack\data\media\movies\The Incredible Hulk (2008)\The Incredible Hulk (2008) [Bluray-1080p] {imdb-tt0800080}.mp4,,,movie,imdb://tt0800080,,unmatched,The Incredible Hulk
no movie match,0,F:\MediaStack\data\media\movies\The Incredibles (2004)\The Incredibles (2004) [Bluray-1080p] {imdb-tt0317705}.mkv,,,movie,imdb://tt0317705,,unmatched,The Incredibles
no movie match,0,F:\MediaStack\data\media\movies\Incredibles 2 (2018)\Incredibles 2 (2018) [Bluray-1080p] {imdb-tt3606756}.mkv,,,movie,imdb://tt3606756,,unmatched,Incredibles 2
no movie match,0,F:\MediaStack\data\media\movies\Independence Day (1996)\Independence Day (1996) [Bluray-1080p] {imdb-tt0116629}.mkv,,,movie,imdb://tt0116629,,unmatched,Independence Day
no movie match,0,F:\MediaStack\data\media\movies\Indiana Jones and the Dial of Destiny (2023)\Indiana Jones and the Dial of Destiny (2023) [Bluray-1080p] {imdb-tt1462764}.mkv,,,movie,imdb://tt1462764,,unmatched,Indiana Jones and the Dial of Destiny
no movie match,0,F:\MediaStack\data\media\movies\Indiana Jones and the Kingdom of the Crystal Skull (2008)\Indiana Jones and the Kingdom of the Crystal Skull (2008) [Bluray-1080p] {imdb-tt0367882}.mkv,,,movie,imdb://tt0367882,,unmatched,Indiana Jones and the Kingdom of the Crystal Skull
no movie match,0,F:\MediaStack\data\media\movies\Indiana Jones and the Last Crusade (1989)\Indiana Jones and the Last Crusade (1989) [Bluray-1080p] {imdb-tt0097576}.mp4,,,movie,imdb://tt0097576,,unmatched,Indiana Jones and the Last Crusade
no movie match,0,F:\MediaStack\data\media\movies\Indiana Jones and the Temple of Doom (1984)\Indiana Jones and the Temple of Doom (1984) [Bluray-1080p Proper] {imdb-tt0087469}.mkv,,,movie,imdb://tt0087469,,unmatched,Indiana Jones and the Temple of Doom
no movie match,0,F:\MediaStack\data\media\movies\Inferno (2016)\Inferno (2016) [Bluray-1080p] {imdb-tt3062096}.mkv,,,movie,imdb://tt3062096,,unmatched,Inferno
no movie match,0,F:\MediaStack\data\media\movies\The Hunchback of Notre Dame (1996)\The Hunchback of Notre Dame (1996) [Bluray-1080p] {imdb-tt0116583}.mkv,,,movie,imdb://tt0116583,,unmatched,The Hunchback of Notre Dame
no movie match,0,F:\MediaStack\data\media\movies\The Hunchback of Notre Dame II (2002)\The Hunchback of Notre Dame II (2002) [WEBDL-1080p] {imdb-tt0257778}.mkv,,,movie,imdb://tt0257778,,unmatched,The Hunchback of Notre Dame II
no movie match,0,F:\MediaStack\data\media\movies\The Hurricane (1999)\The Hurricane (1999) [Bluray-1080p] {imdb-tt0174856}.mkv,,,movie,imdb://tt0174856,,unmatched,The Hurricane
no movie match,0,F:\MediaStack\data\media\movies\The Hurricane Express (1932)\The Hurricane Express (1932) [WEBDL-480p] {imdb-tt0023038}.mkv,,,movie,imdb://tt0023038,,unmatched,The Hurricane Express
no movie match,0,F:\MediaStack\data\media\movies\I Am Legend (2007)\I Am Legend (2007) [Bluray-1080p] {imdb-tt0480249}.mkv,,,movie,imdb://tt0480249,,unmatched,I Am Legend
no movie match,0,F:\MediaStack\data\media\movies\I Am Number Four (2011)\I Am Number Four (2011) [Bluray-1080p] {imdb-tt1464540}.mkv,,,movie,imdb://tt1464540,,unmatched,I Am Number Four
no movie match,0,F:\MediaStack\data\media\movies\I Am Sam (2001)\I Am Sam (2001) [Bluray-1080p] {imdb-tt0277027}.mp4,,,movie,imdb://tt0277027,,unmatched,I Am Sam
no movie match,0,"F:\MediaStack\data\media\movies\I, Robot (2004)\I Robot (2004) [Bluray-1080p Proper] {imdb-tt0343818}.mkv",,,movie,imdb://tt0343818,,unmatched,"I, Robot"
no movie match,0,F:\MediaStack\data\media\movies\Ice Age (2002)\Ice Age (2002) [Bluray-1080p] {imdb-tt0268380}.mp4,,,movie,imdb://tt0268380,,unmatched,Ice Age
no movie match,0,F:\MediaStack\data\media\movies\Ice Age - A Mammoth Christmas (2011)\Ice Age A Mammoth Christmas (2011) [Bluray-1080p] {imdb-tt2100546}.mkv,,,movie,imdb://tt2100546,,unmatched,Ice Age: A Mammoth Christmas
no movie match,0,F:\MediaStack\data\media\movies\Ice Age - Collision Course (2016)\Ice Age Collision Course (2016) [Bluray-1080p] {imdb-tt3416828}.mkv,,,movie,imdb://tt3416828,,unmatched,Ice Age: Collision Course
no movie match,0,F:\MediaStack\data\media\movies\Ice Age - Continental Drift (2012)\Ice Age Continental Drift (2012) [Bluray-1080p] {imdb-tt1667889}.mkv,,,movie,imdb://tt1667889,,unmatched,Ice Age: Continental Drift
no movie match,0,F:\MediaStack\data\media\movies\Ice Age - Dawn of the Dinosaurs (2009)\Ice Age Dawn of the Dinosaurs (2009) [Bluray-1080p] {imdb-tt1080016}.mp4,,,movie,imdb://tt1080016,,unmatched,Ice Age: Dawn of the Dinosaurs
no movie match,0,F:\MediaStack\data\media\movies\Ice Age - The Meltdown (2006)\Ice Age The Meltdown (2006) [Bluray-1080p] {imdb-tt0438097}.mkv,,,movie,imdb://tt0438097,,unmatched,Ice Age: The Meltdown
no movie match,0,F:\MediaStack\data\media\movies\Ice Princess (2005)\Ice Princess (2005) [WEBDL-1080p] {imdb-tt0396652}.mkv,,,movie,imdb://tt0396652,,unmatched,Ice Princess
no movie match,0,F:\MediaStack\data\media\movies\House Arrest (1996)\House Arrest (1996) [WEBRip-1080p] {imdb-tt0116571}.mp4,,,movie,imdb://tt0116571,,unmatched,House Arrest
no movie match,0,F:\MediaStack\data\media\movies\The House Bunny (2008)\The House Bunny (2008) [Bluray-1080p] {imdb-tt0852713}.Clean.mp4,,,movie,imdb://tt0852713,,unmatched,The House Bunny
no movie match,0,F:\MediaStack\data\media\movies\How to Eat Fried Worms (2006)\How to Eat Fried Worms (2006) [WEBDL-1080p] {imdb-tt0462346}.mkv,,,movie,imdb://tt0462346,,unmatched,How to Eat Fried Worms
ambiguous movie title match,0,F:\MediaStack\data\media\movies\How to Train Your Dragon (2010)\How to Train Your Dragon (2010) [Bluray-1080p] {imdb-tt0892769}.mkv,,,movie,imdb://tt0892769,,unmatched,How to Train Your Dragon
ambiguous movie title match,0,F:\MediaStack\data\media\movies\How to Train Your Dragon (2025)\How to Train Your Dragon (2025) [Bluray-1080p] {imdb-tt26743210}.mkv,,,movie,imdb://tt26743210,,unmatched,How to Train Your Dragon
no movie match,0,F:\MediaStack\data\media\movies\Howl's Moving Castle (2004)\Howls Moving Castle (2004) [Bluray-1080p] {imdb-tt0347149}.mkv,,,movie,imdb://tt0347149,,unmatched,Howl's Moving Castle
no movie match,0,F:\MediaStack\data\media\movies\Hud (1963)\Hud (1963) [Bluray-1080p] {imdb-tt0057163}.mp4,,,movie,imdb://tt0057163,,unmatched,Hud
no movie match,0,F:\MediaStack\data\media\movies\Hocus Pocus (1993)\Hocus Pocus (1993) [Bluray-1080p Proper] {imdb-tt0107120}.mkv,,,movie,imdb://tt0107120,,unmatched,Hocus Pocus
no movie match,0,F:\MediaStack\data\media\movies\Hocus Pocus 2 (2022)\Hocus Pocus 2 (2022) [WEBDL-1080p] {imdb-tt11909878}.mkv,,,movie,imdb://tt11909878,,unmatched,Hocus Pocus 2
no movie match,0,F:\MediaStack\data\media\movies\Holes (2003)\Holes (2003) [WEBDL-1080p] {imdb-tt0311289}.mp4,,,movie,imdb://tt0311289,,unmatched,Holes
no movie match,0,F:\MediaStack\data\media\movies\Home (2015)\Home (2015) [Bluray-1080p] {imdb-tt2224026}.mkv,,,movie,imdb://tt2224026,,unmatched,Home
no movie match,0,F:\MediaStack\data\media\movies\Home Alone (1990)\Home Alone (1990) [Bluray-1080p] {imdb-tt0099785}.mkv,,,movie,imdb://tt0099785,,unmatched,Home Alone
no movie match,0,F:\MediaStack\data\media\movies\Home Alone 2 - Lost in New York (1992)\Home Alone 2 Lost in New York (1992) [Bluray-1080p] {imdb-tt0104431}.mkv,,,movie,imdb://tt0104431,,unmatched,Home Alone 2: Lost in New York
no movie match,0,F:\MediaStack\data\media\movies\Homeward Bound II - Lost in San Francisco (1996)\Homeward Bound II Lost in San Francisco (1996) [WEBRip-1080p] {imdb-tt0116552}.mkv,,,movie,imdb://tt0116552,,unmatched,Homeward Bound II: Lost in San Francisco
no movie match,0,F:\MediaStack\data\media\movies\Homeward Bound - The Incredible Journey (1993)\Homeward Bound The Incredible Journey (1993) [WEBRip-1080p] {imdb-tt0107131}.mkv,,,movie,imdb://tt0107131,,unmatched,Homeward Bound: The Incredible Journey
no movie match,0,"F:\MediaStack\data\media\movies\Honey, I Blew Up the Kid (1992)\Honey I Blew Up the Kid (1992) [Bluray-1080p] {imdb-tt0104437}.mp4",,,movie,imdb://tt0104437,,unmatched,"Honey, I Blew Up the Kid"
no movie match,0,"F:\MediaStack\data\media\movies\Honey, I Shrunk the Kids (1989)\Honey I Shrunk the Kids (1989) [Bluray-1080p] {imdb-tt0097523}.mp4",,,movie,imdb://tt0097523,,unmatched,"Honey, I Shrunk the Kids"
no movie match,0,"F:\MediaStack\data\media\movies\Honey, We Shrunk Ourselves (1997)\Honey We Shrunk Ourselves (1997) [WEBDL-1080p] {imdb-tt0119310}.mkv",,,movie,imdb://tt0119310,,unmatched,"Honey, We Shrunk Ourselves!"
no movie match,0,F:\MediaStack\data\media\movies\Hook (1991)\Hook (1991) [Bluray-1080p] {imdb-tt0102057}.mkv,,,movie,imdb://tt0102057,,unmatched,Hook
no movie match,0,F:\MediaStack\data\media\movies\Hoosiers (1986)\Hoosiers (1986) [Bluray-1080p] {imdb-tt0091217}.mkv,,,movie,imdb://tt0091217,,unmatched,Hoosiers
no movie match,0,F:\MediaStack\data\media\movies\Hoot (2006)\Hoot (2006) [WEBDL-720p] {imdb-tt0453494}.mkv,,,movie,imdb://tt0453494,,unmatched,Hoot
no movie match,0,F:\MediaStack\data\media\movies\Hop (2011)\Hop (2011) [Bluray-1080p] {imdb-tt1411704}.mp4,,,movie,imdb://tt1411704,,unmatched,Hop
no movie match,0,F:\MediaStack\data\media\movies\Hope Springs (2012)\Hope Springs (2012) [Bluray-1080p] {imdb-tt1535438}.mp4,,,movie,imdb://tt1535438,,unmatched,Hope Springs
no movie match,0,F:\MediaStack\data\media\movies\Horrible Bosses (2011)\Horrible Bosses (2011) [Bluray-1080p] {imdb-tt1499658}.mp4,,,movie,imdb://tt1499658,,unmatched,Horrible Bosses
no movie match,0,F:\MediaStack\data\media\movies\Horrible Bosses 2 (2014)\Horrible Bosses 2 (2014) [Bluray-1080p] {imdb-tt2170439}.mp4,,,movie,imdb://tt2170439,,unmatched,Horrible Bosses 2
no movie match,0,F:\MediaStack\data\media\movies\The Horse Whisperer (1998)\The Horse Whisperer (1998) [WEBDL-1080p] {imdb-tt0119314}.mkv,,,movie,imdb://tt0119314,,unmatched,The Horse Whisperer
no movie match,0,F:\MediaStack\data\media\movies\Horton Hears a Who! (2008)\Horton Hears a Who! (2008) [Bluray-1080p] {imdb-tt0451079}.mkv,,,movie,imdb://tt0451079,,unmatched,Horton Hears a Who!
no movie match,0,F:\MediaStack\data\media\movies\Hot Pursuit (2015)\Hot Pursuit (2015) [Bluray-1080p] {imdb-tt2967224}.mkv,,,movie,imdb://tt2967224,,unmatched,Hot Pursuit
no movie match,0,F:\MediaStack\data\media\movies\Hellboy II - The Golden Army (2008)\Hellboy II The Golden Army (2008) [Bluray-1080p] {imdb-tt0411477}.mkv,,,movie,imdb://tt0411477,,unmatched,Hellboy II: The Golden Army
no movie match,0,F:\MediaStack\data\media\movies\Hey Arnold! The Movie (2002)\Hey Arnold! The Movie (2002) [WEBRip-1080p] {imdb-tt0314166}.mp4,,,movie,imdb://tt0314166,,unmatched,Hey Arnold! The Movie
no movie match,0,F:\MediaStack\data\media\movies\Hidalgo (2004)\Hidalgo (2004) [WEBDL-1080p] {imdb-tt0317648}.mkv,,,movie,imdb://tt0317648,,unmatched,Hidalgo
no movie match,0,F:\MediaStack\data\media\movies\Hidden Figures (2016)\Hidden Figures (2016) [Bluray-1080p Proper] {imdb-tt4846340}.mp4,,,movie,imdb://tt4846340,,unmatched,Hidden Figures
no movie match,0,F:\MediaStack\data\media\movies\High Crimes (2002)\High Crimes (2002) [Bluray-1080p] {imdb-tt0257756}.mkv,,,movie,imdb://tt0257756,,unmatched,High Crimes
no movie match,0,F:\MediaStack\data\media\movies\High Fidelity (2000)\High Fidelity (2000) [Bluray-1080p] {imdb-tt0146882}.mkv,,,movie,imdb://tt0146882,,unmatched,High Fidelity
no movie match,0,F:\MediaStack\data\media\movies\High School Musical (2006)\High School Musical (2006) [WEBDL-1080p] {imdb-tt0475293}.mkv,,,movie,imdb://tt0475293,,unmatched,High School Musical
no movie match,0,F:\MediaStack\data\media\movies\High School Musical 2 (2007)\High School Musical 2 (2007) [Bluray-1080p] {imdb-tt0810900}.mkv,,,movie,imdb://tt0810900,,unmatched,High School Musical 2
no movie match,0,F:\MediaStack\data\media\movies\High School Musical 3 - Senior Year (2008)\High School Musical 3 Senior Year (2008) [Bluray-1080p] {imdb-tt0962726}.mkv,,,movie,imdb://tt0962726,,unmatched,High School Musical 3: Senior Year
no movie match,0,F:\MediaStack\data\media\movies\His Girl Friday (1940)\His Girl Friday (1940) [Bluray-1080p] {imdb-tt0032599}.mkv,,,movie,imdb://tt0032599,,unmatched,His Girl Friday
no movie match,0,F:\MediaStack\data\media\movies\His Private Secretary (1933)\His Private Secretary (1933) [WEBDL-480p] {imdb-tt0024124}.mkv,,,movie,imdb://tt0024124,,unmatched,His Private Secretary
no movie match,0,F:\MediaStack\data\media\movies\A History of Violence (2005)\A History of Violence (2005) [Bluray-1080p] {imdb-tt0399146}.mkv,,,movie,imdb://tt0399146,,unmatched,A History of Violence
no movie match,0,F:\MediaStack\data\media\movies\The Hitchhiker's Guide to the Galaxy (2005)\The Hitchhikers Guide to the Galaxy (2005) [Bluray-1080p] {imdb-tt0371724}.mkv,,,movie,imdb://tt0371724,,unmatched,The Hitchhiker's Guide to the Galaxy
no movie match,0,F:\MediaStack\data\media\movies\Hitman (2007)\Hitman (2007) [Bluray-1080p] {imdb-tt0465494}.mkv,,,movie,imdb://tt0465494,,unmatched,Hitman
no movie match,0,F:\MediaStack\data\media\movies\Hitpig! (2024)\Hitpig! (2024) [WEBRip-1080p] {imdb-tt13176330}.mkv,,,movie,imdb://tt13176330,,unmatched,Hitpig
no movie match,0,F:\MediaStack\data\media\movies\The Hobbit (1977)\The Hobbit (1977) [WEBRip-1080p] {imdb-tt0077687}.mp4,,,movie,imdb://tt0077687,,unmatched,The Hobbit
no movie match,0,F:\MediaStack\data\media\movies\The Hobbit - An Unexpected Journey (2012)\The Hobbit An Unexpected Journey (2012) [Bluray-1080p] {imdb-tt0903624}.mkv,,,movie,imdb://tt0903624,,unmatched,The Hobbit: An Unexpected Journey
no movie match,0,F:\MediaStack\data\media\movies\The Hobbit - The Battle of the Five Armies (2014)\The Hobbit The Battle of the Five Armies (2014) [Bluray-1080p] {imdb-tt2310332}.mkv,,,movie,imdb://tt2310332,,unmatched,The Hobbit: The Battle of the Five Armies
no movie match,0,F:\MediaStack\data\media\movies\The Hobbit - The Desolation of Smaug (2013)\The Hobbit The Desolation of Smaug (2013) [WEBDL-1080p] {imdb-tt1170358}.mkv,,,movie,imdb://tt1170358,,unmatched,The Hobbit: The Desolation of Smaug
no movie match,0,F:\MediaStack\data\media\movies\Harakiri (1962)\Harakiri (1962) [Bluray-1080p Proper] {imdb-tt0056058}.mkv,,,movie,imdb://tt0056058,,unmatched,Harakiri
no movie match,0,F:\MediaStack\data\media\movies\A Hard Day's Night (1964)\A Hard Days Night (1964) [Bluray-1080p] {imdb-tt0058182}.mkv,,,movie,imdb://tt0058182,,unmatched,A Hard Day's Night
no movie match,0,F:\MediaStack\data\media\movies\Hardball (2001)\Hardball (2001) [WEBDL-1080p] {imdb-tt0180734}.mkv,,,movie,imdb://tt0180734,,unmatched,Hardball
no movie match,0,F:\MediaStack\data\media\movies\Harold and the Purple Crayon (2024)\Harold and the Purple Crayon (2024) [Bluray-1080p] {imdb-tt1609486}.mkv,,,movie,imdb://tt1609486,,unmatched,Harold and the Purple Crayon
no movie match,0,F:\MediaStack\data\media\movies\Harriet the Spy (1996)\Harriet the Spy (1996) [WEBRip-720p] {imdb-tt0116493}.mp4,,,movie,imdb://tt0116493,,unmatched,Harriet the Spy
no movie match,0,F:\MediaStack\data\media\movies\Harry Potter 20th Anniversary - Return to Hogwarts (2022)\Harry Potter 20th Anniversary Return to Hogwarts (2022) [Bluray-1080p] {imdb-tt16116174}.mkv,,,movie,imdb://tt16116174,,unmatched,Harry Potter 20th Anniversary: Return to Hogwarts
no movie match,0,F:\MediaStack\data\media\movies\Harry Potter and the Chamber of Secrets (2002)\Harry Potter and the Chamber of Secrets (2002) [Bluray-1080p Proper] {imdb-tt0295297}.mkv,,,movie,imdb://tt0295297,,unmatched,Harry Potter and the Chamber of Secrets
no movie match,0,F:\MediaStack\data\media\movies\Harry Potter and the Deathly Hallows - Part 1 (2010)\Harry Potter and the Deathly Hallows Part 1 (2010) [Bluray-1080p] {imdb-tt0926084}.mp4,,,movie,imdb://tt0926084,,unmatched,Harry Potter and the Deathly Hallows: Part 1
no movie match,0,F:\MediaStack\data\media\movies\Harry Potter and the Deathly Hallows - Part 2 (2011)\Harry Potter and the Deathly Hallows Part 2 (2011) [Bluray-1080p] {imdb-tt1201607}.mkv,,,movie,imdb://tt1201607,,unmatched,Harry Potter and the Deathly Hallows: Part 2
no movie match,0,F:\MediaStack\data\media\movies\Harry Potter and the Goblet of Fire (2005)\Harry Potter and the Goblet of Fire (2005) [Bluray-1080p] {imdb-tt0330373}.mkv,,,movie,imdb://tt0330373,,unmatched,Harry Potter and the Goblet of Fire
no movie match,0,F:\MediaStack\data\media\movies\Harry Potter and the Half-Blood Prince (2009)\Harry Potter and the Half-Blood Prince (2009) [Bluray-1080p] {imdb-tt0417741}.mp4,,,movie,imdb://tt0417741,,unmatched,Harry Potter and the Half-Blood Prince
no movie match,0,F:\MediaStack\data\media\movies\Harry Potter and the Order of the Phoenix (2007)\Harry Potter and the Order of the Phoenix (2007) [Bluray-1080p] {imdb-tt0373889}.mkv,,,movie,imdb://tt0373889,,unmatched,Harry Potter and the Order of the Phoenix
no movie match,0,F:\MediaStack\data\media\movies\Harry Potter and the Prisoner of Azkaban (2004)\Harry Potter and the Prisoner of Azkaban (2004) [Bluray-1080p] {imdb-tt0304141}.mkv,,,movie,imdb://tt0304141,,unmatched,Harry Potter and the Prisoner of Azkaban
no movie match,0,F:\MediaStack\data\media\movies\Harry Potter and the Philosopher's Stone (2001)\Harry Potter and the Philosophers Stone (2001) [Bluray-1080p] {imdb-tt0241527}.mp4,,,movie,imdb://tt0241527,,unmatched,Harry Potter and the Sorcerer's Stone
no movie match,0,F:\MediaStack\data\media\movies\Harry Potter - A History Of Magic (2017)\Harry Potter A History Of Magic (2017) [WEBDL-1080p] {imdb-tt7783322}.mkv,,,movie,imdb://tt7783322,,unmatched,Harry Potter: A History of Magic
no movie match,0,F:\MediaStack\data\media\movies\Harvey (1950)\Harvey (1950) [Bluray-1080p] {imdb-tt0042546}.mkv,,,movie,imdb://tt0042546,,unmatched,Harvey
no movie match,0,F:\MediaStack\data\media\movies\The Haunting (1999)\The Haunting (1999) [Bluray-1080p] {imdb-tt0171363}.mkv,,,movie,imdb://tt0171363,,unmatched,The Haunting
no movie match,0,F:\MediaStack\data\media\movies\He Got Game (1998)\He Got Game (1998) [Bluray-1080p] {imdb-tt0124718}.mkv,,,movie,imdb://tt0124718,,unmatched,He Got Game
no movie match,0,F:\MediaStack\data\media\movies\Hearts in Atlantis (2001)\Hearts in Atlantis (2001) [Bluray-1080p] {imdb-tt0252501}.mkv,,,movie,imdb://tt0252501,,unmatched,Hearts in Atlantis
no movie match,0,F:\MediaStack\data\media\movies\Heat (1995)\Heat (1995) [Bluray-1080p] {imdb-tt0113277}.mkv,,,movie,imdb://tt0113277,,unmatched,Heat
no movie match,0,F:\MediaStack\data\media\movies\Heavyweights (1995)\Heavyweights (1995) [WEBDL-1080p] {imdb-tt0110006}.mkv,,,movie,imdb://tt0110006,,unmatched,Heavyweights
no movie match,0,F:\MediaStack\data\media\movies\The Grudge (2004)\The Grudge (2004) [Bluray-1080p] {imdb-tt0391198}.mp4,,,movie,imdb://tt0391198,,unmatched,The Grudge
no movie match,0,F:\MediaStack\data\media\movies\The Grudge 2 (2006)\The Grudge 2 (2006) [Bluray-720p] {imdb-tt0433386}.mp4,,,movie,imdb://tt0433386,,unmatched,The Grudge 2
no movie match,0,F:\MediaStack\data\media\movies\Grumpy Old Men (1993)\Grumpy Old Men (1993) [Bluray-1080p] {imdb-tt0107050}.mp4,,,movie,imdb://tt0107050,,unmatched,Grumpy Old Men
no movie match,0,F:\MediaStack\data\media\movies\The Guardian (2006)\The Guardian (2006) [Bluray-1080p] {imdb-tt0406816}.mkv,,,movie,imdb://tt0406816,,unmatched,The Guardian
no movie match,0,F:\MediaStack\data\media\movies\Guardians of the Galaxy (2014)\Guardians of the Galaxy (2014) [Bluray-1080p] {imdb-tt2015381}.mkv,,,movie,imdb://tt2015381,,unmatched,Guardians of the Galaxy
no movie match,0,F:\MediaStack\data\media\movies\The Guardians of the Galaxy Holiday Special (2022)\The Guardians of the Galaxy Holiday Special (2022) [WEBDL-1080p] {imdb-tt13623136}.mkv,,,movie,imdb://tt13623136,,unmatched,The Guardians of the Galaxy Holiday Special
no movie match,0,F:\MediaStack\data\media\movies\Guardians of the Galaxy Vol. 2 (2017)\Guardians of the Galaxy Vol. 2 (2017) [Bluray-1080p Proper] {imdb-tt3896198}.mkv,,,movie,imdb://tt3896198,,unmatched,Guardians of the Galaxy Vol. 2
no movie match,0,F:\MediaStack\data\media\movies\Guardians of the Galaxy Vol. 3 (2023)\Guardians of the Galaxy Vol. 3 (2023) [Bluray-1080p] {imdb-tt6791350}.mkv,,,movie,imdb://tt6791350,,unmatched,Guardians of the Galaxy Vol. 3
no movie match,0,F:\MediaStack\data\media\movies\Guess Who's Coming to Dinner (1967)\Guess Whos Coming to Dinner (1967) [Bluray-1080p] {imdb-tt0061735}.mp4,,,movie,imdb://tt0061735,,unmatched,Guess Who's Coming to Dinner
no movie match,0,F:\MediaStack\data\media\movies\Guys and Dolls (1955)\Guys and Dolls (1955) [Bluray-1080p] {imdb-tt0048140}.mkv,,,movie,imdb://tt0048140,,unmatched,Guys and Dolls
no movie match,0,F:\MediaStack\data\media\movies\Hachi - A Dog's Tale (2009)\Hachi A Dogs Tale (2009) [Bluray-1080p] {imdb-tt1028532}.mkv,,,movie,imdb://tt1028532,,unmatched,Hachi: A Dog's Tale
no movie match,0,F:\MediaStack\data\media\movies\Hairspray (2007)\Hairspray (2007) [Bluray-1080p] {imdb-tt0427327}.mp4,,,movie,imdb://tt0427327,,unmatched,Hairspray
no movie match,0,F:\MediaStack\data\media\movies\Half Nelson (2006)\Half Nelson (2006) [Bluray-1080p] {imdb-tt0468489}.mkv,,,movie,imdb://tt0468489,,unmatched,Half Nelson
no movie match,0,F:\MediaStack\data\media\movies\Halloweentown (1998)\Halloweentown (1998) [Bluray-1080p] {imdb-tt0173886}.mp4,,,movie,imdb://tt0173886,,unmatched,Halloweentown
no movie match,0,F:\MediaStack\data\media\movies\Halloweentown High (2004)\Halloweentown High (2004) [WEBDL-1080p] {imdb-tt0414078}.mkv,,,movie,imdb://tt0414078,,unmatched,Halloweentown High
no movie match,0,F:\MediaStack\data\media\movies\Halloweentown II - Kalabar's Revenge (2001)\Halloweentown II Kalabars Revenge (2001) [DVD] {imdb-tt0274761}.mkv,,,movie,imdb://tt0274761,,unmatched,Halloweentown II: Kalabar's Revenge
no movie match,0,F:\MediaStack\data\media\movies\The Happening (2008)\The Happening (2008) [Bluray-1080p] {imdb-tt0949731}.mp4,,,movie,imdb://tt0949731,,unmatched,The Happening
no movie match,0,F:\MediaStack\data\media\movies\Happy Feet (2006)\Happy Feet (2006) [Bluray-1080p] {imdb-tt0366548}.mkv,,,movie,imdb://tt0366548,,unmatched,Happy Feet
no movie match,0,F:\MediaStack\data\media\movies\Happy Feet Two (2011)\Happy Feet Two (2011) [Bluray-1080p] {imdb-tt1402488}.mkv,,,movie,imdb://tt1402488,,unmatched,Happy Feet Two
no movie match,0,F:\MediaStack\data\media\movies\Gran Torino (2008)\Gran Torino (2008) [Bluray-1080p] {imdb-tt1205489}.mkv,,,movie,imdb://tt1205489,,unmatched,Gran Torino
no movie match,0,F:\MediaStack\data\media\movies\The Grand Budapest Hotel (2014)\The Grand Budapest Hotel (2014) [Bluray-1080p Proper] {imdb-tt2278388}.mp4,,,movie,imdb://tt2278388,,unmatched,The Grand Budapest Hotel
no movie match,0,F:\MediaStack\data\media\movies\The Grapes of Wrath (1940)\The Grapes of Wrath (1940) [Bluray-1080p] {imdb-tt0032551}.mkv,,,movie,imdb://tt0032551,,unmatched,The Grapes of Wrath
no movie match,0,F:\MediaStack\data\media\movies\Grave of the Fireflies (1988)\Grave of the Fireflies (1988) [Bluray-1080p] {imdb-tt0095327}.mkv,,,movie,imdb://tt0095327,,unmatched,Grave of the Fireflies
no movie match,0,F:\MediaStack\data\media\movies\Gravity (2013)\Gravity (2013) [Bluray-1080p] {imdb-tt1454468}.mkv,,,movie,imdb://tt1454468,,unmatched,Gravity
no movie match,0,F:\MediaStack\data\media\movies\Grease 2 (1982)\Grease 2 (1982) [Bluray-1080p] {imdb-tt0084021}.mkv,,,movie,imdb://tt0084021,,unmatched,Grease 2
no movie match,0,F:\MediaStack\data\media\movies\The Great Dictator (1940)\The Great Dictator (1940) [Bluray-1080p Proper] {imdb-tt0032553}.mkv,,,movie,imdb://tt0032553,,unmatched,The Great Dictator
no movie match,0,F:\MediaStack\data\media\movies\The Great Escape (1963)\The Great Escape (1963) [Bluray-1080p] {imdb-tt0057115}.mkv,,,movie,imdb://tt0057115,,unmatched,The Great Escape
no movie match,0,F:\MediaStack\data\media\movies\The Great Gatsby (1974)\The Great Gatsby (1974) [Bluray-1080p] {imdb-tt0071577}.mkv,,,movie,imdb://tt0071577,,unmatched,The Great Gatsby
no movie match,0,F:\MediaStack\data\media\movies\The Great Gatsby (2013)\The Great Gatsby (2013) [Bluray-1080p] {imdb-tt1343092}.mkv,,,movie,imdb://tt1343092,,unmatched,The Great Gatsby
no movie match,0,F:\MediaStack\data\media\movies\The Great Mouse Detective (1986)\The Great Mouse Detective (1986) [Bluray-1080p] {imdb-tt0091149}.mp4,,,movie,imdb://tt0091149,,unmatched,The Great Mouse Detective
no movie match,0,F:\MediaStack\data\media\movies\The Great Muppet Caper (1981)\The Great Muppet Caper (1981) [Bluray-1080p] {imdb-tt0082474}.mkv,,,movie,imdb://tt0082474,,unmatched,The Great Muppet Caper
no movie match,0,F:\MediaStack\data\media\movies\The Greatest Game Ever Played (2005)\The Greatest Game Ever Played (2005) [Bluray-1080p] {imdb-tt0388980}.mkv,,,movie,imdb://tt0388980,,unmatched,The Greatest Game Ever Played
no movie match,0,F:\MediaStack\data\media\movies\The Greatest Showman (2017)\The Greatest Showman (2017) [Bluray-1080p] {imdb-tt1485796}.mkv,,,movie,imdb://tt1485796,,unmatched,The Greatest Showman
no movie match,0,F:\MediaStack\data\media\movies\The Green Mile (1999)\The Green Mile (1999) [Bluray-1080p] {imdb-tt0120689}.mkv,,,movie,imdb://tt0120689,,unmatched,The Green Mile
no movie match,0,F:\MediaStack\data\media\movies\Gremlins (1984)\Gremlins (1984) [Bluray-1080p] {imdb-tt0087363}.mp4,,,movie,imdb://tt0087363,,unmatched,Gremlins
no movie match,0,F:\MediaStack\data\media\movies\Gremlins 2 - The New Batch (1990)\Gremlins 2 The New Batch (1990) [Bluray-1080p] {imdb-tt0099700}.mp4,,,movie,imdb://tt0099700,,unmatched,Gremlins 2: The New Batch
no movie match,0,F:\MediaStack\data\media\movies\Grind (2003)\Grind (2003) [WEBDL-1080p] {imdb-tt0338077}.mp4,,,movie,imdb://tt0338077,,unmatched,Grind
no movie match,0,F:\MediaStack\data\media\movies\Gnomeo & Juliet (2011)\Gnomeo and Juliet (2011) [Bluray-1080p] {imdb-tt0377981}.mp4,,,movie,imdb://tt0377981,,unmatched,Gnomeo & Juliet
no movie match,0,F:\MediaStack\data\media\movies\Goal! (2005)\Goal! (2005) [Bluray-1080p] {imdb-tt0380389}.mp4,,,movie,imdb://tt0380389,,unmatched,Goal! The Dream Begins
no movie match,0,F:\MediaStack\data\media\movies\Godzilla vs. Kong (2021)\Godzilla vs. Kong (2021) [Bluray-1080p] {imdb-tt5034838}.mkv,,,movie,imdb://tt5034838,,unmatched,Godzilla vs. Kong
no movie match,0,F:\MediaStack\data\media\movies\Godzilla x Kong - The New Empire (2024)\Godzilla x Kong The New Empire (2024) [Bluray-1080p] {imdb-tt14539740}.mkv,,,movie,imdb://tt14539740,,unmatched,Godzilla x Kong: The New Empire
no movie match,0,F:\MediaStack\data\media\movies\Godzilla - King of the Monsters (2019)\Godzilla King of the Monsters (2019) [Bluray-1080p] {imdb-tt3741700}.mkv,,,movie,imdb://tt3741700,,unmatched,Godzilla: King of the Monsters
no movie match,0,F:\MediaStack\data\media\movies\Going in Style (2017)\Going in Style (2017) [Bluray-1080p] {imdb-tt2568862}.mkv,,,movie,imdb://tt2568862,,unmatched,Going in Style
no movie match,0,F:\MediaStack\data\media\movies\The Golden Compass (2007)\The Golden Compass (2007) [Bluray-1080p] {imdb-tt0385752}.mp4,,,movie,imdb://tt0385752,,unmatched,The Golden Compass
no movie match,0,F:\MediaStack\data\media\movies\Gone Baby Gone (2007)\Gone Baby Gone (2007) [Bluray-1080p] {imdb-tt0452623}.mkv,,,movie,imdb://tt0452623,,unmatched,Gone Baby Gone
no movie match,0,F:\MediaStack\data\media\movies\Gone Girl (2014)\Gone Girl (2014) [Bluray-1080p] {imdb-tt2267998}.mkv,,,movie,imdb://tt2267998,,unmatched,Gone Girl
no movie match,0,F:\MediaStack\data\media\movies\Gone in Sixty Seconds (2000)\Gone in Sixty Seconds (2000) [Bluray-1080p] {imdb-tt0187078}.mkv,,,movie,imdb://tt0187078,,unmatched,Gone in 60 Seconds
no movie match,0,F:\MediaStack\data\media\movies\Gone with the Wind (1939)\Gone with the Wind (1939) [Bluray-1080p] {imdb-tt0031381}.mkv,,,movie,imdb://tt0031381,,unmatched,Gone with the Wind
no movie match,0,F:\MediaStack\data\media\movies\Good Burger (1997)\Good Burger (1997) [WEBDL-1080p] {imdb-tt0119215}.mkv,,,movie,imdb://tt0119215,,unmatched,Good Burger
no movie match,0,F:\MediaStack\data\media\movies\A Good Day to Die Hard (2013)\A Good Day to Die Hard (2013) [Bluray-1080p] {imdb-tt1606378}.mp4,,,movie,imdb://tt1606378,,unmatched,A Good Day to Die Hard
no movie match,0,F:\MediaStack\data\media\movies\The Good Dinosaur (2015)\The Good Dinosaur (2015) [Bluray-1080p] {imdb-tt1979388}.mkv,,,movie,imdb://tt1979388,,unmatched,The Good Dinosaur
no movie match,0,F:\MediaStack\data\media\movies\The Good Liar (2019)\The Good Liar (2019) [Bluray-1080p Proper] {imdb-tt5563334}.mkv,,,movie,imdb://tt5563334,,unmatched,The Good Liar
no movie match,0,F:\MediaStack\data\media\movies\Good Luck Chuck (2007)\Good Luck Chuck (2007) [Bluray-1080p] {imdb-tt0452625}.mp4,,,movie,imdb://tt0452625,,unmatched,Good Luck Chuck
no movie match,0,"F:\MediaStack\data\media\movies\Good Morning, Vietnam (1987)\Good Morning Vietnam (1987) [WEBDL-720p] {imdb-tt0093105}.mkv",,,movie,imdb://tt0093105,,unmatched,"Good Morning, Vietnam"
no movie match,0,F:\MediaStack\data\media\movies\Good Night Oppy (2022)\Good Night Oppy (2022) [WEBDL-720p] {imdb-tt14179942}.mkv,,,movie,imdb://tt14179942,,unmatched,Good Night Oppy
no movie match,0,"F:\MediaStack\data\media\movies\The Good, the Bad and the Ugly (1966)\The Good the Bad and the Ugly (1966) [Bluray-1080p] {imdb-tt0060196}.mp4",,,movie,imdb://tt0060196,,unmatched,"The Good, the Bad and the Ugly"
no movie match,0,F:\MediaStack\data\media\movies\GoodFellas (1990)\GoodFellas (1990) [Bluray-1080p] {imdb-tt0099685}.mp4,,,movie,imdb://tt0099685,,unmatched,GoodFellas
no movie match,0,F:\MediaStack\data\media\movies\A Goofy Movie (1995)\A Goofy Movie (1995) [Bluray-1080p] {imdb-tt0113198}.mkv,,,movie,imdb://tt0113198,,unmatched,A Goofy Movie
no movie match,0,F:\MediaStack\data\media\movies\The Goonies (1985)\The Goonies (1985) [Bluray-1080p] {imdb-tt0089218}.mkv,,,movie,imdb://tt0089218,,unmatched,The Goonies
no movie match,0,F:\MediaStack\data\media\movies\Get Rich or Die Tryin' (2005)\Get Rich or Die Tryin (2005) [Bluray-1080p] {imdb-tt0430308}.mkv,,,movie,imdb://tt0430308,,unmatched,Get Rich or Die Tryin'
no movie match,0,F:\MediaStack\data\media\movies\Get Smart (2008)\Get Smart (2008) [Bluray-1080p] {imdb-tt0425061}.mp4,,,movie,imdb://tt0425061,,unmatched,Get Smart
no movie match,0,F:\MediaStack\data\media\movies\The Getaway (1972)\The Getaway (1972) [Bluray-1080p] {imdb-tt0068638}.mkv,,,movie,imdb://tt0068638,,unmatched,The Getaway
no movie match,0,F:\MediaStack\data\media\movies\Ghost Rider (2007)\Ghost Rider (2007) [Bluray-1080p] {imdb-tt0259324}.mkv,,,movie,imdb://tt0259324,,unmatched,Ghost Rider
no movie match,0,F:\MediaStack\data\media\movies\Ghost Rider - Spirit of Vengeance (2011)\Ghost Rider Spirit of Vengeance (2011) [Bluray-1080p] {imdb-tt1071875}.mp4,,,movie,imdb://tt1071875,,unmatched,Ghost Rider: Spirit of Vengeance
no movie match,0,F:\MediaStack\data\media\movies\Ghostbusters (1984)\Ghostbusters (1984) [Bluray-1080p] {imdb-tt0087332}.mkv,,,movie,imdb://tt0087332,,unmatched,Ghostbusters
no movie match,0,F:\MediaStack\data\media\movies\Ghostbusters II (1989)\Ghostbusters II (1989) [Bluray-1080p] {imdb-tt0097428}.mkv,,,movie,imdb://tt0097428,,unmatched,Ghostbusters II
no movie match,0,F:\MediaStack\data\media\movies\Ghostbusters - Afterlife (2021)\Ghostbusters Afterlife (2021) [Bluray-1080p] {imdb-tt4513678}.mp4,,,movie,imdb://tt4513678,,unmatched,Ghostbusters: Afterlife
no movie match,0,F:\MediaStack\data\media\movies\Ghostbusters (2016)\Ghostbusters (2016) [Bluray-1080p] {imdb-tt1289401}.mkv,,,movie,imdb://tt1289401,,unmatched,Ghostbusters: Answer the Call
no movie match,0,F:\MediaStack\data\media\movies\Ghosts of Girlfriends Past (2009)\Ghosts of Girlfriends Past (2009) [Bluray-1080p] {imdb-tt0821640}.mp4,,,movie,imdb://tt0821640,,unmatched,Ghosts of Girlfriends Past
no movie match,0,F:\MediaStack\data\media\movies\Giant (1956)\Giant (1956) [Bluray-1080p] {imdb-tt0049261}.mkv,,,movie,imdb://tt0049261,,unmatched,Giant
no movie match,0,F:\MediaStack\data\media\movies\Glass (2019)\Glass (2019) [Bluray-1080p] {imdb-tt6823368}.mkv,,,movie,imdb://tt6823368,,unmatched,Glass
no movie match,0,F:\MediaStack\data\media\movies\Glass Onion - A Knives Out Mystery (2022)\Glass Onion A Knives Out Mystery (2022) [WEBDL-1080p] {imdb-tt11564570}.mkv,,,movie,imdb://tt11564570,,unmatched,Glass Onion
no movie match,0,F:\MediaStack\data\media\movies\Glengarry Glen Ross (1992)\Glengarry Glen Ross (1992) [Bluray-1080p] {imdb-tt0104348}.mp4,,,movie,imdb://tt0104348,,unmatched,Glengarry Glen Ross
no movie match,0,F:\MediaStack\data\media\movies\The Glenn Miller Story (1954)\The Glenn Miller Story (1954) [WEBDL-480p] {imdb-tt0047030}.mkv,,,movie,imdb://tt0047030,,unmatched,The Glenn Miller Story
no movie match,0,F:\MediaStack\data\media\movies\Glory Road (2006)\Glory Road (2006) [Bluray-1080p] {imdb-tt0385726}.mkv,,,movie,imdb://tt0385726,,unmatched,Glory Road
no movie match,0,F:\MediaStack\data\media\movies\Fruitvale Station (2013)\Fruitvale Station (2013) [Bluray-1080p] {imdb-tt2334649}.mkv,,,movie,imdb://tt2334649,,unmatched,Fruitvale Station
no movie match,0,F:\MediaStack\data\media\movies\The Fugitive (1993)\The Fugitive (1993) [Bluray-1080p] {imdb-tt0106977}.mkv,,,movie,imdb://tt0106977,,unmatched,The Fugitive
no movie match,0,F:\MediaStack\data\media\movies\Funny Face (1957)\Funny Face (1957) [Bluray-1080p] {imdb-tt0050419}.mp4,,,movie,imdb://tt0050419,,unmatched,Funny Face
no movie match,0,F:\MediaStack\data\media\movies\Furiosa - A Mad Max Saga (2024)\Furiosa A Mad Max Saga (2024) [Bluray-1080p Proper] {imdb-tt12037194}.mkv,,,movie,imdb://tt12037194,,unmatched,Furiosa: A Mad Max Saga
no movie match,0,F:\MediaStack\data\media\movies\Furious 7 (2015)\Furious 7 (2015) [Bluray-1080p Proper] {imdb-tt2820852}.mp4,,,movie,imdb://tt2820852,,unmatched,Furious 7
no movie match,0,F:\MediaStack\data\media\movies\Gabby's Dollhouse - The Movie (2025)\Gabbys Dollhouse The Movie (2025) [Bluray-1080p] {imdb-tt32214143}.mkv,,,movie,imdb://tt32214143,,unmatched,Gabby's Dollhouse: The Movie
no movie match,0,F:\MediaStack\data\media\movies\The Game Plan (2007)\The Game Plan (2007) [Bluray-1080p] {imdb-tt0492956}.mp4,,,movie,imdb://tt0492956,,unmatched,The Game Plan
no movie match,0,F:\MediaStack\data\media\movies\Gandhi (1982)\Gandhi (1982) [Bluray-1080p] {imdb-tt0083987}.mkv,,,movie,imdb://tt0083987,,unmatched,Gandhi
no movie match,0,F:\MediaStack\data\media\movies\Gangs of New York (2002)\Gangs of New York (2002) [Bluray-1080p] {imdb-tt0217505}.mkv,,,movie,imdb://tt0217505,,unmatched,Gangs of New York
no movie match,0,F:\MediaStack\data\media\movies\Garden State (2004)\Garden State (2004) [Bluray-1080p] {imdb-tt0333766}.mp4,,,movie,imdb://tt0333766,,unmatched,Garden State
no movie match,0,F:\MediaStack\data\media\movies\The Garfield Movie (2024)\The Garfield Movie (2024) [Bluray-1080p] {imdb-tt5779228}.mkv,,,movie,imdb://tt5779228,,unmatched,The Garfield Movie
no movie match,0,F:\MediaStack\data\media\movies\Garfield (2004)\Garfield (2004) [Bluray-1080p] {imdb-tt0356634}.mkv,,,movie,imdb://tt0356634,,unmatched,Garfield: The Movie
no movie match,0,F:\MediaStack\data\media\movies\The General's Daughter (1999)\The Generals Daughter (1999) [Bluray-1080p] {imdb-tt0144214}.mkv,,,movie,imdb://tt0144214,,unmatched,The General's Daughter
no movie match,0,F:\MediaStack\data\media\movies\Gentlemen Prefer Blondes (1953)\Gentlemen Prefer Blondes (1953) [Bluray-1080p] {imdb-tt0045810}.mkv,,,movie,imdb://tt0045810,,unmatched,Gentlemen Prefer Blondes
no movie match,0,F:\MediaStack\data\media\movies\George of the Jungle (1997)\George of the Jungle (1997) [Bluray-1080p] {imdb-tt0119190}.mkv,,,movie,imdb://tt0119190,,unmatched,George of the Jungle
no movie match,0,F:\MediaStack\data\media\movies\George of the Jungle 2 (2003)\George of the Jungle 2 (2003) [WEBDL-1080p] {imdb-tt0322389}.mkv,,,movie,imdb://tt0322389,,unmatched,George of the Jungle 2
no movie match,0,F:\MediaStack\data\media\movies\Get a Clue (2002)\Get a Clue (2002) [WEBRip-480p] {imdb-tt0282521}.mp4,,,movie,imdb://tt0282521,,unmatched,Get a Clue
no movie match,0,F:\MediaStack\data\media\movies\The Fox and the Hound 2 (2006)\The Fox and the Hound 2 (2006) [Bluray-1080p] {imdb-tt0465997}.mkv,,,movie,imdb://tt0465997,,unmatched,The Fox and the Hound 2
no movie match,0,F:\MediaStack\data\media\movies\Fracture (2007)\Fracture (2007) [Bluray-1080p Proper] {imdb-tt0488120}.mkv,,,movie,imdb://tt0488120,,unmatched,Fracture
no movie match,0,F:\MediaStack\data\media\movies\Frankenweenie (2012)\Frankenweenie (2012) [Bluray-1080p] {imdb-tt1142977}.mkv,,,movie,imdb://tt1142977,,unmatched,Frankenweenie
no movie match,0,F:\MediaStack\data\media\movies\Freakier Friday (2025)\Freakier Friday (2025) [Bluray-1080p] {imdb-tt31956415}.mp4,,,movie,imdb://tt31956415,,unmatched,Freakier Friday
no movie match,0,F:\MediaStack\data\media\movies\Freaky Friday (1976)\Freaky Friday (1976) [Bluray-1080p] {imdb-tt0076054}.mp4,,,movie,imdb://tt0076054,,unmatched,Freaky Friday
no movie match,0,F:\MediaStack\data\media\movies\Freaky Friday (2003)\Freaky Friday (2003) [Bluray-1080p] {imdb-tt0322330}.mkv,,,movie,imdb://tt0322330,,unmatched,Freaky Friday
no movie match,0,F:\MediaStack\data\media\movies\Freddy vs. Jason (2003)\Freddy vs. Jason (2003) [Bluray-1080p] {imdb-tt0329101}.mkv,,,movie,imdb://tt0329101,,unmatched,Freddy vs. Jason
no movie match,0,F:\MediaStack\data\media\movies\Free Guy (2021)\Free Guy (2021) [Bluray-1080p] {imdb-tt6264654}.mkv,,,movie,imdb://tt6264654,,unmatched,Free Guy
no movie match,0,F:\MediaStack\data\media\movies\Free Willy (1993)\Free Willy (1993) [Bluray-1080p] {imdb-tt0106965}.mp4,,,movie,imdb://tt0106965,,unmatched,Free Willy
no movie match,0,F:\MediaStack\data\media\movies\Free Willy 2 - The Adventure Home (1995)\Free Willy 2 The Adventure Home (1995) [WEBRip-1080p] {imdb-tt0113114}.ts,,,movie,imdb://tt0113114,,unmatched,Free Willy 2: The Adventure Home
no movie match,0,F:\MediaStack\data\media\movies\Free Willy 3 - The Rescue (1997)\Free Willy 3 The Rescue (1997) [WEBDL-1080p] {imdb-tt0119152}.mkv,,,movie,imdb://tt0119152,,unmatched,Free Willy 3: The Rescue
no movie match,0,F:\MediaStack\data\media\movies\Freeway (1996)\Freeway (1996) [WEBDL-1080p] {imdb-tt0116361}.mkv,,,movie,imdb://tt0116361,,unmatched,Freeway
no movie match,0,"F:\MediaStack\data\media\movies\The French Dispatch of the Liberty, Kansas Evening Sun (2021)\The French Dispatch of the Liberty Kansas Evening Sun (2021) [WEBDL-1080p] {imdb-tt8847712}.mkv",,,movie,imdb://tt8847712,,unmatched,The French Dispatch
no movie match,0,F:\MediaStack\data\media\movies\Frequency (2000)\Frequency (2000) [Bluray-1080p] {imdb-tt0186151}.mkv,,,movie,imdb://tt0186151,,unmatched,Frequency
no movie match,0,F:\MediaStack\data\media\movies\Friendly Persuasion (1956)\Friendly Persuasion (1956) [Bluray-720p] {imdb-tt0049233}.mp4,,,movie,imdb://tt0049233,,unmatched,Friendly Persuasion
no movie match,0,F:\MediaStack\data\media\movies\From Here to Eternity (1953)\From Here to Eternity (1953) [Bluray-1080p] {imdb-tt0045793}.mp4,,,movie,imdb://tt0045793,,unmatched,From Here to Eternity
no movie match,0,F:\MediaStack\data\media\movies\From Up on Poppy Hill (2011)\From Up on Poppy Hill (2011) [Bluray-1080p] {imdb-tt1798188}.mkv,,,movie,imdb://tt1798188,,unmatched,From Up on Poppy Hill
no movie match,0,F:\MediaStack\data\media\movies\Frost+Nixon (2008)\Frost Nixon (2008) [Bluray-1080p] {imdb-tt0870111}.mp4,,,movie,imdb://tt0870111,,unmatched,Frost/Nixon
no movie match,0,F:\MediaStack\data\media\movies\Frosty the Snowman (1969)\Frosty the Snowman (1969) [Bluray-1080p] {imdb-tt0064349}.mkv,,,movie,imdb://tt0064349,,unmatched,Frosty the Snowman
no movie match,0,F:\MediaStack\data\media\movies\Frozen (2013)\Frozen (2013) [Bluray-1080p] {imdb-tt2294629}.mp4,,,movie,imdb://tt2294629,,unmatched,Frozen
no movie match,0,F:\MediaStack\data\media\movies\Frozen II (2019)\Frozen II (2019) [Bluray-1080p] {imdb-tt4520988}.mp4,,,movie,imdb://tt4520988,,unmatched,Frozen II
no movie match,0,F:\MediaStack\data\media\movies\The Flight of Dragons (1982)\The Flight of Dragons (1982) [Bluray-1080p] {imdb-tt0083951}.mkv,,,movie,imdb://tt0083951,,unmatched,The Flight of Dragons
no movie match,0,F:\MediaStack\data\media\movies\Flightplan (2005)\Flightplan (2005) [Bluray-1080p] {imdb-tt0408790}.mp4,,,movie,imdb://tt0408790,,unmatched,Flightplan
no movie match,0,F:\MediaStack\data\media\movies\The Flintstones (1994)\The Flintstones (1994) [Bluray-1080p] {imdb-tt0109813}.mp4,,,movie,imdb://tt0109813,,unmatched,The Flintstones
no movie match,0,F:\MediaStack\data\media\movies\Flip - Really Sorry (2003)\Flip Really Sorry (2003) [Unknown].mkv,,,movie,tmdb://58876,,unmatched,Flip - Really Sorry
no movie match,0,F:\MediaStack\data\media\movies\Flipper (1996)\Flipper (1996) [Bluray-1080p] {imdb-tt0116322}.mp4,,,movie,imdb://tt0116322,,unmatched,Flipper
no movie match,0,F:\MediaStack\data\media\movies\Florence Foster Jenkins (2016)\Florence Foster Jenkins (2016) [Bluray-1080p] {imdb-tt4136084}.mkv,,,movie,imdb://tt4136084,,unmatched,Florence Foster Jenkins
no movie match,0,F:\MediaStack\data\media\movies\Flow (2024)\Flow (2024) [Bluray-1080p] {imdb-tt4772188}.mkv,,,movie,imdb://tt4772188,,unmatched,Flow
no movie match,0,F:\MediaStack\data\media\movies\Flubber (1997)\Flubber (1997) [WEBDL-1080p] {imdb-tt0119137}.mkv,,,movie,imdb://tt0119137,,unmatched,Flubber
no movie match,0,F:\MediaStack\data\media\movies\Flushed Away (2006)\Flushed Away (2006) [Bluray-1080p] {imdb-tt0424095}.mkv,,,movie,imdb://tt0424095,,unmatched,Flushed Away
no movie match,0,F:\MediaStack\data\media\movies\Fly Away Home (1996)\Fly Away Home (1996) [Bluray-1080p] {imdb-tt0116329}.mkv,,,movie,imdb://tt0116329,,unmatched,Fly Away Home
ambiguous movie title match,0,F:\MediaStack\data\media\movies\Footloose (1984)\Footloose (1984) [Bluray-1080p] {imdb-tt0087277}.mkv,,,movie,imdb://tt0087277,,unmatched,Footloose
ambiguous movie title match,0,F:\MediaStack\data\media\movies\Footloose (2011)\Footloose (2011) [Bluray-1080p Proper] {imdb-tt1068242}.mkv,,,movie,imdb://tt1068242,,unmatched,Footloose
no movie match,0,F:\MediaStack\data\media\movies\For a Few Dollars More (1965)\For a Few Dollars More (1965) [Bluray-1080p] {imdb-tt0059578}.mp4,,,movie,imdb://tt0059578,,unmatched,For a Few Dollars More
no movie match,0,F:\MediaStack\data\media\movies\For Love of the Game (1999)\For Love of the Game (1999) [Bluray-1080p] {imdb-tt0126916}.mp4,,,movie,imdb://tt0126916,,unmatched,For Love of the Game
no movie match,0,F:\MediaStack\data\media\movies\Forces of Nature (1999)\Forces of Nature (1999) [WEBRip-720p] {imdb-tt0141098}.mp4,,,movie,imdb://tt0141098,,unmatched,Forces of Nature
no movie match,0,F:\MediaStack\data\media\movies\Ford v Ferrari (2019)\Ford v Ferrari (2019) [Bluray-1080p] {imdb-tt1950186}.mp4,,,movie,imdb://tt1950186,,unmatched,Ford v Ferrari
no movie match,0,F:\MediaStack\data\media\movies\The Fountain (2006)\The Fountain (2006) [Bluray-1080p] {imdb-tt0414993}.mkv,,,movie,imdb://tt0414993,,unmatched,The Fountain
no movie match,0,F:\MediaStack\data\media\movies\Four Christmases (2008)\Four Christmases (2008) [Bluray-1080p] {imdb-tt0369436}.mkv,,,movie,imdb://tt0369436,,unmatched,Four Christmases
no movie match,0,F:\MediaStack\data\media\movies\The Fox and the Hound (1981)\The Fox and the Hound (1981) [Bluray-1080p] {imdb-tt0082406}.mkv,,,movie,imdb://tt0082406,,unmatched,The Fox and the Hound
no movie match,0,F:\MediaStack\data\media\movies\Fight Club (1999)\Fight Club (1999) [Bluray-1080p] {imdb-tt0137523}.mkv,,,movie,imdb://tt0137523,,unmatched,Fight Club
no movie match,0,F:\MediaStack\data\media\movies\Final Fantasy VII - Advent Children (2005)\Final Fantasy VII Advent Children (2005) [Bluray-1080p] {imdb-tt0385700}.mkv,,,movie,imdb://tt0385700,,unmatched,Final Fantasy VII: Advent Children
no movie match,0,F:\MediaStack\data\media\movies\Finding Dory (2016)\Finding Dory (2016) [Bluray-1080p] {imdb-tt2277860}.mkv,,,movie,imdb://tt2277860,,unmatched,Finding Dory
no movie match,0,F:\MediaStack\data\media\movies\Finding Forrester (2000)\Finding Forrester (2000) [WEBDL-1080p] {imdb-tt0181536}.mkv,,,movie,imdb://tt0181536,,unmatched,Finding Forrester
no movie match,0,F:\MediaStack\data\media\movies\Finding Nemo (2003)\Finding Nemo (2003) [Bluray-1080p] {imdb-tt0266543}.mkv,,,movie,imdb://tt0266543,,unmatched,Finding Nemo
no movie match,0,F:\MediaStack\data\media\movies\Finding Neverland (2004)\Finding Neverland (2004) [Bluray-1080p] {imdb-tt0308644}.mkv,,,movie,imdb://tt0308644,,unmatched,Finding Neverland
no movie match,0,F:\MediaStack\data\media\movies\The Finest Hours (2016)\The Finest Hours (2016) [Bluray-1080p] {imdb-tt2025690}.mkv,,,movie,imdb://tt2025690,,unmatched,The Finest Hours
no movie match,0,F:\MediaStack\data\media\movies\First Blood (1982)\First Blood (1982) [Bluray-1080p] {imdb-tt0083944}.mp4,,,movie,imdb://tt0083944,,unmatched,First Blood
no movie match,0,F:\MediaStack\data\media\movies\First Kid (1996)\First Kid (1996) [WEBRip-1080p] {imdb-tt0116311}.mp4,,,movie,imdb://tt0116311,,unmatched,First Kid
no movie match,0,F:\MediaStack\data\media\movies\First Man (2018)\First Man (2018) [Bluray-1080p Proper] {imdb-tt1213641}.mkv,,,movie,imdb://tt1213641,,unmatched,First Man
no movie match,0,F:\MediaStack\data\media\movies\The First Slam Dunk (2022)\The First Slam Dunk (2022) [Bluray-1080p] {imdb-tt15242330}.mp4,,,movie,imdb://tt15242330,,unmatched,The First Slam Dunk
no movie match,0,F:\MediaStack\data\media\movies\The First Wives Club (1996)\The First Wives Club (1996) [WEBDL-1080p] {imdb-tt0116313}.mkv,,,movie,imdb://tt0116313,,unmatched,The First Wives Club
no movie match,0,F:\MediaStack\data\media\movies\A Fistful of Dollars (1964)\A Fistful of Dollars (1964) [Bluray-1080p] {imdb-tt0058461}.mp4,,,movie,imdb://tt0058461,,unmatched,A Fistful of Dollars
no movie match,0,F:\MediaStack\data\media\movies\Flags of Our Fathers (2006)\Flags of Our Fathers (2006) [Bluray-1080p] {imdb-tt0418689}.mkv,,,movie,imdb://tt0418689,,unmatched,Flags of Our Fathers
no movie match,0,F:\MediaStack\data\media\movies\Flicka (2006)\Flicka (2006) [Bluray-1080p] {imdb-tt0434215}.mp4,,,movie,imdb://tt0434215,,unmatched,Flicka
no movie match,0,F:\MediaStack\data\media\movies\Fat City (1972)\Fat City (1972) [Bluray-1080p] {imdb-tt0068575}.mkv,,,movie,imdb://tt0068575,,unmatched,Fat City
no movie match,0,F:\MediaStack\data\media\movies\The Father (2020)\The Father (2020) [Bluray-1080p] {imdb-tt10272386}.mkv,,,movie,imdb://tt10272386,,unmatched,The Father
no movie match,0,F:\MediaStack\data\media\movies\Father of the Bride (1991)\Father of the Bride (1991) [Bluray-1080p] {imdb-tt0101862}.mkv,,,movie,imdb://tt0101862,,unmatched,Father of the Bride
no movie match,0,F:\MediaStack\data\media\movies\Father of the Bride Part II (1995)\Father of the Bride Part II (1995) [WEBDL-1080p] {imdb-tt0113041}.mkv,,,movie,imdb://tt0113041,,unmatched,Father of the Bride Part II
no movie match,0,F:\MediaStack\data\media\movies\The Fault in Our Stars (2014)\The Fault in Our Stars (2014) [Bluray-1080p] {imdb-tt2582846}.mkv,,,movie,imdb://tt2582846,,unmatched,The Fault in Our Stars
no movie match,0,F:\MediaStack\data\media\movies\Feeling Minnesota (1996)\Feeling Minnesota (1996) [WEBRip-1080p] {imdb-tt0116289}.mp4,,,movie,imdb://tt0116289,,unmatched,Feeling Minnesota
no movie match,0,F:\MediaStack\data\media\movies\Ferdinand (2017)\Ferdinand (2017) [Bluray-1080p Proper] {imdb-tt3411444}.mp4,,,movie,imdb://tt3411444,,unmatched,Ferdinand
no movie match,0,F:\MediaStack\data\media\movies\FernGully 2 - The Magical Rescue (1998)\FernGully 2 The Magical Rescue (1998) [DVD-R] {imdb-tt0129924}.mp4,,,movie,imdb://tt0129924,,unmatched,FernGully 2: The Magical Rescue
no movie match,0,F:\MediaStack\data\media\movies\FernGully - The Last Rainforest (1992)\FernGully The Last Rainforest (1992) [Bluray-1080p] {imdb-tt0104254}.mkv,,,movie,imdb://tt0104254,,unmatched,FernGully: The Last Rainforest
no movie match,0,F:\MediaStack\data\media\movies\Fever Pitch (2005)\Fever Pitch (2005) [WEBDL-1080p] {imdb-tt0332047}.mkv,,,movie,imdb://tt0332047,,unmatched,Fever Pitch
no movie match,0,F:\MediaStack\data\media\movies\A Few Good Men (1992)\A Few Good Men (1992) [Bluray-1080p] {imdb-tt0104257}.mkv,,,movie,imdb://tt0104257,,unmatched,A Few Good Men
no movie match,0,F:\MediaStack\data\media\movies\Field of Dreams (1989)\Field of Dreams (1989) [Bluray-1080p] {imdb-tt0097351}.mkv,,,movie,imdb://tt0097351,,unmatched,Field of Dreams
no movie match,0,F:\MediaStack\data\media\movies\The Fifth Estate (2013)\The Fifth Estate (2013) [Bluray-1080p] {imdb-tt1837703}.mp4,,,movie,imdb://tt1837703,,unmatched,The Fifth Estate
no movie match,0,F:\MediaStack\data\media\movies\The Express (2008)\The Express (2008) [Bluray-1080p] {imdb-tt0469903}.mkv,,,movie,imdb://tt0469903,,unmatched,The Express
no movie match,0,F:\MediaStack\data\media\movies\An Extremely Goofy Movie (2000)\An Extremely Goofy Movie (2000) [Bluray-1080p] {imdb-tt0208185}.mkv,,,movie,imdb://tt0208185,,unmatched,An Extremely Goofy Movie
no movie match,0,F:\MediaStack\data\media\movies\F9 (2021)\F9 (2021) [Bluray-1080p] {imdb-tt5433138}.mkv,,,movie,imdb://tt5433138,,unmatched,F9: The Fast Saga
no movie match,0,F:\MediaStack\data\media\movies\Face+Off (1997)\Face Off (1997) [Bluray-1080p] {imdb-tt0119094}.mkv,,,movie,imdb://tt0119094,,unmatched,Face/Off
no movie match,0,F:\MediaStack\data\media\movies\Fair Game (2010)\Fair Game (2010) [Bluray-1080p] {imdb-tt0977855}.mkv,,,movie,imdb://tt0977855,,unmatched,Fair Game
no movie match,0,F:\MediaStack\data\media\movies\FairyTale - A True Story (1997)\FairyTale A True Story (1997) [SDTV] {imdb-tt0119095}.avi,,,movie,imdb://tt0119095,,unmatched,FairyTale: A True Story
no movie match,0,F:\MediaStack\data\media\movies\Fame (1980)\Fame (1980) [Bluray-1080p] {imdb-tt0080716}.mp4,,,movie,imdb://tt0080716,,unmatched,Fame
no movie match,0,F:\MediaStack\data\media\movies\Fantasia (1940)\Fantasia (1940) [Bluray-1080p] {imdb-tt0032455}.mkv,,,movie,imdb://tt0032455,,unmatched,Fantasia
no movie match,0,F:\MediaStack\data\media\movies\Fantasia 2000 (2000)\Fantasia 2000 (2000) [Bluray-1080p] {imdb-tt0120910}.mkv,,,movie,imdb://tt0120910,,unmatched,Fantasia 2000
no movie match,0,F:\MediaStack\data\media\movies\Fantastic Beasts and Where to Find Them (2016)\Fantastic Beasts and Where to Find Them (2016) [WEBDL-1080p] {imdb-tt3183660}.mkv,,,movie,imdb://tt3183660,,unmatched,Fantastic Beasts and Where to Find Them
no movie match,0,F:\MediaStack\data\media\movies\Fantastic Beasts - The Crimes of Grindelwald (2018)\Fantastic Beasts The Crimes of Grindelwald (2018) [Bluray-1080p] {imdb-tt4123430}.mkv,,,movie,imdb://tt4123430,,unmatched,Fantastic Beasts: The Crimes of Grindelwald
no movie match,0,F:\MediaStack\data\media\movies\Fantastic Beasts - The Secrets of Dumbledore (2022)\Fantastic Beasts The Secrets of Dumbledore (2022) [Bluray-1080p] {imdb-tt4123432}.mkv,,,movie,imdb://tt4123432,,unmatched,Fantastic Beasts: The Secrets of Dumbledore
no movie match,0,F:\MediaStack\data\media\movies\Fantastic Four (2005)\Fantastic Four (2005) [WEBDL-1080p] {imdb-tt0120667}.mkv,,,movie,imdb://tt0120667,,unmatched,Fantastic Four
no movie match,0,F:\MediaStack\data\media\movies\Fantastic Four (2015)\Fantastic Four (2015) [Bluray-1080p] {imdb-tt1502712}.mp4,,,movie,imdb://tt1502712,,unmatched,Fantastic Four
no movie match,0,F:\MediaStack\data\media\movies\The Fantastic 4 - First Steps (2025)\The Fantastic 4 First Steps (2025) [Bluray-1080p] {imdb-tt10676052}.mkv,,,movie,imdb://tt10676052,,unmatched,The Fantastic Four: First Steps
no movie match,0,F:\MediaStack\data\media\movies\Fantastic Four - Rise of the Silver Surfer (2007)\Fantastic Four Rise of the Silver Surfer (2007) [Bluray-1080p] {imdb-tt0486576}.mkv,,,movie,imdb://tt0486576,,unmatched,Fantastic Four: Rise of the Silver Surfer
no movie match,0,F:\MediaStack\data\media\movies\Fantastic Mr. Fox (2009)\Fantastic Mr. Fox (2009) [Bluray-1080p] {imdb-tt0432283}.mp4,,,movie,imdb://tt0432283,,unmatched,Fantastic Mr. Fox
no movie match,0,F:\MediaStack\data\media\movies\Enemy of the State (1998)\Enemy of the State (1998) [Bluray-1080p] {imdb-tt0120660}.mkv,,,movie,imdb://tt0120660,,unmatched,Enemy of the State
no movie match,0,F:\MediaStack\data\media\movies\The English Patient (1996)\The English Patient (1996) [Bluray-1080p] {imdb-tt0116209}.mkv,,,movie,imdb://tt0116209,,unmatched,The English Patient
no movie match,0,F:\MediaStack\data\media\movies\Entrapment (1999)\Entrapment (1999) [Bluray-1080p] {imdb-tt0137494}.mp4,,,movie,imdb://tt0137494,,unmatched,Entrapment
no movie match,0,F:\MediaStack\data\media\movies\Ephraim's Rescue (2013)\Ephraims Rescue (2013) [WEBDL-480p] {imdb-tt2509298}.mkv,,,movie,imdb://tt2509298,,unmatched,Ephraim's Rescue
no movie match,0,F:\MediaStack\data\media\movies\Epic (2013)\Epic (2013) [Bluray-1080p Proper] {imdb-tt0848537}.mkv,,,movie,imdb://tt0848537,,unmatched,Epic
no movie match,0,F:\MediaStack\data\media\movies\Eragon (2006)\Eragon (2006) [Bluray-1080p] {imdb-tt0449010}.mp4,,,movie,imdb://tt0449010,,unmatched,Eragon
no movie match,0,F:\MediaStack\data\media\movies\Ernest Goes to Camp (1987)\Ernest Goes to Camp (1987) [Bluray-1080p] {imdb-tt0092974}.mp4,,,movie,imdb://tt0092974,,unmatched,Ernest Goes to Camp
no movie match,0,F:\MediaStack\data\media\movies\Ernest Goes to Jail (1990)\Ernest Goes to Jail (1990) [Bluray-1080p] {imdb-tt0099512}.mp4,,,movie,imdb://tt0099512,,unmatched,Ernest Goes to Jail
no movie match,0,F:\MediaStack\data\media\movies\Ernest Saves Christmas (1988)\Ernest Saves Christmas (1988) [WEBDL-1080p] {imdb-tt0095107}.mkv,,,movie,imdb://tt0095107,,unmatched,Ernest Saves Christmas
no movie match,0,F:\MediaStack\data\media\movies\Ernest Scared Stupid (1991)\Ernest Scared Stupid (1991) [Bluray-1080p] {imdb-tt0101821}.mp4,,,movie,imdb://tt0101821,,unmatched,Ernest Scared Stupid
ambiguous movie title match,0,F:\MediaStack\data\media\movies\Escape Room (2019)\Escape Room (2019) [Bluray-1080p Proper] {imdb-tt5886046}.mkv,,,movie,imdb://tt5886046,,unmatched,Escape Room
no movie match,0,F:\MediaStack\data\media\movies\Eternals (2021)\Eternals (2021) [Bluray-1080p] {imdb-tt9032400}.mp4,,,movie,imdb://tt9032400,,unmatched,Eternals
no movie match,0,F:\MediaStack\data\media\movies\EverAfter (1998)\EverAfter (1998) [Bluray-1080p] {imdb-tt0120631}.mkv,,,movie,imdb://tt0120631,,unmatched,Ever After: A Cinderella Story
no movie match,0,F:\MediaStack\data\media\movies\The Exorcist (1973)\The Exorcist (1973) [Bluray-1080p Proper] {imdb-tt0070047}.mp4,,,movie,imdb://tt0070047,,unmatched,The Exorcist
no movie match,0,F:\MediaStack\data\media\movies\Dunkirk (2017)\Dunkirk (2017) [Bluray-1080p] {imdb-tt5013056}.mkv,,,movie,imdb://tt5013056,,unmatched,Dunkirk
no movie match,0,F:\MediaStack\data\media\movies\Dunston Checks In (1996)\Dunston Checks In (1996) [WEBRip-1080p] {imdb-tt0116151}.mp4,,,movie,imdb://tt0116151,,unmatched,Dunston Checks In
no movie match,0,F:\MediaStack\data\media\movies\E.T. the Extra-Terrestrial (1982)\E.T. the Extra-Terrestrial (1982) [Bluray-1080p] {imdb-tt0083866}.mkv,,,movie,imdb://tt0083866,,unmatched,E.T.
no movie match,0,F:\MediaStack\data\media\movies\East of Eden (1955)\East of Eden (1955) [Bluray-1080p] {imdb-tt0048028}.mkv,,,movie,imdb://tt0048028,,unmatched,East of Eden
no movie match,0,F:\MediaStack\data\media\movies\Eddie the Eagle (2016)\Eddie the Eagle (2016) [Bluray-1080p] {imdb-tt1083452}.mkv,,,movie,imdb://tt1083452,,unmatched,Eddie the Eagle
no movie match,0,F:\MediaStack\data\media\movies\Edge of the Wall (1980)\Edge of the Wall (1980) [Bluray-1080p].mp4,,,movie,tmdb://1361358,,unmatched,Edge of the Wall
no movie match,0,F:\MediaStack\data\media\movies\Edge of Tomorrow (2014)\Edge of Tomorrow (2014) [Bluray-1080p] {imdb-tt1631867}.mkv,,,movie,imdb://tt1631867,,unmatched,Edge of Tomorrow
no movie match,0,F:\MediaStack\data\media\movies\Edward Scissorhands (1990)\Edward Scissorhands (1990) [Bluray-1080p] {imdb-tt0099487}.mkv,,,movie,imdb://tt0099487,,unmatched,Edward Scissorhands
no movie match,0,F:\MediaStack\data\media\movies\Eight Below (2006)\Eight Below (2006) [Bluray-1080p] {imdb-tt0397313}.mkv,,,movie,imdb://tt0397313,,unmatched,Eight Below
no movie match,0,F:\MediaStack\data\media\movies\Eight Crazy Nights (2002)\Eight Crazy Nights (2002) [WEBDL-1080p] {imdb-tt0271263}.mkv,,,movie,imdb://tt0271263,,unmatched,Eight Crazy Nights
no movie match,0,F:\MediaStack\data\media\movies\The Elephant Man (1980)\The Elephant Man (1980) [Bluray-1080p] {imdb-tt0080678}.mp4,,,movie,imdb://tt0080678,,unmatched,The Elephant Man
no movie match,0,F:\MediaStack\data\media\movies\Elf (2003)\Elf (2003) [Bluray-1080p] {imdb-tt0319343}.mp4,,,movie,imdb://tt0319343,,unmatched,Elf
no movie match,0,F:\MediaStack\data\media\movies\Elio (2025)\Elio (2025) [Bluray-1080p] {imdb-tt4900148}.mkv,,,movie,imdb://tt4900148,,unmatched,Elio
no movie match,0,F:\MediaStack\data\media\movies\Elizabethtown (2005)\Elizabethtown (2005) [Bluray-1080p] {imdb-tt0368709}.mkv,,,movie,imdb://tt0368709,,unmatched,Elizabethtown
no movie match,0,F:\MediaStack\data\media\movies\Ella Enchanted (2004)\Ella Enchanted (2004) [Bluray-1080p] {imdb-tt0327679}.mkv,,,movie,imdb://tt0327679,,unmatched,Ella Enchanted
no movie match,0,F:\MediaStack\data\media\movies\Elysium (2013)\Elysium (2013) [Bluray-1080p] {imdb-tt1535108}.mkv,,,movie,imdb://tt1535108,,unmatched,Elysium
no movie match,0,F:\MediaStack\data\media\movies\The Emperor's New Groove (2000)\The Emperors New Groove (2000) [Bluray-1080p] {imdb-tt0120917}.mkv,,,movie,imdb://tt0120917,,unmatched,The Emperor's New Groove
no movie match,0,F:\MediaStack\data\media\movies\Empire of the Sun (1987)\Empire of the Sun (1987) [WEBDL-1080p] {imdb-tt0092965}.mkv,,,movie,imdb://tt0092965,,unmatched,Empire of the Sun
no movie match,0,F:\MediaStack\data\media\movies\Empire Records (1995)\Empire Records (1995) [WEBDL-1080p] {imdb-tt0112950}.mkv,,,movie,imdb://tt0112950,,unmatched,Empire Records
no movie match,0,F:\MediaStack\data\media\movies\Encanto (2021)\Encanto (2021) [Bluray-1080p] {imdb-tt2953050}.mkv,,,movie,imdb://tt2953050,,unmatched,Encanto
no movie match,0,F:\MediaStack\data\media\movies\Enchanted (2007)\Enchanted (2007) [Bluray-1080p Proper] {imdb-tt0461770}.mkv,,,movie,imdb://tt0461770,,unmatched,Enchanted
no movie match,0,F:\MediaStack\data\media\movies\Dogtown and Z-Boys (2002)\Dogtown and Z-Boys (2002) [WEBDL-1080p] {imdb-tt0275309}.mkv,,,movie,imdb://tt0275309,,unmatched,Dogtown and Z-Boys
no movie match,0,F:\MediaStack\data\media\movies\Don't Say a Word (2001)\Dont Say a Word (2001) [WEBDL-1080p] {imdb-tt0260866}.mkv,,,movie,imdb://tt0260866,,unmatched,Don't Say a Word
no movie match,0,F:\MediaStack\data\media\movies\Dora and the Search for Sol Dorado (2025)\Dora and the Search for Sol Dorado (2025) [WEBDL-1080p] {imdb-tt32621553}.mkv,,,movie,imdb://tt32621553,,unmatched,Dora and the Search for Sol Dorado
no movie match,0,F:\MediaStack\data\media\movies\Double Indemnity (1944)\Double Indemnity (1944) [Bluray-1080p] {imdb-tt0036775}.mkv,,,movie,imdb://tt0036775,,unmatched,Double Indemnity
no movie match,0,F:\MediaStack\data\media\movies\Dr. Dolittle 2 (2001)\Dr. Dolittle 2 (2001) [WEBDL-1080p] {imdb-tt0240462}.mkv,,,movie,imdb://tt0240462,,unmatched,Dr. Dolittle 2
no movie match,0,F:\MediaStack\data\media\movies\Draft Day (2014)\Draft Day (2014) [Bluray-1080p] {imdb-tt2223990}.mp4,,,movie,imdb://tt2223990,,unmatched,Draft Day
no movie match,0,F:\MediaStack\data\media\movies\DragonHeart (1996)\DragonHeart (1996) [Bluray-1080p] {imdb-tt0116136}.mkv,,,movie,imdb://tt0116136,,unmatched,DragonHeart
no movie match,0,F:\MediaStack\data\media\movies\Dreamgirls (2006)\Dreamgirls (2006) [Bluray-1080p] {imdb-tt0443489}.mp4,,,movie,imdb://tt0443489,,unmatched,Dreamgirls
no movie match,0,F:\MediaStack\data\media\movies\Drillbit Taylor (2008)\Drillbit Taylor (2008) [Bluray-1080p] {imdb-tt0817538}.mp4,,,movie,imdb://tt0817538,,unmatched,Drillbit Taylor
no movie match,0,F:\MediaStack\data\media\movies\DuckTales - The Movie - Treasure of the Lost Lamp (1990)\DuckTales The Movie Treasure of the Lost Lamp (1990) [WEBRip-1080p] {imdb-tt0099472}.mp4,,,movie,imdb://tt0099472,,unmatched,DuckTales the Movie: Treasure of the Lost Lamp
no movie match,0,F:\MediaStack\data\media\movies\Dumb and Dumber (1994)\Dumb and Dumber (1994) [Bluray-1080p] {imdb-tt0109686}.Clean.mp4,,,movie,imdb://tt0109686,,unmatched,Dumb and Dumber
no movie match,0,F:\MediaStack\data\media\movies\Dumbo (1941)\Dumbo (1941) [Bluray-1080p] {imdb-tt0033563}.mkv,,,movie,imdb://tt0033563,,unmatched,Dumbo
no movie match,0,F:\MediaStack\data\media\movies\Dumbo (2019)\Dumbo (2019) [Bluray-1080p] {imdb-tt3861390}.mp4,,,movie,imdb://tt3861390,,unmatched,Dumbo
no movie match,0,F:\MediaStack\data\media\movies\Dune (2021)\Dune (2021) [Bluray-1080p] {imdb-tt1160419}.mkv,,,movie,imdb://tt1160419,,unmatched,Dune: Part One
no movie match,0,F:\MediaStack\data\media\movies\Dune - Part Two (2024)\Dune Part Two (2024) [Bluray-1080p] {imdb-tt15239678}.mp4,,,movie,imdb://tt15239678,,unmatched,Dune: Part Two
no movie match,0,F:\MediaStack\data\media\movies\Dick Tracy (1990)\Dick Tracy (1990) [Bluray-1080p] {imdb-tt0099422}.mp4,,,movie,imdb://tt0099422,,unmatched,Dick Tracy
no movie match,0,F:\MediaStack\data\media\movies\Die Another Day (2002)\Die Another Day (2002) [Bluray-1080p] {imdb-tt0246460}.mp4,,,movie,imdb://tt0246460,,unmatched,Die Another Day
no movie match,0,F:\MediaStack\data\media\movies\Die Hard (1988)\Die Hard (1988) [Bluray-1080p] {imdb-tt0095016}.mkv,,,movie,imdb://tt0095016,,unmatched,Die Hard
no movie match,0,F:\MediaStack\data\media\movies\Die Hard 2 (1990)\Die Hard 2 (1990) [Bluray-1080p] {imdb-tt0099423}.mp4,,,movie,imdb://tt0099423,,unmatched,Die Hard 2
no movie match,0,F:\MediaStack\data\media\movies\Die Hard - With a Vengeance (1995)\Die Hard With a Vengeance (1995) [Bluray-1080p] {imdb-tt0112864}.mp4,,,movie,imdb://tt0112864,,unmatched,Die Hard with a Vengeance
no movie match,0,F:\MediaStack\data\media\movies\Dinosaur (2000)\Dinosaur (2000) [Bluray-1080p] {imdb-tt0130623}.mkv,,,movie,imdb://tt0130623,,unmatched,Dinosaur
no movie match,0,F:\MediaStack\data\media\movies\The Dirty Dozen (1967)\The Dirty Dozen (1967) [Bluray-1080p] {imdb-tt0061578}.mkv,,,movie,imdb://tt0061578,,unmatched,The Dirty Dozen
no movie match,0,F:\MediaStack\data\media\movies\Dirty Harry (1971)\Dirty Harry (1971) [Bluray-1080p] {imdb-tt0066999}.mp4,,,movie,imdb://tt0066999,,unmatched,Dirty Harry
no movie match,0,F:\MediaStack\data\media\movies\Disenchanted (2022)\Disenchanted (2022) [WEBDL-1080p] {imdb-tt1596342}.mkv,,,movie,imdb://tt1596342,,unmatched,Disenchanted
no movie match,0,F:\MediaStack\data\media\movies\District 9 (2009)\District 9 (2009) [Bluray-1080p Proper] {imdb-tt1136608}.mp4,,,movie,imdb://tt1136608,,unmatched,District 9
no movie match,0,F:\MediaStack\data\media\movies\Divine Secrets of the Ya-Ya Sisterhood (2002)\Divine Secrets of the Ya-Ya Sisterhood (2002) [WEBDL-1080p] {imdb-tt0279778}.mkv,,,movie,imdb://tt0279778,,unmatched,Divine Secrets of the Ya-Ya Sisterhood
no movie match,0,F:\MediaStack\data\media\movies\Doc Hollywood (1991)\Doc Hollywood (1991) [Bluray-1080P] {Imdb-Tt0101745}.Clean.mp4,,,movie,local://25074,,unmatched,Doc Hollywood
no movie match,0,F:\MediaStack\data\media\movies\Doctor Dolittle (1967)\Doctor Dolittle (1967) [Bluray-1080p] {imdb-tt0061584}.mp4,,,movie,imdb://tt0061584,,unmatched,Doctor Dolittle
no movie match,0,F:\MediaStack\data\media\movies\Doctor Dolittle (1998)\Doctor Dolittle (1998) [Bluray-1080p] {imdb-tt0118998}.mp4,,,movie,imdb://tt0118998,,unmatched,Doctor Dolittle
no movie match,0,F:\MediaStack\data\media\movies\Doctor Strange (2016)\Doctor Strange (2016) [Bluray-1080p] {imdb-tt1211837}.mkv,,,movie,imdb://tt1211837,,unmatched,Doctor Strange
no movie match,0,F:\MediaStack\data\media\movies\Doctor Strange in the Multiverse of Madness (2022)\Doctor Strange in the Multiverse of Madness (2022) [Bluray-1080p] {imdb-tt9419884}.mp4,,,movie,imdb://tt9419884,,unmatched,Doctor Strange in the Multiverse of Madness
no movie match,0,F:\MediaStack\data\media\movies\Doctor Zhivago (1965)\Doctor Zhivago (1965) [Bluray-1080p] {imdb-tt0059113}.mp4,,,movie,imdb://tt0059113,,unmatched,Doctor Zhivago
no movie match,0,F:\MediaStack\data\media\movies\Dog Days (2018)\Dog Days (2018) [Bluray-720p] {imdb-tt7365604}.mp4,,,movie,imdb://tt7365604,,unmatched,Dog Days
no movie match,0,F:\MediaStack\data\media\movies\Dog Man (2025)\Dog Man (2025) [Bluray-1080p] {imdb-tt10954718}.mkv,,,movie,imdb://tt10954718,,unmatched,Dog Man
no movie match,0,F:\MediaStack\data\media\movies\A Dog's Journey (2019)\A Dogs Journey (2019) [Bluray-1080p] {imdb-tt8385474}.mkv,,,movie,imdb://tt8385474,,unmatched,A Dog's Journey
no movie match,0,F:\MediaStack\data\media\movies\A Dog's Purpose (2017)\A Dogs Purpose (2017) [WEBDL-1080p] {imdb-tt1753383}.mkv,,,movie,imdb://tt1753383,,unmatched,A Dog's Purpose
no movie match,0,F:\MediaStack\data\media\movies\Déjà Vu (2006)\Deja Vu (2006) [Bluray-1080p] {imdb-tt0453467}.mp4,,,movie,imdb://tt0453467,,unmatched,Deja Vu
no movie match,0,F:\MediaStack\data\media\movies\Delivery Man (2013)\Delivery Man (2013) [Bluray-1080p] {imdb-tt2387559}.mp4,,,movie,imdb://tt2387559,,unmatched,Delivery Man
no movie match,0,F:\MediaStack\data\media\movies\Demon Slayer - Kimetsu no Yaiba Infinity Castle (2025)\Demon Slayer Kimetsu no Yaiba Infinity Castle (2025) [WEBDL-1080p] {imdb-tt32820897}.mkv,,,movie,imdb://tt32820897,,unmatched,Demon Slayer: Kimetsu no Yaiba Infinity Castle
no movie match,0,F:\MediaStack\data\media\movies\Dennis the Menace (1993)\Dennis the Menace (1993) [WEBDL-1080p] {imdb-tt0106701}.mkv,,,movie,imdb://tt0106701,,unmatched,Dennis the Menace
no movie match,0,F:\MediaStack\data\media\movies\The Departed (2006)\The Departed (2006) [Bluray-1080p] {imdb-tt0407887}.mkv,,,movie,imdb://tt0407887,,unmatched,The Departed
no movie match,0,F:\MediaStack\data\media\movies\The Descendants (2011)\The Descendants (2011) [Bluray-1080p] {imdb-tt1033575}.mkv,,,movie,imdb://tt1033575,,unmatched,The Descendants
no movie match,0,F:\MediaStack\data\media\movies\Descendants (2015)\Descendants (2015) [WEBRip-1080p] {imdb-tt3440298}.mp4,,,movie,imdb://tt3440298,,unmatched,Descendants
no movie match,0,F:\MediaStack\data\media\movies\Desert Command (1946)\Desert Command (1946) [WEBDL-480p] {imdb-tt0038466}.mkv,,,movie,imdb://tt0038466,,unmatched,Desert Command
no movie match,0,F:\MediaStack\data\media\movies\The Desert Trail (1935)\The Desert Trail (1935) [WEBDL-480p] {imdb-tt0026273}.mkv,,,movie,imdb://tt0026273,,unmatched,The Desert Trail
no movie match,0,F:\MediaStack\data\media\movies\Despicable Me 2 (2013)\Despicable Me 2 (2013) [Bluray-1080p] {imdb-tt1690953}.mkv,,,movie,imdb://tt1690953,,unmatched,Despicable Me 2
no movie match,0,F:\MediaStack\data\media\movies\The Devil Wears Prada (2006)\The Devil Wears Prada (2006) [Bluray-1080p Proper] {imdb-tt0458352}.mp4,,,movie,imdb://tt0458352,,unmatched,The Devil Wears Prada
no movie match,0,F:\MediaStack\data\media\movies\The Devil's Advocate (1997)\The Devils Advocate (1997) [Bluray-1080p] {imdb-tt0118971}.mkv,,,movie,imdb://tt0118971,,unmatched,The Devil's Advocate
no movie match,0,F:\MediaStack\data\media\movies\Dial M for Murder (1954)\Dial M for Murder (1954) [Bluray-1080p] {imdb-tt0046912}.mkv,,,movie,imdb://tt0046912,,unmatched,Dial M for Murder
no movie match,0,F:\MediaStack\data\media\movies\Diary of a Wimpy Kid (2010)\Diary of a Wimpy Kid (2010) [Bluray-1080p] {imdb-tt1196141}.mp4,,,movie,imdb://tt1196141,,unmatched,Diary of a Wimpy Kid
no movie match,0,F:\MediaStack\data\media\movies\Diary of a Wimpy Kid (2021)\Diary of a Wimpy Kid (2021) [WEBDL-1080p] {imdb-tt13834480}.mkv,,,movie,imdb://tt13834480,,unmatched,Diary of a Wimpy Kid
no movie match,0,F:\MediaStack\data\media\movies\Diary of a Wimpy Kid - The Last Straw (2025)\Diary of a Wimpy Kid The Last Straw (2025) [WEBDL-1080p] {imdb-tt37751253}.mkv,,,movie,imdb://tt37751253,,unmatched,Diary of A Wimpy Kid: The Last Straw
no movie match,0,F:\MediaStack\data\media\movies\Darby O'Gill and the Little People (1959)\Darby O'Gill and the Little People (1959) [WEBDL-480p] {imdb-tt0052722}.mkv,,,movie,imdb://tt0052722,,unmatched,Darby O'Gill and the Little People
no movie match,0,F:\MediaStack\data\media\movies\The Darjeeling Limited (2007)\The Darjeeling Limited (2007) [Bluray-1080p] {imdb-tt0838221}.mp4,,,movie,imdb://tt0838221,,unmatched,The Darjeeling Limited
no movie match,0,F:\MediaStack\data\media\movies\The Dark Crystal (1982)\The Dark Crystal (1982) [Bluray-1080p] {imdb-tt0083791}.mkv,,,movie,imdb://tt0083791,,unmatched,The Dark Crystal
no movie match,0,F:\MediaStack\data\media\movies\The Dark Knight (2008)\The Dark Knight (2008) [WEBDL-1080p] {imdb-tt0468569}.mkv,,,movie,imdb://tt0468569,,unmatched,The Dark Knight
no movie match,0,F:\MediaStack\data\media\movies\The Dark Knight Rises (2012)\The Dark Knight Rises (2012) [Bluray-1080p] {imdb-tt1345836}.mkv,,,movie,imdb://tt1345836,,unmatched,The Dark Knight Rises
no movie match,0,F:\MediaStack\data\media\movies\Dark Shadows (2012)\Dark Shadows (2012) [Bluray-1080p] {imdb-tt1077368}.mkv,,,movie,imdb://tt1077368,,unmatched,Dark Shadows
no movie match,0,F:\MediaStack\data\media\movies\Dawn of the Dead (2004)\Dawn of the Dead (2004) [Bluray-1080p] {imdb-tt0363547}.mkv,,,movie,imdb://tt0363547,,unmatched,Dawn of the Dead
no movie match,0,F:\MediaStack\data\media\movies\Dawn of the Planet of the Apes (2014)\Dawn of the Planet of the Apes (2014) [WEBDL-2160p] {imdb-tt2103281}.mkv,,,movie,imdb://tt2103281,,unmatched,Dawn of the Planet of the Apes
no movie match,0,F:\MediaStack\data\media\movies\The Dawn Rider (1935)\The Dawn Rider (1935) [WEBDL-480p] {imdb-tt0026267}.mkv,,,movie,imdb://tt0026267,,unmatched,The Dawn Rider
no movie match,0,F:\MediaStack\data\media\movies\The Day After Tomorrow (2004)\The Day After Tomorrow (2004) [Bluray-1080p Proper] {imdb-tt0319262}.mkv,,,movie,imdb://tt0319262,,unmatched,The Day After Tomorrow
no movie match,0,F:\MediaStack\data\media\movies\Dead Poets Society (1989)\Dead Poets Society (1989) [Bluray-1080p] {imdb-tt0097165}.mp4,,,movie,imdb://tt0097165,,unmatched,Dead Poets Society
no movie match,0,F:\MediaStack\data\media\movies\Deadpool (2016)\Deadpool (2016) [Bluray-1080p Proper] {imdb-tt1431045}.mp4,,,movie,imdb://tt1431045,,unmatched,Deadpool
no movie match,0,F:\MediaStack\data\media\movies\Deadpool & Wolverine (2024)\Deadpool and Wolverine (2024) [Bluray-1080p] {imdb-tt6263850}.mkv,,,movie,imdb://tt6263850,,unmatched,Deadpool & Wolverine
no movie match,0,F:\MediaStack\data\media\movies\Deadpool 2 (2018)\Deadpool 2 (2018) [Bluray-1080p] {imdb-tt5463162}.mkv,,,movie,imdb://tt5463162,,unmatched,Deadpool 2
no movie match,0,F:\MediaStack\data\media\movies\Death Becomes Her (1992)\Death Becomes Her (1992) [Bluray-1080p] {imdb-tt0104070}.mkv,,,movie,imdb://tt0104070,,unmatched,Death Becomes Her
no movie match,0,F:\MediaStack\data\media\movies\Death on the Nile (2022)\Death on the Nile (2022) [Bluray-1080p] {imdb-tt7657566}.mkv,,,movie,imdb://tt7657566,,unmatched,Death on the Nile
no movie match,0,F:\MediaStack\data\media\movies\Death Proof (2007)\Death Proof (2007) [Bluray-1080p] {imdb-tt1028528}.mkv,,,movie,imdb://tt1028528,,unmatched,Death Proof
no movie match,0,F:\MediaStack\data\media\movies\Crimson Tide (1995)\Crimson Tide (1995) [Bluray-1080p] {imdb-tt0112740}.mp4,,,movie,imdb://tt0112740,,unmatched,Crimson Tide
no movie match,0,F:\MediaStack\data\media\movies\Critters (1986)\Critters (1986) [Bluray-1080p] {imdb-tt0090887}.mp4,,,movie,imdb://tt0090887,,unmatched,Critters
no movie match,0,F:\MediaStack\data\media\movies\Critters 2 (1988)\Critters 2 (1988) [WEBDL-1080p] {imdb-tt0094919}.Clean.mkv,,,movie,imdb://tt0094919,,unmatched,Critters 2
no movie match,0,F:\MediaStack\data\media\movies\Critters 3 (1991)\Critters 3 (1991) [WEBDL-1080p] {imdb-tt0101627}.mkv,,,movie,imdb://tt0101627,,unmatched,Critters 3
no movie match,0,F:\MediaStack\data\media\movies\Crocodile Dundee in Los Angeles (2001)\Crocodile Dundee in Los Angeles (2001) [Bluray-1080p] {imdb-tt0231402}.mp4,,,movie,imdb://tt0231402,,unmatched,Crocodile Dundee in Los Angeles
no movie match,0,F:\MediaStack\data\media\movies\The Croods (2013)\The Croods (2013) [Bluray-1080p Proper] {imdb-tt0481499}.mp4,,,movie,imdb://tt0481499,,unmatched,The Croods
no movie match,0,F:\MediaStack\data\media\movies\The Croods - A New Age (2020)\The Croods A New Age (2020) [Bluray-1080p] {imdb-tt2850386}.mkv,,,movie,imdb://tt2850386,,unmatched,The Croods: A New Age
no movie match,0,F:\MediaStack\data\media\movies\Cruella (2021)\Cruella (2021) [Bluray-1080p] {imdb-tt3228774}.mkv,,,movie,imdb://tt3228774,,unmatched,Cruella
no movie match,0,F:\MediaStack\data\media\movies\The Crying Game (1992)\The Crying Game (1992) [Bluray-1080p] {imdb-tt0104036}.mkv,,,movie,imdb://tt0104036,,unmatched,The Crying Game
no movie match,0,F:\MediaStack\data\media\movies\The Curious Case of Benjamin Button (2008)\The Curious Case of Benjamin Button (2008) [Bluray-1080p] {imdb-tt0421715}.mp4,,,movie,imdb://tt0421715,,unmatched,The Curious Case of Benjamin Button
no movie match,0,F:\MediaStack\data\media\movies\Curious George (2006)\Curious George (2006) [WEBDL-1080p] {imdb-tt0381971}.mkv,,,movie,imdb://tt0381971,,unmatched,Curious George
no movie match,0,F:\MediaStack\data\media\movies\Curious George 2 - Follow That Monkey! (2009)\Curious George 2 Follow That Monkey! (2009) [WEBRip-720p] {imdb-tt1350484}.mp4,,,movie,imdb://tt1350484,,unmatched,Curious George 2: Follow That Monkey!
no movie match,0,F:\MediaStack\data\media\movies\Curly Sue (1991)\Curly Sue (1991) [WEBDL-720p] {imdb-tt0101635}.mkv,,,movie,imdb://tt0101635,,unmatched,Curly Sue
no movie match,0,F:\MediaStack\data\media\movies\Ring of the Nibelungs (2004)\Ring of the Nibelungs (2004) [WEBDL-480p] {imdb-tt0387541}.mkv,,,movie,imdb://tt0387541,,unmatched,Curse of the Ring
no movie match,0,F:\MediaStack\data\media\movies\D2 - The Mighty Ducks (1994)\D2 The Mighty Ducks (1994) [Bluray-1080p] {imdb-tt0109520}.mkv,,,movie,imdb://tt0109520,,unmatched,D2: The Mighty Ducks
no movie match,0,F:\MediaStack\data\media\movies\D3 - The Mighty Ducks (1996)\D3 The Mighty Ducks (1996) [Bluray-1080p] {imdb-tt0116000}.mkv,,,movie,imdb://tt0116000,,unmatched,D3: The Mighty Ducks
no movie match,0,F:\MediaStack\data\media\movies\Dan in Real Life (2007)\Dan in Real Life (2007) [Bluray-1080p] {imdb-tt0480242}.mp4,,,movie,imdb://tt0480242,,unmatched,Dan in Real Life
no movie match,0,F:\MediaStack\data\media\movies\Dangal (2016)\Dangal (2016) [Bluray-1080p] {imdb-tt5074352}.mp4,,,movie,imdb://tt5074352,,unmatched,Dangal
no movie match,0,F:\MediaStack\data\media\movies\Dangerous Minds (1995)\Dangerous Minds (1995) [WEBDL-1080p] {imdb-tt0112792}.mkv,,,movie,imdb://tt0112792,,unmatched,Dangerous Minds
no movie match,0,F:\MediaStack\data\media\movies\Coneheads (1993)\Coneheads (1993) [Bluray-1080p] {imdb-tt0106598}.mkv,,,movie,imdb://tt0106598,,unmatched,Coneheads
no movie match,0,F:\MediaStack\data\media\movies\Confessions of a Dangerous Mind (2002)\Confessions of a Dangerous Mind (2002) [Bluray-1080p] {imdb-tt0270288}.mp4,,,movie,imdb://tt0270288,,unmatched,Confessions of a Dangerous Mind
no movie match,0,F:\MediaStack\data\media\movies\Confessions of a Shopaholic (2009)\Confessions of a Shopaholic (2009) [Bluray-720p] {imdb-tt1093908}.mkv,,,movie,imdb://tt1093908,,unmatched,Confessions of a Shopaholic
no movie match,0,F:\MediaStack\data\media\movies\Confessions of a Teenage Drama Queen (2004)\Confessions of a Teenage Drama Queen (2004) [WEBRip-1080p] {imdb-tt0361467}.mp4,,,movie,imdb://tt0361467,,unmatched,Confessions of a Teenage Drama Queen
no movie match,0,F:\MediaStack\data\media\movies\Congo (1995)\Congo (1995) [Bluray-1080p] {imdb-tt0112715}.mkv,,,movie,imdb://tt0112715,,unmatched,Congo
no movie match,0,F:\MediaStack\data\media\movies\The Conjuring (2013)\The Conjuring (2013) [Bluray-1080p Proper] {imdb-tt1457767}.mkv,,,movie,imdb://tt1457767,,unmatched,The Conjuring
no movie match,0,F:\MediaStack\data\media\movies\The Conjuring 2 (2016)\The Conjuring 2 (2016) [Bluray-1080p] {imdb-tt3065204}.mkv,,,movie,imdb://tt3065204,,unmatched,The Conjuring 2
no movie match,0,F:\MediaStack\data\media\movies\Constantine (2005)\Constantine (2005) [Bluray-1080p] {imdb-tt0360486}.mkv,,,movie,imdb://tt0360486,,unmatched,Constantine
no movie match,0,F:\MediaStack\data\media\movies\Contact (1997)\Contact (1997) [Bluray-1080p] {imdb-tt0118884}.mkv,,,movie,imdb://tt0118884,,unmatched,Contact
no movie match,0,F:\MediaStack\data\media\movies\The Contender (2000)\The Contender (2000) [WEBRip-1080p] {imdb-tt0208874}.mp4,,,movie,imdb://tt0208874,,unmatched,The Contender
no movie match,0,F:\MediaStack\data\media\movies\Cool Hand Luke (1967)\Cool Hand Luke (1967) [Bluray-1080p] {imdb-tt0061512}.mp4,,,movie,imdb://tt0061512,,unmatched,Cool Hand Luke
no movie match,0,F:\MediaStack\data\media\movies\Cool Runnings (1993)\Cool Runnings (1993) [Bluray-1080p] {imdb-tt0106611}.mkv,,,movie,imdb://tt0106611,,unmatched,Cool Runnings
no movie match,0,F:\MediaStack\data\media\movies\The Core (2003)\The Core (2003) [Bluray-1080p] {imdb-tt0298814}.mp4,,,movie,imdb://tt0298814,,unmatched,The Core
no movie match,0,F:\MediaStack\data\media\movies\The Count of Monte Cristo (2002)\The Count of Monte Cristo (2002) [Bluray-1080p] {imdb-tt0245844}.mp4,,,movie,imdb://tt0245844,,unmatched,The Count of Monte Cristo
no movie match,0,F:\MediaStack\data\media\movies\Guy Ritchie's The Covenant (2023)\Guy Ritchies The Covenant (2023) [WEBRip-1080p] {imdb-tt4873118}.mkv,,,movie,imdb://tt4873118,,unmatched,The Covenant
no movie match,0,F:\MediaStack\data\media\movies\Cow Belles (2006)\Cow Belles (2006) [WEBDL-1080p] {imdb-tt0489007}.mkv,,,movie,imdb://tt0489007,,unmatched,Cow Belles
no movie match,0,F:\MediaStack\data\media\movies\Coyote Ugly (2000)\Coyote Ugly (2000) [Bluray-1080p] {imdb-tt0200550}.mkv,,,movie,imdb://tt0200550,,unmatched,Coyote Ugly
no movie match,0,F:\MediaStack\data\media\movies\The Craft - Legacy (2020)\The Craft Legacy (2020) [Bluray-1080p] {imdb-tt4685762}.mkv,,,movie,imdb://tt4685762,,unmatched,The Craft: Legacy
no movie match,0,F:\MediaStack\data\media\movies\Crater (2023)\Crater (2023) [WEBDL-1080p] {imdb-tt5264838}.mkv,,,movie,imdb://tt5264838,,unmatched,Crater
no movie match,0,"F:\MediaStack\data\media\movies\Crazy, Stupid, Love. (2011)\Crazy Stupid Love. (2011) [Bluray-1080p] {imdb-tt1570728}.mkv",,,movie,imdb://tt1570728,,unmatched,"Crazy, Stupid, Love."
no movie match,0,F:\MediaStack\data\media\movies\Creed (2015)\Creed (2015) [Bluray-1080p] {imdb-tt3076658}.mkv,,,movie,imdb://tt3076658,,unmatched,Creed
no movie match,0,F:\MediaStack\data\media\movies\Creed II (2018)\Creed II (2018) [Bluray-1080p] {imdb-tt6343314}.mp4,,,movie,imdb://tt6343314,,unmatched,Creed II
no movie match,0,F:\MediaStack\data\media\movies\Clockstoppers (2002)\Clockstoppers (2002) [Bluray-1080p] {imdb-tt0157472}.mkv,,,movie,imdb://tt0157472,,unmatched,Clockstoppers
no movie match,0,F:\MediaStack\data\media\movies\Cloud Atlas (2012)\Cloud Atlas (2012) [Bluray-1080p] {imdb-tt1371111}.mkv,,,movie,imdb://tt1371111,,unmatched,Cloud Atlas
no movie match,0,F:\MediaStack\data\media\movies\Coach Carter (2005)\Coach Carter (2005) [WEBDL-1080p] {imdb-tt0393162}.mkv,,,movie,imdb://tt0393162,,unmatched,Coach Carter
no movie match,0,F:\MediaStack\data\media\movies\The Cobbler (2014)\The Cobbler (2014) [Bluray-1080p] {imdb-tt3203616}.mkv,,,movie,imdb://tt3203616,,unmatched,The Cobbler
no movie match,0,F:\MediaStack\data\media\movies\Coco (2017)\Coco (2017) [Remux-1080p] {imdb-tt2380307}.mkv,,,movie,imdb://tt2380307,,unmatched,Coco
no movie match,0,F:\MediaStack\data\media\movies\Cold Mountain (2003)\Cold Mountain (2003) [Bluray-1080p] {imdb-tt0159365}.mp4,,,movie,imdb://tt0159365,,unmatched,Cold Mountain
no movie match,0,F:\MediaStack\data\media\movies\Collateral Beauty (2016)\Collateral Beauty (2016) [Bluray-1080p] {imdb-tt4682786}.mkv,,,movie,imdb://tt4682786,,unmatched,Collateral Beauty
no movie match,0,F:\MediaStack\data\media\movies\The Color of Money (1986)\The Color of Money (1986) [Bluray-1080p] {imdb-tt0090863}.mkv,,,movie,imdb://tt0090863,,unmatched,The Color of Money
no movie match,0,F:\MediaStack\data\media\movies\The Color Purple (1985)\The Color Purple (1985) [Bluray-1080p] {imdb-tt0088939}.mp4,,,movie,imdb://tt0088939,,unmatched,The Color Purple
no movie match,0,F:\MediaStack\data\media\movies\The Color Purple (2023)\The Color Purple (2023) [WEBDL-1080p] {imdb-tt1200263}.mkv,,,movie,imdb://tt1200263,,unmatched,The Color Purple
no movie match,0,F:\MediaStack\data\media\movies\The Colors Within (2024)\The Colors Within (2024) [Bluray-1080p] {imdb-tt23951384}.mkv,,,movie,imdb://tt23951384,,unmatched,The Colors Within
no movie match,0,F:\MediaStack\data\media\movies\The Comebacks (2007)\The Comebacks (2007) [HDTV-1080p] {imdb-tt0790804}.mp4,,,movie,imdb://tt0790804,,unmatched,The Comebacks
ambiguous movie title match,0,F:\MediaStack\data\media\movies\Conan the Barbarian (1982)\Conan the Barbarian (1982) [Bluray-1080p] {imdb-tt0082198}.mkv,,,movie,imdb://tt0082198,,unmatched,Conan the Barbarian
no movie match,0,F:\MediaStack\data\media\movies\Conan the Destroyer (1984)\Conan the Destroyer (1984) [Bluray-1080p] {imdb-tt0087078}.mkv,,,movie,imdb://tt0087078,,unmatched,Conan the Destroyer
no movie match,0,"F:\MediaStack\data\media\movies\The Chronicles of Narnia - The Lion, the Witch and the Wardrobe (2005)\The Chronicles of Narnia The Lion the Witch and the Wardrobe (2005) [Bluray-1080p] {imdb-tt0363771}.mkv",,,movie,imdb://tt0363771,,unmatched,"The Chronicles of Narnia: The Lion, the Witch and the Wardrobe"
no movie match,0,F:\MediaStack\data\media\movies\The Chronicles of Narnia - The Voyage of the Dawn Treader (2010)\The Chronicles of Narnia The Voyage of the Dawn Treader (2010) [Bluray-1080p] {imdb-tt0980970}.mkv,,,movie,imdb://tt0980970,,unmatched,The Chronicles of Narnia: The Voyage of the Dawn Treader
no movie match,0,F:\MediaStack\data\media\movies\Church Ball (2006)\Church Ball (2006) [WEBDL-480p] {imdb-tt0457303}.mkv,,,movie,imdb://tt0457303,,unmatched,Church Ball
no movie match,0,F:\MediaStack\data\media\movies\A Cinderella Story (2004)\A Cinderella Story (2004) [Bluray-1080p] {imdb-tt0356470}.mp4,,,movie,imdb://tt0356470,,unmatched,A Cinderella Story
no movie match,0,F:\MediaStack\data\media\movies\Cinema Paradiso (1988)\Cinema Paradiso (1988) [Bluray-1080p] {imdb-tt0095765}.mp4,,,movie,imdb://tt0095765,,unmatched,Cinema Paradiso
no movie match,0,F:\MediaStack\data\media\movies\Citadel (2012)\Citadel (2012) [Bluray-1080p] {imdb-tt1641975}.mp4,,,movie,imdb://tt1641975,,unmatched,Citadel
no movie match,0,F:\MediaStack\data\media\movies\Citizen Kane (1941)\Citizen Kane (1941) [Bluray-1080p] {imdb-tt0033467}.mkv,,,movie,imdb://tt0033467,,unmatched,Citizen Kane
no movie match,0,F:\MediaStack\data\media\movies\City Lights (1931)\City Lights (1931) [Bluray-1080p] {imdb-tt0021749}.mp4,,,movie,imdb://tt0021749,,unmatched,City Lights
no movie match,0,F:\MediaStack\data\media\movies\City of Angels (1998)\City of Angels (1998) [Bluray-1080p] {imdb-tt0120632}.mp4,,,movie,imdb://tt0120632,,unmatched,City of Angels
no movie match,0,F:\MediaStack\data\media\movies\City of God (2002)\City of God (2002) [Bluray-1080p] {imdb-tt0317248}.mkv,,,movie,imdb://tt0317248,,unmatched,City of God
no movie match,0,F:\MediaStack\data\media\movies\City Slickers (1991)\City Slickers (1991) [Bluray-1080p] {imdb-tt0101587}.mp4,,,movie,imdb://tt0101587,,unmatched,City Slickers
no movie match,0,F:\MediaStack\data\media\movies\A Civil Action (1998)\A Civil Action (1998) [Bluray-1080p] {imdb-tt0120633}.mp4,,,movie,imdb://tt0120633,,unmatched,A Civil Action
no movie match,0,F:\MediaStack\data\media\movies\Clash of the Titans (2010)\Clash of the Titans (2010) [Bluray-1080p] {imdb-tt0800320}.mp4,,,movie,imdb://tt0800320,,unmatched,Clash of the Titans
no movie match,0,F:\MediaStack\data\media\movies\Cleopatra (1963)\Cleopatra (1963) [Bluray-1080p] {imdb-tt0056937}.mkv,,,movie,imdb://tt0056937,,unmatched,Cleopatra
no movie match,0,F:\MediaStack\data\media\movies\The Client (1994)\The Client (1994) [Bluray-1080p] {imdb-tt0109446}.mkv,,,movie,imdb://tt0109446,,unmatched,The Client
no movie match,0,F:\MediaStack\data\media\movies\Clifford (1994)\Clifford (1994) [WEBRip-1080p] {imdb-tt0109447}.mp4,,,movie,imdb://tt0109447,,unmatched,Clifford
no movie match,0,F:\MediaStack\data\media\movies\Clifford the Big Red Dog (2021)\Clifford the Big Red Dog (2021) [Bluray-1080p] {imdb-tt2397461}.mkv,,,movie,imdb://tt2397461,,unmatched,Clifford the Big Red Dog
no movie match,0,F:\MediaStack\data\media\movies\Charlotte's Web (2006)\Charlottes Web (2006) [Bluray-1080p] {imdb-tt0413895}.mp4,,,movie,imdb://tt0413895,,unmatched,Charlotte's Web
no movie match,0,F:\MediaStack\data\media\movies\Chasing Amy (1997)\Chasing Amy (1997) [Bluray-1080p] {imdb-tt0118842}.mkv,,,movie,imdb://tt0118842,,unmatched,Chasing Amy
no movie match,0,F:\MediaStack\data\media\movies\Cheaper by the Dozen (2003)\Cheaper by the Dozen (2003) [WEBDL-1080p] {imdb-tt0349205}.mkv,,,movie,imdb://tt0349205,,unmatched,Cheaper by the Dozen
no movie match,0,F:\MediaStack\data\media\movies\Cheaper by the Dozen (2022)\Cheaper by the Dozen (2022) [WEBRip-1080p] {imdb-tt6705162}.mp4,,,movie,imdb://tt6705162,,unmatched,Cheaper by the Dozen
no movie match,0,F:\MediaStack\data\media\movies\Cheaper by the Dozen 2 (2005)\Cheaper by the Dozen 2 (2005) [Bluray-1080p] {imdb-tt0452598}.mp4,,,movie,imdb://tt0452598,,unmatched,Cheaper by the Dozen 2
no movie match,0,F:\MediaStack\data\media\movies\Chicago (2002)\Chicago (2002) [Bluray-1080p Proper] {imdb-tt0299658}.mkv,,,movie,imdb://tt0299658,,unmatched,Chicago
no movie match,0,F:\MediaStack\data\media\movies\Chichagof - The Hook (2004)\Chichagof The Hook (2004) [Unknown].mkv,,,movie,tmdb://397636,,unmatched,Chichagof: The Hook
no movie match,0,F:\MediaStack\data\media\movies\Chicken Little (2005)\Chicken Little (2005) [Bluray-1080p] {imdb-tt0371606}.mp4,,,movie,imdb://tt0371606,,unmatched,Chicken Little
no movie match,0,F:\MediaStack\data\media\movies\Chicken Run (2000)\Chicken Run (2000) [Bluray-1080p] {imdb-tt0120630}.mkv,,,movie,imdb://tt0120630,,unmatched,Chicken Run
no movie match,0,F:\MediaStack\data\media\movies\The China Syndrome (1979)\The China Syndrome (1979) [Bluray-1080p] {imdb-tt0078966}.mp4,,,movie,imdb://tt0078966,,unmatched,The China Syndrome
no movie match,0,F:\MediaStack\data\media\movies\Chip 'n Dale - Rescue Rangers (2022)\Chip 'n Dale Rescue Rangers (2022) [WEBDL-1080p] {imdb-tt3513500}.mkv,,,movie,imdb://tt3513500,,unmatched,Chip 'n Dale: Rescue Rangers
no movie match,0,F:\MediaStack\data\media\movies\A Christmas Carol (1984)\A Christmas Carol (1984) [Bluray-1080p] {imdb-tt0087056}.mp4,,,movie,imdb://tt0087056,,unmatched,A Christmas Carol
no movie match,0,F:\MediaStack\data\media\movies\A Christmas Carol (1999)\A Christmas Carol (1999) [DVD] {imdb-tt0216621}.avi,,,movie,imdb://tt0216621,,unmatched,A Christmas Carol
no movie match,0,F:\MediaStack\data\media\movies\A Christmas Carol (2009)\A Christmas Carol (2009) [Bluray-1080p] {imdb-tt1067106}.mkv,,,movie,imdb://tt1067106,,unmatched,A Christmas Carol
no movie match,0,F:\MediaStack\data\media\movies\A Christmas Story (1983)\A Christmas Story (1983) [Bluray-1080p] {imdb-tt0085334}.mkv,,,movie,imdb://tt0085334,,unmatched,A Christmas Story
no movie match,0,F:\MediaStack\data\media\movies\National Lampoon's Christmas Vacation (1989)\National Lampoons Christmas Vacation (1989) [Bluray-1080p] {imdb-tt0097958}.mkv,,,movie,imdb://tt0097958,,unmatched,Christmas Vacation
no movie match,0,F:\MediaStack\data\media\movies\The Chronicles of Narnia - Prince Caspian (2008)\The Chronicles of Narnia Prince Caspian (2008) [Bluray-1080p] {imdb-tt0499448}.mkv,,,movie,imdb://tt0499448,,unmatched,The Chronicles of Narnia: Prince Caspian
no movie match,0,F:\MediaStack\data\media\movies\Casablanca (1943)\Casablanca (1943) [WEBDL-1080p] {imdb-tt0034583}.mkv,,,movie,imdb://tt0034583,,unmatched,Casablanca
no movie match,0,F:\MediaStack\data\media\movies\Casper (1995)\Casper (1995) [Bluray-1080p] {imdb-tt0112642}.mkv,,,movie,imdb://tt0112642,,unmatched,Casper
no movie match,0,F:\MediaStack\data\media\movies\Cast Away (2000)\Cast Away (2000) [Bluray-1080p] {imdb-tt0162222}.mkv,,,movie,imdb://tt0162222,,unmatched,Cast Away
no movie match,0,F:\MediaStack\data\media\movies\Castle in the Sky (1986)\Castle in the Sky (1986) [Bluray-1080p] {imdb-tt0092067}.mp4,,,movie,imdb://tt0092067,,unmatched,Castle in the Sky
no movie match,0,F:\MediaStack\data\media\movies\The Cat in the Hat (2003)\The Cat in the Hat (2003) [Bluray-1080p] {imdb-tt0312528}.mp4,,,movie,imdb://tt0312528,,unmatched,The Cat in the Hat
no movie match,0,F:\MediaStack\data\media\movies\Cat on a Hot Tin Roof (1958)\Cat on a Hot Tin Roof (1958) [Bluray-1080p] {imdb-tt0051459}.mp4,,,movie,imdb://tt0051459,,unmatched,Cat on a Hot Tin Roof
no movie match,0,F:\MediaStack\data\media\movies\The Cat Returns (2002)\The Cat Returns (2002) [Bluray-1080p] {imdb-tt0347618}.mkv,,,movie,imdb://tt0347618,,unmatched,The Cat Returns
no movie match,0,F:\MediaStack\data\media\movies\Catch That Kid (2004)\Catch That Kid (2004) [WEBRip-1080p] {imdb-tt0337917}.mp4,,,movie,imdb://tt0337917,,unmatched,Catch That Kid
no movie match,0,F:\MediaStack\data\media\movies\Cats & Dogs (2001)\Cats and Dogs (2001) [Bluray-1080p] {imdb-tt0239395}.mp4,,,movie,imdb://tt0239395,,unmatched,Cats & Dogs
no movie match,0,F:\MediaStack\data\media\movies\Cats Don't Dance (1997)\Cats Dont Dance (1997) [Bluray-720p] {imdb-tt0118829}.mp4,,,movie,imdb://tt0118829,,unmatched,Cats Don't Dance
no movie match,0,F:\MediaStack\data\media\movies\The Cell (2000)\The Cell (2000) [Bluray-1080p] {imdb-tt0209958}.mkv,,,movie,imdb://tt0209958,,unmatched,The Cell
no movie match,0,F:\MediaStack\data\media\movies\Central Intelligence (2016)\Central Intelligence (2016) [Bluray-1080p] {imdb-tt1489889}.mkv,,,movie,imdb://tt1489889,,unmatched,Central Intelligence
no movie match,0,F:\MediaStack\data\media\movies\Central Station (1998)\Central Station (1998) [Bluray-1080p] {imdb-tt0140888}.mkv,,,movie,imdb://tt0140888,,unmatched,Central Station
no movie match,0,F:\MediaStack\data\media\movies\Changeling (2008)\Changeling (2008) [Bluray-1080p] {imdb-tt0824747}.mkv,,,movie,imdb://tt0824747,,unmatched,Changeling
no movie match,0,F:\MediaStack\data\media\movies\Charlie and the Chocolate Factory (2005)\Charlie and the Chocolate Factory (2005) [Bluray-1080p] {imdb-tt0367594}.mkv,,,movie,imdb://tt0367594,,unmatched,Charlie and the Chocolate Factory
no movie match,0,F:\MediaStack\data\media\movies\Charlie's Angels (2000)\Charlies Angels (2000) [Bluray-1080p] {imdb-tt0160127}.mp4,,,movie,imdb://tt0160127,,unmatched,Charlie's Angels
no movie match,0,F:\MediaStack\data\media\movies\Charlie's Angels (2019)\Charlies Angels (2019) [Bluray-1080p] {imdb-tt5033998}.mp4,,,movie,imdb://tt5033998,,unmatched,Charlie's Angels
no movie match,0,F:\MediaStack\data\media\movies\Bye Bye Birdie (1963)\Bye Bye Birdie (1963) [Bluray-720p] {imdb-tt0056891}.mkv,,,movie,imdb://tt0056891,,unmatched,Bye Bye Birdie
no movie match,0,F:\MediaStack\data\media\movies\The Cable Guy (1996)\The Cable Guy (1996) [Bluray-1080p] {imdb-tt0115798}.mkv,,,movie,imdb://tt0115798,,unmatched,The Cable Guy
no movie match,0,F:\MediaStack\data\media\movies\Caddyshack (1980)\Caddyshack (1980) [Bluray-1080p] {imdb-tt0080487}.mp4,,,movie,imdb://tt0080487,,unmatched,Caddyshack
no movie match,0,F:\MediaStack\data\media\movies\The Call of the Wild (2020)\The Call of the Wild (2020) [Bluray-1080p] {imdb-tt7504726}.mp4,,,movie,imdb://tt7504726,,unmatched,The Call of the Wild
no movie match,0,F:\MediaStack\data\media\movies\The Campaign (2012)\The Campaign (2012) [Bluray-1080p] {imdb-tt1790886}.mkv,,,movie,imdb://tt1790886,,unmatched,The Campaign
no movie match,0,F:\MediaStack\data\media\movies\Cape Fear (1962)\Cape Fear (1962) [Bluray-1080p] {imdb-tt0055824}.mp4,,,movie,imdb://tt0055824,,unmatched,Cape Fear
no movie match,0,F:\MediaStack\data\media\movies\Cape Fear (1991)\Cape Fear (1991) [WEBDL-720p] {imdb-tt0101540}.mkv,,,movie,imdb://tt0101540,,unmatched,Cape Fear
no movie match,0,F:\MediaStack\data\media\movies\Capernaum (2018)\Capernaum (2018) [Bluray-1080p] {imdb-tt8267604}.mkv,,,movie,imdb://tt8267604,,unmatched,Capernaum
no movie match,0,F:\MediaStack\data\media\movies\Captain America - Brave New World (2025)\Captain America Brave New World (2025) [Bluray-1080p] {imdb-tt14513804}.mkv,,,movie,imdb://tt14513804,,unmatched,Captain America: Brave New World
no movie match,0,F:\MediaStack\data\media\movies\Captain America - Civil War (2016)\Captain America Civil War (2016) [Bluray-1080p] {imdb-tt3498820}.mkv,,,movie,imdb://tt3498820,,unmatched,Captain America: Civil War
no movie match,0,F:\MediaStack\data\media\movies\Captain America - The First Avenger (2011)\Captain America The First Avenger (2011) [Bluray-1080p] {imdb-tt0458339}.mkv,,,movie,imdb://tt0458339,,unmatched,Captain America: The First Avenger
no movie match,0,F:\MediaStack\data\media\movies\Captain Marvel (2019)\Captain Marvel (2019) [Bluray-1080p] {imdb-tt4154664}.mkv,,,movie,imdb://tt4154664,,unmatched,Captain Marvel
no movie match,0,F:\MediaStack\data\media\movies\Captive (2015)\Captive (2015) [Bluray-1080p] {imdb-tt3268668}.mkv,,,movie,imdb://tt3268668,,unmatched,Captive
no movie match,0,F:\MediaStack\data\media\movies\Cars (2006)\Cars (2006) [Bluray-1080p] {imdb-tt0317219}.mkv,,,movie,imdb://tt0317219,,unmatched,Cars
no movie match,0,F:\MediaStack\data\media\movies\Cars 2 (2011)\Cars 2 (2011) [Bluray-1080p] {imdb-tt1216475}.mkv,,,movie,imdb://tt1216475,,unmatched,Cars 2
no movie match,0,F:\MediaStack\data\media\movies\Cars 3 (2017)\Cars 3 (2017) [Bluray-1080p] {imdb-tt3606752}.mkv,,,movie,imdb://tt3606752,,unmatched,Cars 3
no movie match,0,F:\MediaStack\data\media\movies\The Bridges of Madison County (1995)\The Bridges of Madison County (1995) [Bluray-1080p] {imdb-tt0112579}.mkv,,,movie,imdb://tt0112579,,unmatched,The Bridges of Madison County
no movie match,0,F:\MediaStack\data\media\movies\Bringing Down the House (2003)\Bringing Down the House (2003) [WEBDL-1080p] {imdb-tt0305669}.mkv,,,movie,imdb://tt0305669,,unmatched,Bringing Down the House
no movie match,0,F:\MediaStack\data\media\movies\Brink! (1998)\Brink! (1998) [WEBRip-480p] {imdb-tt0162212}.mkv,,,movie,imdb://tt0162212,,unmatched,Brink!
no movie match,0,F:\MediaStack\data\media\movies\Brokedown Palace (1999)\Brokedown Palace (1999) [Bluray-1080p] {imdb-tt0120620}.mp4,,,movie,imdb://tt0120620,,unmatched,Brokedown Palace
no movie match,0,F:\MediaStack\data\media\movies\Broken Flowers (2005)\Broken Flowers (2005) [HDTV-1080p] {imdb-tt0412019}.mp4,,,movie,imdb://tt0412019,,unmatched,Broken Flowers
no movie match,0,F:\MediaStack\data\media\movies\Brooklyn (2015)\Brooklyn (2015) [Bluray-1080p] {imdb-tt2381111}.mkv,,,movie,imdb://tt2381111,,unmatched,Brooklyn
no movie match,0,F:\MediaStack\data\media\movies\Brother Bear (2003)\Brother Bear (2003) [Bluray-1080p] {imdb-tt0328880}.mkv,,,movie,imdb://tt0328880,,unmatched,Brother Bear
no movie match,0,F:\MediaStack\data\media\movies\Brother Bear 2 (2006)\Brother Bear 2 (2006) [Bluray-1080p] {imdb-tt0465925}.mkv,,,movie,imdb://tt0465925,,unmatched,Brother Bear 2
no movie match,0,F:\MediaStack\data\media\movies\The Brothers Grimm (2005)\The Brothers Grimm (2005) [Bluray-1080p] {imdb-tt0355295}.mkv,,,movie,imdb://tt0355295,,unmatched,The Brothers Grimm
no movie match,0,F:\MediaStack\data\media\movies\Bubble Boy (2001)\Bubble Boy (2001) [WEBDL-1080p] {imdb-tt0258470}.mp4,,,movie,imdb://tt0258470,,unmatched,Bubble Boy
no movie match,0,F:\MediaStack\data\media\movies\The Bucket List (2007)\The Bucket List (2007) [Bluray-1080p] {imdb-tt0825232}.mp4,,,movie,imdb://tt0825232,,unmatched,The Bucket List
no movie match,0,F:\MediaStack\data\media\movies\Buddy (1997)\Buddy (1997) [WEBDL-720p] {imdb-tt0118787}.mkv,,,movie,imdb://tt0118787,,unmatched,Buddy
no movie match,0,F:\MediaStack\data\media\movies\A Bug's Life (1998)\A Bugs Life (1998) [Bluray-1080p Proper] {imdb-tt0120623}.mp4,,,movie,imdb://tt0120623,,unmatched,A Bug's Life
no movie match,0,F:\MediaStack\data\media\movies\Bull Durham (1988)\Bull Durham (1988) [Bluray-1080p] {imdb-tt0094812}.mkv,,,movie,imdb://tt0094812,,unmatched,Bull Durham
no movie match,0,F:\MediaStack\data\media\movies\Bullitt (1968)\Bullitt (1968) [Bluray-1080p] {imdb-tt0062765}.mp4,,,movie,imdb://tt0062765,,unmatched,Bullitt
no movie match,0,F:\MediaStack\data\media\movies\Butch Cassidy and the Sundance Kid (1969)\Butch Cassidy and the Sundance Kid (1969) [Bluray-1080p] {imdb-tt0064115}.mp4,,,movie,imdb://tt0064115,,unmatched,Butch Cassidy and the Sundance Kid
no movie match,0,F:\MediaStack\data\media\movies\The Butterfly Effect (2004)\The Butterfly Effect (2004) [Bluray-1080p] {imdb-tt0289879}.mp4,,,movie,imdb://tt0289879,,unmatched,The Butterfly Effect
no movie match,0,F:\MediaStack\data\media\movies\The Boss Baby - Family Business (2021)\The Boss Baby Family Business (2021) [Bluray-1080p] {imdb-tt6932874}.mkv,,,movie,imdb://tt6932874,,unmatched,The Boss Baby: Family Business
no movie match,0,F:\MediaStack\data\media\movies\The Boxer (1997)\The Boxer (1997) [Bluray-1080p] {imdb-tt0118760}.mp4,,,movie,imdb://tt0118760,,unmatched,The Boxer
no movie match,0,F:\MediaStack\data\media\movies\The Boy and the Beast (2015)\The Boy and the Beast (2015) [Bluray-1080p] {imdb-tt4272866}.mkv,,,movie,imdb://tt4272866,,unmatched,The Boy and the Beast
no movie match,0,F:\MediaStack\data\media\movies\The Boy and the Heron (2023)\The Boy and the Heron (2023) [Bluray-1080p] {imdb-tt6587046}.mp4,,,movie,imdb://tt6587046,,unmatched,The Boy and the Heron
no movie match,0,F:\MediaStack\data\media\movies\The Boy in the Striped Pyjamas (2008)\The Boy in the Striped Pyjamas (2008) [Bluray-1080p] {imdb-tt0914798}.mp4,,,movie,imdb://tt0914798,,unmatched,The Boy in the Striped Pajamas
no movie match,0,F:\MediaStack\data\media\movies\The Brady Bunch Movie (1995)\The Brady Bunch Movie (1995) [Bluray-1080p] {imdb-tt0112572}.mkv,,,movie,imdb://tt0112572,,unmatched,The Brady Bunch Movie
no movie match,0,F:\MediaStack\data\media\movies\Brave (2012)\Brave (2012) [Bluray-1080p] {imdb-tt1217209}.mp4,,,movie,imdb://tt1217209,,unmatched,Brave
no movie match,0,F:\MediaStack\data\media\movies\The Brave Little Toaster (1987)\The Brave Little Toaster (1987) [WEBDL-1080p] {imdb-tt0092695}.mkv,,,movie,imdb://tt0092695,,unmatched,The Brave Little Toaster
no movie match,0,F:\MediaStack\data\media\movies\The Break-Up (2006)\The Break-Up (2006) [Bluray-1080p] {imdb-tt0452594}.mp4,,,movie,imdb://tt0452594,,unmatched,The Break-Up
no movie match,0,F:\MediaStack\data\media\movies\Brian Regan - I Walked on the Moon (2004)\Brian Regan I Walked on the Moon (2004) [SDTV] {imdb-tt0808179}.avi,,,movie,imdb://tt0808179,,unmatched,Brian Regan: I Walked on the Moon
no movie match,0,F:\MediaStack\data\media\movies\Bride Wars (2009)\Bride Wars (2009) [Bluray-1080p] {imdb-tt0901476}.mkv,,,movie,imdb://tt0901476,,unmatched,Bride Wars
no movie match,0,F:\MediaStack\data\media\movies\Brideless Groom (1947)\Brideless Groom (1947) [Unknown] {imdb-tt0039219}.mkv,,,movie,imdb://tt0039219,,unmatched,Brideless Groom
no movie match,0,F:\MediaStack\data\media\movies\Bridge of Spies (2015)\Bridge of Spies (2015) [Bluray-1080p] {imdb-tt3682448}.mkv,,,movie,imdb://tt3682448,,unmatched,Bridge of Spies
no movie match,0,F:\MediaStack\data\media\movies\Bridge to Terabithia (2007)\Bridge to Terabithia (2007) [Bluray-1080p] {imdb-tt0398808}.mkv,,,movie,imdb://tt0398808,,unmatched,Bridge to Terabithia
no movie match,0,F:\MediaStack\data\media\movies\A Bridge Too Far (1977)\A Bridge Too Far (1977) [Bluray-1080p] {imdb-tt0075784}.mkv,,,movie,imdb://tt0075784,,unmatched,A Bridge Too Far
no movie match,0,F:\MediaStack\data\media\movies\Black Panther - Wakanda Forever (2022)\Black Panther Wakanda Forever (2022) [Bluray-1080p] {imdb-tt9114286}.mp4,,,movie,imdb://tt9114286,,unmatched,Black Panther: Wakanda Forever
no movie match,0,F:\MediaStack\data\media\movies\Black Sheep (1996)\Black Sheep (1996) [Bluray-1080p] {imdb-tt0115697}.mkv,,,movie,imdb://tt0115697,,unmatched,Black Sheep
no movie match,0,F:\MediaStack\data\media\movies\Black Widow (2021)\Black Widow (2021) [Bluray-1080p] {imdb-tt3480822}.mkv,,,movie,imdb://tt3480822,,unmatched,Black Widow
no movie match,0,F:\MediaStack\data\media\movies\Blade (1998)\Blade (1998) [Bluray-1080p] {imdb-tt0120611}.mkv,,,movie,imdb://tt0120611,,unmatched,Blade
no movie match,0,F:\MediaStack\data\media\movies\Blade II (2002)\Blade II (2002) [Bluray-1080p] {imdb-tt0187738}.mkv,,,movie,imdb://tt0187738,,unmatched,Blade II
no movie match,0,F:\MediaStack\data\media\movies\Blade Runner (1982)\Blade Runner (1982) [Bluray-1080p Proper] {imdb-tt0083658}.mkv,,,movie,imdb://tt0083658,,unmatched,Blade Runner
no movie match,0,F:\MediaStack\data\media\movies\Blade Runner 2049 (2017)\Blade Runner 2049 (2017) [Bluray-1080p] {imdb-tt1856101}.mp4,,,movie,imdb://tt1856101,,unmatched,Blade Runner 2049
no movie match,0,F:\MediaStack\data\media\movies\Blade - Trinity (2004)\Blade Trinity (2004) [Bluray-1080p] {imdb-tt0359013}.mp4,,,movie,imdb://tt0359013,,unmatched,Blade: Trinity
no movie match,0,F:\MediaStack\data\media\movies\Blank Check (1994)\Blank Check (1994) [WEBRip-1080p] {imdb-tt0109287}.mkv,,,movie,imdb://tt0109287,,unmatched,Blank Check
no movie match,0,F:\MediaStack\data\media\movies\The Blind Side (2009)\The Blind Side (2009) [Bluray-1080p] {imdb-tt0878804}.mkv,,,movie,imdb://tt0878804,,unmatched,The Blind Side
no movie match,0,F:\MediaStack\data\media\movies\The Blob (1988)\The Blob (1988) [Bluray-1080p] {imdb-tt0094761}.mkv,,,movie,imdb://tt0094761,,unmatched,The Blob
no movie match,0,F:\MediaStack\data\media\movies\Blood Diamond (2006)\Blood Diamond (2006) [Bluray-1080p] {imdb-tt0450259}.mp4,,,movie,imdb://tt0450259,,unmatched,Blood Diamond
no movie match,0,F:\MediaStack\data\media\movies\BloodRayne (2005)\BloodRayne (2005) [Bluray-1080p] {imdb-tt0383222}.mp4,,,movie,imdb://tt0383222,,unmatched,BloodRayne
no movie match,0,F:\MediaStack\data\media\movies\Blue Steel (1934)\Blue Steel (1934) [WEBDL-480p] {imdb-tt0024902}.mkv,,,movie,imdb://tt0024902,,unmatched,Blue Steel
no movie match,0,F:\MediaStack\data\media\movies\The Boat That Rocked (2009)\The Boat That Rocked (2009) [Bluray-1080p] {imdb-tt1131729}.mkv,,,movie,imdb://tt1131729,,unmatched,The Boat That Rocked
no movie match,0,F:\MediaStack\data\media\movies\Bob Dylan - MTV Unplugged (1994)\Bob Dylan MTV Unplugged (1994) [WEBDL-480p] {imdb-tt0737264}.mkv,,,movie,local://19842,,unmatched,Bob Dylan MTV Unplugged
no movie match,0,F:\MediaStack\data\media\movies\Body and Soul (1947)\Body and Soul (1947) [Bluray-1080p] {imdb-tt0039204}.mkv,,,movie,imdb://tt0039204,,unmatched,Body and Soul
no movie match,0,F:\MediaStack\data\media\movies\Bolt (2008)\Bolt (2008) [Bluray-1080p Proper] {imdb-tt0397892}.mp4,,,movie,imdb://tt0397892,,unmatched,Bolt
no movie match,0,F:\MediaStack\data\media\movies\The Book of Clarence (2024)\The Book of Clarence (2024) [WEBDL-1080p] {imdb-tt22866358}.mkv,,,movie,imdb://tt22866358,,unmatched,The Book of Clarence
no movie match,0,F:\MediaStack\data\media\movies\The Book of Eli (2010)\The Book of Eli (2010) [Bluray-1080p] {imdb-tt1037705}.mkv,,,movie,imdb://tt1037705,,unmatched,The Book of Eli
no movie match,0,F:\MediaStack\data\media\movies\The Book of Life (2014)\The Book of Life (2014) [Bluray-1080p] {imdb-tt2262227}.mp4,,,movie,imdb://tt2262227,,unmatched,The Book of Life
no movie match,0,F:\MediaStack\data\media\movies\The Book Thief (2013)\The Book Thief (2013) [WEBDL-480p] {imdb-tt0816442}.mkv,,,movie,imdb://tt0816442,,unmatched,The Book Thief
no movie match,0,F:\MediaStack\data\media\movies\Das Boot (1981)\Das Boot (1981) [Bluray-1080p] {imdb-tt0082096}.mkv,,,movie,imdb://tt0082096,,unmatched,Das Boot
no movie match,0,F:\MediaStack\data\media\movies\Borat - Cultural Learnings of America for Make Benefit Glorious Nation of Kazakhstan (2006)\Borat Cultural Learnings of America for Make Benefit Glorious Nation of Kazakhstan (2006) [Bluray-1080p] {imdb-tt0443453}.mp4,,,movie,imdb://tt0443453,,unmatched,Borat
no movie match,0,F:\MediaStack\data\media\movies\Hell Town (1937)\Hell Town (1937) [WEBDL-480p].mkv,,,movie,imdb://tt0028653,,unmatched,Born to the West
no movie match,0,F:\MediaStack\data\media\movies\The Borrowers (1997)\The Borrowers (1997) [Bluray-1080p] {imdb-tt0118755}.mkv,,,movie,imdb://tt0118755,,unmatched,The Borrowers
no movie match,0,F:\MediaStack\data\media\movies\The Best Two Years (2004)\The Best Two Years (2004) [WEBDL-480p] {imdb-tt0377038}.mkv,,,movie,imdb://tt0377038,,unmatched,The Best Two Years
no movie match,0,F:\MediaStack\data\media\movies\The BFG (2016)\The BFG (2016) [Bluray-1080p] {imdb-tt3691740}.mkv,,,movie,imdb://tt3691740,,unmatched,The BFG
no movie match,0,F:\MediaStack\data\media\movies\Bicentennial Man (1999)\Bicentennial Man (1999) [WEBRip-1080p] {imdb-tt0182789}.mkv,,,movie,imdb://tt0182789,,unmatched,Bicentennial Man
no movie match,0,F:\MediaStack\data\media\movies\Bicycle Thieves (1948)\Bicycle Thieves (1948) [Bluray-1080p] {imdb-tt0040522}.mkv,,,movie,imdb://tt0040522,,unmatched,Bicycle Thieves
no movie match,0,F:\MediaStack\data\media\movies\Big Fat Liar (2002)\Big Fat Liar (2002) [Bluray-1080p] {imdb-tt0265298}.mp4,,,movie,imdb://tt0265298,,unmatched,Big Fat Liar
no movie match,0,F:\MediaStack\data\media\movies\The Big Green (1995)\The Big Green (1995) [Bluray-1080p] {imdb-tt0112499}.mkv,,,movie,imdb://tt0112499,,unmatched,The Big Green
no movie match,0,F:\MediaStack\data\media\movies\Big Hero 6 (2014)\Big Hero 6 (2014) [Bluray-1080p] {imdb-tt2245084}.mp4,,,movie,imdb://tt2245084,,unmatched,Big Hero 6
no movie match,0,F:\MediaStack\data\media\movies\Big Jake (1971)\Big Jake (1971) [Bluray-1080p] {imdb-tt0066831}.mp4,,,movie,imdb://tt0066831,,unmatched,Big Jake
no movie match,0,F:\MediaStack\data\media\movies\Big Trouble in Little China (1986)\Big Trouble in Little China (1986) [Bluray-1080p] {imdb-tt0090728}.mkv,,,movie,imdb://tt0090728,,unmatched,Big Trouble in Little China
no movie match,0,F:\MediaStack\data\media\movies\Birdman or (The Unexpected Virtue of Ignorance) (2014)\Birdman or The Unexpected Virtue of Ignorance (2014) [WEBDL-1080p] {imdb-tt2562232}.mkv,,,movie,imdb://tt2562232,,unmatched,Birdman or (The Unexpected Virtue of Ignorance)
no movie match,0,F:\MediaStack\data\media\movies\The Birds (1963)\The Birds (1963) [Bluray-1080p] {imdb-tt0056869}.mkv,,,movie,imdb://tt0056869,,unmatched,The Birds
no movie match,0,F:\MediaStack\data\media\movies\Birdy (1984)\Birdy (1984) [Bluray-1080p] {imdb-tt0086969}.mkv,,,movie,imdb://tt0086969,,unmatched,Birdy
no movie match,0,F:\MediaStack\data\media\movies\Black Adam (2022)\Black Adam (2022) [Bluray-1080p] {imdb-tt6443346}.mkv,,,movie,imdb://tt6443346,,unmatched,Black Adam
no movie match,0,F:\MediaStack\data\media\movies\Black Beauty (1994)\Black Beauty (1994) [Bluray-1080p] {imdb-tt0109279}.mp4,,,movie,imdb://tt0109279,,unmatched,Black Beauty
no movie match,0,F:\MediaStack\data\media\movies\The Black Cauldron (1985)\The Black Cauldron (1985) [Bluray-1080p] {imdb-tt0088814}.mkv,,,movie,imdb://tt0088814,,unmatched,The Black Cauldron
no movie match,0,F:\MediaStack\data\media\movies\The Black Dahlia (2006)\The Black Dahlia (2006) [Bluray-1080p] {imdb-tt0387877}.mp4,,,movie,imdb://tt0387877,,unmatched,The Black Dahlia
no movie match,0,F:\MediaStack\data\media\movies\Black Panther (2018)\Black Panther (2018) [Bluray-1080p Proper] {imdb-tt1825683}.mkv,,,movie,imdb://tt1825683,,unmatched,Black Panther
no movie match,0,F:\MediaStack\data\media\movies\Beauty and the Beast (1991)\Beauty and the Beast (1991) [Bluray-1080p] {imdb-tt0101414}.mkv,,,movie,imdb://tt0101414,,unmatched,Beauty and the Beast
no movie match,0,F:\MediaStack\data\media\movies\Beauty and the Beast (2017)\Beauty and the Beast (2017) [Bluray-1080p] {imdb-tt2771200}.mkv,,,movie,imdb://tt2771200,,unmatched,Beauty and the Beast
no movie match,0,F:\MediaStack\data\media\movies\Because of Winn-Dixie (2005)\Because of Winn-Dixie (2005) [Bluray-1080p] {imdb-tt0317132}.mkv,,,movie,imdb://tt0317132,,unmatched,Because of Winn-Dixie
no movie match,0,F:\MediaStack\data\media\movies\Becket (1964)\Becket (1964) [Bluray-1080p Proper] {imdb-tt0057877}.mkv,,,movie,imdb://tt0057877,,unmatched,Becket
no movie match,0,F:\MediaStack\data\media\movies\Becoming Jane (2007)\Becoming Jane (2007) [Bluray-1080p] {imdb-tt0416508}.mkv,,,movie,imdb://tt0416508,,unmatched,Becoming Jane
no movie match,0,F:\MediaStack\data\media\movies\Bedknobs and Broomsticks (1971)\Bedknobs and Broomsticks (1971) [Bluray-1080p] {imdb-tt0066817}.mp4,,,movie,imdb://tt0066817,,unmatched,Bedknobs and Broomsticks
no movie match,0,F:\MediaStack\data\media\movies\Bedtime Stories (2008)\Bedtime Stories (2008) [Bluray-1080p] {imdb-tt0960731}.mp4,,,movie,imdb://tt0960731,,unmatched,Bedtime Stories
no movie match,0,F:\MediaStack\data\media\movies\Bee Movie (2007)\Bee Movie (2007) [Bluray-1080p] {imdb-tt0389790}.mp4,,,movie,imdb://tt0389790,,unmatched,Bee Movie
no movie match,0,F:\MediaStack\data\media\movies\Beethoven (1992)\Beethoven (1992) [Bluray-1080p] {imdb-tt0103786}.mp4,,,movie,imdb://tt0103786,,unmatched,Beethoven
no movie match,0,F:\MediaStack\data\media\movies\Beethoven's 2nd (1993)\Beethovens 2nd (1993) [Bluray-1080p] {imdb-tt0106375}.mp4,,,movie,imdb://tt0106375,,unmatched,Beethoven's 2nd
no movie match,0,F:\MediaStack\data\media\movies\Beetlejuice (1988)\Beetlejuice (1988) [Bluray-1080p] {imdb-tt0094721}.mkv,,,movie,imdb://tt0094721,,unmatched,Beetlejuice
no movie match,0,F:\MediaStack\data\media\movies\Beetlejuice Beetlejuice (2024)\Beetlejuice Beetlejuice (2024) [Bluray-1080p] {imdb-tt2049403}.mp4,,,movie,imdb://tt2049403,,unmatched,Beetlejuice Beetlejuice
no movie match,0,F:\MediaStack\data\media\movies\Before Sunrise (1995)\Before Sunrise (1995) [Bluray-1080p] {imdb-tt0112471}.mp4,,,movie,imdb://tt0112471,,unmatched,Before Sunrise
no movie match,0,F:\MediaStack\data\media\movies\Behind Enemy Lines (2001)\Behind Enemy Lines (2001) [Bluray-1080p] {imdb-tt0159273}.mp4,,,movie,imdb://tt0159273,,unmatched,Behind Enemy Lines
no movie match,0,F:\MediaStack\data\media\movies\Belle (2021)\Belle (2021) [Bluray-1080p] {imdb-tt13651628}.mkv,,,movie,imdb://tt13651628,,unmatched,Belle
no movie match,0,F:\MediaStack\data\media\movies\Ben-Hur (1959)\Ben-Hur (1959) [Bluray-1080p] {imdb-tt0052618}.mp4,,,movie,imdb://tt0052618,,unmatched,Ben-Hur
no movie match,0,F:\MediaStack\data\media\movies\Ben-Hur (2016)\Ben-Hur (2016) [Bluray-1080p] {imdb-tt2638144}.mkv,,,movie,imdb://tt2638144,,unmatched,Ben-Hur
no movie match,0,F:\MediaStack\data\media\movies\Beowulf (2007)\Beowulf (2007) [Bluray-1080p] {imdb-tt0442933}.mkv,,,movie,imdb://tt0442933,,unmatched,Beowulf
no movie match,0,F:\MediaStack\data\media\movies\Balto (1995)\Balto (1995) [Bluray-1080p Proper] {imdb-tt0112453}.mkv,,,movie,imdb://tt0112453,,unmatched,Balto
no movie match,0,F:\MediaStack\data\media\movies\Balto - Wolf Quest (2002)\Balto Wolf Quest (2002) [Bluray-1080p] {imdb-tt0281634}.mkv,,,movie,imdb://tt0281634,,unmatched,Balto: Wolf Quest
no movie match,0,F:\MediaStack\data\media\movies\Bambi (1942)\Bambi (1942) [Bluray-1080p] {imdb-tt0034492}.mp4,,,movie,imdb://tt0034492,,unmatched,Bambi
no movie match,0,F:\MediaStack\data\media\movies\Bandits (2001)\Bandits (2001) [Bluray-1080p] {imdb-tt0219965}.mkv,,,movie,imdb://tt0219965,,unmatched,Bandits
no movie match,0,F:\MediaStack\data\media\movies\The Bank Job (2008)\The Bank Job (2008) [Bluray-1080p] {imdb-tt0200465}.mkv,,,movie,imdb://tt0200465,,unmatched,The Bank Job
no movie match,0,F:\MediaStack\data\media\movies\Barbie (2023)\Barbie (2023) [Bluray-1080p] {imdb-tt1517268}.mkv,,,movie,imdb://tt1517268,,unmatched,Barbie
no movie match,0,F:\MediaStack\data\media\movies\Barnyard (2006)\Barnyard (2006) [Bluray-1080p] {imdb-tt0414853}.mkv,,,movie,imdb://tt0414853,,unmatched,Barnyard
no movie match,0,F:\MediaStack\data\media\movies\Barricade (2012)\Barricade (2012) [WEBDL-480p] {imdb-tt1861279}.mkv,,,movie,imdb://tt1861279,,unmatched,Barricade
no movie match,0,F:\MediaStack\data\media\movies\Barry Lyndon (1975)\Barry Lyndon (1975) [Bluray-1080P] {Imdb-Tt0072684}.Clean.mp4,,,movie,local://25082,,unmatched,Barry Lyndon
no movie match,0,F:\MediaStack\data\media\movies\Bartok the Magnificent (1999)\Bartok the Magnificent (1999) [Bluray-1080p] {imdb-tt0197273}.mkv,,,movie,imdb://tt0197273,,unmatched,Bartok the Magnificent
no movie match,0,F:\MediaStack\data\media\movies\Batman (1989)\Batman (1989) [Bluray-1080p] {imdb-tt0096895}.mp4,,,movie,imdb://tt0096895,,unmatched,Batman
no movie match,0,F:\MediaStack\data\media\movies\The Batman (2022)\The Batman (2022) [Bluray-1080p Proper] {imdb-tt1877830}.mkv,,,movie,imdb://tt1877830,,unmatched,The Batman
no movie match,0,F:\MediaStack\data\media\movies\Batman & Robin (1997)\Batman and Robin (1997) [WEBDL-1080p] {imdb-tt0118688}.mkv,,,movie,imdb://tt0118688,,unmatched,Batman & Robin
no movie match,0,F:\MediaStack\data\media\movies\Batman Begins (2005)\Batman Begins (2005) [Bluray-1080p] {imdb-tt0372784}.mkv,,,movie,imdb://tt0372784,,unmatched,Batman Begins
no movie match,0,F:\MediaStack\data\media\movies\Batman v Superman - Dawn of Justice (2016)\Batman v Superman Dawn of Justice (2016) [Bluray-1080p] {imdb-tt2975590}.mkv,,,movie,imdb://tt2975590,,unmatched,Batman v Superman: Dawn of Justice
no movie match,0,F:\MediaStack\data\media\movies\Battleground (1949)\Battleground (1949) [Bluray-1080p] {imdb-tt0041163}.mkv,,,movie,imdb://tt0041163,,unmatched,Battleground
no movie match,0,F:\MediaStack\data\media\movies\Be Kind Rewind (2008)\Be Kind Rewind (2008) [Bluray-1080p] {imdb-tt0799934}.mkv,,,movie,imdb://tt0799934,,unmatched,Be Kind Rewind
no movie match,0,F:\MediaStack\data\media\movies\Bean (1997)\Bean (1997) [Bluray-1080p] {imdb-tt0118689}.mp4,,,movie,imdb://tt0118689,,unmatched,Bean
no movie match,0,F:\MediaStack\data\media\movies\A Beautiful Mind (2001)\A Beautiful Mind (2001) [Bluray-1080p] {imdb-tt0268978}.mp4,,,movie,imdb://tt0268978,,unmatched,A Beautiful Mind
no movie match,0,F:\MediaStack\data\media\movies\Austin Powers - The Spy Who Shagged Me (1999)\Austin Powers The Spy Who Shagged Me (1999) [Bluray-1080p] {imdb-tt0145660}.mp4,,,movie,imdb://tt0145660,,unmatched,Austin Powers: The Spy Who Shagged Me
no movie match,0,F:\MediaStack\data\media\movies\Australia (2008)\Australia (2008) [Bluray-1080p] {imdb-tt0455824}.mp4,,,movie,imdb://tt0455824,,unmatched,Australia
no movie match,0,F:\MediaStack\data\media\movies\Autumn Sonata (1978)\Autumn Sonata (1978) [Bluray-1080p] {imdb-tt0077711}.mkv,,,movie,imdb://tt0077711,,unmatched,Autumn Sonata
no movie match,0,F:\MediaStack\data\media\movies\Avatar (2009)\Avatar (2009) [Bluray-1080p] {imdb-tt0499549}.mkv,,,movie,plex://movie/5d776d057a53e9001e74ed5d,,unmatched,Avatar
no movie match,0,F:\MediaStack\data\media\movies\Avatar - The Way of Water (2022)\Avatar The Way of Water (2022) [Bluray-1080p] {imdb-tt1630029}.mp4,,,movie,imdb://tt1630029,,unmatched,Avatar: The Way of Water
no movie match,0,F:\MediaStack\data\media\movies\The Avengers (2012)\The Avengers (2012) [Bluray-1080p Proper] {imdb-tt0848228}.mkv,,,movie,imdb://tt0848228,,unmatched,The Avengers
no movie match,0,F:\MediaStack\data\media\movies\Avengers - Age of Ultron (2015)\Avengers Age of Ultron (2015) [Bluray-1080p] {imdb-tt2395427}.mkv,,,movie,imdb://tt2395427,,unmatched,Avengers: Age of Ultron
no movie match,0,F:\MediaStack\data\media\movies\Avengers - Endgame (2019)\Avengers Endgame (2019) [Bluray-1080p] {imdb-tt4154796}.mkv,,,movie,imdb://tt4154796,,unmatched,Avengers: Endgame
no movie match,0,F:\MediaStack\data\media\movies\Avengers - Infinity War (2018)\Avengers Infinity War (2018) [Bluray-1080p Proper] {imdb-tt4154756}.mkv,,,movie,imdb://tt4154756,,unmatched,Avengers: Infinity War
no movie match,0,F:\MediaStack\data\media\movies\The Aviator (2004)\The Aviator (2004) [Bluray-1080p] {imdb-tt0338751}.mkv,,,movie,imdb://tt0338751,,unmatched,The Aviator
no movie match,0,F:\MediaStack\data\media\movies\Babe - Pig in the City (1998)\Babe Pig in the City (1998) [Bluray-1080p Proper] {imdb-tt0120595}.mp4,,,movie,imdb://tt0120595,,unmatched,Babe: Pig in the City
no movie match,0,F:\MediaStack\data\media\movies\Baby Geniuses (1999)\Baby Geniuses (1999) [WEBDL-720p] {imdb-tt0118665}.mkv,,,movie,imdb://tt0118665,,unmatched,Baby Geniuses
no movie match,0,F:\MediaStack\data\media\movies\The Baby-Sitters Club (1995)\The Baby-Sitters Club (1995) [WEBRip-1080p] {imdb-tt0112435}.mkv,,,movie,imdb://tt0112435,,unmatched,The Baby-Sitters Club
ambiguous movie title match,0,F:\MediaStack\data\media\movies\Bad Boys (1995)\Bad Boys (1995) [Bluray-1080p] {imdb-tt0112442}.mkv,,,movie,imdb://tt0112442,,unmatched,Bad Boys
no movie match,0,F:\MediaStack\data\media\movies\Bad Company (2002)\Bad Company (2002) [WEBRip-1080p] {imdb-tt0280486}.mp4,,,movie,imdb://tt0280486,,unmatched,Bad Company
no movie match,0,F:\MediaStack\data\media\movies\Apocalypto (2006)\Apocalypto (2006) [Bluray-1080p] {imdb-tt0472043}.mp4,,,movie,imdb://tt0472043,,unmatched,Apocalypto
no movie match,0,F:\MediaStack\data\media\movies\Apollo 13 (1995)\Apollo 13 (1995) [Bluray-1080p] {imdb-tt0112384}.mkv,,,movie,imdb://tt0112384,,unmatched,Apollo 13
no movie match,0,F:\MediaStack\data\media\movies\Aquaman (2018)\Aquaman (2018) [Bluray-1080p] {imdb-tt1477834}.mkv,,,movie,imdb://tt1477834,,unmatched,Aquaman
no movie match,0,F:\MediaStack\data\media\movies\Aquaman and the Lost Kingdom (2023)\Aquaman and the Lost Kingdom (2023) [Bluray-1080p] {imdb-tt9663764}.mp4,,,movie,imdb://tt9663764,,unmatched,Aquaman and the Lost Kingdom
no movie match,0,F:\MediaStack\data\media\movies\Aquamarine (2006)\Aquamarine (2006) [Bluray-1080p] {imdb-tt0429591}.mkv,,,movie,imdb://tt0429591,,unmatched,Aquamarine
no movie match,0,F:\MediaStack\data\media\movies\Arachnophobia (1990)\Arachnophobia (1990) [Bluray-1080p] {imdb-tt0099052}.mkv,,,movie,imdb://tt0099052,,unmatched,Arachnophobia
no movie match,0,F:\MediaStack\data\media\movies\The Aristocats (1970)\The Aristocats (1970) [Bluray-1080p] {imdb-tt0065421}.mkv,,,movie,imdb://tt0065421,,unmatched,The AristoCats
no movie match,0,F:\MediaStack\data\media\movies\Armageddon (1998)\Armageddon (1998) [Bluray-1080p] {imdb-tt0120591}.mkv,,,movie,imdb://tt0120591,,unmatched,Armageddon
no movie match,0,F:\MediaStack\data\media\movies\Arsenic and Old Lace (1944)\Arsenic and Old Lace (1944) [Bluray-1080p] {imdb-tt0036613}.mp4,,,movie,imdb://tt0036613,,unmatched,Arsenic and Old Lace
no movie match,0,F:\MediaStack\data\media\movies\The Assassination of Jesse James by the Coward Robert Ford (2007)\The Assassination of Jesse James by the Coward Robert Ford (2007) [Bluray-1080p] {imdb-tt0443680}.mkv,,,movie,imdb://tt0443680,,unmatched,The Assassination of Jesse James by the Coward Robert Ford
no movie match,0,F:\MediaStack\data\media\movies\Atlantis - Milo's Return (2003)\Atlantis Milos Return (2003) [Bluray-1080p] {imdb-tt0344864}.mkv,,,movie,imdb://tt0344864,,unmatched,Atlantis: Milo's Return
no movie match,0,F:\MediaStack\data\media\movies\Atlantis - The Lost Empire (2001)\Atlantis The Lost Empire (2001) [Bluray-1080p] {imdb-tt0230011}.mkv,,,movie,imdb://tt0230011,,unmatched,Atlantis: The Lost Empire
no movie match,0,F:\MediaStack\data\media\movies\August Rush (2007)\August Rush (2007) [Bluray-1080p] {imdb-tt0426931}.mkv,,,movie,imdb://tt0426931,,unmatched,August Rush
no movie match,0,F:\MediaStack\data\media\movies\Austin Powers in Goldmember (2002)\Austin Powers in Goldmember (2002) [Bluray-1080p] {imdb-tt0295178}.mp4,,,movie,imdb://tt0295178,,unmatched,Austin Powers in Goldmember
no movie match,0,F:\MediaStack\data\media\movies\Austin Powers - International Man of Mystery (1997)\Austin Powers International Man of Mystery (1997) [Bluray-1080p] {imdb-tt0118655}.mp4,,,movie,imdb://tt0118655,,unmatched,Austin Powers: International Man of Mystery
no movie match,0,F:\MediaStack\data\media\movies\An American Tail - The Treasure of Manhattan Island (1998)\An American Tail The Treasure of Manhattan Island (1998) [WEBDL-1080p] {imdb-tt0166973}.mkv,,,movie,imdb://tt0166973,,unmatched,An American Tail: The Treasure of Manhattan Island
no movie match,0,F:\MediaStack\data\media\movies\American Underdog (2021)\American Underdog (2021) [Bluray-1080p] {imdb-tt11729298}.mkv,,,movie,imdb://tt11729298,,unmatched,American Underdog
no movie match,0,F:\MediaStack\data\media\movies\The American West of John Ford (1971)\The American West of John Ford (1971) [WEBDL-480p] {imdb-tt0066759}.mkv,,,movie,imdb://tt0066759,,unmatched,The American West of John Ford
no movie match,0,F:\MediaStack\data\media\movies\Anastasia (1997)\Anastasia (1997) [Bluray-1080p] {imdb-tt0118617}.mp4,,,movie,imdb://tt0118617,,unmatched,Anastasia
no movie match,0,F:\MediaStack\data\media\movies\Anatomy of a Murder (1959)\Anatomy of a Murder (1959) [Bluray-1080p] {imdb-tt0052561}.mkv,,,movie,imdb://tt0052561,,unmatched,Anatomy of a Murder
no movie match,0,F:\MediaStack\data\media\movies\Andre (1994)\Andre (1994) [DVD] {imdb-tt0109120}.mp4,,,movie,imdb://tt0109120,,unmatched,Andre
no movie match,0,F:\MediaStack\data\media\movies\Angel and the Badman (1947)\Angel and the Badman (1947) [WEBDL-480p] {imdb-tt0039152}.mkv,,,movie,imdb://tt0039152,,unmatched,Angel and the Badman
no movie match,0,F:\MediaStack\data\media\movies\Angels & Demons (2009)\Angels and Demons (2009) [Bluray-1080p] {imdb-tt0808151}.mp4,,,movie,imdb://tt0808151,,unmatched,Angels & Demons
no movie match,0,F:\MediaStack\data\media\movies\Angels in the Outfield (1994)\Angels in the Outfield (1994) [WEBDL-1080p] {imdb-tt0109127}.mkv,,,movie,imdb://tt0109127,,unmatched,Angels in the Outfield
no movie match,0,"F:\MediaStack\data\media\movies\Angus, Thongs and Perfect Snogging (2008)\Angus Thongs and Perfect Snogging (2008) [WEBDL-720p] {imdb-tt0963743}.mkv",,,movie,imdb://tt0963743,,unmatched,"Angus, Thongs and Perfect Snogging"
no movie match,0,F:\MediaStack\data\media\movies\Annapolis (2006)\Annapolis (2006) [Bluray-1080p] {imdb-tt0417433}.mp4,,,movie,imdb://tt0417433,,unmatched,Annapolis
ambiguous movie title match,0,F:\MediaStack\data\media\movies\Annie (1982)\Annie (1982) [Bluray-1080p] {imdb-tt0083564}.mkv,,,movie,imdb://tt0083564,,unmatched,Annie
ambiguous movie title match,0,F:\MediaStack\data\media\movies\Annie (2014)\Annie (2014) [Bluray-1080p] {imdb-tt1823664}.mp4,,,movie,imdb://tt1823664,,unmatched,Annie
no movie match,0,F:\MediaStack\data\media\movies\Ant-Man (2015)\Ant-Man (2015) [Bluray-1080p] {imdb-tt0478970}.mkv,,,movie,imdb://tt0478970,,unmatched,Ant-Man
no movie match,0,F:\MediaStack\data\media\movies\Ant-Man and the Wasp (2018)\Ant-Man and the Wasp (2018) [Bluray-1080p] {imdb-tt5095030}.mp4,,,movie,imdb://tt5095030,,unmatched,Ant-Man and the Wasp
no movie match,0,F:\MediaStack\data\media\movies\Ant-Man and the Wasp - Quantumania (2023)\Ant-Man and the Wasp Quantumania (2023) [Bluray-1080p] {imdb-tt10954600}.mkv,,,movie,imdb://tt10954600,,unmatched,Ant-Man and the Wasp: Quantumania
no movie match,0,F:\MediaStack\data\media\movies\Antz (1998)\Antz (1998) [Bluray-1080p] {imdb-tt0120587}.mp4,,,movie,imdb://tt0120587,,unmatched,Antz
no movie match,0,F:\MediaStack\data\media\movies\Any Given Sunday (1999)\Any Given Sunday (1999) [WEBDL-1080p] {imdb-tt0146838}.mkv,,,movie,imdb://tt0146838,,unmatched,Any Given Sunday
no movie match,0,F:\MediaStack\data\media\movies\The Apartment (1960)\The Apartment (1960) [Bluray-1080p] {imdb-tt0053604}.mkv,,,movie,imdb://tt0053604,,unmatched,The Apartment
no movie match,0,F:\MediaStack\data\media\movies\All the King's Men (2006)\All the Kings Men (2006) [Bluray-1080p] {imdb-tt0405676}.mp4,,,movie,imdb://tt0405676,,unmatched,All the King's Men
no movie match,0,F:\MediaStack\data\media\movies\All the President's Men (1976)\All the Presidents Men (1976) [Bluray-1080p] {imdb-tt0074119}.mp4,,,movie,imdb://tt0074119,,unmatched,All the President's Men
no movie match,0,F:\MediaStack\data\media\movies\All the Right Moves (1983)\All the Right Moves (1983) [Bluray-1080p] {imdb-tt0085154}.mp4,,,movie,imdb://tt0085154,,unmatched,All the Right Moves
no movie match,0,F:\MediaStack\data\media\movies\Alvin and the Chipmunks (2007)\Alvin and the Chipmunks (2007) [Bluray-1080p] {imdb-tt0952640}.mp4,,,movie,imdb://tt0952640,,unmatched,Alvin and the Chipmunks
no movie match,0,F:\MediaStack\data\media\movies\Alvin and the Chipmunks - The Squeakquel (2009)\Alvin and the Chipmunks The Squeakquel (2009) [Bluray-1080p] {imdb-tt1231580}.mp4,,,movie,imdb://tt1231580,,unmatched,Alvin and the Chipmunks: The Squeakquel
no movie match,0,F:\MediaStack\data\media\movies\Always (1989)\Always (1989) [Bluray-1080p] {imdb-tt0096794}.mp4,,,movie,imdb://tt0096794,,unmatched,Always
no movie match,0,F:\MediaStack\data\media\movies\Amadeus (1984)\Amadeus (1984) [Bluray-1080p] {imdb-tt0086879}.mkv,,,movie,imdb://tt0086879,,unmatched,Amadeus
no movie match,0,F:\MediaStack\data\media\movies\Amélie (2001)\Amelie (2001) [Bluray-1080p] {imdb-tt0211915}.mkv,,,movie,imdb://tt0211915,,unmatched,Amélie
no movie match,0,F:\MediaStack\data\media\movies\America's Sweethearts (2001)\Americas Sweethearts (2001) [Bluray-1080p] {imdb-tt0265029}.mkv,,,movie,imdb://tt0265029,,unmatched,America's Sweethearts
no movie match,0,F:\MediaStack\data\media\movies\The American President (1995)\The American President (1995) [Bluray-1080p] {imdb-tt0112346}.mkv,,,movie,imdb://tt0112346,,unmatched,The American President
no movie match,0,F:\MediaStack\data\media\movies\American Sniper (2014)\American Sniper (2014) [Bluray-1080p] {imdb-tt2179136}.mp4,,,movie,imdb://tt2179136,,unmatched,American Sniper
no movie match,0,F:\MediaStack\data\media\movies\An American Tail (1986)\An American Tail (1986) [Bluray-1080p] {imdb-tt0090633}.mp4,,,movie,imdb://tt0090633,,unmatched,An American Tail
no movie match,0,F:\MediaStack\data\media\movies\An American Tail - Fievel Goes West (1991)\An American Tail Fievel Goes West (1991) [Bluray-1080p] {imdb-tt0101329}.mkv,,,movie,imdb://tt0101329,,unmatched,An American Tail: Fievel Goes West
no movie match,0,F:\MediaStack\data\media\movies\An American Tail - The Mystery of the Night Monster (1999)\An American Tail The Mystery of the Night Monster (1999) [WEBDL-1080p] {imdb-tt0197230}.mkv,,,movie,imdb://tt0197230,,unmatched,An American Tail: The Mystery of the Night Monster
no movie match,0,F:\MediaStack\data\media\movies\Air Bud (1997)\Air Bud (1997) [WEBDL-1080p] {imdb-tt0118570}.mkv,,,movie,imdb://tt0118570,,unmatched,Air Bud
no movie match,0,F:\MediaStack\data\media\movies\Air Bud - Golden Receiver (1998)\Air Bud Golden Receiver (1998) [HDTV-720p] {imdb-tt0140796}.mp4,,,movie,imdb://tt0140796,,unmatched,Air Bud: Golden Receiver
no movie match,0,F:\MediaStack\data\media\movies\Air Bud - Spikes Back (2003)\Air Bud Spikes Back (2003) [WEBDL-1080p] {imdb-tt0337812}.mkv,,,movie,imdb://tt0337812,,unmatched,Air Bud: Spikes Back
no movie match,0,F:\MediaStack\data\media\movies\Air Bud - World Pup (2001)\Air Bud World Pup (2001) [WEBDL-1080p] {imdb-tt0161220}.mkv,,,movie,imdb://tt0161220,,unmatched,Air Bud: World Pup
no movie match,0,F:\MediaStack\data\media\movies\Air Force One (1997)\Air Force One (1997) [Bluray-1080p] {imdb-tt0118571}.mp4,,,movie,imdb://tt0118571,,unmatched,Air Force One
no movie match,0,F:\MediaStack\data\media\movies\Aladdin (1992)\Aladdin (1992) [Bluray-1080p Proper] {imdb-tt0103639}.mp4,,,movie,imdb://tt0103639,,unmatched,Aladdin
no movie match,0,F:\MediaStack\data\media\movies\Aladdin (2019)\Aladdin (2019) [Bluray-1080p] {imdb-tt6139732}.mkv,,,movie,imdb://tt6139732,,unmatched,Aladdin
no movie match,0,F:\MediaStack\data\media\movies\Alaska (1996)\Alaska (1996) [DVD] {imdb-tt0115493}.avi,,,movie,imdb://tt0115493,,unmatched,Alaska
no movie match,0,F:\MediaStack\data\media\movies\Alex Cross (2012)\Alex Cross (2012) [Bluray-1080p] {imdb-tt1712170}.mp4,,,movie,imdb://tt1712170,,unmatched,Alex Cross
no movie match,0,F:\MediaStack\data\media\movies\Alexander (2004)\Alexander (2004) [Bluray-1080p] {imdb-tt0346491}.mkv,,,movie,imdb://tt0346491,,unmatched,Alexander
no movie match,0,"F:\MediaStack\data\media\movies\Alexander and the Terrible, Horrible, No Good, Very Bad Day (2014)\Alexander and the Terrible Horrible No Good Very Bad Day (2014) [Bluray-1080p] {imdb-tt1698641}.mkv",,,movie,imdb://tt1698641,,unmatched,"Alexander and the Terrible, Horrible, No Good, Very Bad Day"
no movie match,0,F:\MediaStack\data\media\movies\Alice in Wonderland (1951)\Alice in Wonderland (1951) [Bluray-1080p] {imdb-tt0043274}.mkv,,,movie,imdb://tt0043274,,unmatched,Alice in Wonderland
no movie match,0,F:\MediaStack\data\media\movies\Alice in Wonderland (2010)\Alice in Wonderland (2010) [Bluray-1080p] {imdb-tt1014759}.mp4,,,movie,imdb://tt1014759,,unmatched,Alice in Wonderland
no movie match,0,F:\MediaStack\data\media\movies\Alien (1979)\Alien (1979) [Bluray-1080p] {imdb-tt0078748}.mp4,,,movie,imdb://tt0078748,,unmatched,Alien
no movie match,0,F:\MediaStack\data\media\movies\AVP - Alien vs. Predator (2004)\AVP Alien vs. Predator (2004) [Bluray-1080p] {imdb-tt0370263}.mkv,,,movie,imdb://tt0370263,,unmatched,Alien vs. Predator
no movie match,0,F:\MediaStack\data\media\movies\Alien - Covenant (2017)\Alien Covenant (2017) [Bluray-1080p] {imdb-tt2316204}.mkv,,,movie,imdb://tt2316204,,unmatched,Alien: Covenant
no movie match,0,F:\MediaStack\data\media\movies\Alien Resurrection (1997)\Alien Resurrection (1997) [Bluray-1080p] {imdb-tt0118583}.mkv,,,movie,imdb://tt0118583,,unmatched,Alien: Resurrection
no movie match,0,F:\MediaStack\data\media\movies\Alien - Romulus (2024)\Alien Romulus (2024) [Bluray-1080p] {imdb-tt18412256}.mkv,,,movie,imdb://tt18412256,,unmatched,Alien: Romulus
no movie match,0,F:\MediaStack\data\media\movies\Alien³ (1992)\Alien³ (1992) [Bluray-1080p] {imdb-tt0103644}.mp4,,,movie,imdb://tt0103644,,unmatched,Alien³
no movie match,0,F:\MediaStack\data\media\movies\Aliens (1986)\Aliens (1986) [Bluray-1080p] {imdb-tt0090605}.mp4,,,movie,imdb://tt0090605,,unmatched,Aliens
no movie match,0,F:\MediaStack\data\media\movies\Aliens in the Attic (2009)\Aliens in the Attic (2009) [Bluray-1080p] {imdb-tt0775552}.mp4,,,movie,imdb://tt0775552,,unmatched,Aliens in the Attic
no movie match,0,F:\MediaStack\data\media\movies\All About Eve (1950)\All About Eve (1950) [Bluray-1080p] {imdb-tt0042192}.mkv,,,movie,imdb://tt0042192,,unmatched,All About Eve
no movie match,0,F:\MediaStack\data\media\movies\All Dogs Go to Heaven 2 (1996)\All Dogs Go to Heaven 2 (1996) [Bluray-1080p] {imdb-tt0115509}.mkv,,,movie,imdb://tt0115509,,unmatched,All Dogs Go to Heaven 2
no movie match,0,F:\MediaStack\data\media\movies\All Is Lost (2013)\All Is Lost (2013) [Bluray-1080p] {imdb-tt2017038}.mkv,,,movie,imdb://tt2017038,,unmatched,All Is Lost
no movie match,0,F:\MediaStack\data\media\movies\A.I. Artificial Intelligence (2001)\A.I. Artificial Intelligence (2001) [Bluray-1080p] {imdb-tt0212720}.mkv,,,movie,imdb://tt0212720,,unmatched,A.I. Artificial Intelligence
no movie match,0,F:\MediaStack\data\media\movies\Ace Ventura - Pet Detective (1994)\Ace Ventura Pet Detective (1994) [Bluray-1080p] {imdb-tt0109040}.mkv,,,movie,imdb://tt0109040,,unmatched,Ace Ventura: Pet Detective
no movie match,0,F:\MediaStack\data\media\movies\Across the Universe (2007)\Across The Universe (2007) [Bluray-1080P] {Imdb-Tt0445922}.Clean.mp4,,,movie,local://25179,,unmatched,Across the Universe
no movie match,0,F:\MediaStack\data\media\movies\The Adventures of Huck Finn (1993)\The Adventures of Huck Finn (1993) [WEBDL-1080p] {imdb-tt0106223}.mkv,,,movie,imdb://tt0106223,,unmatched,The Adventures of Huck Finn
no movie match,0,F:\MediaStack\data\media\movies\The Adventures of Milo and Otis (1986)\The Adventures of Milo and Otis (1986) [Bluray-1080p] {imdb-tt0097050}.mkv,,,movie,imdb://tt0097050,,unmatched,The Adventures of Milo and Otis
no movie match,0,F:\MediaStack\data\media\movies\The Adventures of Sharkboy and Lavagirl (2005)\The Adventures of Sharkboy and Lavagirl (2005) [Bluray-1080p] {imdb-tt0424774}.mkv,,,movie,imdb://tt0424774,,unmatched,The Adventures of Sharkboy and Lavagirl 3-D
no movie match,0,F:\MediaStack\data\media\movies\The Adventures of Tintin (2011)\The Adventures of Tintin (2011) [Bluray-1080p] {imdb-tt0983193}.mkv,,,movie,imdb://tt0983193,,unmatched,The Adventures of Tintin
no movie match,0,F:\MediaStack\data\media\movies\Æon Flux (2005)\AEon Flux (2005) [WEBDL-1080p] {imdb-tt0402022}.mkv,,,movie,imdb://tt0402022,,unmatched,Aeon Flux
no movie match,0,F:\MediaStack\data\media\movies\An Affair to Remember (1957)\An Affair to Remember (1957) [Bluray-1080p] {imdb-tt0050105}.mp4,,,movie,imdb://tt0050105,,unmatched,An Affair to Remember
no movie match,0,F:\MediaStack\data\media\movies\After the Sunset (2004)\After the Sunset (2004) [Bluray-1080p] {imdb-tt0367479}.mp4,,,movie,imdb://tt0367479,,unmatched,After the Sunset
no movie match,0,F:\MediaStack\data\media\movies\The Age of Innocence (1993)\The Age of Innocence (1993) [Bluray-1080p] {imdb-tt0106226}.mkv,,,movie,imdb://tt0106226,,unmatched,The Age of Innocence
no movie match,0,F:\MediaStack\data\media\movies\Agent Cody Banks (2003)\Agent Cody Banks (2003) [DVD] {imdb-tt0313911}.mkv,,,movie,imdb://tt0313911,,unmatched,Agent Cody Banks
no movie match,0,F:\MediaStack\data\media\movies\Agent Cody Banks 2 - Destination London (2004)\Agent Cody Banks 2 Destination London (2004) [Bluray-1080p] {imdb-tt0358349}.mp4,,,movie,imdb://tt0358349,,unmatched,Agent Cody Banks 2: Destination London
ambiguous movie title match,0,F:\MediaStack\data\media\movies\Air (2023)\Air (2023) [Bluray-1080p] {imdb-tt16419074}.mkv,,,movie,imdb://tt16419074,,unmatched,Air
no movie match,0,F:\MediaStack\data\media\movies\12 Years a Slave (2013)\12 Years a Slave (2013) [Bluray-1080p] {imdb-tt2024544}.mkv,,,movie,imdb://tt2024544,,unmatched,12 Years a Slave
no movie match,0,F:\MediaStack\data\media\movies\12th Fail (2023)\12th Fail (2023) [WEBRip-1080p] {imdb-tt23849204}.mp4,,,movie,imdb://tt23849204,,unmatched,12th Fail
no movie match,0,F:\MediaStack\data\media\movies\13 Hours - The Secret Soldiers of Benghazi (2016)\13 Hours The Secret Soldiers of Benghazi (2016) [Bluray-1080p] {imdb-tt4172430}.mkv,,,movie,imdb://tt4172430,,unmatched,13 Hours
no movie match,0,F:\MediaStack\data\media\movies\The 13th Warrior (1999)\The 13th Warrior (1999) [Bluray-1080p] {imdb-tt0120657}.mkv,,,movie,imdb://tt0120657,,unmatched,The 13th Warrior
no movie match,0,F:\MediaStack\data\media\movies\The 15-17 to Paris (2018)\The 15-17 to Paris (2018) [WEBDL-1080p] {imdb-tt6802308}.mkv,,,movie,imdb://tt6802308,,unmatched,The 15:17 to Paris
no movie match,0,F:\MediaStack\data\media\movies\17 Again (2009)\17 Again (2009) [Bluray-1080p] {imdb-tt0974661}.mp4,,,movie,imdb://tt0974661,,unmatched,17 Again
no movie match,0,F:\MediaStack\data\media\movies\17 Miracles (2011)\17 Miracles (2011) [Bluray-1080p] {imdb-tt1909270}.mp4,,,movie,imdb://tt1909270,,unmatched,17 Miracles
no movie match,0,F:\MediaStack\data\media\movies\27 Dresses (2008)\27 Dresses (2008) [WEBDL-1080p] {imdb-tt0988595}.mkv,,,movie,imdb://tt0988595,,unmatched,27 Dresses
no movie match,0,F:\MediaStack\data\media\movies\The 33 (2015)\The 33 (2015) [Bluray-1080p] {imdb-tt2006295}.mp4,,,movie,imdb://tt2006295,,unmatched,The 33
no movie match,0,F:\MediaStack\data\media\movies\42 (2013)\42 (2013) [Bluray-1080p] {imdb-tt0453562}.mp4,,,movie,imdb://tt0453562,,unmatched,42
no movie match,0,F:\MediaStack\data\media\movies\101 Dalmatians (1996)\101 Dalmatians (1996) [WEBDL-1080p] {imdb-tt0115433}.mkv,,,movie,imdb://tt0115433,,unmatched,101 Dalmatians
no movie match,0,F:\MediaStack\data\media\movies\101 Dalmatians II - Patch's London Adventure (2003)\101 Dalmatians II Patchs London Adventure (2003) [Bluray-1080p] {imdb-tt0324941}.mkv,,,movie,imdb://tt0324941,,unmatched,101 Dalmatians 2: Patch's London Adventure
no movie match,0,F:\MediaStack\data\media\movies\102 Dalmatians (2000)\102 Dalmatians (2000) [WEBDL-1080p] {imdb-tt0211181}.mkv,,,movie,imdb://tt0211181,,unmatched,102 Dalmatians
no movie match,0,F:\MediaStack\data\media\movies\127 Hours (2010)\127 Hours (2010) [Bluray-1080p] {imdb-tt1542344}.mkv,,,movie,imdb://tt1542344,,unmatched,127 Hours
no movie match,0,F:\MediaStack\data\media\movies\(500) Days of Summer (2009)\500 Days of Summer (2009) [Bluray-1080p] {imdb-tt1022603}.mkv,,,movie,imdb://tt1022603,,unmatched,500 Days of Summer
no movie match,0,F:\MediaStack\data\media\movies\2001 - A Space Odyssey (1968)\2001 A Space Odyssey (1968) [Bluray-1080p] {imdb-tt0062622}.mkv,,,movie,imdb://tt0062622,,unmatched,2001: A Space Odyssey
no movie match,0,F:\MediaStack\data\media\movies\3 Idiots (2009)\3 Idiots (2009) [Bluray-1080p] {imdb-tt1187043}.mp4,,,movie,imdb://tt1187043,,unmatched,3 Idiots
no movie match,0,F:\MediaStack\data\media\movies\8 Seconds (1994)\8 Seconds (1994) [WEBDL-1080p] {imdb-tt0109021}.mkv,,,movie,imdb://tt0109021,,unmatched,8 Seconds
no movie match,0,F:\MediaStack\data\media\movies\8-Bit Christmas (2021)\8-Bit Christmas (2021) [WEBDL-1080p] {imdb-tt11540284}.mkv,,,movie,imdb://tt11540284,,unmatched,8-Bit Christmas
no movie match,0,F:\MediaStack\data\media\movies\9 (2009)\9 (2009) [Bluray-1080p] {imdb-tt0472033}.mp4,,,movie,imdb://tt0472033,,unmatched,9
no movie match,0,F:\MediaStack\data\media\movies\10 Things I Hate About You (1999)\10 Things I Hate About You (1999) [Bluray-1080p] {imdb-tt0147800}.mp4,,,movie,imdb://tt0147800,,unmatched,10 Things I Hate About You
no movie match,0,"F:\MediaStack\data\media\movies\10,000 BC (2008)\10,000 BC (2008) [Bluray-1080p] {imdb-tt0443649}.mkv",,,movie,imdb://tt0443649,,unmatched,"10,000 BC"
no movie match,0,F:\MediaStack\data\media\movies\12 Angry Men (1957)\12 Angry Men (1957) [Bluray-1080p] {imdb-tt0050083}.mkv,,,movie,imdb://tt0050083,,unmatched,12 Angry Men
media directory does not exist,0,F:\MediaStack\data\media\movies\Jackass - The Movie (2002)\Jackass The Movie (2002) [WEBDL-480p] {imdb-tt0322802}.mkv,,,movie,imdb://tt0322802,,skipped,Jackass: The Movie
media directory does not exist,0,F:\MediaStack\data\media\movies\The 40 Year Old Virgin (2005)\The 40 Year Old Virgin (2005) [Bluray-1080p Proper] {imdb-tt0405422}.mkv,,,movie,imdb://tt0405422,,skipped,The 40-Year-Old Virgin
