plex_guid,file_path,media_type,title,status,detail,matched_media_id,matched_slug,sidecar_path,event_count
imdb://tt0499549,F:\MediaStack\data\media\movies\Avatar (2009)\Avatar (2009) [Bluray-1080p] {imdb-tt0499549}.mkv,movie,Avatar,unmatched,no movie match,,,,0
imdb://tt4792754,F:\MediaStack\data\media\tv\Your Lie in April\Season 01\Your Lie in April - S01E21 - Snow.mkv,episode,Your Lie in April – Season 1 – Snow,unmatched,missing episode match metadata,,,,0
imdb://tt4792756,F:\MediaStack\data\media\tv\Your Lie in April\Season 01\Your Lie in April - S01E22 - Spring Breeze.mkv,episode,Your Lie in April – Season 1 – Spring Wind,unmatched,missing episode match metadata,,,,0
imdb://tt1358097,F:\MediaStack\data\media\tv\The Universe\Season 03\The Universe - S03E08 - Stopping Armageddon.mkv,episode,The Universe – Season 3 – Stopping Armageddon,unmatched,missing episode match metadata,,,,0
imdb://tt1358094,F:\MediaStack\data\media\tv\The Universe\Season 03\The Universe - S03E09 - Another Earth.mkv,episode,The Universe – Season 3 – Another Earth,unmatched,missing episode match metadata,,,,0
imdb://tt1333586,F:\MediaStack\data\media\tv\The Universe\Season 03\The Universe - S03E10 - Strangest Things.mkv,episode,The Universe – Season 3 – Strangest Things,unmatched,missing episode match metadata,,,,0
imdb://tt1380708,F:\MediaStack\data\media\tv\The Universe\Season 03\The Universe - S03E11 - Edge of Space.mkv,episode,The Universe – Season 3 – Edge of Space,unmatched,missing episode match metadata,,,,0
imdb://tt1356506,F:\MediaStack\data\media\tv\The Universe\Season 03\The Universe - S03E12 - Cosmic Phenomena.mkv,episode,The Universe – Season 3 – Cosmic Phenomena,unmatched,missing episode match metadata,,,,0
imdb://tt4138088,F:\MediaStack\data\media\tv\Your Lie in April\Season 01\Your Lie in April - S01E01 - Monotone+Colorful.mkv,episode,Your Lie in April – Season 1 – Monotone / Colorful,unmatched,missing episode match metadata,,,,0
imdb://tt4138126,F:\MediaStack\data\media\tv\Your Lie in April\Season 01\Your Lie in April - S01E02 - Friend A.mkv,episode,Your Lie in April – Season 1 – Friend A,unmatched,missing episode match metadata,,,,0
imdb://tt4138154,F:\MediaStack\data\media\tv\Your Lie in April\Season 01\Your Lie in April - S01E03 - Inside Spring.mkv,episode,Your Lie in April – Season 1 – Inside Spring,unmatched,missing episode match metadata,,,,0
imdb://tt4162578,F:\MediaStack\data\media\tv\Your Lie in April\Season 01\Your Lie in April - S01E04 - Set Out.mkv,episode,Your Lie in April – Season 1 – Departure,unmatched,missing episode match metadata,,,,0
imdb://tt4180850,F:\MediaStack\data\media\tv\Your Lie in April\Season 01\Your Lie in April - S01E05 - Gray Skies.mkv,episode,Your Lie in April – Season 1 – Gray Skies,unmatched,missing episode match metadata,,,,0
imdb://tt4196914,F:\MediaStack\data\media\tv\Your Lie in April\Season 01\Your Lie in April - S01E06 - On The Way Home.mkv,episode,Your Lie in April – Season 1 – On the Way Home,unmatched,missing episode match metadata,,,,0
imdb://tt4200352,F:\MediaStack\data\media\tv\Your Lie in April\Season 01\Your Lie in April - S01E07 - The Shadows Whisper.mkv,episode,Your Lie in April – Season 1 – The Shadows Whisper,unmatched,missing episode match metadata,,,,0
imdb://tt4200354,F:\MediaStack\data\media\tv\Your Lie in April\Season 01\Your Lie in April - S01E08 - Let It Ring.mkv,episode,Your Lie in April – Season 1 – Let It Ring,unmatched,missing episode match metadata,,,,0
imdb://tt4233402,F:\MediaStack\data\media\tv\Your Lie in April\Season 01\Your Lie in April - S01E09 - Resonance.mkv,episode,Your Lie in April – Season 1 – Resonance,unmatched,missing episode match metadata,,,,0
imdb://tt4233404,F:\MediaStack\data\media\tv\Your Lie in April\Season 01\Your Lie in April - S01E10 - The Scenery I Shared With You.mkv,episode,Your Lie in April – Season 1 – The Scenery I Shared with You,unmatched,missing episode match metadata,,,,0
imdb://tt4233406,F:\MediaStack\data\media\tv\Your Lie in April\Season 01\Your Lie in April - S01E11 - Light of Life.mkv,episode,Your Lie in April – Season 1 – Light of Life,unmatched,missing episode match metadata,,,,0
imdb://tt4294374,F:\MediaStack\data\media\tv\Your Lie in April\Season 01\Your Lie in April - S01E12 - Twinkle Little Star.mkv,episode,Your Lie in April – Season 1 – Twinkle Twinkle Little Star,unmatched,missing episode match metadata,,,,0
imdb://tt4294384,F:\MediaStack\data\media\tv\Your Lie in April\Season 01\Your Lie in April - S01E13 - Love's Sadness.mkv,episode,Your Lie in April – Season 1 – Love's Sorrow,unmatched,missing episode match metadata,,,,0
imdb://tt4294388,F:\MediaStack\data\media\tv\Your Lie in April\Season 01\Your Lie in April - S01E14 - Footprints.mkv,episode,Your Lie in April – Season 1 – Footsteps,unmatched,missing episode match metadata,,,,0
imdb://tt4384848,F:\MediaStack\data\media\tv\Your Lie in April\Season 01\Your Lie in April - S01E15 - Liar.mkv,episode,Your Lie in April – Season 1 – Liar,unmatched,missing episode match metadata,,,,0
imdb://tt4384854,F:\MediaStack\data\media\tv\Your Lie in April\Season 01\Your Lie in April - S01E16 - Two of a Kind.mkv,episode,Your Lie in April – Season 1 – Two of a Kind,unmatched,missing episode match metadata,,,,0
imdb://tt4384860,F:\MediaStack\data\media\tv\Your Lie in April\Season 01\Your Lie in April - S01E17 - Twilight.mkv,episode,Your Lie in April – Season 1 – Twilight,unmatched,missing episode match metadata,,,,0
imdb://tt4384864,F:\MediaStack\data\media\tv\Your Lie in April\Season 01\Your Lie in April - S01E18 - When Hearts Come Together.mkv,episode,Your Lie in April – Season 1 – Hearts Come Together,unmatched,missing episode match metadata,,,,0
imdb://tt4792750,"F:\MediaStack\data\media\tv\Your Lie in April\Season 01\Your Lie in April - S01E19 - Goodbye, Hero.mkv",episode,"Your Lie in April – Season 1 – Goodbye, Hero",unmatched,missing episode match metadata,,,,0
imdb://tt4792752,F:\MediaStack\data\media\tv\Your Lie in April\Season 01\Your Lie in April - S01E20 - Hand in Hand.mkv,episode,Your Lie in April – Season 1 – Hand in Hand,unmatched,missing episode match metadata,,,,0
imdb://tt1119104,F:\MediaStack\data\media\tv\The Universe\Season 02\The Universe - S02E01 - Alien Planets.mkv,episode,The Universe – Season 2 – Alien Planets,unmatched,missing episode match metadata,,,,0
imdb://tt1119109,F:\MediaStack\data\media\tv\The Universe\Season 02\The Universe - S02E02 - Cosmic Holes.mkv,episode,The Universe – Season 2 – Cosmic Holes,unmatched,missing episode match metadata,,,,0
imdb://tt1119110,F:\MediaStack\data\media\tv\The Universe\Season 02\The Universe - S02E03 - Mysteries of the Moon.mkv,episode,The Universe – Season 2 – Mysteries of the Moon,unmatched,missing episode match metadata,,,,0
imdb://tt1119111,F:\MediaStack\data\media\tv\The Universe\Season 02\The Universe - S02E04 - The Milky Way.mkv,episode,The Universe – Season 2 – The Milky Way,unmatched,missing episode match metadata,,,,0
imdb://tt1119112,F:\MediaStack\data\media\tv\The Universe\Season 02\The Universe - S02E05 - Alien Moons.mkv,episode,The Universe – Season 2 – Alien Moons,unmatched,missing episode match metadata,,,,0
imdb://tt1119113,F:\MediaStack\data\media\tv\The Universe\Season 02\The Universe - S02E06 - Dark Matter.mkv,episode,The Universe – Season 2 – Dark Matter,unmatched,missing episode match metadata,,,,0
imdb://tt1119114,F:\MediaStack\data\media\tv\The Universe\Season 02\The Universe - S02E07 - Astrobiology.mkv,episode,The Universe – Season 2 – Astrobiology,unmatched,missing episode match metadata,,,,0
imdb://tt1119115,F:\MediaStack\data\media\tv\The Universe\Season 02\The Universe - S02E08 - Space Travel.mkv,episode,The Universe – Season 2 – Space Travel,unmatched,missing episode match metadata,,,,0
imdb://tt1119116,F:\MediaStack\data\media\tv\The Universe\Season 02\The Universe - S02E09 - Supernovas.mkv,episode,The Universe – Season 2 – Supernovas,unmatched,missing episode match metadata,,,,0
imdb://tt1119105,F:\MediaStack\data\media\tv\The Universe\Season 02\The Universe - S02E10 - Constellations.mkv,episode,The Universe – Season 2 – Constellations,unmatched,missing episode match metadata,,,,0
imdb://tt1119106,F:\MediaStack\data\media\tv\The Universe\Season 02\The Universe - S02E11 - Unexplained Mysteries.mkv,episode,The Universe – Season 2 – Unexplained Mysteries,unmatched,missing episode match metadata,,,,0
imdb://tt1119107,F:\MediaStack\data\media\tv\The Universe\Season 02\The Universe - S02E12 - Cosmic Collisions.mkv,episode,The Universe – Season 2 – Cosmic Collisions,unmatched,missing episode match metadata,,,,0
imdb://tt1119108,F:\MediaStack\data\media\tv\The Universe\Season 02\The Universe - S02E13 - Colonizing Space.mkv,episode,The Universe – Season 2 – Colonizing Space,unmatched,missing episode match metadata,,,,0
imdb://tt1208575,F:\MediaStack\data\media\tv\The Universe\Season 02\The Universe - S02E14 - Nebulas.mkv,episode,The Universe – Season 2 – Nebulas,unmatched,missing episode match metadata,,,,0
imdb://tt1208577,F:\MediaStack\data\media\tv\The Universe\Season 02\The Universe - S02E15 - Wildest Weather in the Cosmos.mkv,episode,The Universe – Season 2 – Wildest Weather in the Cosmos,unmatched,missing episode match metadata,,,,0
imdb://tt1209273,F:\MediaStack\data\media\tv\The Universe\Season 02\The Universe - S02E16 - Biggest Things in Space.mkv,episode,The Universe – Season 2 – Biggest Things in Space,unmatched,missing episode match metadata,,,,0
imdb://tt1208574,F:\MediaStack\data\media\tv\The Universe\Season 02\The Universe - S02E17 - Gravity.mkv,episode,The Universe – Season 2 – Gravity,unmatched,missing episode match metadata,,,,0
imdb://tt1246716,F:\MediaStack\data\media\tv\The Universe\Season 02\The Universe - S02E18 - Cosmic Apocalypse.mkv,episode,The Universe – Season 2 – Cosmic Apocalypse,unmatched,missing episode match metadata,,,,0
local://24953,F:\MediaStack\data\media\tv\The Universe\Season 2\The Universe - S02E19 - Backyard Astronomers.mkv,episode,The Universe – Season 2 – Episode 19,unmatched,missing episode match metadata,,,,0
imdb://tt1331969,F:\MediaStack\data\media\tv\The Universe\Season 03\The Universe - S03E01 - Deep Space Disasters.mkv,episode,The Universe – Season 3 – Deep Space Disasters,unmatched,missing episode match metadata,,,,0
imdb://tt1331971,F:\MediaStack\data\media\tv\The Universe\Season 03\The Universe - S03E02 - Parallel Universes.mkv,episode,The Universe – Season 3 – Parallel Universes,unmatched,missing episode match metadata,,,,0
imdb://tt1331970,F:\MediaStack\data\media\tv\The Universe\Season 03\The Universe - S03E03 - Light Speed.mkv,episode,The Universe – Season 3 – Light Speed,unmatched,missing episode match metadata,,,,0
imdb://tt1331972,F:\MediaStack\data\media\tv\The Universe\Season 03\The Universe - S03E04 - Sex In Space.mkv,episode,The Universe – Season 3 – Sex in Space,unmatched,missing episode match metadata,,,,0
imdb://tt1358093,F:\MediaStack\data\media\tv\The Universe\Season 03\The Universe - S03E05 - Alien Faces.mkv,episode,The Universe – Season 3 – Alien Faces,unmatched,missing episode match metadata,,,,0
imdb://tt1358095,F:\MediaStack\data\media\tv\The Universe\Season 03\The Universe - S03E06 - Deadly Comets and Meteors.mkv,episode,The Universe – Season 3 – Deadly Comets and Meteors,unmatched,missing episode match metadata,,,,0
imdb://tt1358096,F:\MediaStack\data\media\tv\The Universe\Season 03\The Universe - S03E07 - Living in Space.mkv,episode,The Universe – Season 3 – Living in Space,unmatched,missing episode match metadata,,,,0
imdb://tt19655944,F:\MediaStack\data\media\tv\Ted Lasso\Season 03\Ted Lasso - S03E04 - Big Week.Clean.mkv,episode,Ted Lasso – Season 3 – Big Week,unmatched,missing episode match metadata,,,,0
imdb://tt19655882,F:\MediaStack\data\media\tv\Ted Lasso\Season 03\Ted Lasso - S03E05 - Signs.Clean.mkv,episode,Ted Lasso – Season 3 – Signs,unmatched,missing episode match metadata,,,,0
imdb://tt19655884,F:\MediaStack\data\media\tv\Ted Lasso\Season 03\Ted Lasso - S03E06 - Sunflowers.Clean.mkv,episode,Ted Lasso – Season 3 – Sunflowers,unmatched,missing episode match metadata,,,,0
imdb://tt19712480,F:\MediaStack\data\media\tv\Ted Lasso\Season 03\Ted Lasso - S03E07 - The Strings That Bind Us.Clean.mkv,episode,Ted Lasso – Season 3 – The Strings That Bind Us,unmatched,missing episode match metadata,,,,0
imdb://tt19712482,F:\MediaStack\data\media\tv\Ted Lasso\Season 03\Ted Lasso - S03E08 - We’ll Never Have Paris.Clean.mkv,episode,Ted Lasso – Season 3 – We'll Never Have Paris,unmatched,missing episode match metadata,,,,0
imdb://tt19712484,F:\MediaStack\data\media\tv\Ted Lasso\Season 03\Ted Lasso - S03E09 - La Locker Room Aux Folles.Clean.mkv,episode,Ted Lasso – Season 3 – La Locker Room Aux Folles,unmatched,missing episode match metadata,,,,0
imdb://tt19712486,F:\MediaStack\data\media\tv\Ted Lasso\Season 03\Ted Lasso - S03E10 - International Break.Clean.mkv,episode,Ted Lasso – Season 3 – International Break,unmatched,missing episode match metadata,,,,0
imdb://tt23743566,F:\MediaStack\data\media\tv\Ted Lasso\Season 03\Ted Lasso - S03E11 - Mom City.Clean.mkv,episode,Ted Lasso – Season 3 – Mom City,unmatched,missing episode match metadata,,,,0
imdb://tt23743570,"F:\MediaStack\data\media\tv\Ted Lasso\Season 03\Ted Lasso - S03E12 - So Long, Farewell.Clean.mkv",episode,"Ted Lasso – Season 3 – So Long, Farewell",unmatched,missing episode match metadata,,,,0
imdb://tt1053154,F:\MediaStack\data\media\tv\The Universe\Season 01\The Universe - S01E01 - Secrets of the Sun.mkv,episode,The Universe – Season 1 – Secrets of the Sun,unmatched,missing episode match metadata,,,,0
imdb://tt1053153,F:\MediaStack\data\media\tv\The Universe\Season 01\The Universe - S01E02 - Mars - The Red Planet.mkv,episode,The Universe – Season 1 – Mars: The Red Planet,unmatched,missing episode match metadata,,,,0
imdb://tt1053155,F:\MediaStack\data\media\tv\The Universe\Season 01\The Universe - S01E03 - The End of the Earth - Deep Space Threats to our Planet.mkv,episode,The Universe – Season 1 – The End of the Earth: Deep Space Threats to our Planet,unmatched,missing episode match metadata,,,,0
imdb://tt1055225,F:\MediaStack\data\media\tv\The Universe\Season 01\The Universe - S01E04 - Jupiter - The Giant Planet.mkv,episode,The Universe – Season 1 – Jupiter: The Giant Planet,unmatched,missing episode match metadata,,,,0
imdb://tt1059163,F:\MediaStack\data\media\tv\The Universe\Season 01\The Universe - S01E05 - The Moon.mkv,episode,The Universe – Season 1 – The Moon,unmatched,missing episode match metadata,,,,0
imdb://tt1070254,F:\MediaStack\data\media\tv\The Universe\Season 01\The Universe - S01E06 - Spaceship Earth.mkv,episode,The Universe – Season 1 – Spaceship Earth,unmatched,missing episode match metadata,,,,0
imdb://tt1073072,F:\MediaStack\data\media\tv\The Universe\Season 01\The Universe - S01E07 - The Inner Planets - Mercury & Venus.mkv,episode,The Universe – Season 1 – The Inner Planets: Mercury & Venus,unmatched,missing episode match metadata,,,,0
imdb://tt1076740,F:\MediaStack\data\media\tv\The Universe\Season 01\The Universe - S01E08 - Saturn - Lord of the Rings.mkv,episode,The Universe – Season 1 – Saturn: Lord of the Rings,unmatched,missing episode match metadata,,,,0
imdb://tt1084936,F:\MediaStack\data\media\tv\The Universe\Season 01\The Universe - S01E09 - Alien Galaxies.mkv,episode,The Universe – Season 1 – Alien Galaxies,unmatched,missing episode match metadata,,,,0
imdb://tt1082788,F:\MediaStack\data\media\tv\The Universe\Season 01\The Universe - S01E10 - Life and Death of a Star.mkv,episode,The Universe – Season 1 – Life and Death of a Star,unmatched,missing episode match metadata,,,,0
imdb://tt1090620,F:\MediaStack\data\media\tv\The Universe\Season 01\The Universe - S01E11 - The Outer Planets.mkv,episode,The Universe – Season 1 – The Outer Planets,unmatched,missing episode match metadata,,,,0
imdb://tt1090619,F:\MediaStack\data\media\tv\The Universe\Season 01\The Universe - S01E12 - The Most Dangerous Place in the Universe.mkv,episode,The Universe – Season 1 – The Most Dangerous Place in the Universe,unmatched,missing episode match metadata,,,,0
imdb://tt1099171,F:\MediaStack\data\media\tv\The Universe\Season 01\The Universe - S01E13 - Search for ET.mkv,episode,The Universe – Season 1 – Search for ET,unmatched,missing episode match metadata,,,,0
imdb://tt1099790,F:\MediaStack\data\media\tv\The Universe\Season 01\The Universe - S01E14 - Beyond the Big Bang.mkv,episode,The Universe – Season 1 – Beyond the Big Bang,unmatched,missing episode match metadata,,,,0
imdb://tt11046490,F:\MediaStack\data\media\tv\Ted Lasso\Season 01\Ted Lasso - S01E06 - Two Aces.Clean.mkv,episode,Ted Lasso – Season 1 – Two Aces,unmatched,missing episode match metadata,,,,0
imdb://tt11156378,F:\MediaStack\data\media\tv\Ted Lasso\Season 01\Ted Lasso - S01E07 - Make Rebecca Great Again.Clean.mkv,episode,Ted Lasso – Season 1 – Make Rebecca Great Again,unmatched,missing episode match metadata,,,,0
imdb://tt11193418,F:\MediaStack\data\media\tv\Ted Lasso\Season 01\Ted Lasso - S01E08 - The Diamond Dogs.Clean.mkv,episode,Ted Lasso – Season 1 – The Diamond Dogs,unmatched,missing episode match metadata,,,,0
imdb://tt11193420,F:\MediaStack\data\media\tv\Ted Lasso\Season 01\Ted Lasso - S01E09 - All Apologies.Clean.mkv,episode,Ted Lasso – Season 1 – All Apologies,unmatched,missing episode match metadata,,,,0
imdb://tt11193428,F:\MediaStack\data\media\tv\Ted Lasso\Season 01\Ted Lasso - S01E10 - The Hope That Kills You.Clean.mkv,episode,Ted Lasso – Season 1 – The Hope That Kills You,unmatched,missing episode match metadata,,,,0
imdb://tt12926006,F:\MediaStack\data\media\tv\Ted Lasso\Season 02\Ted Lasso - S02E01 - Goodbye Earl.Clean.mkv,episode,Ted Lasso – Season 2 – Goodbye Earl,unmatched,missing episode match metadata,,,,0
imdb://tt14968630,F:\MediaStack\data\media\tv\Ted Lasso\Season 02\Ted Lasso - S02E02 - Lavender.Clean.mkv,episode,Ted Lasso – Season 2 – Lavender,unmatched,missing episode match metadata,,,,0
imdb://tt14968636,F:\MediaStack\data\media\tv\Ted Lasso\Season 02\Ted Lasso - S02E03 - Do the Right-est Thing.Clean.mkv,episode,Ted Lasso – Season 2 – Do the Right-est Thing,unmatched,missing episode match metadata,,,,0
imdb://tt14968638,F:\MediaStack\data\media\tv\Ted Lasso\Season 02\Ted Lasso - S02E04 - Carol of the Bells.Clean.mkv,episode,Ted Lasso – Season 2 – Carol of the Bells,unmatched,missing episode match metadata,,,,0
imdb://tt14968642,F:\MediaStack\data\media\tv\Ted Lasso\Season 02\Ted Lasso - S02E05 - Rainbow.Clean.mkv,episode,Ted Lasso – Season 2 – Rainbow,unmatched,missing episode match metadata,,,,0
imdb://tt14968644,F:\MediaStack\data\media\tv\Ted Lasso\Season 02\Ted Lasso - S02E06 - The Signal.Clean.mkv,episode,Ted Lasso – Season 2 – The Signal,unmatched,missing episode match metadata,,,,0
imdb://tt14968648,F:\MediaStack\data\media\tv\Ted Lasso\Season 02\Ted Lasso - S02E07 - Headspace.Clean.mkv,episode,Ted Lasso – Season 2 – Headspace,unmatched,missing episode match metadata,,,,0
imdb://tt14968654,F:\MediaStack\data\media\tv\Ted Lasso\Season 02\Ted Lasso - S02E08 - Man City.Clean.mkv,episode,Ted Lasso – Season 2 – Man City,unmatched,missing episode match metadata,,,,0
imdb://tt14968652,F:\MediaStack\data\media\tv\Ted Lasso\Season 02\Ted Lasso - S02E09 - Beard After Hours.Clean.mkv,episode,Ted Lasso – Season 2 – Beard After Hours,unmatched,missing episode match metadata,,,,0
imdb://tt14968656,F:\MediaStack\data\media\tv\Ted Lasso\Season 02\Ted Lasso - S02E10 - No Weddings and a Funeral.Clean.mkv,episode,Ted Lasso – Season 2 – No Weddings and a Funeral,unmatched,missing episode match metadata,,,,0
imdb://tt14968660,F:\MediaStack\data\media\tv\Ted Lasso\Season 02\Ted Lasso - S02E11 - Midnight Train to Royston.Clean.mkv,episode,Ted Lasso – Season 2 – Midnight Train to Royston,unmatched,missing episode match metadata,,,,0
imdb://tt14968664,F:\MediaStack\data\media\tv\Ted Lasso\Season 02\Ted Lasso - S02E12 - Inverting the Pyramid of Success.Clean.mkv,episode,Ted Lasso – Season 2 – Inverting the Pyramid of Success,unmatched,missing episode match metadata,,,,0
imdb://tt13362962,F:\MediaStack\data\media\tv\Ted Lasso\Season 03\Ted Lasso - S03E01 - Smells Like Mean Spirit.Clean.mkv,episode,Ted Lasso – Season 3 – Smells Like Mean Spirit,unmatched,missing episode match metadata,,,,0
imdb://tt19655878,F:\MediaStack\data\media\tv\Ted Lasso\Season 03\Ted Lasso - S03E02 - (I Don’t Want to Go to) Chelsea.Clean.mkv,episode,Ted Lasso – Season 3 – (I Don't Want to Go to) Chelsea,unmatched,missing episode match metadata,,,,0
imdb://tt19655880,F:\MediaStack\data\media\tv\Ted Lasso\Season 03\Ted Lasso - S03E03 - 4-5-1.Clean.mkv,episode,Ted Lasso – Season 3 – 4-5-1,unmatched,missing episode match metadata,,,,0
imdb://tt2055380,F:\MediaStack\data\media\tv\Steins;Gate\Season 01\Steins;Gate - S01E02 - Time Travel Paranoia.mkv,episode,Steins;Gate – Season 1 – Time Travel Paranoia,unmatched,missing episode match metadata,,,,0
imdb://tt2055378,F:\MediaStack\data\media\tv\Steins;Gate\Season 01\Steins;Gate - S01E03 - Parallel Process Paranoia.mkv,episode,Steins;Gate – Season 1 – Parallel World Paranoia,unmatched,missing episode match metadata,,,,0
imdb://tt2055377,F:\MediaStack\data\media\tv\Steins;Gate\Season 01\Steins;Gate - S01E04 - Interpreter Rendezvous.mkv,episode,Steins;Gate – Season 1 – Interpreter Rendezvous,unmatched,missing episode match metadata,,,,0
imdb://tt2055379,F:\MediaStack\data\media\tv\Steins;Gate\Season 01\Steins;Gate - S01E05 - Starmine Rendezvous.mkv,episode,Steins;Gate – Season 1 – Starmine Rendezvous,unmatched,missing episode match metadata,,,,0
imdb://tt2054519,F:\MediaStack\data\media\tv\Steins;Gate\Season 01\Steins;Gate - S01E06 - Butterfly Effect's Divergence.mkv,episode,Steins;Gate – Season 1 – Butterfly Effect's Divergence,unmatched,missing episode match metadata,,,,0
imdb://tt2156191,F:\MediaStack\data\media\tv\Steins;Gate\Season 01\Steins;Gate - S01E07 - Divergence Singularity.mkv,episode,Steins;Gate – Season 1 – Divergence Singularity,unmatched,missing episode match metadata,,,,0
imdb://tt2161049,F:\MediaStack\data\media\tv\Steins;Gate\Season 01\Steins;Gate - S01E08 - Chaos Theory Homeostasis I.mkv,episode,Steins;Gate – Season 1 – Chaos Theory Homeostasis I,unmatched,missing episode match metadata,,,,0
imdb://tt2161051,F:\MediaStack\data\media\tv\Steins;Gate\Season 01\Steins;Gate - S01E09 - Chaos Theory Homeostasis II.mkv,episode,Steins;Gate – Season 1 – Chaos Theory Homeostasis II,unmatched,missing episode match metadata,,,,0
imdb://tt2156189,F:\MediaStack\data\media\tv\Steins;Gate\Season 01\Steins;Gate - S01E10 - Chaos Theory Homeostasis III.mkv,episode,Steins;Gate – Season 1 – Chaos Theory Homeostasis III,unmatched,missing episode match metadata,,,,0
imdb://tt2157965,F:\MediaStack\data\media\tv\Steins;Gate\Season 01\Steins;Gate - S01E11 - Dogma in Event Horizon.mkv,episode,Steins;Gate – Season 1 – Dogma in Event Horizon,unmatched,missing episode match metadata,,,,0
imdb://tt2157963,F:\MediaStack\data\media\tv\Steins;Gate\Season 01\Steins;Gate - S01E12 - Dogma in Ergosphere.mkv,episode,Steins;Gate – Season 1 – Dogma in Ergosphere,unmatched,missing episode match metadata,,,,0
imdb://tt2156199,F:\MediaStack\data\media\tv\Steins;Gate\Season 01\Steins;Gate - S01E13 - Metaphysics Necrosis.mkv,episode,Steins;Gate – Season 1 – Metaphysics Necrosis,unmatched,missing episode match metadata,,,,0
imdb://tt2157969,F:\MediaStack\data\media\tv\Steins;Gate\Season 01\Steins;Gate - S01E14 - Physically Necrosis.mkv,episode,Steins;Gate – Season 1 – Physically Necrosis,unmatched,missing episode match metadata,,,,0
imdb://tt2156201,F:\MediaStack\data\media\tv\Steins;Gate\Season 01\Steins;Gate - S01E15 - Missing Link Necrosis.mkv,episode,Steins;Gate – Season 1 – Missing Link Necrosis,unmatched,missing episode match metadata,,,,0
imdb://tt2156205,F:\MediaStack\data\media\tv\Steins;Gate\Season 01\Steins;Gate - S01E16 - Sacrificial Necrosis.mkv,episode,Steins;Gate – Season 1 – Sacrificial Necrosis,unmatched,missing episode match metadata,,,,0
imdb://tt2156197,F:\MediaStack\data\media\tv\Steins;Gate\Season 01\Steins;Gate - S01E17 - Made in Complex.mkv,episode,Steins;Gate – Season 1 – Made in Complex,unmatched,missing episode match metadata,,,,0
imdb://tt2156195,F:\MediaStack\data\media\tv\Steins;Gate\Season 01\Steins;Gate - S01E18 - Fractal Androgynous.mkv,episode,Steins;Gate – Season 1 – Fractal Androgynous,unmatched,missing episode match metadata,,,,0
imdb://tt2161047,F:\MediaStack\data\media\tv\Steins;Gate\Season 01\Steins;Gate - S01E19 - Endless Apoptosis.mkv,episode,Steins;Gate – Season 1 – Endless Apoptosis,unmatched,missing episode match metadata,,,,0
imdb://tt2156193,F:\MediaStack\data\media\tv\Steins;Gate\Season 01\Steins;Gate - S01E20 - Finalize Apoptosis.mkv,episode,Steins;Gate – Season 1 – Finalize Apoptosis,unmatched,missing episode match metadata,,,,0
imdb://tt2157967,F:\MediaStack\data\media\tv\Steins;Gate\Season 01\Steins;Gate - S01E21 - Paradox Meltdown.mkv,episode,Steins;Gate – Season 1 – Paradox Meltdown,unmatched,missing episode match metadata,,,,0
imdb://tt2157961,F:\MediaStack\data\media\tv\Steins;Gate\Season 01\Steins;Gate - S01E22 - Being Meltdown.mkv,episode,Steins;Gate – Season 1 – Being Meltdown,unmatched,missing episode match metadata,,,,0
imdb://tt2156203,F:\MediaStack\data\media\tv\Steins;Gate\Season 01\Steins;Gate - S01E23 - Open the Steins Gate.mkv,episode,Steins;Gate – Season 1 – Open the Steins Gate,unmatched,missing episode match metadata,,,,0
imdb://tt2157959,F:\MediaStack\data\media\tv\Steins;Gate\Season 01\Steins;Gate - S01E24 - Achievement Point.mkv,episode,Steins;Gate – Season 1 – Achievement Point,unmatched,missing episode match metadata,,,,0
imdb://tt10989880,F:\MediaStack\data\media\tv\Ted Lasso\Season 01\Ted Lasso - S01E01 - Pilot.Clean.mkv,episode,Ted Lasso – Season 1 – Pilot,unmatched,missing episode match metadata,,,,0
imdb://tt10989890,F:\MediaStack\data\media\tv\Ted Lasso\Season 01\Ted Lasso - S01E02 - Biscuits.Clean.mkv,episode,Ted Lasso – Season 1 – Biscuits,unmatched,missing episode match metadata,,,,0
imdb://tt10989892,F:\MediaStack\data\media\tv\Ted Lasso\Season 01\Ted Lasso - S01E03 - Trent Crimm - The Independent.Clean.mkv,episode,Ted Lasso – Season 1 – Trent Crimm: The Independent,unmatched,missing episode match metadata,,,,0
imdb://tt11044158,F:\MediaStack\data\media\tv\Ted Lasso\Season 01\Ted Lasso - S01E04 - For the Children.Clean.mkv,episode,Ted Lasso – Season 1 – For the Children,unmatched,missing episode match metadata,,,,0
imdb://tt11044160,F:\MediaStack\data\media\tv\Ted Lasso\Season 01\Ted Lasso - S01E05 - Tan Lines.Clean.mkv,episode,Ted Lasso – Season 1 – Tan Lines,unmatched,missing episode match metadata,,,,0
tmdb://5965208,F:\MediaStack\data\media\tv\SpongeBob SquarePants\Season 15\SpongeBob SquarePants - S15E15-E16 - Smartificial Intelligence + Firehouse Bob.mkv,episode,SpongeBob SquarePants – Season 15 – Firehouse Bob,unmatched,missing episode match metadata,,,,0
imdb://tt35269225,F:\MediaStack\data\media\tv\SpongeBob SquarePants\Season 15\SpongeBob SquarePants - S15E17-E18 - Pablum Plankton + MuseBob ModelPants.mkv,episode,SpongeBob SquarePants – Season 15 – Pablum Plankton,unmatched,missing episode match metadata,,,,0
tmdb://5965237,F:\MediaStack\data\media\tv\SpongeBob SquarePants\Season 15\SpongeBob SquarePants - S15E17-E18 - Pablum Plankton + MuseBob ModelPants.mkv,episode,SpongeBob SquarePants – Season 15 – MuseBob ModelPants,unmatched,missing episode match metadata,,,,0
tmdb://5965256,F:\MediaStack\data\media\tv\SpongeBob SquarePants\Season 15\SpongeBob SquarePants - S15E19-E20 - Delivery of Doom + My Father the Boat.mkv,episode,SpongeBob SquarePants – Season 15 – Delivery of Doom,unmatched,missing episode match metadata,,,,0
tmdb://5965259,F:\MediaStack\data\media\tv\SpongeBob SquarePants\Season 15\SpongeBob SquarePants - S15E19-E20 - Delivery of Doom + My Father the Boat.mkv,episode,SpongeBob SquarePants – Season 15 – My Father the Boat,unmatched,missing episode match metadata,,,,0
tmdb://6002862,F:\MediaStack\data\media\tv\SpongeBob SquarePants\Season 15\SpongeBob SquarePants - S15E21-E22 - Who's Afraid of Mr. Snippers + A Fish Called Sandy.mkv,episode,SpongeBob SquarePants – Season 15 – Who's Afraid of Mr. Snippers?,unmatched,missing episode match metadata,,,,0
tmdb://6002863,F:\MediaStack\data\media\tv\SpongeBob SquarePants\Season 15\SpongeBob SquarePants - S15E21-E22 - Who's Afraid of Mr. Snippers + A Fish Called Sandy.mkv,episode,SpongeBob SquarePants – Season 15 – A Fish Called Sandy,unmatched,missing episode match metadata,,,,0
tmdb://6002866,F:\MediaStack\data\media\tv\SpongeBob SquarePants\Season 15\SpongeBob SquarePants - S15E23-E24 - Making Waves + Captain Quasar - The Next Iteration.mkv,episode,SpongeBob SquarePants – Season 15 – Making Waves,unmatched,missing episode match metadata,,,,0
tmdb://6002865,F:\MediaStack\data\media\tv\SpongeBob SquarePants\Season 15\SpongeBob SquarePants - S15E23-E24 - Making Waves + Captain Quasar - The Next Iteration.mkv,episode,SpongeBob SquarePants – Season 15 – Captain Quasar: The Next Iteration,unmatched,missing episode match metadata,,,,0
imdb://tt37785250,F:\MediaStack\data\media\tv\SpongeBob SquarePants\Season 16\SpongeBob SquarePants - S16E01 - SpongeBob and Patrick's Timeline Twist-Up.mkv,episode,SpongeBob SquarePants – Season 16 – SpongeBob and Patrick's Timeline Twist-Up,unmatched,missing episode match metadata,,,,0
imdb://tt38809581,F:\MediaStack\data\media\tv\SpongeBob SquarePants\Season 16\SpongeBob SquarePants - S16E08 - The Haunted Bucket.mp4,episode,SpongeBob SquarePants – Season 16 – The Haunted Bucket,unmatched,missing episode match metadata,,,,0
imdb://tt38503716,F:\MediaStack\data\media\tv\SpongeBob SquarePants\Season 16\SpongeBob SquarePants - S16E09 - Go Fetch!.mp4,episode,SpongeBob SquarePants – Season 16 – Go Fetch!,unmatched,missing episode match metadata,,,,0
imdb://tt38809586,F:\MediaStack\data\media\tv\SpongeBob SquarePants\Season 16\SpongeBob SquarePants - S16E10 - Laundro-Madness.mp4,episode,SpongeBob SquarePants – Season 16 – Laundro-Madness,unmatched,missing episode match metadata,,,,0
imdb://tt38809592,F:\MediaStack\data\media\tv\SpongeBob SquarePants\Season 16\SpongeBob SquarePants - S16E11 - Hog Huntin.mp4,episode,SpongeBob SquarePants – Season 16 – Hog Huntin,unmatched,missing episode match metadata,,,,0
tmdb://6394546,F:\MediaStack\data\media\tv\SpongeBob SquarePants\Season 16\SpongeBob SquarePants - S16E18 - Pigskin Pearl.mkv,episode,SpongeBob SquarePants – Season 16 – Pigskin Pearl,unmatched,missing episode match metadata,,,,0
tmdb://6394547,F:\MediaStack\data\media\tv\SpongeBob SquarePants\Season 16\SpongeBob SquarePants - S16E19 - The Green Tentacle.mkv,episode,SpongeBob SquarePants – Season 16 – The Green Tentacle,unmatched,missing episode match metadata,,,,0
tmdb://6394548,F:\MediaStack\data\media\tv\SpongeBob SquarePants\Season 16\SpongeBob SquarePants - S16E20 - Happy Krabby Birthday.mkv,episode,SpongeBob SquarePants – Season 16 – Happy Krabby Birthday,unmatched,missing episode match metadata,,,,0
tmdb://6394549,F:\MediaStack\data\media\tv\SpongeBob SquarePants\Season 16\SpongeBob SquarePants - S16E21 - Karate Pals.mkv,episode,SpongeBob SquarePants – Season 16 – Karate Pals,unmatched,missing episode match metadata,,,,0
tmdb://6394550,F:\MediaStack\data\media\tv\SpongeBob SquarePants\Season 16\SpongeBob SquarePants - S16E22 - Karen's Klatch.mkv,episode,SpongeBob SquarePants – Season 16 – Karen's Klatch,unmatched,missing episode match metadata,,,,0
imdb://tt2054520,F:\MediaStack\data\media\tv\Steins;Gate\Season 01\Steins;Gate - S01E01 - Prologue to the Beginning and End.mkv,episode,Steins;Gate – Season 1 – Turning Point,unmatched,missing episode match metadata,,,,0
tmdb://2174210,F:\MediaStack\data\media\tv\SpongeBob SquarePants\Season 12\SpongeBob SquarePants - S12E31-E32 - Swamp Mates + One Trick Sponge.mkv,episode,SpongeBob SquarePants – Season 12 – Jolly Lodgers,unmatched,missing episode match metadata,,,,0
tmdb://2200847,F:\MediaStack\data\media\tv\SpongeBob SquarePants\Season 12\SpongeBob SquarePants - S12E31-E32 - Swamp Mates + One Trick Sponge.mkv,episode,SpongeBob SquarePants – Season 12 – Swamp Mates,unmatched,missing episode match metadata,,,,0
tmdb://2206298,F:\MediaStack\data\media\tv\SpongeBob SquarePants\Season 12\SpongeBob SquarePants - S12E33 - Pineapple RV.mkv,episode,SpongeBob SquarePants – Season 12 – One Trick Sponge,unmatched,missing episode match metadata,,,,0
tmdb://2331924,F:\MediaStack\data\media\tv\SpongeBob SquarePants\Season 12\SpongeBob SquarePants - S12E34 - Boss for a Day.mkv,episode,SpongeBob SquarePants – Season 12 – Boss for a Day,unmatched,missing episode match metadata,,,,0
imdb://tt10084388,F:\MediaStack\data\media\tv\SpongeBob SquarePants\Season 13\SpongeBob SquarePants - S13E03-E04 - Krusty Koncessionaires + Dream Hoppers.mkv,episode,SpongeBob SquarePants – Season 13 – Krusty Koncessionaires,unmatched,missing episode match metadata,,,,0
tmdb://2638537,F:\MediaStack\data\media\tv\SpongeBob SquarePants\Season 13\SpongeBob SquarePants - S13E03-E04 - Krusty Koncessionaires + Dream Hoppers.mkv,episode,SpongeBob SquarePants – Season 13 – Dream Hoppers,unmatched,missing episode match metadata,,,,0
imdb://tt10084362,"F:\MediaStack\data\media\tv\SpongeBob SquarePants\Season 13\SpongeBob SquarePants - S13E11-E12 - Knock Knock, Who's There + Plankton's Intern.mkv",episode,"SpongeBob SquarePants – Season 13 – Knock Knock, Who’s There?",unmatched,missing episode match metadata,,,,0
imdb://tt10084374,"F:\MediaStack\data\media\tv\SpongeBob SquarePants\Season 13\SpongeBob SquarePants - S13E11-E12 - Knock Knock, Who's There + Plankton's Intern.mkv",episode,SpongeBob SquarePants – Season 13 – Plankton’s Intern,unmatched,missing episode match metadata,,,,0
imdb://tt18949586,F:\MediaStack\data\media\tv\SpongeBob SquarePants\Season 13\SpongeBob SquarePants - S13E57 - Spatula of the Heavens.mkv,episode,SpongeBob SquarePants – Season 13 – Spatula of the Heavens,unmatched,missing episode match metadata,,,,0
imdb://tt18949584,F:\MediaStack\data\media\tv\SpongeBob SquarePants\Season 13\SpongeBob SquarePants - S13E61 - SquidBird.mkv,episode,SpongeBob SquarePants – Season 13 – SquidBird,unmatched,missing episode match metadata,,,,0
imdb://tt33086232,F:\MediaStack\data\media\tv\SpongeBob SquarePants\Season 15\SpongeBob SquarePants - S15E01-E02 - UpWard + Unidentified Flailing Octopus.mkv,episode,SpongeBob SquarePants – Season 15 – UpWard,unmatched,missing episode match metadata,,,,0
tmdb://5633035,F:\MediaStack\data\media\tv\SpongeBob SquarePants\Season 15\SpongeBob SquarePants - S15E01-E02 - UpWard + Unidentified Flailing Octopus.mkv,episode,SpongeBob SquarePants – Season 15 – Unidentified Flailing Octopus,unmatched,missing episode match metadata,,,,0
imdb://tt31227911,F:\MediaStack\data\media\tv\SpongeBob SquarePants\Season 15\SpongeBob SquarePants - S15E03-E04 - Bad Luck Bob + The Sandman Cometh.mkv,episode,SpongeBob SquarePants – Season 15 – Bad Luck Bob,unmatched,missing episode match metadata,,,,0
tmdb://5633037,F:\MediaStack\data\media\tv\SpongeBob SquarePants\Season 15\SpongeBob SquarePants - S15E03-E04 - Bad Luck Bob + The Sandman Cometh.mkv,episode,SpongeBob SquarePants – Season 15 – The Sandman Cometh,unmatched,missing episode match metadata,,,,0
tmdb://5643043,F:\MediaStack\data\media\tv\SpongeBob SquarePants\Season 15\SpongeBob SquarePants - S15E05-E06 - Biscuit Ballyhoo + Student Driver Survivor.mkv,episode,SpongeBob SquarePants – Season 15 – Biscuit Ballyhoo,unmatched,missing episode match metadata,,,,0
tmdb://5643044,F:\MediaStack\data\media\tv\SpongeBob SquarePants\Season 15\SpongeBob SquarePants - S15E05-E06 - Biscuit Ballyhoo + Student Driver Survivor.mkv,episode,SpongeBob SquarePants – Season 15 – Student Driver Survivor,unmatched,missing episode match metadata,,,,0
imdb://tt35135924,F:\MediaStack\data\media\tv\SpongeBob SquarePants\Season 15\SpongeBob SquarePants - S15E07-E08 - Wiener Takes All + Stuck in an Elevator.mkv,episode,SpongeBob SquarePants – Season 15 – Wiener Takes All,unmatched,missing episode match metadata,,,,0
tmdb://5694619,F:\MediaStack\data\media\tv\SpongeBob SquarePants\Season 15\SpongeBob SquarePants - S15E07-E08 - Wiener Takes All + Stuck in an Elevator.mkv,episode,SpongeBob SquarePants – Season 15 – Stuck in an Elevator,unmatched,missing episode match metadata,,,,0
imdb://tt35232977,F:\MediaStack\data\media\tv\SpongeBob SquarePants\Season 15\SpongeBob SquarePants - S15E09-E10 - Squidness Protection + Dome Alone.mkv,episode,SpongeBob SquarePants – Season 15 – Squidness Protection,unmatched,missing episode match metadata,,,,0
tmdb://5733787,F:\MediaStack\data\media\tv\SpongeBob SquarePants\Season 15\SpongeBob SquarePants - S15E09-E10 - Squidness Protection + Dome Alone.mkv,episode,SpongeBob SquarePants – Season 15 – Dome Alone,unmatched,missing episode match metadata,,,,0
tmdb://5733788,F:\MediaStack\data\media\tv\SpongeBob SquarePants\Season 15\SpongeBob SquarePants - S15E11-E12 - Wary Gary + Pinned.mkv,episode,SpongeBob SquarePants – Season 15 – Wary Gary,unmatched,missing episode match metadata,,,,0
tmdb://5733789,F:\MediaStack\data\media\tv\SpongeBob SquarePants\Season 15\SpongeBob SquarePants - S15E11-E12 - Wary Gary + Pinned.mkv,episode,SpongeBob SquarePants – Season 15 – Pinned,unmatched,missing episode match metadata,,,,0
imdb://tt35269191,F:\MediaStack\data\media\tv\SpongeBob SquarePants\Season 15\SpongeBob SquarePants - S15E13-E14 - Jeffy T's Prankwell Emporium + A Taste of Plankton.mkv,episode,SpongeBob SquarePants – Season 15 – Jeffy T's Prankwell Emporium,unmatched,missing episode match metadata,,,,0
tmdb://5829075,F:\MediaStack\data\media\tv\SpongeBob SquarePants\Season 15\SpongeBob SquarePants - S15E13-E14 - Jeffy T's Prankwell Emporium + A Taste of Plankton.mkv,episode,SpongeBob SquarePants – Season 15 – A Taste of Plankton,unmatched,missing episode match metadata,,,,0
imdb://tt35269198,F:\MediaStack\data\media\tv\SpongeBob SquarePants\Season 15\SpongeBob SquarePants - S15E15-E16 - Smartificial Intelligence + Firehouse Bob.mkv,episode,SpongeBob SquarePants – Season 15 – Smartificial Intelligence,unmatched,missing episode match metadata,,,,0
imdb://tt0954808,F:\MediaStack\data\media\tv\SpongeBob SquarePants\Season 04\SpongeBob SquarePants - S04E32 - The Pink Purloiner.avi,episode,SpongeBob SquarePants – Season 4 – Driven to Tears,unmatched,missing episode match metadata,,,,0
tmdb://1026311,F:\MediaStack\data\media\tv\SpongeBob SquarePants\Season 04\SpongeBob SquarePants - S04E33 - The Gift of Gum.avi,episode,SpongeBob SquarePants – Season 4 – Rule of Dumb,unmatched,missing episode match metadata,,,,0
tmdb://1026501,F:\MediaStack\data\media\tv\SpongeBob SquarePants\Season 10\SpongeBob SquarePants - S10E06 - Hello Bikini Bottom!.mkv,episode,SpongeBob SquarePants – Season 10 – Plankton Gets the Boot,unmatched,missing episode match metadata,,,,0
tmdb://1462979,F:\MediaStack\data\media\tv\SpongeBob SquarePants\Season 11\SpongeBob SquarePants - S11E30 - Bunny Hunt.mkv,episode,SpongeBob SquarePants – Season 11 – My Leg!,unmatched,missing episode match metadata,,,,0
tmdb://1544241,F:\MediaStack\data\media\tv\SpongeBob SquarePants\Season 11\SpongeBob SquarePants - S11E33 - Sanitation Insanity.mkv,episode,SpongeBob SquarePants – Season 11 – Whale Watching,unmatched,missing episode match metadata,,,,0
imdb://tt8260838,F:\MediaStack\data\media\tv\SpongeBob SquarePants\Season 11\SpongeBob SquarePants - S11E35-E36 - Ink Lemonade + Mustard O' Mine.mkv,episode,SpongeBob SquarePants – Season 11 – Patnocchio,unmatched,missing episode match metadata,,,,0
tmdb://1544244,F:\MediaStack\data\media\tv\SpongeBob SquarePants\Season 11\SpongeBob SquarePants - S11E35-E36 - Ink Lemonade + Mustard O' Mine.mkv,episode,SpongeBob SquarePants – Season 11 – ChefBob,unmatched,missing episode match metadata,,,,0
tmdb://1544245,F:\MediaStack\data\media\tv\SpongeBob SquarePants\Season 11\SpongeBob SquarePants - S11E38-E39 - Krusty Kleaners + Patnocchio.mkv,episode,SpongeBob SquarePants – Season 11 – Library Cards,unmatched,missing episode match metadata,,,,0
tmdb://1544246,F:\MediaStack\data\media\tv\SpongeBob SquarePants\Season 11\SpongeBob SquarePants - S11E38-E39 - Krusty Kleaners + Patnocchio.mkv,episode,SpongeBob SquarePants – Season 11 – Plankton Paranoia,unmatched,missing episode match metadata,,,,0
tmdb://1544254,F:\MediaStack\data\media\tv\SpongeBob SquarePants\Season 11\SpongeBob SquarePants - S11E43 - Plankton Paranoia.mkv,episode,SpongeBob SquarePants – Season 11 – Bubble Town,unmatched,missing episode match metadata,,,,0
tmdb://1544251,F:\MediaStack\data\media\tv\SpongeBob SquarePants\Season 11\SpongeBob SquarePants - S11E45 - The Grill is Gone.mkv,episode,SpongeBob SquarePants – Season 11 – Karen's Virus,unmatched,missing episode match metadata,,,,0
tmdb://1544255,F:\MediaStack\data\media\tv\SpongeBob SquarePants\Season 11\SpongeBob SquarePants - S11E46-E47 - The Night Patty + Bubbletown.mkv,episode,SpongeBob SquarePants – Season 11 – Girls' Night Out,unmatched,missing episode match metadata,,,,0
tmdb://1544247,F:\MediaStack\data\media\tv\SpongeBob SquarePants\Season 11\SpongeBob SquarePants - S11E46-E47 - The Night Patty + Bubbletown.mkv,episode,SpongeBob SquarePants – Season 11 – Surf n' Turf,unmatched,missing episode match metadata,,,,0
imdb://tt8260950,F:\MediaStack\data\media\tv\SpongeBob SquarePants\Season 11\SpongeBob SquarePants - S11E49-E50 - Karen's Virus + Girls' Night Out.mkv,episode,SpongeBob SquarePants – Season 11 – Squirrel Jelly,unmatched,missing episode match metadata,,,,0
tmdb://1544257,F:\MediaStack\data\media\tv\SpongeBob SquarePants\Season 11\SpongeBob SquarePants - S11E49-E50 - Karen's Virus + Girls' Night Out.mkv,episode,SpongeBob SquarePants – Season 11 – The String,unmatched,missing episode match metadata,,,,0
imdb://tt8260930,F:\MediaStack\data\media\tv\SpongeBob SquarePants\Season 11\SpongeBob SquarePants - S11E51 - Surf N' Turf.mkv,episode,SpongeBob SquarePants – Season 11 – Goons on the Moon,unmatched,missing episode match metadata,,,,0
local://24289,F:\MediaStack\data\media\tv\SpongeBob SquarePants\Season 11\SpongeBob SquarePants - S11E54-E55 - The String + Goons on the Moon.mkv,episode,SpongeBob SquarePants – Season 11 – Episode 54,unmatched,missing episode match metadata,,,,0
local://24290,F:\MediaStack\data\media\tv\SpongeBob SquarePants\Season 11\SpongeBob SquarePants - S11E54-E55 - The String + Goons on the Moon.mkv,episode,SpongeBob SquarePants – Season 11 – Episode 55,unmatched,missing episode match metadata,,,,0
tmdb://1673047,F:\MediaStack\data\media\tv\SpongeBob SquarePants\Season 12\SpongeBob SquarePants - S12E01 - The Nitwitting.mp4,episode,SpongeBob SquarePants – Season 12 – The Nitwitting,unmatched,missing episode match metadata,,,,0
imdb://tt9222472,F:\MediaStack\data\media\tv\SpongeBob SquarePants\Season 12\SpongeBob SquarePants - S12E03 - The Krusty Slammer.mkv,episode,SpongeBob SquarePants – Season 12 – The Krusty Slammer,unmatched,missing episode match metadata,,,,0
imdb://tt9222478,F:\MediaStack\data\media\tv\SpongeBob SquarePants\Season 12\SpongeBob SquarePants - S12E05 - Stormy Weather.mp4,episode,SpongeBob SquarePants – Season 12 – Stormy Weather,unmatched,missing episode match metadata,,,,0
tmdb://1674893,F:\MediaStack\data\media\tv\SpongeBob SquarePants\Season 12\SpongeBob SquarePants - S12E06 - Sandy's Nutty Nieces.mkv,episode,SpongeBob SquarePants – Season 12 – Sandy's Nutty Nieces,unmatched,missing episode match metadata,,,,0
tmdb://1838495,F:\MediaStack\data\media\tv\SpongeBob SquarePants\Season 12\SpongeBob SquarePants - S12E07 - Insecurity Guards.mkv,episode,SpongeBob SquarePants – Season 12 – Insecurity Guards,unmatched,missing episode match metadata,,,,0
tmdb://2060908,F:\MediaStack\data\media\tv\SpongeBob SquarePants\Season 12\SpongeBob SquarePants - S12E28 - Biddy Sitting.mkv,episode,SpongeBob SquarePants – Season 12 – Who R Zoo?,unmatched,missing episode match metadata,,,,0
tmdb://1026288,F:\MediaStack\data\media\tv\SpongeBob SquarePants\Season 04\SpongeBob SquarePants - S04E08 - Funny Pants.avi,episode,SpongeBob SquarePants – Season 4 – Funny Pants,unmatched,missing episode match metadata,,,,0
imdb://tt0832774,F:\MediaStack\data\media\tv\SpongeBob SquarePants\Season 04\SpongeBob SquarePants - S04E09 - Mermaid Man & Barnacle Boy VI - The Motion Picture.avi,episode,SpongeBob SquarePants – Season 4 – Mermaid Man & Barnacle Boy VI - The Motion Picture,unmatched,missing episode match metadata,,,,0
tmdb://1026289,F:\MediaStack\data\media\tv\SpongeBob SquarePants\Season 04\SpongeBob SquarePants - S04E10 - Enemy-in-Law.avi,episode,SpongeBob SquarePants – Season 4 – Enemy In-Law,unmatched,missing episode match metadata,,,,0
imdb://tt0832783,F:\MediaStack\data\media\tv\SpongeBob SquarePants\Season 04\SpongeBob SquarePants - S04E11 - Patrick SmartPants.avi,episode,SpongeBob SquarePants – Season 4 – Patrick SmartPants,unmatched,missing episode match metadata,,,,0
tmdb://1026292,F:\MediaStack\data\media\tv\SpongeBob SquarePants\Season 04\SpongeBob SquarePants - S04E12 - SquidBob TentaclePants.avi,episode,SpongeBob SquarePants – Season 4 – SquidBob TentaclePants,unmatched,missing episode match metadata,,,,0
imdb://tt0707315,F:\MediaStack\data\media\tv\SpongeBob SquarePants\Season 04\SpongeBob SquarePants - S04E13 - Krusty Towers.avi,episode,SpongeBob SquarePants – Season 4 – Have You Seen This Snail?,unmatched,missing episode match metadata,,,,0
imdb://tt0774435,"F:\MediaStack\data\media\tv\SpongeBob SquarePants\Season 04\SpongeBob SquarePants - S04E14 - Mrs. Puff, You're Fired.avi",episode,SpongeBob SquarePants – Season 4 – Dunces and Dragons,unmatched,missing episode match metadata,,,,0
tmdb://1026293,F:\MediaStack\data\media\tv\SpongeBob SquarePants\Season 04\SpongeBob SquarePants - S04E15 - Ghost Host.avi,episode,SpongeBob SquarePants – Season 4 – Krusty Towers,unmatched,missing episode match metadata,,,,0
tmdb://1026294,F:\MediaStack\data\media\tv\SpongeBob SquarePants\Season 04\SpongeBob SquarePants - S04E16 - Chimps Ahoy.avi,episode,"SpongeBob SquarePants – Season 4 – Mrs. Puff, You're Fired",unmatched,missing episode match metadata,,,,0
tmdb://1026296,F:\MediaStack\data\media\tv\SpongeBob SquarePants\Season 04\SpongeBob SquarePants - S04E17 - Whale of a Birthday.avi,episode,SpongeBob SquarePants – Season 4 – Chimps Ahoy,unmatched,missing episode match metadata,,,,0
imdb://tt0832775,F:\MediaStack\data\media\tv\SpongeBob SquarePants\Season 04\SpongeBob SquarePants - S04E18 - Karate Island.avi,episode,SpongeBob SquarePants – Season 4 – Ghost Host,unmatched,missing episode match metadata,,,,0
imdb://tt0810723,F:\MediaStack\data\media\tv\SpongeBob SquarePants\Season 04\SpongeBob SquarePants - S04E19 - All That Glitters.avi,episode,SpongeBob SquarePants – Season 4 – Whale of a Birthday,unmatched,missing episode match metadata,,,,0
tmdb://1026298,F:\MediaStack\data\media\tv\SpongeBob SquarePants\Season 04\SpongeBob SquarePants - S04E20 - Wishing You Well.avi,episode,SpongeBob SquarePants – Season 4 – Karate Island,unmatched,missing episode match metadata,,,,0
imdb://tt0829059,F:\MediaStack\data\media\tv\SpongeBob SquarePants\Season 04\SpongeBob SquarePants - S04E21 - New Leaf.avi,episode,SpongeBob SquarePants – Season 4 – All That Glitters,unmatched,missing episode match metadata,,,,0
tmdb://1026300,F:\MediaStack\data\media\tv\SpongeBob SquarePants\Season 04\SpongeBob SquarePants - S04E22 - Once Bitten.avi,episode,SpongeBob SquarePants – Season 4 – Wishing You Well,unmatched,missing episode match metadata,,,,0
tmdb://1026301,F:\MediaStack\data\media\tv\SpongeBob SquarePants\Season 04\SpongeBob SquarePants - S04E23 - Squidtastic Voyage.avi,episode,SpongeBob SquarePants – Season 4 – New Leaf,unmatched,missing episode match metadata,,,,0
tmdb://1026302,F:\MediaStack\data\media\tv\SpongeBob SquarePants\Season 04\SpongeBob SquarePants - S04E24 - Bummer Vacation.avi,episode,SpongeBob SquarePants – Season 4 – Once Bitten,unmatched,missing episode match metadata,,,,0
tmdb://1026303,F:\MediaStack\data\media\tv\SpongeBob SquarePants\Season 04\SpongeBob SquarePants - S04E25 - Best Day Ever.avi,episode,SpongeBob SquarePants – Season 4 – Squidtastic Voyage,unmatched,missing episode match metadata,,,,0
tmdb://1026304,F:\MediaStack\data\media\tv\SpongeBob SquarePants\Season 04\SpongeBob SquarePants - S04E26 - Wigstruck.avi,episode,SpongeBob SquarePants – Season 4 – Bummer Vacation,unmatched,missing episode match metadata,,,,0
tmdb://1026305,F:\MediaStack\data\media\tv\SpongeBob SquarePants\Season 04\SpongeBob SquarePants - S04E27 - That's No Lady.avi,episode,SpongeBob SquarePants – Season 4 – Best Day Ever,unmatched,missing episode match metadata,,,,0
tmdb://1026306,F:\MediaStack\data\media\tv\SpongeBob SquarePants\Season 04\SpongeBob SquarePants - S04E28 - The Thing.avi,episode,SpongeBob SquarePants – Season 4 – Wigstruck,unmatched,missing episode match metadata,,,,0
tmdb://1026307,F:\MediaStack\data\media\tv\SpongeBob SquarePants\Season 04\SpongeBob SquarePants - S04E29 - Hocus Pocus.avi,episode,SpongeBob SquarePants – Season 4 – That's No Lady,unmatched,missing episode match metadata,,,,0
imdb://tt0937306,F:\MediaStack\data\media\tv\SpongeBob SquarePants\Season 04\SpongeBob SquarePants - S04E30 - Driven to Tears.avi,episode,SpongeBob SquarePants – Season 4 – The Thing,unmatched,missing episode match metadata,,,,0
tmdb://1026309,F:\MediaStack\data\media\tv\SpongeBob SquarePants\Season 04\SpongeBob SquarePants - S04E31 - Rule of Dumb.avi,episode,SpongeBob SquarePants – Season 4 – Hocus Pocus,unmatched,missing episode match metadata,,,,0
tmdb://1026262,F:\MediaStack\data\media\tv\SpongeBob SquarePants\Season 03\SpongeBob SquarePants - S03E15-E16 - Krab Borg + Rock-a-Bye Bivalve.mkv,episode,SpongeBob SquarePants – Season 3 – Rock-a-Bye Bivalve,unmatched,missing episode match metadata,,,,0
tmdb://1026263,F:\MediaStack\data\media\tv\SpongeBob SquarePants\Season 03\SpongeBob SquarePants - S03E17-E18 - Wet Painters + Krusty Krab Training Video.mkv,episode,SpongeBob SquarePants – Season 3 – Wet Painters,unmatched,missing episode match metadata,,,,0
tmdb://1026264,F:\MediaStack\data\media\tv\SpongeBob SquarePants\Season 03\SpongeBob SquarePants - S03E17-E18 - Wet Painters + Krusty Krab Training Video.mkv,episode,SpongeBob SquarePants – Season 3 – Krusty Krab Training Video,unmatched,missing episode match metadata,,,,0
imdb://tt0707310,F:\MediaStack\data\media\tv\SpongeBob SquarePants\Season 03\SpongeBob SquarePants - S03E19-E20 - Chocolate with Nuts + Mermaid Man and Barnacle Boy V.mkv,episode,SpongeBob SquarePants – Season 3 – Party Pooper Pants,unmatched,missing episode match metadata,,,,0
tmdb://1026266,F:\MediaStack\data\media\tv\SpongeBob SquarePants\Season 03\SpongeBob SquarePants - S03E19-E20 - Chocolate with Nuts + Mermaid Man and Barnacle Boy V.mkv,episode,SpongeBob SquarePants – Season 3 – Chocolate with Nuts,unmatched,missing episode match metadata,,,,0
tmdb://1026267,F:\MediaStack\data\media\tv\SpongeBob SquarePants\Season 03\SpongeBob SquarePants - S03E21-E22 - Club SpongeBob + My Pretty Seahorse.mkv,episode,SpongeBob SquarePants – Season 3 – Mermaid Man and Barnacle Boy V,unmatched,missing episode match metadata,,,,0
tmdb://1026247,F:\MediaStack\data\media\tv\SpongeBob SquarePants\Season 03\SpongeBob SquarePants - S03E21-E22 - Club SpongeBob + My Pretty Seahorse.mkv,episode,SpongeBob SquarePants – Season 3 – Club SpongeBob,unmatched,missing episode match metadata,,,,0
tmdb://1026248,F:\MediaStack\data\media\tv\SpongeBob SquarePants\Season 03\SpongeBob SquarePants - S03E23-E24 - Graveyard Shift + Krusty Love.mkv,episode,SpongeBob SquarePants – Season 3 – My Pretty Seahorse,unmatched,missing episode match metadata,,,,0
tmdb://1952665,F:\MediaStack\data\media\tv\SpongeBob SquarePants\Season 03\SpongeBob SquarePants - S03E23-E24 - Graveyard Shift + Krusty Love.mkv,episode,SpongeBob SquarePants – Season 3 – Graveyard Shift,unmatched,missing episode match metadata,,,,0
tmdb://1952666,F:\MediaStack\data\media\tv\SpongeBob SquarePants\Season 03\SpongeBob SquarePants - S03E25-E26 - New Student Starfish + Clams.mkv,episode,SpongeBob SquarePants – Season 3 – Krusty Love,unmatched,missing episode match metadata,,,,0
tmdb://1026268,F:\MediaStack\data\media\tv\SpongeBob SquarePants\Season 03\SpongeBob SquarePants - S03E25-E26 - New Student Starfish + Clams.mkv,episode,SpongeBob SquarePants – Season 3 – New Student Starfish,unmatched,missing episode match metadata,,,,0
tmdb://1026270,F:\MediaStack\data\media\tv\SpongeBob SquarePants\Season 03\SpongeBob SquarePants - S03E27-E28 - The Great Snail Race + Mid-Life Crustacean.mkv,episode,SpongeBob SquarePants – Season 3 – Clams,unmatched,missing episode match metadata,,,,0
tmdb://1026271,F:\MediaStack\data\media\tv\SpongeBob SquarePants\Season 03\SpongeBob SquarePants - S03E27-E28 - The Great Snail Race + Mid-Life Crustacean.mkv,episode,SpongeBob SquarePants – Season 3 – The Great Snail Race,unmatched,missing episode match metadata,,,,0
tmdb://1026272,F:\MediaStack\data\media\tv\SpongeBob SquarePants\Season 03\SpongeBob SquarePants - S03E29-E30 - Born Again Krabs + I Had an Accident.mkv,episode,SpongeBob SquarePants – Season 3 – Mid-Life Crustacean,unmatched,missing episode match metadata,,,,0
imdb://tt0832793,F:\MediaStack\data\media\tv\SpongeBob SquarePants\Season 03\SpongeBob SquarePants - S03E29-E30 - Born Again Krabs + I Had an Accident.mkv,episode,SpongeBob SquarePants – Season 3 – The Sponge Who Could Fly,unmatched,missing episode match metadata,,,,0
tmdb://1952670,F:\MediaStack\data\media\tv\SpongeBob SquarePants\Season 03\SpongeBob SquarePants - S03E31-E32 - Missing Identity + Plankton's Army.mkv,episode,SpongeBob SquarePants – Season 3 – Gary Takes a Bath,unmatched,missing episode match metadata,,,,0
tmdb://1026273,F:\MediaStack\data\media\tv\SpongeBob SquarePants\Season 03\SpongeBob SquarePants - S03E31-E32 - Missing Identity + Plankton's Army.mkv,episode,SpongeBob SquarePants – Season 3 – Born Again Krabs,unmatched,missing episode match metadata,,,,0
tmdb://1026274,F:\MediaStack\data\media\tv\SpongeBob SquarePants\Season 03\SpongeBob SquarePants - S03E33-E34 - Krabby Land + The Camping Episode.mkv,episode,SpongeBob SquarePants – Season 3 – I Had an Accident,unmatched,missing episode match metadata,,,,0
tmdb://1026276,F:\MediaStack\data\media\tv\SpongeBob SquarePants\Season 03\SpongeBob SquarePants - S03E33-E34 - Krabby Land + The Camping Episode.mkv,episode,SpongeBob SquarePants – Season 3 – Missing Identity,unmatched,missing episode match metadata,,,,0
tmdb://1026275,F:\MediaStack\data\media\tv\SpongeBob SquarePants\Season 03\SpongeBob SquarePants - S03E35-E36 - SpongeBob Meets the Strangler + Pranks a Lot.mkv,episode,SpongeBob SquarePants – Season 3 – Plankton's Army,unmatched,missing episode match metadata,,,,0
tmdb://1026269,F:\MediaStack\data\media\tv\SpongeBob SquarePants\Season 03\SpongeBob SquarePants - S03E35-E36 - SpongeBob Meets the Strangler + Pranks a Lot.mkv,episode,SpongeBob SquarePants – Season 3 – Ugh,unmatched,missing episode match metadata,,,,0
imdb://tt0707308,F:\MediaStack\data\media\tv\SpongeBob SquarePants\Season 04\SpongeBob SquarePants - S04E01 - Fear of a Krabby Patty.avi,episode,SpongeBob SquarePants – Season 4 – Fear of a Krabby Patty,unmatched,missing episode match metadata,,,,0
tmdb://1026282,F:\MediaStack\data\media\tv\SpongeBob SquarePants\Season 04\SpongeBob SquarePants - S04E02 - Shell of a Man.avi,episode,SpongeBob SquarePants – Season 4 – Shell of a Man,unmatched,missing episode match metadata,,,,0
imdb://tt0832791,F:\MediaStack\data\media\tv\SpongeBob SquarePants\Season 04\SpongeBob SquarePants - S04E03 - The Lost Mattress.avi,episode,SpongeBob SquarePants – Season 4 – The Lost Mattress,unmatched,missing episode match metadata,,,,0
tmdb://1026284,F:\MediaStack\data\media\tv\SpongeBob SquarePants\Season 04\SpongeBob SquarePants - S04E04 - Krabs vs. Plankton.avi,episode,SpongeBob SquarePants – Season 4 – Krabs vs. Plankton,unmatched,missing episode match metadata,,,,0
tmdb://1172912,F:\MediaStack\data\media\tv\SpongeBob SquarePants\Season 04\SpongeBob SquarePants - S04E05 - Skill Crane.avi,episode,SpongeBob SquarePants – Season 4 – Skill Crane,unmatched,missing episode match metadata,,,,0
tmdb://1026286,F:\MediaStack\data\media\tv\SpongeBob SquarePants\Season 04\SpongeBob SquarePants - S04E06 - Good Neighbors.avi,episode,SpongeBob SquarePants – Season 4 – Good Neighbors,unmatched,missing episode match metadata,,,,0
tmdb://1026287,F:\MediaStack\data\media\tv\SpongeBob SquarePants\Season 04\SpongeBob SquarePants - S04E07 - Selling Out.avi,episode,SpongeBob SquarePants – Season 4 – Selling Out,unmatched,missing episode match metadata,,,,0
tmdb://1108209,F:\MediaStack\data\media\tv\SpongeBob SquarePants\Season 02\SpongeBob SquarePants - S02E25-E26 - The Secret Box + Band Geeks.mkv,episode,SpongeBob SquarePants – Season 2 – The Secret Box,unmatched,missing episode match metadata,,,,0
tmdb://1108210,F:\MediaStack\data\media\tv\SpongeBob SquarePants\Season 02\SpongeBob SquarePants - S02E25-E26 - The Secret Box + Band Geeks.mkv,episode,SpongeBob SquarePants – Season 2 – Band Geeks,unmatched,missing episode match metadata,,,,0
imdb://tt0832785,F:\MediaStack\data\media\tv\SpongeBob SquarePants\Season 02\SpongeBob SquarePants - S02E27-E28 - Sailor Mouth + Artist Unknown.mkv,episode,SpongeBob SquarePants – Season 2 – Sailor Mouth,unmatched,missing episode match metadata,,,,0
tmdb://1108212,F:\MediaStack\data\media\tv\SpongeBob SquarePants\Season 02\SpongeBob SquarePants - S02E27-E28 - Sailor Mouth + Artist Unknown.mkv,episode,SpongeBob SquarePants – Season 2 – Artist Unknown,unmatched,missing episode match metadata,,,,0
tmdb://1108213,F:\MediaStack\data\media\tv\SpongeBob SquarePants\Season 02\SpongeBob SquarePants - S02E29-E30 - Jellyfish Hunter + The Fry Cook Games.mkv,episode,SpongeBob SquarePants – Season 2 – Jellyfish Hunter,unmatched,missing episode match metadata,,,,0
tmdb://1108221,F:\MediaStack\data\media\tv\SpongeBob SquarePants\Season 02\SpongeBob SquarePants - S02E29-E30 - Jellyfish Hunter + The Fry Cook Games.mkv,episode,SpongeBob SquarePants – Season 2 – The Fry Cook Games,unmatched,missing episode match metadata,,,,0
tmdb://1952655,F:\MediaStack\data\media\tv\SpongeBob SquarePants\Season 02\SpongeBob SquarePants - S02E31-E32 - Just One Bite + The Bully.mkv,episode,SpongeBob SquarePants – Season 2 – Just One Bite,unmatched,missing episode match metadata,,,,0
tmdb://1952656,F:\MediaStack\data\media\tv\SpongeBob SquarePants\Season 02\SpongeBob SquarePants - S02E31-E32 - Just One Bite + The Bully.mkv,episode,SpongeBob SquarePants – Season 2 – The Bully,unmatched,missing episode match metadata,,,,0
tmdb://1108222,"F:\MediaStack\data\media\tv\SpongeBob SquarePants\Season 02\SpongeBob SquarePants - S02E33-E34 - Squid on Strike + Sandy, SpongeBob, and the Worm.mkv",episode,SpongeBob SquarePants – Season 2 – Squid on Strike,unmatched,missing episode match metadata,,,,0
tmdb://1108223,"F:\MediaStack\data\media\tv\SpongeBob SquarePants\Season 02\SpongeBob SquarePants - S02E33-E34 - Squid on Strike + Sandy, SpongeBob, and the Worm.mkv",episode,"SpongeBob SquarePants – Season 2 – Sandy, SpongeBob, and the Worm",unmatched,missing episode match metadata,,,,0
imdb://tt0707295,F:\MediaStack\data\media\tv\SpongeBob SquarePants\Season 02\SpongeBob SquarePants - S02E35-E36 - Procrastination + I'm with Stupid.mkv,episode,SpongeBob SquarePants – Season 2 – Procrastination,unmatched,missing episode match metadata,,,,0
tmdb://1108220,F:\MediaStack\data\media\tv\SpongeBob SquarePants\Season 02\SpongeBob SquarePants - S02E35-E36 - Procrastination + I'm with Stupid.mkv,episode,SpongeBob SquarePants – Season 2 – I'm with Stupid,unmatched,missing episode match metadata,,,,0
tmdb://1026253,F:\MediaStack\data\media\tv\SpongeBob SquarePants\Season 03\SpongeBob SquarePants - S03E01-E02 - Mermaid Man and Barnacle Boy IV + Doing Time.mkv,episode,SpongeBob SquarePants – Season 3 – Mermaid Man and Barnacle Boy IV,unmatched,missing episode match metadata,,,,0
tmdb://1026254,F:\MediaStack\data\media\tv\SpongeBob SquarePants\Season 03\SpongeBob SquarePants - S03E01-E02 - Mermaid Man and Barnacle Boy IV + Doing Time.mkv,episode,SpongeBob SquarePants – Season 3 – Doing Time,unmatched,missing episode match metadata,,,,0
tmdb://1952668,F:\MediaStack\data\media\tv\SpongeBob SquarePants\Season 03\SpongeBob SquarePants - S03E03-E04 - Welcome to the Chum Bucket + Frankendoodle.mkv,episode,SpongeBob SquarePants – Season 3 – Welcome to the Chum Bucket,unmatched,missing episode match metadata,,,,0
tmdb://1952669,F:\MediaStack\data\media\tv\SpongeBob SquarePants\Season 03\SpongeBob SquarePants - S03E03-E04 - Welcome to the Chum Bucket + Frankendoodle.mkv,episode,SpongeBob SquarePants – Season 3 – Frankendoodle,unmatched,missing episode match metadata,,,,0
tmdb://1026255,F:\MediaStack\data\media\tv\SpongeBob SquarePants\Season 03\SpongeBob SquarePants - S03E05-E06 - Snowball Effect + One Krabs Trash.mkv,episode,SpongeBob SquarePants – Season 3 – Snowball Effect,unmatched,missing episode match metadata,,,,0
tmdb://1026256,F:\MediaStack\data\media\tv\SpongeBob SquarePants\Season 03\SpongeBob SquarePants - S03E05-E06 - Snowball Effect + One Krabs Trash.mkv,episode,SpongeBob SquarePants – Season 3 – One Krab's Trash,unmatched,missing episode match metadata,,,,0
tmdb://1026251,F:\MediaStack\data\media\tv\SpongeBob SquarePants\Season 03\SpongeBob SquarePants - S03E07-E08 - Nasty Patty + Idiot Box.mkv,episode,SpongeBob SquarePants – Season 3 – Nasty Patty,unmatched,missing episode match metadata,,,,0
tmdb://1026252,F:\MediaStack\data\media\tv\SpongeBob SquarePants\Season 03\SpongeBob SquarePants - S03E07-E08 - Nasty Patty + Idiot Box.mkv,episode,SpongeBob SquarePants – Season 3 – Idiot Box,unmatched,missing episode match metadata,,,,0
tmdb://1026257,F:\MediaStack\data\media\tv\SpongeBob SquarePants\Season 03\SpongeBob SquarePants - S03E09-E10 - As Seen on TV + Can You Spare a Dime.mkv,episode,SpongeBob SquarePants – Season 3 – As Seen on TV,unmatched,missing episode match metadata,,,,0
tmdb://1026258,F:\MediaStack\data\media\tv\SpongeBob SquarePants\Season 03\SpongeBob SquarePants - S03E09-E10 - As Seen on TV + Can You Spare a Dime.mkv,episode,SpongeBob SquarePants – Season 3 – Can You Spare a Dime?,unmatched,missing episode match metadata,,,,0
tmdb://1026259,F:\MediaStack\data\media\tv\SpongeBob SquarePants\Season 03\SpongeBob SquarePants - S03E11-E12 - No Weenies Allowed + Squilliam Returns.mkv,episode,SpongeBob SquarePants – Season 3 – No Weenies Allowed,unmatched,missing episode match metadata,,,,0
tmdb://1026260,F:\MediaStack\data\media\tv\SpongeBob SquarePants\Season 03\SpongeBob SquarePants - S03E11-E12 - No Weenies Allowed + Squilliam Returns.mkv,episode,SpongeBob SquarePants – Season 3 – Squilliam Returns,unmatched,missing episode match metadata,,,,0
tmdb://1026245,F:\MediaStack\data\media\tv\SpongeBob SquarePants\Season 03\SpongeBob SquarePants - S03E13-E14 - The Algae's Always Greener + SpongeGuard on Duty.mkv,episode,SpongeBob SquarePants – Season 3 – The Algae's Always Greener,unmatched,missing episode match metadata,,,,0
tmdb://1026246,F:\MediaStack\data\media\tv\SpongeBob SquarePants\Season 03\SpongeBob SquarePants - S03E13-E14 - The Algae's Always Greener + SpongeGuard on Duty.mkv,episode,SpongeBob SquarePants – Season 3 – SpongeGuard on Duty,unmatched,missing episode match metadata,,,,0
tmdb://1026261,F:\MediaStack\data\media\tv\SpongeBob SquarePants\Season 03\SpongeBob SquarePants - S03E15-E16 - Krab Borg + Rock-a-Bye Bivalve.mkv,episode,SpongeBob SquarePants – Season 3 – Krab Borg,unmatched,missing episode match metadata,,,,0
imdb://tt0766195,F:\MediaStack\data\media\tv\SpongeBob SquarePants\Season 02\SpongeBob SquarePants - S02E09-E10 - Dying for Pie + Imitation Krabs.mkv,episode,SpongeBob SquarePants – Season 2 – Dying for Pie,unmatched,missing episode match metadata,,,,0
tmdb://1108190,F:\MediaStack\data\media\tv\SpongeBob SquarePants\Season 02\SpongeBob SquarePants - S02E11-E12 - Wormy + Patty Hype.mkv,episode,SpongeBob SquarePants – Season 2 – Imitation Krabs,unmatched,missing episode match metadata,,,,0
tmdb://1108191,F:\MediaStack\data\media\tv\SpongeBob SquarePants\Season 02\SpongeBob SquarePants - S02E11-E12 - Wormy + Patty Hype.mkv,episode,SpongeBob SquarePants – Season 2 – Wormy,unmatched,missing episode match metadata,,,,0
tmdb://1108192,F:\MediaStack\data\media\tv\SpongeBob SquarePants\Season 02\SpongeBob SquarePants - S02E13-E14 - Survival of the Idiots + Dumped.mkv,episode,SpongeBob SquarePants – Season 2 – Patty Hype,unmatched,missing episode match metadata,,,,0
tmdb://1108197,F:\MediaStack\data\media\tv\SpongeBob SquarePants\Season 02\SpongeBob SquarePants - S02E13-E14 - Survival of the Idiots + Dumped.mkv,episode,SpongeBob SquarePants – Season 2 – Survival of the Idiots,unmatched,missing episode match metadata,,,,0
tmdb://1108198,F:\MediaStack\data\media\tv\SpongeBob SquarePants\Season 02\SpongeBob SquarePants - S02E15-E16 - Grandma's Kisses + Squidville.mkv,episode,SpongeBob SquarePants – Season 2 – Dumped,unmatched,missing episode match metadata,,,,0
tmdb://1108199,F:\MediaStack\data\media\tv\SpongeBob SquarePants\Season 02\SpongeBob SquarePants - S02E15-E16 - Grandma's Kisses + Squidville.mkv,episode,SpongeBob SquarePants – Season 2 – Grandma's Kisses,unmatched,missing episode match metadata,,,,0
tmdb://1108200,F:\MediaStack\data\media\tv\SpongeBob SquarePants\Season 02\SpongeBob SquarePants - S02E17-E18 - No Free Rides + I'm Your Biggest Fanatic.mkv,episode,SpongeBob SquarePants – Season 2 – Squidville,unmatched,missing episode match metadata,,,,0
tmdb://1108201,F:\MediaStack\data\media\tv\SpongeBob SquarePants\Season 02\SpongeBob SquarePants - S02E17-E18 - No Free Rides + I'm Your Biggest Fanatic.mkv,episode,SpongeBob SquarePants – Season 2 – No Free Rides,unmatched,missing episode match metadata,,,,0
tmdb://1108202,F:\MediaStack\data\media\tv\SpongeBob SquarePants\Season 02\SpongeBob SquarePants - S02E19-E20 - Shanghaied + Gary Takes a Bath.mkv,episode,SpongeBob SquarePants – Season 2 – I'm Your Biggest Fanatic,unmatched,missing episode match metadata,,,,0
tmdb://1108205,F:\MediaStack\data\media\tv\SpongeBob SquarePants\Season 02\SpongeBob SquarePants - S02E19-E20 - Shanghaied + Gary Takes a Bath.mkv,episode,SpongeBob SquarePants – Season 2 – Pressure,unmatched,missing episode match metadata,,,,0
tmdb://1108206,F:\MediaStack\data\media\tv\SpongeBob SquarePants\Season 02\SpongeBob SquarePants - S02E21-E22 - Pressure + The Smoking Peanut.mkv,episode,SpongeBob SquarePants – Season 2 – The Smoking Peanut,unmatched,missing episode match metadata,,,,0
tmdb://1108203,F:\MediaStack\data\media\tv\SpongeBob SquarePants\Season 02\SpongeBob SquarePants - S02E21-E22 - Pressure + The Smoking Peanut.mkv,episode,SpongeBob SquarePants – Season 2 – Shanghaied,unmatched,missing episode match metadata,,,,0
imdb://tt0707306,F:\MediaStack\data\media\tv\SpongeBob SquarePants\Season 02\SpongeBob SquarePants - S02E23-E24 - Prehibernation Week + Life of Crime.mkv,episode,SpongeBob SquarePants – Season 2 – Prehibernation Week,unmatched,missing episode match metadata,,,,0
tmdb://1108208,F:\MediaStack\data\media\tv\SpongeBob SquarePants\Season 02\SpongeBob SquarePants - S02E23-E24 - Prehibernation Week + Life of Crime.mkv,episode,SpongeBob SquarePants – Season 2 – Life of Crime,unmatched,missing episode match metadata,,,,0
imdb://tt0769435,F:\MediaStack\data\media\tv\SpongeBob SquarePants\Season 01\SpongeBob SquarePants - S01E28-E29 - SB-129 + Karate Choppers.mkv,episode,SpongeBob SquarePants – Season 1 – SB-129,unmatched,missing episode match metadata,,,,0
tmdb://1001288,F:\MediaStack\data\media\tv\SpongeBob SquarePants\Season 01\SpongeBob SquarePants - S01E28-E29 - SB-129 + Karate Choppers.mkv,episode,SpongeBob SquarePants – Season 1 – Karate Choppers,unmatched,missing episode match metadata,,,,0
tmdb://1001289,F:\MediaStack\data\media\tv\SpongeBob SquarePants\Season 01\SpongeBob SquarePants - S01E30-E31 - Sleepy Time + Suds.mkv,episode,SpongeBob SquarePants – Season 1 – Sleepy Time,unmatched,missing episode match metadata,,,,0
tmdb://1001290,F:\MediaStack\data\media\tv\SpongeBob SquarePants\Season 01\SpongeBob SquarePants - S01E30-E31 - Sleepy Time + Suds.mkv,episode,SpongeBob SquarePants – Season 1 – Suds,unmatched,missing episode match metadata,,,,0
tmdb://1001291,F:\MediaStack\data\media\tv\SpongeBob SquarePants\Season 01\SpongeBob SquarePants - S01E32-E33 - Valentine's Day + The Paper.mkv,episode,SpongeBob SquarePants – Season 1 – Valentine's Day,unmatched,missing episode match metadata,,,,0
tmdb://1001292,F:\MediaStack\data\media\tv\SpongeBob SquarePants\Season 01\SpongeBob SquarePants - S01E32-E33 - Valentine's Day + The Paper.mkv,episode,SpongeBob SquarePants – Season 1 – The Paper,unmatched,missing episode match metadata,,,,0
tmdb://1001293,F:\MediaStack\data\media\tv\SpongeBob SquarePants\Season 01\SpongeBob SquarePants - S01E34-E35 - Arrgh! + Rock Bottom.mkv,episode,SpongeBob SquarePants – Season 1 – Arrgh!,unmatched,missing episode match metadata,,,,0
tmdb://1001294,F:\MediaStack\data\media\tv\SpongeBob SquarePants\Season 01\SpongeBob SquarePants - S01E34-E35 - Arrgh! + Rock Bottom.mkv,episode,SpongeBob SquarePants – Season 1 – Rock Bottom,unmatched,missing episode match metadata,,,,0
tmdb://1001295,F:\MediaStack\data\media\tv\SpongeBob SquarePants\Season 01\SpongeBob SquarePants - S01E36-E37 - Texas + Walking Small.mkv,episode,SpongeBob SquarePants – Season 1 – Texas,unmatched,missing episode match metadata,,,,0
tmdb://1001296,F:\MediaStack\data\media\tv\SpongeBob SquarePants\Season 01\SpongeBob SquarePants - S01E36-E37 - Texas + Walking Small.mkv,episode,SpongeBob SquarePants – Season 1 – Walking Small,unmatched,missing episode match metadata,,,,0
tmdb://1001297,F:\MediaStack\data\media\tv\SpongeBob SquarePants\Season 01\SpongeBob SquarePants - S01E38-E39 - Fools in April + Neptune's Spatula.mkv,episode,SpongeBob SquarePants – Season 1 – Fools in April,unmatched,missing episode match metadata,,,,0
tmdb://1001298,F:\MediaStack\data\media\tv\SpongeBob SquarePants\Season 01\SpongeBob SquarePants - S01E38-E39 - Fools in April + Neptune's Spatula.mkv,episode,SpongeBob SquarePants – Season 1 – Neptune's Spatula,unmatched,missing episode match metadata,,,,0
tmdb://1001299,F:\MediaStack\data\media\tv\SpongeBob SquarePants\Season 01\SpongeBob SquarePants - S01E40-E41 - Hooky + Mermaid Man and Barnacle Boy II.mkv,episode,SpongeBob SquarePants – Season 1 – Hooky,unmatched,missing episode match metadata,,,,0
tmdb://1001300,F:\MediaStack\data\media\tv\SpongeBob SquarePants\Season 01\SpongeBob SquarePants - S01E40-E41 - Hooky + Mermaid Man and Barnacle Boy II.mkv,episode,SpongeBob SquarePants – Season 1 – Mermaid Man and Barnacle Boy II,unmatched,missing episode match metadata,,,,0
imdb://tt0707289,F:\MediaStack\data\media\tv\SpongeBob SquarePants\Season 02\SpongeBob SquarePants - S02E01-E02 - Something Smells + Bossy Boots.mkv,episode,SpongeBob SquarePants – Season 2 – Something Smells,unmatched,missing episode match metadata,,,,0
tmdb://1108184,F:\MediaStack\data\media\tv\SpongeBob SquarePants\Season 02\SpongeBob SquarePants - S02E01-E02 - Something Smells + Bossy Boots.mkv,episode,SpongeBob SquarePants – Season 2 – Bossy Boots,unmatched,missing episode match metadata,,,,0
tmdb://1108181,F:\MediaStack\data\media\tv\SpongeBob SquarePants\Season 02\SpongeBob SquarePants - S02E03-E04 - Your Shoe's Untied + Squid's Day Off.mkv,episode,SpongeBob SquarePants – Season 2 – Your Shoe's Untied,unmatched,missing episode match metadata,,,,0
tmdb://1108182,F:\MediaStack\data\media\tv\SpongeBob SquarePants\Season 02\SpongeBob SquarePants - S02E03-E04 - Your Shoe's Untied + Squid's Day Off.mkv,episode,SpongeBob SquarePants – Season 2 – Squid's Day Off,unmatched,missing episode match metadata,,,,0
tmdb://1108185,F:\MediaStack\data\media\tv\SpongeBob SquarePants\Season 02\SpongeBob SquarePants - S02E05-E06 - Big Pink Loser + Bubble Buddy.mkv,episode,SpongeBob SquarePants – Season 2 – Big Pink Loser,unmatched,missing episode match metadata,,,,0
tmdb://1108186,F:\MediaStack\data\media\tv\SpongeBob SquarePants\Season 02\SpongeBob SquarePants - S02E05-E06 - Big Pink Loser + Bubble Buddy.mkv,episode,SpongeBob SquarePants – Season 2 – Bubble Buddy,unmatched,missing episode match metadata,,,,0
tmdb://1108187,F:\MediaStack\data\media\tv\SpongeBob SquarePants\Season 02\SpongeBob SquarePants - S02E07-E08 - Mermaid Man and Barnacle Boy III + Squirrel Jokes.mkv,episode,SpongeBob SquarePants – Season 2 – Mermaid Man & Barnacle Boy III,unmatched,missing episode match metadata,,,,0
tmdb://1108188,F:\MediaStack\data\media\tv\SpongeBob SquarePants\Season 02\SpongeBob SquarePants - S02E07-E08 - Mermaid Man and Barnacle Boy III + Squirrel Jokes.mkv,episode,SpongeBob SquarePants – Season 2 – Squirrel Jokes,unmatched,missing episode match metadata,,,,0
tmdb://1108214,F:\MediaStack\data\media\tv\SpongeBob SquarePants\Season 02\SpongeBob SquarePants - S02E09-E10 - Dying for Pie + Imitation Krabs.mkv,episode,SpongeBob SquarePants – Season 2 – Christmas Who?,unmatched,missing episode match metadata,,,,0
tmdb://1001262,F:\MediaStack\data\media\tv\SpongeBob SquarePants\Season 01\SpongeBob SquarePants - S01E01-E03 - Help Wanted + Reef Blower + Tea at the Treedome.mkv,episode,SpongeBob SquarePants – Season 1 – Tea at the Treedome,unmatched,missing episode match metadata,,,,0
imdb://tt0769427,F:\MediaStack\data\media\tv\SpongeBob SquarePants\Season 01\SpongeBob SquarePants - S01E04-E05 - Bubblestand + Ripped Pants.mkv,episode,SpongeBob SquarePants – Season 1 – Bubblestand,unmatched,missing episode match metadata,,,,0
tmdb://1001264,F:\MediaStack\data\media\tv\SpongeBob SquarePants\Season 01\SpongeBob SquarePants - S01E04-E05 - Bubblestand + Ripped Pants.mkv,episode,SpongeBob SquarePants – Season 1 – Ripped Pants,unmatched,missing episode match metadata,,,,0
imdb://tt0707296,F:\MediaStack\data\media\tv\SpongeBob SquarePants\Season 01\SpongeBob SquarePants - S01E06-E07 - Jellyfishing + Plankton!.mkv,episode,SpongeBob SquarePants – Season 1 – Jellyfishing,unmatched,missing episode match metadata,,,,0
tmdb://1001266,F:\MediaStack\data\media\tv\SpongeBob SquarePants\Season 01\SpongeBob SquarePants - S01E06-E07 - Jellyfishing + Plankton!.mkv,episode,SpongeBob SquarePants – Season 1 – Plankton!,unmatched,missing episode match metadata,,,,0
imdb://tt0769432,F:\MediaStack\data\media\tv\SpongeBob SquarePants\Season 01\SpongeBob SquarePants - S01E08-E09 - Naughty Nautical Neighbors + Boating School.mkv,episode,SpongeBob SquarePants – Season 1 – Naughty Nautical Neighbors,unmatched,missing episode match metadata,,,,0
tmdb://1001268,F:\MediaStack\data\media\tv\SpongeBob SquarePants\Season 01\SpongeBob SquarePants - S01E08-E09 - Naughty Nautical Neighbors + Boating School.mkv,episode,SpongeBob SquarePants – Season 1 – Boating School,unmatched,missing episode match metadata,,,,0
imdb://tt0769433,F:\MediaStack\data\media\tv\SpongeBob SquarePants\Season 01\SpongeBob SquarePants - S01E10-E11 - Pizza Delivery + Home Sweet Pineapple.mkv,episode,SpongeBob SquarePants – Season 1 – Pizza Delivery,unmatched,missing episode match metadata,,,,0
tmdb://1001270,F:\MediaStack\data\media\tv\SpongeBob SquarePants\Season 01\SpongeBob SquarePants - S01E10-E11 - Pizza Delivery + Home Sweet Pineapple.mkv,episode,SpongeBob SquarePants – Season 1 – Home Sweet Pineapple,unmatched,missing episode match metadata,,,,0
imdb://tt0707302,F:\MediaStack\data\media\tv\SpongeBob SquarePants\Season 01\SpongeBob SquarePants - S01E12-E13 - Mermaid Man and Barnacle Boy + Pickles.mkv,episode,SpongeBob SquarePants – Season 1 – Mermaid Man and Barnacle Boy,unmatched,missing episode match metadata,,,,0
tmdb://1001272,F:\MediaStack\data\media\tv\SpongeBob SquarePants\Season 01\SpongeBob SquarePants - S01E12-E13 - Mermaid Man and Barnacle Boy + Pickles.mkv,episode,SpongeBob SquarePants – Season 1 – Pickles,unmatched,missing episode match metadata,,,,0
imdb://tt0769429,F:\MediaStack\data\media\tv\SpongeBob SquarePants\Season 01\SpongeBob SquarePants - S01E14-E15 - Hall Monitor + Jellyfish Jam.mkv,episode,SpongeBob SquarePants – Season 1 – Hall Monitor,unmatched,missing episode match metadata,,,,0
tmdb://1001274,F:\MediaStack\data\media\tv\SpongeBob SquarePants\Season 01\SpongeBob SquarePants - S01E14-E15 - Hall Monitor + Jellyfish Jam.mkv,episode,SpongeBob SquarePants – Season 1 – Jellyfish Jam,unmatched,missing episode match metadata,,,,0
tmdb://1001275,F:\MediaStack\data\media\tv\SpongeBob SquarePants\Season 01\SpongeBob SquarePants - S01E16-E17 - Sandy's Rocket + Squeaky Boots.mkv,episode,SpongeBob SquarePants – Season 1 – Sandy's Rocket,unmatched,missing episode match metadata,,,,0
tmdb://1001276,F:\MediaStack\data\media\tv\SpongeBob SquarePants\Season 01\SpongeBob SquarePants - S01E16-E17 - Sandy's Rocket + Squeaky Boots.mkv,episode,SpongeBob SquarePants – Season 1 – Squeaky Boots,unmatched,missing episode match metadata,,,,0
imdb://tt0769431,F:\MediaStack\data\media\tv\SpongeBob SquarePants\Season 01\SpongeBob SquarePants - S01E18-E19 - Nature Pants + Opposite Day.mkv,episode,SpongeBob SquarePants – Season 1 – Nature Pants,unmatched,missing episode match metadata,,,,0
tmdb://1001278,F:\MediaStack\data\media\tv\SpongeBob SquarePants\Season 01\SpongeBob SquarePants - S01E18-E19 - Nature Pants + Opposite Day.mkv,episode,SpongeBob SquarePants – Season 1 – Opposite Day,unmatched,missing episode match metadata,,,,0
tmdb://1001279,F:\MediaStack\data\media\tv\SpongeBob SquarePants\Season 01\SpongeBob SquarePants - S01E20-E21 - Culture Shock + F.U.N.mkv,episode,SpongeBob SquarePants – Season 1 – Culture Shock,unmatched,missing episode match metadata,,,,0
tmdb://1001280,F:\MediaStack\data\media\tv\SpongeBob SquarePants\Season 01\SpongeBob SquarePants - S01E20-E21 - Culture Shock + F.U.N.mkv,episode,SpongeBob SquarePants – Season 1 – F.U.N.,unmatched,missing episode match metadata,,,,0
tmdb://1001281,F:\MediaStack\data\media\tv\SpongeBob SquarePants\Season 01\SpongeBob SquarePants - S01E22-E23 - MuscleBob BuffPants + Squidward the Unfriendly Ghost.mkv,episode,SpongeBob SquarePants – Season 1 – MuscleBob BuffPants,unmatched,missing episode match metadata,,,,0
tmdb://1001282,F:\MediaStack\data\media\tv\SpongeBob SquarePants\Season 01\SpongeBob SquarePants - S01E22-E23 - MuscleBob BuffPants + Squidward the Unfriendly Ghost.mkv,episode,SpongeBob SquarePants – Season 1 – Squidward the Unfriendly Ghost,unmatched,missing episode match metadata,,,,0
tmdb://1001283,F:\MediaStack\data\media\tv\SpongeBob SquarePants\Season 01\SpongeBob SquarePants - S01E24-E25 - The Chaperone + Employee of the Month.mkv,episode,SpongeBob SquarePants – Season 1 – The Chaperone,unmatched,missing episode match metadata,,,,0
tmdb://1001284,F:\MediaStack\data\media\tv\SpongeBob SquarePants\Season 01\SpongeBob SquarePants - S01E24-E25 - The Chaperone + Employee of the Month.mkv,episode,SpongeBob SquarePants – Season 1 – Employee of the Month,unmatched,missing episode match metadata,,,,0
imdb://tt0707307,F:\MediaStack\data\media\tv\SpongeBob SquarePants\Season 01\SpongeBob SquarePants - S01E26-E27 - Scaredy Pants + I Was a Teenage Gary.mkv,episode,SpongeBob SquarePants – Season 1 – Scaredy Pants,unmatched,missing episode match metadata,,,,0
tmdb://1001286,F:\MediaStack\data\media\tv\SpongeBob SquarePants\Season 01\SpongeBob SquarePants - S01E26-E27 - Scaredy Pants + I Was a Teenage Gary.mkv,episode,SpongeBob SquarePants – Season 1 – I Was a Teenage Gary,unmatched,missing episode match metadata,,,,0
local://24055,F:\MediaStack\data\media\tv\Solo Leveling\Season 02\Solo Leveling - S02E05 - This is What We're Trained to Do.mkv,episode,Solo Leveling – Season 2 – Episode 5,unmatched,missing episode match metadata,,,,0
local://24056,F:\MediaStack\data\media\tv\Solo Leveling\Season 02\Solo Leveling - S02E06 - Don't Look Down on My Guys.mkv,episode,Solo Leveling – Season 2 – Episode 6,unmatched,missing episode match metadata,,,,0
local://24057,F:\MediaStack\data\media\tv\Solo Leveling\Season 02\Solo Leveling - S02E07 - The 10th S-Rank Hunter.mkv,episode,Solo Leveling – Season 2 – Episode 7,unmatched,missing episode match metadata,,,,0
local://24058,F:\MediaStack\data\media\tv\Solo Leveling\Season 02\Solo Leveling - S02E08 - Looking Up Was Tiring Me Out.mkv,episode,Solo Leveling – Season 2 – Episode 8,unmatched,missing episode match metadata,,,,0
local://24059,F:\MediaStack\data\media\tv\Solo Leveling\Season 02\Solo Leveling - S02E09 - It was All Worth It.mkv,episode,Solo Leveling – Season 2 – Episode 9,unmatched,missing episode match metadata,,,,0
local://24060,F:\MediaStack\data\media\tv\Solo Leveling\Season 02\Solo Leveling - S02E10 - We Need a Hero.mkv,episode,Solo Leveling – Season 2 – Episode 10,unmatched,missing episode match metadata,,,,0
local://24061,F:\MediaStack\data\media\tv\Solo Leveling\Season 02\Solo Leveling - S02E11 - It's Going to Get Even More Intense.mkv,episode,Solo Leveling – Season 2 – Episode 11,unmatched,missing episode match metadata,,,,0
local://24062,F:\MediaStack\data\media\tv\Solo Leveling\Season 02\Solo Leveling - S02E12 - Are You the King of Humans.mkv,episode,Solo Leveling – Season 2 – Episode 12,unmatched,missing episode match metadata,,,,0
local://24063,F:\MediaStack\data\media\tv\Solo Leveling\Season 02\Solo Leveling - S02E13 - On to the Next Target.mkv,episode,Solo Leveling – Season 2 – Episode 13,unmatched,missing episode match metadata,,,,0
tmdb://6042071,F:\MediaStack\data\media\tv\SpongeBob SquarePants\Specials\SpongeBob SquarePants - S00E02 - Party Pooper Pants.mkv,episode,SpongeBob SquarePants – Specials – Holiday Party,unmatched,missing episode match metadata,,,,0
tmdb://6042072,F:\MediaStack\data\media\tv\SpongeBob SquarePants\Specials\SpongeBob SquarePants - S00E03 - The Sponge Who Could Fly.mkv,episode,SpongeBob SquarePants – Specials – Plankton's Holiday Hits,unmatched,missing episode match metadata,,,,0
tmdb://6390387,F:\MediaStack\data\media\tv\SpongeBob SquarePants\Specials\SpongeBob SquarePants - S00E04 - Ugh.mkv,episode,SpongeBob SquarePants – Specials – Bikini Bottom's 7 Life Strategies,unmatched,missing episode match metadata,,,,0
tmdb://6390337,F:\MediaStack\data\media\tv\SpongeBob SquarePants\Specials\SpongeBob SquarePants - S00E06 - Have You Seen This Snail.mkv,episode,SpongeBob SquarePants – Specials – Recollections From the First Season Crew,unmatched,missing episode match metadata,,,,0
tmdb://6390341,F:\MediaStack\data\media\tv\SpongeBob SquarePants\Specials\SpongeBob SquarePants - S00E07 - Dunces and Dragons.mkv,episode,SpongeBob SquarePants – Specials – Everybody's Talking: The Voices Behind SpongeBob SquarePants,unmatched,missing episode match metadata,,,,0
tmdb://6390347,F:\MediaStack\data\media\tv\SpongeBob SquarePants\Specials\SpongeBob SquarePants - S00E08 - Friend or Foe.mkv,episode,SpongeBob SquarePants – Specials – Drawing the Goo Lagoon,unmatched,missing episode match metadata,,,,0
tmdb://1026532,F:\MediaStack\data\media\tv\SpongeBob SquarePants\Specials\SpongeBob SquarePants - S00E09 - Atlantis SquarePantis.mkv,episode,SpongeBob SquarePants – Specials – The Endless Summer,unmatched,missing episode match metadata,,,,0
tmdb://6390582,F:\MediaStack\data\media\tv\SpongeBob SquarePants\Specials\SpongeBob SquarePants - S00E10 - Pest of the West.mkv,episode,SpongeBob SquarePants – Specials – Around the World With SpongeBob SquarePants,unmatched,missing episode match metadata,,,,0
tmdb://6390621,F:\MediaStack\data\media\tv\SpongeBob SquarePants\Specials\SpongeBob SquarePants - S00E11 - What Ever Happened to SpongeBob.mkv,episode,SpongeBob SquarePants – Specials – How to Draw SpongeBob SquarePants & His Underwater Buddies,unmatched,missing episode match metadata,,,,0
tmdb://6390655,F:\MediaStack\data\media\tv\SpongeBob SquarePants\Specials\SpongeBob SquarePants - S00E12 - SpongeBob SquarePants vs. The Big One.mkv,episode,SpongeBob SquarePants – Specials – Behind the Scenes: The Voices of SpongeBob & Friends,unmatched,missing episode match metadata,,,,0
tmdb://6390652,F:\MediaStack\data\media\tv\SpongeBob SquarePants\Specials\SpongeBob SquarePants - S00E14 - Truth or Square.mkv,episode,SpongeBob SquarePants – Specials – Anything for Baby,unmatched,missing episode match metadata,,,,0
tmdb://6390653,F:\MediaStack\data\media\tv\SpongeBob SquarePants\Specials\SpongeBob SquarePants - S00E15 - The Clash of Triton.mkv,episode,SpongeBob SquarePants – Specials – Flowers for Sandy,unmatched,missing episode match metadata,,,,0
imdb://tt0707293,F:\MediaStack\data\media\tv\SpongeBob SquarePants\Season 01\SpongeBob SquarePants - S01E01-E03 - Help Wanted + Reef Blower + Tea at the Treedome.mkv,episode,SpongeBob SquarePants – Season 1 – Help Wanted,unmatched,missing episode match metadata,,,,0
tmdb://1001261,F:\MediaStack\data\media\tv\SpongeBob SquarePants\Season 01\SpongeBob SquarePants - S01E01-E03 - Help Wanted + Reef Blower + Tea at the Treedome.mkv,episode,SpongeBob SquarePants – Season 1 – Reef Blower,unmatched,missing episode match metadata,,,,0
imdb://tt0697727,F:\MediaStack\data\media\tv\Seinfeld\Season 09\Seinfeld - S09E19 - The Maid.mkv,episode,Seinfeld – Season 9 – The Maid,unmatched,missing episode match metadata,,,,0
imdb://tt0697761,F:\MediaStack\data\media\tv\Seinfeld\Season 09\Seinfeld - S09E20 - The Puerto Rican Day.mkv,episode,Seinfeld – Season 9 – The Puerto Rican Day,unmatched,missing episode match metadata,,,,0
imdb://tt0893212,F:\MediaStack\data\media\tv\Seinfeld\Season 09\Seinfeld - S09E21-E22 - The Chronicle (Part 1) + The Chronicle (Part 2).mkv,episode,Seinfeld – Season 9 – The Chronicle (1),unmatched,missing episode match metadata,,,,0
tmdb://63282,F:\MediaStack\data\media\tv\Seinfeld\Season 09\Seinfeld - S09E21-E22 - The Chronicle (Part 1) + The Chronicle (Part 2).mkv,episode,Seinfeld – Season 9 – The Chronicle (2),unmatched,missing episode match metadata,,,,0
imdb://tt0697695,F:\MediaStack\data\media\tv\Seinfeld\Season 09\Seinfeld - S09E23-E24 - The Finale (Part 1) + The Finale (Part 2).mkv,episode,Seinfeld – Season 9 – The Finale (1),unmatched,missing episode match metadata,,,,0
tmdb://63283,F:\MediaStack\data\media\tv\Seinfeld\Season 09\Seinfeld - S09E23-E24 - The Finale (Part 1) + The Finale (Part 2).mkv,episode,Seinfeld – Season 9 – The Finale (2),unmatched,missing episode match metadata,,,,0
imdb://tt21603464,F:\MediaStack\data\media\tv\Solo Leveling\Season 01\Solo Leveling - S01E01 - I'm Used to It.mkv,episode,Solo Leveling – Season 1 – I'm Used to It,unmatched,missing episode match metadata,,,,0
imdb://tt30801754,F:\MediaStack\data\media\tv\Solo Leveling\Season 01\Solo Leveling - S01E02 - If I Had One More Chance.mkv,episode,Solo Leveling – Season 1 – If I Had One More Chance,unmatched,missing episode match metadata,,,,0
imdb://tt30869507,F:\MediaStack\data\media\tv\Solo Leveling\Season 01\Solo Leveling - S01E03 - It's Like a Game.mkv,episode,Solo Leveling – Season 1 – It's Like a Game,unmatched,missing episode match metadata,,,,0
imdb://tt30869508,F:\MediaStack\data\media\tv\Solo Leveling\Season 01\Solo Leveling - S01E04 - I've Gotta Get Stronger.mkv,episode,Solo Leveling – Season 1 – I've Gotta Get Stronger,unmatched,missing episode match metadata,,,,0
imdb://tt30869509,F:\MediaStack\data\media\tv\Solo Leveling\Season 01\Solo Leveling - S01E05 - A Pretty Good Deal.mkv,episode,Solo Leveling – Season 1 – A Pretty Good Deal,unmatched,missing episode match metadata,,,,0
imdb://tt30869510,F:\MediaStack\data\media\tv\Solo Leveling\Season 01\Solo Leveling - S01E06 - The Real Hunt Begins.mkv,episode,Solo Leveling – Season 1 – The Real Hunt Begins,unmatched,missing episode match metadata,,,,0
imdb://tt30869511,F:\MediaStack\data\media\tv\Solo Leveling\Season 01\Solo Leveling - S01E07 - Let's See How Far I Can Go.mkv,episode,Solo Leveling – Season 1 – Let's See How Far I Can Go,unmatched,missing episode match metadata,,,,0
imdb://tt31695633,F:\MediaStack\data\media\tv\Solo Leveling\Season 01\Solo Leveling - S01E08 - This Is Frustrating.mkv,episode,Solo Leveling – Season 1 – This Is Frustrating,unmatched,missing episode match metadata,,,,0
imdb://tt30869514,F:\MediaStack\data\media\tv\Solo Leveling\Season 01\Solo Leveling - S01E09 - You've Been Hiding Your Skills.mkv,episode,Solo Leveling – Season 1 – You've Been Hiding Your Skills,unmatched,missing episode match metadata,,,,0
imdb://tt30869516,"F:\MediaStack\data\media\tv\Solo Leveling\Season 01\Solo Leveling - S01E10 - What Is This, a Picnic.mkv",episode,"Solo Leveling – Season 1 – What Is This, a Picnic?",unmatched,missing episode match metadata,,,,0
imdb://tt30869517,F:\MediaStack\data\media\tv\Solo Leveling\Season 01\Solo Leveling - S01E11 - A Knight Who Defends an Empty Throne.mkv,episode,Solo Leveling – Season 1 – A Knight Who Defends an Empty Throne,unmatched,missing episode match metadata,,,,0
imdb://tt31529203,F:\MediaStack\data\media\tv\Solo Leveling\Season 01\Solo Leveling - S01E12 - Arise.mkv,episode,Solo Leveling – Season 1 – Arise,unmatched,missing episode match metadata,,,,0
local://24051,"F:\MediaStack\data\media\tv\Solo Leveling\Season 02\Solo Leveling - S02E01 - You Aren't E-Rank, Are You.mkv",episode,Solo Leveling – Season 2 – Episode 1,unmatched,missing episode match metadata,,,,0
local://24052,F:\MediaStack\data\media\tv\Solo Leveling\Season 02\Solo Leveling - S02E02 - I Suppose You Aren't Aware.mkv,episode,Solo Leveling – Season 2 – Episode 2,unmatched,missing episode match metadata,,,,0
local://24053,F:\MediaStack\data\media\tv\Solo Leveling\Season 02\Solo Leveling - S02E03 - Still a Long Way to Go.mkv,episode,Solo Leveling – Season 2 – Episode 3,unmatched,missing episode match metadata,,,,0
local://24054,F:\MediaStack\data\media\tv\Solo Leveling\Season 02\Solo Leveling - S02E04 - I Need to Stop Faking.mkv,episode,Solo Leveling – Season 2 – Episode 4,unmatched,missing episode match metadata,,,,0
imdb://tt0697760,F:\MediaStack\data\media\tv\Seinfeld\Season 08\Seinfeld - S08E16 - The Pothole.mkv,episode,Seinfeld – Season 8 – The Pothole,unmatched,missing episode match metadata,,,,0
imdb://tt0697691,F:\MediaStack\data\media\tv\Seinfeld\Season 08\Seinfeld - S08E17 - The English Patient.mkv,episode,Seinfeld – Season 8 – The English Patient,unmatched,missing episode match metadata,,,,0
imdb://tt0697737,F:\MediaStack\data\media\tv\Seinfeld\Season 08\Seinfeld - S08E18 - The Nap.mkv,episode,Seinfeld – Season 8 – The Nap,unmatched,missing episode match metadata,,,,0
imdb://tt0697814,F:\MediaStack\data\media\tv\Seinfeld\Season 08\Seinfeld - S08E19 - The Yada Yada.mkv,episode,Seinfeld – Season 8 – The Yada Yada,unmatched,missing episode match metadata,,,,0
imdb://tt0697732,F:\MediaStack\data\media\tv\Seinfeld\Season 08\Seinfeld - S08E20 - The Millennium.mkv,episode,Seinfeld – Season 8 – The Millennium,unmatched,missing episode match metadata,,,,0
imdb://tt0697736,F:\MediaStack\data\media\tv\Seinfeld\Season 08\Seinfeld - S08E21 - The Muffin Tops.mkv,episode,Seinfeld – Season 8 – The Muffin Tops,unmatched,missing episode match metadata,,,,0
imdb://tt0697794,F:\MediaStack\data\media\tv\Seinfeld\Season 08\Seinfeld - S08E22 - The Summer of George.mkv,episode,Seinfeld – Season 8 – The Summer of George,unmatched,missing episode match metadata,,,,0
imdb://tt0697665,F:\MediaStack\data\media\tv\Seinfeld\Season 09\Seinfeld - S09E01 - The Butter Shave.mkv,episode,Seinfeld – Season 9 – The Butter Shave,unmatched,missing episode match metadata,,,,0
imdb://tt0697806,F:\MediaStack\data\media\tv\Seinfeld\Season 09\Seinfeld - S09E02 - The Voice.mkv,episode,Seinfeld – Season 9 – The Voice,unmatched,missing episode match metadata,,,,0
imdb://tt0697773,F:\MediaStack\data\media\tv\Seinfeld\Season 09\Seinfeld - S09E03 - The Serenity Now.mkv,episode,Seinfeld – Season 9 – The Serenity Now,unmatched,missing episode match metadata,,,,0
imdb://tt0697658,F:\MediaStack\data\media\tv\Seinfeld\Season 09\Seinfeld - S09E04 - The Blood.mkv,episode,Seinfeld – Season 9 – The Blood,unmatched,missing episode match metadata,,,,0
imdb://tt0697716,F:\MediaStack\data\media\tv\Seinfeld\Season 09\Seinfeld - S09E05 - The Junk Mail.mkv,episode,Seinfeld – Season 9 – The Junk Mail,unmatched,missing episode match metadata,,,,0
imdb://tt0697731,F:\MediaStack\data\media\tv\Seinfeld\Season 09\Seinfeld - S09E06 - The Merv Griffin Show.mkv,episode,Seinfeld – Season 9 – The Merv Griffin Show,unmatched,missing episode match metadata,,,,0
imdb://tt0697777,F:\MediaStack\data\media\tv\Seinfeld\Season 09\Seinfeld - S09E07 - The Slicer.mkv,episode,Seinfeld – Season 9 – The Slicer,unmatched,missing episode match metadata,,,,0
imdb://tt0697655,F:\MediaStack\data\media\tv\Seinfeld\Season 09\Seinfeld - S09E08 - The Betrayal.mkv,episode,Seinfeld – Season 9 – The Betrayal,unmatched,missing episode match metadata,,,,0
imdb://tt0697651,F:\MediaStack\data\media\tv\Seinfeld\Season 09\Seinfeld - S09E09 - The Apology.mkv,episode,Seinfeld – Season 9 – The Apology,unmatched,missing episode match metadata,,,,0
imdb://tt0697790,F:\MediaStack\data\media\tv\Seinfeld\Season 09\Seinfeld - S09E10 - The Strike.mkv,episode,Seinfeld – Season 9 – The Strike,unmatched,missing episode match metadata,,,,0
imdb://tt0697683,F:\MediaStack\data\media\tv\Seinfeld\Season 09\Seinfeld - S09E11 - The Dealership.mkv,episode,Seinfeld – Season 9 – The Dealership,unmatched,missing episode match metadata,,,,0
imdb://tt0697767,F:\MediaStack\data\media\tv\Seinfeld\Season 09\Seinfeld - S09E12 - The Reverse Peephole.mkv,episode,Seinfeld – Season 9 – The Reverse Peephole,unmatched,missing episode match metadata,,,,0
imdb://tt0697670,F:\MediaStack\data\media\tv\Seinfeld\Season 09\Seinfeld - S09E13 - The Cartoon.mkv,episode,Seinfeld – Season 9 – The Cartoon,unmatched,missing episode match metadata,,,,0
imdb://tt0697791,F:\MediaStack\data\media\tv\Seinfeld\Season 09\Seinfeld - S09E14 - The Strongbox.mkv,episode,Seinfeld – Season 9 – The Strong Box,unmatched,missing episode match metadata,,,,0
imdb://tt0697813,F:\MediaStack\data\media\tv\Seinfeld\Season 09\Seinfeld - S09E15 - The Wizard.mkv,episode,Seinfeld – Season 9 – The Wizard,unmatched,missing episode match metadata,,,,0
imdb://tt0697663,F:\MediaStack\data\media\tv\Seinfeld\Season 09\Seinfeld - S09E16 - The Burning.mkv,episode,Seinfeld – Season 9 – The Burning,unmatched,missing episode match metadata,,,,0
imdb://tt0697659,F:\MediaStack\data\media\tv\Seinfeld\Season 09\Seinfeld - S09E17 - The Bookstore.mkv,episode,Seinfeld – Season 9 – The Bookstore,unmatched,missing episode match metadata,,,,0
imdb://tt0697701,F:\MediaStack\data\media\tv\Seinfeld\Season 09\Seinfeld - S09E18 - The Frogger.mkv,episode,Seinfeld – Season 9 – The Frogger,unmatched,missing episode match metadata,,,,0
imdb://tt0697666,F:\MediaStack\data\media\tv\Seinfeld\Season 07\Seinfeld - S07E12 - The Caddy.mkv,episode,Seinfeld – Season 7 – The Caddy,unmatched,missing episode match metadata,,,,0
imdb://tt0697774,F:\MediaStack\data\media\tv\Seinfeld\Season 07\Seinfeld - S07E13 - The Seven.mkv,episode,Seinfeld – Season 7 – The Seven,unmatched,missing episode match metadata,,,,0
imdb://tt0697667,F:\MediaStack\data\media\tv\Seinfeld\Season 07\Seinfeld - S07E14-E15 - The Cadillac (Part 1) + The Cadillac (Part 2).mkv,episode,Seinfeld – Season 7 – The Cadillac (1),unmatched,missing episode match metadata,,,,0
tmdb://63228,F:\MediaStack\data\media\tv\Seinfeld\Season 07\Seinfeld - S07E14-E15 - The Cadillac (Part 1) + The Cadillac (Part 2).mkv,episode,Seinfeld – Season 7 – The Cadillac (2),unmatched,missing episode match metadata,,,,0
imdb://tt0697776,F:\MediaStack\data\media\tv\Seinfeld\Season 07\Seinfeld - S07E16 - The Shower Head.mkv,episode,Seinfeld – Season 7 – The Shower Head,unmatched,missing episode match metadata,,,,0
imdb://tt0697687,F:\MediaStack\data\media\tv\Seinfeld\Season 07\Seinfeld - S07E17 - The Doll.mkv,episode,Seinfeld – Season 7 – The Doll,unmatched,missing episode match metadata,,,,0
imdb://tt0697700,F:\MediaStack\data\media\tv\Seinfeld\Season 07\Seinfeld - S07E18 - The Friars Club.mkv,episode,Seinfeld – Season 7 – The Friars Club,unmatched,missing episode match metadata,,,,0
imdb://tt0697811,F:\MediaStack\data\media\tv\Seinfeld\Season 07\Seinfeld - S07E19 - The Wig Master.mkv,episode,Seinfeld – Season 7 – The Wig Master,unmatched,missing episode match metadata,,,,0
imdb://tt0697669,F:\MediaStack\data\media\tv\Seinfeld\Season 07\Seinfeld - S07E20 - The Calzone.mkv,episode,Seinfeld – Season 7 – The Calzone,unmatched,missing episode match metadata,,,,0
imdb://tt0697660,F:\MediaStack\data\media\tv\Seinfeld\Season 07\Seinfeld - S07E21-E22 - The Bottle Deposit (Part 1) + The Bottle Deposit (Part 2).mkv,episode,Seinfeld – Season 7 – The Bottle Deposit (1),unmatched,missing episode match metadata,,,,0
tmdb://63235,F:\MediaStack\data\media\tv\Seinfeld\Season 07\Seinfeld - S07E21-E22 - The Bottle Deposit (Part 1) + The Bottle Deposit (Part 2).mkv,episode,Seinfeld – Season 7 – The Bottle Deposit (2),unmatched,missing episode match metadata,,,,0
imdb://tt0697807,F:\MediaStack\data\media\tv\Seinfeld\Season 07\Seinfeld - S07E23 - The Wait Out.mkv,episode,Seinfeld – Season 7 – The Wait Out,unmatched,missing episode match metadata,,,,0
imdb://tt0697712,F:\MediaStack\data\media\tv\Seinfeld\Season 07\Seinfeld - S07E24 - The Invitations.mkv,episode,Seinfeld – Season 7 – The Invitations,unmatched,missing episode match metadata,,,,0
imdb://tt0697699,F:\MediaStack\data\media\tv\Seinfeld\Season 08\Seinfeld - S08E01 - The Foundation.mkv,episode,Seinfeld – Season 8 – The Foundation,unmatched,missing episode match metadata,,,,0
imdb://tt0697780,F:\MediaStack\data\media\tv\Seinfeld\Season 08\Seinfeld - S08E02 - The Soul Mate.mkv,episode,Seinfeld – Season 8 – The Soul Mate,unmatched,missing episode match metadata,,,,0
imdb://tt0697657,F:\MediaStack\data\media\tv\Seinfeld\Season 08\Seinfeld - S08E03 - The Bizarro Jerry.mkv,episode,Seinfeld – Season 8 – The Bizarro Jerry,unmatched,missing episode match metadata,,,,0
imdb://tt0697725,F:\MediaStack\data\media\tv\Seinfeld\Season 08\Seinfeld - S08E04 - The Little Kicks.mkv,episode,Seinfeld – Season 8 – The Little Kicks,unmatched,missing episode match metadata,,,,0
imdb://tt0697746,F:\MediaStack\data\media\tv\Seinfeld\Season 08\Seinfeld - S08E05 - The Package.mkv,episode,Seinfeld – Season 8 – The Package,unmatched,missing episode match metadata,,,,0
imdb://tt0697694,F:\MediaStack\data\media\tv\Seinfeld\Season 08\Seinfeld - S08E06 - The Fatigues.mkv,episode,Seinfeld – Season 8 – The Fatigues,unmatched,missing episode match metadata,,,,0
imdb://tt0697672,F:\MediaStack\data\media\tv\Seinfeld\Season 08\Seinfeld - S08E07 - The Checks.mkv,episode,Seinfeld – Season 8 – The Checks,unmatched,missing episode match metadata,,,,0
imdb://tt0697674,F:\MediaStack\data\media\tv\Seinfeld\Season 08\Seinfeld - S08E08 - The Chicken Roaster.mkv,episode,Seinfeld – Season 8 – The Chicken Roaster,unmatched,missing episode match metadata,,,,0
imdb://tt0697646,F:\MediaStack\data\media\tv\Seinfeld\Season 08\Seinfeld - S08E09 - The Abstinence.mkv,episode,Seinfeld – Season 8 – The Abstinence,unmatched,missing episode match metadata,,,,0
imdb://tt0697649,F:\MediaStack\data\media\tv\Seinfeld\Season 08\Seinfeld - S08E10 - The Andrea Doria.mkv,episode,Seinfeld – Season 8 – The Andrea Doria,unmatched,missing episode match metadata,,,,0
imdb://tt0697724,F:\MediaStack\data\media\tv\Seinfeld\Season 08\Seinfeld - S08E11 - The Little Jerry.mkv,episode,Seinfeld – Season 8 – The Little Jerry,unmatched,missing episode match metadata,,,,0
imdb://tt0697734,F:\MediaStack\data\media\tv\Seinfeld\Season 08\Seinfeld - S08E12 - The Money.mkv,episode,Seinfeld – Season 8 – The Money,unmatched,missing episode match metadata,,,,0
imdb://tt0697678,F:\MediaStack\data\media\tv\Seinfeld\Season 08\Seinfeld - S08E13 - The Comeback.mkv,episode,Seinfeld – Season 8 – The Comeback,unmatched,missing episode match metadata,,,,0
imdb://tt0697803,F:\MediaStack\data\media\tv\Seinfeld\Season 08\Seinfeld - S08E14 - The Van Buren Boys.mkv,episode,Seinfeld – Season 8 – The Van Buren Boys,unmatched,missing episode match metadata,,,,0
imdb://tt0697795,F:\MediaStack\data\media\tv\Seinfeld\Season 08\Seinfeld - S08E15 - The Susie.mkv,episode,Seinfeld – Season 8 – The Susie,unmatched,missing episode match metadata,,,,0
imdb://tt0697796,F:\MediaStack\data\media\tv\Seinfeld\Season 06\Seinfeld - S06E11 - The Switch.mkv,episode,Seinfeld – Season 6 – The Switch,unmatched,missing episode match metadata,,,,0
imdb://tt0697719,F:\MediaStack\data\media\tv\Seinfeld\Season 06\Seinfeld - S06E12 - The Label Maker.mkv,episode,Seinfeld – Season 6 – The Label Maker,unmatched,missing episode match metadata,,,,0
imdb://tt0697770,F:\MediaStack\data\media\tv\Seinfeld\Season 06\Seinfeld - S06E13 - The Scofflaw.mkv,episode,Seinfeld – Season 6 – The Scofflaw,unmatched,missing episode match metadata,,,,0
imdb://tt0697644,F:\MediaStack\data\media\tv\Seinfeld\Season 06\Seinfeld - S06E14-E15 - The Highlights of 100 (Part 1) + The Highlights of 100 (Part 2).mkv,episode,Seinfeld – Season 6 – The Highlights of 100 (1),unmatched,missing episode match metadata,,,,0
tmdb://63212,F:\MediaStack\data\media\tv\Seinfeld\Season 06\Seinfeld - S06E14-E15 - The Highlights of 100 (Part 1) + The Highlights of 100 (Part 2).mkv,episode,Seinfeld – Season 6 – The Highlights of 100 (2),unmatched,missing episode match metadata,,,,0
imdb://tt0697654,F:\MediaStack\data\media\tv\Seinfeld\Season 06\Seinfeld - S06E16 - The Beard.mkv,episode,Seinfeld – Season 6 – The Beard,unmatched,missing episode match metadata,,,,0
imdb://tt0697718,F:\MediaStack\data\media\tv\Seinfeld\Season 06\Seinfeld - S06E17 - The Kiss Hello.mkv,episode,Seinfeld – Season 6 – The Kiss Hello,unmatched,missing episode match metadata,,,,0
imdb://tt0697689,F:\MediaStack\data\media\tv\Seinfeld\Season 06\Seinfeld - S06E18 - The Doorman.mkv,episode,Seinfeld – Season 6 – The Doorman,unmatched,missing episode match metadata,,,,0
imdb://tt0697714,F:\MediaStack\data\media\tv\Seinfeld\Season 06\Seinfeld - S06E19 - The Jimmy.mkv,episode,Seinfeld – Season 6 – The Jimmy,unmatched,missing episode match metadata,,,,0
imdb://tt0697688,F:\MediaStack\data\media\tv\Seinfeld\Season 06\Seinfeld - S06E20 - The Doodle.mkv,episode,Seinfeld – Season 6 – The Doodle,unmatched,missing episode match metadata,,,,0
imdb://tt0697702,F:\MediaStack\data\media\tv\Seinfeld\Season 06\Seinfeld - S06E21 - The Fusilli Jerry.mkv,episode,Seinfeld – Season 6 – The Fusilli Jerry,unmatched,missing episode match metadata,,,,0
imdb://tt0697685,F:\MediaStack\data\media\tv\Seinfeld\Season 06\Seinfeld - S06E22 - The Diplomat's Club.mkv,episode,Seinfeld – Season 6 – The Diplomat's Club,unmatched,missing episode match metadata,,,,0
imdb://tt0697693,F:\MediaStack\data\media\tv\Seinfeld\Season 06\Seinfeld - S06E23 - The Face Painter.mkv,episode,Seinfeld – Season 6 – The Face Painter,unmatched,missing episode match metadata,,,,0
imdb://tt0697802,F:\MediaStack\data\media\tv\Seinfeld\Season 06\Seinfeld - S06E24 - The Understudy.mkv,episode,Seinfeld – Season 6 – The Understudy,unmatched,missing episode match metadata,,,,0
imdb://tt0697690,F:\MediaStack\data\media\tv\Seinfeld\Season 07\Seinfeld - S07E01 - The Engagement.mkv,episode,Seinfeld – Season 7 – The Engagement,unmatched,missing episode match metadata,,,,0
imdb://tt0697759,F:\MediaStack\data\media\tv\Seinfeld\Season 07\Seinfeld - S07E02 - The Postponement.mkv,episode,Seinfeld – Season 7 – The Postponement,unmatched,missing episode match metadata,,,,0
imdb://tt0697726,F:\MediaStack\data\media\tv\Seinfeld\Season 07\Seinfeld - S07E03 - The Maestro.mkv,episode,Seinfeld – Season 7 – The Maestro,unmatched,missing episode match metadata,,,,0
imdb://tt0697812,F:\MediaStack\data\media\tv\Seinfeld\Season 07\Seinfeld - S07E04 - The Wink.mkv,episode,Seinfeld – Season 7 – The Wink,unmatched,missing episode match metadata,,,,0
imdb://tt0697710,F:\MediaStack\data\media\tv\Seinfeld\Season 07\Seinfeld - S07E05 - The Hot Tub.mkv,episode,Seinfeld – Season 7 – The Hot Tub,unmatched,missing episode match metadata,,,,0
imdb://tt0697782,F:\MediaStack\data\media\tv\Seinfeld\Season 07\Seinfeld - S07E06 - The Soup Nazi.mkv,episode,Seinfeld – Season 7 – The Soup Nazi,unmatched,missing episode match metadata,,,,0
imdb://tt0697771,F:\MediaStack\data\media\tv\Seinfeld\Season 07\Seinfeld - S07E07 - The Secret Code.mkv,episode,Seinfeld – Season 7 – The Secret Code,unmatched,missing episode match metadata,,,,0
imdb://tt0697758,F:\MediaStack\data\media\tv\Seinfeld\Season 07\Seinfeld - S07E08 - The Pool Guy.mkv,episode,Seinfeld – Season 7 – The Pool Guy,unmatched,missing episode match metadata,,,,0
imdb://tt0697783,F:\MediaStack\data\media\tv\Seinfeld\Season 07\Seinfeld - S07E09 - The Sponge.mkv,episode,Seinfeld – Season 7 – The Sponge,unmatched,missing episode match metadata,,,,0
imdb://tt0697705,F:\MediaStack\data\media\tv\Seinfeld\Season 07\Seinfeld - S07E10 - The Gum.mkv,episode,Seinfeld – Season 7 – The Gum,unmatched,missing episode match metadata,,,,0
imdb://tt0697769,F:\MediaStack\data\media\tv\Seinfeld\Season 07\Seinfeld - S07E11 - The Rye.mkv,episode,Seinfeld – Season 7 – The Rye,unmatched,missing episode match metadata,,,,0
imdb://tt0697739,F:\MediaStack\data\media\tv\Seinfeld\Season 05\Seinfeld - S05E07 - The Non-Fat Yogurt.mkv,episode,Seinfeld – Season 5 – The Non-Fat Yogurt,unmatched,missing episode match metadata,,,,0
imdb://tt0697653,F:\MediaStack\data\media\tv\Seinfeld\Season 05\Seinfeld - S05E08 - The Barber.mkv,episode,Seinfeld – Season 5 – The Barber,unmatched,missing episode match metadata,,,,0
imdb://tt0697730,F:\MediaStack\data\media\tv\Seinfeld\Season 05\Seinfeld - S05E09 - The Masseuse.mkv,episode,Seinfeld – Season 5 – The Masseuse,unmatched,missing episode match metadata,,,,0
imdb://tt0697677,F:\MediaStack\data\media\tv\Seinfeld\Season 05\Seinfeld - S05E10 - The Cigar Store Indian.mkv,episode,Seinfeld – Season 5 – The Cigar Store Indian,unmatched,missing episode match metadata,,,,0
imdb://tt0697680,F:\MediaStack\data\media\tv\Seinfeld\Season 05\Seinfeld - S05E11 - The Conversion.mkv,episode,Seinfeld – Season 5 – The Conversion,unmatched,missing episode match metadata,,,,0
imdb://tt0697785,F:\MediaStack\data\media\tv\Seinfeld\Season 05\Seinfeld - S05E12 - The Stall.mkv,episode,Seinfeld – Season 5 – The Stall,unmatched,missing episode match metadata,,,,0
imdb://tt0697684,F:\MediaStack\data\media\tv\Seinfeld\Season 05\Seinfeld - S05E13 - The Dinner Party.mkv,episode,Seinfeld – Season 5 – The Dinner Party,unmatched,missing episode match metadata,,,,0
imdb://tt0697729,F:\MediaStack\data\media\tv\Seinfeld\Season 05\Seinfeld - S05E14 - The Marine Biologist.mkv,episode,Seinfeld – Season 5 – The Marine Biologist,unmatched,missing episode match metadata,,,,0
imdb://tt0697753,F:\MediaStack\data\media\tv\Seinfeld\Season 05\Seinfeld - S05E15 - The Pie.mkv,episode,Seinfeld – Season 5 – The Pie,unmatched,missing episode match metadata,,,,0
imdb://tt0697786,F:\MediaStack\data\media\tv\Seinfeld\Season 05\Seinfeld - S05E16 - The Stand-In.mkv,episode,Seinfeld – Season 5 – The Stand-In,unmatched,missing episode match metadata,,,,0
imdb://tt0697810,F:\MediaStack\data\media\tv\Seinfeld\Season 05\Seinfeld - S05E17 - The Wife.mkv,episode,Seinfeld – Season 5 – The Wife,unmatched,missing episode match metadata,,,,0
imdb://tt0697764,F:\MediaStack\data\media\tv\Seinfeld\Season 05\Seinfeld - S05E18-E19 - The Raincoats (Part 1) + The Raincoats (Part 2).mkv,episode,Seinfeld – Season 5 – The Raincoats (1),unmatched,missing episode match metadata,,,,0
tmdb://63186,F:\MediaStack\data\media\tv\Seinfeld\Season 05\Seinfeld - S05E18-E19 - The Raincoats (Part 1) + The Raincoats (Part 2).mkv,episode,Seinfeld – Season 5 – The Raincoats (2),unmatched,missing episode match metadata,,,,0
imdb://tt0697697,F:\MediaStack\data\media\tv\Seinfeld\Season 05\Seinfeld - S05E20 - The Fire.mkv,episode,Seinfeld – Season 5 – The Fire,unmatched,missing episode match metadata,,,,0
imdb://tt0697707,F:\MediaStack\data\media\tv\Seinfeld\Season 05\Seinfeld - S05E21 - The Hamptons.mkv,episode,Seinfeld – Season 5 – The Hamptons,unmatched,missing episode match metadata,,,,0
imdb://tt0697744,F:\MediaStack\data\media\tv\Seinfeld\Season 05\Seinfeld - S05E22 - The Opposite.mkv,episode,Seinfeld – Season 5 – The Opposite,unmatched,missing episode match metadata,,,,0
imdb://tt0697671,F:\MediaStack\data\media\tv\Seinfeld\Season 06\Seinfeld - S06E01 - The Chaperone.mkv,episode,Seinfeld – Season 6 – The Chaperone,unmatched,missing episode match metadata,,,,0
imdb://tt0697656,F:\MediaStack\data\media\tv\Seinfeld\Season 06\Seinfeld - S06E02 - The Big Salad.mkv,episode,Seinfeld – Season 6 – The Big Salad,unmatched,missing episode match metadata,,,,0
imdb://tt0697756,F:\MediaStack\data\media\tv\Seinfeld\Season 06\Seinfeld - S06E03 - The Pledge Drive.mkv,episode,Seinfeld – Season 6 – The Pledge Drive,unmatched,missing episode match metadata,,,,0
imdb://tt0697676,F:\MediaStack\data\media\tv\Seinfeld\Season 06\Seinfeld - S06E04 - The Chinese Woman.mkv,episode,Seinfeld – Season 6 – The Chinese Woman,unmatched,missing episode match metadata,,,,0
imdb://tt0697681,F:\MediaStack\data\media\tv\Seinfeld\Season 06\Seinfeld - S06E05 - The Couch.mkv,episode,Seinfeld – Season 6 – The Couch,unmatched,missing episode match metadata,,,,0
imdb://tt0697706,F:\MediaStack\data\media\tv\Seinfeld\Season 06\Seinfeld - S06E06 - The Gymnast.mkv,episode,Seinfeld – Season 6 – The Gymnast,unmatched,missing episode match metadata,,,,0
imdb://tt0697781,F:\MediaStack\data\media\tv\Seinfeld\Season 06\Seinfeld - S06E07 - The Soup.mkv,episode,Seinfeld – Season 6 – The Soup,unmatched,missing episode match metadata,,,,0
imdb://tt0697733,F:\MediaStack\data\media\tv\Seinfeld\Season 06\Seinfeld - S06E08 - The Mom & Pop Store.mkv,episode,Seinfeld – Season 6 – The Mom & Pop Store,unmatched,missing episode match metadata,,,,0
imdb://tt0697772,F:\MediaStack\data\media\tv\Seinfeld\Season 06\Seinfeld - S06E09 - The Secretary.mkv,episode,Seinfeld – Season 6 – The Secretary,unmatched,missing episode match metadata,,,,0
imdb://tt0697763,F:\MediaStack\data\media\tv\Seinfeld\Season 06\Seinfeld - S06E10 - The Race.mkv,episode,Seinfeld – Season 6 – The Race,unmatched,missing episode match metadata,,,,0
imdb://tt0697662,F:\MediaStack\data\media\tv\Seinfeld\Season 04\Seinfeld - S04E07 - The Bubble Boy.mkv,episode,Seinfeld – Season 4 – The Bubble Boy,unmatched,missing episode match metadata,,,,0
imdb://tt0697673,F:\MediaStack\data\media\tv\Seinfeld\Season 04\Seinfeld - S04E08 - The Cheever Letters.mkv,episode,Seinfeld – Season 4 – The Cheever Letters,unmatched,missing episode match metadata,,,,0
imdb://tt0697743,F:\MediaStack\data\media\tv\Seinfeld\Season 04\Seinfeld - S04E09 - The Opera.mkv,episode,Seinfeld – Season 4 – The Opera,unmatched,missing episode match metadata,,,,0
imdb://tt0697804,F:\MediaStack\data\media\tv\Seinfeld\Season 04\Seinfeld - S04E10 - The Virgin.mkv,episode,Seinfeld – Season 4 – The Virgin,unmatched,missing episode match metadata,,,,0
imdb://tt0697679,F:\MediaStack\data\media\tv\Seinfeld\Season 04\Seinfeld - S04E11 - The Contest.mkv,episode,Seinfeld – Season 4 – The Contest,unmatched,missing episode match metadata,,,,0
imdb://tt0697647,F:\MediaStack\data\media\tv\Seinfeld\Season 04\Seinfeld - S04E12 - The Airport.mkv,episode,Seinfeld – Season 4 – The Airport,unmatched,missing episode match metadata,,,,0
imdb://tt0697752,F:\MediaStack\data\media\tv\Seinfeld\Season 04\Seinfeld - S04E13 - The Pick.mkv,episode,Seinfeld – Season 4 – The Pick,unmatched,missing episode match metadata,,,,0
imdb://tt0697735,F:\MediaStack\data\media\tv\Seinfeld\Season 04\Seinfeld - S04E14 - The Movie.mkv,episode,Seinfeld – Season 4 – The Movie,unmatched,missing episode match metadata,,,,0
imdb://tt0697805,F:\MediaStack\data\media\tv\Seinfeld\Season 04\Seinfeld - S04E15 - The Visa.mkv,episode,Seinfeld – Season 4 – The Visa,unmatched,missing episode match metadata,,,,0
imdb://tt0697775,F:\MediaStack\data\media\tv\Seinfeld\Season 04\Seinfeld - S04E16 - The Shoes.mkv,episode,Seinfeld – Season 4 – The Shoes,unmatched,missing episode match metadata,,,,0
imdb://tt0697745,F:\MediaStack\data\media\tv\Seinfeld\Season 04\Seinfeld - S04E17 - The Outing.mkv,episode,Seinfeld – Season 4 – The Outing,unmatched,missing episode match metadata,,,,0
imdb://tt0697742,F:\MediaStack\data\media\tv\Seinfeld\Season 04\Seinfeld - S04E18 - The Old Man.mkv,episode,Seinfeld – Season 4 – The Old Man,unmatched,missing episode match metadata,,,,0
imdb://tt0697711,F:\MediaStack\data\media\tv\Seinfeld\Season 04\Seinfeld - S04E19 - The Implant.mkv,episode,Seinfeld – Season 4 – The Implant,unmatched,missing episode match metadata,,,,0
imdb://tt0697715,F:\MediaStack\data\media\tv\Seinfeld\Season 04\Seinfeld - S04E20 - The Junior Mint.mkv,episode,Seinfeld – Season 4 – The Junior Mint,unmatched,missing episode match metadata,,,,0
imdb://tt0697778,F:\MediaStack\data\media\tv\Seinfeld\Season 04\Seinfeld - S04E21 - The Smelly Car.mkv,episode,Seinfeld – Season 4 – The Smelly Car,unmatched,missing episode match metadata,,,,0
imdb://tt0697708,F:\MediaStack\data\media\tv\Seinfeld\Season 04\Seinfeld - S04E22 - The Handicap Spot.mkv,episode,Seinfeld – Season 4 – The Handicap Spot,unmatched,missing episode match metadata,,,,0
imdb://tt0697754,F:\MediaStack\data\media\tv\Seinfeld\Season 04\Seinfeld - S04E23-E24 - The Pilot.mkv,episode,Seinfeld – Season 4 – The Pilot (1),unmatched,missing episode match metadata,,,,0
tmdb://63167,F:\MediaStack\data\media\tv\Seinfeld\Season 04\Seinfeld - S04E23-E24 - The Pilot.mkv,episode,Seinfeld – Season 4 – The Pilot (2),unmatched,missing episode match metadata,,,,0
imdb://tt0697728,F:\MediaStack\data\media\tv\Seinfeld\Season 05\Seinfeld - S05E01 - The Mango.mkv,episode,Seinfeld – Season 5 – The Mango,unmatched,missing episode match metadata,,,,0
imdb://tt0697762,F:\MediaStack\data\media\tv\Seinfeld\Season 05\Seinfeld - S05E02 - The Puffy Shirt.mkv,episode,Seinfeld – Season 5 – The Puffy Shirt,unmatched,missing episode match metadata,,,,0
imdb://tt0697703,F:\MediaStack\data\media\tv\Seinfeld\Season 05\Seinfeld - S05E03 - The Glasses.mkv,episode,Seinfeld – Season 5 – The Glasses,unmatched,missing episode match metadata,,,,0
imdb://tt0697779,F:\MediaStack\data\media\tv\Seinfeld\Season 05\Seinfeld - S05E04 - The Sniffing Accountant.mkv,episode,Seinfeld – Season 5 – The Sniffing Accountant,unmatched,missing episode match metadata,,,,0
imdb://tt0697661,F:\MediaStack\data\media\tv\Seinfeld\Season 05\Seinfeld - S05E05 - The Bris.mkv,episode,Seinfeld – Season 5 – The Bris,unmatched,missing episode match metadata,,,,0
imdb://tt0697723,F:\MediaStack\data\media\tv\Seinfeld\Season 05\Seinfeld - S05E06 - The Lip Reader.mkv,episode,Seinfeld – Season 5 – The Lip Reader,unmatched,missing episode match metadata,,,,0
imdb://tt0697801,F:\MediaStack\data\media\tv\Seinfeld\Season 03\Seinfeld - S03E02 - The Truth.mkv,episode,Seinfeld – Season 3 – The Truth,unmatched,missing episode match metadata,,,,0
imdb://tt0697749,F:\MediaStack\data\media\tv\Seinfeld\Season 03\Seinfeld - S03E03 - The Pen.mkv,episode,Seinfeld – Season 3 – The Pen,unmatched,missing episode match metadata,,,,0
imdb://tt0697686,F:\MediaStack\data\media\tv\Seinfeld\Season 03\Seinfeld - S03E04 - The Dog.mkv,episode,Seinfeld – Season 3 – The Dog,unmatched,missing episode match metadata,,,,0
imdb://tt0697721,F:\MediaStack\data\media\tv\Seinfeld\Season 03\Seinfeld - S03E05 - The Library.mkv,episode,Seinfeld – Season 3 – The Library,unmatched,missing episode match metadata,,,,0
imdb://tt0697747,F:\MediaStack\data\media\tv\Seinfeld\Season 03\Seinfeld - S03E06 - The Parking Garage.mkv,episode,Seinfeld – Season 3 – The Parking Garage,unmatched,missing episode match metadata,,,,0
imdb://tt0697668,F:\MediaStack\data\media\tv\Seinfeld\Season 03\Seinfeld - S03E07 - The Cafe.mkv,episode,Seinfeld – Season 3 – The Cafe,unmatched,missing episode match metadata,,,,0
imdb://tt0697797,F:\MediaStack\data\media\tv\Seinfeld\Season 03\Seinfeld - S03E08 - The Tape.mkv,episode,Seinfeld – Season 3 – The Tape,unmatched,missing episode match metadata,,,,0
imdb://tt0697740,F:\MediaStack\data\media\tv\Seinfeld\Season 03\Seinfeld - S03E09 - The Nose Job.mkv,episode,Seinfeld – Season 3 – The Nose Job,unmatched,missing episode match metadata,,,,0
imdb://tt0697789,F:\MediaStack\data\media\tv\Seinfeld\Season 03\Seinfeld - S03E10 - The Stranded.mkv,episode,Seinfeld – Season 3 – The Stranded,unmatched,missing episode match metadata,,,,0
imdb://tt0697648,F:\MediaStack\data\media\tv\Seinfeld\Season 03\Seinfeld - S03E11 - The Alternate Side.mkv,episode,Seinfeld – Season 3 – The Alternate Side,unmatched,missing episode match metadata,,,,0
imdb://tt0697765,F:\MediaStack\data\media\tv\Seinfeld\Season 03\Seinfeld - S03E12 - The Red Dot.mkv,episode,Seinfeld – Season 3 – The Red Dot,unmatched,missing episode match metadata,,,,0
imdb://tt0697792,F:\MediaStack\data\media\tv\Seinfeld\Season 03\Seinfeld - S03E13 - The Subway.mkv,episode,Seinfeld – Season 3 – The Subway,unmatched,missing episode match metadata,,,,0
imdb://tt0697750,F:\MediaStack\data\media\tv\Seinfeld\Season 03\Seinfeld - S03E14 - The Pez Dispenser.mkv,episode,Seinfeld – Season 3 – The Pez Dispenser,unmatched,missing episode match metadata,,,,0
imdb://tt0697793,F:\MediaStack\data\media\tv\Seinfeld\Season 03\Seinfeld - S03E15 - The Suicide.mkv,episode,Seinfeld – Season 3 – The Suicide,unmatched,missing episode match metadata,,,,0
imdb://tt0697698,F:\MediaStack\data\media\tv\Seinfeld\Season 03\Seinfeld - S03E16 - The Fix-Up.mkv,episode,Seinfeld – Season 3 – The Fix-Up,unmatched,missing episode match metadata,,,,0
tmdb://63137,F:\MediaStack\data\media\tv\Seinfeld\Season 03\Seinfeld - S03E17-E18 - The Boyfriend.mkv,episode,Seinfeld – Season 3 – The Boyfriend (1),unmatched,missing episode match metadata,,,,0
imdb://tt0697738,F:\MediaStack\data\media\tv\Seinfeld\Season 03\Seinfeld - S03E17-E18 - The Boyfriend.mkv,episode,Seinfeld – Season 3 – The Boyfriend (2),unmatched,missing episode match metadata,,,,0
imdb://tt0697722,F:\MediaStack\data\media\tv\Seinfeld\Season 03\Seinfeld - S03E19 - The Limo.mkv,episode,Seinfeld – Season 3 – The Limo,unmatched,missing episode match metadata,,,,0
imdb://tt0697704,F:\MediaStack\data\media\tv\Seinfeld\Season 03\Seinfeld - S03E20 - The Good Samaritan.mkv,episode,Seinfeld – Season 3 – The Good Samaritan,unmatched,missing episode match metadata,,,,0
imdb://tt0697720,F:\MediaStack\data\media\tv\Seinfeld\Season 03\Seinfeld - S03E21 - The Letter.mkv,episode,Seinfeld – Season 3 – The Letter,unmatched,missing episode match metadata,,,,0
imdb://tt0697748,F:\MediaStack\data\media\tv\Seinfeld\Season 03\Seinfeld - S03E22 - The Parking Space.mkv,episode,Seinfeld – Season 3 – The Parking Space,unmatched,missing episode match metadata,,,,0
imdb://tt0697717,F:\MediaStack\data\media\tv\Seinfeld\Season 03\Seinfeld - S03E23 - The Keys.mkv,episode,Seinfeld – Season 3 – The Keys,unmatched,missing episode match metadata,,,,0
imdb://tt0697799,F:\MediaStack\data\media\tv\Seinfeld\Season 04\Seinfeld - S04E01 - The Trip (1).mkv,episode,Seinfeld – Season 4 – The Trip (1),unmatched,missing episode match metadata,,,,0
imdb://tt0697800,F:\MediaStack\data\media\tv\Seinfeld\Season 04\Seinfeld - S04E02 - The Trip (2).mkv,episode,Seinfeld – Season 4 – The Trip (2),unmatched,missing episode match metadata,,,,0
imdb://tt0697755,F:\MediaStack\data\media\tv\Seinfeld\Season 04\Seinfeld - S04E03-E04 - The Pitch + The Ticket.mkv,episode,Seinfeld – Season 4 – The Pitch,unmatched,missing episode match metadata,,,,0
imdb://tt0697798,F:\MediaStack\data\media\tv\Seinfeld\Season 04\Seinfeld - S04E03-E04 - The Pitch + The Ticket.mkv,episode,Seinfeld – Season 4 – The Ticket,unmatched,missing episode match metadata,,,,0
imdb://tt0697808,F:\MediaStack\data\media\tv\Seinfeld\Season 04\Seinfeld - S04E05 - The Wallet.mkv,episode,Seinfeld – Season 4 – The Wallet,unmatched,missing episode match metadata,,,,0
imdb://tt0697809,F:\MediaStack\data\media\tv\Seinfeld\Season 04\Seinfeld - S04E06 - The Watch.mkv,episode,Seinfeld – Season 4 – The Watch,unmatched,missing episode match metadata,,,,0
local://23833,"F:\MediaStack\data\media\tv\Re - ZERO, Starting Life in Another World\Season 03\Re - ZERO, Starting Life in Another World - S03E06 - Conditions of the Knight.mkv",episode,Re:ZERO -Starting Life in Another World- – Season 3 – Episode 6,unmatched,missing episode match metadata,,,,0
local://23834,"F:\MediaStack\data\media\tv\Re - ZERO, Starting Life in Another World\Season 03\Re - ZERO, Starting Life in Another World - S03E07 - The Newest of Heroes and the Most Ancient of Heroes.mkv",episode,Re:ZERO -Starting Life in Another World- – Season 3 – Episode 7,unmatched,missing episode match metadata,,,,0
local://23835,"F:\MediaStack\data\media\tv\Re - ZERO, Starting Life in Another World\Season 03\Re - ZERO, Starting Life in Another World - S03E08 - The One I'll Love Someday.mkv",episode,Re:ZERO -Starting Life in Another World- – Season 3 – Episode 8,unmatched,missing episode match metadata,,,,0
local://23836,"F:\MediaStack\data\media\tv\Re - ZERO, Starting Life in Another World\Season 03\Re - ZERO, Starting Life in Another World - S03E09 - City Scramble.mkv",episode,Re:ZERO -Starting Life in Another World- – Season 3 – Episode 9,unmatched,missing episode match metadata,,,,0
local://23837,"F:\MediaStack\data\media\tv\Re - ZERO, Starting Life in Another World\Season 03\Re - ZERO, Starting Life in Another World - S03E10 - The Plan to Conquer Greed.mkv",episode,Re:ZERO -Starting Life in Another World- – Season 3 – Episode 10,unmatched,missing episode match metadata,,,,0
local://23838,"F:\MediaStack\data\media\tv\Re - ZERO, Starting Life in Another World\Season 03\Re - ZERO, Starting Life in Another World - S03E11 - Liliana Masquerade.mkv",episode,Re:ZERO -Starting Life in Another World- – Season 3 – Episode 11,unmatched,missing episode match metadata,,,,0
local://23839,"F:\MediaStack\data\media\tv\Re - ZERO, Starting Life in Another World\Season 03\Re - ZERO, Starting Life in Another World - S03E12 - Regulus Corneas.mkv",episode,Re:ZERO -Starting Life in Another World- – Season 3 – Episode 12,unmatched,missing episode match metadata,,,,0
local://23840,"F:\MediaStack\data\media\tv\Re - ZERO, Starting Life in Another World\Season 03\Re - ZERO, Starting Life in Another World - S03E13 - The Warrior's Commendation.mkv",episode,Re:ZERO -Starting Life in Another World- – Season 3 – Episode 13,unmatched,missing episode match metadata,,,,0
local://23841,"F:\MediaStack\data\media\tv\Re - ZERO, Starting Life in Another World\Season 03\Re - ZERO, Starting Life in Another World - S03E14 - Theresia van Astrea.mkv",episode,Re:ZERO -Starting Life in Another World- – Season 3 – Episode 14,unmatched,missing episode match metadata,,,,0
local://23842,"F:\MediaStack\data\media\tv\Re - ZERO, Starting Life in Another World\Season 03\Re - ZERO, Starting Life in Another World - S03E15 - A Hideous Dinner Party.mkv",episode,Re:ZERO -Starting Life in Another World- – Season 3 – Episode 15,unmatched,missing episode match metadata,,,,0
local://23843,"F:\MediaStack\data\media\tv\Re - ZERO, Starting Life in Another World\Season 03\Re - ZERO, Starting Life in Another World - S03E16 - The Result of the Battle for Priestella.mkv",episode,Re:ZERO -Starting Life in Another World- – Season 3 – Episode 16,unmatched,missing episode match metadata,,,,0
imdb://tt0098286,F:\MediaStack\data\media\tv\Seinfeld\Season 01\Seinfeld - S01E01 - The Seinfeld Chronicles.mkv,episode,Seinfeld – Season 1 – The Seinfeld Chronicles,unmatched,missing episode match metadata,,,,0
imdb://tt0697784,F:\MediaStack\data\media\tv\Seinfeld\Season 01\Seinfeld - S01E02 - The Stake Out.mkv,episode,Seinfeld – Season 1 – The Stake Out,unmatched,missing episode match metadata,,,,0
imdb://tt0697768,F:\MediaStack\data\media\tv\Seinfeld\Season 01\Seinfeld - S01E03 - The Robbery.mkv,episode,Seinfeld – Season 1 – The Robbery,unmatched,missing episode match metadata,,,,0
imdb://tt0697645,F:\MediaStack\data\media\tv\Seinfeld\Season 01\Seinfeld - S01E04 - Male Unbonding.mkv,episode,Seinfeld – Season 1 – Male Unbonding,unmatched,missing episode match metadata,,,,0
imdb://tt0697788,F:\MediaStack\data\media\tv\Seinfeld\Season 01\Seinfeld - S01E05 - The Stock Tip.mkv,episode,Seinfeld – Season 1 – The Stock Tip,unmatched,missing episode match metadata,,,,0
imdb://tt0697692,F:\MediaStack\data\media\tv\Seinfeld\Season 02\Seinfeld - S02E01 - The Ex-Girlfriend.mkv,episode,Seinfeld – Season 2 – The Ex-Girlfriend,unmatched,missing episode match metadata,,,,0
imdb://tt0697757,F:\MediaStack\data\media\tv\Seinfeld\Season 02\Seinfeld - S02E02 - The Pony Remark.mkv,episode,Seinfeld – Season 2 – The Pony Remark,unmatched,missing episode match metadata,,,,0
imdb://tt0697713,F:\MediaStack\data\media\tv\Seinfeld\Season 02\Seinfeld - S02E03 - The Jacket.mkv,episode,Seinfeld – Season 2 – The Jacket,unmatched,missing episode match metadata,,,,0
imdb://tt0697751,F:\MediaStack\data\media\tv\Seinfeld\Season 02\Seinfeld - S02E04 - The Phone Message.mkv,episode,Seinfeld – Season 2 – The Phone Message,unmatched,missing episode match metadata,,,,0
imdb://tt0697650,F:\MediaStack\data\media\tv\Seinfeld\Season 02\Seinfeld - S02E05 - The Apartment.mkv,episode,Seinfeld – Season 2 – The Apartment,unmatched,missing episode match metadata,,,,0
imdb://tt0697787,F:\MediaStack\data\media\tv\Seinfeld\Season 02\Seinfeld - S02E06 - The Statue.mkv,episode,Seinfeld – Season 2 – The Statue,unmatched,missing episode match metadata,,,,0
imdb://tt0697766,F:\MediaStack\data\media\tv\Seinfeld\Season 02\Seinfeld - S02E07 - The Revenge.mkv,episode,Seinfeld – Season 2 – The Revenge,unmatched,missing episode match metadata,,,,0
imdb://tt0697709,F:\MediaStack\data\media\tv\Seinfeld\Season 02\Seinfeld - S02E08 - The Heart Attack.mkv,episode,Seinfeld – Season 2 – The Heart Attack,unmatched,missing episode match metadata,,,,0
imdb://tt0697682,F:\MediaStack\data\media\tv\Seinfeld\Season 02\Seinfeld - S02E09 - The Deal.mkv,episode,Seinfeld – Season 2 – The Deal,unmatched,missing episode match metadata,,,,0
imdb://tt0697652,F:\MediaStack\data\media\tv\Seinfeld\Season 02\Seinfeld - S02E10 - The Baby Shower.mkv,episode,Seinfeld – Season 2 – The Baby Shower,unmatched,missing episode match metadata,,,,0
imdb://tt0697675,F:\MediaStack\data\media\tv\Seinfeld\Season 02\Seinfeld - S02E11 - The Chinese Restaurant.mkv,episode,Seinfeld – Season 2 – The Chinese Restaurant,unmatched,missing episode match metadata,,,,0
imdb://tt0697664,F:\MediaStack\data\media\tv\Seinfeld\Season 02\Seinfeld - S02E12 - The Busboy.mkv,episode,Seinfeld – Season 2 – The Busboy,unmatched,missing episode match metadata,,,,0
imdb://tt0697741,F:\MediaStack\data\media\tv\Seinfeld\Season 03\Seinfeld - S03E01 - The Note.mkv,episode,Seinfeld – Season 3 – The Note,unmatched,missing episode match metadata,,,,0
local://23809,"F:\MediaStack\data\media\tv\Re - ZERO, Starting Life in Another World\Season 02\Re - ZERO, Starting Life in Another World - S02E08 - The Value of Life.mkv",episode,Re:ZERO -Starting Life in Another World- – Season 2 – Episode 8,unmatched,missing episode match metadata,,,,0
local://23810,"F:\MediaStack\data\media\tv\Re - ZERO, Starting Life in Another World\Season 02\Re - ZERO, Starting Life in Another World - S02E09 - Love Love Love Love Love Love You.mkv",episode,Re:ZERO -Starting Life in Another World- – Season 2 – Episode 9,unmatched,missing episode match metadata,,,,0
local://23811,"F:\MediaStack\data\media\tv\Re - ZERO, Starting Life in Another World\Season 02\Re - ZERO, Starting Life in Another World - S02E10 - I Know Hell.mkv",episode,Re:ZERO -Starting Life in Another World- – Season 2 – Episode 10,unmatched,missing episode match metadata,,,,0
local://23812,"F:\MediaStack\data\media\tv\Re - ZERO, Starting Life in Another World\Season 02\Re - ZERO, Starting Life in Another World - S02E11 - The Taste of Death.mkv",episode,Re:ZERO -Starting Life in Another World- – Season 2 – Episode 11,unmatched,missing episode match metadata,,,,0
local://23813,"F:\MediaStack\data\media\tv\Re - ZERO, Starting Life in Another World\Season 02\Re - ZERO, Starting Life in Another World - S02E12 - The Witches' Tea Party.mkv",episode,Re:ZERO -Starting Life in Another World- – Season 2 – Episode 12,unmatched,missing episode match metadata,,,,0
local://23814,"F:\MediaStack\data\media\tv\Re - ZERO, Starting Life in Another World\Season 02\Re - ZERO, Starting Life in Another World - S02E13 - The Sounds That Make You Want to Cry.mkv",episode,Re:ZERO -Starting Life in Another World- – Season 2 – Episode 13,unmatched,missing episode match metadata,,,,0
local://23815,"F:\MediaStack\data\media\tv\Re - ZERO, Starting Life in Another World\Season 02\Re - ZERO, Starting Life in Another World - S02E14 - Straight Bet.mkv",episode,Re:ZERO -Starting Life in Another World- – Season 2 – Episode 14,unmatched,missing episode match metadata,,,,0
local://23816,"F:\MediaStack\data\media\tv\Re - ZERO, Starting Life in Another World\Season 02\Re - ZERO, Starting Life in Another World - S02E15 - Otto Suwen + A Reason to Believe.mkv",episode,Re:ZERO -Starting Life in Another World- – Season 2 – Episode 15,unmatched,missing episode match metadata,,,,0
local://23817,"F:\MediaStack\data\media\tv\Re - ZERO, Starting Life in Another World\Season 02\Re - ZERO, Starting Life in Another World - S02E16 - Nobody Can Lift a Quain Stone Alone.mkv",episode,Re:ZERO -Starting Life in Another World- – Season 2 – Episode 16,unmatched,missing episode match metadata,,,,0
local://23818,"F:\MediaStack\data\media\tv\Re - ZERO, Starting Life in Another World\Season 02\Re - ZERO, Starting Life in Another World - S02E17 - A Journey Through Memories.mkv",episode,Re:ZERO -Starting Life in Another World- – Season 2 – Episode 17,unmatched,missing episode match metadata,,,,0
local://23819,"F:\MediaStack\data\media\tv\Re - ZERO, Starting Life in Another World\Season 02\Re - ZERO, Starting Life in Another World - S02E18 - The Day Betelgeuse Laughed.mkv",episode,Re:ZERO -Starting Life in Another World- – Season 2 – Episode 18,unmatched,missing episode match metadata,,,,0
local://23820,"F:\MediaStack\data\media\tv\Re - ZERO, Starting Life in Another World\Season 02\Re - ZERO, Starting Life in Another World - S02E19 - The Permafrost of Elior Forest.mkv",episode,Re:ZERO -Starting Life in Another World- – Season 2 – Episode 19,unmatched,missing episode match metadata,,,,0
local://23821,"F:\MediaStack\data\media\tv\Re - ZERO, Starting Life in Another World\Season 02\Re - ZERO, Starting Life in Another World - S02E20 - The Beginning of the Sanctuary and the Beginning of the End.mkv",episode,Re:ZERO -Starting Life in Another World- – Season 2 – Episode 20,unmatched,missing episode match metadata,,,,0
local://23822,"F:\MediaStack\data\media\tv\Re - ZERO, Starting Life in Another World\Season 02\Re - ZERO, Starting Life in Another World - S02E21 - Reunion of Roars.mkv",episode,Re:ZERO -Starting Life in Another World- – Season 2 – Episode 21,unmatched,missing episode match metadata,,,,0
local://23823,"F:\MediaStack\data\media\tv\Re - ZERO, Starting Life in Another World\Season 02\Re - ZERO, Starting Life in Another World - S02E22 - Happiness Reflected on the Water's Surface.mkv",episode,Re:ZERO -Starting Life in Another World- – Season 2 – Episode 22,unmatched,missing episode match metadata,,,,0
local://23824,"F:\MediaStack\data\media\tv\Re - ZERO, Starting Life in Another World\Season 02\Re - ZERO, Starting Life in Another World - S02E23 - Love Me Down to My Blood and Guts.mkv",episode,Re:ZERO -Starting Life in Another World- – Season 2 – Episode 23,unmatched,missing episode match metadata,,,,0
local://23825,"F:\MediaStack\data\media\tv\Re - ZERO, Starting Life in Another World\Season 02\Re - ZERO, Starting Life in Another World - S02E24 - Choose Me.mkv",episode,Re:ZERO -Starting Life in Another World- – Season 2 – Episode 24,unmatched,missing episode match metadata,,,,0
local://23826,"F:\MediaStack\data\media\tv\Re - ZERO, Starting Life in Another World\Season 02\Re - ZERO, Starting Life in Another World - S02E25 - Offbeat Steps Under the Moonlight.mkv",episode,Re:ZERO -Starting Life in Another World- – Season 2 – Episode 25,unmatched,missing episode match metadata,,,,0
local://23828,"F:\MediaStack\data\media\tv\Re - ZERO, Starting Life in Another World\Season 03\Re - ZERO, Starting Life in Another World - S03E01 - Theatrical Malice.mkv",episode,Re:ZERO -Starting Life in Another World- – Season 3 – Episode 1,unmatched,missing episode match metadata,,,,0
local://23829,"F:\MediaStack\data\media\tv\Re - ZERO, Starting Life in Another World\Season 03\Re - ZERO, Starting Life in Another World - S03E02 - A Showdown of Fire and Ice.mkv",episode,Re:ZERO -Starting Life in Another World- – Season 3 – Episode 2,unmatched,missing episode match metadata,,,,0
local://23830,"F:\MediaStack\data\media\tv\Re - ZERO, Starting Life in Another World\Season 03\Re - ZERO, Starting Life in Another World - S03E03 - Gorgeous Tiger.mkv",episode,Re:ZERO -Starting Life in Another World- – Season 3 – Episode 3,unmatched,missing episode match metadata,,,,0
local://23831,"F:\MediaStack\data\media\tv\Re - ZERO, Starting Life in Another World\Season 03\Re - ZERO, Starting Life in Another World - S03E04 - Operation - Take Back the Government Office.mkv",episode,Re:ZERO -Starting Life in Another World- – Season 3 – Episode 4,unmatched,missing episode match metadata,,,,0
local://23832,"F:\MediaStack\data\media\tv\Re - ZERO, Starting Life in Another World\Season 03\Re - ZERO, Starting Life in Another World - S03E05 - A Dark Torrent.mkv",episode,Re:ZERO -Starting Life in Another World- – Season 3 – Episode 5,unmatched,missing episode match metadata,,,,0
imdb://tt5799428,"F:\MediaStack\data\media\tv\Re - ZERO, Starting Life in Another World\Season 01\Re - ZERO, Starting Life in Another World - S01E13 - Self-Proclaimed Knight Natsuki Subaru.mkv",episode,Re:ZERO -Starting Life in Another World- – Season 1 – Self-Proclaimed Knight Natsuki Subaru,unmatched,missing episode match metadata,,,,0
imdb://tt5873382,"F:\MediaStack\data\media\tv\Re - ZERO, Starting Life in Another World\Season 01\Re - ZERO, Starting Life in Another World - S01E14 - The Sickness Called Despair.mkv",episode,Re:ZERO -Starting Life in Another World- – Season 1 – The Sickness Called Despair,unmatched,missing episode match metadata,,,,0
imdb://tt5908784,"F:\MediaStack\data\media\tv\Re - ZERO, Starting Life in Another World\Season 01\Re - ZERO, Starting Life in Another World - S01E15 - The Outside of Madness.mkv",episode,Re:ZERO -Starting Life in Another World- – Season 1 – The Outside of Madness,unmatched,missing episode match metadata,,,,0
imdb://tt5908790,"F:\MediaStack\data\media\tv\Re - ZERO, Starting Life in Another World\Season 01\Re - ZERO, Starting Life in Another World - S01E16 - The Greed of a Pig.mkv",episode,Re:ZERO -Starting Life in Another World- – Season 1 – A Pig's Greed,unmatched,missing episode match metadata,,,,0
imdb://tt5908792,"F:\MediaStack\data\media\tv\Re - ZERO, Starting Life in Another World\Season 01\Re - ZERO, Starting Life in Another World - S01E17 - Disgrace in the Extreme.mkv",episode,Re:ZERO -Starting Life in Another World- – Season 1 – Disgrace in the Extreme,unmatched,missing episode match metadata,,,,0
imdb://tt5986832,"F:\MediaStack\data\media\tv\Re - ZERO, Starting Life in Another World\Season 01\Re - ZERO, Starting Life in Another World - S01E18 - From Zero.mkv",episode,Re:ZERO -Starting Life in Another World- – Season 1 – From Zero,unmatched,missing episode match metadata,,,,0
imdb://tt5989740,"F:\MediaStack\data\media\tv\Re - ZERO, Starting Life in Another World\Season 01\Re - ZERO, Starting Life in Another World - S01E19 - Battle Against the White Whale.mkv",episode,Re:ZERO -Starting Life in Another World- – Season 1 – Battle Against the White Whale,unmatched,missing episode match metadata,,,,0
imdb://tt5989742,"F:\MediaStack\data\media\tv\Re - ZERO, Starting Life in Another World\Season 01\Re - ZERO, Starting Life in Another World - S01E20 - Wilhelm van Astrea.mkv",episode,Re:ZERO -Starting Life in Another World- – Season 1 – Wilhelm van Astrea,unmatched,missing episode match metadata,,,,0
imdb://tt5989748,"F:\MediaStack\data\media\tv\Re - ZERO, Starting Life in Another World\Season 01\Re - ZERO, Starting Life in Another World - S01E21 - A Wager That Defies Despair.mkv",episode,Re:ZERO -Starting Life in Another World- – Season 1 – A Wager That Defies Despair,unmatched,missing episode match metadata,,,,0
imdb://tt6011532,"F:\MediaStack\data\media\tv\Re - ZERO, Starting Life in Another World\Season 01\Re - ZERO, Starting Life in Another World - S01E22 - A Flash of Sloth.mkv",episode,Re:ZERO -Starting Life in Another World- – Season 1 – A Flash of Sloth,unmatched,missing episode match metadata,,,,0
imdb://tt6035436,"F:\MediaStack\data\media\tv\Re - ZERO, Starting Life in Another World\Season 01\Re - ZERO, Starting Life in Another World - S01E23 - Nefarious Sloth.mkv",episode,Re:ZERO -Starting Life in Another World- – Season 1 – Nefarious Sloth,unmatched,missing episode match metadata,,,,0
imdb://tt6035840,"F:\MediaStack\data\media\tv\Re - ZERO, Starting Life in Another World\Season 01\Re - ZERO, Starting Life in Another World - S01E24 - The Self-Proclaimed Knight and the Greatest Knight.mkv",episode,Re:ZERO -Starting Life in Another World- – Season 1 – The Self-Proclaimed Knight and the Greatest of Knights,unmatched,missing episode match metadata,,,,0
imdb://tt6051358,"F:\MediaStack\data\media\tv\Re - ZERO, Starting Life in Another World\Season 01\Re - ZERO, Starting Life in Another World - S01E25 - That's All This Story Is About.mkv",episode,Re:ZERO -Starting Life in Another World- – Season 1 – That’s All This Story Is About,unmatched,missing episode match metadata,,,,0
local://23802,"F:\MediaStack\data\media\tv\Re - ZERO, Starting Life in Another World\Season 02\Re - ZERO, Starting Life in Another World - S02E01 - Each One's Promise.mkv",episode,Re:ZERO -Starting Life in Another World- – Season 2 – Episode 1,unmatched,missing episode match metadata,,,,0
local://23803,"F:\MediaStack\data\media\tv\Re - ZERO, Starting Life in Another World\Season 02\Re - ZERO, Starting Life in Another World - S02E02 - The Next Location.mkv",episode,Re:ZERO -Starting Life in Another World- – Season 2 – Episode 2,unmatched,missing episode match metadata,,,,0
local://23804,"F:\MediaStack\data\media\tv\Re - ZERO, Starting Life in Another World\Season 02\Re - ZERO, Starting Life in Another World - S02E03 - The Long-Awaited Reunion.mkv",episode,Re:ZERO -Starting Life in Another World- – Season 2 – Episode 3,unmatched,missing episode match metadata,,,,0
local://23805,"F:\MediaStack\data\media\tv\Re - ZERO, Starting Life in Another World\Season 02\Re - ZERO, Starting Life in Another World - S02E04 - Parent and Child.mkv",episode,Re:ZERO -Starting Life in Another World- – Season 2 – Episode 4,unmatched,missing episode match metadata,,,,0
local://23806,"F:\MediaStack\data\media\tv\Re - ZERO, Starting Life in Another World\Season 02\Re - ZERO, Starting Life in Another World - S02E05 - A Step Forward.mkv",episode,Re:ZERO -Starting Life in Another World- – Season 2 – Episode 5,unmatched,missing episode match metadata,,,,0
local://23807,"F:\MediaStack\data\media\tv\Re - ZERO, Starting Life in Another World\Season 02\Re - ZERO, Starting Life in Another World - S02E06 - The Maiden's Gospel.mkv",episode,Re:ZERO -Starting Life in Another World- – Season 2 – Episode 6,unmatched,missing episode match metadata,,,,0
local://23808,"F:\MediaStack\data\media\tv\Re - ZERO, Starting Life in Another World\Season 02\Re - ZERO, Starting Life in Another World - S02E07 - Friend.mkv",episode,Re:ZERO -Starting Life in Another World- – Season 2 – Episode 7,unmatched,missing episode match metadata,,,,0
imdb://tt4503624,F:\MediaStack\data\media\tv\Parasyte -the maxim-\Season 01\Parasyte -the maxim- - S01E22 - Quiescence and Awakening.mkv,episode,Parasyte -the maxim- – Season 1 – Quiescence and Awakening,unmatched,missing episode match metadata,,,,0
imdb://tt4503634,F:\MediaStack\data\media\tv\Parasyte -the maxim-\Season 01\Parasyte -the maxim- - S01E23 - Life and Oath.mkv,episode,Parasyte -the maxim- – Season 1 – Life and Oath,unmatched,missing episode match metadata,,,,0
imdb://tt4503630,F:\MediaStack\data\media\tv\Parasyte -the maxim-\Season 01\Parasyte -the maxim- - S01E24 - Parasyte.mkv,episode,Parasyte -the maxim- – Season 1 – Parasyte,unmatched,missing episode match metadata,,,,0
imdb://tt1263532,F:\MediaStack\data\media\tv\Pride and Prejudice\Season 01\Pride and Prejudice - S01E01 - Episode 1.mkv,episode,Pride and Prejudice – Season 1 – Episode 1,unmatched,missing episode match metadata,,,,0
imdb://tt1263533,F:\MediaStack\data\media\tv\Pride and Prejudice\Season 01\Pride and Prejudice - S01E02 - Episode 2.mkv,episode,Pride and Prejudice – Season 1 – Episode 2,unmatched,missing episode match metadata,,,,0
imdb://tt1263534,F:\MediaStack\data\media\tv\Pride and Prejudice\Season 01\Pride and Prejudice - S01E03 - Episode 3.mkv,episode,Pride and Prejudice – Season 1 – Episode 3,unmatched,missing episode match metadata,,,,0
imdb://tt1263535,F:\MediaStack\data\media\tv\Pride and Prejudice\Season 01\Pride and Prejudice - S01E04 - Episode 4.mkv,episode,Pride and Prejudice – Season 1 – Episode 4,unmatched,missing episode match metadata,,,,0
imdb://tt1263536,F:\MediaStack\data\media\tv\Pride and Prejudice\Season 01\Pride and Prejudice - S01E05 - Episode 5.mkv,episode,Pride and Prejudice – Season 1 – Episode 5,unmatched,missing episode match metadata,,,,0
imdb://tt1263537,F:\MediaStack\data\media\tv\Pride and Prejudice\Season 01\Pride and Prejudice - S01E06 - Episode 6.mkv,episode,Pride and Prejudice – Season 1 – Episode 6,unmatched,missing episode match metadata,,,,0
imdb://tt5610338,"F:\MediaStack\data\media\tv\Re - ZERO, Starting Life in Another World\Season 01\Re - ZERO, Starting Life in Another World - S01E01 - The End of the Beginning and the Beginning of the End.mkv",episode,Re:ZERO -Starting Life in Another World- – Season 1 – The End of the Beginning and the Beginning of the End,unmatched,missing episode match metadata,,,,0
imdb://tt5610344,"F:\MediaStack\data\media\tv\Re - ZERO, Starting Life in Another World\Season 01\Re - ZERO, Starting Life in Another World - S01E02 - Reunion with the Witch.mkv",episode,Re:ZERO -Starting Life in Another World- – Season 1 – Reunion with the Witch,unmatched,missing episode match metadata,,,,0
imdb://tt5705706,"F:\MediaStack\data\media\tv\Re - ZERO, Starting Life in Another World\Season 01\Re - ZERO, Starting Life in Another World - S01E03 - Starting Life from Zero in Another World.mkv",episode,Re:ZERO -Starting Life in Another World- – Season 1 – Starting Life from Zero in Another World,unmatched,missing episode match metadata,,,,0
imdb://tt5705708,"F:\MediaStack\data\media\tv\Re - ZERO, Starting Life in Another World\Season 01\Re - ZERO, Starting Life in Another World - S01E04 - The Happy Roswaal Mansion Family.mkv",episode,Re:ZERO -Starting Life in Another World- – Season 1 – The Happy Roswaal Mansion Family,unmatched,missing episode match metadata,,,,0
imdb://tt5705712,"F:\MediaStack\data\media\tv\Re - ZERO, Starting Life in Another World\Season 01\Re - ZERO, Starting Life in Another World - S01E05 - The Morning of Our Promise Is Still Distant.mkv",episode,Re:ZERO -Starting Life in Another World- – Season 1 – The Morning of Our Promise Is Still Distant,unmatched,missing episode match metadata,,,,0
imdb://tt5705714,"F:\MediaStack\data\media\tv\Re - ZERO, Starting Life in Another World\Season 01\Re - ZERO, Starting Life in Another World - S01E06 - The Sound of Chains.mkv",episode,Re:ZERO -Starting Life in Another World- – Season 1 – The Sound of Chains,unmatched,missing episode match metadata,,,,0
imdb://tt5799360,"F:\MediaStack\data\media\tv\Re - ZERO, Starting Life in Another World\Season 01\Re - ZERO, Starting Life in Another World - S01E07 - Natsuki Subaru's Restart.mkv",episode,Re:ZERO -Starting Life in Another World- – Season 1 – Natsuki Subaru’s Restart,unmatched,missing episode match metadata,,,,0
imdb://tt5799380,"F:\MediaStack\data\media\tv\Re - ZERO, Starting Life in Another World\Season 01\Re - ZERO, Starting Life in Another World - S01E08 - I Cried, Cried My Lungs Out, and Stopped Crying.mkv",episode,"Re:ZERO -Starting Life in Another World- – Season 1 – I Cried, Cried My Lungs Out, and Stopped Crying",unmatched,missing episode match metadata,,,,0
imdb://tt5799388,"F:\MediaStack\data\media\tv\Re - ZERO, Starting Life in Another World\Season 01\Re - ZERO, Starting Life in Another World - S01E09 - The Meaning of Courage.mkv",episode,Re:ZERO -Starting Life in Another World- – Season 1 – The Meaning of Courage,unmatched,missing episode match metadata,,,,0
imdb://tt5799400,"F:\MediaStack\data\media\tv\Re - ZERO, Starting Life in Another World\Season 01\Re - ZERO, Starting Life in Another World - S01E10 - Fanatical Methods Like a Demon.mkv",episode,Re:ZERO -Starting Life in Another World- – Season 1 – Demonically Inspired Methods,unmatched,missing episode match metadata,,,,0
imdb://tt5799418,"F:\MediaStack\data\media\tv\Re - ZERO, Starting Life in Another World\Season 01\Re - ZERO, Starting Life in Another World - S01E11 - Rem.mkv",episode,Re:ZERO -Starting Life in Another World- – Season 1 – Rem,unmatched,missing episode match metadata,,,,0
imdb://tt5799422,"F:\MediaStack\data\media\tv\Re - ZERO, Starting Life in Another World\Season 01\Re - ZERO, Starting Life in Another World - S01E12 - Return to the Capital.mkv",episode,Re:ZERO -Starting Life in Another World- – Season 1 – Return to the Capital,unmatched,missing episode match metadata,,,,0
tmdb://5110909,F:\MediaStack\data\media\tv\P90X\Season 02\P90X - S02E05 - Abs+Core Plus.mp4,episode,P90X – Season 2 – Abs Core Plus,unmatched,missing episode match metadata,,,,0
imdb://tt3780376,F:\MediaStack\data\media\tv\Parasyte -the maxim-\Season 01\Parasyte -the maxim- - S01E01 - Metamorphosis.mkv,episode,Parasyte -the maxim- – Season 1 – Metamorphosis,unmatched,missing episode match metadata,,,,0
imdb://tt4138046,F:\MediaStack\data\media\tv\Parasyte -the maxim-\Season 01\Parasyte -the maxim- - S01E02 - Demon in the Flesh.mkv,episode,Parasyte -the maxim- – Season 1 – Demon in the Flesh,unmatched,missing episode match metadata,,,,0
imdb://tt4138074,F:\MediaStack\data\media\tv\Parasyte -the maxim-\Season 01\Parasyte -the maxim- - S01E03 - Feast.mkv,episode,Parasyte -the maxim- – Season 1 – Feast,unmatched,missing episode match metadata,,,,0
imdb://tt4157908,F:\MediaStack\data\media\tv\Parasyte -the maxim-\Season 01\Parasyte -the maxim- - S01E04 - Disheveled Hair.mkv,episode,Parasyte -the maxim- – Season 1 – Disheveled Hair,unmatched,missing episode match metadata,,,,0
imdb://tt4174568,F:\MediaStack\data\media\tv\Parasyte -the maxim-\Season 01\Parasyte -the maxim- - S01E05 - The Stranger.mkv,episode,Parasyte -the maxim- – Season 1 – The Stranger,unmatched,missing episode match metadata,,,,0
imdb://tt4194502,F:\MediaStack\data\media\tv\Parasyte -the maxim-\Season 01\Parasyte -the maxim- - S01E06 - The Sun Also Rises.mkv,episode,Parasyte -the maxim- – Season 1 – The Sun Also Rises,unmatched,missing episode match metadata,,,,0
imdb://tt4194512,F:\MediaStack\data\media\tv\Parasyte -the maxim-\Season 01\Parasyte -the maxim- - S01E07 - Dark Night's Passing.mkv,episode,Parasyte -the maxim- – Season 1 – Dark Night's Passing,unmatched,missing episode match metadata,,,,0
imdb://tt4200356,F:\MediaStack\data\media\tv\Parasyte -the maxim-\Season 01\Parasyte -the maxim- - S01E08 - Freezing Point.mkv,episode,Parasyte -the maxim- – Season 1 – Freezing Point,unmatched,missing episode match metadata,,,,0
imdb://tt4214606,F:\MediaStack\data\media\tv\Parasyte -the maxim-\Season 01\Parasyte -the maxim- - S01E09 - Beyond Good and Evil.mkv,episode,Parasyte -the maxim- – Season 1 – Beyond Good and Evil,unmatched,missing episode match metadata,,,,0
imdb://tt4229818,F:\MediaStack\data\media\tv\Parasyte -the maxim-\Season 01\Parasyte -the maxim- - S01E10 - What Mad Universe.mkv,episode,Parasyte -the maxim- – Season 1 – What Mad Universe,unmatched,missing episode match metadata,,,,0
imdb://tt4229820,F:\MediaStack\data\media\tv\Parasyte -the maxim-\Season 01\Parasyte -the maxim- - S01E11 - The Blue Bird.mkv,episode,Parasyte -the maxim- – Season 1 – The Blue Bird,unmatched,missing episode match metadata,,,,0
imdb://tt4229822,F:\MediaStack\data\media\tv\Parasyte -the maxim-\Season 01\Parasyte -the maxim- - S01E12 - Kokoro.mkv,episode,Parasyte -the maxim- – Season 1 – Kokoro,unmatched,missing episode match metadata,,,,0
imdb://tt4306832,F:\MediaStack\data\media\tv\Parasyte -the maxim-\Season 01\Parasyte -the maxim- - S01E13 - Hello Sadness.mkv,episode,Parasyte -the maxim- – Season 1 – Hello Sadness,unmatched,missing episode match metadata,,,,0
imdb://tt4306834,F:\MediaStack\data\media\tv\Parasyte -the maxim-\Season 01\Parasyte -the maxim- - S01E14 - The Selfish Gene.mkv,episode,Parasyte -the maxim- – Season 1 – The Selfish Gene,unmatched,missing episode match metadata,,,,0
imdb://tt4306838,F:\MediaStack\data\media\tv\Parasyte -the maxim-\Season 01\Parasyte -the maxim- - S01E15 - Something Wicked This Way Comes.mkv,episode,Parasyte -the maxim- – Season 1 – Something Wicked This Way Comes,unmatched,missing episode match metadata,,,,0
imdb://tt4306840,F:\MediaStack\data\media\tv\Parasyte -the maxim-\Season 01\Parasyte -the maxim- - S01E16 - Happy Family.mkv,episode,Parasyte -the maxim- – Season 1 – Happy Family,unmatched,missing episode match metadata,,,,0
imdb://tt4384868,F:\MediaStack\data\media\tv\Parasyte -the maxim-\Season 01\Parasyte -the maxim- - S01E17 - The Adventure of the Dying Detective.mkv,episode,Parasyte -the maxim- – Season 1 – The Adventure of the Dying Detective,unmatched,missing episode match metadata,,,,0
imdb://tt4384870,F:\MediaStack\data\media\tv\Parasyte -the maxim-\Season 01\Parasyte -the maxim- - S01E18 - More Than Human.mkv,episode,Parasyte -the maxim- – Season 1 – More Than Human,unmatched,missing episode match metadata,,,,0
imdb://tt4384874,F:\MediaStack\data\media\tv\Parasyte -the maxim-\Season 01\Parasyte -the maxim- - S01E19 - In Cold Blood.mkv,episode,Parasyte -the maxim- – Season 1 – In Cold Blood,unmatched,missing episode match metadata,,,,0
imdb://tt4406444,F:\MediaStack\data\media\tv\Parasyte -the maxim-\Season 01\Parasyte -the maxim- - S01E20 - Crime and Punishment.mkv,episode,Parasyte -the maxim- – Season 1 – Crime and Punishment,unmatched,missing episode match metadata,,,,0
imdb://tt4503620,F:\MediaStack\data\media\tv\Parasyte -the maxim-\Season 01\Parasyte -the maxim- - S01E21 - Sex and Spirit.mkv,episode,Parasyte -the maxim- – Season 1 – Sex and Spirit,unmatched,missing episode match metadata,,,,0
imdb://tt2572724,F:\MediaStack\data\media\tv\The Office (US)\Season 09\The Office (US) - S09E10 - Lice.mkv,episode,The Office (US) – Season 9 – Lice,unmatched,missing episode match metadata,,,,0
imdb://tt2572726,F:\MediaStack\data\media\tv\The Office (US)\Season 09\The Office (US) - S09E11 - Suit Warehouse.mkv,episode,The Office (US) – Season 9 – Suit Warehouse,unmatched,missing episode match metadata,,,,0
imdb://tt2572728,F:\MediaStack\data\media\tv\The Office (US)\Season 09\The Office (US) - S09E12 - Customer Loyalty.mkv,episode,The Office (US) – Season 9 – Customer Loyalty,unmatched,missing episode match metadata,,,,0
imdb://tt2572732,F:\MediaStack\data\media\tv\The Office (US)\Season 09\The Office (US) - S09E13 - Junior Salesman.mkv,episode,The Office (US) – Season 9 – Junior Salesman,unmatched,missing episode match metadata,,,,0
imdb://tt2572734,F:\MediaStack\data\media\tv\The Office (US)\Season 09\The Office (US) - S09E14 - Vandalism.mkv,episode,The Office (US) – Season 9 – Vandalism,unmatched,missing episode match metadata,,,,0
imdb://tt2572738,F:\MediaStack\data\media\tv\The Office (US)\Season 09\The Office (US) - S09E15 - Couples Discount.mkv,episode,The Office (US) – Season 9 – Couples Discount,unmatched,missing episode match metadata,,,,0
imdb://tt2572740,F:\MediaStack\data\media\tv\The Office (US)\Season 09\The Office (US) - S09E16 - Moving On.mkv,episode,The Office (US) – Season 9 – Moving On,unmatched,missing episode match metadata,,,,0
imdb://tt2361870,F:\MediaStack\data\media\tv\The Office (US)\Season 09\The Office (US) - S09E17 - The Farm.mkv,episode,The Office (US) – Season 9 – The Farm,unmatched,missing episode match metadata,,,,0
imdb://tt2669734,F:\MediaStack\data\media\tv\The Office (US)\Season 09\The Office (US) - S09E18 - Promos.mkv,episode,The Office (US) – Season 9 – Promos,unmatched,missing episode match metadata,,,,0
imdb://tt2669736,F:\MediaStack\data\media\tv\The Office (US)\Season 09\The Office (US) - S09E19 - Stairmageddon.mkv,episode,The Office (US) – Season 9 – Stairmageddon,unmatched,missing episode match metadata,,,,0
imdb://tt2669744,F:\MediaStack\data\media\tv\The Office (US)\Season 09\The Office (US) - S09E20 - Paper Airplane.mkv,episode,The Office (US) – Season 9 – Paper Airplane,unmatched,missing episode match metadata,,,,0
imdb://tt2876480,F:\MediaStack\data\media\tv\The Office (US)\Season 09\The Office (US) - S09E21 - Livin' the Dream.mkv,episode,The Office (US) – Season 9 – Livin' the Dream,unmatched,missing episode match metadata,,,,0
imdb://tt2669740,F:\MediaStack\data\media\tv\The Office (US)\Season 09\The Office (US) - S09E22 - A.A.R.M.mkv,episode,The Office (US) – Season 9 – A.A.R.M.,unmatched,missing episode match metadata,,,,0
imdb://tt2669746,F:\MediaStack\data\media\tv\The Office (US)\Season 09\The Office (US) - S09E23 - Finale.mkv,episode,The Office (US) – Season 9 – Finale,unmatched,missing episode match metadata,,,,0
tmdb://5110892,F:\MediaStack\data\media\tv\P90X\Season 01\P90X - S01E01 - Chest & Back.mp4,episode,P90X – Season 1 – Chest & Back,unmatched,missing episode match metadata,,,,0
tmdb://5110893,F:\MediaStack\data\media\tv\P90X\Season 01\P90X - S01E02 - Plyometrics.mp4,episode,P90X – Season 1 – Plyometrics,unmatched,missing episode match metadata,,,,0
tmdb://5110894,F:\MediaStack\data\media\tv\P90X\Season 01\P90X - S01E03 - Shoulders & Arms.mp4,episode,P90X – Season 1 – Shoulders & Arms,unmatched,missing episode match metadata,,,,0
tmdb://5110895,F:\MediaStack\data\media\tv\P90X\Season 01\P90X - S01E04 - Yoga X.mp4,episode,P90X – Season 1 – Yoga X,unmatched,missing episode match metadata,,,,0
tmdb://5110896,F:\MediaStack\data\media\tv\P90X\Season 01\P90X - S01E05 - Legs & Back.mp4,episode,P90X – Season 1 – Legs & Back,unmatched,missing episode match metadata,,,,0
tmdb://5110897,F:\MediaStack\data\media\tv\P90X\Season 01\P90X - S01E06 - Kenpo X.mp4,episode,P90X – Season 1 – Kenpo X,unmatched,missing episode match metadata,,,,0
tmdb://5110899,F:\MediaStack\data\media\tv\P90X\Season 01\P90X - S01E07 - X Stretch.mp4,episode,P90X – Season 1 – X Stretch,unmatched,missing episode match metadata,,,,0
tmdb://5110900,F:\MediaStack\data\media\tv\P90X\Season 01\P90X - S01E08 - Core Synergistics.mp4,episode,P90X – Season 1 – Core Synergistics,unmatched,missing episode match metadata,,,,0
tmdb://5110901,"F:\MediaStack\data\media\tv\P90X\Season 01\P90X - S01E09 - Chest, Shoulders & Triceps.mp4",episode,"P90X – Season 1 – Chest, Shoulders & Triceps",unmatched,missing episode match metadata,,,,0
tmdb://5110902,F:\MediaStack\data\media\tv\P90X\Season 01\P90X - S01E10 - Back & Biceps.mp4,episode,P90X – Season 1 – Back & Biceps,unmatched,missing episode match metadata,,,,0
tmdb://5110898,F:\MediaStack\data\media\tv\P90X\Season 01\P90X - S01E11 - Cardio X.mp4,episode,P90X – Season 1 – Cardio X,unmatched,missing episode match metadata,,,,0
tmdb://5110903,F:\MediaStack\data\media\tv\P90X\Season 01\P90X - S01E12 - Ab Ripper X.mp4,episode,P90X – Season 1 – Ab Ripper X,unmatched,missing episode match metadata,,,,0
tmdb://5110905,F:\MediaStack\data\media\tv\P90X\Season 02\P90X - S02E01 - Interval X Plus.mp4,episode,P90X – Season 2 – Interval X Plus,unmatched,missing episode match metadata,,,,0
tmdb://5110906,F:\MediaStack\data\media\tv\P90X\Season 02\P90X - S02E02 - Kenpo Cardio Plus.mp4,episode,P90X – Season 2 – Kenpo Cardio Plus,unmatched,missing episode match metadata,,,,0
tmdb://5110907,F:\MediaStack\data\media\tv\P90X\Season 02\P90X - S02E03 - Upper Plus.mp4,episode,P90X – Season 2 – Upper Plus,unmatched,missing episode match metadata,,,,0
tmdb://5110908,F:\MediaStack\data\media\tv\P90X\Season 02\P90X - S02E04 - Total Body Plus.mp4,episode,P90X – Season 2 – Total Body Plus,unmatched,missing episode match metadata,,,,0
imdb://tt2077604,F:\MediaStack\data\media\tv\The Office (US)\Season 08\The Office (US) - S08E07 - Pam's Replacement.mkv,episode,The Office (US) – Season 8 – Pam's Replacement,unmatched,missing episode match metadata,,,,0
imdb://tt2071306,F:\MediaStack\data\media\tv\The Office (US)\Season 08\The Office (US) - S08E08 - Gettysburg.mkv,episode,The Office (US) – Season 8 – Gettysburg,unmatched,missing episode match metadata,,,,0
imdb://tt2107510,F:\MediaStack\data\media\tv\The Office (US)\Season 08\The Office (US) - S08E09 - Mrs. California.mkv,episode,The Office (US) – Season 8 – Mrs. California,unmatched,missing episode match metadata,,,,0
imdb://tt2113519,F:\MediaStack\data\media\tv\The Office (US)\Season 08\The Office (US) - S08E10 - Christmas Wishes.mkv,episode,The Office (US) – Season 8 – Christmas Wishes,unmatched,missing episode match metadata,,,,0
imdb://tt2139249,F:\MediaStack\data\media\tv\The Office (US)\Season 08\The Office (US) - S08E11 - Trivia.mkv,episode,The Office (US) – Season 8 – Trivia,unmatched,missing episode match metadata,,,,0
imdb://tt2156255,F:\MediaStack\data\media\tv\The Office (US)\Season 08\The Office (US) - S08E12 - Pool Party.mkv,episode,The Office (US) – Season 8 – Pool Party,unmatched,missing episode match metadata,,,,0
imdb://tt2181631,F:\MediaStack\data\media\tv\The Office (US)\Season 08\The Office (US) - S08E13 - Jury Duty.mkv,episode,The Office (US) – Season 8 – Jury Duty,unmatched,missing episode match metadata,,,,0
imdb://tt2190001,F:\MediaStack\data\media\tv\The Office (US)\Season 08\The Office (US) - S08E14 - Special Project.mkv,episode,The Office (US) – Season 8 – Special Project,unmatched,missing episode match metadata,,,,0
imdb://tt2202113,F:\MediaStack\data\media\tv\The Office (US)\Season 08\The Office (US) - S08E15 - Tallahassee.mkv,episode,The Office (US) – Season 8 – Tallahassee,unmatched,missing episode match metadata,,,,0
imdb://tt2213999,F:\MediaStack\data\media\tv\The Office (US)\Season 08\The Office (US) - S08E16 - After Hours.mkv,episode,The Office (US) – Season 8 – After Hours,unmatched,missing episode match metadata,,,,0
imdb://tt2230719,F:\MediaStack\data\media\tv\The Office (US)\Season 08\The Office (US) - S08E17 - Test the Store.mkv,episode,The Office (US) – Season 8 – Test the Store,unmatched,missing episode match metadata,,,,0
imdb://tt2268001,F:\MediaStack\data\media\tv\The Office (US)\Season 08\The Office (US) - S08E18 - Last Day in Florida.mkv,episode,The Office (US) – Season 8 – Last Day in Florida,unmatched,missing episode match metadata,,,,0
imdb://tt2267999,F:\MediaStack\data\media\tv\The Office (US)\Season 08\The Office (US) - S08E19 - Get the Girl.mkv,episode,The Office (US) – Season 8 – Get the Girl,unmatched,missing episode match metadata,,,,0
imdb://tt2280881,F:\MediaStack\data\media\tv\The Office (US)\Season 08\The Office (US) - S08E20 - Welcome Party.mkv,episode,The Office (US) – Season 8 – Welcome Party,unmatched,missing episode match metadata,,,,0
imdb://tt2362659,F:\MediaStack\data\media\tv\The Office (US)\Season 08\The Office (US) - S08E21 - Angry Andy.mkv,episode,The Office (US) – Season 8 – Angry Andy,unmatched,missing episode match metadata,,,,0
imdb://tt2366113,F:\MediaStack\data\media\tv\The Office (US)\Season 08\The Office (US) - S08E22 - Fundraiser.mkv,episode,The Office (US) – Season 8 – Fundraiser,unmatched,missing episode match metadata,,,,0
imdb://tt2366115,F:\MediaStack\data\media\tv\The Office (US)\Season 08\The Office (US) - S08E23 - Turf War.mkv,episode,The Office (US) – Season 8 – Turf War,unmatched,missing episode match metadata,,,,0
imdb://tt2374269,F:\MediaStack\data\media\tv\The Office (US)\Season 08\The Office (US) - S08E24 - Free Family Portrait Studio.mkv,episode,The Office (US) – Season 8 – Free Family Portrait Studio,unmatched,missing episode match metadata,,,,0
imdb://tt2240226,F:\MediaStack\data\media\tv\The Office (US)\Season 09\The Office (US) - S09E01 - New Guys.mkv,episode,The Office (US) – Season 9 – New Guys,unmatched,missing episode match metadata,,,,0
imdb://tt2240224,F:\MediaStack\data\media\tv\The Office (US)\Season 09\The Office (US) - S09E02 - Roy's Wedding.mkv,episode,The Office (US) – Season 9 – Roy's Wedding,unmatched,missing episode match metadata,,,,0
imdb://tt2359466,F:\MediaStack\data\media\tv\The Office (US)\Season 09\The Office (US) - S09E03 - Andy's Ancestry.mkv,episode,The Office (US) – Season 9 – Andy's Ancestry,unmatched,missing episode match metadata,,,,0
imdb://tt2349780,F:\MediaStack\data\media\tv\The Office (US)\Season 09\The Office (US) - S09E04 - Work Bus.mkv,episode,The Office (US) – Season 9 – Work Bus,unmatched,missing episode match metadata,,,,0
imdb://tt2433396,F:\MediaStack\data\media\tv\The Office (US)\Season 09\The Office (US) - S09E05 - Here Comes Treble.mkv,episode,The Office (US) – Season 9 – Here Comes Treble,unmatched,missing episode match metadata,,,,0
imdb://tt2435600,F:\MediaStack\data\media\tv\The Office (US)\Season 09\The Office (US) - S09E06 - The Boat.mkv,episode,The Office (US) – Season 9 – The Boat,unmatched,missing episode match metadata,,,,0
imdb://tt2471292,F:\MediaStack\data\media\tv\The Office (US)\Season 09\The Office (US) - S09E07 - The Whale.mkv,episode,The Office (US) – Season 9 – The Whale,unmatched,missing episode match metadata,,,,0
imdb://tt2476014,F:\MediaStack\data\media\tv\The Office (US)\Season 09\The Office (US) - S09E08 - The Target.mkv,episode,The Office (US) – Season 9 – The Target,unmatched,missing episode match metadata,,,,0
imdb://tt2514850,F:\MediaStack\data\media\tv\The Office (US)\Season 09\The Office (US) - S09E09 - Dwight Christmas.mkv,episode,The Office (US) – Season 9 – Dwight Christmas,unmatched,missing episode match metadata,,,,0
imdb://tt1752581,F:\MediaStack\data\media\tv\The Office (US)\Season 07\The Office (US) - S07E10 - China.mkv,episode,The Office (US) – Season 7 – China,unmatched,missing episode match metadata,,,,0
tmdb://170285,F:\MediaStack\data\media\tv\The Office (US)\Season 07\The Office (US) - S07E11 - Classy Christmas (1).mkv,episode,The Office (US) – Season 7 – Classy Christmas,unmatched,missing episode match metadata,,,,0
imdb://tt1776740,F:\MediaStack\data\media\tv\The Office (US)\Season 07\The Office (US) - S07E12 - Classy Christmas (2).mkv,episode,The Office (US) – Season 7 – Ultimatum,unmatched,missing episode match metadata,,,,0
imdb://tt1810331,F:\MediaStack\data\media\tv\The Office (US)\Season 07\The Office (US) - S07E13 - Ultimatum.mkv,episode,The Office (US) – Season 7 – The Seminar,unmatched,missing episode match metadata,,,,0
imdb://tt1817005,F:\MediaStack\data\media\tv\The Office (US)\Season 07\The Office (US) - S07E14 - The Seminar.mkv,episode,The Office (US) – Season 7 – The Search,unmatched,missing episode match metadata,,,,0
imdb://tt1817006,F:\MediaStack\data\media\tv\The Office (US)\Season 07\The Office (US) - S07E15 - The Search.mkv,episode,The Office (US) – Season 7 – PDA,unmatched,missing episode match metadata,,,,0
imdb://tt1817007,F:\MediaStack\data\media\tv\The Office (US)\Season 07\The Office (US) - S07E16 - PDA.mkv,episode,The Office (US) – Season 7 – Threat Level Midnight,unmatched,missing episode match metadata,,,,0
imdb://tt1832204,F:\MediaStack\data\media\tv\The Office (US)\Season 07\The Office (US) - S07E17 - Threat Level Midnight.mkv,episode,The Office (US) – Season 7 – Todd Packer,unmatched,missing episode match metadata,,,,0
imdb://tt1833194,F:\MediaStack\data\media\tv\The Office (US)\Season 07\The Office (US) - S07E18 - Todd Packer.mkv,episode,The Office (US) – Season 7 – Garage Sale,unmatched,missing episode match metadata,,,,0
imdb://tt1833195,F:\MediaStack\data\media\tv\The Office (US)\Season 07\The Office (US) - S07E19 - Garage Sale.mkv,episode,The Office (US) – Season 7 – Training Day,unmatched,missing episode match metadata,,,,0
imdb://tt1833196,F:\MediaStack\data\media\tv\The Office (US)\Season 07\The Office (US) - S07E20 - Training Day.mkv,episode,The Office (US) – Season 7 – Michael's Last Dundies,unmatched,missing episode match metadata,,,,0
imdb://tt1833197,F:\MediaStack\data\media\tv\The Office (US)\Season 07\The Office (US) - S07E21 - Michael's Last Dundies.mkv,episode,"The Office (US) – Season 7 – Goodbye, Michael",unmatched,missing episode match metadata,,,,0
imdb://tt39173559,"F:\MediaStack\data\media\tv\The Office (US)\Season 07\The Office (US) - S07E22 - Goodbye, Michael.mkv",episode,The Office (US) – Season 7 – The Inner Circle,unmatched,missing episode match metadata,,,,0
imdb://tt1848619,F:\MediaStack\data\media\tv\The Office (US)\Season 07\The Office (US) - S07E23 - The Inner Circle.mkv,episode,"The Office (US) – Season 7 – Dwight K. Schrute, (Acting) Manager",unmatched,missing episode match metadata,,,,0
tmdb://170287,"F:\MediaStack\data\media\tv\The Office (US)\Season 07\The Office (US) - S07E24 - Dwight K. Schrute, (Acting) Manager.mkv",episode,The Office (US) – Season 7 – Search Committee,unmatched,missing episode match metadata,,,,0
local://24824,F:\MediaStack\data\media\tv\The Office (US)\Season 07\The Office (US) - S07E25 - Search Committee (1).mkv,episode,The Office (US) – Season 7 – Episode 25,unmatched,missing episode match metadata,,,,0
local://24825,F:\MediaStack\data\media\tv\The Office (US)\Season 07\The Office (US) - S07E26 - Search Committee (2).mkv,episode,The Office (US) – Season 7 – Episode 26,unmatched,missing episode match metadata,,,,0
imdb://tt2000321,F:\MediaStack\data\media\tv\The Office (US)\Season 08\The Office (US) - S08E01 - The List.mkv,episode,The Office (US) – Season 8 – The List,unmatched,missing episode match metadata,,,,0
imdb://tt2051718,F:\MediaStack\data\media\tv\The Office (US)\Season 08\The Office (US) - S08E02 - The Incentive.mkv,episode,The Office (US) – Season 8 – The Incentive,unmatched,missing episode match metadata,,,,0
imdb://tt2061513,F:\MediaStack\data\media\tv\The Office (US)\Season 08\The Office (US) - S08E03 - Lotto.mkv,episode,The Office (US) – Season 8 – Lotto,unmatched,missing episode match metadata,,,,0
imdb://tt2072796,F:\MediaStack\data\media\tv\The Office (US)\Season 08\The Office (US) - S08E04 - Garden Party.mkv,episode,The Office (US) – Season 8 – Garden Party,unmatched,missing episode match metadata,,,,0
imdb://tt2074990,F:\MediaStack\data\media\tv\The Office (US)\Season 08\The Office (US) - S08E05 - Spooked.mkv,episode,The Office (US) – Season 8 – Spooked,unmatched,missing episode match metadata,,,,0
imdb://tt2079359,F:\MediaStack\data\media\tv\The Office (US)\Season 08\The Office (US) - S08E06 - Doomsday.mkv,episode,The Office (US) – Season 8 – Doomsday,unmatched,missing episode match metadata,,,,0
imdb://tt1564719,F:\MediaStack\data\media\tv\The Office (US)\Season 06\The Office (US) - S06E13 - Secret Santa.mkv,episode,The Office (US) – Season 6 – The Banker,unmatched,missing episode match metadata,,,,0
imdb://tt1564720,F:\MediaStack\data\media\tv\The Office (US)\Season 06\The Office (US) - S06E14 - The Banker.mkv,episode,The Office (US) – Season 6 – Sabre,unmatched,missing episode match metadata,,,,0
imdb://tt1564721,F:\MediaStack\data\media\tv\The Office (US)\Season 06\The Office (US) - S06E15 - Sabre.mkv,episode,The Office (US) – Season 6 – The Manager and the Salesman,unmatched,missing episode match metadata,,,,0
imdb://tt1582153,F:\MediaStack\data\media\tv\The Office (US)\Season 06\The Office (US) - S06E16 - Manager and Salesman.mkv,episode,The Office (US) – Season 6 – The Delivery,unmatched,missing episode match metadata,,,,0
imdb://tt1589333,F:\MediaStack\data\media\tv\The Office (US)\Season 06\The Office (US) - S06E17 - The Delivery (1).mkv,episode,The Office (US) – Season 6 – St. Patrick's Day,unmatched,missing episode match metadata,,,,0
imdb://tt1589334,F:\MediaStack\data\media\tv\The Office (US)\Season 06\The Office (US) - S06E18 - The Delivery (2).mkv,episode,The Office (US) – Season 6 – New Leads,unmatched,missing episode match metadata,,,,0
imdb://tt1589335,F:\MediaStack\data\media\tv\The Office (US)\Season 06\The Office (US) - S06E19 - St. Patrick's Day.mkv,episode,The Office (US) – Season 6 – Happy Hour,unmatched,missing episode match metadata,,,,0
imdb://tt1589336,F:\MediaStack\data\media\tv\The Office (US)\Season 06\The Office (US) - S06E20 - New Leads.mkv,episode,The Office (US) – Season 6 – Secretary's Day,unmatched,missing episode match metadata,,,,0
imdb://tt1589337,F:\MediaStack\data\media\tv\The Office (US)\Season 06\The Office (US) - S06E21 - Happy Hour.mkv,episode,The Office (US) – Season 6 – Body Language,unmatched,missing episode match metadata,,,,0
imdb://tt1589338,F:\MediaStack\data\media\tv\The Office (US)\Season 06\The Office (US) - S06E22 - Secretary's Day.mkv,episode,The Office (US) – Season 6 – The Cover-Up,unmatched,missing episode match metadata,,,,0
imdb://tt1610228,F:\MediaStack\data\media\tv\The Office (US)\Season 06\The Office (US) - S06E23 - Body Language.mkv,episode,The Office (US) – Season 6 – The Chump,unmatched,missing episode match metadata,,,,0
imdb://tt1610229,F:\MediaStack\data\media\tv\The Office (US)\Season 06\The Office (US) - S06E24 - The Cover-Up.mkv,episode,The Office (US) – Season 6 – Whistleblower,unmatched,missing episode match metadata,,,,0
local://24797,F:\MediaStack\data\media\tv\The Office (US)\Season 06\The Office (US) - S06E25 - The Chump.mkv,episode,The Office (US) – Season 6 – Episode 25,unmatched,missing episode match metadata,,,,0
local://24798,F:\MediaStack\data\media\tv\The Office (US)\Season 06\The Office (US) - S06E26 - Whistleblower.mkv,episode,The Office (US) – Season 6 – Episode 26,unmatched,missing episode match metadata,,,,0
imdb://tt1691733,F:\MediaStack\data\media\tv\The Office (US)\Season 07\The Office (US) - S07E01 - Nepotism.mkv,episode,The Office (US) – Season 7 – Nepotism,unmatched,missing episode match metadata,,,,0
imdb://tt1707764,F:\MediaStack\data\media\tv\The Office (US)\Season 07\The Office (US) - S07E02 - Counseling.mkv,episode,The Office (US) – Season 7 – Counseling,unmatched,missing episode match metadata,,,,0
imdb://tt1707765,F:\MediaStack\data\media\tv\The Office (US)\Season 07\The Office (US) - S07E03 - Andy's Play.mkv,episode,The Office (US) – Season 7 – Andy's Play,unmatched,missing episode match metadata,,,,0
imdb://tt1707766,F:\MediaStack\data\media\tv\The Office (US)\Season 07\The Office (US) - S07E04 - Sex Ed.mkv,episode,The Office (US) – Season 7 – Sex Ed,unmatched,missing episode match metadata,,,,0
imdb://tt1725593,F:\MediaStack\data\media\tv\The Office (US)\Season 07\The Office (US) - S07E05 - The Sting.mkv,episode,The Office (US) – Season 7 – The Sting,unmatched,missing episode match metadata,,,,0
imdb://tt1725594,F:\MediaStack\data\media\tv\The Office (US)\Season 07\The Office (US) - S07E06 - Costume Contest.mkv,episode,The Office (US) – Season 7 – Costume Contest,unmatched,missing episode match metadata,,,,0
imdb://tt1724495,F:\MediaStack\data\media\tv\The Office (US)\Season 07\The Office (US) - S07E07 - Christening.mkv,episode,The Office (US) – Season 7 – Christening,unmatched,missing episode match metadata,,,,0
imdb://tt1752582,F:\MediaStack\data\media\tv\The Office (US)\Season 07\The Office (US) - S07E08 - Viewing Party.mkv,episode,The Office (US) – Season 7 – Viewing Party,unmatched,missing episode match metadata,,,,0
imdb://tt1752583,F:\MediaStack\data\media\tv\The Office (US)\Season 07\The Office (US) - S07E09 - WUPHF.com.mkv,episode,The Office (US) – Season 7 – WUPHF.com,unmatched,missing episode match metadata,,,,0
imdb://tt1248738,F:\MediaStack\data\media\tv\The Office (US)\Season 05\The Office (US) - S05E15 - Lecture Circuit (2).mkv,episode,The Office (US) – Season 5 – Lecture Circuit (2),unmatched,missing episode match metadata,,,,0
imdb://tt1248739,F:\MediaStack\data\media\tv\The Office (US)\Season 05\The Office (US) - S05E16 - Blood Drive.mkv,episode,The Office (US) – Season 5 – Blood Drive,unmatched,missing episode match metadata,,,,0
imdb://tt1248740,F:\MediaStack\data\media\tv\The Office (US)\Season 05\The Office (US) - S05E17 - Golden Ticket.mkv,episode,The Office (US) – Season 5 – Golden Ticket,unmatched,missing episode match metadata,,,,0
imdb://tt1248741,F:\MediaStack\data\media\tv\The Office (US)\Season 05\The Office (US) - S05E18 - New Boss.mkv,episode,The Office (US) – Season 5 – New Boss,unmatched,missing episode match metadata,,,,0
imdb://tt1248742,F:\MediaStack\data\media\tv\The Office (US)\Season 05\The Office (US) - S05E19 - Two Weeks.mkv,episode,The Office (US) – Season 5 – Two Weeks,unmatched,missing episode match metadata,,,,0
imdb://tt1248745,F:\MediaStack\data\media\tv\The Office (US)\Season 05\The Office (US) - S05E20 - Dream Team.mkv,episode,The Office (US) – Season 5 – Dream Team,unmatched,missing episode match metadata,,,,0
imdb://tt1248744,F:\MediaStack\data\media\tv\The Office (US)\Season 05\The Office (US) - S05E21 - The Michael Scott Paper Company.mkv,episode,The Office (US) – Season 5 – Michael Scott Paper Company,unmatched,missing episode match metadata,,,,0
imdb://tt1248746,F:\MediaStack\data\media\tv\The Office (US)\Season 05\The Office (US) - S05E22 - Heavy Competition.mkv,episode,The Office (US) – Season 5 – Heavy Competition,unmatched,missing episode match metadata,,,,0
imdb://tt1268727,F:\MediaStack\data\media\tv\The Office (US)\Season 05\The Office (US) - S05E23 - Broke.mkv,episode,The Office (US) – Season 5 – Broke,unmatched,missing episode match metadata,,,,0
imdb://tt1406712,F:\MediaStack\data\media\tv\The Office (US)\Season 05\The Office (US) - S05E24 - Casual Friday.mkv,episode,The Office (US) – Season 5 – Casual Friday,unmatched,missing episode match metadata,,,,0
imdb://tt1417507,F:\MediaStack\data\media\tv\The Office (US)\Season 05\The Office (US) - S05E25 - Cafe Disco.mkv,episode,The Office (US) – Season 5 – Cafe Disco,unmatched,missing episode match metadata,,,,0
imdb://tt1417732,F:\MediaStack\data\media\tv\The Office (US)\Season 05\The Office (US) - S05E26 - Company Picnic.mkv,episode,The Office (US) – Season 5 – Company Picnic,unmatched,missing episode match metadata,,,,0
imdb://tt1467798,F:\MediaStack\data\media\tv\The Office (US)\Season 06\The Office (US) - S06E01 - Gossip.mkv,episode,The Office (US) – Season 6 – Gossip,unmatched,missing episode match metadata,,,,0
imdb://tt1487740,F:\MediaStack\data\media\tv\The Office (US)\Season 06\The Office (US) - S06E02 - The Meeting.mkv,episode,The Office (US) – Season 6 – The Meeting,unmatched,missing episode match metadata,,,,0
imdb://tt1487741,F:\MediaStack\data\media\tv\The Office (US)\Season 06\The Office (US) - S06E03 - The Promotion.mkv,episode,The Office (US) – Season 6 – The Promotion,unmatched,missing episode match metadata,,,,0
imdb://tt1487742,F:\MediaStack\data\media\tv\The Office (US)\Season 06\The Office (US) - S06E04 - Niagara (1).mkv,episode,The Office (US) – Season 6 – Niagara,unmatched,missing episode match metadata,,,,0
imdb://tt1520196,F:\MediaStack\data\media\tv\The Office (US)\Season 06\The Office (US) - S06E05 - Niagara (2).mkv,episode,The Office (US) – Season 6 – Mafia,unmatched,missing episode match metadata,,,,0
imdb://tt1520197,F:\MediaStack\data\media\tv\The Office (US)\Season 06\The Office (US) - S06E06 - Mafia.mkv,episode,The Office (US) – Season 6 – The Lover,unmatched,missing episode match metadata,,,,0
imdb://tt1524878,F:\MediaStack\data\media\tv\The Office (US)\Season 06\The Office (US) - S06E07 - The Lover.mkv,episode,The Office (US) – Season 6 – Koi Pond,unmatched,missing episode match metadata,,,,0
imdb://tt1531589,F:\MediaStack\data\media\tv\The Office (US)\Season 06\The Office (US) - S06E08 - Koi Pond.mkv,episode,The Office (US) – Season 6 – Double Date,unmatched,missing episode match metadata,,,,0
imdb://tt1535367,F:\MediaStack\data\media\tv\The Office (US)\Season 06\The Office (US) - S06E09 - Double Date.mkv,episode,The Office (US) – Season 6 – Murder,unmatched,missing episode match metadata,,,,0
imdb://tt1536326,F:\MediaStack\data\media\tv\The Office (US)\Season 06\The Office (US) - S06E10 - Murder.mkv,episode,The Office (US) – Season 6 – Shareholder Meeting,unmatched,missing episode match metadata,,,,0
imdb://tt1544466,F:\MediaStack\data\media\tv\The Office (US)\Season 06\The Office (US) - S06E11 - Shareholder Meeting.mkv,episode,The Office (US) – Season 6 – Scott's Tots,unmatched,missing episode match metadata,,,,0
imdb://tt1548747,F:\MediaStack\data\media\tv\The Office (US)\Season 06\The Office (US) - S06E12 - Scott's Tots.mkv,episode,The Office (US) – Season 6 – Secret Santa,unmatched,missing episode match metadata,,,,0
imdb://tt1031450,F:\MediaStack\data\media\tv\The Office (US)\Season 04\The Office (US) - S04E11 - Survivor Man.mkv,episode,The Office (US) – Season 4 – Night Out,unmatched,missing episode match metadata,,,,0
imdb://tt1031451,F:\MediaStack\data\media\tv\The Office (US)\Season 04\The Office (US) - S04E12 - The Deposition.mkv,episode,The Office (US) – Season 4 – Did I Stutter?,unmatched,missing episode match metadata,,,,0
imdb://tt1031452,F:\MediaStack\data\media\tv\The Office (US)\Season 04\The Office (US) - S04E13 - Dinner Party.mkv,episode,The Office (US) – Season 4 – Job Fair,unmatched,missing episode match metadata,,,,0
imdb://tt1031453,F:\MediaStack\data\media\tv\The Office (US)\Season 04\The Office (US) - S04E14 - The Chair Model.mkv,episode,The Office (US) – Season 4 – Goodbye Toby,unmatched,missing episode match metadata,,,,0
local://24740,F:\MediaStack\data\media\tv\The Office (US)\Season 04\The Office (US) - S04E15 - Night Out.mkv,episode,The Office (US) – Season 4 – Episode 15,unmatched,missing episode match metadata,,,,0
local://24741,F:\MediaStack\data\media\tv\The Office (US)\Season 04\The Office (US) - S04E16 - Did I Stutter.mkv,episode,The Office (US) – Season 4 – Episode 16,unmatched,missing episode match metadata,,,,0
local://24742,F:\MediaStack\data\media\tv\The Office (US)\Season 04\The Office (US) - S04E17 - Job Fair.mkv,episode,The Office (US) – Season 4 – Episode 17,unmatched,missing episode match metadata,,,,0
local://25019,"F:\MediaStack\data\media\tv\The Office (US)\Season 04\The Office (US) - S04E18 - Goodbye, Toby (1).mkv",episode,The Office (US) – Season 4 – Episode 18,unmatched,missing episode match metadata,,,,0
local://25020,"F:\MediaStack\data\media\tv\The Office (US)\Season 04\The Office (US) - S04E19 - Goodbye, Toby (2).mkv",episode,The Office (US) – Season 4 – Episode 19,unmatched,missing episode match metadata,,,,0
imdb://tt1236462,F:\MediaStack\data\media\tv\The Office (US)\Season 05\The Office (US) - S05E01 - Weight Loss.mkv,episode,The Office (US) – Season 5 – Weight Loss,unmatched,missing episode match metadata,,,,0
imdb://tt1248743,F:\MediaStack\data\media\tv\The Office (US)\Season 05\The Office (US) - S05E02 - Business Ethics.mkv,episode,The Office (US) – Season 5 – Business Ethics,unmatched,missing episode match metadata,,,,0
imdb://tt1248747,F:\MediaStack\data\media\tv\The Office (US)\Season 05\The Office (US) - S05E03 - Baby Shower.mkv,episode,The Office (US) – Season 5 – Baby Shower,unmatched,missing episode match metadata,,,,0
imdb://tt1248748,F:\MediaStack\data\media\tv\The Office (US)\Season 05\The Office (US) - S05E04 - Crime Aid.mkv,episode,The Office (US) – Season 5 – Crime Aid,unmatched,missing episode match metadata,,,,0
imdb://tt1248749,F:\MediaStack\data\media\tv\The Office (US)\Season 05\The Office (US) - S05E05 - Employee Transfer.mkv,episode,The Office (US) – Season 5 – Employee Transfer,unmatched,missing episode match metadata,,,,0
imdb://tt1248750,F:\MediaStack\data\media\tv\The Office (US)\Season 05\The Office (US) - S05E06 - Customer Survey.mkv,episode,The Office (US) – Season 5 – Customer Survey,unmatched,missing episode match metadata,,,,0
imdb://tt1248751,F:\MediaStack\data\media\tv\The Office (US)\Season 05\The Office (US) - S05E07 - Business Trip.mkv,episode,The Office (US) – Season 5 – Business Trip,unmatched,missing episode match metadata,,,,0
imdb://tt1248752,F:\MediaStack\data\media\tv\The Office (US)\Season 05\The Office (US) - S05E08 - Frame Toby.mkv,episode,The Office (US) – Season 5 – Frame Toby,unmatched,missing episode match metadata,,,,0
imdb://tt1248753,F:\MediaStack\data\media\tv\The Office (US)\Season 05\The Office (US) - S05E09 - The Surplus.mkv,episode,The Office (US) – Season 5 – The Surplus,unmatched,missing episode match metadata,,,,0
imdb://tt1248733,F:\MediaStack\data\media\tv\The Office (US)\Season 05\The Office (US) - S05E10 - Moroccan Christmas.mkv,episode,The Office (US) – Season 5 – Moroccan Christmas,unmatched,missing episode match metadata,,,,0
imdb://tt1248734,F:\MediaStack\data\media\tv\The Office (US)\Season 05\The Office (US) - S05E11 - The Duel.mkv,episode,The Office (US) – Season 5 – The Duel,unmatched,missing episode match metadata,,,,0
imdb://tt1248735,F:\MediaStack\data\media\tv\The Office (US)\Season 05\The Office (US) - S05E12 - Prince Family Paper.mkv,episode,The Office (US) – Season 5 – Prince Family Paper,unmatched,missing episode match metadata,,,,0
imdb://tt1248736,F:\MediaStack\data\media\tv\The Office (US)\Season 05\The Office (US) - S05E13 - Stress Relief.mkv,episode,The Office (US) – Season 5 – Stress Relief,unmatched,missing episode match metadata,,,,0
imdb://tt1248737,F:\MediaStack\data\media\tv\The Office (US)\Season 05\The Office (US) - S05E14 - Lecture Circuit (1).mkv,episode,The Office (US) – Season 5 – Lecture Circuit (1),unmatched,missing episode match metadata,,,,0
imdb://tt0918835,F:\MediaStack\data\media\tv\The Office (US)\Season 03\The Office (US) - S03E11 - Back from Vacation.mkv,episode,The Office (US) – Season 3 – Back from Vacation,unmatched,missing episode match metadata,,,,0
imdb://tt0934246,F:\MediaStack\data\media\tv\The Office (US)\Season 03\The Office (US) - S03E12 - Traveling Salesmen.mkv,episode,The Office (US) – Season 3 – Traveling Salesmen,unmatched,missing episode match metadata,,,,0
imdb://tt0937879,F:\MediaStack\data\media\tv\The Office (US)\Season 03\The Office (US) - S03E13 - The Return.mkv,episode,The Office (US) – Season 3 – The Return,unmatched,missing episode match metadata,,,,0
imdb://tt0954759,F:\MediaStack\data\media\tv\The Office (US)\Season 03\The Office (US) - S03E14 - Ben Franklin.mkv,episode,The Office (US) – Season 3 – Ben Franklin,unmatched,missing episode match metadata,,,,0
imdb://tt0962460,F:\MediaStack\data\media\tv\The Office (US)\Season 03\The Office (US) - S03E15 - Phyllis' Wedding.mkv,episode,The Office (US) – Season 3 – Phyllis' Wedding,unmatched,missing episode match metadata,,,,0
imdb://tt0964922,F:\MediaStack\data\media\tv\The Office (US)\Season 03\The Office (US) - S03E16 - Business School.mkv,episode,The Office (US) – Season 3 – Business School,unmatched,missing episode match metadata,,,,0
imdb://tt0967814,F:\MediaStack\data\media\tv\The Office (US)\Season 03\The Office (US) - S03E17 - Cocktails.mkv,episode,The Office (US) – Season 3 – Cocktails,unmatched,missing episode match metadata,,,,0
imdb://tt0983623,F:\MediaStack\data\media\tv\The Office (US)\Season 03\The Office (US) - S03E18 - The Negotiation.mkv,episode,The Office (US) – Season 3 – The Negotiation,unmatched,missing episode match metadata,,,,0
imdb://tt0966362,F:\MediaStack\data\media\tv\The Office (US)\Season 03\The Office (US) - S03E19 - Safety Training.mkv,episode,The Office (US) – Season 3 – Safety Training,unmatched,missing episode match metadata,,,,0
imdb://tt1008441,F:\MediaStack\data\media\tv\The Office (US)\Season 03\The Office (US) - S03E20 - Product Recall.mkv,episode,The Office (US) – Season 3 – Product Recall,unmatched,missing episode match metadata,,,,0
imdb://tt1020711,F:\MediaStack\data\media\tv\The Office (US)\Season 03\The Office (US) - S03E21 - Women's Appreciation.mkv,episode,The Office (US) – Season 3 – Women's Appreciation,unmatched,missing episode match metadata,,,,0
imdb://tt1028389,F:\MediaStack\data\media\tv\The Office (US)\Season 03\The Office (US) - S03E22 - Beach Games.mkv,episode,The Office (US) – Season 3 – Beach Games,unmatched,missing episode match metadata,,,,0
imdb://tt1030253,F:\MediaStack\data\media\tv\The Office (US)\Season 03\The Office (US) - S03E23 - The Job.mkv,episode,The Office (US) – Season 3 – The Job,unmatched,missing episode match metadata,,,,0
tmdb://170244,F:\MediaStack\data\media\tv\The Office (US)\Season 04\The Office (US) - S04E01 - Fun Run (1).mkv,episode,The Office (US) – Season 4 – Fun Run,unmatched,missing episode match metadata,,,,0
imdb://tt1026035,F:\MediaStack\data\media\tv\The Office (US)\Season 04\The Office (US) - S04E02 - Fun Run (2).mkv,episode,The Office (US) – Season 4 – Dunder Mifflin Infinity,unmatched,missing episode match metadata,,,,0
tmdb://170248,F:\MediaStack\data\media\tv\The Office (US)\Season 04\The Office (US) - S04E03 - Dunder Mifflin Infinity (1).mkv,episode,The Office (US) – Season 4 – Launch Party,unmatched,missing episode match metadata,,,,0
tmdb://170250,F:\MediaStack\data\media\tv\The Office (US)\Season 04\The Office (US) - S04E04 - Dunder Mifflin Infinity (2).mkv,episode,The Office (US) – Season 4 – Money,unmatched,missing episode match metadata,,,,0
imdb://tt1031473,F:\MediaStack\data\media\tv\The Office (US)\Season 04\The Office (US) - S04E05 - Launch Party (1).mkv,episode,The Office (US) – Season 4 – Local Ad,unmatched,missing episode match metadata,,,,0
imdb://tt1031474,F:\MediaStack\data\media\tv\The Office (US)\Season 04\The Office (US) - S04E06 - Launch Party (2).mkv,episode,The Office (US) – Season 4 – Branch Wars,unmatched,missing episode match metadata,,,,0
imdb://tt1031475,F:\MediaStack\data\media\tv\The Office (US)\Season 04\The Office (US) - S04E07 - Money (1).mkv,episode,The Office (US) – Season 4 – Survivor Man,unmatched,missing episode match metadata,,,,0
imdb://tt1031476,F:\MediaStack\data\media\tv\The Office (US)\Season 04\The Office (US) - S04E08 - Money (2).mkv,episode,The Office (US) – Season 4 – The Deposition,unmatched,missing episode match metadata,,,,0
imdb://tt1031477,F:\MediaStack\data\media\tv\The Office (US)\Season 04\The Office (US) - S04E09 - Local Ad.mkv,episode,The Office (US) – Season 4 – Dinner Party,unmatched,missing episode match metadata,,,,0
imdb://tt1031449,F:\MediaStack\data\media\tv\The Office (US)\Season 04\The Office (US) - S04E10 - Branch Wars.mkv,episode,The Office (US) – Season 4 – Chair Model,unmatched,missing episode match metadata,,,,0
imdb://tt0664526,F:\MediaStack\data\media\tv\The Office (US)\Season 02\The Office (US) - S02E06 - The Fight.mkv,episode,The Office (US) – Season 2 – The Fight,unmatched,missing episode match metadata,,,,0
imdb://tt0664524,F:\MediaStack\data\media\tv\The Office (US)\Season 02\The Office (US) - S02E07 - The Client.mkv,episode,The Office (US) – Season 2 – The Client,unmatched,missing episode match metadata,,,,0
imdb://tt0664520,F:\MediaStack\data\media\tv\The Office (US)\Season 02\The Office (US) - S02E08 - Performance Review.mkv,episode,The Office (US) – Season 2 – Performance Review,unmatched,missing episode match metadata,,,,0
imdb://tt0664515,F:\MediaStack\data\media\tv\The Office (US)\Season 02\The Office (US) - S02E09 - Email Surveillance.mkv,episode,The Office (US) – Season 2 – Email Surveillance,unmatched,missing episode match metadata,,,,0
imdb://tt0664513,F:\MediaStack\data\media\tv\The Office (US)\Season 02\The Office (US) - S02E10 - Christmas Party.mkv,episode,The Office (US) – Season 2 – Christmas Party,unmatched,missing episode match metadata,,,,0
imdb://tt0664511,F:\MediaStack\data\media\tv\The Office (US)\Season 02\The Office (US) - S02E11 - Booze Cruise.mkv,episode,The Office (US) – Season 2 – Booze Cruise,unmatched,missing episode match metadata,,,,0
imdb://tt0664528,F:\MediaStack\data\media\tv\The Office (US)\Season 02\The Office (US) - S02E12 - The Injury.mkv,episode,The Office (US) – Season 2 – The Injury,unmatched,missing episode match metadata,,,,0
imdb://tt0756967,F:\MediaStack\data\media\tv\The Office (US)\Season 02\The Office (US) - S02E13 - The Secret.mkv,episode,The Office (US) – Season 2 – The Secret,unmatched,missing episode match metadata,,,,0
imdb://tt0756966,F:\MediaStack\data\media\tv\The Office (US)\Season 02\The Office (US) - S02E14 - The Carpet.mkv,episode,The Office (US) – Season 2 – The Carpet,unmatched,missing episode match metadata,,,,0
imdb://tt0664512,F:\MediaStack\data\media\tv\The Office (US)\Season 02\The Office (US) - S02E15 - Boys And Girls.mkv,episode,The Office (US) – Season 2 – Boys and Girls,unmatched,missing episode match metadata,,,,0
imdb://tt0763221,F:\MediaStack\data\media\tv\The Office (US)\Season 02\The Office (US) - S02E16 - Valentine's Day.mkv,episode,The Office (US) – Season 2 – Valentine's Day,unmatched,missing episode match metadata,,,,0
imdb://tt0770626,F:\MediaStack\data\media\tv\The Office (US)\Season 02\The Office (US) - S02E17 - Dwight's Speech.mkv,episode,The Office (US) – Season 2 – Dwight's Speech,unmatched,missing episode match metadata,,,,0
imdb://tt0779510,F:\MediaStack\data\media\tv\The Office (US)\Season 02\The Office (US) - S02E18 - Take Your Daughter to Work Day.mkv,episode,The Office (US) – Season 2 – Take Your Daughter to Work Day,unmatched,missing episode match metadata,,,,0
imdb://tt0776249,F:\MediaStack\data\media\tv\The Office (US)\Season 02\The Office (US) - S02E19 - Michael's Birthday.mkv,episode,The Office (US) – Season 2 – Michael's Birthday,unmatched,missing episode match metadata,,,,0
imdb://tt0795874,F:\MediaStack\data\media\tv\The Office (US)\Season 02\The Office (US) - S02E20 - Drug Testing.mkv,episode,The Office (US) – Season 2 – Drug Testing,unmatched,missing episode match metadata,,,,0
imdb://tt0796140,F:\MediaStack\data\media\tv\The Office (US)\Season 02\The Office (US) - S02E21 - Conflict Resolution.mkv,episode,The Office (US) – Season 2 – Conflict Resolution,unmatched,missing episode match metadata,,,,0
imdb://tt0800604,F:\MediaStack\data\media\tv\The Office (US)\Season 02\The Office (US) - S02E22 - Casino Night.mkv,episode,The Office (US) – Season 2 – Casino Night,unmatched,missing episode match metadata,,,,0
imdb://tt0859444,F:\MediaStack\data\media\tv\The Office (US)\Season 03\The Office (US) - S03E01 - Gay Witch Hunt.mkv,episode,The Office (US) – Season 3 – Gay Witch Hunt,unmatched,missing episode match metadata,,,,0
imdb://tt0859445,F:\MediaStack\data\media\tv\The Office (US)\Season 03\The Office (US) - S03E02 - The Convention.mkv,episode,The Office (US) – Season 3 – The Convention,unmatched,missing episode match metadata,,,,0
imdb://tt0868440,F:\MediaStack\data\media\tv\The Office (US)\Season 03\The Office (US) - S03E03 - The Coup.mkv,episode,The Office (US) – Season 3 – The Coup,unmatched,missing episode match metadata,,,,0
imdb://tt0877241,F:\MediaStack\data\media\tv\The Office (US)\Season 03\The Office (US) - S03E04 - Grief Counseling.mkv,episode,The Office (US) – Season 3 – Grief Counseling,unmatched,missing episode match metadata,,,,0
imdb://tt0873237,F:\MediaStack\data\media\tv\The Office (US)\Season 03\The Office (US) - S03E05 - Initiation.mkv,episode,The Office (US) – Season 3 – Initiation,unmatched,missing episode match metadata,,,,0
imdb://tt0888293,F:\MediaStack\data\media\tv\The Office (US)\Season 03\The Office (US) - S03E06 - Diwali.mkv,episode,The Office (US) – Season 3 – Diwali,unmatched,missing episode match metadata,,,,0
imdb://tt0888292,F:\MediaStack\data\media\tv\The Office (US)\Season 03\The Office (US) - S03E07 - Branch Closing.mkv,episode,The Office (US) – Season 3 – Branch Closing,unmatched,missing episode match metadata,,,,0
imdb://tt0894520,F:\MediaStack\data\media\tv\The Office (US)\Season 03\The Office (US) - S03E08 - The Merger.mkv,episode,The Office (US) – Season 3 – The Merger,unmatched,missing episode match metadata,,,,0
imdb://tt0900677,F:\MediaStack\data\media\tv\The Office (US)\Season 03\The Office (US) - S03E09 - The Convict.mkv,episode,The Office (US) – Season 3 – The Convict,unmatched,missing episode match metadata,,,,0
imdb://tt0908674,F:\MediaStack\data\media\tv\The Office (US)\Season 03\The Office (US) - S03E10 - A Benihana Christmas.mkv,episode,The Office (US) – Season 3 – A Benihana Christmas,unmatched,missing episode match metadata,,,,0
imdb://tt38954666,F:\MediaStack\data\media\tv\My Hero Academia\Season 08\My Hero Academia - S08E09 - Epilogue + The Hellish Todoroki Family - Final.mkv,episode,"My Hero Academia – Season 8 – Epilogue, The Hellish Todoroki Family: Final",unmatched,missing episode match metadata,,,,0
imdb://tt39017059,F:\MediaStack\data\media\tv\My Hero Academia\Season 08\My Hero Academia - S08E10 - The Girl Who Loves Smiles.mkv,episode,My Hero Academia – Season 8 – The Girl Who Loves Smiles,unmatched,missing episode match metadata,,,,0
imdb://tt39017071,F:\MediaStack\data\media\tv\My Hero Academia\Season 08\My Hero Academia - S08E11 - My Hero Academia.mkv,episode,My Hero Academia – Season 8 – My Hero Academia,unmatched,missing episode match metadata,,,,0
tmdb://170252,F:\MediaStack\data\media\tv\The Office (US)\Specials\The Office (US) - S00E01 - Webisodes - The Accountants.mkv,episode,The Office (US) – Specials – The Accountants: The Books Don't Balance,unmatched,missing episode match metadata,,,,0
tmdb://2413270,F:\MediaStack\data\media\tv\The Office (US)\Specials\The Office (US) - S00E02 - Webisodes - Kevin's Bank Loan.mkv,episode,The Office (US) – Specials – The Accountants: Phyllis,unmatched,missing episode match metadata,,,,0
tmdb://2413272,F:\MediaStack\data\media\tv\The Office (US)\Specials\The Office (US) - S00E03 - Webisodes - The Outburst.mkv,episode,The Office (US) – Specials – The Accountants: Meredith,unmatched,missing episode match metadata,,,,0
tmdb://2413273,F:\MediaStack\data\media\tv\The Office (US)\Specials\The Office (US) - S00E04 - Webisodes - Blackmail.mkv,episode,The Office (US) – Specials – The Accountants: Stanley,unmatched,missing episode match metadata,,,,0
tmdb://2413274,F:\MediaStack\data\media\tv\The Office (US)\Specials\The Office (US) - S00E05 - Webisodes - Subtle Sexuality.mkv,episode,The Office (US) – Specials – The Accountants: Someone in the Warehouse,unmatched,missing episode match metadata,,,,0
tmdb://2413275,F:\MediaStack\data\media\tv\The Office (US)\Specials\The Office (US) - S00E06 - Webisodes - The Mentor.mkv,episode,The Office (US) – Specials – The Accountants: The Memo,unmatched,missing episode match metadata,,,,0
tmdb://2413276,F:\MediaStack\data\media\tv\The Office (US)\Specials\The Office (US) - S00E07 - The Pod Caster.mkv,episode,The Office (US) – Specials – The Accountants: Things Are Getting Tense,unmatched,missing episode match metadata,,,,0
tmdb://2413277,F:\MediaStack\data\media\tv\The Office (US)\Specials\The Office (US) - S00E08 - Threat Level Midnight - The Movie.mkv,episode,The Office (US) – Specials – The Accountants: You're Mean,unmatched,missing episode match metadata,,,,0
tmdb://2413278,F:\MediaStack\data\media\tv\The Office (US)\Specials\The Office (US) - S00E09 - Recap Special.mkv,episode,The Office (US) – Specials – The Accountants: Michael's Office,unmatched,missing episode match metadata,,,,0
tmdb://2413280,F:\MediaStack\data\media\tv\The Office (US)\Specials\The Office (US) - S00E10 - Webisodes - The 3rd Floor.mkv,episode,The Office (US) – Specials – The Accountants: The Best Day of My Life,unmatched,missing episode match metadata,,,,0
tmdb://2301607,F:\MediaStack\data\media\tv\The Office (US)\Specials\The Office (US) - S00E11 - Webisodes - The Podcast.mkv,episode,The Office (US) – Specials – Season 2 Blooper Reel,unmatched,missing episode match metadata,,,,0
tmdb://2301617,F:\MediaStack\data\media\tv\The Office (US)\Specials\The Office (US) - S00E12 - Webisodes - The Girl Next Door.mkv,episode,The Office (US) – Specials – Season 3 Blooper Reel,unmatched,missing episode match metadata,,,,0
tmdb://170255,F:\MediaStack\data\media\tv\The Office (US)\Specials\The Office (US) - S00E13 - The Office Retrospective.mkv,episode,The Office (US) – Specials – Kevin's Loan: Money Trouble,unmatched,missing episode match metadata,,,,0
tmdb://2413285,F:\MediaStack\data\media\tv\The Office (US)\Specials\The Office (US) - S00E14 - Season 2 Blooper Reel.mkv,episode,The Office (US) – Specials – Kevin's Loan: Malone's Cones,unmatched,missing episode match metadata,,,,0
imdb://tt0664521,F:\MediaStack\data\media\tv\The Office (US)\Season 01\The Office (US) - S01E01 - Pilot.mkv,episode,The Office (US) – Season 1 – Pilot,unmatched,missing episode match metadata,,,,0
imdb://tt0664514,F:\MediaStack\data\media\tv\The Office (US)\Season 01\The Office (US) - S01E02 - Diversity Day.mkv,episode,The Office (US) – Season 1 – Diversity Day,unmatched,missing episode match metadata,,,,0
imdb://tt0664517,F:\MediaStack\data\media\tv\The Office (US)\Season 01\The Office (US) - S01E03 - Health Care.mkv,episode,The Office (US) – Season 1 – Health Care,unmatched,missing episode match metadata,,,,0
imdb://tt0664523,F:\MediaStack\data\media\tv\The Office (US)\Season 01\The Office (US) - S01E04 - The Alliance.mkv,episode,The Office (US) – Season 1 – The Alliance,unmatched,missing episode match metadata,,,,0
imdb://tt0664510,F:\MediaStack\data\media\tv\The Office (US)\Season 01\The Office (US) - S01E05 - Basketball.mkv,episode,The Office (US) – Season 1 – Basketball,unmatched,missing episode match metadata,,,,0
imdb://tt0664518,F:\MediaStack\data\media\tv\The Office (US)\Season 01\The Office (US) - S01E06 - Hot Girl.mkv,episode,The Office (US) – Season 1 – Hot Girl,unmatched,missing episode match metadata,,,,0
imdb://tt0664525,F:\MediaStack\data\media\tv\The Office (US)\Season 02\The Office (US) - S02E01 - The Dundies.mkv,episode,The Office (US) – Season 2 – The Dundies,unmatched,missing episode match metadata,,,,0
imdb://tt0664522,F:\MediaStack\data\media\tv\The Office (US)\Season 02\The Office (US) - S02E02 - Sexual Harassment.mkv,episode,The Office (US) – Season 2 – Sexual Harassment,unmatched,missing episode match metadata,,,,0
imdb://tt0664519,F:\MediaStack\data\media\tv\The Office (US)\Season 02\The Office (US) - S02E03 - Office Olympics.mkv,episode,The Office (US) – Season 2 – Office Olympics,unmatched,missing episode match metadata,,,,0
imdb://tt0664527,F:\MediaStack\data\media\tv\The Office (US)\Season 02\The Office (US) - S02E04 - The Fire.mkv,episode,The Office (US) – Season 2 – The Fire,unmatched,missing episode match metadata,,,,0
imdb://tt0664516,F:\MediaStack\data\media\tv\The Office (US)\Season 02\The Office (US) - S02E05 - Halloween.mkv,episode,The Office (US) – Season 2 – Halloween,unmatched,missing episode match metadata,,,,0
imdb://tt32472740,"F:\MediaStack\data\media\tv\My Hero Academia\Season 07\My Hero Academia - S07E10 - Wounded Hero, Burning Bright and True!!.mkv",episode,"My Hero Academia – Season 7 – Wounded Hero, Burning Bright and True!!",unmatched,missing episode match metadata,,,,0
imdb://tt32902817,F:\MediaStack\data\media\tv\My Hero Academia\Season 07\My Hero Academia - S07E11 - Light Fades to Rain.mkv,episode,My Hero Academia – Season 7 – Light Fades to Rain,unmatched,missing episode match metadata,,,,0
imdb://tt32897747,"F:\MediaStack\data\media\tv\My Hero Academia\Season 07\My Hero Academia - S07E12 - Those Who Defend, Those Who Violate.mkv",episode,"My Hero Academia – Season 7 – Those Who Defend, Those Who Violate",unmatched,missing episode match metadata,,,,0
imdb://tt32916106,"F:\MediaStack\data\media\tv\My Hero Academia\Season 07\My Hero Academia - S07E13 - A Chain of Events, Across the Ages.mkv",episode,"My Hero Academia – Season 7 – A Chain of Events, Across the Ages",unmatched,missing episode match metadata,,,,0
imdb://tt33076815,F:\MediaStack\data\media\tv\My Hero Academia\Season 07\My Hero Academia - S07E14 - Together With Shoji.mkv,episode,My Hero Academia – Season 7 – Together with Shoji,unmatched,missing episode match metadata,,,,0
imdb://tt33144470,F:\MediaStack\data\media\tv\My Hero Academia\Season 07\My Hero Academia - S07E15 - Butterfly Effect.mkv,episode,My Hero Academia – Season 7 – Butterfly Effect,unmatched,missing episode match metadata,,,,0
imdb://tt33164889,F:\MediaStack\data\media\tv\My Hero Academia\Season 07\My Hero Academia - S07E16 - The Chain Thus Far.mkv,episode,My Hero Academia – Season 7 – The Chain Thus Far,unmatched,missing episode match metadata,,,,0
imdb://tt33307811,F:\MediaStack\data\media\tv\My Hero Academia\Season 07\My Hero Academia - S07E17 - Hopes.mkv,episode,My Hero Academia – Season 7 – Hopes,unmatched,missing episode match metadata,,,,0
imdb://tt33309600,F:\MediaStack\data\media\tv\My Hero Academia\Season 07\My Hero Academia - S07E18 - It's a Small World.mkv,episode,My Hero Academia – Season 7 – It's a Small World,unmatched,missing episode match metadata,,,,0
imdb://tt33341758,F:\MediaStack\data\media\tv\My Hero Academia\Season 07\My Hero Academia - S07E19 - I Am Here.mkv,episode,My Hero Academia – Season 7 – I Am Here,unmatched,missing episode match metadata,,,,0
imdb://tt33472435,F:\MediaStack\data\media\tv\My Hero Academia\Season 07\My Hero Academia - S07E20 - A Girl's Ego.mkv,episode,My Hero Academia – Season 7 – A Girl's Ego,unmatched,missing episode match metadata,,,,0
imdb://tt33472436,F:\MediaStack\data\media\tv\My Hero Academia\Season 07\My Hero Academia - S07E21 - Battle Without a Quirk.mkv,episode,My Hero Academia – Season 7 – Battle Without a Quirk,unmatched,missing episode match metadata,,,,0
imdb://tt33996608,F:\MediaStack\data\media\tv\My Hero Academia\Season 08\My Hero Academia - S08E01 - Toshinori Yagi - Rising+Origin.mkv,episode,My Hero Academia – Season 8 – Toshinori Yagi: Rising/Origin,unmatched,missing episode match metadata,,,,0
imdb://tt38454754,"F:\MediaStack\data\media\tv\My Hero Academia\Season 08\My Hero Academia - S08E02 - The End of an Era, and the Beginning.mkv",episode,"My Hero Academia – Season 8 – The End of an Era, and the Beginning",unmatched,missing episode match metadata,,,,0
imdb://tt38599375,F:\MediaStack\data\media\tv\My Hero Academia\Season 08\My Hero Academia - S08E03 - The Final Boss!!.mkv,episode,My Hero Academia – Season 8 – The Final Boss!!,unmatched,missing episode match metadata,,,,0
imdb://tt38672635,F:\MediaStack\data\media\tv\My Hero Academia\Season 08\My Hero Academia - S08E04 - Quirk - Explosion!!.mkv,episode,My Hero Academia – Season 8 – Quirk: Explosion!!,unmatched,missing episode match metadata,,,,0
imdb://tt38743550,F:\MediaStack\data\media\tv\My Hero Academia\Season 08\My Hero Academia - S08E05 - History's Greatest Villain.mkv,episode,My Hero Academia – Season 8 – History's Greatest Villain,unmatched,missing episode match metadata,,,,0
imdb://tt38781372,"F:\MediaStack\data\media\tv\My Hero Academia\Season 08\My Hero Academia - S08E06 - Wrench It Open, Izuku Midoriya!!.mkv",episode,"My Hero Academia – Season 8 – Wrench It Open, Izuku Midoriya!!",unmatched,missing episode match metadata,,,,0
imdb://tt38838825,F:\MediaStack\data\media\tv\My Hero Academia\Season 08\My Hero Academia - S08E07 - From Aizawa.mkv,episode,My Hero Academia – Season 8 – From Aizawa,unmatched,missing episode match metadata,,,,0
imdb://tt38896857,F:\MediaStack\data\media\tv\My Hero Academia\Season 08\My Hero Academia - S08E08 - Izuku Midoriya - Rising.mkv,episode,My Hero Academia – Season 8 – Izuku Midoriya: Rising,unmatched,missing episode match metadata,,,,0
imdb://tt23985088,F:\MediaStack\data\media\tv\My Hero Academia\Season 06\My Hero Academia - S06E10 - The Ones Within Us.mkv,episode,My Hero Academia – Season 6 – The Ones Within Us,unmatched,missing episode match metadata,,,,0
imdb://tt24017110,F:\MediaStack\data\media\tv\My Hero Academia\Season 06\My Hero Academia - S06E11 - Dabi's Dance.mkv,episode,My Hero Academia – Season 6 – Dabi's Dance,unmatched,missing episode match metadata,,,,0
imdb://tt24325896,F:\MediaStack\data\media\tv\My Hero Academia\Season 06\My Hero Academia - S06E12 - Threads of Hope.mkv,episode,My Hero Academia – Season 6 – Threads of Hope,unmatched,missing episode match metadata,,,,0
imdb://tt24979510,F:\MediaStack\data\media\tv\My Hero Academia\Season 06\My Hero Academia - S06E13 - Final Performance.mkv,episode,My Hero Academia – Season 6 – Final Performance,unmatched,missing episode match metadata,,,,0
imdb://tt25052564,F:\MediaStack\data\media\tv\My Hero Academia\Season 06\My Hero Academia - S06E14 - Hellish Hell.mkv,episode,My Hero Academia – Season 6 – Hellish Hell,unmatched,missing episode match metadata,,,,0
imdb://tt25788844,F:\MediaStack\data\media\tv\My Hero Academia\Season 06\My Hero Academia - S06E15 - Tartarus.mkv,episode,My Hero Academia – Season 6 – Tartarus,unmatched,missing episode match metadata,,,,0
imdb://tt26235638,"F:\MediaStack\data\media\tv\My Hero Academia\Season 06\My Hero Academia - S06E16 - The Hellish Todoroki Family, Part 2.mkv",episode,"My Hero Academia – Season 6 – The Hellish Todoroki Family, Part 2",unmatched,missing episode match metadata,,,,0
imdb://tt26422554,F:\MediaStack\data\media\tv\My Hero Academia\Season 06\My Hero Academia - S06E17 - The Wrong Way to Put Out a Fire.mkv,episode,My Hero Academia – Season 6 – The Wrong Way to Put Out a Fire,unmatched,missing episode match metadata,,,,0
imdb://tt26472712,F:\MediaStack\data\media\tv\My Hero Academia\Season 06\My Hero Academia - S06E18 - Izuku Midoriya and Tomura Shigaraki.mkv,episode,My Hero Academia – Season 6 – Izuku Midoriya and Tomura Shigaraki,unmatched,missing episode match metadata,,,,0
imdb://tt26627910,F:\MediaStack\data\media\tv\My Hero Academia\Season 06\My Hero Academia - S06E19 - Full Power!!.mkv,episode,My Hero Academia – Season 6 – Full Power!!,unmatched,missing episode match metadata,,,,0
imdb://tt26691825,F:\MediaStack\data\media\tv\My Hero Academia\Season 06\My Hero Academia - S06E20 - Hired Gun.mkv,episode,My Hero Academia – Season 6 – Hired Gun,unmatched,missing episode match metadata,,,,0
imdb://tt26755132,F:\MediaStack\data\media\tv\My Hero Academia\Season 06\My Hero Academia - S06E21 - The Lovely Lady Nagant.mkv,episode,My Hero Academia – Season 6 – The Lovely Lady Nagant,unmatched,missing episode match metadata,,,,0
imdb://tt26899179,F:\MediaStack\data\media\tv\My Hero Academia\Season 06\My Hero Academia - S06E22 - Friend.mkv,episode,My Hero Academia – Season 6 – Friend,unmatched,missing episode match metadata,,,,0
imdb://tt27005527,F:\MediaStack\data\media\tv\My Hero Academia\Season 06\My Hero Academia - S06E23 - Deku vs. Class A.mkv,episode,My Hero Academia – Season 6 – Deku vs. Class A,unmatched,missing episode match metadata,,,,0
imdb://tt27110730,F:\MediaStack\data\media\tv\My Hero Academia\Season 06\My Hero Academia - S06E24 - A Young Woman's Declaration.mkv,episode,My Hero Academia – Season 6 – A Young Woman's Declaration,unmatched,missing episode match metadata,,,,0
imdb://tt27208432,F:\MediaStack\data\media\tv\My Hero Academia\Season 06\My Hero Academia - S06E25 - No Man Is an Island.mkv,episode,My Hero Academia – Season 6 – No Man Is an Island,unmatched,missing episode match metadata,,,,0
imdb://tt31107434,F:\MediaStack\data\media\tv\My Hero Academia\Season 07\My Hero Academia - S07E01 - In the Nick of Time! A Big-Time Maverick From the West.mkv,episode,My Hero Academia – Season 7 – In the Nick of Time! A Big-Time Maverick from the West,unmatched,missing episode match metadata,,,,0
imdb://tt32179154,F:\MediaStack\data\media\tv\My Hero Academia\Season 07\My Hero Academia - S07E02 - Specter.mkv,episode,My Hero Academia – Season 7 – Specter,unmatched,missing episode match metadata,,,,0
imdb://tt32179162,F:\MediaStack\data\media\tv\My Hero Academia\Season 07\My Hero Academia - S07E03 - Villain.mkv,episode,My Hero Academia – Season 7 – Villain,unmatched,missing episode match metadata,,,,0
imdb://tt32179165,F:\MediaStack\data\media\tv\My Hero Academia\Season 07\My Hero Academia - S07E04 - The Story of How We All Became Heroes.mkv,episode,My Hero Academia – Season 7 – The Story of How We All Became Heroes,unmatched,missing episode match metadata,,,,0
imdb://tt32260216,F:\MediaStack\data\media\tv\My Hero Academia\Season 07\My Hero Academia - S07E05 - Let You Down.mkv,episode,My Hero Academia – Season 7 – Let You Down,unmatched,missing episode match metadata,,,,0
imdb://tt32260220,F:\MediaStack\data\media\tv\My Hero Academia\Season 07\My Hero Academia - S07E06 - Division.mkv,episode,My Hero Academia – Season 7 – Division,unmatched,missing episode match metadata,,,,0
imdb://tt32328438,F:\MediaStack\data\media\tv\My Hero Academia\Season 07\My Hero Academia - S07E07 - Inflation.mkv,episode,My Hero Academia – Season 7 – Inflation,unmatched,missing episode match metadata,,,,0
imdb://tt32338548,F:\MediaStack\data\media\tv\My Hero Academia\Season 07\My Hero Academia - S07E08 - Two Flashfires.mkv,episode,My Hero Academia – Season 7 – Two Flashfires,unmatched,missing episode match metadata,,,,0
imdb://tt32462794,F:\MediaStack\data\media\tv\My Hero Academia\Season 07\My Hero Academia - S07E09 - Extras.mkv,episode,My Hero Academia – Season 7 – Extras,unmatched,missing episode match metadata,,,,0
imdb://tt14773078,F:\MediaStack\data\media\tv\My Hero Academia\Season 05\My Hero Academia - S05E11 - Our Brawl.mkv,episode,My Hero Academia – Season 5 – Our Brawl,unmatched,missing episode match metadata,,,,0
imdb://tt14787492,F:\MediaStack\data\media\tv\My Hero Academia\Season 05\My Hero Academia - S05E12 - The New Power and All For One.mkv,episode,My Hero Academia – Season 5 – The New Power and All For One,unmatched,missing episode match metadata,,,,0
imdb://tt14881664,F:\MediaStack\data\media\tv\My Hero Academia\Season 05\My Hero Academia - S05E13 - Have a Merry Christmas!.mkv,episode,My Hero Academia – Season 5 – Have a Merry Christmas!,unmatched,missing episode match metadata,,,,0
imdb://tt14880464,F:\MediaStack\data\media\tv\My Hero Academia\Season 05\My Hero Academia - S05E14 - Off to Endeavor's Agency!.mkv,episode,My Hero Academia – Season 5 – Off to Endeavor's Agency!,unmatched,missing episode match metadata,,,,0
imdb://tt14883966,F:\MediaStack\data\media\tv\My Hero Academia\Season 05\My Hero Academia - S05E15 - One Thing at a Time.mkv,episode,My Hero Academia – Season 5 – One Thing at a Time,unmatched,missing episode match metadata,,,,0
imdb://tt14883972,"F:\MediaStack\data\media\tv\My Hero Academia\Season 05\My Hero Academia - S05E16 - Long Time No See, Selkie.mkv",episode,"My Hero Academia – Season 5 – Long Time No See, Selkie",unmatched,missing episode match metadata,,,,0
imdb://tt14883978,F:\MediaStack\data\media\tv\My Hero Academia\Season 05\My Hero Academia - S05E17 - The Hellish Todoroki Family.mkv,episode,My Hero Academia – Season 5 – The Hellish Todoroki Family,unmatched,missing episode match metadata,,,,0
imdb://tt14883984,F:\MediaStack\data\media\tv\My Hero Academia\Season 05\My Hero Academia - S05E18 - The Unforgiven.mkv,episode,My Hero Academia – Season 5 – The Unforgiven,unmatched,missing episode match metadata,,,,0
imdb://tt14883986,F:\MediaStack\data\media\tv\My Hero Academia\Season 05\My Hero Academia - S05E19 - More of a Hero Than Anyone.mkv,episode,My Hero Academia – Season 5 – More of a Hero Than Anyone,unmatched,missing episode match metadata,,,,0
imdb://tt15270414,F:\MediaStack\data\media\tv\My Hero Academia\Season 05\My Hero Academia - S05E20 - My Villain Academia.mkv,episode,My Hero Academia – Season 5 – My Villain Academia,unmatched,missing episode match metadata,,,,0
imdb://tt15270022,F:\MediaStack\data\media\tv\My Hero Academia\Season 05\My Hero Academia - S05E21 - Revival Party.mkv,episode,My Hero Academia – Season 5 – Revival Party,unmatched,missing episode match metadata,,,,0
imdb://tt15327608,F:\MediaStack\data\media\tv\My Hero Academia\Season 05\My Hero Academia - S05E22 - Sad Man's Parade.mkv,episode,My Hero Academia – Season 5 – Sad Man's Parade,unmatched,missing episode match metadata,,,,0
imdb://tt15360920,F:\MediaStack\data\media\tv\My Hero Academia\Season 05\My Hero Academia - S05E23 - Tenko Shimura - Origin.mkv,episode,My Hero Academia – Season 5 – Tenko Shimura: Origin,unmatched,missing episode match metadata,,,,0
imdb://tt15409956,F:\MediaStack\data\media\tv\My Hero Academia\Season 05\My Hero Academia - S05E24 - Tomura Shigaraki - Origin.mkv,episode,My Hero Academia – Season 5 – Tomura Shigaraki: Origin,unmatched,missing episode match metadata,,,,0
imdb://tt15446624,"F:\MediaStack\data\media\tv\My Hero Academia\Season 05\My Hero Academia - S05E25 - The High, Deep Blue Sky.mkv",episode,"My Hero Academia – Season 5 – The High, Deep Blue Sky",unmatched,missing episode match metadata,,,,0
imdb://tt21362966,F:\MediaStack\data\media\tv\My Hero Academia\Season 06\My Hero Academia - S06E01 - A Quiet Beginning.mkv,episode,My Hero Academia – Season 6 – A Quiet Beginning,unmatched,missing episode match metadata,,,,0
imdb://tt22552078,"F:\MediaStack\data\media\tv\My Hero Academia\Season 06\My Hero Academia - S06E02 - Mirko, the No. 5 Hero.mkv",episode,"My Hero Academia – Season 6 – Mirko, the No. 5 Hero",unmatched,missing episode match metadata,,,,0
imdb://tt22689154,F:\MediaStack\data\media\tv\My Hero Academia\Season 06\My Hero Academia - S06E03 - One's Justice.mkv,episode,My Hero Academia – Season 6 – One's Justice,unmatched,missing episode match metadata,,,,0
imdb://tt22941792,F:\MediaStack\data\media\tv\My Hero Academia\Season 06\My Hero Academia - S06E04 - Inheritance.mkv,episode,My Hero Academia – Season 6 – Inheritance,unmatched,missing episode match metadata,,,,0
imdb://tt23128510,F:\MediaStack\data\media\tv\My Hero Academia\Season 06\My Hero Academia - S06E05 - The Thrill of Destruction.mkv,episode,My Hero Academia – Season 6 – The Thrill of Destruction,unmatched,missing episode match metadata,,,,0
imdb://tt23396996,"F:\MediaStack\data\media\tv\My Hero Academia\Season 06\My Hero Academia - S06E06 - Encounter, Part 2.mkv",episode,"My Hero Academia – Season 6 – Encounter, Part 2",unmatched,missing episode match metadata,,,,0
imdb://tt23653100,F:\MediaStack\data\media\tv\My Hero Academia\Season 06\My Hero Academia - S06E07 - Disaster Walker.mkv,episode,My Hero Academia – Season 6 – Disaster Walker,unmatched,missing episode match metadata,,,,0
imdb://tt23752282,F:\MediaStack\data\media\tv\My Hero Academia\Season 06\My Hero Academia - S06E08 - League of Villains vs. U.A. Students.mkv,episode,My Hero Academia – Season 6 – League of Villains vs. U.A. Students,unmatched,missing episode match metadata,,,,0
imdb://tt23837284,F:\MediaStack\data\media\tv\My Hero Academia\Season 06\My Hero Academia - S06E09 - Katsuki Bakugo - Rising.mkv,episode,My Hero Academia – Season 6 – Katsuki Bakugo: Rising,unmatched,missing episode match metadata,,,,0
imdb://tt11470614,F:\MediaStack\data\media\tv\My Hero Academia\Season 04\My Hero Academia - S04E11 - Lemillion.mkv,episode,My Hero Academia – Season 4 – Lemillion,unmatched,missing episode match metadata,,,,0
imdb://tt11474584,F:\MediaStack\data\media\tv\My Hero Academia\Season 04\My Hero Academia - S04E12 - Unforeseen Hope.mkv,episode,My Hero Academia – Season 4 – Unforeseen Hope,unmatched,missing episode match metadata,,,,0
imdb://tt11488600,F:\MediaStack\data\media\tv\My Hero Academia\Season 04\My Hero Academia - S04E13 - Infinite 100%.mkv,episode,My Hero Academia – Season 4 – Infinite 100%,unmatched,missing episode match metadata,,,,0
imdb://tt11629136,F:\MediaStack\data\media\tv\My Hero Academia\Season 04\My Hero Academia - S04E14 - Bright Future.mkv,episode,My Hero Academia – Season 4 – Bright Future,unmatched,missing episode match metadata,,,,0
imdb://tt11669458,F:\MediaStack\data\media\tv\My Hero Academia\Season 04\My Hero Academia - S04E15 - Smoldering Flames.mkv,episode,My Hero Academia – Season 4 – Smoldering Flames,unmatched,missing episode match metadata,,,,0
imdb://tt11673820,F:\MediaStack\data\media\tv\My Hero Academia\Season 04\My Hero Academia - S04E16 - Win Those Kids' Hearts.mkv,episode,My Hero Academia – Season 4 – Win Those Kids’ Hearts,unmatched,missing episode match metadata,,,,0
imdb://tt11717528,F:\MediaStack\data\media\tv\My Hero Academia\Season 04\My Hero Academia - S04E17 - Relief for License Trainees.mkv,episode,My Hero Academia – Season 4 – Relief for License Trainees,unmatched,missing episode match metadata,,,,0
imdb://tt11753246,F:\MediaStack\data\media\tv\My Hero Academia\Season 04\My Hero Academia - S04E18 - School Festival.mkv,episode,My Hero Academia – Season 4 – School Festival,unmatched,missing episode match metadata,,,,0
imdb://tt11800388,F:\MediaStack\data\media\tv\My Hero Academia\Season 04\My Hero Academia - S04E19 - Prepping for the School Festival Is the Funnest Part.mkv,episode,My Hero Academia – Season 4 – Prepping for the School Festival Is the Most Fun Part,unmatched,missing episode match metadata,,,,0
imdb://tt11836630,F:\MediaStack\data\media\tv\My Hero Academia\Season 04\My Hero Academia - S04E20 - Golden Tips Imperial.mkv,episode,My Hero Academia – Season 4 – Gold Tips Imperial,unmatched,missing episode match metadata,,,,0
imdb://tt11888390,F:\MediaStack\data\media\tv\My Hero Academia\Season 04\My Hero Academia - S04E21 - Deku vs. Gentle Criminal.mkv,episode,My Hero Academia – Season 4 – Deku vs. Gentle Criminal,unmatched,missing episode match metadata,,,,0
imdb://tt11928130,F:\MediaStack\data\media\tv\My Hero Academia\Season 04\My Hero Academia - S04E22 - School Festival Start!!.mkv,episode,My Hero Academia – Season 4 – School Festival Start!!,unmatched,missing episode match metadata,,,,0
imdb://tt11966048,F:\MediaStack\data\media\tv\My Hero Academia\Season 04\My Hero Academia - S04E23 - Let It Flow! School Festival!.mkv,episode,My Hero Academia – Season 4 – Let It Flow! School Festival!,unmatched,missing episode match metadata,,,,0
imdb://tt12006138,F:\MediaStack\data\media\tv\My Hero Academia\Season 04\My Hero Academia - S04E24 - Japanese Hero Billboard Chart.mkv,episode,My Hero Academia – Season 4 – Japanese Hero Billboard Chart,unmatched,missing episode match metadata,,,,0
imdb://tt12045824,F:\MediaStack\data\media\tv\My Hero Academia\Season 04\My Hero Academia - S04E25 - His Start.mkv,episode,My Hero Academia – Season 4 – His Start,unmatched,missing episode match metadata,,,,0
imdb://tt14177156,F:\MediaStack\data\media\tv\My Hero Academia\Season 05\My Hero Academia - S05E01 - All Hands on Deck! Class 1-A.mkv,episode,My Hero Academia – Season 5 – All Hands on Deck! Class 1-A,unmatched,missing episode match metadata,,,,0
imdb://tt14364042,F:\MediaStack\data\media\tv\My Hero Academia\Season 05\My Hero Academia - S05E02 - Vestiges.mkv,episode,My Hero Academia – Season 5 – Vestiges,unmatched,missing episode match metadata,,,,0
imdb://tt14443398,F:\MediaStack\data\media\tv\My Hero Academia\Season 05\My Hero Academia - S05E03 - Clash! Class A vs. Class B!.mkv,episode,My Hero Academia – Season 5 – Clash! Class A vs. Class B!,unmatched,missing episode match metadata,,,,0
imdb://tt14445860,"F:\MediaStack\data\media\tv\My Hero Academia\Season 05\My Hero Academia - S05E04 - Make It Happen, Shinso!.mkv",episode,"My Hero Academia – Season 5 – Make It Happen, Shinso!",unmatched,missing episode match metadata,,,,0
imdb://tt14471924,F:\MediaStack\data\media\tv\My Hero Academia\Season 05\My Hero Academia - S05E05 - Operation New Improv Moves.mkv,episode,My Hero Academia – Season 5 – Operation New Improv Moves,unmatched,missing episode match metadata,,,,0
imdb://tt14515298,F:\MediaStack\data\media\tv\My Hero Academia\Season 05\My Hero Academia - S05E06 - Foresight.mkv,episode,My Hero Academia – Season 5 – Foresight,unmatched,missing episode match metadata,,,,0
imdb://tt14558200,F:\MediaStack\data\media\tv\My Hero Academia\Season 05\My Hero Academia - S05E07 - Match 3.mkv,episode,My Hero Academia – Season 5 – Match 3,unmatched,missing episode match metadata,,,,0
imdb://tt14605396,F:\MediaStack\data\media\tv\My Hero Academia\Season 05\My Hero Academia - S05E08 - Match 3 Conclusion.mkv,episode,My Hero Academia – Season 5 – Match 3 Conclusion,unmatched,missing episode match metadata,,,,0
imdb://tt14650904,F:\MediaStack\data\media\tv\My Hero Academia\Season 05\My Hero Academia - S05E09 - Early Bird!.mkv,episode,My Hero Academia – Season 5 – Early Bird!,unmatched,missing episode match metadata,,,,0
imdb://tt14697046,F:\MediaStack\data\media\tv\My Hero Academia\Season 05\My Hero Academia - S05E10 - That Which Is Inherited.mkv,episode,My Hero Academia – Season 5 – That Which Is Inherited,unmatched,missing episode match metadata,,,,0
imdb://tt8470632,F:\MediaStack\data\media\tv\My Hero Academia\Season 03\My Hero Academia - S03E09 - All For One.mkv,episode,My Hero Academia – Season 3 – All For One,unmatched,missing episode match metadata,,,,0
imdb://tt8500172,F:\MediaStack\data\media\tv\My Hero Academia\Season 03\My Hero Academia - S03E10 - Symbol of Peace.mkv,episode,My Hero Academia – Season 3 – Symbol of Peace,unmatched,missing episode match metadata,,,,0
imdb://tt8527962,F:\MediaStack\data\media\tv\My Hero Academia\Season 03\My Hero Academia - S03E11 - One For All.mkv,episode,My Hero Academia – Season 3 – One For All,unmatched,missing episode match metadata,,,,0
imdb://tt8527964,"F:\MediaStack\data\media\tv\My Hero Academia\Season 03\My Hero Academia - S03E12 - End of the Beginning, Beginning of the End.mkv",episode,"My Hero Academia – Season 3 – End of the Beginning, Beginning of the End",unmatched,missing episode match metadata,,,,0
imdb://tt8527966,F:\MediaStack\data\media\tv\My Hero Academia\Season 03\My Hero Academia - S03E13 - Moving into Dorms.mkv,episode,My Hero Academia – Season 3 – Moving into Dorms,unmatched,missing episode match metadata,,,,0
imdb://tt8527970,F:\MediaStack\data\media\tv\My Hero Academia\Season 03\My Hero Academia - S03E14 - Create Those Ultimate Moves.mkv,episode,My Hero Academia – Season 3 – Create Those Ultimate Moves,unmatched,missing episode match metadata,,,,0
imdb://tt8527972,F:\MediaStack\data\media\tv\My Hero Academia\Season 03\My Hero Academia - S03E15 - The Test.mkv,episode,My Hero Academia – Season 3 – The Test,unmatched,missing episode match metadata,,,,0
imdb://tt8527974,F:\MediaStack\data\media\tv\My Hero Academia\Season 03\My Hero Academia - S03E16 - Shiketsu High Lurking.mkv,episode,My Hero Academia – Season 3 – Shiketsu High Lurking,unmatched,missing episode match metadata,,,,0
imdb://tt8527976,F:\MediaStack\data\media\tv\My Hero Academia\Season 03\My Hero Academia - S03E17 - Class 1-A.mkv,episode,My Hero Academia – Season 3 – Class 1-A,unmatched,missing episode match metadata,,,,0
imdb://tt8729464,F:\MediaStack\data\media\tv\My Hero Academia\Season 03\My Hero Academia - S03E18 - RUSH!.mkv,episode,My Hero Academia – Season 3 – RUSH!,unmatched,missing episode match metadata,,,,0
imdb://tt8729468,F:\MediaStack\data\media\tv\My Hero Academia\Season 03\My Hero Academia - S03E19 - Rescue Exercises.mkv,episode,My Hero Academia – Season 3 – Rescue Exercises,unmatched,missing episode match metadata,,,,0
imdb://tt8729474,F:\MediaStack\data\media\tv\My Hero Academia\Season 03\My Hero Academia - S03E20 - Special Episode - Save the World with Love!.mkv,episode,My Hero Academia – Season 3 – Special Episode: Save the World with Love!,unmatched,missing episode match metadata,,,,0
imdb://tt8828878,F:\MediaStack\data\media\tv\My Hero Academia\Season 03\My Hero Academia - S03E21 - What's the Big Idea.mkv,episode,My Hero Academia – Season 3 – What’s the Big Idea?,unmatched,missing episode match metadata,,,,0
imdb://tt8828886,F:\MediaStack\data\media\tv\My Hero Academia\Season 03\My Hero Academia - S03E22 - A Talk About Your Quirk.mkv,episode,My Hero Academia – Season 3 – A Talk about Your Quirk,unmatched,missing episode match metadata,,,,0
imdb://tt8828896,"F:\MediaStack\data\media\tv\My Hero Academia\Season 03\My Hero Academia - S03E23 - Deku vs. Kacchan, Part 2.mkv",episode,"My Hero Academia – Season 3 – Deku vs. Kacchan, Part 2",unmatched,missing episode match metadata,,,,0
imdb://tt8828904,F:\MediaStack\data\media\tv\My Hero Academia\Season 03\My Hero Academia - S03E24 - A Season for Encounters.mkv,episode,My Hero Academia – Season 3 – A Season for Encounters,unmatched,missing episode match metadata,,,,0
imdb://tt8828914,F:\MediaStack\data\media\tv\My Hero Academia\Season 03\My Hero Academia - S03E25 - Unrivaled.mkv,episode,My Hero Academia – Season 3 – Unrivaled,unmatched,missing episode match metadata,,,,0
imdb://tt10662262,F:\MediaStack\data\media\tv\My Hero Academia\Season 04\My Hero Academia - S04E01 - The Scoop on U.A. Class 1-A.mkv,episode,My Hero Academia – Season 4 – The Scoop on U.A. Class 1-A,unmatched,missing episode match metadata,,,,0
imdb://tt11075838,F:\MediaStack\data\media\tv\My Hero Academia\Season 04\My Hero Academia - S04E02 - Overhaul.mkv,episode,My Hero Academia – Season 4 – Overhaul,unmatched,missing episode match metadata,,,,0
imdb://tt11075840,F:\MediaStack\data\media\tv\My Hero Academia\Season 04\My Hero Academia - S04E03 - Boy Meets.mkv,episode,My Hero Academia – Season 4 – Boy Meets…,unmatched,missing episode match metadata,,,,0
imdb://tt11075842,F:\MediaStack\data\media\tv\My Hero Academia\Season 04\My Hero Academia - S04E04 - Fighting Fate.mkv,episode,My Hero Academia – Season 4 – Fighting Fate,unmatched,missing episode match metadata,,,,0
imdb://tt11217812,"F:\MediaStack\data\media\tv\My Hero Academia\Season 04\My Hero Academia - S04E05 - Let's Go, Gutsy Red Riot.mkv",episode,"My Hero Academia – Season 4 – Let’s Go, Gutsy Red Riot",unmatched,missing episode match metadata,,,,0
imdb://tt11248004,F:\MediaStack\data\media\tv\My Hero Academia\Season 04\My Hero Academia - S04E06 - An Unpleasant Talk.mkv,episode,My Hero Academia – Season 4 – An Unpleasant Talk,unmatched,missing episode match metadata,,,,0
imdb://tt11248006,F:\MediaStack\data\media\tv\My Hero Academia\Season 04\My Hero Academia - S04E07 - GO!!.mkv,episode,My Hero Academia – Season 4 – GO!!,unmatched,missing episode match metadata,,,,0
imdb://tt11403234,F:\MediaStack\data\media\tv\My Hero Academia\Season 04\My Hero Academia - S04E08 - Suneater of the Big Three.mkv,episode,My Hero Academia – Season 4 – Suneater of the Big Three,unmatched,missing episode match metadata,,,,0
imdb://tt11440192,F:\MediaStack\data\media\tv\My Hero Academia\Season 04\My Hero Academia - S04E09 - Red Riot.mkv,episode,My Hero Academia – Season 4 – Red Riot,unmatched,missing episode match metadata,,,,0
imdb://tt11440196,F:\MediaStack\data\media\tv\My Hero Academia\Season 04\My Hero Academia - S04E10 - Temp Squad.mkv,episode,My Hero Academia – Season 4 – Temp Squad,unmatched,missing episode match metadata,,,,0
imdb://tt6941178,F:\MediaStack\data\media\tv\My Hero Academia\Season 02\My Hero Academia - S02E10 - Shoto Todoroki - Origin.mkv,episode,My Hero Academia – Season 2 – Shoto Todoroki: Origin,unmatched,missing episode match metadata,,,,0
imdb://tt6968644,"F:\MediaStack\data\media\tv\My Hero Academia\Season 02\My Hero Academia - S02E11 - Fight On, Iida.mkv",episode,"My Hero Academia – Season 2 – Fight On, Iida",unmatched,missing episode match metadata,,,,0
imdb://tt6999046,F:\MediaStack\data\media\tv\My Hero Academia\Season 02\My Hero Academia - S02E12 - Todoroki vs. Bakugo.mkv,episode,My Hero Academia – Season 2 – Todoroki vs. Bakugo,unmatched,missing episode match metadata,,,,0
imdb://tt7059622,F:\MediaStack\data\media\tv\My Hero Academia\Season 02\My Hero Academia - S02E13 - Time to Pick Some Names.mkv,episode,My Hero Academia – Season 2 – Time to Pick Some Names,unmatched,missing episode match metadata,,,,0
imdb://tt7060244,F:\MediaStack\data\media\tv\My Hero Academia\Season 02\My Hero Academia - S02E14 - Bizarre! Gran Torino Appears.mkv,episode,My Hero Academia – Season 2 – Bizarre! Gran Torino Appears,unmatched,missing episode match metadata,,,,0
imdb://tt7117836,F:\MediaStack\data\media\tv\My Hero Academia\Season 02\My Hero Academia - S02E15 - Midoriya and Shigaraki.mkv,episode,My Hero Academia – Season 2 – Midoriya and Shigaraki,unmatched,missing episode match metadata,,,,0
imdb://tt7173282,F:\MediaStack\data\media\tv\My Hero Academia\Season 02\My Hero Academia - S02E16 - Hero Killer - Stain vs. U.A. Students.mkv,episode,My Hero Academia – Season 2 – Hero Killer: Stain vs U.A. Students,unmatched,missing episode match metadata,,,,0
imdb://tt7199246,F:\MediaStack\data\media\tv\My Hero Academia\Season 02\My Hero Academia - S02E17 - Climax.mkv,episode,My Hero Academia – Season 2 – Climax,unmatched,missing episode match metadata,,,,0
imdb://tt7209232,F:\MediaStack\data\media\tv\My Hero Academia\Season 02\My Hero Academia - S02E18 - The Aftermath of Hero Killer - Stain.mkv,episode,My Hero Academia – Season 2 – The Aftermath of Hero Killer: Stain,unmatched,missing episode match metadata,,,,0
imdb://tt7247290,F:\MediaStack\data\media\tv\My Hero Academia\Season 02\My Hero Academia - S02E19 - Everyone's Internships.mkv,episode,My Hero Academia – Season 2 – Everyone's Internships,unmatched,missing episode match metadata,,,,0
imdb://tt7247296,F:\MediaStack\data\media\tv\My Hero Academia\Season 02\My Hero Academia - S02E20 - Listen Up!! A Tale from the Past.mkv,episode,My Hero Academia – Season 2 – Listen Up!! A Tale from the Past,unmatched,missing episode match metadata,,,,0
imdb://tt7274486,F:\MediaStack\data\media\tv\My Hero Academia\Season 02\My Hero Academia - S02E21 - Gear Up for Final Exams.mkv,episode,My Hero Academia – Season 2 – Gear up for Final Exams,unmatched,missing episode match metadata,,,,0
imdb://tt7324058,F:\MediaStack\data\media\tv\My Hero Academia\Season 02\My Hero Academia - S02E22 - Yaoyorozu - Rising.mkv,episode,My Hero Academia – Season 2 – Yaoyorozu: Rising,unmatched,missing episode match metadata,,,,0
imdb://tt7381336,F:\MediaStack\data\media\tv\My Hero Academia\Season 02\My Hero Academia - S02E23 - Stripping the Varnish.mkv,episode,My Hero Academia – Season 2 – Stripping the Varnish,unmatched,missing episode match metadata,,,,0
imdb://tt7412652,F:\MediaStack\data\media\tv\My Hero Academia\Season 02\My Hero Academia - S02E24 - Katsuki Bakugo - Origin.mkv,episode,My Hero Academia – Season 2 – Katsuki Bakugo: Origin,unmatched,missing episode match metadata,,,,0
imdb://tt7412654,F:\MediaStack\data\media\tv\My Hero Academia\Season 02\My Hero Academia - S02E25 - Encounter.mkv,episode,My Hero Academia – Season 2 – Encounter,unmatched,missing episode match metadata,,,,0
imdb://tt7954990,F:\MediaStack\data\media\tv\My Hero Academia\Season 03\My Hero Academia - S03E01 - Game Start.mkv,episode,My Hero Academia – Season 3 – Game Start,unmatched,missing episode match metadata,,,,0
imdb://tt8251060,"F:\MediaStack\data\media\tv\My Hero Academia\Season 03\My Hero Academia - S03E02 - Wild, Wild Pussycats.mkv",episode,"My Hero Academia – Season 3 – Wild, Wild Pussycats",unmatched,missing episode match metadata,,,,0
imdb://tt8283134,F:\MediaStack\data\media\tv\My Hero Academia\Season 03\My Hero Academia - S03E03 - Kota.mkv,episode,My Hero Academia – Season 3 – Kota,unmatched,missing episode match metadata,,,,0
imdb://tt8345072,F:\MediaStack\data\media\tv\My Hero Academia\Season 03\My Hero Academia - S03E04 - My Hero.mkv,episode,My Hero Academia – Season 3 – My Hero,unmatched,missing episode match metadata,,,,0
imdb://tt8357954,"F:\MediaStack\data\media\tv\My Hero Academia\Season 03\My Hero Academia - S03E05 - Drive It Home, Iron Fist!!!.mkv",episode,"My Hero Academia – Season 3 – Drive It Home, Iron Fist!!!",unmatched,missing episode match metadata,,,,0
imdb://tt8374422,F:\MediaStack\data\media\tv\My Hero Academia\Season 03\My Hero Academia - S03E06 - Roaring Upheaval.mkv,episode,My Hero Academia – Season 3 – Roaring Upheaval,unmatched,missing episode match metadata,,,,0
imdb://tt8407960,F:\MediaStack\data\media\tv\My Hero Academia\Season 03\My Hero Academia - S03E07 - What a Twist!.mkv,episode,My Hero Academia – Season 3 – What a Twist!,unmatched,missing episode match metadata,,,,0
imdb://tt8438822,F:\MediaStack\data\media\tv\My Hero Academia\Season 03\My Hero Academia - S03E08 - From Iida to Midoriya.mkv,episode,My Hero Academia – Season 3 – From Iida to Midoriya,unmatched,missing episode match metadata,,,,0
imdb://tt23875764,F:\MediaStack\data\media\tv\Mob Psycho 100\Season 03\Mob Psycho 100 - S03E10 - Mob 2 ~Rival~.mkv,episode,Mob Psycho 100 – Season 3 – Mob 2 ~Rival~,unmatched,missing episode match metadata,,,,0
imdb://tt23994272,F:\MediaStack\data\media\tv\Mob Psycho 100\Season 03\Mob Psycho 100 - S03E11 - Mob 3 ~Trauma~.mkv,episode,Mob Psycho 100 – Season 3 – Mob 3 ~Trauma~,unmatched,missing episode match metadata,,,,0
imdb://tt23994498,F:\MediaStack\data\media\tv\Mob Psycho 100\Season 03\Mob Psycho 100 - S03E12 - Confession ~The Future~.mkv,episode,Mob Psycho 100 – Season 3 – Confession ~The Future~,unmatched,missing episode match metadata,,,,0
imdb://tt5632458,F:\MediaStack\data\media\tv\My Hero Academia\Season 01\My Hero Academia - S01E01 - Izuku Midoriya - Origin.mkv,episode,My Hero Academia – Season 1 – Izuku Midoriya: Origin,unmatched,missing episode match metadata,,,,0
imdb://tt5632464,F:\MediaStack\data\media\tv\My Hero Academia\Season 01\My Hero Academia - S01E02 - What It Takes to Be a Hero.mkv,episode,My Hero Academia – Season 1 – What It Takes to Be a Hero,unmatched,missing episode match metadata,,,,0
imdb://tt5645636,F:\MediaStack\data\media\tv\My Hero Academia\Season 01\My Hero Academia - S01E03 - Roaring Muscles.mkv,episode,My Hero Academia – Season 1 – Roaring Muscles,unmatched,missing episode match metadata,,,,0
imdb://tt5647850,F:\MediaStack\data\media\tv\My Hero Academia\Season 01\My Hero Academia - S01E04 - Start Line.mkv,episode,My Hero Academia – Season 1 – Start Line,unmatched,missing episode match metadata,,,,0
imdb://tt5647858,F:\MediaStack\data\media\tv\My Hero Academia\Season 01\My Hero Academia - S01E05 - What I Can Do for Now.mkv,episode,My Hero Academia – Season 1 – What I Can Do for Now,unmatched,missing episode match metadata,,,,0
imdb://tt5647864,"F:\MediaStack\data\media\tv\My Hero Academia\Season 01\My Hero Academia - S01E06 - Rage, You Damn Nerd.mkv",episode,"My Hero Academia – Season 1 – Rage, You Damn Nerd",unmatched,missing episode match metadata,,,,0
imdb://tt5647866,F:\MediaStack\data\media\tv\My Hero Academia\Season 01\My Hero Academia - S01E07 - Deku vs. Kacchan.mkv,episode,My Hero Academia – Season 1 – Deku vs. Kacchan,unmatched,missing episode match metadata,,,,0
imdb://tt5647868,F:\MediaStack\data\media\tv\My Hero Academia\Season 01\My Hero Academia - S01E08 - Bakugo's Start Line.mkv,episode,My Hero Academia – Season 1 – Bakugo’s Start Line,unmatched,missing episode match metadata,,,,0
imdb://tt5647870,"F:\MediaStack\data\media\tv\My Hero Academia\Season 01\My Hero Academia - S01E09 - Yeah, Just Do Your Best, Iida!.mkv",episode,"My Hero Academia – Season 1 – Yeah, Just Do Your Best, Iida!",unmatched,missing episode match metadata,,,,0
imdb://tt5647874,F:\MediaStack\data\media\tv\My Hero Academia\Season 01\My Hero Academia - S01E10 - Encounter With the Unknown.mkv,episode,My Hero Academia – Season 1 – Encounter with the Unknown,unmatched,missing episode match metadata,,,,0
imdb://tt5647876,F:\MediaStack\data\media\tv\My Hero Academia\Season 01\My Hero Academia - S01E11 - Game Over.mkv,episode,My Hero Academia – Season 1 – Game Over,unmatched,missing episode match metadata,,,,0
imdb://tt5647880,F:\MediaStack\data\media\tv\My Hero Academia\Season 01\My Hero Academia - S01E12 - All Might.mkv,episode,My Hero Academia – Season 1 – All Might,unmatched,missing episode match metadata,,,,0
imdb://tt5647884,F:\MediaStack\data\media\tv\My Hero Academia\Season 01\My Hero Academia - S01E13 - In Each of Our Hearts.mkv,episode,My Hero Academia – Season 1 – In Each of Our Hearts,unmatched,missing episode match metadata,,,,0
imdb://tt6725308,"F:\MediaStack\data\media\tv\My Hero Academia\Season 02\My Hero Academia - S02E01 - That's the Idea, Ochaco.mkv",episode,"My Hero Academia – Season 2 – That’s the Idea, Ochaco",unmatched,missing episode match metadata,,,,0
imdb://tt6782928,F:\MediaStack\data\media\tv\My Hero Academia\Season 02\My Hero Academia - S02E02 - Roaring Sports Festival.mkv,episode,My Hero Academia – Season 2 – Roaring Sports Festival,unmatched,missing episode match metadata,,,,0
imdb://tt6782936,F:\MediaStack\data\media\tv\My Hero Academia\Season 02\My Hero Academia - S02E03 - In Their Own Quirky Ways.mkv,episode,My Hero Academia – Season 2 – In Their Own Quirky Ways,unmatched,missing episode match metadata,,,,0
imdb://tt6812992,"F:\MediaStack\data\media\tv\My Hero Academia\Season 02\My Hero Academia - S02E04 - Strategy, Strategy, Strategy.mkv",episode,"My Hero Academia – Season 2 – Strategy, Strategy, Strategy",unmatched,missing episode match metadata,,,,0
imdb://tt6815554,F:\MediaStack\data\media\tv\My Hero Academia\Season 02\My Hero Academia - S02E05 - Cavalry Battle Finale.mkv,episode,My Hero Academia – Season 2 – Cavalry Battle Finale,unmatched,missing episode match metadata,,,,0
imdb://tt6835306,F:\MediaStack\data\media\tv\My Hero Academia\Season 02\My Hero Academia - S02E06 - The Boy Born with Everything.mkv,episode,My Hero Academia – Season 2 – The Boy Born with Everything,unmatched,missing episode match metadata,,,,0
imdb://tt6858780,F:\MediaStack\data\media\tv\My Hero Academia\Season 02\My Hero Academia - S02E07 - Victory or Defeat.mkv,episode,My Hero Academia – Season 2 – Victory or Defeat,unmatched,missing episode match metadata,,,,0
imdb://tt6884066,"F:\MediaStack\data\media\tv\My Hero Academia\Season 02\My Hero Academia - S02E08 - Battle on, Challengers!.mkv",episode,"My Hero Academia – Season 2 – Battle on, Challengers!",unmatched,missing episode match metadata,,,,0
imdb://tt6912810,F:\MediaStack\data\media\tv\My Hero Academia\Season 02\My Hero Academia - S02E09 - Bakugo vs. Uraraka.mkv,episode,My Hero Academia – Season 2 – Bakugo vs. Uraraka,unmatched,missing episode match metadata,,,,0
imdb://tt6076750,F:\MediaStack\data\media\tv\Mob Psycho 100\Season 01\Mob Psycho 100 - S01E12 - Mob and Reigen ~A Giant Tsuchinoko Appears~.mkv,episode,Mob Psycho 100 – Season 1 – Mob and Reigen ~A Giant Tsuchinoko Appears~,unmatched,missing episode match metadata,,,,0
imdb://tt9300038,F:\MediaStack\data\media\tv\Mob Psycho 100\Season 02\Mob Psycho 100 - S02E01 - Ripped Apart ~Someone Is Watching~.mkv,episode,Mob Psycho 100 – Season 2 – Ripped Apart ~Someone Is Watching~,unmatched,missing episode match metadata,,,,0
imdb://tt9599670,F:\MediaStack\data\media\tv\Mob Psycho 100\Season 02\Mob Psycho 100 - S02E02 - Urban Legends ~Encountering Rumors~.mkv,episode,Mob Psycho 100 – Season 2 – Urban Legends ~Encountering Rumors~,unmatched,missing episode match metadata,,,,0
imdb://tt9640514,F:\MediaStack\data\media\tv\Mob Psycho 100\Season 02\Mob Psycho 100 - S02E03 - One Danger After Another ~Degeneration~.mkv,episode,Mob Psycho 100 – Season 2 – One Danger After Another ~Degeneration~,unmatched,missing episode match metadata,,,,0
imdb://tt9680128,F:\MediaStack\data\media\tv\Mob Psycho 100\Season 02\Mob Psycho 100 - S02E04 - Inside ~Evil Spirit~.mkv,episode,Mob Psycho 100 – Season 2 – Inside ~Evil Spirit~,unmatched,missing episode match metadata,,,,0
imdb://tt9723998,F:\MediaStack\data\media\tv\Mob Psycho 100\Season 02\Mob Psycho 100 - S02E05 - Discord ~Choices~.mkv,episode,Mob Psycho 100 – Season 2 – Discord ~Choices~,unmatched,missing episode match metadata,,,,0
imdb://tt9766676,"F:\MediaStack\data\media\tv\Mob Psycho 100\Season 02\Mob Psycho 100 - S02E06 - Poor, Lonely, Whitey.mkv",episode,"Mob Psycho 100 – Season 2 – Poor, Lonely, Whitey",unmatched,missing episode match metadata,,,,0
imdb://tt9766682,F:\MediaStack\data\media\tv\Mob Psycho 100\Season 02\Mob Psycho 100 - S02E07 - Cornered ~True Identity~.mkv,episode,Mob Psycho 100 – Season 2 – Cornered ~True Identity~,unmatched,missing episode match metadata,,,,0
imdb://tt9842112,F:\MediaStack\data\media\tv\Mob Psycho 100\Season 02\Mob Psycho 100 - S02E08 - Even Then ~Continue Forward~.mkv,episode,Mob Psycho 100 – Season 2 – Even Then ~Continue Forward~,unmatched,missing episode match metadata,,,,0
imdb://tt9880392,F:\MediaStack\data\media\tv\Mob Psycho 100\Season 02\Mob Psycho 100 - S02E09 - Show Me What You've Got ~Band Together~.mkv,episode,Mob Psycho 100 – Season 2 – Show Me What You've Got ~Band Together~,unmatched,missing episode match metadata,,,,0
imdb://tt10009134,F:\MediaStack\data\media\tv\Mob Psycho 100\Season 02\Mob Psycho 100 - S02E10 - Collision ~Power Type~.mkv,episode,Mob Psycho 100 – Season 2 – Collision ~Power Type~,unmatched,missing episode match metadata,,,,0
imdb://tt10009140,F:\MediaStack\data\media\tv\Mob Psycho 100\Season 02\Mob Psycho 100 - S02E11 - Guidance ~Psychic Sensor~.mkv,episode,Mob Psycho 100 – Season 2 – Guidance ~Psychic Sensor~,unmatched,missing episode match metadata,,,,0
imdb://tt10115062,F:\MediaStack\data\media\tv\Mob Psycho 100\Season 02\Mob Psycho 100 - S02E12 - Battle for Social Rehabilitation ~Friendship~.mkv,episode,Mob Psycho 100 – Season 2 – The Battle for Social Rehabilitation ~Friendship~,unmatched,missing episode match metadata,,,,0
imdb://tt10079058,F:\MediaStack\data\media\tv\Mob Psycho 100\Season 02\Mob Psycho 100 - S02E13 - Boss Fight ~The Final Light~.mkv,episode,Mob Psycho 100 – Season 2 – Boss Fight ~The Final Light~,unmatched,missing episode match metadata,,,,0
imdb://tt21362990,F:\MediaStack\data\media\tv\Mob Psycho 100\Season 03\Mob Psycho 100 - S03E01 - Future ~Career Paths~.mkv,episode,Mob Psycho 100 – Season 3 – Future ~Career Paths~,unmatched,missing episode match metadata,,,,0
imdb://tt22500204,F:\MediaStack\data\media\tv\Mob Psycho 100\Season 03\Mob Psycho 100 - S03E02 - Yokai Hunter Amakusa Haruaki Appears! ~The Threat of a Hundred Demons!!~.mkv,episode,Mob Psycho 100 – Season 3 – Yokai Hunter Amakusa Haruaki Appears! ~The Threat of a Hundred Demons!!~,unmatched,missing episode match metadata,,,,0
imdb://tt22496160,F:\MediaStack\data\media\tv\Mob Psycho 100\Season 03\Mob Psycho 100 - S03E03 - Getting Carried Away ~100%~.mkv,episode,Mob Psycho 100 – Season 3 – Getting Carried Away ~100%~,unmatched,missing episode match metadata,,,,0
imdb://tt22865140,F:\MediaStack\data\media\tv\Mob Psycho 100\Season 03\Mob Psycho 100 - S03E04 - Divine Tree 1 ~The Founder Appears~.mkv,episode,Mob Psycho 100 – Season 3 – Divine Tree 1 ~The Founder Appears~,unmatched,missing episode match metadata,,,,0
imdb://tt23018608,F:\MediaStack\data\media\tv\Mob Psycho 100\Season 03\Mob Psycho 100 - S03E05 - Divine Tree 2 ~Peace~.mkv,episode,Mob Psycho 100 – Season 3 – Divine Tree 2 ~Peace~,unmatched,missing episode match metadata,,,,0
imdb://tt23018612,F:\MediaStack\data\media\tv\Mob Psycho 100\Season 03\Mob Psycho 100 - S03E06 - Divine Tree 3 ~Dimple Is~.mkv,episode,Mob Psycho 100 – Season 3 – Divine Tree 3 ~Dimple Is~,unmatched,missing episode match metadata,,,,0
imdb://tt23018616,F:\MediaStack\data\media\tv\Mob Psycho 100\Season 03\Mob Psycho 100 - S03E07 - Transmission 1 ~Winter Break~.mkv,episode,Mob Psycho 100 – Season 3 – Transmission 1 ~Winter Break~,unmatched,missing episode match metadata,,,,0
imdb://tt23722424,F:\MediaStack\data\media\tv\Mob Psycho 100\Season 03\Mob Psycho 100 - S03E08 - Transmission 2 ~Encountering the Unknown~.mkv,episode,Mob Psycho 100 – Season 3 – Transmission 2 ~Encountering the Unknown~,unmatched,missing episode match metadata,,,,0
imdb://tt23793514,F:\MediaStack\data\media\tv\Mob Psycho 100\Season 03\Mob Psycho 100 - S03E09 - Mob 1 ~Moving~.mkv,episode,Mob Psycho 100 – Season 3 – Mob 1 ~Moving~,unmatched,missing episode match metadata,,,,0
local://23483,"F:\MediaStack\data\media\tv\JUJUTSU KAISEN\Season 02\JUJUTSU KAISEN - S02E22 - Metamorphosis, Part 2.mkv",episode,JUJUTSU KAISEN – Season 2 – Episode 22,unmatched,missing episode match metadata,,,,0
local://23484,"F:\MediaStack\data\media\tv\JUJUTSU KAISEN\Season 02\JUJUTSU KAISEN - S02E23 - Shibuya Incident - Gate, Close.mkv",episode,JUJUTSU KAISEN – Season 2 – Episode 23,unmatched,missing episode match metadata,,,,0
local://23486,F:\MediaStack\data\media\tv\JUJUTSU KAISEN\Season 03\JUJUTSU KAISEN - S03E01 - Execution.mkv,episode,JUJUTSU KAISEN – Season 3 – Episode 1,unmatched,missing episode match metadata,,,,0
local://23487,F:\MediaStack\data\media\tv\JUJUTSU KAISEN\Season 03\JUJUTSU KAISEN - S03E02 - One More Time.mkv,episode,JUJUTSU KAISEN – Season 3 – Episode 2,unmatched,missing episode match metadata,,,,0
local://23488,F:\MediaStack\data\media\tv\JUJUTSU KAISEN\Season 03\JUJUTSU KAISEN - S03E03 - About the Culling Game.mkv,episode,JUJUTSU KAISEN – Season 3 – Episode 3,unmatched,missing episode match metadata,,,,0
local://23489,F:\MediaStack\data\media\tv\JUJUTSU KAISEN\Season 03\JUJUTSU KAISEN - S03E04 - Perfect Preparation.mkv,episode,JUJUTSU KAISEN – Season 3 – Episode 4,unmatched,missing episode match metadata,,,,0
local://23490,F:\MediaStack\data\media\tv\JUJUTSU KAISEN\Season 03\JUJUTSU KAISEN - S03E05 - Passion.mkv,episode,JUJUTSU KAISEN – Season 3 – Episode 5,unmatched,missing episode match metadata,,,,0
local://23491,F:\MediaStack\data\media\tv\JUJUTSU KAISEN\Season 03\JUJUTSU KAISEN - S03E06 - Cog.mkv,episode,JUJUTSU KAISEN – Season 3 – Episode 6,unmatched,missing episode match metadata,,,,0
local://23492,F:\MediaStack\data\media\tv\JUJUTSU KAISEN\Season 03\JUJUTSU KAISEN - S03E07 - Tokyo Colony No. 1.mkv,episode,JUJUTSU KAISEN – Season 3 – Episode 7,unmatched,missing episode match metadata,,,,0
local://23493,"F:\MediaStack\data\media\tv\JUJUTSU KAISEN\Season 03\JUJUTSU KAISEN - S03E08 - Tokyo Colony No. 1, Part 2.mkv",episode,JUJUTSU KAISEN – Season 3 – Episode 8,unmatched,missing episode match metadata,,,,0
local://23494,"F:\MediaStack\data\media\tv\JUJUTSU KAISEN\Season 03\JUJUTSU KAISEN - S03E09 - Tokyo Colony No. 1, Part 3.mkv",episode,JUJUTSU KAISEN – Season 3 – Episode 9,unmatched,missing episode match metadata,,,,0
imdb://tt6014452,F:\MediaStack\data\media\tv\Mob Psycho 100\Season 01\Mob Psycho 100 - S01E01 - Self-Proclaimed Psychic - Reigen Arataka ~And Mob~.mkv,episode,Mob Psycho 100 – Season 1 – Self-Proclaimed Psychic: Reigen Arataka ~And Mob~,unmatched,missing episode match metadata,,,,0
imdb://tt6015858,F:\MediaStack\data\media\tv\Mob Psycho 100\Season 01\Mob Psycho 100 - S01E02 - Doubts about Youth ~The Telepathy Club Appears~.mkv,episode,Mob Psycho 100 – Season 1 – Doubts About Youth ~The Telepathy Club Appears~,unmatched,missing episode match metadata,,,,0
imdb://tt6015860,"F:\MediaStack\data\media\tv\Mob Psycho 100\Season 01\Mob Psycho 100 - S01E03 - An Invitation to a Meeting ~Simply Put, I Just Want to be Popular~.mkv",episode,"Mob Psycho 100 – Season 1 – An Invite to a Meeting ~Simply Put, I Just Want to Be Popular~",unmatched,missing episode match metadata,,,,0
imdb://tt6015862,F:\MediaStack\data\media\tv\Mob Psycho 100\Season 01\Mob Psycho 100 - S01E04 - Idiots Only Event ~Kin~.mkv,episode,Mob Psycho 100 – Season 1 – Idiots Only Event ~Kin~,unmatched,missing episode match metadata,,,,0
imdb://tt6015864,F:\MediaStack\data\media\tv\Mob Psycho 100\Season 01\Mob Psycho 100 - S01E05 - OCHIMUSHA ~Psychic Powers and Me~.mkv,episode,Mob Psycho 100 – Season 1 – OCHIMUSHA ~Psychic Powers and Me~,unmatched,missing episode match metadata,,,,0
imdb://tt6015866,F:\MediaStack\data\media\tv\Mob Psycho 100\Season 01\Mob Psycho 100 - S01E06 - Discord ~To Become One~.mkv,episode,Mob Psycho 100 – Season 1 – Discord ~To Become One~,unmatched,missing episode match metadata,,,,0
imdb://tt6015868,F:\MediaStack\data\media\tv\Mob Psycho 100\Season 01\Mob Psycho 100 - S01E07 - Exaltation ~I've Obtained Loss~.mkv,episode,Mob Psycho 100 – Season 1 – Exaltation ~I've Obtained Loss~,unmatched,missing episode match metadata,,,,0
imdb://tt6014450,F:\MediaStack\data\media\tv\Mob Psycho 100\Season 01\Mob Psycho 100 - S01E08 - The Older Brother Bows ~Destructive Intent~.mkv,episode,Mob Psycho 100 – Season 1 – The Older Brother Bows ~Destructive Intent~,unmatched,missing episode match metadata,,,,0
imdb://tt6015872,F:\MediaStack\data\media\tv\Mob Psycho 100\Season 01\Mob Psycho 100 - S01E09 - Claw ~7th Division~.mkv,episode,Mob Psycho 100 – Season 1 – Claw ~7th Division~,unmatched,missing episode match metadata,,,,0
imdb://tt6076712,F:\MediaStack\data\media\tv\Mob Psycho 100\Season 01\Mob Psycho 100 - S01E10 - The Heinous Aura ~Mastermind~.mkv,episode,Mob Psycho 100 – Season 1 – The Heinous Aura ~Mastermind~,unmatched,missing episode match metadata,,,,0
imdb://tt6076714,F:\MediaStack\data\media\tv\Mob Psycho 100\Season 01\Mob Psycho 100 - S01E11 - Master ~Leader~.mkv,episode,Mob Psycho 100 – Season 1 – Master ~Leader~,unmatched,missing episode match metadata,,,,0
imdb://tt14134754,F:\MediaStack\data\media\tv\JUJUTSU KAISEN\Season 01\JUJUTSU KAISEN - S01E20 - Nonstandard.mkv,episode,JUJUTSU KAISEN – Season 1 – Nonstandard,unmatched,missing episode match metadata,,,,0
imdb://tt14173780,F:\MediaStack\data\media\tv\JUJUTSU KAISEN\Season 01\JUJUTSU KAISEN - S01E21 - Jujutsu Koshien.mkv,episode,JUJUTSU KAISEN – Season 1 – Jujutsu Koshien,unmatched,missing episode match metadata,,,,0
imdb://tt14180466,F:\MediaStack\data\media\tv\JUJUTSU KAISEN\Season 01\JUJUTSU KAISEN - S01E22 - The Origin of Blind Obedience.mkv,episode,JUJUTSU KAISEN – Season 1 – The Origin of Blind Obedience,unmatched,missing episode match metadata,,,,0
imdb://tt14191372,F:\MediaStack\data\media\tv\JUJUTSU KAISEN\Season 01\JUJUTSU KAISEN - S01E23 - The Origin of Blind Obedience - 2.mkv,episode,JUJUTSU KAISEN – Season 1 – The Origin of Blind Obedience -II-,unmatched,missing episode match metadata,,,,0
imdb://tt14217976,F:\MediaStack\data\media\tv\JUJUTSU KAISEN\Season 01\JUJUTSU KAISEN - S01E24 - Accomplices.mkv,episode,JUJUTSU KAISEN – Season 1 – Accomplices,unmatched,missing episode match metadata,,,,0
local://23462,F:\MediaStack\data\media\tv\JUJUTSU KAISEN\Season 02\JUJUTSU KAISEN - S02E01 - Hidden Inventory.mkv,episode,JUJUTSU KAISEN – Season 2 – Episode 1,unmatched,missing episode match metadata,,,,0
local://23463,F:\MediaStack\data\media\tv\JUJUTSU KAISEN\Season 02\JUJUTSU KAISEN - S02E02 - Hidden Inventory 2.mkv,episode,JUJUTSU KAISEN – Season 2 – Episode 2,unmatched,missing episode match metadata,,,,0
local://23464,F:\MediaStack\data\media\tv\JUJUTSU KAISEN\Season 02\JUJUTSU KAISEN - S02E03 - Hidden Inventory 3.mkv,episode,JUJUTSU KAISEN – Season 2 – Episode 3,unmatched,missing episode match metadata,,,,0
local://23465,F:\MediaStack\data\media\tv\JUJUTSU KAISEN\Season 02\JUJUTSU KAISEN - S02E04 - Hidden Inventory 4.mkv,episode,JUJUTSU KAISEN – Season 2 – Episode 4,unmatched,missing episode match metadata,,,,0
local://23466,F:\MediaStack\data\media\tv\JUJUTSU KAISEN\Season 02\JUJUTSU KAISEN - S02E05 - Premature Death.mkv,episode,JUJUTSU KAISEN – Season 2 – Episode 5,unmatched,missing episode match metadata,,,,0
local://23467,F:\MediaStack\data\media\tv\JUJUTSU KAISEN\Season 02\JUJUTSU KAISEN - S02E06 - It's Like That.mkv,episode,JUJUTSU KAISEN – Season 2 – Episode 6,unmatched,missing episode match metadata,,,,0
local://23468,F:\MediaStack\data\media\tv\JUJUTSU KAISEN\Season 02\JUJUTSU KAISEN - S02E07 - Evening Festival.mkv,episode,JUJUTSU KAISEN – Season 2 – Episode 7,unmatched,missing episode match metadata,,,,0
local://23469,F:\MediaStack\data\media\tv\JUJUTSU KAISEN\Season 02\JUJUTSU KAISEN - S02E08 - Shibuya Incident.mkv,episode,JUJUTSU KAISEN – Season 2 – Episode 8,unmatched,missing episode match metadata,,,,0
local://23470,"F:\MediaStack\data\media\tv\JUJUTSU KAISEN\Season 02\JUJUTSU KAISEN - S02E09 - Shibuya Incident - Gate, Open.mkv",episode,JUJUTSU KAISEN – Season 2 – Episode 9,unmatched,missing episode match metadata,,,,0
local://23471,F:\MediaStack\data\media\tv\JUJUTSU KAISEN\Season 02\JUJUTSU KAISEN - S02E10 - Pandemonium.mkv,episode,JUJUTSU KAISEN – Season 2 – Episode 10,unmatched,missing episode match metadata,,,,0
local://23472,F:\MediaStack\data\media\tv\JUJUTSU KAISEN\Season 02\JUJUTSU KAISEN - S02E11 - Seance.mkv,episode,JUJUTSU KAISEN – Season 2 – Episode 11,unmatched,missing episode match metadata,,,,0
local://23473,F:\MediaStack\data\media\tv\JUJUTSU KAISEN\Season 02\JUJUTSU KAISEN - S02E12 - Dull Knife.mkv,episode,JUJUTSU KAISEN – Season 2 – Episode 12,unmatched,missing episode match metadata,,,,0
local://23474,F:\MediaStack\data\media\tv\JUJUTSU KAISEN\Season 02\JUJUTSU KAISEN - S02E13 - Red Scale.mkv,episode,JUJUTSU KAISEN – Season 2 – Episode 13,unmatched,missing episode match metadata,,,,0
local://23475,F:\MediaStack\data\media\tv\JUJUTSU KAISEN\Season 02\JUJUTSU KAISEN - S02E14 - Fluctuations.mkv,episode,JUJUTSU KAISEN – Season 2 – Episode 14,unmatched,missing episode match metadata,,,,0
local://23476,"F:\MediaStack\data\media\tv\JUJUTSU KAISEN\Season 02\JUJUTSU KAISEN - S02E15 - Fluctuations, Part 2.mkv",episode,JUJUTSU KAISEN – Season 2 – Episode 15,unmatched,missing episode match metadata,,,,0
local://23477,F:\MediaStack\data\media\tv\JUJUTSU KAISEN\Season 02\JUJUTSU KAISEN - S02E16 - Thunderclap.mkv,episode,JUJUTSU KAISEN – Season 2 – Episode 16,unmatched,missing episode match metadata,,,,0
local://23478,"F:\MediaStack\data\media\tv\JUJUTSU KAISEN\Season 02\JUJUTSU KAISEN - S02E17 - Thunderclap, Part 2.mkv",episode,JUJUTSU KAISEN – Season 2 – Episode 17,unmatched,missing episode match metadata,,,,0
local://23479,F:\MediaStack\data\media\tv\JUJUTSU KAISEN\Season 02\JUJUTSU KAISEN - S02E18 - Right and Wrong.mkv,episode,JUJUTSU KAISEN – Season 2 – Episode 18,unmatched,missing episode match metadata,,,,0
local://23480,"F:\MediaStack\data\media\tv\JUJUTSU KAISEN\Season 02\JUJUTSU KAISEN - S02E19 - Right and Wrong, Part 2.mkv",episode,JUJUTSU KAISEN – Season 2 – Episode 19,unmatched,missing episode match metadata,,,,0
local://23481,"F:\MediaStack\data\media\tv\JUJUTSU KAISEN\Season 02\JUJUTSU KAISEN - S02E20 - Right and Wrong, Part 3.mkv",episode,JUJUTSU KAISEN – Season 2 – Episode 20,unmatched,missing episode match metadata,,,,0
local://23482,F:\MediaStack\data\media\tv\JUJUTSU KAISEN\Season 02\JUJUTSU KAISEN - S02E21 - Metamorphosis.mkv,episode,JUJUTSU KAISEN – Season 2 – Episode 21,unmatched,missing episode match metadata,,,,0
imdb://tt12967596,F:\MediaStack\data\media\tv\JUJUTSU KAISEN\Season 01\JUJUTSU KAISEN - S01E01 - Ryoumen Sukuna.mkv,episode,JUJUTSU KAISEN – Season 1 – Ryomen Sukuna,unmatched,missing episode match metadata,,,,0
imdb://tt13220442,F:\MediaStack\data\media\tv\JUJUTSU KAISEN\Season 01\JUJUTSU KAISEN - S01E02 - For Myself.mkv,episode,JUJUTSU KAISEN – Season 1 – For Myself,unmatched,missing episode match metadata,,,,0
imdb://tt13220444,F:\MediaStack\data\media\tv\JUJUTSU KAISEN\Season 01\JUJUTSU KAISEN - S01E03 - Girl of Steel.mkv,episode,JUJUTSU KAISEN – Season 1 – Girl of Steel,unmatched,missing episode match metadata,,,,0
imdb://tt13220452,F:\MediaStack\data\media\tv\JUJUTSU KAISEN\Season 01\JUJUTSU KAISEN - S01E04 - Curse Womb Must Die.mkv,episode,JUJUTSU KAISEN – Season 1 – Curse Womb Must Die,unmatched,missing episode match metadata,,,,0
imdb://tt13352292,F:\MediaStack\data\media\tv\JUJUTSU KAISEN\Season 01\JUJUTSU KAISEN - S01E05 - Curse Womb Must Die -II.mkv,episode,JUJUTSU KAISEN – Season 1 – Curse Womb Must Die -II-,unmatched,missing episode match metadata,,,,0
imdb://tt13361162,F:\MediaStack\data\media\tv\JUJUTSU KAISEN\Season 01\JUJUTSU KAISEN - S01E06 - After Rain.mkv,episode,JUJUTSU KAISEN – Season 1 – After Rain,unmatched,missing episode match metadata,,,,0
imdb://tt13375940,F:\MediaStack\data\media\tv\JUJUTSU KAISEN\Season 01\JUJUTSU KAISEN - S01E07 - Assault.mkv,episode,JUJUTSU KAISEN – Season 1 – Assault,unmatched,missing episode match metadata,,,,0
imdb://tt13375942,F:\MediaStack\data\media\tv\JUJUTSU KAISEN\Season 01\JUJUTSU KAISEN - S01E08 - Boredom.mkv,episode,JUJUTSU KAISEN – Season 1 – Boredom,unmatched,missing episode match metadata,,,,0
imdb://tt13375944,F:\MediaStack\data\media\tv\JUJUTSU KAISEN\Season 01\JUJUTSU KAISEN - S01E09 - Small Fry and Reverse Retribution.mkv,episode,JUJUTSU KAISEN – Season 1 – Small Fry and Reverse Retribution,unmatched,missing episode match metadata,,,,0
imdb://tt13587028,F:\MediaStack\data\media\tv\JUJUTSU KAISEN\Season 01\JUJUTSU KAISEN - S01E10 - Idle Transfiguration.mkv,episode,JUJUTSU KAISEN – Season 1 – Idle Transfiguration,unmatched,missing episode match metadata,,,,0
imdb://tt13594214,F:\MediaStack\data\media\tv\JUJUTSU KAISEN\Season 01\JUJUTSU KAISEN - S01E11 - Narrow-minded.mkv,episode,JUJUTSU KAISEN – Season 1 – Narrow-minded,unmatched,missing episode match metadata,,,,0
imdb://tt13625562,"F:\MediaStack\data\media\tv\JUJUTSU KAISEN\Season 01\JUJUTSU KAISEN - S01E12 - To You, Someday.mkv",episode,"JUJUTSU KAISEN – Season 1 – To You, Someday",unmatched,missing episode match metadata,,,,0
imdb://tt13707046,F:\MediaStack\data\media\tv\JUJUTSU KAISEN\Season 01\JUJUTSU KAISEN - S01E13 - Tomorrow.mkv,episode,JUJUTSU KAISEN – Season 1 – Tomorrow,unmatched,missing episode match metadata,,,,0
imdb://tt13847654,F:\MediaStack\data\media\tv\JUJUTSU KAISEN\Season 01\JUJUTSU KAISEN - S01E14 - Kyoto Sister School Exchange Event - Group Battle 0.mkv,episode,JUJUTSU KAISEN – Season 1 – Kyoto Sister School Exchange Event - Group Battle 0 -,unmatched,missing episode match metadata,,,,0
imdb://tt13873752,F:\MediaStack\data\media\tv\JUJUTSU KAISEN\Season 01\JUJUTSU KAISEN - S01E15 - Kyoto Sister School Exchange Event - Group Battle 1.mkv,episode,JUJUTSU KAISEN – Season 1 – Kyoto Sister School Exchange Event - Group Battle 1 -,unmatched,missing episode match metadata,,,,0
imdb://tt13944548,F:\MediaStack\data\media\tv\JUJUTSU KAISEN\Season 01\JUJUTSU KAISEN - S01E16 - Kyoto Sister School Exchange Event - Group Battle 2.mkv,episode,JUJUTSU KAISEN – Season 1 – Kyoto Sister School Exchange Event - Group Battle 2 -,unmatched,missing episode match metadata,,,,0
imdb://tt14023258,F:\MediaStack\data\media\tv\JUJUTSU KAISEN\Season 01\JUJUTSU KAISEN - S01E17 - Kyoto Sister School Exchange Event - Group Battle 3.mkv,episode,JUJUTSU KAISEN – Season 1 – Kyoto Sister School Exchange Event - Group Battle 3 -,unmatched,missing episode match metadata,,,,0
imdb://tt14030804,F:\MediaStack\data\media\tv\JUJUTSU KAISEN\Season 01\JUJUTSU KAISEN - S01E18 - Sage.mkv,episode,JUJUTSU KAISEN – Season 1 – Sage,unmatched,missing episode match metadata,,,,0
imdb://tt14030806,F:\MediaStack\data\media\tv\JUJUTSU KAISEN\Season 01\JUJUTSU KAISEN - S01E19 - Black Flash.mkv,episode,JUJUTSU KAISEN – Season 1 – Black Flash,unmatched,missing episode match metadata,,,,0
imdb://tt1571822,F:\MediaStack\data\media\tv\Fullmetal Alchemist - Brotherhood\Season 01\Fullmetal Alchemist - Brotherhood - S01E39 - Daydream.mkv,episode,Fullmetal Alchemist: Brotherhood – Season 1 – Daydream,unmatched,missing episode match metadata,,,,0
imdb://tt1580981,F:\MediaStack\data\media\tv\Fullmetal Alchemist - Brotherhood\Season 01\Fullmetal Alchemist - Brotherhood - S01E40 - Homunculus (The Dwarf in the Flask).mkv,episode,Fullmetal Alchemist: Brotherhood – Season 1 – Homunculus (The Dwarf in the Flask),unmatched,missing episode match metadata,,,,0
imdb://tt1585804,F:\MediaStack\data\media\tv\Fullmetal Alchemist - Brotherhood\Season 01\Fullmetal Alchemist - Brotherhood - S01E41 - The Abyss.mkv,episode,Fullmetal Alchemist: Brotherhood – Season 1 – The Abyss,unmatched,missing episode match metadata,,,,0
imdb://tt1589090,F:\MediaStack\data\media\tv\Fullmetal Alchemist - Brotherhood\Season 01\Fullmetal Alchemist - Brotherhood - S01E42 - Signs of a Counteroffensive.mkv,episode,Fullmetal Alchemist: Brotherhood – Season 1 – Signs of a Counteroffensive,unmatched,missing episode match metadata,,,,0
imdb://tt1593017,F:\MediaStack\data\media\tv\Fullmetal Alchemist - Brotherhood\Season 01\Fullmetal Alchemist - Brotherhood - S01E43 - Bite of the Ant.mkv,episode,Fullmetal Alchemist: Brotherhood – Season 1 – Bite of the Ant,unmatched,missing episode match metadata,,,,0
imdb://tt1596850,F:\MediaStack\data\media\tv\Fullmetal Alchemist - Brotherhood\Season 01\Fullmetal Alchemist - Brotherhood - S01E44 - Revving at Full Throttle.mkv,episode,Fullmetal Alchemist: Brotherhood – Season 1 – Revving at Full Throttle,unmatched,missing episode match metadata,,,,0
imdb://tt1600988,F:\MediaStack\data\media\tv\Fullmetal Alchemist - Brotherhood\Season 01\Fullmetal Alchemist - Brotherhood - S01E45 - The Promised Day.mkv,episode,Fullmetal Alchemist: Brotherhood – Season 1 – The Promised Day,unmatched,missing episode match metadata,,,,0
imdb://tt1605239,F:\MediaStack\data\media\tv\Fullmetal Alchemist - Brotherhood\Season 01\Fullmetal Alchemist - Brotherhood - S01E46 - Looming Shadows.mkv,episode,Fullmetal Alchemist: Brotherhood – Season 1 – Looming Shadows,unmatched,missing episode match metadata,,,,0
imdb://tt1608867,F:\MediaStack\data\media\tv\Fullmetal Alchemist - Brotherhood\Season 01\Fullmetal Alchemist - Brotherhood - S01E47 - Emissary of Darkness.mkv,episode,Fullmetal Alchemist: Brotherhood – Season 1 – Emissary of Darkness,unmatched,missing episode match metadata,,,,0
imdb://tt1612914,F:\MediaStack\data\media\tv\Fullmetal Alchemist - Brotherhood\Season 01\Fullmetal Alchemist - Brotherhood - S01E48 - The Oath in the Tunnel.mkv,episode,Fullmetal Alchemist: Brotherhood – Season 1 – The Oath in the Tunnel,unmatched,missing episode match metadata,,,,0
imdb://tt1616769,F:\MediaStack\data\media\tv\Fullmetal Alchemist - Brotherhood\Season 01\Fullmetal Alchemist - Brotherhood - S01E49 - Filial Affection.mkv,episode,Fullmetal Alchemist: Brotherhood – Season 1 – Filial Affection,unmatched,missing episode match metadata,,,,0
imdb://tt1621686,F:\MediaStack\data\media\tv\Fullmetal Alchemist - Brotherhood\Season 01\Fullmetal Alchemist - Brotherhood - S01E50 - Upheaval in Central.mkv,episode,Fullmetal Alchemist: Brotherhood – Season 1 – Upheaval in Central,unmatched,missing episode match metadata,,,,0
imdb://tt1626341,F:\MediaStack\data\media\tv\Fullmetal Alchemist - Brotherhood\Season 01\Fullmetal Alchemist - Brotherhood - S01E51 - The Immortal Legion.mkv,episode,Fullmetal Alchemist: Brotherhood – Season 1 – The Immortal Legion,unmatched,missing episode match metadata,,,,0
imdb://tt1630401,F:\MediaStack\data\media\tv\Fullmetal Alchemist - Brotherhood\Season 01\Fullmetal Alchemist - Brotherhood - S01E52 - Combined Strength.mkv,episode,Fullmetal Alchemist: Brotherhood – Season 1 – Combined Strength,unmatched,missing episode match metadata,,,,0
imdb://tt1634626,F:\MediaStack\data\media\tv\Fullmetal Alchemist - Brotherhood\Season 01\Fullmetal Alchemist - Brotherhood - S01E53 - Flame of Vengeance.mkv,episode,Fullmetal Alchemist: Brotherhood – Season 1 – Flame of Vengeance,unmatched,missing episode match metadata,,,,0
imdb://tt1639964,F:\MediaStack\data\media\tv\Fullmetal Alchemist - Brotherhood\Season 01\Fullmetal Alchemist - Brotherhood - S01E54 - Beyond the Inferno.mkv,episode,Fullmetal Alchemist: Brotherhood – Season 1 – Beyond the Inferno,unmatched,missing episode match metadata,,,,0
imdb://tt1643650,F:\MediaStack\data\media\tv\Fullmetal Alchemist - Brotherhood\Season 01\Fullmetal Alchemist - Brotherhood - S01E55 - The Adults' Way of Life.mkv,episode,Fullmetal Alchemist: Brotherhood – Season 1 – The Adults' Way of Life,unmatched,missing episode match metadata,,,,0
imdb://tt1647872,F:\MediaStack\data\media\tv\Fullmetal Alchemist - Brotherhood\Season 01\Fullmetal Alchemist - Brotherhood - S01E56 - The Return of the Führer.mkv,episode,Fullmetal Alchemist: Brotherhood – Season 1 – The Return of the Führer,unmatched,missing episode match metadata,,,,0
imdb://tt1651583,F:\MediaStack\data\media\tv\Fullmetal Alchemist - Brotherhood\Season 01\Fullmetal Alchemist - Brotherhood - S01E57 - Eternal Leave.mkv,episode,Fullmetal Alchemist: Brotherhood – Season 1 – Eternal Leave,unmatched,missing episode match metadata,,,,0
imdb://tt1656322,F:\MediaStack\data\media\tv\Fullmetal Alchemist - Brotherhood\Season 01\Fullmetal Alchemist - Brotherhood - S01E58 - Sacrifices.mkv,episode,Fullmetal Alchemist: Brotherhood – Season 1 – Sacrifices,unmatched,missing episode match metadata,,,,0
imdb://tt1659862,F:\MediaStack\data\media\tv\Fullmetal Alchemist - Brotherhood\Season 01\Fullmetal Alchemist - Brotherhood - S01E59 - Lost Light.mkv,episode,Fullmetal Alchemist: Brotherhood – Season 1 – Lost Light,unmatched,missing episode match metadata,,,,0
imdb://tt1663961,"F:\MediaStack\data\media\tv\Fullmetal Alchemist - Brotherhood\Season 01\Fullmetal Alchemist - Brotherhood - S01E60 - Eye of Heaven, Gateway of Earth.mkv",episode,"Fullmetal Alchemist: Brotherhood – Season 1 – Eye of Heaven, Gateway of Earth",unmatched,missing episode match metadata,,,,0
imdb://tt1667948,F:\MediaStack\data\media\tv\Fullmetal Alchemist - Brotherhood\Season 01\Fullmetal Alchemist - Brotherhood - S01E61 - He Who Would Swallow God.mkv,episode,Fullmetal Alchemist: Brotherhood – Season 1 – He Who Would Swallow God,unmatched,missing episode match metadata,,,,0
imdb://tt1673082,F:\MediaStack\data\media\tv\Fullmetal Alchemist - Brotherhood\Season 01\Fullmetal Alchemist - Brotherhood - S01E62 - A Fierce Counterattack.mkv,episode,Fullmetal Alchemist: Brotherhood – Season 1 – A Fierce Counterattack,unmatched,missing episode match metadata,,,,0
imdb://tt1675927,F:\MediaStack\data\media\tv\Fullmetal Alchemist - Brotherhood\Season 01\Fullmetal Alchemist - Brotherhood - S01E63 - The Other Side of the Gateway.mkv,episode,Fullmetal Alchemist: Brotherhood – Season 1 – The Other Side of the Gateway,unmatched,missing episode match metadata,,,,0
imdb://tt1680453,F:\MediaStack\data\media\tv\Fullmetal Alchemist - Brotherhood\Season 01\Fullmetal Alchemist - Brotherhood - S01E64 - Journey's End.mkv,episode,Fullmetal Alchemist: Brotherhood – Season 1 – Journey's End,unmatched,missing episode match metadata,,,,0
imdb://tt1434022,F:\MediaStack\data\media\tv\Fullmetal Alchemist - Brotherhood\Season 01\Fullmetal Alchemist - Brotherhood - S01E11 - Miracle at Rush Valley.mkv,episode,Fullmetal Alchemist: Brotherhood – Season 1 – Miracle at Rush Valley,unmatched,missing episode match metadata,,,,0
imdb://tt1434023,"F:\MediaStack\data\media\tv\Fullmetal Alchemist - Brotherhood\Season 01\Fullmetal Alchemist - Brotherhood - S01E12 - One Is All, All Is One.mkv",episode,"Fullmetal Alchemist: Brotherhood – Season 1 – One is All, All is One",unmatched,missing episode match metadata,,,,0
imdb://tt1434024,F:\MediaStack\data\media\tv\Fullmetal Alchemist - Brotherhood\Season 01\Fullmetal Alchemist - Brotherhood - S01E13 - Beasts of Dublith.mkv,episode,Fullmetal Alchemist: Brotherhood – Season 1 – Beasts of Dublith,unmatched,missing episode match metadata,,,,0
imdb://tt1459319,F:\MediaStack\data\media\tv\Fullmetal Alchemist - Brotherhood\Season 01\Fullmetal Alchemist - Brotherhood - S01E14 - Those Who Lurk Underground.mkv,episode,Fullmetal Alchemist: Brotherhood – Season 1 – Those Who Lurk Underground,unmatched,missing episode match metadata,,,,0
imdb://tt1461557,F:\MediaStack\data\media\tv\Fullmetal Alchemist - Brotherhood\Season 01\Fullmetal Alchemist - Brotherhood - S01E15 - Envoy from the East.mkv,episode,Fullmetal Alchemist: Brotherhood – Season 1 – Envoy from the East,unmatched,missing episode match metadata,,,,0
imdb://tt1461558,F:\MediaStack\data\media\tv\Fullmetal Alchemist - Brotherhood\Season 01\Fullmetal Alchemist - Brotherhood - S01E16 - Footsteps of a Comrade-in-Arms.mkv,episode,Fullmetal Alchemist: Brotherhood – Season 1 – Footsteps of a Comrade-in-Arms,unmatched,missing episode match metadata,,,,0
imdb://tt1461559,F:\MediaStack\data\media\tv\Fullmetal Alchemist - Brotherhood\Season 01\Fullmetal Alchemist - Brotherhood - S01E17 - Cold Flame.mkv,episode,Fullmetal Alchemist: Brotherhood – Season 1 – Cold Flame,unmatched,missing episode match metadata,,,,0
imdb://tt1477737,F:\MediaStack\data\media\tv\Fullmetal Alchemist - Brotherhood\Season 01\Fullmetal Alchemist - Brotherhood - S01E18 - The Arrogant Palm of a Small Human.mkv,episode,Fullmetal Alchemist: Brotherhood – Season 1 – The Arrogant Palm of a Small Human,unmatched,missing episode match metadata,,,,0
imdb://tt1484138,F:\MediaStack\data\media\tv\Fullmetal Alchemist - Brotherhood\Season 01\Fullmetal Alchemist - Brotherhood - S01E19 - Death of the Undying.mkv,episode,Fullmetal Alchemist: Brotherhood – Season 1 – Death of the Undying,unmatched,missing episode match metadata,,,,0
imdb://tt1487438,F:\MediaStack\data\media\tv\Fullmetal Alchemist - Brotherhood\Season 01\Fullmetal Alchemist - Brotherhood - S01E20 - Father Before the Grave.mkv,episode,Fullmetal Alchemist: Brotherhood – Season 1 – Father Before the Grave,unmatched,missing episode match metadata,,,,0
imdb://tt1491878,F:\MediaStack\data\media\tv\Fullmetal Alchemist - Brotherhood\Season 01\Fullmetal Alchemist - Brotherhood - S01E21 - Advance of the Fool.mkv,episode,Fullmetal Alchemist: Brotherhood – Season 1 – Advance of the Fool,unmatched,missing episode match metadata,,,,0
imdb://tt1500794,F:\MediaStack\data\media\tv\Fullmetal Alchemist - Brotherhood\Season 01\Fullmetal Alchemist - Brotherhood - S01E22 - Backs in the Distance.mkv,episode,Fullmetal Alchemist: Brotherhood – Season 1 – Backs in the Distance,unmatched,missing episode match metadata,,,,0
imdb://tt1505214,F:\MediaStack\data\media\tv\Fullmetal Alchemist - Brotherhood\Season 01\Fullmetal Alchemist - Brotherhood - S01E23 - Girl on the Battlefield.mkv,episode,Fullmetal Alchemist: Brotherhood – Season 1 – Girl on the Battlefield,unmatched,missing episode match metadata,,,,0
imdb://tt1509989,F:\MediaStack\data\media\tv\Fullmetal Alchemist - Brotherhood\Season 01\Fullmetal Alchemist - Brotherhood - S01E24 - Inside the Belly.mkv,episode,Fullmetal Alchemist: Brotherhood – Season 1 – Inside the Belly,unmatched,missing episode match metadata,,,,0
imdb://tt1513120,F:\MediaStack\data\media\tv\Fullmetal Alchemist - Brotherhood\Season 01\Fullmetal Alchemist - Brotherhood - S01E25 - Doorway of Darkness.mkv,episode,Fullmetal Alchemist: Brotherhood – Season 1 – Doorway of Darkness,unmatched,missing episode match metadata,,,,0
imdb://tt1514922,F:\MediaStack\data\media\tv\Fullmetal Alchemist - Brotherhood\Season 01\Fullmetal Alchemist - Brotherhood - S01E26 - Reunion.mkv,episode,Fullmetal Alchemist: Brotherhood – Season 1 – Reunion,unmatched,missing episode match metadata,,,,0
imdb://tt1521981,F:\MediaStack\data\media\tv\Fullmetal Alchemist - Brotherhood\Season 01\Fullmetal Alchemist - Brotherhood - S01E27 - Interlude Party.mkv,episode,Fullmetal Alchemist: Brotherhood – Season 1 – Interlude Party,unmatched,missing episode match metadata,,,,0
imdb://tt1526676,F:\MediaStack\data\media\tv\Fullmetal Alchemist - Brotherhood\Season 01\Fullmetal Alchemist - Brotherhood - S01E28 - Father.mkv,episode,Fullmetal Alchemist: Brotherhood – Season 1 – Father,unmatched,missing episode match metadata,,,,0
imdb://tt1530725,F:\MediaStack\data\media\tv\Fullmetal Alchemist - Brotherhood\Season 01\Fullmetal Alchemist - Brotherhood - S01E29 - Struggle of the Fool.mkv,episode,Fullmetal Alchemist: Brotherhood – Season 1 – Struggle of the Fool,unmatched,missing episode match metadata,,,,0
imdb://tt1534640,F:\MediaStack\data\media\tv\Fullmetal Alchemist - Brotherhood\Season 01\Fullmetal Alchemist - Brotherhood - S01E30 - The Ishvalan War of Extermination.mkv,episode,Fullmetal Alchemist: Brotherhood – Season 1 – The Ishvalan War of Extermination,unmatched,missing episode match metadata,,,,0
imdb://tt1539093,F:\MediaStack\data\media\tv\Fullmetal Alchemist - Brotherhood\Season 01\Fullmetal Alchemist - Brotherhood - S01E31 - The 520 Cenz Promise.mkv,episode,Fullmetal Alchemist: Brotherhood – Season 1 – The 520 Cens Promise,unmatched,missing episode match metadata,,,,0
imdb://tt1543387,F:\MediaStack\data\media\tv\Fullmetal Alchemist - Brotherhood\Season 01\Fullmetal Alchemist - Brotherhood - S01E32 - The Führer's Son.mkv,episode,Fullmetal Alchemist: Brotherhood – Season 1 – The Führer's Son,unmatched,missing episode match metadata,,,,0
imdb://tt1547750,F:\MediaStack\data\media\tv\Fullmetal Alchemist - Brotherhood\Season 01\Fullmetal Alchemist - Brotherhood - S01E33 - The Northern Wall of Briggs.mkv,episode,Fullmetal Alchemist: Brotherhood – Season 1 – The Northern Wall of Briggs,unmatched,missing episode match metadata,,,,0
imdb://tt1548830,F:\MediaStack\data\media\tv\Fullmetal Alchemist - Brotherhood\Season 01\Fullmetal Alchemist - Brotherhood - S01E34 - Ice Queen.mkv,episode,Fullmetal Alchemist: Brotherhood – Season 1 – Ice Queen,unmatched,missing episode match metadata,,,,0
imdb://tt1554336,F:\MediaStack\data\media\tv\Fullmetal Alchemist - Brotherhood\Season 01\Fullmetal Alchemist - Brotherhood - S01E35 - The Shape of This Country.mkv,episode,Fullmetal Alchemist: Brotherhood – Season 1 – The Shape of This Country,unmatched,missing episode match metadata,,,,0
imdb://tt1562664,F:\MediaStack\data\media\tv\Fullmetal Alchemist - Brotherhood\Season 01\Fullmetal Alchemist - Brotherhood - S01E36 - Family Portrait.mkv,episode,Fullmetal Alchemist: Brotherhood – Season 1 – Family Portrait,unmatched,missing episode match metadata,,,,0
imdb://tt1566096,F:\MediaStack\data\media\tv\Fullmetal Alchemist - Brotherhood\Season 01\Fullmetal Alchemist - Brotherhood - S01E37 - The First Homunculus.mkv,episode,Fullmetal Alchemist: Brotherhood – Season 1 – The First Homunculus,unmatched,missing episode match metadata,,,,0
imdb://tt1570817,F:\MediaStack\data\media\tv\Fullmetal Alchemist - Brotherhood\Season 01\Fullmetal Alchemist - Brotherhood - S01E38 - Conflict at Baschool.mkv,episode,Fullmetal Alchemist: Brotherhood – Season 1 – Conflict at Baschool,unmatched,missing episode match metadata,,,,0
local://23117,F:\MediaStack\data\media\tv\Foyle's War\Season 04\Foyle's War - S04E03 - Bleak Midwinter.mkv,episode,Foyle's War – Season 4 – Episode 3,unmatched,missing episode match metadata,,,,0
local://23118,F:\MediaStack\data\media\tv\Foyle's War\Season 04\Foyle's War - S04E04 - Casualties of War.mkv,episode,Foyle's War – Season 4 – Episode 4,unmatched,missing episode match metadata,,,,0
imdb://tt0845685,F:\MediaStack\data\media\tv\Foyle's War\Season 05\Foyle's War - S05E01 - Plan of Attack.mkv,episode,Foyle's War – Season 5 – Bleak Midwinter,unmatched,missing episode match metadata,,,,0
imdb://tt0845686,F:\MediaStack\data\media\tv\Foyle's War\Season 05\Foyle's War - S05E02 - Broken Souls.mkv,episode,Foyle's War – Season 5 – Casualties of War,unmatched,missing episode match metadata,,,,0
local://23123,F:\MediaStack\data\media\tv\Foyle's War\Season 05\Foyle's War - S05E03 - All Clear.mkv,episode,Foyle's War – Season 5 – Episode 3,unmatched,missing episode match metadata,,,,0
tmdb://1033003,F:\MediaStack\data\media\tv\Foyle's War\Season 06\Foyle's War - S06E01 - The Russian House.mp4,episode,Foyle's War – Season 6 – Plan of Attack,unmatched,missing episode match metadata,,,,0
imdb://tt1158422,F:\MediaStack\data\media\tv\Foyle's War\Season 06\Foyle's War - S06E02 - Killing Time.mp4,episode,Foyle's War – Season 6 – Broken Souls,unmatched,missing episode match metadata,,,,0
imdb://tt1189618,F:\MediaStack\data\media\tv\Foyle's War\Season 06\Foyle's War - S06E03 - The Hide.mp4,episode,Foyle's War – Season 6 – All Clear,unmatched,missing episode match metadata,,,,0
imdb://tt1578957,F:\MediaStack\data\media\tv\Foyle's War\Season 07\Foyle's War - S07E01 - The Eternity Ring.mkv,episode,Foyle's War – Season 7 – The Russian House,unmatched,missing episode match metadata,,,,0
imdb://tt1591806,F:\MediaStack\data\media\tv\Foyle's War\Season 07\Foyle's War - S07E02 - The Cage.mkv,episode,Foyle's War – Season 7 – Killing Time,unmatched,missing episode match metadata,,,,0
imdb://tt1591807,F:\MediaStack\data\media\tv\Foyle's War\Season 07\Foyle's War - S07E03 - Sunflower.mkv,episode,Foyle's War – Season 7 – The Hide,unmatched,missing episode match metadata,,,,0
imdb://tt2753848,F:\MediaStack\data\media\tv\Foyle's War\Season 08\Foyle's War - S08E01 - High Castle.mp4,episode,Foyle's War – Season 8 – The Eternity Ring,unmatched,missing episode match metadata,,,,0
imdb://tt2753836,F:\MediaStack\data\media\tv\Foyle's War\Season 08\Foyle's War - S08E02 - Trespass.mp4,episode,Foyle's War – Season 8 – The Cage,unmatched,missing episode match metadata,,,,0
imdb://tt2767682,F:\MediaStack\data\media\tv\Foyle's War\Season 08\Foyle's War - S08E03 - Elise.mp4,episode,Foyle's War – Season 8 – Sunflower,unmatched,missing episode match metadata,,,,0
imdb://tt1413326,F:\MediaStack\data\media\tv\Fullmetal Alchemist - Brotherhood\Season 01\Fullmetal Alchemist - Brotherhood - S01E01 - Fullmetal Alchemist.mkv,episode,Fullmetal Alchemist: Brotherhood – Season 1 – Fullmetal Alchemist,unmatched,missing episode match metadata,,,,0
imdb://tt1413327,F:\MediaStack\data\media\tv\Fullmetal Alchemist - Brotherhood\Season 01\Fullmetal Alchemist - Brotherhood - S01E02 - The First Day.mkv,episode,Fullmetal Alchemist: Brotherhood – Season 1 – The First Day,unmatched,missing episode match metadata,,,,0
imdb://tt1415050,F:\MediaStack\data\media\tv\Fullmetal Alchemist - Brotherhood\Season 01\Fullmetal Alchemist - Brotherhood - S01E03 - City of Heresy.mkv,episode,Fullmetal Alchemist: Brotherhood – Season 1 – City of Heresy,unmatched,missing episode match metadata,,,,0
imdb://tt1415049,F:\MediaStack\data\media\tv\Fullmetal Alchemist - Brotherhood\Season 01\Fullmetal Alchemist - Brotherhood - S01E04 - An Alchemist's Anguish.mkv,episode,Fullmetal Alchemist: Brotherhood – Season 1 – An Alchemist's Anguish,unmatched,missing episode match metadata,,,,0
imdb://tt1415051,F:\MediaStack\data\media\tv\Fullmetal Alchemist - Brotherhood\Season 01\Fullmetal Alchemist - Brotherhood - S01E05 - Rain of Sorrows.mkv,episode,Fullmetal Alchemist: Brotherhood – Season 1 – Rain of Sorrows,unmatched,missing episode match metadata,,,,0
imdb://tt1424977,F:\MediaStack\data\media\tv\Fullmetal Alchemist - Brotherhood\Season 01\Fullmetal Alchemist - Brotherhood - S01E06 - Road of Hope.mkv,episode,Fullmetal Alchemist: Brotherhood – Season 1 – Road of Hope,unmatched,missing episode match metadata,,,,0
imdb://tt1429692,F:\MediaStack\data\media\tv\Fullmetal Alchemist - Brotherhood\Season 01\Fullmetal Alchemist - Brotherhood - S01E07 - Hidden Truths.mkv,episode,Fullmetal Alchemist: Brotherhood – Season 1 – Hidden Truths,unmatched,missing episode match metadata,,,,0
imdb://tt1433389,F:\MediaStack\data\media\tv\Fullmetal Alchemist - Brotherhood\Season 01\Fullmetal Alchemist - Brotherhood - S01E08 - The Fifth Laboratory.mkv,episode,Fullmetal Alchemist: Brotherhood – Season 1 – The Fifth Laboratory,unmatched,missing episode match metadata,,,,0
imdb://tt1434026,F:\MediaStack\data\media\tv\Fullmetal Alchemist - Brotherhood\Season 01\Fullmetal Alchemist - Brotherhood - S01E09 - Created Feelings.mkv,episode,Fullmetal Alchemist: Brotherhood – Season 1 – Created Feelings,unmatched,missing episode match metadata,,,,0
imdb://tt1434025,F:\MediaStack\data\media\tv\Fullmetal Alchemist - Brotherhood\Season 01\Fullmetal Alchemist - Brotherhood - S01E10 - Separate Destinations.mkv,episode,Fullmetal Alchemist: Brotherhood – Season 1 – Separate Destinations,unmatched,missing episode match metadata,,,,0
imdb://tt12884598,F:\MediaStack\data\media\tv\DuckTales (2017)\Season 03\DuckTales (2017) - S03E11 - The Forbidden Fountain of the Foreverglades!.mkv,episode,DuckTales (2017) – Season 3 – The Forbidden Fountain of the Foreverglades!,unmatched,missing episode match metadata,,,,0
imdb://tt12884608,F:\MediaStack\data\media\tv\DuckTales (2017)\Season 03\DuckTales (2017) - S03E12 - Let's Get Dangerous!.mkv,episode,DuckTales (2017) – Season 3 – Let's Get Dangerous!,unmatched,missing episode match metadata,,,,0
imdb://tt12884612,F:\MediaStack\data\media\tv\DuckTales (2017)\Season 03\DuckTales (2017) - S03E13 - Escape from the ImpossiBin!.mkv,episode,DuckTales (2017) – Season 3 – Escape from the ImpossiBin!,unmatched,missing episode match metadata,,,,0
imdb://tt13248064,F:\MediaStack\data\media\tv\DuckTales (2017)\Season 03\DuckTales (2017) - S03E14 - The Split Sword of Swanstantine!.mkv,episode,DuckTales (2017) – Season 3 – The Split Sword of Swanstantine!,unmatched,missing episode match metadata,,,,0
imdb://tt13248180,F:\MediaStack\data\media\tv\DuckTales (2017)\Season 03\DuckTales (2017) - S03E15 - New Gods on the Block!.mkv,episode,DuckTales (2017) – Season 3 – New Gods on the Block!,unmatched,missing episode match metadata,,,,0
imdb://tt13248184,F:\MediaStack\data\media\tv\DuckTales (2017)\Season 03\DuckTales (2017) - S03E16 - The First Adventure!.mkv,episode,DuckTales (2017) – Season 3 – The First Adventure!,unmatched,missing episode match metadata,,,,0
imdb://tt13247592,F:\MediaStack\data\media\tv\DuckTales (2017)\Season 03\DuckTales (2017) - S03E17 - The Fight for Castle McDuck!.mkv,episode,DuckTales (2017) – Season 3 – The Fight for Castle McDuck!,unmatched,missing episode match metadata,,,,0
imdb://tt13247594,F:\MediaStack\data\media\tv\DuckTales (2017)\Season 03\DuckTales (2017) - S03E18 - How Santa Stole Christmas!.mkv,episode,DuckTales (2017) – Season 3 – How Santa Stole Christmas!,unmatched,missing episode match metadata,,,,0
imdb://tt13611268,F:\MediaStack\data\media\tv\DuckTales (2017)\Season 03\DuckTales (2017) - S03E19 - Beaks in the Shell!.mkv,episode,DuckTales (2017) – Season 3 – Beaks in the Shell!,unmatched,missing episode match metadata,,,,0
imdb://tt14037626,F:\MediaStack\data\media\tv\DuckTales (2017)\Season 03\DuckTales (2017) - S03E20 - The Lost Cargo of Kit Cloudkicker!.mkv,episode,DuckTales (2017) – Season 3 – The Lost Cargo of Kit Cloudkicker!,unmatched,missing episode match metadata,,,,0
imdb://tt14037628,F:\MediaStack\data\media\tv\DuckTales (2017)\Season 03\DuckTales (2017) - S03E21 - The Life and Crimes of Scrooge McDuck!.mkv,episode,DuckTales (2017) – Season 3 – The Life And Crimes of Scrooge McDuck!,unmatched,missing episode match metadata,,,,0
imdb://tt14037632,F:\MediaStack\data\media\tv\DuckTales (2017)\Season 03\DuckTales (2017) - S03E22 - The Last Adventure!.mkv,episode,DuckTales (2017) – Season 3 – The Last Adventure!,unmatched,missing episode match metadata,,,,0
imdb://tt0293812,F:\MediaStack\data\media\tv\Foyle's War\Season 01\Foyle's War - S01E01 - The German Woman.mkv,episode,Foyle's War – Season 1 – The German Woman,unmatched,missing episode match metadata,,,,0
imdb://tt0394582,F:\MediaStack\data\media\tv\Foyle's War\Season 01\Foyle's War - S01E02 - The White Feather.mkv,episode,Foyle's War – Season 1 – The White Feather,unmatched,missing episode match metadata,,,,0
imdb://tt0582079,F:\MediaStack\data\media\tv\Foyle's War\Season 01\Foyle's War - S01E03 - A Lesson in Murder.mkv,episode,Foyle's War – Season 1 – A Lesson in Murder,unmatched,missing episode match metadata,,,,0
imdb://tt0394581,F:\MediaStack\data\media\tv\Foyle's War\Season 01\Foyle's War - S01E04 - Eagle Day.mkv,episode,Foyle's War – Season 1 – Eagle Day,unmatched,missing episode match metadata,,,,0
imdb://tt0582084,F:\MediaStack\data\media\tv\Foyle's War\Season 02\Foyle's War - S02E01 - Fifty Ships.mkv,episode,Foyle's War – Season 2 – Fifty Ships,unmatched,missing episode match metadata,,,,0
imdb://tt0582080,F:\MediaStack\data\media\tv\Foyle's War\Season 02\Foyle's War - S02E02 - Among The Few.mkv,episode,Foyle's War – Season 2 – Among the Few,unmatched,missing episode match metadata,,,,0
imdb://tt0582091,F:\MediaStack\data\media\tv\Foyle's War\Season 02\Foyle's War - S02E03 - War Games.mkv,episode,Foyle's War – Season 2 – War Games,unmatched,missing episode match metadata,,,,0
imdb://tt0582087,F:\MediaStack\data\media\tv\Foyle's War\Season 02\Foyle's War - S02E04 - The Funk Hole.mkv,episode,Foyle's War – Season 2 – The Funk Hole,unmatched,missing episode match metadata,,,,0
imdb://tt0582086,F:\MediaStack\data\media\tv\Foyle's War\Season 03\Foyle's War - S03E01 - The French Drop.mkv,episode,Foyle's War – Season 3 – The French Drop,unmatched,missing episode match metadata,,,,0
imdb://tt0582083,F:\MediaStack\data\media\tv\Foyle's War\Season 03\Foyle's War - S03E02 - Enemy Fire.mkv,episode,Foyle's War – Season 3 – Enemy Fire,unmatched,missing episode match metadata,,,,0
imdb://tt0582090,F:\MediaStack\data\media\tv\Foyle's War\Season 03\Foyle's War - S03E03 - They Fought in the Fields.mkv,episode,Foyle's War – Season 3 – They Fought in the Fields,unmatched,missing episode match metadata,,,,0
imdb://tt0582092,F:\MediaStack\data\media\tv\Foyle's War\Season 03\Foyle's War - S03E04 - A War of Nerves.mkv,episode,Foyle's War – Season 3 – A War of Nerves,unmatched,missing episode match metadata,,,,0
imdb://tt0582085,F:\MediaStack\data\media\tv\Foyle's War\Season 04\Foyle's War - S04E01 - Invasion.mkv,episode,Foyle's War – Season 4 – Invasion,unmatched,missing episode match metadata,,,,0
imdb://tt0582081,F:\MediaStack\data\media\tv\Foyle's War\Season 04\Foyle's War - S04E02 - Bad Blood.mkv,episode,Foyle's War – Season 4 – Bad Blood,unmatched,missing episode match metadata,,,,0
imdb://tt9777480,F:\MediaStack\data\media\tv\DuckTales (2017)\Season 02\DuckTales (2017) - S02E08 - Treasure of the Found Lamp!.mkv,episode,DuckTales (2017) – Season 2 – Treasure of the Found Lamp!,unmatched,missing episode match metadata,,,,0
imdb://tt10248368,F:\MediaStack\data\media\tv\DuckTales (2017)\Season 02\DuckTales (2017) - S02E09 - The Outlaw Scrooge McDuck!.mkv,episode,DuckTales (2017) – Season 2 – The Outlaw Scrooge McDuck!,unmatched,missing episode match metadata,,,,0
imdb://tt9777488,F:\MediaStack\data\media\tv\DuckTales (2017)\Season 02\DuckTales (2017) - S02E10 - The 87 Cent Solution!.mkv,episode,DuckTales (2017) – Season 2 – The 87 Cent Solution!,unmatched,missing episode match metadata,,,,0
imdb://tt10231422,F:\MediaStack\data\media\tv\DuckTales (2017)\Season 02\DuckTales (2017) - S02E11 - The Golden Spear!.mkv,episode,DuckTales (2017) – Season 2 – The Golden Spear!,unmatched,missing episode match metadata,,,,0
imdb://tt10231434,F:\MediaStack\data\media\tv\DuckTales (2017)\Season 02\DuckTales (2017) - S02E12 - Nothing Can Stop Della Duck!.mkv,episode,DuckTales (2017) – Season 2 – Nothing Can Stop Della Duck!,unmatched,missing episode match metadata,,,,0
imdb://tt10231436,F:\MediaStack\data\media\tv\DuckTales (2017)\Season 02\DuckTales (2017) - S02E13 - Raiders of the Doomsday Vault!.mkv,episode,DuckTales (2017) – Season 2 – Raiders of the Doomsday Vault!,unmatched,missing episode match metadata,,,,0
imdb://tt9777492,F:\MediaStack\data\media\tv\DuckTales (2017)\Season 02\DuckTales (2017) - S02E14 - Friendship Hates Magic!.mkv,episode,DuckTales (2017) – Season 2 – Friendship Hates Magic!,unmatched,missing episode match metadata,,,,0
imdb://tt10155902,F:\MediaStack\data\media\tv\DuckTales (2017)\Season 02\DuckTales (2017) - S02E15 - The Dangerous Chemistry of Gandra Dee!.mkv,episode,DuckTales (2017) – Season 2 – The Dangerous Chemistry of Gandra Dee!,unmatched,missing episode match metadata,,,,0
imdb://tt10322804,F:\MediaStack\data\media\tv\DuckTales (2017)\Season 02\DuckTales (2017) - S02E16 - The Duck Knight Returns!.mkv,episode,DuckTales (2017) – Season 2 – The Duck Knight Returns!,unmatched,missing episode match metadata,,,,0
imdb://tt10467984,F:\MediaStack\data\media\tv\DuckTales (2017)\Season 02\DuckTales (2017) - S02E17 - What Ever Happened to Donald Duck!!.mkv,episode,DuckTales (2017) – Season 2 – What Ever Happened to Donald Duck?!,unmatched,missing episode match metadata,,,,0
imdb://tt10467978,"F:\MediaStack\data\media\tv\DuckTales (2017)\Season 02\DuckTales (2017) - S02E18 - Happy Birthday, Doofus Drake!.mkv",episode,"DuckTales (2017) – Season 2 – Happy Birthday, Doofus Drake!",unmatched,missing episode match metadata,,,,0
imdb://tt10381660,F:\MediaStack\data\media\tv\DuckTales (2017)\Season 02\DuckTales (2017) - S02E19 - A Nightmare on Killmotor Hill!.mkv,episode,DuckTales (2017) – Season 2 – A Nightmare on Killmotor Hill!,unmatched,missing episode match metadata,,,,0
imdb://tt10384902,F:\MediaStack\data\media\tv\DuckTales (2017)\Season 02\DuckTales (2017) - S02E20 - The Golden Armory of Cornelius Coot!.mkv,episode,DuckTales (2017) – Season 2 – The Golden Armory of Cornelius Coot!,unmatched,missing episode match metadata,,,,0
imdb://tt10782920,F:\MediaStack\data\media\tv\DuckTales (2017)\Season 02\DuckTales (2017) - S02E21 - Timephoon!.mkv,episode,DuckTales (2017) – Season 2 – Timephoon!,unmatched,missing episode match metadata,,,,0
imdb://tt10782922,F:\MediaStack\data\media\tv\DuckTales (2017)\Season 02\DuckTales (2017) - S02E22 - GlomTales!.mkv,episode,DuckTales (2017) – Season 2 – GlomTales!,unmatched,missing episode match metadata,,,,0
imdb://tt10782926,F:\MediaStack\data\media\tv\DuckTales (2017)\Season 02\DuckTales (2017) - S02E23 - The Richest Duck in the World!.mkv,episode,DuckTales (2017) – Season 2 – The Richest Duck in the World!,unmatched,missing episode match metadata,,,,0
imdb://tt10468006,F:\MediaStack\data\media\tv\DuckTales (2017)\Season 02\DuckTales (2017) - S02E24 - Moonvasion!.mkv,episode,DuckTales (2017) – Season 2 – Moonvasion!,unmatched,missing episode match metadata,,,,0
imdb://tt10334208,F:\MediaStack\data\media\tv\DuckTales (2017)\Season 03\DuckTales (2017) - S03E01 - Challenge of the Senior Junior Woodchucks!.mkv,episode,DuckTales (2017) – Season 3 – Challenge of the Senior Junior Woodchucks!,unmatched,missing episode match metadata,,,,0
imdb://tt1119405,F:\MediaStack\data\media\tv\DuckTales (2017)\Season 03\DuckTales (2017) - S03E02 - Quack Pack!.mkv,episode,DuckTales (2017) – Season 3 – Quack Pack!,unmatched,missing episode match metadata,,,,0
imdb://tt1231655,F:\MediaStack\data\media\tv\DuckTales (2017)\Season 03\DuckTales (2017) - S03E03 - Double-O-Duck in You Only Crash Twice!.mkv,episode,DuckTales (2017) – Season 3 – Double-O-Duck in You Only Crash Twice!,unmatched,missing episode match metadata,,,,0
imdb://tt11973534,F:\MediaStack\data\media\tv\DuckTales (2017)\Season 03\DuckTales (2017) - S03E04 - The Lost Harp of Mervana!.mkv,episode,DuckTales (2017) – Season 3 – The Lost Harp of Mervana!,unmatched,missing episode match metadata,,,,0
imdb://tt11973536,F:\MediaStack\data\media\tv\DuckTales (2017)\Season 03\DuckTales (2017) - S03E05 - Louie's Eleven!.mkv,episode,DuckTales (2017) – Season 3 – Louie's Eleven!,unmatched,missing episode match metadata,,,,0
imdb://tt11973540,F:\MediaStack\data\media\tv\DuckTales (2017)\Season 03\DuckTales (2017) - S03E06 - Astro B.O.Y.D.!.mkv,episode,DuckTales (2017) – Season 3 – Astro B.O.Y.D.!,unmatched,missing episode match metadata,,,,0
imdb://tt11973546,F:\MediaStack\data\media\tv\DuckTales (2017)\Season 03\DuckTales (2017) - S03E07 - The Rumble for Ragnarok!.mkv,episode,DuckTales (2017) – Season 3 – The Rumble for Ragnarok!,unmatched,missing episode match metadata,,,,0
imdb://tt12838846,F:\MediaStack\data\media\tv\DuckTales (2017)\Season 03\DuckTales (2017) - S03E08 - The Phantom and the Sorceress!.mkv,episode,DuckTales (2017) – Season 3 – The Phantom and the Sorceress,unmatched,missing episode match metadata,,,,0
imdb://tt12856770,F:\MediaStack\data\media\tv\DuckTales (2017)\Season 03\DuckTales (2017) - S03E09 - They Put a Moonlander on the Earth!.mkv,episode,DuckTales (2017) – Season 3 – They Put a Moonlander on the Earth!,unmatched,missing episode match metadata,,,,0
imdb://tt12884594,F:\MediaStack\data\media\tv\DuckTales (2017)\Season 03\DuckTales (2017) - S03E10 - The Trickening!.mkv,episode,DuckTales (2017) – Season 3 – The Trickening!,unmatched,missing episode match metadata,,,,0
imdb://tt7363810,F:\MediaStack\data\media\tv\DuckTales (2017)\Season 01\DuckTales (2017) - S01E07 - The Infernal Internship of Mark Beaks!.mkv,episode,DuckTales (2017) – Season 1 – The Infernal Internship of Mark Beaks!,unmatched,missing episode match metadata,,,,0
imdb://tt7441310,F:\MediaStack\data\media\tv\DuckTales (2017)\Season 01\DuckTales (2017) - S01E08 - The Living Mummies of Toth-Ra!.mkv,episode,DuckTales (2017) – Season 1 – The Living Mummies of Toth-Ra!,unmatched,missing episode match metadata,,,,0
imdb://tt7441872,F:\MediaStack\data\media\tv\DuckTales (2017)\Season 01\DuckTales (2017) - S01E09 - The Impossible Summit of Mt. Neverrest!.mkv,episode,DuckTales (2017) – Season 1 – The Impossible Summit of Mt. Neverrest,unmatched,missing episode match metadata,,,,0
imdb://tt8217578,F:\MediaStack\data\media\tv\DuckTales (2017)\Season 01\DuckTales (2017) - S01E10 - The Spear of Selene!.mkv,episode,DuckTales (2017) – Season 1 – The Spear of Selene!,unmatched,missing episode match metadata,,,,0
imdb://tt8228740,F:\MediaStack\data\media\tv\DuckTales (2017)\Season 01\DuckTales (2017) - S01E11 - Beware the B.U.D.D.Y. System!.mkv,episode,DuckTales (2017) – Season 1 – Beware the B.U.D.D.Y. System!,unmatched,missing episode match metadata,,,,0
imdb://tt8207012,F:\MediaStack\data\media\tv\DuckTales (2017)\Season 01\DuckTales (2017) - S01E12 - The Missing Links of Moorshire!.mkv,episode,DuckTales (2017) – Season 1 – The Missing Links of Moorshire!,unmatched,missing episode match metadata,,,,0
imdb://tt8209772,F:\MediaStack\data\media\tv\DuckTales (2017)\Season 01\DuckTales (2017) - S01E13 - McMystery at McDuck McManor!.mkv,episode,DuckTales (2017) – Season 1 – McMystery at McDuck McManor!,unmatched,missing episode match metadata,,,,0
imdb://tt8373292,F:\MediaStack\data\media\tv\DuckTales (2017)\Season 01\DuckTales (2017) - S01E14 - Jaw$!.mkv,episode,DuckTales (2017) – Season 1 – JAW$!,unmatched,missing episode match metadata,,,,0
imdb://tt8373294,F:\MediaStack\data\media\tv\DuckTales (2017)\Season 01\DuckTales (2017) - S01E15 - The Golden Lagoon of White Agony Plains!.mkv,episode,DuckTales (2017) – Season 1 – The Golden Lagoon of White Agony Plains!,unmatched,missing episode match metadata,,,,0
imdb://tt8373290,F:\MediaStack\data\media\tv\DuckTales (2017)\Season 01\DuckTales (2017) - S01E16 - Day of the Only Child!.mkv,episode,DuckTales (2017) – Season 1 – Day of the Only Child!,unmatched,missing episode match metadata,,,,0
imdb://tt8373296,F:\MediaStack\data\media\tv\DuckTales (2017)\Season 01\DuckTales (2017) - S01E17 - From the Confidential Case Files of Agent 22!.mkv,episode,DuckTales (2017) – Season 1 – From the Confidential Casefiles of Agent 22!,unmatched,missing episode match metadata,,,,0
imdb://tt8373304,F:\MediaStack\data\media\tv\DuckTales (2017)\Season 01\DuckTales (2017) - S01E18 - Who is Gizmoduck!!.mkv,episode,DuckTales (2017) – Season 1 – Who is Gizmoduck?!,unmatched,missing episode match metadata,,,,0
imdb://tt8373300,F:\MediaStack\data\media\tv\DuckTales (2017)\Season 01\DuckTales (2017) - S01E19 - The Other Bin of Scrooge McDuck!.mkv,episode,DuckTales (2017) – Season 1 – The Other Bin of Scrooge McDuck!,unmatched,missing episode match metadata,,,,0
imdb://tt8373298,F:\MediaStack\data\media\tv\DuckTales (2017)\Season 01\DuckTales (2017) - S01E20 - Sky Pirates…In the Sky!.mkv,episode,DuckTales (2017) – Season 1 – Sky Pirates...In the Sky!,unmatched,missing episode match metadata,,,,0
imdb://tt8373306,F:\MediaStack\data\media\tv\DuckTales (2017)\Season 01\DuckTales (2017) - S01E21 - The Secret(s) of Castle McDuck!.mkv,episode,DuckTales (2017) – Season 1 – The Secret(s) of Castle McDuck!,unmatched,missing episode match metadata,,,,0
imdb://tt8373310,F:\MediaStack\data\media\tv\DuckTales (2017)\Season 01\DuckTales (2017) - S01E22 - The Last Crash of the Sunchaser!.mkv,episode,DuckTales (2017) – Season 1 – The Last Crash of the Sunchaser!,unmatched,missing episode match metadata,,,,0
imdb://tt8373324,F:\MediaStack\data\media\tv\DuckTales (2017)\Season 01\DuckTales (2017) - S01E23 - The Shadow War!.mkv,episode,DuckTales (2017) – Season 1 – The Shadow War,unmatched,missing episode match metadata,,,,0
imdb://tt7391478,F:\MediaStack\data\media\tv\DuckTales (2017)\Season 02\DuckTales (2017) - S02E01 - The Most Dangerous Game…Night!.mkv,episode,DuckTales (2017) – Season 2 – The Most Dangerous Game...Night!,unmatched,missing episode match metadata,,,,0
imdb://tt9038454,F:\MediaStack\data\media\tv\DuckTales (2017)\Season 02\DuckTales (2017) - S02E02 - The Depths of Cousin Fethry!.mkv,episode,DuckTales (2017) – Season 2 – The Depths of Cousin Fethry!,unmatched,missing episode match metadata,,,,0
imdb://tt9125700,F:\MediaStack\data\media\tv\DuckTales (2017)\Season 02\DuckTales (2017) - S02E03 - The Ballad of Duke Baloney!.mkv,episode,DuckTales (2017) – Season 2 – The Ballad of Duke Baloney!,unmatched,missing episode match metadata,,,,0
imdb://tt9119810,F:\MediaStack\data\media\tv\DuckTales (2017)\Season 02\DuckTales (2017) - S02E04 - The Town Where Everyone Was Nice!.mkv,episode,DuckTales (2017) – Season 2 – The Town Where Everyone Was Nice!,unmatched,missing episode match metadata,,,,0
imdb://tt9125702,F:\MediaStack\data\media\tv\DuckTales (2017)\Season 02\DuckTales (2017) - S02E05 - Storkules in Duckburg!.mkv,episode,DuckTales (2017) – Season 2 – Storkules in Duckburg!,unmatched,missing episode match metadata,,,,0
imdb://tt9220132,F:\MediaStack\data\media\tv\DuckTales (2017)\Season 02\DuckTales (2017) - S02E06 - Last Christmas!.mkv,episode,DuckTales (2017) – Season 2 – Last Christmas!,unmatched,missing episode match metadata,,,,0
imdb://tt9313942,F:\MediaStack\data\media\tv\DuckTales (2017)\Season 02\DuckTales (2017) - S02E07 - What Ever Happened to Della Duck!!.mkv,episode,DuckTales (2017) – Season 2 – What Ever Happened to Della Duck?!,unmatched,missing episode match metadata,,,,0
imdb://tt0566952,F:\MediaStack\data\media\tv\DuckTales\Season 03\DuckTales - S03E04 - The Good Muddahs.mp4,episode,DuckTales – Season 3 – The Good Muddahs,unmatched,missing episode match metadata,,,,0
imdb://tt1052588,F:\MediaStack\data\media\tv\DuckTales\Season 03\DuckTales - S03E05 - My Mother the Psychic.mp4,episode,DuckTales – Season 3 – My Mother the Psychic,unmatched,missing episode match metadata,,,,0
imdb://tt1052585,F:\MediaStack\data\media\tv\DuckTales\Season 03\DuckTales - S03E06 - Metal Attraction.mp4,episode,DuckTales – Season 3 – Metal Attraction,unmatched,missing episode match metadata,,,,0
imdb://tt1052571,F:\MediaStack\data\media\tv\DuckTales\Season 03\DuckTales - S03E07 - Dough Ray Me.mp4,episode,DuckTales – Season 3 – Dough Ray Me,unmatched,missing episode match metadata,,,,0
imdb://tt1052564,F:\MediaStack\data\media\tv\DuckTales\Season 03\DuckTales - S03E08 - Bubba's Big Brainstorm.mp4,episode,DuckTales – Season 3 – Bubba's Big Brainstorm,unmatched,missing episode match metadata,,,,0
imdb://tt1052596,F:\MediaStack\data\media\tv\DuckTales\Season 03\DuckTales - S03E09 - The Big Flub.mp4,episode,DuckTales – Season 3 – The Big Flub,unmatched,missing episode match metadata,,,,0
imdb://tt1052554,F:\MediaStack\data\media\tv\DuckTales\Season 03\DuckTales - S03E10 - A Case of Mistaken Secret Identity.mp4,episode,DuckTales – Season 3 – A Case of Mistaken Secret Identity,unmatched,missing episode match metadata,,,,0
imdb://tt1052563,F:\MediaStack\data\media\tv\DuckTales\Season 03\DuckTales - S03E11 - Blue Collar Scrooge.mp4,episode,DuckTales – Season 3 – Blue Collar Scrooge,unmatched,missing episode match metadata,,,,0
imdb://tt1052562,F:\MediaStack\data\media\tv\DuckTales\Season 03\DuckTales - S03E12 - Beaglemania.mp4,episode,DuckTales – Season 3 – Beaglemania,unmatched,missing episode match metadata,,,,0
imdb://tt1052616,F:\MediaStack\data\media\tv\DuckTales\Season 03\DuckTales - S03E13 - Yuppy Ducks.mp4,episode,DuckTales – Season 3 – Yuppy Ducks,unmatched,missing episode match metadata,,,,0
imdb://tt1052598,F:\MediaStack\data\media\tv\DuckTales\Season 03\DuckTales - S03E14 - The Bride Wore Stripes.mp4,episode,DuckTales – Season 3 – The Bride Wore Stripes,unmatched,missing episode match metadata,,,,0
imdb://tt1052608,F:\MediaStack\data\media\tv\DuckTales\Season 03\DuckTales - S03E15 - The Unbreakable Bin.mp4,episode,DuckTales – Season 3 – The Unbreakable Bin,unmatched,missing episode match metadata,,,,0
imdb://tt1052558,F:\MediaStack\data\media\tv\DuckTales\Season 03\DuckTales - S03E16 - Attack of the Fifty-Foot Webby.mp4,episode,DuckTales – Season 3 – Attack of the Fifty-Foot Webby,unmatched,missing episode match metadata,,,,0
imdb://tt1052604,F:\MediaStack\data\media\tv\DuckTales\Season 03\DuckTales - S03E17 - The Masked Mallard.mp4,episode,DuckTales – Season 3 – The Masked Mallard,unmatched,missing episode match metadata,,,,0
imdb://tt1052555,F:\MediaStack\data\media\tv\DuckTales\Season 03\DuckTales - S03E18 - A DuckTales Valentine (Amour or Less).mp4,episode,DuckTales – Season 3 – A DuckTales Valentine (Amour or Less),unmatched,missing episode match metadata,,,,0
imdb://tt1052575,F:\MediaStack\data\media\tv\DuckTales\Season 04\DuckTales - S04E01 - Ducky Mountain High.mp4,episode,DuckTales – Season 4 – Ducky Mountain High,unmatched,missing episode match metadata,,,,0
imdb://tt1052559,F:\MediaStack\data\media\tv\DuckTales\Season 04\DuckTales - S04E02 - Attack of the Metal Mites.mp4,episode,DuckTales – Season 4 – Attack of the Metal Mites,unmatched,missing episode match metadata,,,,0
imdb://tt1052600,F:\MediaStack\data\media\tv\DuckTales\Season 04\DuckTales - S04E03 - The Duck Who Knew Too Much.mp4,episode,DuckTales – Season 4 – The Duck Who Knew Too Much,unmatched,missing episode match metadata,,,,0
imdb://tt1052589,F:\MediaStack\data\media\tv\DuckTales\Season 04\DuckTales - S04E04 - New Gizmo-Kids on the Block.mp4,episode,DuckTales – Season 4 – New Gizmo-Kids on the Block,unmatched,missing episode match metadata,,,,0
imdb://tt1052592,F:\MediaStack\data\media\tv\DuckTales\Season 04\DuckTales - S04E05 - Scrooge's Last Adventure.mp4,episode,DuckTales – Season 4 – Scrooge's Last Adventure,unmatched,missing episode match metadata,,,,0
imdb://tt1052602,F:\MediaStack\data\media\tv\DuckTales\Season 04\DuckTales - S04E06 - The Golden Goose (1).mp4,episode,DuckTales – Season 4 – The Golden Goose (1),unmatched,missing episode match metadata,,,,0
imdb://tt1108183,F:\MediaStack\data\media\tv\DuckTales\Season 04\DuckTales - S04E07 - The Golden Goose (2).mp4,episode,DuckTales – Season 4 – The Golden Goose (2),unmatched,missing episode match metadata,,,,0
imdb://tt6341020,F:\MediaStack\data\media\tv\DuckTales (2017)\Season 01\DuckTales (2017) - S01E01 - Woo-oo!.mkv,episode,DuckTales (2017) – Season 1 – Woo-oo!,unmatched,missing episode match metadata,,,,0
imdb://tt7238546,F:\MediaStack\data\media\tv\DuckTales (2017)\Season 01\DuckTales (2017) - S01E02 - Daytrip of Doom!.mkv,episode,DuckTales (2017) – Season 1 – Daytrip of Doom!,unmatched,missing episode match metadata,,,,0
imdb://tt7150820,F:\MediaStack\data\media\tv\DuckTales (2017)\Season 01\DuckTales (2017) - S01E03 - The Great Dime Chase!.mkv,episode,DuckTales (2017) – Season 1 – The Great Dime Chase!,unmatched,missing episode match metadata,,,,0
imdb://tt7028066,F:\MediaStack\data\media\tv\DuckTales (2017)\Season 01\DuckTales (2017) - S01E04 - The Beagle Birthday Massacre!.mkv,episode,DuckTales (2017) – Season 1 – The Beagle Birthday Massacre!,unmatched,missing episode match metadata,,,,0
imdb://tt7363804,F:\MediaStack\data\media\tv\DuckTales (2017)\Season 01\DuckTales (2017) - S01E05 - Terror of the Terra-Firmians!.mkv,episode,DuckTales (2017) – Season 1 – Terror of the Terra-Firmians!,unmatched,missing episode match metadata,,,,0
imdb://tt7383182,F:\MediaStack\data\media\tv\DuckTales (2017)\Season 01\DuckTales (2017) - S01E06 - The House of the Lucky Gander!.mkv,episode,DuckTales (2017) – Season 1 – The House of the Lucky Gander!,unmatched,missing episode match metadata,,,,0
imdb://tt1052581,F:\MediaStack\data\media\tv\DuckTales\Season 01\DuckTales - S01E55 - Dime Enough for Luck.mp4,episode,DuckTales – Season 1 – Launchpad's First Crash,unmatched,missing episode match metadata,,,,0
imdb://tt1052569,F:\MediaStack\data\media\tv\DuckTales\Season 01\DuckTales - S01E56 - Duck in the Iron Mask.mp4,episode,DuckTales – Season 1 – Dime Enough For Luck,unmatched,missing episode match metadata,,,,0
imdb://tt1008181,F:\MediaStack\data\media\tv\DuckTales\Season 01\DuckTales - S01E57 - The Uncrashable Hindentanic.mp4,episode,DuckTales – Season 1 – Duck in the Iron Mask,unmatched,missing episode match metadata,,,,0
imdb://tt0948896,F:\MediaStack\data\media\tv\DuckTales\Season 01\DuckTales - S01E58 - The Status Seekers.mp4,episode,DuckTales – Season 1 – The Uncrashable Hindentanic,unmatched,missing episode match metadata,,,,0
imdb://tt1052607,F:\MediaStack\data\media\tv\DuckTales\Season 01\DuckTales - S01E59 - Nothing to Fear.mp4,episode,DuckTales – Season 1 – The Status Seekers,unmatched,missing episode match metadata,,,,0
imdb://tt0566947,F:\MediaStack\data\media\tv\DuckTales\Season 01\DuckTales - S01E60 - Dr. Jekyll & Mr. McDuck.mp4,episode,DuckTales – Season 1 – Nothing to Fear,unmatched,missing episode match metadata,,,,0
imdb://tt0845182,F:\MediaStack\data\media\tv\DuckTales\Season 01\DuckTales - S01E61 - Once Upon a Dime.mp4,episode,DuckTales – Season 1 – Dr. Jekyll & Mr. McDuck,unmatched,missing episode match metadata,,,,0
imdb://tt1052590,F:\MediaStack\data\media\tv\DuckTales\Season 01\DuckTales - S01E62 - Spies in Their Eyes.mp4,episode,DuckTales – Season 1 – Once Upon a Dime,unmatched,missing episode match metadata,,,,0
imdb://tt0566951,F:\MediaStack\data\media\tv\DuckTales\Season 01\DuckTales - S01E63 - All Ducks on Deck.mp4,episode,DuckTales – Season 1 – Spies In Their Eyes,unmatched,missing episode match metadata,,,,0
imdb://tt1052556,F:\MediaStack\data\media\tv\DuckTales\Season 01\DuckTales - S01E64 - Ducky Horror Picture Show.mp4,episode,DuckTales – Season 1 – All Ducks On Deck,unmatched,missing episode match metadata,,,,0
imdb://tt1052574,F:\MediaStack\data\media\tv\DuckTales\Season 01\DuckTales - S01E65 - Till Nephews Do Us Part.mp4,episode,DuckTales – Season 1 – Ducky Horror Picture Show,unmatched,missing episode match metadata,,,,0
imdb://tt0394457,F:\MediaStack\data\media\tv\DuckTales\Season 02\DuckTales - S02E01 - Time is Money (1) - Marking Time.mp4,episode,DuckTales – Season 2 – Marking Time (1),unmatched,missing episode match metadata,,,,0
imdb://tt1052610,F:\MediaStack\data\media\tv\DuckTales\Season 02\DuckTales - S02E02 - Time is Money (2) - The Duck Who Would Be King.mp4,episode,DuckTales – Season 2 – The Duck Who Would Be King (2),unmatched,missing episode match metadata,,,,0
imdb://tt1052611,F:\MediaStack\data\media\tv\DuckTales\Season 02\DuckTales - S02E03 - Time is Money (3) - Bubba Trubba.mp4,episode,DuckTales – Season 2 – Bubba Trubba (3),unmatched,missing episode match metadata,,,,0
imdb://tt1052612,F:\MediaStack\data\media\tv\DuckTales\Season 02\DuckTales - S02E04 - Time is Money (4) - Ducks on the Lam.mp4,episode,DuckTales – Season 2 – Ducks on the Lam (4),unmatched,missing episode match metadata,,,,0
imdb://tt1052613,F:\MediaStack\data\media\tv\DuckTales\Season 02\DuckTales - S02E05 - Time is Money (5) - Ali Bubba's Cave.mp4,episode,DuckTales – Season 2 – Ali Bubba's Cave (5),unmatched,missing episode match metadata,,,,0
imdb://tt1052582,F:\MediaStack\data\media\tv\DuckTales\Season 02\DuckTales - S02E06 - Super Ducktales (1) - Liquid Assets.mp4,episode,DuckTales – Season 2 – Liquid Assets (1),unmatched,missing episode match metadata,,,,0
imdb://tt1052577,F:\MediaStack\data\media\tv\DuckTales\Season 02\DuckTales - S02E07 - Super Ducktales (2) - Frozen Assets.mp4,episode,DuckTales – Season 2 – Frozen Assets (2),unmatched,missing episode match metadata,,,,0
imdb://tt1052578,F:\MediaStack\data\media\tv\DuckTales\Season 02\DuckTales - S02E08 - Super Ducktales (3) - Full Metal Duck.mp4,episode,DuckTales – Season 2 – Full Metal Duck (3),unmatched,missing episode match metadata,,,,0
imdb://tt1052597,F:\MediaStack\data\media\tv\DuckTales\Season 02\DuckTales - S02E09 - Super Ducktales (4) - The Billionaire Beagle Boys Club.mp4,episode,DuckTales – Season 2 – The Billionaire Beagle Boys Club (4),unmatched,missing episode match metadata,,,,0
imdb://tt1052587,F:\MediaStack\data\media\tv\DuckTales\Season 02\DuckTales - S02E10 - Super Ducktales (5) - Money to Burn.mp4,episode,DuckTales – Season 2 – Money to Burn (5),unmatched,missing episode match metadata,,,,0
imdb://tt1052603,F:\MediaStack\data\media\tv\DuckTales\Season 03\DuckTales - S03E01 - The Land of Trala La.mp4,episode,DuckTales – Season 3 – The Land of Trala La,unmatched,missing episode match metadata,,,,0
imdb://tt1052557,F:\MediaStack\data\media\tv\DuckTales\Season 03\DuckTales - S03E02 - Allowance Day.mp4,episode,DuckTales – Season 3 – Allowance Day,unmatched,missing episode match metadata,,,,0
imdb://tt1052565,F:\MediaStack\data\media\tv\DuckTales\Season 03\DuckTales - S03E03 - Bubbeo & Juliet.mp4,episode,DuckTales – Season 3 – Bubbeo & Juliet,unmatched,missing episode match metadata,,,,0
imdb://tt0566936,F:\MediaStack\data\media\tv\DuckTales\Season 01\DuckTales - S01E31 - Bermuda Triangle Tangle.mp4,episode,DuckTales – Season 1 – Bermuda Triangle Tangle,unmatched,missing episode match metadata,,,,0
imdb://tt1052586,F:\MediaStack\data\media\tv\DuckTales\Season 01\DuckTales - S01E32 - Micro Ducks from Outer Space.mp4,episode,DuckTales – Season 1 – Micro Ducks from Outer Space,unmatched,missing episode match metadata,,,,0
imdb://tt1052561,F:\MediaStack\data\media\tv\DuckTales\Season 01\DuckTales - S01E33 - Back to the Klondike.mp4,episode,DuckTales – Season 1 – Back to the Klondike,unmatched,missing episode match metadata,,,,0
imdb://tt0566942,F:\MediaStack\data\media\tv\DuckTales\Season 01\DuckTales - S01E34 - Horse Scents.mp4,episode,DuckTales – Season 1 – Horse Scents,unmatched,missing episode match metadata,,,,0
imdb://tt0566948,F:\MediaStack\data\media\tv\DuckTales\Season 01\DuckTales - S01E35 - Scrooge's Pet.mp4,episode,DuckTales – Season 1 – Scrooge's Pet,unmatched,missing episode match metadata,,,,0
imdb://tt0948893,F:\MediaStack\data\media\tv\DuckTales\Season 01\DuckTales - S01E36 - Catch as Cash Can (1) - A Drain on the Economy.mp4,episode,DuckTales – Season 1 – A Drain on the Economy (1),unmatched,missing episode match metadata,,,,0
imdb://tt1052566,F:\MediaStack\data\media\tv\DuckTales\Season 01\DuckTales - S01E37 - Catch as Cash Can (2) - A Whale of a Bad Time.mp4,episode,DuckTales – Season 1 – A Whale of a Bad Time (2),unmatched,missing episode match metadata,,,,0
imdb://tt1052567,F:\MediaStack\data\media\tv\DuckTales\Season 01\DuckTales - S01E38 - Catch as Cash Can (3) - Aqua Ducks.mp4,episode,DuckTales – Season 1 – Aqua Ducks (3),unmatched,missing episode match metadata,,,,0
imdb://tt1052568,F:\MediaStack\data\media\tv\DuckTales\Season 01\DuckTales - S01E39 - Catch as Cash Can (4) - Working for Scales.mp4,episode,DuckTales – Season 1 – Working for Scales (4),unmatched,missing episode match metadata,,,,0
imdb://tt0566946,F:\MediaStack\data\media\tv\DuckTales\Season 01\DuckTales - S01E40 - Merit-Time Adventure.mp4,episode,DuckTales – Season 1 – Merit-Time Adventure,unmatched,missing episode match metadata,,,,0
imdb://tt1052601,F:\MediaStack\data\media\tv\DuckTales\Season 01\DuckTales - S01E41 - The Golden Fleecing.mp4,episode,DuckTales – Season 1 – The Golden Fleecing,unmatched,missing episode match metadata,,,,0
imdb://tt1052573,F:\MediaStack\data\media\tv\DuckTales\Season 01\DuckTales - S01E42 - Ducks of the West.mp4,episode,DuckTales – Season 1 – Ducks of the West,unmatched,missing episode match metadata,,,,0
imdb://tt1052614,F:\MediaStack\data\media\tv\DuckTales\Season 01\DuckTales - S01E43 - Time Teasers.mp4,episode,DuckTales – Season 1 – Time Teasers,unmatched,missing episode match metadata,,,,0
imdb://tt1052560,F:\MediaStack\data\media\tv\DuckTales\Season 01\DuckTales - S01E44 - Back Out in the Outback.mp4,episode,DuckTales – Season 1 – Back Out in the Outback,unmatched,missing episode match metadata,,,,0
imdb://tt1052591,F:\MediaStack\data\media\tv\DuckTales\Season 01\DuckTales - S01E45 - Raiders of the Lost Harp.mp4,episode,DuckTales – Season 1 – Raiders of the Lost Harp,unmatched,missing episode match metadata,,,,0
imdb://tt1052606,F:\MediaStack\data\media\tv\DuckTales\Season 01\DuckTales - S01E46 - The Right Duck.mp4,episode,DuckTales – Season 1 – The Right Duck,unmatched,missing episode match metadata,,,,0
imdb://tt1052593,F:\MediaStack\data\media\tv\DuckTales\Season 01\DuckTales - S01E47 - Scroogerello.mp4,episode,DuckTales – Season 1 – Scroogerello,unmatched,missing episode match metadata,,,,0
imdb://tt0566938,F:\MediaStack\data\media\tv\DuckTales\Season 01\DuckTales - S01E48 - Double-O-Duck.mp4,episode,DuckTales – Season 1 – Double-O-Duck,unmatched,missing episode match metadata,,,,0
imdb://tt1008179,F:\MediaStack\data\media\tv\DuckTales\Season 01\DuckTales - S01E49 - Luck o' the Ducks.mp4,episode,DuckTales – Season 1 – Luck o' the Ducks,unmatched,missing episode match metadata,,,,0
imdb://tt0566940,F:\MediaStack\data\media\tv\DuckTales\Season 01\DuckTales - S01E50 - Duckworth's Revolt.mp4,episode,DuckTales – Season 1 – Duckworth's Revolt,unmatched,missing episode match metadata,,,,0
tmdb://3762226,F:\MediaStack\data\media\tv\DuckTales\Season 01\DuckTales - S01E51 - Magica's Magic Mirror + Take Me Out of the Ballgame.mp4,episode,DuckTales – Season 1 – Magica's Magic Mirror,unmatched,missing episode match metadata,,,,0
imdb://tt1052583,F:\MediaStack\data\media\tv\DuckTales\Season 01\DuckTales - S01E52 - Duck to the Future.mp4,episode,DuckTales – Season 1 – Take Me Out of the Ballgame,unmatched,missing episode match metadata,,,,0
imdb://tt0566939,F:\MediaStack\data\media\tv\DuckTales\Season 01\DuckTales - S01E53 - Jungle Duck.mp4,episode,DuckTales – Season 1 – Duck to the Future,unmatched,missing episode match metadata,,,,0
imdb://tt1052580,F:\MediaStack\data\media\tv\DuckTales\Season 01\DuckTales - S01E54 - Launchpad's First Crash.mp4,episode,DuckTales – Season 1 – Jungle Duck,unmatched,missing episode match metadata,,,,0
imdb://tt0940026,F:\MediaStack\data\media\tv\DuckTales\Season 01\DuckTales - S01E06 - Send in the Clones.mp4,episode,DuckTales – Season 1 – Send in the Clones,unmatched,missing episode match metadata,,,,0
imdb://tt0566949,F:\MediaStack\data\media\tv\DuckTales\Season 01\DuckTales - S01E07 - Sphinx for the Memories.mp4,episode,DuckTales – Season 1 – Sphinx for the Memories,unmatched,missing episode match metadata,,,,0
imdb://tt0566953,F:\MediaStack\data\media\tv\DuckTales\Season 01\DuckTales - S01E08 - Where No Duck Has Gone Before.mp4,episode,DuckTales – Season 1 – Where No Duck Has Gone Before,unmatched,missing episode match metadata,,,,0
imdb://tt0756854,F:\MediaStack\data\media\tv\DuckTales\Season 01\DuckTales - S01E09 - Armstrong.mp4,episode,DuckTales – Season 1 – Armstrong,unmatched,missing episode match metadata,,,,0
imdb://tt0941455,F:\MediaStack\data\media\tv\DuckTales\Season 01\DuckTales - S01E10 - Robot Robbers.mp4,episode,DuckTales – Season 1 – Robot Robbers,unmatched,missing episode match metadata,,,,0
imdb://tt0941454,F:\MediaStack\data\media\tv\DuckTales\Season 01\DuckTales - S01E11 - Magica's Shadow War.mp4,episode,DuckTales – Season 1 – Magica's Shadow War,unmatched,missing episode match metadata,,,,0
imdb://tt0566945,F:\MediaStack\data\media\tv\DuckTales\Season 01\DuckTales - S01E12 - Master of the Djinni.mp4,episode,DuckTales – Season 1 – Master of the Djinni,unmatched,missing episode match metadata,,,,0
imdb://tt0566943,F:\MediaStack\data\media\tv\DuckTales\Season 01\DuckTales - S01E13 - Hotel Strangeduck.mp4,episode,DuckTales – Season 1 – Hotel Strangeduck,unmatched,missing episode match metadata,,,,0
imdb://tt1033804,F:\MediaStack\data\media\tv\DuckTales\Season 01\DuckTales - S01E14 - Lost Crown of Genghis Khan.mp4,episode,DuckTales – Season 1 – Lost Crown of Genghis Khan,unmatched,missing episode match metadata,,,,0
imdb://tt1033803,F:\MediaStack\data\media\tv\DuckTales\Season 01\DuckTales - S01E15 - Duckman of Aquatraz.mp4,episode,DuckTales – Season 1 – Duckman of Aquatraz,unmatched,missing episode match metadata,,,,0
imdb://tt1052605,F:\MediaStack\data\media\tv\DuckTales\Season 01\DuckTales - S01E16 - The Money Vanishes.mp4,episode,DuckTales – Season 1 – The Money Vanishes,unmatched,missing episode match metadata,,,,0
imdb://tt1052594,F:\MediaStack\data\media\tv\DuckTales\Season 01\DuckTales - S01E17 - Sir Gyro de Gearloose.mp4,episode,DuckTales – Season 1 – Sir Gyro de Gearloose,unmatched,missing episode match metadata,,,,0
imdb://tt1052570,F:\MediaStack\data\media\tv\DuckTales\Season 01\DuckTales - S01E18 - Dinosaur Ducks.mp4,episode,DuckTales – Season 1 – Dinosaur Ducks,unmatched,missing episode match metadata,,,,0
imdb://tt0566941,F:\MediaStack\data\media\tv\DuckTales\Season 01\DuckTales - S01E19 - Hero for Hire.mp4,episode,DuckTales – Season 1 – Hero for Hire,unmatched,missing episode match metadata,,,,0
imdb://tt0948895,F:\MediaStack\data\media\tv\DuckTales\Season 01\DuckTales - S01E20 - Superdoo!.mp4,episode,DuckTales – Season 1 – Superdoo!,unmatched,missing episode match metadata,,,,0
imdb://tt1052584,F:\MediaStack\data\media\tv\DuckTales\Season 01\DuckTales - S01E21 - Maid of the Myth.mp4,episode,DuckTales – Season 1 – Maid of the Myth,unmatched,missing episode match metadata,,,,0
imdb://tt1052572,F:\MediaStack\data\media\tv\DuckTales\Season 01\DuckTales - S01E22 - Down & Out in Duckburg.mp4,episode,DuckTales – Season 1 – Down & Out in Duckburg,unmatched,missing episode match metadata,,,,0
imdb://tt1008180,F:\MediaStack\data\media\tv\DuckTales\Season 01\DuckTales - S01E23 - Much Ado About Scrooge.mp4,episode,DuckTales – Season 1 – Much Ado About Scrooge,unmatched,missing episode match metadata,,,,0
imdb://tt0845666,F:\MediaStack\data\media\tv\DuckTales\Season 01\DuckTales - S01E24 - Top Duck.mp4,episode,DuckTales – Season 1 – Top Duck,unmatched,missing episode match metadata,,,,0
imdb://tt0948894,F:\MediaStack\data\media\tv\DuckTales\Season 01\DuckTales - S01E25 - Pearl of Wisdom.mp4,episode,DuckTales – Season 1 – Pearl of Wisdom,unmatched,missing episode match metadata,,,,0
imdb://tt1052599,F:\MediaStack\data\media\tv\DuckTales\Season 01\DuckTales - S01E26 - The Curse of Castle McDuck.mp4,episode,DuckTales – Season 1 – The Curse of Castle McDuck,unmatched,missing episode match metadata,,,,0
imdb://tt0566944,F:\MediaStack\data\media\tv\DuckTales\Season 01\DuckTales - S01E27 - Launchpad's Civil War.mp4,episode,DuckTales – Season 1 – Launchpad's Civil War,unmatched,missing episode match metadata,,,,0
imdb://tt1052595,F:\MediaStack\data\media\tv\DuckTales\Season 01\DuckTales - S01E28 - Sweet Duck of Youth.mp4,episode,DuckTales – Season 1 – Sweet Duck of Youth,unmatched,missing episode match metadata,,,,0
imdb://tt1052576,F:\MediaStack\data\media\tv\DuckTales\Season 01\DuckTales - S01E29 - Earth Quack.mp4,episode,DuckTales – Season 1 – Earth Quack,unmatched,missing episode match metadata,,,,0
imdb://tt1052579,F:\MediaStack\data\media\tv\DuckTales\Season 01\DuckTales - S01E30 - Home Sweet Homer.mp4,episode,DuckTales – Season 1 – Home Sweet Homer,unmatched,missing episode match metadata,,,,0
imdb://tt0756856,F:\MediaStack\data\media\tv\DuckTales\Season 01\DuckTales - S01E01 - Treasure of the Golden Suns (1) - Don't Give up the Ship.mp4,episode,DuckTales – Season 1 – Don't Give Up the Ship (1),unmatched,missing episode match metadata,,,,0
imdb://tt1052615,F:\MediaStack\data\media\tv\DuckTales\Season 01\DuckTales - S01E02 - Treasure of the Golden Suns (2) - Wronguay in Ronguay.mp4,episode,DuckTales – Season 1 – Wronguay in Ronguay (2),unmatched,missing episode match metadata,,,,0
imdb://tt1052609,F:\MediaStack\data\media\tv\DuckTales\Season 01\DuckTales - S01E03 - Treasure of the Golden Suns (3) - Three Ducks of the Condor.mp4,episode,DuckTales – Season 1 – Three Ducks of the Condor (3),unmatched,missing episode match metadata,,,,0
imdb://tt0756855,F:\MediaStack\data\media\tv\DuckTales\Season 01\DuckTales - S01E04 - Treasure of the Golden Suns (4) - Cold Duck.mp4,episode,DuckTales – Season 1 – Cold Duck (4),unmatched,missing episode match metadata,,,,0
imdb://tt0756857,F:\MediaStack\data\media\tv\DuckTales\Season 01\DuckTales - S01E05 - Treasure of the Golden Suns (5) - Too Much of a Gold Thing.mp4,episode,DuckTales – Season 1 – Too Much of a Gold Thing (5),unmatched,missing episode match metadata,,,,0
imdb://tt17163896,F:\MediaStack\data\media\tv\Demon Slayer - Kimetsu no Yaiba\Season 03\Demon Slayer - Kimetsu no Yaiba - S03E08 - Gathering.mkv,episode,Demon Slayer: Kimetsu no Yaiba – Season 3 – Gathering,unmatched,missing episode match metadata,,,,0
imdb://tt17337688,F:\MediaStack\data\media\tv\Demon Slayer - Kimetsu no Yaiba\Season 03\Demon Slayer - Kimetsu no Yaiba - S03E09 - Defeating an Upper Rank Demon.mkv,episode,Demon Slayer: Kimetsu no Yaiba – Season 3 – Defeating an Upper Rank Demon,unmatched,missing episode match metadata,,,,0
imdb://tt17521746,F:\MediaStack\data\media\tv\Demon Slayer - Kimetsu no Yaiba\Season 03\Demon Slayer - Kimetsu no Yaiba - S03E10 - Never Give Up.mkv,episode,Demon Slayer: Kimetsu no Yaiba – Season 3 – Never Give Up,unmatched,missing episode match metadata,,,,0
imdb://tt18034898,F:\MediaStack\data\media\tv\Demon Slayer - Kimetsu no Yaiba\Season 03\Demon Slayer - Kimetsu no Yaiba - S03E11 - No Matter How Many Lives.mkv,episode,Demon Slayer: Kimetsu no Yaiba – Season 3 – No Matter How Many Lives,unmatched,missing episode match metadata,,,,0
imdb://tt27204288,F:\MediaStack\data\media\tv\Demon Slayer - Kimetsu no Yaiba\Season 04\Demon Slayer - Kimetsu no Yaiba - S04E01 - Someone's Dream.mkv,episode,Demon Slayer: Kimetsu no Yaiba – Season 4 – Someone's Dream,unmatched,missing episode match metadata,,,,0
imdb://tt27471302,F:\MediaStack\data\media\tv\Demon Slayer - Kimetsu no Yaiba\Season 04\Demon Slayer - Kimetsu no Yaiba - S04E02 - Yoriichi Type Zero.mkv,episode,Demon Slayer: Kimetsu no Yaiba – Season 4 – Yoriichi Type Zero,unmatched,missing episode match metadata,,,,0
imdb://tt27488498,F:\MediaStack\data\media\tv\Demon Slayer - Kimetsu no Yaiba\Season 04\Demon Slayer - Kimetsu no Yaiba - S04E03 - A Sword From Over 300 Years Ago.mkv,episode,Demon Slayer: Kimetsu no Yaiba – Season 4 – A Sword From Over 300 Years Ago,unmatched,missing episode match metadata,,,,0
imdb://tt27580481,"F:\MediaStack\data\media\tv\Demon Slayer - Kimetsu no Yaiba\Season 04\Demon Slayer - Kimetsu no Yaiba - S04E04 - Thank You, Tokito.mkv",episode,"Demon Slayer: Kimetsu no Yaiba – Season 4 – Thank You, Tokito",unmatched,missing episode match metadata,,,,0
imdb://tt27643967,F:\MediaStack\data\media\tv\Demon Slayer - Kimetsu no Yaiba\Season 04\Demon Slayer - Kimetsu no Yaiba - S04E05 - Bright Red Sword.mkv,episode,Demon Slayer: Kimetsu no Yaiba – Season 4 – Bright Red Sword,unmatched,missing episode match metadata,,,,0
imdb://tt27696585,F:\MediaStack\data\media\tv\Demon Slayer - Kimetsu no Yaiba\Season 04\Demon Slayer - Kimetsu no Yaiba - S04E06 - Aren't You Going to Become a Hashira.mkv,episode,Demon Slayer: Kimetsu no Yaiba – Season 4 – Aren't You Going to Become a Hashira?,unmatched,missing episode match metadata,,,,0
imdb://tt27752537,F:\MediaStack\data\media\tv\Demon Slayer - Kimetsu no Yaiba\Season 04\Demon Slayer - Kimetsu no Yaiba - S04E07 - Awful Villain.mkv,episode,Demon Slayer: Kimetsu no Yaiba – Season 4 – Awful Villain,unmatched,missing episode match metadata,,,,0
imdb://tt27820012,F:\MediaStack\data\media\tv\Demon Slayer - Kimetsu no Yaiba\Season 04\Demon Slayer - Kimetsu no Yaiba - S04E08 - The Mu in Muichiro.mkv,episode,Demon Slayer: Kimetsu no Yaiba – Season 4 – The ‘Mu’ In Muichiro,unmatched,missing episode match metadata,,,,0
imdb://tt27880399,F:\MediaStack\data\media\tv\Demon Slayer - Kimetsu no Yaiba\Season 04\Demon Slayer - Kimetsu no Yaiba - S04E09 - Mist Hashira Muichiro Tokito.mkv,episode,Demon Slayer: Kimetsu no Yaiba – Season 4 – Mist Hashira: Muichiro Tokito,unmatched,missing episode match metadata,,,,0
imdb://tt27941580,F:\MediaStack\data\media\tv\Demon Slayer - Kimetsu no Yaiba\Season 04\Demon Slayer - Kimetsu no Yaiba - S04E10 - Love Hashira Mitsuri Kanroji.mkv,episode,Demon Slayer: Kimetsu no Yaiba – Season 4 – Love Hashira: Mitsuri Kanroji,unmatched,missing episode match metadata,,,,0
imdb://tt28069671,F:\MediaStack\data\media\tv\Demon Slayer - Kimetsu no Yaiba\Season 04\Demon Slayer - Kimetsu no Yaiba - S04E11 - A Connected Bond - Daybreak and First Light.mkv,episode,Demon Slayer: Kimetsu no Yaiba – Season 4 – A Connected Bond: Daybreak and First Light,unmatched,missing episode match metadata,,,,0
imdb://tt29452416,F:\MediaStack\data\media\tv\Demon Slayer - Kimetsu no Yaiba\Season 05\Demon Slayer - Kimetsu no Yaiba - S05E01 - To Defeat Muzan Kibutsuji.mkv,episode,Demon Slayer: Kimetsu no Yaiba – Season 5 – To Defeat Muzan Kibutsuji,unmatched,missing episode match metadata,,,,0
imdb://tt29452420,F:\MediaStack\data\media\tv\Demon Slayer - Kimetsu no Yaiba\Season 05\Demon Slayer - Kimetsu no Yaiba - S05E02 - Water Hashira Giyu Tomioka's Pain.mkv,episode,Demon Slayer: Kimetsu no Yaiba – Season 5 – Water Hashira Giyu Tomioka's Pain,unmatched,missing episode match metadata,,,,0
imdb://tt29452422,F:\MediaStack\data\media\tv\Demon Slayer - Kimetsu no Yaiba\Season 05\Demon Slayer - Kimetsu no Yaiba - S05E03 - Fully Recovered Tanjiro Joins the Hashira Training!!.mkv,episode,Demon Slayer: Kimetsu no Yaiba – Season 5 – Fully Recovered Tanjiro Joins the Hashira Training!!,unmatched,missing episode match metadata,,,,0
imdb://tt29452429,F:\MediaStack\data\media\tv\Demon Slayer - Kimetsu no Yaiba\Season 05\Demon Slayer - Kimetsu no Yaiba - S05E04 - To Bring a Smile to One's Face.mkv,episode,Demon Slayer: Kimetsu no Yaiba – Season 5 – To Bring a Smile to One's Face,unmatched,missing episode match metadata,,,,0
imdb://tt29452430,F:\MediaStack\data\media\tv\Demon Slayer - Kimetsu no Yaiba\Season 05\Demon Slayer - Kimetsu no Yaiba - S05E05 - I Even Ate Demons.mkv,episode,Demon Slayer: Kimetsu no Yaiba – Season 5 – I Even Ate Demons…,unmatched,missing episode match metadata,,,,0
imdb://tt29452434,F:\MediaStack\data\media\tv\Demon Slayer - Kimetsu no Yaiba\Season 05\Demon Slayer - Kimetsu no Yaiba - S05E06 - The Strongest of the Demon Slayer Corps.mkv,episode,Demon Slayer: Kimetsu no Yaiba – Season 5 – The Strongest of the Demon Slayer Corps,unmatched,missing episode match metadata,,,,0
imdb://tt29452436,F:\MediaStack\data\media\tv\Demon Slayer - Kimetsu no Yaiba\Season 05\Demon Slayer - Kimetsu no Yaiba - S05E07 - Stone Hashira Gyomei Himejima.mkv,episode,Demon Slayer: Kimetsu no Yaiba – Season 5 – Stone Hashira: Gyōmei Himejima,unmatched,missing episode match metadata,,,,0
imdb://tt29452438,F:\MediaStack\data\media\tv\Demon Slayer - Kimetsu no Yaiba\Season 05\Demon Slayer - Kimetsu no Yaiba - S05E08 - The Hashira Unite.mkv,episode,Demon Slayer: Kimetsu no Yaiba – Season 5 – The Hashira Unite,unmatched,missing episode match metadata,,,,0
imdb://tt10433096,F:\MediaStack\data\media\tv\Demon Slayer - Kimetsu no Yaiba\Season 01\Demon Slayer - Kimetsu no Yaiba - S01E17 - You Must Master a Single Thing.mkv,episode,Demon Slayer: Kimetsu no Yaiba – Season 1 – You Must Master a Single Thing,unmatched,missing episode match metadata,,,,0
imdb://tt10433098,F:\MediaStack\data\media\tv\Demon Slayer - Kimetsu no Yaiba\Season 01\Demon Slayer - Kimetsu no Yaiba - S01E18 - A Forged Bond.mkv,episode,Demon Slayer: Kimetsu no Yaiba – Season 1 – A Forged Bond,unmatched,missing episode match metadata,,,,0
imdb://tt10433100,F:\MediaStack\data\media\tv\Demon Slayer - Kimetsu no Yaiba\Season 01\Demon Slayer - Kimetsu no Yaiba - S01E19 - Hinokami.mkv,episode,Demon Slayer: Kimetsu no Yaiba – Season 1 – Hinokami,unmatched,missing episode match metadata,,,,0
imdb://tt10433102,F:\MediaStack\data\media\tv\Demon Slayer - Kimetsu no Yaiba\Season 01\Demon Slayer - Kimetsu no Yaiba - S01E20 - Pretend Family.mkv,episode,Demon Slayer: Kimetsu no Yaiba – Season 1 – Pretend Family,unmatched,missing episode match metadata,,,,0
imdb://tt10433104,F:\MediaStack\data\media\tv\Demon Slayer - Kimetsu no Yaiba\Season 01\Demon Slayer - Kimetsu no Yaiba - S01E21 - Against Corps Rules.mkv,episode,Demon Slayer: Kimetsu no Yaiba – Season 1 – Against Corps Rules,unmatched,missing episode match metadata,,,,0
imdb://tt10433106,F:\MediaStack\data\media\tv\Demon Slayer - Kimetsu no Yaiba\Season 01\Demon Slayer - Kimetsu no Yaiba - S01E22 - Master of the Mansion.mkv,episode,Demon Slayer: Kimetsu no Yaiba – Season 1 – Master of the Mansion,unmatched,missing episode match metadata,,,,0
imdb://tt10433108,F:\MediaStack\data\media\tv\Demon Slayer - Kimetsu no Yaiba\Season 01\Demon Slayer - Kimetsu no Yaiba - S01E23 - Hashira Meeting.mkv,episode,Demon Slayer: Kimetsu no Yaiba – Season 1 – Hashira Meeting,unmatched,missing episode match metadata,,,,0
imdb://tt10433110,F:\MediaStack\data\media\tv\Demon Slayer - Kimetsu no Yaiba\Season 01\Demon Slayer - Kimetsu no Yaiba - S01E24 - Rehabilitation Training.mkv,episode,Demon Slayer: Kimetsu no Yaiba – Season 1 – Rehabilitation Training,unmatched,missing episode match metadata,,,,0
imdb://tt10433112,"F:\MediaStack\data\media\tv\Demon Slayer - Kimetsu no Yaiba\Season 01\Demon Slayer - Kimetsu no Yaiba - S01E25 - Tsuguko, Kanao Tsuyuri.mkv",episode,"Demon Slayer: Kimetsu no Yaiba – Season 1 – Tsuguko, Kanao Tsuyuri",unmatched,missing episode match metadata,,,,0
imdb://tt10433114,F:\MediaStack\data\media\tv\Demon Slayer - Kimetsu no Yaiba\Season 01\Demon Slayer - Kimetsu no Yaiba - S01E26 - New Mission.mkv,episode,Demon Slayer: Kimetsu no Yaiba – Season 1 – New Mission,unmatched,missing episode match metadata,,,,0
imdb://tt14617256,F:\MediaStack\data\media\tv\Demon Slayer - Kimetsu no Yaiba\Season 02\Demon Slayer - Kimetsu no Yaiba - S02E01 - Flame Hashira Kyojuro Rengoku.mkv,episode,Demon Slayer: Kimetsu no Yaiba – Season 2 – Flame Hashira: Kyojuro Rengoku,unmatched,missing episode match metadata,,,,0
imdb://tt15681070,F:\MediaStack\data\media\tv\Demon Slayer - Kimetsu no Yaiba\Season 02\Demon Slayer - Kimetsu no Yaiba - S02E02 - Deep Sleep.mkv,episode,Demon Slayer: Kimetsu no Yaiba – Season 2 – Deep Sleep,unmatched,missing episode match metadata,,,,0
imdb://tt15713684,F:\MediaStack\data\media\tv\Demon Slayer - Kimetsu no Yaiba\Season 02\Demon Slayer - Kimetsu no Yaiba - S02E03 - Should Have Been.mkv,episode,Demon Slayer: Kimetsu no Yaiba – Season 2 – Should Have Been,unmatched,missing episode match metadata,,,,0
imdb://tt15779046,F:\MediaStack\data\media\tv\Demon Slayer - Kimetsu no Yaiba\Season 02\Demon Slayer - Kimetsu no Yaiba - S02E04 - Insult.mkv,episode,Demon Slayer: Kimetsu no Yaiba – Season 2 – Insult,unmatched,missing episode match metadata,,,,0
imdb://tt15757610,F:\MediaStack\data\media\tv\Demon Slayer - Kimetsu no Yaiba\Season 02\Demon Slayer - Kimetsu no Yaiba - S02E05 - Move Forward!.mkv,episode,Demon Slayer: Kimetsu no Yaiba – Season 2 – Move Forward!,unmatched,missing episode match metadata,,,,0
imdb://tt15757628,F:\MediaStack\data\media\tv\Demon Slayer - Kimetsu no Yaiba\Season 02\Demon Slayer - Kimetsu no Yaiba - S02E06 - Akaza.mkv,episode,Demon Slayer: Kimetsu no Yaiba – Season 2 – Akaza,unmatched,missing episode match metadata,,,,0
imdb://tt15757632,F:\MediaStack\data\media\tv\Demon Slayer - Kimetsu no Yaiba\Season 02\Demon Slayer - Kimetsu no Yaiba - S02E07 - Set Your Heart Ablaze.mkv,episode,Demon Slayer: Kimetsu no Yaiba – Season 2 – Set Your Heart Ablaze,unmatched,missing episode match metadata,,,,0
imdb://tt15757634,F:\MediaStack\data\media\tv\Demon Slayer - Kimetsu no Yaiba\Season 03\Demon Slayer - Kimetsu no Yaiba - S03E01 - Sound Hashira Tengen Uzui.mkv,episode,Demon Slayer: Kimetsu no Yaiba – Season 3 – Sound Hashira: Tengen Uzui,unmatched,missing episode match metadata,,,,0
imdb://tt16407960,F:\MediaStack\data\media\tv\Demon Slayer - Kimetsu no Yaiba\Season 03\Demon Slayer - Kimetsu no Yaiba - S03E02 - Infiltrating the Entertainment District.mkv,episode,Demon Slayer: Kimetsu no Yaiba – Season 3 – Infiltrating the Red Light District,unmatched,missing episode match metadata,,,,0
imdb://tt16441532,F:\MediaStack\data\media\tv\Demon Slayer - Kimetsu no Yaiba\Season 03\Demon Slayer - Kimetsu no Yaiba - S03E03 - What Are You.mkv,episode,Demon Slayer: Kimetsu no Yaiba – Season 3 – What Are You?,unmatched,missing episode match metadata,,,,0
imdb://tt16503168,F:\MediaStack\data\media\tv\Demon Slayer - Kimetsu no Yaiba\Season 03\Demon Slayer - Kimetsu no Yaiba - S03E04 - Tonight.mkv,episode,Demon Slayer: Kimetsu no Yaiba – Season 3 – Tonight,unmatched,missing episode match metadata,,,,0
imdb://tt16767544,F:\MediaStack\data\media\tv\Demon Slayer - Kimetsu no Yaiba\Season 03\Demon Slayer - Kimetsu no Yaiba - S03E05 - Things Are Gonna Get Real Flashy!!.mkv,episode,Demon Slayer: Kimetsu no Yaiba – Season 3 – Things Are Gonna Get Real Flashy!!,unmatched,missing episode match metadata,,,,0
imdb://tt16972222,F:\MediaStack\data\media\tv\Demon Slayer - Kimetsu no Yaiba\Season 03\Demon Slayer - Kimetsu no Yaiba - S03E06 - Layered Memories.mkv,episode,Demon Slayer: Kimetsu no Yaiba – Season 3 – Layered Memories,unmatched,missing episode match metadata,,,,0
imdb://tt17008706,F:\MediaStack\data\media\tv\Demon Slayer - Kimetsu no Yaiba\Season 03\Demon Slayer - Kimetsu no Yaiba - S03E07 - Transformation.mkv,episode,Demon Slayer: Kimetsu no Yaiba – Season 3 – Transformation,unmatched,missing episode match metadata,,,,0
imdb://tt1029788,F:\MediaStack\data\media\tv\Death Note\Season 01\Death Note - S01E33 - Scorn.mkv,episode,Death Note – Season 1 – Scorn,unmatched,missing episode match metadata,,,,0
imdb://tt1043073,F:\MediaStack\data\media\tv\Death Note\Season 01\Death Note - S01E34 - Vigilance.mkv,episode,Death Note – Season 1 – Vigilance,unmatched,missing episode match metadata,,,,0
imdb://tt1043074,F:\MediaStack\data\media\tv\Death Note\Season 01\Death Note - S01E35 - Malice.mkv,episode,Death Note – Season 1 – Malice,unmatched,missing episode match metadata,,,,0
imdb://tt1044252,F:\MediaStack\data\media\tv\Death Note\Season 01\Death Note - S01E36 - 1.28.mkv,episode,Death Note – Season 1 – 1.28,unmatched,missing episode match metadata,,,,0
imdb://tt1043075,F:\MediaStack\data\media\tv\Death Note\Season 01\Death Note - S01E37 - New World.mkv,episode,Death Note – Season 1 – New World,unmatched,missing episode match metadata,,,,0
imdb://tt9828480,F:\MediaStack\data\media\tv\Demon Slayer - Kimetsu no Yaiba\Season 01\Demon Slayer - Kimetsu no Yaiba - S01E01 - Cruelty.mkv,episode,Demon Slayer: Kimetsu no Yaiba – Season 1 – Cruelty,unmatched,missing episode match metadata,,,,0
imdb://tt9913012,F:\MediaStack\data\media\tv\Demon Slayer - Kimetsu no Yaiba\Season 01\Demon Slayer - Kimetsu no Yaiba - S01E02 - Trainer Sakonji Urokodaki.mkv,episode,Demon Slayer: Kimetsu no Yaiba – Season 1 – Trainer Sakonji Urokodaki,unmatched,missing episode match metadata,,,,0
imdb://tt9913014,F:\MediaStack\data\media\tv\Demon Slayer - Kimetsu no Yaiba\Season 01\Demon Slayer - Kimetsu no Yaiba - S01E03 - Sabito and Makomo.mkv,episode,Demon Slayer: Kimetsu no Yaiba – Season 1 – Sabito and Makomo,unmatched,missing episode match metadata,,,,0
imdb://tt9913018,F:\MediaStack\data\media\tv\Demon Slayer - Kimetsu no Yaiba\Season 01\Demon Slayer - Kimetsu no Yaiba - S01E04 - Final Selection.mkv,episode,Demon Slayer: Kimetsu no Yaiba – Season 1 – Final Selection,unmatched,missing episode match metadata,,,,0
imdb://tt9913022,F:\MediaStack\data\media\tv\Demon Slayer - Kimetsu no Yaiba\Season 01\Demon Slayer - Kimetsu no Yaiba - S01E05 - My Own Steel.mkv,episode,Demon Slayer: Kimetsu no Yaiba – Season 1 – My Own Steel,unmatched,missing episode match metadata,,,,0
imdb://tt9913028,F:\MediaStack\data\media\tv\Demon Slayer - Kimetsu no Yaiba\Season 01\Demon Slayer - Kimetsu no Yaiba - S01E06 - Swordsman Accompanying a Demon.mkv,episode,Demon Slayer: Kimetsu no Yaiba – Season 1 – Swordsman Accompanying a Demon,unmatched,missing episode match metadata,,,,0
imdb://tt9913030,F:\MediaStack\data\media\tv\Demon Slayer - Kimetsu no Yaiba\Season 01\Demon Slayer - Kimetsu no Yaiba - S01E07 - Muzan Kibutsuji.mkv,episode,Demon Slayer: Kimetsu no Yaiba – Season 1 – Muzan Kibutsuji,unmatched,missing episode match metadata,,,,0
imdb://tt9913032,F:\MediaStack\data\media\tv\Demon Slayer - Kimetsu no Yaiba\Season 01\Demon Slayer - Kimetsu no Yaiba - S01E08 - The Smell of Enchanting Blood.mkv,episode,Demon Slayer: Kimetsu no Yaiba – Season 1 – The Smell of Enchanting Blood,unmatched,missing episode match metadata,,,,0
imdb://tt9913036,F:\MediaStack\data\media\tv\Demon Slayer - Kimetsu no Yaiba\Season 01\Demon Slayer - Kimetsu no Yaiba - S01E09 - Temari Demon and Arrow Demon.mkv,episode,Demon Slayer: Kimetsu no Yaiba – Season 1 – Temari Demon and Arrow Demon,unmatched,missing episode match metadata,,,,0
imdb://tt9913038,F:\MediaStack\data\media\tv\Demon Slayer - Kimetsu no Yaiba\Season 01\Demon Slayer - Kimetsu no Yaiba - S01E10 - Together Forever.mkv,episode,Demon Slayer: Kimetsu no Yaiba – Season 1 – Together Forever,unmatched,missing episode match metadata,,,,0
imdb://tt9913040,F:\MediaStack\data\media\tv\Demon Slayer - Kimetsu no Yaiba\Season 01\Demon Slayer - Kimetsu no Yaiba - S01E11 - Tsuzumi Mansion.mkv,episode,Demon Slayer: Kimetsu no Yaiba – Season 1 – Tsuzumi Mansion,unmatched,missing episode match metadata,,,,0
imdb://tt9913050,"F:\MediaStack\data\media\tv\Demon Slayer - Kimetsu no Yaiba\Season 01\Demon Slayer - Kimetsu no Yaiba - S01E12 - The Boar Bares Its Fangs, Zenitsu Sleeps.mkv",episode,"Demon Slayer: Kimetsu no Yaiba – Season 1 – The Boar Bares Its Fangs, Zenitsu Sleeps",unmatched,missing episode match metadata,,,,0
imdb://tt10346080,F:\MediaStack\data\media\tv\Demon Slayer - Kimetsu no Yaiba\Season 01\Demon Slayer - Kimetsu no Yaiba - S01E13 - Something More Important Than Life.mkv,episode,Demon Slayer: Kimetsu no Yaiba – Season 1 – Something More Important Than Life,unmatched,missing episode match metadata,,,,0
imdb://tt10433090,F:\MediaStack\data\media\tv\Demon Slayer - Kimetsu no Yaiba\Season 01\Demon Slayer - Kimetsu no Yaiba - S01E14 - The House With the Wisteria Family Crest.mkv,episode,Demon Slayer: Kimetsu no Yaiba – Season 1 – The House With the Wisteria Family Crest,unmatched,missing episode match metadata,,,,0
imdb://tt10433092,F:\MediaStack\data\media\tv\Demon Slayer - Kimetsu no Yaiba\Season 01\Demon Slayer - Kimetsu no Yaiba - S01E15 - Mount Natagumo.mkv,episode,Demon Slayer: Kimetsu no Yaiba – Season 1 – Mount Natagumo,unmatched,missing episode match metadata,,,,0
imdb://tt10433094,F:\MediaStack\data\media\tv\Demon Slayer - Kimetsu no Yaiba\Season 01\Demon Slayer - Kimetsu no Yaiba - S01E16 - Letting Someone Else Go First.mkv,episode,Demon Slayer: Kimetsu no Yaiba – Season 1 – Letting Someone Else Go First,unmatched,missing episode match metadata,,,,0
imdb://tt0947907,F:\MediaStack\data\media\tv\Death Note\Season 01\Death Note - S01E14 - Friend.mkv,episode,Death Note – Season 1 – Friend,unmatched,missing episode match metadata,,,,0
imdb://tt0947906,F:\MediaStack\data\media\tv\Death Note\Season 01\Death Note - S01E15 - Wager.mkv,episode,Death Note – Season 1 – Wager,unmatched,missing episode match metadata,,,,0
imdb://tt0950512,F:\MediaStack\data\media\tv\Death Note\Season 01\Death Note - S01E16 - Decision.mkv,episode,Death Note – Season 1 – Decision,unmatched,missing episode match metadata,,,,0
imdb://tt0950513,F:\MediaStack\data\media\tv\Death Note\Season 01\Death Note - S01E17 - Execution.mkv,episode,Death Note – Season 1 – Execution,unmatched,missing episode match metadata,,,,0
imdb://tt0954288,F:\MediaStack\data\media\tv\Death Note\Season 01\Death Note - S01E18 - Ally.mkv,episode,Death Note – Season 1 – Ally,unmatched,missing episode match metadata,,,,0
imdb://tt0961420,F:\MediaStack\data\media\tv\Death Note\Season 01\Death Note - S01E19 - Matsuda.mkv,episode,Death Note – Season 1 – Matsuda,unmatched,missing episode match metadata,,,,0
imdb://tt0966785,F:\MediaStack\data\media\tv\Death Note\Season 01\Death Note - S01E20 - Makeshift.mkv,episode,Death Note – Season 1 – Makeshift,unmatched,missing episode match metadata,,,,0
imdb://tt0972446,F:\MediaStack\data\media\tv\Death Note\Season 01\Death Note - S01E21 - Performance.mkv,episode,Death Note – Season 1 – Performance,unmatched,missing episode match metadata,,,,0
imdb://tt0972447,F:\MediaStack\data\media\tv\Death Note\Season 01\Death Note - S01E22 - Guidance.mkv,episode,Death Note – Season 1 – Guidance,unmatched,missing episode match metadata,,,,0
imdb://tt0983351,F:\MediaStack\data\media\tv\Death Note\Season 01\Death Note - S01E23 - Frenzy.mkv,episode,Death Note – Season 1 – Frenzy,unmatched,missing episode match metadata,,,,0
imdb://tt0990612,F:\MediaStack\data\media\tv\Death Note\Season 01\Death Note - S01E24 - Revival.mkv,episode,Death Note – Season 1 – Revival,unmatched,missing episode match metadata,,,,0
imdb://tt0990611,F:\MediaStack\data\media\tv\Death Note\Season 01\Death Note - S01E25 - Silence.mkv,episode,Death Note – Season 1 – Silence,unmatched,missing episode match metadata,,,,0
imdb://tt0990613,F:\MediaStack\data\media\tv\Death Note\Season 01\Death Note - S01E26 - Renewal.mkv,episode,Death Note – Season 1 – Renewal,unmatched,missing episode match metadata,,,,0
imdb://tt1007230,F:\MediaStack\data\media\tv\Death Note\Season 01\Death Note - S01E27 - Abduction.mkv,episode,Death Note – Season 1 – Abduction,unmatched,missing episode match metadata,,,,0
imdb://tt1010095,F:\MediaStack\data\media\tv\Death Note\Season 01\Death Note - S01E28 - Impatience.mkv,episode,Death Note – Season 1 – Impatience,unmatched,missing episode match metadata,,,,0
imdb://tt1021402,F:\MediaStack\data\media\tv\Death Note\Season 01\Death Note - S01E29 - Father.mkv,episode,Death Note – Season 1 – Father,unmatched,missing episode match metadata,,,,0
imdb://tt1021404,F:\MediaStack\data\media\tv\Death Note\Season 01\Death Note - S01E30 - Justice.mkv,episode,Death Note – Season 1 – Justice,unmatched,missing episode match metadata,,,,0
imdb://tt1021403,F:\MediaStack\data\media\tv\Death Note\Season 01\Death Note - S01E31 - Transfer.mkv,episode,Death Note – Season 1 – Transfer,unmatched,missing episode match metadata,,,,0
imdb://tt1029789,F:\MediaStack\data\media\tv\Death Note\Season 01\Death Note - S01E32 - Selection.mkv,episode,Death Note – Season 1 – Selection,unmatched,missing episode match metadata,,,,0
imdb://tt0618963,F:\MediaStack\data\media\tv\Cowboy Bebop\Season 01\Cowboy Bebop - S01E13 - Session #1 - Asteroid Blues.mkv,episode,Cowboy Bebop – Season 1 – Asteroid Blues,unmatched,missing episode match metadata,,,,0
imdb://tt0618968,F:\MediaStack\data\media\tv\Cowboy Bebop\Season 01\Cowboy Bebop - S01E14 - Session #4 - Gateway Shuffle.mkv,episode,Cowboy Bebop – Season 1 – Gateway Shuffle,unmatched,missing episode match metadata,,,,0
imdb://tt0618964,F:\MediaStack\data\media\tv\Cowboy Bebop\Season 01\Cowboy Bebop - S01E15 - Session #5 - Ballad of Fallen Angels.mkv,episode,Cowboy Bebop – Season 1 – Ballad of Fallen Angels,unmatched,missing episode match metadata,,,,0
imdb://tt0618979,F:\MediaStack\data\media\tv\Cowboy Bebop\Season 01\Cowboy Bebop - S01E16 - Session #6 - Sympathy for the Devil.mkv,episode,Cowboy Bebop – Season 1 – Sympathy for the Devil,unmatched,missing episode match metadata,,,,0
imdb://tt0824568,F:\MediaStack\data\media\tv\Cowboy Bebop\Season 01\Cowboy Bebop - S01E17 - Session #16 - Black Dog Serenade.mkv,episode,Cowboy Bebop – Season 1 – Black Dog Serenade,unmatched,missing episode match metadata,,,,0
imdb://tt0618974,F:\MediaStack\data\media\tv\Cowboy Bebop\Season 01\Cowboy Bebop - S01E18 - Session #17 - Mushroom Samba.mkv,episode,Cowboy Bebop – Season 1 – Mushroom Samba,unmatched,missing episode match metadata,,,,0
imdb://tt0822555,F:\MediaStack\data\media\tv\Cowboy Bebop\Season 01\Cowboy Bebop - S01E19 - Session #19 - Wild Horses.mkv,episode,Cowboy Bebop – Season 1 – Wild Horses,unmatched,missing episode match metadata,,,,0
imdb://tt0618976,F:\MediaStack\data\media\tv\Cowboy Bebop\Season 01\Cowboy Bebop - S01E20 - Session #20 - Pierrot Le Fou.mkv,episode,Cowboy Bebop – Season 1 – Pierrot Le Fou,unmatched,missing episode match metadata,,,,0
imdb://tt0822553,F:\MediaStack\data\media\tv\Cowboy Bebop\Season 01\Cowboy Bebop - S01E21 - Session #21 - Boogie Woogie Feng Shui.mkv,episode,Cowboy Bebop – Season 1 – Boogie Woogie Feng Shui,unmatched,missing episode match metadata,,,,0
imdb://tt0618966,F:\MediaStack\data\media\tv\Cowboy Bebop\Season 01\Cowboy Bebop - S01E22 - Session #22 - Cowboy Funk.mkv,episode,Cowboy Bebop – Season 1 – Cowboy Funk,unmatched,missing episode match metadata,,,,0
imdb://tt0618965,F:\MediaStack\data\media\tv\Cowboy Bebop\Season 01\Cowboy Bebop - S01E23 - Session #23 - Brain Scratch.mkv,episode,Cowboy Bebop – Season 1 – Brain Scratch,unmatched,missing episode match metadata,,,,0
imdb://tt0618969,F:\MediaStack\data\media\tv\Cowboy Bebop\Season 01\Cowboy Bebop - S01E24 - Session #24 - Hard Luck Woman.mkv,episode,Cowboy Bebop – Season 1 – Hard Luck Woman,unmatched,missing episode match metadata,,,,0
imdb://tt0766181,F:\MediaStack\data\media\tv\Cowboy Bebop\Season 01\Cowboy Bebop - S01E25 - Session #25 - The Real Folk Blues (1).mkv,episode,Cowboy Bebop – Season 1 – The Real Folk Blues (1),unmatched,missing episode match metadata,,,,0
imdb://tt0618980,F:\MediaStack\data\media\tv\Cowboy Bebop\Season 01\Cowboy Bebop - S01E26 - Session #26 - The Real Folk Blues (2).mkv,episode,Cowboy Bebop – Season 1 – The Real Folk Blues (2),unmatched,missing episode match metadata,,,,0
imdb://tt0885243,F:\MediaStack\data\media\tv\Death Note\Season 01\Death Note - S01E01 - Rebirth.mkv,episode,Death Note – Season 1 – Rebirth,unmatched,missing episode match metadata,,,,0
imdb://tt0900488,F:\MediaStack\data\media\tv\Death Note\Season 01\Death Note - S01E02 - Confrontation.mkv,episode,Death Note – Season 1 – Confrontation,unmatched,missing episode match metadata,,,,0
imdb://tt0909466,F:\MediaStack\data\media\tv\Death Note\Season 01\Death Note - S01E03 - Dealings.mkv,episode,Death Note – Season 1 – Dealings,unmatched,missing episode match metadata,,,,0
imdb://tt0901528,F:\MediaStack\data\media\tv\Death Note\Season 01\Death Note - S01E04 - Pursuit.mkv,episode,Death Note – Season 1 – Pursuit,unmatched,missing episode match metadata,,,,0
imdb://tt0903684,F:\MediaStack\data\media\tv\Death Note\Season 01\Death Note - S01E05 - Tactics.mkv,episode,Death Note – Season 1 – Tactics,unmatched,missing episode match metadata,,,,0
imdb://tt0905451,F:\MediaStack\data\media\tv\Death Note\Season 01\Death Note - S01E06 - Unraveling.mkv,episode,Death Note – Season 1 – Unraveling,unmatched,missing episode match metadata,,,,0
imdb://tt0919367,F:\MediaStack\data\media\tv\Death Note\Season 01\Death Note - S01E07 - Overcast.mkv,episode,Death Note – Season 1 – Overcast,unmatched,missing episode match metadata,,,,0
imdb://tt0919369,F:\MediaStack\data\media\tv\Death Note\Season 01\Death Note - S01E08 - Glare.mkv,episode,Death Note – Season 1 – Glare,unmatched,missing episode match metadata,,,,0
imdb://tt0919370,F:\MediaStack\data\media\tv\Death Note\Season 01\Death Note - S01E09 - Encounter.mkv,episode,Death Note – Season 1 – Encounter,unmatched,missing episode match metadata,,,,0
imdb://tt0919368,F:\MediaStack\data\media\tv\Death Note\Season 01\Death Note - S01E10 - Doubt.mkv,episode,Death Note – Season 1 – Doubt,unmatched,missing episode match metadata,,,,0
imdb://tt0919371,F:\MediaStack\data\media\tv\Death Note\Season 01\Death Note - S01E11 - Assault.mkv,episode,Death Note – Season 1 – Assault,unmatched,missing episode match metadata,,,,0
imdb://tt0924022,F:\MediaStack\data\media\tv\Death Note\Season 01\Death Note - S01E12 - Love.mkv,episode,Death Note – Season 1 – Love,unmatched,missing episode match metadata,,,,0
imdb://tt0924023,F:\MediaStack\data\media\tv\Death Note\Season 01\Death Note - S01E13 - Confession.mkv,episode,Death Note – Season 1 – Confession,unmatched,missing episode match metadata,,,,0
imdb://tt23055240,F:\MediaStack\data\media\tv\Chainsaw Man\Season 01\Chainsaw Man - S01E04 - RESCUE.mkv,episode,Chainsaw Man – Season 1 – RESCUE,unmatched,missing episode match metadata,,,,0
imdb://tt23475664,F:\MediaStack\data\media\tv\Chainsaw Man\Season 01\Chainsaw Man - S01E05 - GUN DEVIL.mkv,episode,Chainsaw Man – Season 1 – GUN DEVIL,unmatched,missing episode match metadata,,,,0
imdb://tt23650588,F:\MediaStack\data\media\tv\Chainsaw Man\Season 01\Chainsaw Man - S01E06 - KILL DENJI.mkv,episode,Chainsaw Man – Season 1 – KILL DENJI,unmatched,missing episode match metadata,,,,0
imdb://tt23779658,F:\MediaStack\data\media\tv\Chainsaw Man\Season 01\Chainsaw Man - S01E07 - THE TASTE OF A KISS.mkv,episode,Chainsaw Man – Season 1 – THE TASTE OF A KISS,unmatched,missing episode match metadata,,,,0
imdb://tt23854592,F:\MediaStack\data\media\tv\Chainsaw Man\Season 01\Chainsaw Man - S01E08 - GUNFIRE.mkv,episode,Chainsaw Man – Season 1 – GUNFIRE,unmatched,missing episode match metadata,,,,0
imdb://tt24058952,F:\MediaStack\data\media\tv\Chainsaw Man\Season 01\Chainsaw Man - S01E09 - FROM KYOTO.mkv,episode,Chainsaw Man – Season 1 – FROM KYOTO,unmatched,missing episode match metadata,,,,0
imdb://tt24250910,F:\MediaStack\data\media\tv\Chainsaw Man\Season 01\Chainsaw Man - S01E10 - BRUISED & BATTERED.mkv,episode,Chainsaw Man – Season 1 – BRUISED & BATTERED,unmatched,missing episode match metadata,,,,0
imdb://tt24438368,F:\MediaStack\data\media\tv\Chainsaw Man\Season 01\Chainsaw Man - S01E11 - MISSION START.mkv,episode,Chainsaw Man – Season 1 – MISSION START,unmatched,missing episode match metadata,,,,0
imdb://tt24438514,F:\MediaStack\data\media\tv\Chainsaw Man\Season 01\Chainsaw Man - S01E12 - KATANA VS. CHAINSAW.mkv,episode,Chainsaw Man – Season 1 – KATANA VS. CHAINSAW,unmatched,missing episode match metadata,,,,0
imdb://tt0618978,F:\MediaStack\data\media\tv\Cowboy Bebop\Season 01\Cowboy Bebop - S01E01 - Session #2 - Stray Dog Strut.mkv,episode,Cowboy Bebop – Season 1 – Stray Dog Strut,unmatched,missing episode match metadata,,,,0
imdb://tt0618971,F:\MediaStack\data\media\tv\Cowboy Bebop\Season 01\Cowboy Bebop - S01E02 - Session #3 - Honky Tonk Women.mkv,episode,Cowboy Bebop – Season 1 – Honky Tonk Women,unmatched,missing episode match metadata,,,,0
imdb://tt0618970,F:\MediaStack\data\media\tv\Cowboy Bebop\Season 01\Cowboy Bebop - S01E03 - Session #7 - Heavy Metal Queen.mkv,episode,Cowboy Bebop – Season 1 – Heavy Metal Queen,unmatched,missing episode match metadata,,,,0
imdb://tt0618981,F:\MediaStack\data\media\tv\Cowboy Bebop\Season 01\Cowboy Bebop - S01E04 - Session #8 - Waltz for Venus.mkv,episode,Cowboy Bebop – Season 1 – Waltz for Venus,unmatched,missing episode match metadata,,,,0
imdb://tt0618972,F:\MediaStack\data\media\tv\Cowboy Bebop\Season 01\Cowboy Bebop - S01E05 - Session #9 - Jamming with Edward.mkv,episode,Cowboy Bebop – Season 1 – Jamming with Edward,unmatched,missing episode match metadata,,,,0
imdb://tt0618967,F:\MediaStack\data\media\tv\Cowboy Bebop\Season 01\Cowboy Bebop - S01E06 - Session #10 - Ganymede Elegy.mkv,episode,Cowboy Bebop – Season 1 – Ganymede Elegy,unmatched,missing episode match metadata,,,,0
imdb://tt0822554,F:\MediaStack\data\media\tv\Cowboy Bebop\Season 01\Cowboy Bebop - S01E07 - Session #11 - Toys in the Attic.mkv,episode,Cowboy Bebop – Season 1 – Toys in the Attic,unmatched,missing episode match metadata,,,,0
imdb://tt0618973,F:\MediaStack\data\media\tv\Cowboy Bebop\Season 01\Cowboy Bebop - S01E08 - Session #12 - Jupiter Jazz (1).mkv,episode,Cowboy Bebop – Season 1 – Jupiter Jazz (1),unmatched,missing episode match metadata,,,,0
tmdb://750958,F:\MediaStack\data\media\tv\Cowboy Bebop\Season 01\Cowboy Bebop - S01E09 - Session #13 - Jupiter Jazz (2).mkv,episode,Cowboy Bebop – Season 1 – Jupiter Jazz (2),unmatched,missing episode match metadata,,,,0
imdb://tt0822552,F:\MediaStack\data\media\tv\Cowboy Bebop\Season 01\Cowboy Bebop - S01E10 - Session #14 - Bohemian Rhapsody.mkv,episode,Cowboy Bebop – Season 1 – Bohemian Rhapsody,unmatched,missing episode match metadata,,,,0
imdb://tt0618975,F:\MediaStack\data\media\tv\Cowboy Bebop\Season 01\Cowboy Bebop - S01E11 - Session #15 - My Funny Valentine.mkv,episode,Cowboy Bebop – Season 1 – My Funny Valentine,unmatched,missing episode match metadata,,,,0
imdb://tt0618977,F:\MediaStack\data\media\tv\Cowboy Bebop\Season 01\Cowboy Bebop - S01E12 - Session #18 - Speak Like a Child.mkv,episode,Cowboy Bebop – Season 1 – Speak Like a Child,unmatched,missing episode match metadata,,,,0
imdb://tt19432956,F:\MediaStack\data\media\tv\The Blacklist\Season 09\The Blacklist - S09E20 - Caelum Bank.mkv,episode,The Blacklist – Season 9 – Caelum Bank,unmatched,missing episode match metadata,,,,0
imdb://tt19432958,F:\MediaStack\data\media\tv\The Blacklist\Season 09\The Blacklist - S09E21 - Marvin Gerard - Conclusion (1).mkv,episode,The Blacklist – Season 9 – Marvin Gerard: Conclusion (1),unmatched,missing episode match metadata,,,,0
imdb://tt19432962,F:\MediaStack\data\media\tv\The Blacklist\Season 09\The Blacklist - S09E22 - Marvin Gerard - Conclusion (2).mkv,episode,The Blacklist – Season 9 – Marvin Gerard: Conclusion (2),unmatched,missing episode match metadata,,,,0
imdb://tt18307976,F:\MediaStack\data\media\tv\The Blacklist\Season 10\The Blacklist - S10E01 - The Night Owl.mkv,episode,The Blacklist – Season 10 – The Night Owl,unmatched,missing episode match metadata,,,,0
imdb://tt22466148,F:\MediaStack\data\media\tv\The Blacklist\Season 10\The Blacklist - S10E02 - The Whaler.mkv,episode,The Blacklist – Season 10 – The Whaler,unmatched,missing episode match metadata,,,,0
imdb://tt26593667,F:\MediaStack\data\media\tv\The Blacklist\Season 10\The Blacklist - S10E03 - The Four Guns.mkv,episode,The Blacklist – Season 10 – The Four Guns,unmatched,missing episode match metadata,,,,0
imdb://tt26593672,F:\MediaStack\data\media\tv\The Blacklist\Season 10\The Blacklist - S10E04 - The Hyena.mkv,episode,The Blacklist – Season 10 – The Hyena,unmatched,missing episode match metadata,,,,0
imdb://tt26939676,F:\MediaStack\data\media\tv\The Blacklist\Season 10\The Blacklist - S10E05 - The Dockery Affair.mkv,episode,The Blacklist – Season 10 – The Dockery Affair,unmatched,missing episode match metadata,,,,0
imdb://tt26941487,F:\MediaStack\data\media\tv\The Blacklist\Season 10\The Blacklist - S10E06 - Dr. Laken Perillos - Conclusion.mkv,episode,The Blacklist – Season 10 – Dr. Laken Perillos: Conclusion,unmatched,missing episode match metadata,,,,0
imdb://tt26969214,F:\MediaStack\data\media\tv\The Blacklist\Season 10\The Blacklist - S10E07 - The Freelancer (2).mkv,episode,The Blacklist – Season 10 – The Freelancer (2),unmatched,missing episode match metadata,,,,0
imdb://tt27009880,F:\MediaStack\data\media\tv\The Blacklist\Season 10\The Blacklist - S10E08 - The Troll Farmer (2).mkv,episode,The Blacklist – Season 10 – The Troll Farmer (2),unmatched,missing episode match metadata,,,,0
imdb://tt27010079,F:\MediaStack\data\media\tv\The Blacklist\Season 10\The Blacklist - S10E09 - The Troll Farmer (3).mkv,episode,The Blacklist – Season 10 – The Troll Farmer (3),unmatched,missing episode match metadata,,,,0
imdb://tt27010844,F:\MediaStack\data\media\tv\The Blacklist\Season 10\The Blacklist - S10E10 - The Postman.mkv,episode,The Blacklist – Season 10 – The Postman,unmatched,missing episode match metadata,,,,0
imdb://tt27125987,F:\MediaStack\data\media\tv\The Blacklist\Season 10\The Blacklist - S10E11 - The Man in the Hat.mkv,episode,The Blacklist – Season 10 – The Man in the Hat,unmatched,missing episode match metadata,,,,0
imdb://tt27495169,F:\MediaStack\data\media\tv\The Blacklist\Season 10\The Blacklist - S10E12 - Dr. Michael Abani.mkv,episode,The Blacklist – Season 10 – Dr. Michael Abani,unmatched,missing episode match metadata,,,,0
imdb://tt27578308,F:\MediaStack\data\media\tv\The Blacklist\Season 10\The Blacklist - S10E13 - The Sicilian Error of Color.mkv,episode,The Blacklist – Season 10 – The Sicilian Error of Color,unmatched,missing episode match metadata,,,,0
imdb://tt27587550,F:\MediaStack\data\media\tv\The Blacklist\Season 10\The Blacklist - S10E14 - The Nowhere Bride.mkv,episode,The Blacklist – Season 10 – The Nowhere Bride,unmatched,missing episode match metadata,,,,0
imdb://tt27588738,F:\MediaStack\data\media\tv\The Blacklist\Season 10\The Blacklist - S10E15 - The Hat Trick.mkv,episode,The Blacklist – Season 10 – The Hat Trick,unmatched,missing episode match metadata,,,,0
imdb://tt27588745,F:\MediaStack\data\media\tv\The Blacklist\Season 10\The Blacklist - S10E16 - Blair Foster.mkv,episode,The Blacklist – Season 10 – Blair Foster,unmatched,missing episode match metadata,,,,0
imdb://tt27588747,F:\MediaStack\data\media\tv\The Blacklist\Season 10\The Blacklist - S10E17 - The Morgana Logistics Corporation.mkv,episode,The Blacklist – Season 10 – The Morgana Logistics Corporation,unmatched,missing episode match metadata,,,,0
imdb://tt27588751,F:\MediaStack\data\media\tv\The Blacklist\Season 10\The Blacklist - S10E18 - Wormwood.mkv,episode,The Blacklist – Season 10 – Wormwood,unmatched,missing episode match metadata,,,,0
imdb://tt27588755,F:\MediaStack\data\media\tv\The Blacklist\Season 10\The Blacklist - S10E19 - Room 417.mkv,episode,The Blacklist – Season 10 – Room 417,unmatched,missing episode match metadata,,,,0
imdb://tt27588761,F:\MediaStack\data\media\tv\The Blacklist\Season 10\The Blacklist - S10E20 - Arthur Hudson.mkv,episode,The Blacklist – Season 10 – Arthur Hudson,unmatched,missing episode match metadata,,,,0
imdb://tt27588764,F:\MediaStack\data\media\tv\The Blacklist\Season 10\The Blacklist - S10E21 - Raymond Reddington (1).mkv,episode,The Blacklist – Season 10 – Raymond Reddington (1),unmatched,missing episode match metadata,,,,0
imdb://tt27588765,F:\MediaStack\data\media\tv\The Blacklist\Season 10\The Blacklist - S10E22 - Raymond Reddington - Good Night (2).mkv,episode,The Blacklist – Season 10 – Raymond Reddington: Good Night (2),unmatched,missing episode match metadata,,,,0
imdb://tt15190820,F:\MediaStack\data\media\tv\Chainsaw Man\Season 01\Chainsaw Man - S01E01 - DOG & CHAINSAW.mkv,episode,Chainsaw Man – Season 1 – DOG & CHAINSAW,unmatched,missing episode match metadata,,,,0
imdb://tt17324012,F:\MediaStack\data\media\tv\Chainsaw Man\Season 01\Chainsaw Man - S01E02 - ARRIVAL IN TOKYO.mkv,episode,Chainsaw Man – Season 1 – ARRIVAL IN TOKYO,unmatched,missing episode match metadata,,,,0
imdb://tt23018132,F:\MediaStack\data\media\tv\Chainsaw Man\Season 01\Chainsaw Man - S01E03 - MEOWY'S WHEREABOUTS.mkv,episode,Chainsaw Man – Season 1 – MEOWY'S WHEREABOUTS,unmatched,missing episode match metadata,,,,0
imdb://tt14497992,F:\MediaStack\data\media\tv\The Blacklist\Season 08\The Blacklist - S08E16 - Nicholas Obenrader.mkv,episode,The Blacklist – Season 8 – Nicholas Obenrader,unmatched,missing episode match metadata,,,,0
imdb://tt14532462,F:\MediaStack\data\media\tv\The Blacklist\Season 08\The Blacklist - S08E17 - Ivan Stepanov.mkv,episode,The Blacklist – Season 8 – Ivan Stepanov,unmatched,missing episode match metadata,,,,0
imdb://tt14588114,F:\MediaStack\data\media\tv\The Blacklist\Season 08\The Blacklist - S08E18 - The Protean.mkv,episode,The Blacklist – Season 8 – The Protean,unmatched,missing episode match metadata,,,,0
imdb://tt14613082,F:\MediaStack\data\media\tv\The Blacklist\Season 08\The Blacklist - S08E19 - Balthazar 'Bino' Baker.mkv,episode,"The Blacklist – Season 8 – Balthazar ""Bino"" Baker",unmatched,missing episode match metadata,,,,0
imdb://tt14702260,F:\MediaStack\data\media\tv\The Blacklist\Season 08\The Blacklist - S08E20 - Godwin Page.mkv,episode,The Blacklist – Season 8 – Godwin Page,unmatched,missing episode match metadata,,,,0
imdb://tt14780740,F:\MediaStack\data\media\tv\The Blacklist\Season 08\The Blacklist - S08E21 - Nachalo.mkv,episode,The Blacklist – Season 8 – Nachalo,unmatched,missing episode match metadata,,,,0
imdb://tt14786744,F:\MediaStack\data\media\tv\The Blacklist\Season 08\The Blacklist - S08E22 - Konets.mkv,episode,The Blacklist – Season 8 – Konets,unmatched,missing episode match metadata,,,,0
imdb://tt13983590,F:\MediaStack\data\media\tv\The Blacklist\Season 09\The Blacklist - S09E01 - The Skinner.mkv,episode,The Blacklist – Season 9 – The Skinner (1),unmatched,missing episode match metadata,,,,0
imdb://tt15403598,F:\MediaStack\data\media\tv\The Blacklist\Season 09\The Blacklist - S09E02 - The Skinner - Conclusion.mkv,episode,The Blacklist – Season 9 – The Skinner: Conclusion (2),unmatched,missing episode match metadata,,,,0
imdb://tt15550568,F:\MediaStack\data\media\tv\The Blacklist\Season 09\The Blacklist - S09E03 - The SPK.mkv,episode,The Blacklist – Season 9 – The SPK,unmatched,missing episode match metadata,,,,0
imdb://tt15797046,F:\MediaStack\data\media\tv\The Blacklist\Season 09\The Blacklist - S09E04 - The Avenging Angel.mkv,episode,The Blacklist – Season 9 – The Avenging Angel,unmatched,missing episode match metadata,,,,0
imdb://tt16022762,F:\MediaStack\data\media\tv\The Blacklist\Season 09\The Blacklist - S09E05 - Benjamin T. Okara.mkv,episode,The Blacklist – Season 9 – Benjamin T. Okara,unmatched,missing episode match metadata,,,,0
imdb://tt16156598,"F:\MediaStack\data\media\tv\The Blacklist\Season 09\The Blacklist - S09E06 - Dr. Roberta Sand, Ph.D.mkv",episode,"The Blacklist – Season 9 – Dr. Roberta Sand, Ph.D.",unmatched,missing episode match metadata,,,,0
imdb://tt16300980,F:\MediaStack\data\media\tv\The Blacklist\Season 09\The Blacklist - S09E07 - Between Sleep and Awake.mkv,episode,The Blacklist – Season 9 – Between Sleep and Awake,unmatched,missing episode match metadata,,,,0
imdb://tt16152146,F:\MediaStack\data\media\tv\The Blacklist\Season 09\The Blacklist - S09E08 - Dr. Razmik Meier.mkv,episode,The Blacklist – Season 9 – Dr. Razmik Maier,unmatched,missing episode match metadata,,,,0
imdb://tt16970602,F:\MediaStack\data\media\tv\The Blacklist\Season 09\The Blacklist - S09E09 - Boukman Baptiste.mkv,episode,The Blacklist – Season 9 – Boukman Baptiste,unmatched,missing episode match metadata,,,,0
imdb://tt17291296,F:\MediaStack\data\media\tv\The Blacklist\Season 09\The Blacklist - S09E10 - Arcane Wireless.mkv,episode,The Blacklist – Season 9 – Arcane Wireless,unmatched,missing episode match metadata,,,,0
imdb://tt18285230,F:\MediaStack\data\media\tv\The Blacklist\Season 09\The Blacklist - S09E11 - The Conglomerate.mkv,episode,The Blacklist – Season 9 – The Conglomerate,unmatched,missing episode match metadata,,,,0
imdb://tt18412792,F:\MediaStack\data\media\tv\The Blacklist\Season 09\The Blacklist - S09E12 - The Chairman.mkv,episode,The Blacklist – Season 9 – The Chairman,unmatched,missing episode match metadata,,,,0
imdb://tt18547182,"F:\MediaStack\data\media\tv\The Blacklist\Season 09\The Blacklist - S09E13 - Genuine Models, Inc.mkv",episode,"The Blacklist – Season 9 – Genuine Models, Inc.",unmatched,missing episode match metadata,,,,0
imdb://tt18884452,F:\MediaStack\data\media\tv\The Blacklist\Season 09\The Blacklist - S09E14 - Eva Mason.mkv,episode,The Blacklist – Season 9 – Eva Mason,unmatched,missing episode match metadata,,,,0
imdb://tt19071728,F:\MediaStack\data\media\tv\The Blacklist\Season 09\The Blacklist - S09E15 - Andrew Kennison.mkv,episode,The Blacklist – Season 9 – Andrew Kennison,unmatched,missing episode match metadata,,,,0
imdb://tt19071734,F:\MediaStack\data\media\tv\The Blacklist\Season 09\The Blacklist - S09E16 - Helen Maghi.mkv,episode,The Blacklist – Season 9 – Helen Maghi,unmatched,missing episode match metadata,,,,0
imdb://tt19071738,F:\MediaStack\data\media\tv\The Blacklist\Season 09\The Blacklist - S09E17 - El Conejo.mkv,episode,The Blacklist – Season 9 – El Conejo,unmatched,missing episode match metadata,,,,0
imdb://tt19071740,F:\MediaStack\data\media\tv\The Blacklist\Season 09\The Blacklist - S09E18 - Laszlo Jankowics.mkv,episode,The Blacklist – Season 9 – Laszlo Jankowics,unmatched,missing episode match metadata,,,,0
imdb://tt19432954,F:\MediaStack\data\media\tv\The Blacklist\Season 09\The Blacklist - S09E19 - The Bear Mask.mkv,episode,The Blacklist – Season 9 – The Bear Mask,unmatched,missing episode match metadata,,,,0
imdb://tt11146876,F:\MediaStack\data\media\tv\The Blacklist\Season 07\The Blacklist - S07E08 - The Hawaladar.mkv,episode,The Blacklist – Season 7 – The Hawaladar,unmatched,missing episode match metadata,,,,0
imdb://tt11251968,F:\MediaStack\data\media\tv\The Blacklist\Season 07\The Blacklist - S07E09 - Orion Relocation Services.mkv,episode,The Blacklist – Season 7 – Orion Relocation Services,unmatched,missing episode match metadata,,,,0
imdb://tt11251970,F:\MediaStack\data\media\tv\The Blacklist\Season 07\The Blacklist - S07E10 - Katarina Rostova.mkv,episode,The Blacklist – Season 7 – Katarina Rostova,unmatched,missing episode match metadata,,,,0
imdb://tt11316574,F:\MediaStack\data\media\tv\The Blacklist\Season 07\The Blacklist - S07E11 - Victoria Fenberg.mkv,episode,The Blacklist – Season 7 – Victoria Fenberg,unmatched,missing episode match metadata,,,,0
imdb://tt11796430,F:\MediaStack\data\media\tv\The Blacklist\Season 07\The Blacklist - S07E12 - Cornelius Ruck.mkv,episode,The Blacklist – Season 7 – Cornelius Ruck,unmatched,missing episode match metadata,,,,0
imdb://tt11796500,F:\MediaStack\data\media\tv\The Blacklist\Season 07\The Blacklist - S07E13 - Newton Purcell.mkv,episode,The Blacklist – Season 7 – Newton Purcell,unmatched,missing episode match metadata,,,,0
imdb://tt11798946,F:\MediaStack\data\media\tv\The Blacklist\Season 07\The Blacklist - S07E14 - Twamie Ullulaq.mkv,episode,The Blacklist – Season 7 – Twamie Ullulaq,unmatched,missing episode match metadata,,,,0
imdb://tt11800876,F:\MediaStack\data\media\tv\The Blacklist\Season 07\The Blacklist - S07E15 - Gordon Kemp.mkv,episode,The Blacklist – Season 7 – Gordon Kemp,unmatched,missing episode match metadata,,,,0
imdb://tt11783890,F:\MediaStack\data\media\tv\The Blacklist\Season 07\The Blacklist - S07E16 - Nyle Hatcher.mkv,episode,The Blacklist – Season 7 – Nyle Hatcher,unmatched,missing episode match metadata,,,,0
imdb://tt11861036,F:\MediaStack\data\media\tv\The Blacklist\Season 07\The Blacklist - S07E17 - Brothers.mkv,episode,The Blacklist – Season 7 – Brothers,unmatched,missing episode match metadata,,,,0
imdb://tt11945940,F:\MediaStack\data\media\tv\The Blacklist\Season 07\The Blacklist - S07E18 - Roy Cain.mkv,episode,The Blacklist – Season 7 – Roy Cain,unmatched,missing episode match metadata,,,,0
imdb://tt12094734,F:\MediaStack\data\media\tv\The Blacklist\Season 07\The Blacklist - S07E19 - The Kazanjian Brothers.mkv,episode,The Blacklist – Season 7 – The Kazanjian Brothers,unmatched,missing episode match metadata,,,,0
imdb://tt11825262,F:\MediaStack\data\media\tv\The Blacklist\Season 08\The Blacklist - S08E01 - Roanoke.mkv,episode,The Blacklist – Season 8 – Roanoke,unmatched,missing episode match metadata,,,,0
imdb://tt13310840,F:\MediaStack\data\media\tv\The Blacklist\Season 08\The Blacklist - S08E02 - Katarina Rostova - Conclusion.mkv,episode,The Blacklist – Season 8 – Katarina Rostova: Conclusion,unmatched,missing episode match metadata,,,,0
imdb://tt13434420,F:\MediaStack\data\media\tv\The Blacklist\Season 08\The Blacklist - S08E03 - 16 Ounces.mkv,episode,The Blacklist – Season 8 – 16 Ounces,unmatched,missing episode match metadata,,,,0
imdb://tt13592110,F:\MediaStack\data\media\tv\The Blacklist\Season 08\The Blacklist - S08E04 - Elizabeth Keen.mkv,episode,The Blacklist – Season 8 – Elizabeth Keen,unmatched,missing episode match metadata,,,,0
imdb://tt13586364,F:\MediaStack\data\media\tv\The Blacklist\Season 08\The Blacklist - S08E05 - The Fribourg Confidence.mkv,episode,The Blacklist – Season 8 – The Fribourg Confidence,unmatched,missing episode match metadata,,,,0
imdb://tt13666844,F:\MediaStack\data\media\tv\The Blacklist\Season 08\The Blacklist - S08E06 - The Wellstone Agency.mkv,episode,The Blacklist – Season 8 – The Wellstone Agency,unmatched,missing episode match metadata,,,,0
imdb://tt13856360,F:\MediaStack\data\media\tv\The Blacklist\Season 08\The Blacklist - S08E07 - Chemical Mary.mkv,episode,The Blacklist – Season 8 – Chemical Mary,unmatched,missing episode match metadata,,,,0
imdb://tt13848578,F:\MediaStack\data\media\tv\The Blacklist\Season 08\The Blacklist - S08E08 - Ogden Greeley.mkv,episode,The Blacklist – Season 8 – Ogden Greeley,unmatched,missing episode match metadata,,,,0
imdb://tt14071404,F:\MediaStack\data\media\tv\The Blacklist\Season 08\The Blacklist - S08E09 - The Cyranoid.mkv,episode,The Blacklist – Season 8 – The Cyranoid,unmatched,missing episode match metadata,,,,0
imdb://tt14088742,F:\MediaStack\data\media\tv\The Blacklist\Season 08\The Blacklist - S08E10 - Dr. Laken Perillos.mkv,episode,The Blacklist – Season 8 – Dr. Laken Perillos,unmatched,missing episode match metadata,,,,0
imdb://tt14078316,F:\MediaStack\data\media\tv\The Blacklist\Season 08\The Blacklist - S08E11 - Captain Kidd.mkv,episode,The Blacklist – Season 8 – Captain Kidd,unmatched,missing episode match metadata,,,,0
imdb://tt14251014,F:\MediaStack\data\media\tv\The Blacklist\Season 08\The Blacklist - S08E12 - Rakitin.mkv,episode,The Blacklist – Season 8 – Rakitin,unmatched,missing episode match metadata,,,,0
imdb://tt14351420,F:\MediaStack\data\media\tv\The Blacklist\Season 08\The Blacklist - S08E13 - Anne.mkv,episode,The Blacklist – Season 8 – Anne,unmatched,missing episode match metadata,,,,0
imdb://tt14396554,F:\MediaStack\data\media\tv\The Blacklist\Season 08\The Blacklist - S08E14 - Misère.mkv,episode,The Blacklist – Season 8 – Misère,unmatched,missing episode match metadata,,,,0
imdb://tt14450768,F:\MediaStack\data\media\tv\The Blacklist\Season 08\The Blacklist - S08E15 - The Russian Knot.mkv,episode,The Blacklist – Season 8 – The Russian Knot,unmatched,missing episode match metadata,,,,0
imdb://tt9083080,F:\MediaStack\data\media\tv\The Blacklist\Season 06\The Blacklist - S06E07 - General Shiro.mkv,episode,The Blacklist – Season 6 – General Shiro,unmatched,missing episode match metadata,,,,0
imdb://tt9159714,F:\MediaStack\data\media\tv\The Blacklist\Season 06\The Blacklist - S06E08 - Marko Jankowics.mkv,episode,The Blacklist – Season 6 – Marko Jankowics,unmatched,missing episode match metadata,,,,0
imdb://tt9179086,F:\MediaStack\data\media\tv\The Blacklist\Season 06\The Blacklist - S06E09 - Minister D.mkv,episode,The Blacklist – Season 6 – Minister D,unmatched,missing episode match metadata,,,,0
imdb://tt9261262,F:\MediaStack\data\media\tv\The Blacklist\Season 06\The Blacklist - S06E10 - The Cryptobanker.mkv,episode,The Blacklist – Season 6 – The Cryptobanker,unmatched,missing episode match metadata,,,,0
imdb://tt9261270,F:\MediaStack\data\media\tv\The Blacklist\Season 06\The Blacklist - S06E11 - Bastien Moreau.mkv,episode,The Blacklist – Season 6 – Bastien Moreau (1),unmatched,missing episode match metadata,,,,0
imdb://tt9261276,F:\MediaStack\data\media\tv\The Blacklist\Season 06\The Blacklist - S06E12 - Bastien Moreau - Conclusion.mkv,episode,The Blacklist – Season 6 – Bastien Moreau: Conclusion (2),unmatched,missing episode match metadata,,,,0
imdb://tt9261280,F:\MediaStack\data\media\tv\The Blacklist\Season 06\The Blacklist - S06E13 - Robert Vesco.mkv,episode,The Blacklist – Season 6 – Robert Vesco,unmatched,missing episode match metadata,,,,0
imdb://tt9261282,F:\MediaStack\data\media\tv\The Blacklist\Season 06\The Blacklist - S06E14 - The Osterman Umbrella Company.mkv,episode,The Blacklist – Season 6 – The Osterman Umbrella Company,unmatched,missing episode match metadata,,,,0
imdb://tt9262958,F:\MediaStack\data\media\tv\The Blacklist\Season 06\The Blacklist - S06E15 - Olivia Olson.mkv,episode,The Blacklist – Season 6 – Olivia Olson,unmatched,missing episode match metadata,,,,0
imdb://tt9263022,F:\MediaStack\data\media\tv\The Blacklist\Season 06\The Blacklist - S06E16 - Lady Luck.mkv,episode,The Blacklist – Season 6 – Lady Luck,unmatched,missing episode match metadata,,,,0
imdb://tt9664006,F:\MediaStack\data\media\tv\The Blacklist\Season 06\The Blacklist - S06E17 - The Third Estate.mkv,episode,The Blacklist – Season 6 – The Third Estate,unmatched,missing episode match metadata,,,,0
imdb://tt9664014,F:\MediaStack\data\media\tv\The Blacklist\Season 06\The Blacklist - S06E18 - The Brockton College Killer.mkv,episode,The Blacklist – Season 6 – The Brockton College Killer,unmatched,missing episode match metadata,,,,0
imdb://tt9664012,F:\MediaStack\data\media\tv\The Blacklist\Season 06\The Blacklist - S06E19 - Rassvet.mkv,episode,The Blacklist – Season 6 – Rassvet,unmatched,missing episode match metadata,,,,0
imdb://tt9664020,F:\MediaStack\data\media\tv\The Blacklist\Season 06\The Blacklist - S06E20 - Guillermo Rizal.mkv,episode,The Blacklist – Season 6 – Guillermo Rizal,unmatched,missing episode match metadata,,,,0
imdb://tt9664022,F:\MediaStack\data\media\tv\The Blacklist\Season 06\The Blacklist - S06E21 - Anna McMahon.mkv,episode,The Blacklist – Season 6 – Anna McMahon,unmatched,missing episode match metadata,,,,0
imdb://tt9664024,F:\MediaStack\data\media\tv\The Blacklist\Season 06\The Blacklist - S06E22 - Robert Diaz.mkv,episode,The Blacklist – Season 6 – Robert Diaz,unmatched,missing episode match metadata,,,,0
imdb://tt10003824,F:\MediaStack\data\media\tv\The Blacklist\Season 07\The Blacklist - S07E01 - Louis T. Steinhil.mkv,episode,The Blacklist – Season 7 – Louis T. Steinhil (1),unmatched,missing episode match metadata,,,,0
imdb://tt10370688,F:\MediaStack\data\media\tv\The Blacklist\Season 07\The Blacklist - S07E02 - Louis T. Steinhil - Conclusion.mkv,episode,The Blacklist – Season 7 – Louis T. Steinhil: Conclusion (2),unmatched,missing episode match metadata,,,,0
imdb://tt10799662,F:\MediaStack\data\media\tv\The Blacklist\Season 07\The Blacklist - S07E03 - Les Fleurs du Mal.mkv,episode,The Blacklist – Season 7 – Les Fleurs du Mal,unmatched,missing episode match metadata,,,,0
imdb://tt10941734,F:\MediaStack\data\media\tv\The Blacklist\Season 07\The Blacklist - S07E04 - Kuwait.mkv,episode,The Blacklist – Season 7 – Kuwait,unmatched,missing episode match metadata,,,,0
imdb://tt10940036,F:\MediaStack\data\media\tv\The Blacklist\Season 07\The Blacklist - S07E05 - Norman Devane.mkv,episode,The Blacklist – Season 7 – Norman Devane,unmatched,missing episode match metadata,,,,0
imdb://tt10993746,F:\MediaStack\data\media\tv\The Blacklist\Season 07\The Blacklist - S07E06 - Dr. Lewis Powell.mkv,episode,The Blacklist – Season 7 – Dr. Lewis Powell,unmatched,missing episode match metadata,,,,0
imdb://tt11146878,F:\MediaStack\data\media\tv\The Blacklist\Season 07\The Blacklist - S07E07 - Hannah Hayes.mkv,episode,The Blacklist – Season 7 – Hannah Hayes,unmatched,missing episode match metadata,,,,0
imdb://tt7104292,F:\MediaStack\data\media\tv\The Blacklist\Season 05\The Blacklist - S05E05 - Ilyas Surkov.mkv,episode,The Blacklist – Season 5 – Ilyas Surkov,unmatched,missing episode match metadata,,,,0
imdb://tt7406856,F:\MediaStack\data\media\tv\The Blacklist\Season 05\The Blacklist - S05E06 - The Travel Agency.mkv,episode,The Blacklist – Season 5 – The Travel Agency,unmatched,missing episode match metadata,,,,0
imdb://tt7492604,F:\MediaStack\data\media\tv\The Blacklist\Season 05\The Blacklist - S05E07 - The Kilgannon Corporation.mkv,episode,The Blacklist – Season 5 – The Kilgannon Corporation,unmatched,missing episode match metadata,,,,0
imdb://tt7492786,F:\MediaStack\data\media\tv\The Blacklist\Season 05\The Blacklist - S05E08 - Ian Garvey.mkv,episode,The Blacklist – Season 5 – Ian Garvey,unmatched,missing episode match metadata,,,,0
imdb://tt7550154,F:\MediaStack\data\media\tv\The Blacklist\Season 05\The Blacklist - S05E09 - Ruin.mkv,episode,The Blacklist – Season 5 – Ruin,unmatched,missing episode match metadata,,,,0
imdb://tt7492796,F:\MediaStack\data\media\tv\The Blacklist\Season 05\The Blacklist - S05E10 - The Informant.mkv,episode,The Blacklist – Season 5 – The Informant,unmatched,missing episode match metadata,,,,0
imdb://tt7611838,F:\MediaStack\data\media\tv\The Blacklist\Season 05\The Blacklist - S05E11 - Abraham Stern.mkv,episode,The Blacklist – Season 5 – Abraham Stern,unmatched,missing episode match metadata,,,,0
imdb://tt7652054,F:\MediaStack\data\media\tv\The Blacklist\Season 05\The Blacklist - S05E12 - The Cook.mkv,episode,The Blacklist – Season 5 – The Cook,unmatched,missing episode match metadata,,,,0
imdb://tt7635092,F:\MediaStack\data\media\tv\The Blacklist\Season 05\The Blacklist - S05E13 - The Invisible Hand.mkv,episode,The Blacklist – Season 5 – The Invisible Hand,unmatched,missing episode match metadata,,,,0
imdb://tt7919458,F:\MediaStack\data\media\tv\The Blacklist\Season 05\The Blacklist - S05E14 - Mr. Raleigh Sinclair III.mkv,episode,The Blacklist – Season 5 – Mr. Raleigh Sinclair III,unmatched,missing episode match metadata,,,,0
imdb://tt7919460,F:\MediaStack\data\media\tv\The Blacklist\Season 05\The Blacklist - S05E15 - Pattie Sue Edwards.mkv,episode,The Blacklist – Season 5 – Pattie Sue Edwards,unmatched,missing episode match metadata,,,,0
imdb://tt7997030,F:\MediaStack\data\media\tv\The Blacklist\Season 05\The Blacklist - S05E16 - The Capricorn Killer.mkv,episode,The Blacklist – Season 5 – The Capricorn Killer,unmatched,missing episode match metadata,,,,0
imdb://tt7997034,F:\MediaStack\data\media\tv\The Blacklist\Season 05\The Blacklist - S05E17 - Anna-Gracia Duerte.mkv,episode,The Blacklist – Season 5 – Anna-Gracia Duerte,unmatched,missing episode match metadata,,,,0
imdb://tt7996990,F:\MediaStack\data\media\tv\The Blacklist\Season 05\The Blacklist - S05E18 - Zarak Mosadek.mkv,episode,The Blacklist – Season 5 – Zarak Mosadek,unmatched,missing episode match metadata,,,,0
imdb://tt8156286,F:\MediaStack\data\media\tv\The Blacklist\Season 05\The Blacklist - S05E19 - Ian Garvey - Conclusion.mkv,episode,The Blacklist – Season 5 – Ian Garvey: Conclusion,unmatched,missing episode match metadata,,,,0
imdb://tt8140446,F:\MediaStack\data\media\tv\The Blacklist\Season 05\The Blacklist - S05E20 - Nicholas T. Moore.mkv,episode,The Blacklist – Season 5 – Nicholas T. Moore,unmatched,missing episode match metadata,,,,0
imdb://tt8213662,F:\MediaStack\data\media\tv\The Blacklist\Season 05\The Blacklist - S05E21 - Lawrence Dane Devlin.mkv,episode,The Blacklist – Season 5 – Lawrence Dane Devlin,unmatched,missing episode match metadata,,,,0
imdb://tt8213670,F:\MediaStack\data\media\tv\The Blacklist\Season 05\The Blacklist - S05E22 - Sutton Ross.mkv,episode,The Blacklist – Season 5 – Sutton Ross,unmatched,missing episode match metadata,,,,0
imdb://tt8408814,F:\MediaStack\data\media\tv\The Blacklist\Season 06\The Blacklist - S06E01 - Dr. Hans Koehler.mkv,episode,The Blacklist – Season 6 – Dr. Hans Koehler,unmatched,missing episode match metadata,,,,0
imdb://tt8853056,F:\MediaStack\data\media\tv\The Blacklist\Season 06\The Blacklist - S06E02 - The Corsican.mkv,episode,The Blacklist – Season 6 – The Corsican,unmatched,missing episode match metadata,,,,0
imdb://tt8849322,F:\MediaStack\data\media\tv\The Blacklist\Season 06\The Blacklist - S06E03 - The Pharmacist.mkv,episode,The Blacklist – Season 6 – The Pharmacist,unmatched,missing episode match metadata,,,,0
imdb://tt8858402,F:\MediaStack\data\media\tv\The Blacklist\Season 06\The Blacklist - S06E04 - The Pawnbrokers.mkv,episode,The Blacklist – Season 6 – The Pawnbrokers,unmatched,missing episode match metadata,,,,0
imdb://tt9004076,F:\MediaStack\data\media\tv\The Blacklist\Season 06\The Blacklist - S06E05 - Alter Ego.mkv,episode,The Blacklist – Season 6 – Alter Ego,unmatched,missing episode match metadata,,,,0
imdb://tt8992996,F:\MediaStack\data\media\tv\The Blacklist\Season 06\The Blacklist - S06E06 - The Ethicist.mkv,episode,The Blacklist – Season 6 – The Ethicist,unmatched,missing episode match metadata,,,,0
imdb://tt6087294,F:\MediaStack\data\media\tv\The Blacklist\Season 04\The Blacklist - S04E06 - The Thrushes.mkv,episode,The Blacklist – Season 4 – The Thrushes,unmatched,missing episode match metadata,,,,0
imdb://tt6113994,F:\MediaStack\data\media\tv\The Blacklist\Season 04\The Blacklist - S04E07 - Dr. Adrian Shaw.mkv,episode,The Blacklist – Season 4 – Dr. Adrian Shaw (1),unmatched,missing episode match metadata,,,,0
imdb://tt6143800,F:\MediaStack\data\media\tv\The Blacklist\Season 04\The Blacklist - S04E08 - Dr. Adrian Shaw - Conclusion.mkv,episode,The Blacklist – Season 4 – Dr. Adrian Shaw: Conclusion (2),unmatched,missing episode match metadata,,,,0
imdb://tt6182812,F:\MediaStack\data\media\tv\The Blacklist\Season 04\The Blacklist - S04E09 - Lipet's Seafood Company.mkv,episode,The Blacklist – Season 4 – Lipet's Seafood Company,unmatched,missing episode match metadata,,,,0
imdb://tt6210144,F:\MediaStack\data\media\tv\The Blacklist\Season 04\The Blacklist - S04E10 - The Forecaster.mkv,episode,The Blacklist – Season 4 – The Forecaster,unmatched,missing episode match metadata,,,,0
imdb://tt6257202,F:\MediaStack\data\media\tv\The Blacklist\Season 04\The Blacklist - S04E11 - The Harem.mkv,episode,The Blacklist – Season 4 – The Harem,unmatched,missing episode match metadata,,,,0
imdb://tt6443932,F:\MediaStack\data\media\tv\The Blacklist\Season 04\The Blacklist - S04E12 - Natalie Luca.mkv,episode,The Blacklist – Season 4 – Natalie Luca,unmatched,missing episode match metadata,,,,0
imdb://tt6454576,F:\MediaStack\data\media\tv\The Blacklist\Season 04\The Blacklist - S04E13 - Isabella Stone.mkv,episode,The Blacklist – Season 4 – Isabella Stone,unmatched,missing episode match metadata,,,,0
imdb://tt6439022,F:\MediaStack\data\media\tv\The Blacklist\Season 04\The Blacklist - S04E14 - The Architect.mkv,episode,The Blacklist – Season 4 – The Architect,unmatched,missing episode match metadata,,,,0
imdb://tt6441958,F:\MediaStack\data\media\tv\The Blacklist\Season 04\The Blacklist - S04E15 - The Apothecary.mkv,episode,The Blacklist – Season 4 – The Apothecary,unmatched,missing episode match metadata,,,,0
imdb://tt6509160,F:\MediaStack\data\media\tv\The Blacklist\Season 04\The Blacklist - S04E16 - Dembe Zuma.mkv,episode,The Blacklist – Season 4 – Dembe Zuma,unmatched,missing episode match metadata,,,,0
imdb://tt6520976,F:\MediaStack\data\media\tv\The Blacklist\Season 04\The Blacklist - S04E17 - Requiem.mkv,episode,The Blacklist – Season 4 – Requiem,unmatched,missing episode match metadata,,,,0
imdb://tt6626200,F:\MediaStack\data\media\tv\The Blacklist\Season 04\The Blacklist - S04E18 - Philomena.mkv,episode,The Blacklist – Season 4 – Philomena,unmatched,missing episode match metadata,,,,0
imdb://tt6668958,F:\MediaStack\data\media\tv\The Blacklist\Season 04\The Blacklist - S04E19 - Dr. Bogdan Krilov.mkv,episode,The Blacklist – Season 4 – Dr. Bogdan Krilov,unmatched,missing episode match metadata,,,,0
imdb://tt6769268,F:\MediaStack\data\media\tv\The Blacklist\Season 04\The Blacklist - S04E20 - The Debt Collector.mkv,episode,The Blacklist – Season 4 – The Debt Collector,unmatched,missing episode match metadata,,,,0
imdb://tt6769298,F:\MediaStack\data\media\tv\The Blacklist\Season 04\The Blacklist - S04E21 - Mr. Kaplan.mkv,episode,The Blacklist – Season 4 – Mr. Kaplan (1),unmatched,missing episode match metadata,,,,0
imdb://tt6769302,F:\MediaStack\data\media\tv\The Blacklist\Season 04\The Blacklist - S04E22 - Mr. Kaplan - Conclusion.mkv,episode,The Blacklist – Season 4 – Mr. Kaplan: Conclusion (2),unmatched,missing episode match metadata,,,,0
imdb://tt6882980,F:\MediaStack\data\media\tv\The Blacklist\Season 05\The Blacklist - S05E01 - Smokey Putnum.mkv,episode,The Blacklist – Season 5 – Smokey Putnum,unmatched,missing episode match metadata,,,,0
imdb://tt7103730,F:\MediaStack\data\media\tv\The Blacklist\Season 05\The Blacklist - S05E02 - Greyson Blaise.mkv,episode,The Blacklist – Season 5 – Greyson Blaise,unmatched,missing episode match metadata,,,,0
imdb://tt7103736,F:\MediaStack\data\media\tv\The Blacklist\Season 05\The Blacklist - S05E03 - Miss Rebecca Thrall.mkv,episode,The Blacklist – Season 5 – Miss Rebecca Thrall,unmatched,missing episode match metadata,,,,0
imdb://tt7103748,F:\MediaStack\data\media\tv\The Blacklist\Season 05\The Blacklist - S05E04 - The Endling.mkv,episode,The Blacklist – Season 5 – The Endling,unmatched,missing episode match metadata,,,,0
imdb://tt5068464,F:\MediaStack\data\media\tv\The Blacklist\Season 03\The Blacklist - S03E03 - Eli Matchett.mkv,episode,The Blacklist – Season 3 – Eli Matchett,unmatched,missing episode match metadata,,,,0
imdb://tt5015108,F:\MediaStack\data\media\tv\The Blacklist\Season 03\The Blacklist - S03E04 - The Djinn.mkv,episode,The Blacklist – Season 3 – The Djinn,unmatched,missing episode match metadata,,,,0
imdb://tt5019538,F:\MediaStack\data\media\tv\The Blacklist\Season 03\The Blacklist - S03E05 - Arioch Cain.mkv,episode,The Blacklist – Season 3 – Arioch Cain,unmatched,missing episode match metadata,,,,0
imdb://tt5030014,F:\MediaStack\data\media\tv\The Blacklist\Season 03\The Blacklist - S03E06 - Sir Crispin Crandall.mkv,episode,The Blacklist – Season 3 – Sir Crispin Crandall,unmatched,missing episode match metadata,,,,0
imdb://tt5060376,F:\MediaStack\data\media\tv\The Blacklist\Season 03\The Blacklist - S03E07 - Zal Bin Hasaan.mkv,episode,The Blacklist – Season 3 – Zal Bin Hasaan,unmatched,missing episode match metadata,,,,0
imdb://tt5158338,F:\MediaStack\data\media\tv\The Blacklist\Season 03\The Blacklist - S03E08 - Kings of the Highway.mkv,episode,The Blacklist – Season 3 – Kings of the Highway,unmatched,missing episode match metadata,,,,0
imdb://tt5135540,F:\MediaStack\data\media\tv\The Blacklist\Season 03\The Blacklist - S03E09 - The Director.mkv,episode,The Blacklist – Season 3 – The Director (1),unmatched,missing episode match metadata,,,,0
imdb://tt5155304,F:\MediaStack\data\media\tv\The Blacklist\Season 03\The Blacklist - S03E10 - The Director - Conclusion.mkv,episode,The Blacklist – Season 3 – The Director: Conclusion (2),unmatched,missing episode match metadata,,,,0
imdb://tt5182064,F:\MediaStack\data\media\tv\The Blacklist\Season 03\The Blacklist - S03E11 - Mr. Gregory Devry.mkv,episode,The Blacklist – Season 3 – Mr. Gregory Devry,unmatched,missing episode match metadata,,,,0
imdb://tt5182070,F:\MediaStack\data\media\tv\The Blacklist\Season 03\The Blacklist - S03E12 - The Vehm.mkv,episode,The Blacklist – Season 3 – The Vehm,unmatched,missing episode match metadata,,,,0
imdb://tt5182072,F:\MediaStack\data\media\tv\The Blacklist\Season 03\The Blacklist - S03E13 - Alistair Pitt.mkv,episode,The Blacklist – Season 3 – Alistair Pitt,unmatched,missing episode match metadata,,,,0
imdb://tt5182074,F:\MediaStack\data\media\tv\The Blacklist\Season 03\The Blacklist - S03E14 - Lady Ambrosia.mkv,episode,The Blacklist – Season 3 – Lady Ambrosia,unmatched,missing episode match metadata,,,,0
imdb://tt5182076,F:\MediaStack\data\media\tv\The Blacklist\Season 03\The Blacklist - S03E15 - Drexel.mkv,episode,The Blacklist – Season 3 – Drexel,unmatched,missing episode match metadata,,,,0
imdb://tt5182078,F:\MediaStack\data\media\tv\The Blacklist\Season 03\The Blacklist - S03E16 - The Caretaker.mkv,episode,The Blacklist – Season 3 – The Caretaker,unmatched,missing episode match metadata,,,,0
imdb://tt5182084,F:\MediaStack\data\media\tv\The Blacklist\Season 03\The Blacklist - S03E17 - Mr. Solomon.mkv,episode,The Blacklist – Season 3 – Mr. Solomon (1),unmatched,missing episode match metadata,,,,0
imdb://tt5182088,F:\MediaStack\data\media\tv\The Blacklist\Season 03\The Blacklist - S03E18 - Mr. Solomon - Conclusion.mkv,episode,The Blacklist – Season 3 – Mr. Solomon: Conclusion (2),unmatched,missing episode match metadata,,,,0
imdb://tt5182086,F:\MediaStack\data\media\tv\The Blacklist\Season 03\The Blacklist - S03E19 - Cape May.mkv,episode,The Blacklist – Season 3 – Cape May,unmatched,missing episode match metadata,,,,0
imdb://tt5182092,F:\MediaStack\data\media\tv\The Blacklist\Season 03\The Blacklist - S03E20 - The Artax Network.mkv,episode,The Blacklist – Season 3 – The Artax Network,unmatched,missing episode match metadata,,,,0
imdb://tt5182096,F:\MediaStack\data\media\tv\The Blacklist\Season 03\The Blacklist - S03E21 - Susan Hargrave.mkv,episode,The Blacklist – Season 3 – Susan Hargrave,unmatched,missing episode match metadata,,,,0
imdb://tt5182098,F:\MediaStack\data\media\tv\The Blacklist\Season 03\The Blacklist - S03E22 - Alexander Kirk.mkv,episode,The Blacklist – Season 3 – Alexander Kirk (1),unmatched,missing episode match metadata,,,,0
imdb://tt5640786,F:\MediaStack\data\media\tv\The Blacklist\Season 03\The Blacklist - S03E23 - Alexander Kirk - Conclusion.mkv,episode,The Blacklist – Season 3 – Alexander Kirk: Conclusion (2),unmatched,missing episode match metadata,,,,0
imdb://tt5257552,F:\MediaStack\data\media\tv\The Blacklist\Season 04\The Blacklist - S04E01 - Esteban.mkv,episode,The Blacklist – Season 4 – Esteban,unmatched,missing episode match metadata,,,,0
imdb://tt6047394,F:\MediaStack\data\media\tv\The Blacklist\Season 04\The Blacklist - S04E02 - Mato.mkv,episode,The Blacklist – Season 4 – Mato,unmatched,missing episode match metadata,,,,0
imdb://tt6047396,F:\MediaStack\data\media\tv\The Blacklist\Season 04\The Blacklist - S04E03 - Miles McGrath.mkv,episode,The Blacklist – Season 4 – Miles McGrath,unmatched,missing episode match metadata,,,,0
imdb://tt5992968,F:\MediaStack\data\media\tv\The Blacklist\Season 04\The Blacklist - S04E04 - Gaia.mkv,episode,The Blacklist – Season 4 – Gaia,unmatched,missing episode match metadata,,,,0
imdb://tt6047398,F:\MediaStack\data\media\tv\The Blacklist\Season 04\The Blacklist - S04E05 - The Lindquist Concern.mkv,episode,The Blacklist – Season 4 – The Lindquist Concern,unmatched,missing episode match metadata,,,,0
imdb://tt4045862,F:\MediaStack\data\media\tv\The Blacklist\Season 02\The Blacklist - S02E02 - Monarch Douglas Bank.mkv,episode,The Blacklist – Season 2 – Monarch Douglas Bank,unmatched,missing episode match metadata,,,,0
imdb://tt3977666,F:\MediaStack\data\media\tv\The Blacklist\Season 02\The Blacklist - S02E03 - Dr. James Covington.mkv,episode,The Blacklist – Season 2 – Dr. James Covington,unmatched,missing episode match metadata,,,,0
imdb://tt4061178,F:\MediaStack\data\media\tv\The Blacklist\Season 02\The Blacklist - S02E04 - Dr. Linus Creel.mkv,episode,The Blacklist – Season 2 – Dr. Linus Creel,unmatched,missing episode match metadata,,,,0
imdb://tt4054174,F:\MediaStack\data\media\tv\The Blacklist\Season 02\The Blacklist - S02E05 - The Front.mkv,episode,The Blacklist – Season 2 – The Front,unmatched,missing episode match metadata,,,,0
imdb://tt4109836,F:\MediaStack\data\media\tv\The Blacklist\Season 02\The Blacklist - S02E06 - The Mombasa Cartel.mkv,episode,The Blacklist – Season 2 – The Mombasa Cartel,unmatched,missing episode match metadata,,,,0
imdb://tt4094332,F:\MediaStack\data\media\tv\The Blacklist\Season 02\The Blacklist - S02E07 - The Scimitar.mkv,episode,The Blacklist – Season 2 – The Scimitar,unmatched,missing episode match metadata,,,,0
imdb://tt4156774,F:\MediaStack\data\media\tv\The Blacklist\Season 02\The Blacklist - S02E08 - The Decembrist.mkv,episode,The Blacklist – Season 2 – The Decembrist,unmatched,missing episode match metadata,,,,0
imdb://tt4210902,F:\MediaStack\data\media\tv\The Blacklist\Season 02\The Blacklist - S02E09 - Luther Braxton.mkv,episode,The Blacklist – Season 2 – Luther Braxton (1),unmatched,missing episode match metadata,,,,0
imdb://tt4283600,F:\MediaStack\data\media\tv\The Blacklist\Season 02\The Blacklist - S02E10 - Luther Braxton - Conclusion.mkv,episode,The Blacklist – Season 2 – Luther Braxton: Conclusion (2),unmatched,missing episode match metadata,,,,0
imdb://tt4287704,F:\MediaStack\data\media\tv\The Blacklist\Season 02\The Blacklist - S02E11 - Ruslan Denisov.mkv,episode,The Blacklist – Season 2 – Ruslan Denisov,unmatched,missing episode match metadata,,,,0
imdb://tt4355076,F:\MediaStack\data\media\tv\The Blacklist\Season 02\The Blacklist - S02E12 - The Kenyon Family.mkv,episode,The Blacklist – Season 2 – The Kenyon Family,unmatched,missing episode match metadata,,,,0
imdb://tt4378652,F:\MediaStack\data\media\tv\The Blacklist\Season 02\The Blacklist - S02E13 - The Deer Hunter.mkv,episode,The Blacklist – Season 2 – The Deer Hunter,unmatched,missing episode match metadata,,,,0
imdb://tt4454532,F:\MediaStack\data\media\tv\The Blacklist\Season 02\The Blacklist - S02E14 - T. Earl King VI.mkv,episode,The Blacklist – Season 2 – T. Earl King VI,unmatched,missing episode match metadata,,,,0
imdb://tt4472210,F:\MediaStack\data\media\tv\The Blacklist\Season 02\The Blacklist - S02E15 - The Major.mkv,episode,The Blacklist – Season 2 – The Major,unmatched,missing episode match metadata,,,,0
imdb://tt4491502,F:\MediaStack\data\media\tv\The Blacklist\Season 02\The Blacklist - S02E16 - Tom Keen.mkv,episode,The Blacklist – Season 2 – Tom Keen,unmatched,missing episode match metadata,,,,0
imdb://tt4509728,F:\MediaStack\data\media\tv\The Blacklist\Season 02\The Blacklist - S02E17 - The Longevity Initiative.mkv,episode,The Blacklist – Season 2 – The Longevity Initiative,unmatched,missing episode match metadata,,,,0
imdb://tt4527132,F:\MediaStack\data\media\tv\The Blacklist\Season 02\The Blacklist - S02E18 - Vanessa Cruz.mkv,episode,The Blacklist – Season 2 – Vanessa Cruz,unmatched,missing episode match metadata,,,,0
imdb://tt4578464,F:\MediaStack\data\media\tv\The Blacklist\Season 02\The Blacklist - S02E19 - Leonard Caul.mkv,episode,The Blacklist – Season 2 – Leonard Caul,unmatched,missing episode match metadata,,,,0
imdb://tt4558970,F:\MediaStack\data\media\tv\The Blacklist\Season 02\The Blacklist - S02E20 - Quon Zhang.mkv,episode,The Blacklist – Season 2 – Quon Zhang,unmatched,missing episode match metadata,,,,0
imdb://tt4578448,F:\MediaStack\data\media\tv\The Blacklist\Season 02\The Blacklist - S02E21 - Karakurt.mkv,episode,The Blacklist – Season 2 – Karakurt,unmatched,missing episode match metadata,,,,0
imdb://tt4578450,F:\MediaStack\data\media\tv\The Blacklist\Season 02\The Blacklist - S02E22 - Tom Connolly.mkv,episode,The Blacklist – Season 2 – Tom Connolly,unmatched,missing episode match metadata,,,,0
imdb://tt4578466,F:\MediaStack\data\media\tv\The Blacklist\Season 03\The Blacklist - S03E01 - The Troll Farmer.mkv,episode,The Blacklist – Season 3 – The Troll Farmer,unmatched,missing episode match metadata,,,,0
imdb://tt4941520,F:\MediaStack\data\media\tv\The Blacklist\Season 03\The Blacklist - S03E02 - Marvin Gerard.mkv,episode,The Blacklist – Season 3 – Marvin Gerard,unmatched,missing episode match metadata,,,,0
imdb://tt3173408,F:\MediaStack\data\media\tv\The Blacklist\Season 01\The Blacklist - S01E04 - The Stewmaker.mkv,episode,The Blacklist – Season 1 – The Stewmaker,unmatched,missing episode match metadata,,,,0
imdb://tt3173410,F:\MediaStack\data\media\tv\The Blacklist\Season 01\The Blacklist - S01E05 - The Courier.mkv,episode,The Blacklist – Season 1 – The Courier,unmatched,missing episode match metadata,,,,0
imdb://tt3265304,F:\MediaStack\data\media\tv\The Blacklist\Season 01\The Blacklist - S01E06 - Gina Zanetakos.mkv,episode,The Blacklist – Season 1 – Gina Zanetakos,unmatched,missing episode match metadata,,,,0
imdb://tt3277226,F:\MediaStack\data\media\tv\The Blacklist\Season 01\The Blacklist - S01E07 - Frederick Barnes.mkv,episode,The Blacklist – Season 1 – Frederick Barnes,unmatched,missing episode match metadata,,,,0
imdb://tt3276448,F:\MediaStack\data\media\tv\The Blacklist\Season 01\The Blacklist - S01E08 - General Ludd.mkv,episode,The Blacklist – Season 1 – General Ludd,unmatched,missing episode match metadata,,,,0
imdb://tt3276450,F:\MediaStack\data\media\tv\The Blacklist\Season 01\The Blacklist - S01E09 - Anslo Garrick.mkv,episode,The Blacklist – Season 1 – Anslo Garrick (1),unmatched,missing episode match metadata,,,,0
imdb://tt3276452,F:\MediaStack\data\media\tv\The Blacklist\Season 01\The Blacklist - S01E10 - Anslo Garrick - Conclusion.mkv,episode,The Blacklist – Season 1 – Anslo Garrick (2),unmatched,missing episode match metadata,,,,0
imdb://tt3276454,F:\MediaStack\data\media\tv\The Blacklist\Season 01\The Blacklist - S01E11 - The Good Samaritan.mkv,episode,The Blacklist – Season 1 – The Good Samaritan,unmatched,missing episode match metadata,,,,0
imdb://tt3276456,F:\MediaStack\data\media\tv\The Blacklist\Season 01\The Blacklist - S01E12 - The Alchemist.mkv,episode,The Blacklist – Season 1 – The Alchemist,unmatched,missing episode match metadata,,,,0
imdb://tt3276458,F:\MediaStack\data\media\tv\The Blacklist\Season 01\The Blacklist - S01E13 - The Cyprus Agency.mkv,episode,The Blacklist – Season 1 – The Cyprus Agency,unmatched,missing episode match metadata,,,,0
imdb://tt3276460,F:\MediaStack\data\media\tv\The Blacklist\Season 01\The Blacklist - S01E14 - Madeline Pratt.mkv,episode,The Blacklist – Season 1 – Madeline Pratt,unmatched,missing episode match metadata,,,,0
imdb://tt3276462,F:\MediaStack\data\media\tv\The Blacklist\Season 01\The Blacklist - S01E15 - The Judge.mkv,episode,The Blacklist – Season 1 – The Judge,unmatched,missing episode match metadata,,,,0
imdb://tt3276464,F:\MediaStack\data\media\tv\The Blacklist\Season 01\The Blacklist - S01E16 - Mako Tanida.mkv,episode,The Blacklist – Season 1 – Mako Tanida,unmatched,missing episode match metadata,,,,0
imdb://tt3276466,F:\MediaStack\data\media\tv\The Blacklist\Season 01\The Blacklist - S01E17 - Ivan.mkv,episode,The Blacklist – Season 1 – Ivan,unmatched,missing episode match metadata,,,,0
imdb://tt3276468,F:\MediaStack\data\media\tv\The Blacklist\Season 01\The Blacklist - S01E18 - Milton Bobbit.mkv,episode,The Blacklist – Season 1 – Milton Bobbit,unmatched,missing episode match metadata,,,,0
imdb://tt3276474,F:\MediaStack\data\media\tv\The Blacklist\Season 01\The Blacklist - S01E19 - The Pavlovich Brothers.mkv,episode,The Blacklist – Season 1 – The Pavlovich Brothers,unmatched,missing episode match metadata,,,,0
imdb://tt3276476,F:\MediaStack\data\media\tv\The Blacklist\Season 01\The Blacklist - S01E20 - The Kingmaker.mkv,episode,The Blacklist – Season 1 – The Kingmaker,unmatched,missing episode match metadata,,,,0
imdb://tt3276470,F:\MediaStack\data\media\tv\The Blacklist\Season 01\The Blacklist - S01E21 - Berlin.mkv,episode,The Blacklist – Season 1 – Berlin (1),unmatched,missing episode match metadata,,,,0
imdb://tt3276472,F:\MediaStack\data\media\tv\The Blacklist\Season 01\The Blacklist - S01E22 - Berlin - Conclusion.mkv,episode,The Blacklist – Season 1 – Berlin: Conclusion (2),unmatched,missing episode match metadata,,,,0
imdb://tt3381714,F:\MediaStack\data\media\tv\The Blacklist\Season 02\The Blacklist - S02E01 - Lord Baltimore.mkv,episode,The Blacklist – Season 2 – Lord Baltimore,unmatched,missing episode match metadata,,,,0
imdb://tt13819632,F:\MediaStack\data\media\tv\Attack on Titan\Season 04\Attack on Titan - S04E06 - The War Hammer Titan.mp4,episode,Attack on Titan – Season 4 – The War Hammer Titan,unmatched,missing episode match metadata,,,,0
imdb://tt13857684,F:\MediaStack\data\media\tv\Attack on Titan\Season 04\Attack on Titan - S04E07 - Assault.mp4,episode,Attack on Titan – Season 4 – Assault,unmatched,missing episode match metadata,,,,0
imdb://tt13907662,F:\MediaStack\data\media\tv\Attack on Titan\Season 04\Attack on Titan - S04E08 - Assassin's Bullet.mp4,episode,Attack on Titan – Season 4 – Assassin's Bullet,unmatched,missing episode match metadata,,,,0
imdb://tt13971296,F:\MediaStack\data\media\tv\Attack on Titan\Season 04\Attack on Titan - S04E09 - Brave Volunteers.mp4,episode,Attack on Titan – Season 4 – Brave Volunteers,unmatched,missing episode match metadata,,,,0
imdb://tt13989258,F:\MediaStack\data\media\tv\Attack on Titan\Season 04\Attack on Titan - S04E10 - A Sound Argument.mp4,episode,Attack on Titan – Season 4 – A Sound Argument,unmatched,missing episode match metadata,,,,0
imdb://tt13996128,F:\MediaStack\data\media\tv\Attack on Titan\Season 04\Attack on Titan - S04E11 - Deceiver.mp4,episode,Attack on Titan – Season 4 – Deceiver,unmatched,missing episode match metadata,,,,0
imdb://tt14026060,F:\MediaStack\data\media\tv\Attack on Titan\Season 04\Attack on Titan - S04E12 - Guides.mp4,episode,Attack on Titan – Season 4 – Guides,unmatched,missing episode match metadata,,,,0
imdb://tt14093766,F:\MediaStack\data\media\tv\Attack on Titan\Season 04\Attack on Titan - S04E13 - Children of the Forest.mp4,episode,Attack on Titan – Season 4 – Children of the Forest,unmatched,missing episode match metadata,,,,0
imdb://tt14132418,F:\MediaStack\data\media\tv\Attack on Titan\Season 04\Attack on Titan - S04E14 - Savagery.mp4,episode,Attack on Titan – Season 4 – Savagery,unmatched,missing episode match metadata,,,,0
imdb://tt14134628,F:\MediaStack\data\media\tv\Attack on Titan\Season 04\Attack on Titan - S04E15 - Sole Salvation.mp4,episode,Attack on Titan – Season 4 – Sole Salvation,unmatched,missing episode match metadata,,,,0
imdb://tt14134634,F:\MediaStack\data\media\tv\Attack on Titan\Season 04\Attack on Titan - S04E16 - Above and Below.mp4,episode,Attack on Titan – Season 4 – Above and Below,unmatched,missing episode match metadata,,,,0
imdb://tt14342824,F:\MediaStack\data\media\tv\Attack on Titan\Season 04\Attack on Titan - S04E17 - Judgment.mp4,episode,Attack on Titan – Season 4 – Judgment,unmatched,missing episode match metadata,,,,0
imdb://tt14551446,F:\MediaStack\data\media\tv\Attack on Titan\Season 04\Attack on Titan - S04E18 - Sneak Attack.mp4,episode,Attack on Titan – Season 4 – Sneak Attack,unmatched,missing episode match metadata,,,,0
imdb://tt17277218,F:\MediaStack\data\media\tv\Attack on Titan\Season 04\Attack on Titan - S04E19 - Two Brothers.mp4,episode,Attack on Titan – Season 4 – Two Brothers,unmatched,missing episode match metadata,,,,0
imdb://tt17505964,F:\MediaStack\data\media\tv\Attack on Titan\Season 04\Attack on Titan - S04E20 - Memories of the Future.mp4,episode,Attack on Titan – Season 4 – Memories of the Future,unmatched,missing episode match metadata,,,,0
imdb://tt17594170,"F:\MediaStack\data\media\tv\Attack on Titan\Season 04\Attack on Titan - S04E21 - From You, 2,000 Years Ago.mp4",episode,"Attack on Titan – Season 4 – From You, 2,000 Years Ago",unmatched,missing episode match metadata,,,,0
imdb://tt18211918,F:\MediaStack\data\media\tv\Attack on Titan\Season 04\Attack on Titan - S04E22 - Thaw.mp4,episode,Attack on Titan – Season 4 – Thaw,unmatched,missing episode match metadata,,,,0
imdb://tt18286830,F:\MediaStack\data\media\tv\Attack on Titan\Season 04\Attack on Titan - S04E23 - Sunset.mp4,episode,Attack on Titan – Season 4 – Sunset,unmatched,missing episode match metadata,,,,0
imdb://tt18327540,F:\MediaStack\data\media\tv\Attack on Titan\Season 04\Attack on Titan - S04E24 - Pride.mp4,episode,Attack on Titan – Season 4 – Pride,unmatched,missing episode match metadata,,,,0
imdb://tt18412610,F:\MediaStack\data\media\tv\Attack on Titan\Season 04\Attack on Titan - S04E25 - Night of the End.mp4,episode,Attack on Titan – Season 4 – Night of the End,unmatched,missing episode match metadata,,,,0
imdb://tt18484352,F:\MediaStack\data\media\tv\Attack on Titan\Season 04\Attack on Titan - S04E26 - Traitor.mp4,episode,Attack on Titan – Season 4 – Traitor,unmatched,missing episode match metadata,,,,0
imdb://tt18856536,F:\MediaStack\data\media\tv\Attack on Titan\Season 04\Attack on Titan - S04E27 - Retrospective.mp4,episode,Attack on Titan – Season 4 – Retrospective,unmatched,missing episode match metadata,,,,0
imdb://tt18953204,F:\MediaStack\data\media\tv\Attack on Titan\Season 04\Attack on Titan - S04E28 - The Dawn of Humanity.mp4,episode,Attack on Titan – Season 4 – The Dawn of Humanity,unmatched,missing episode match metadata,,,,0
local://22767,F:\MediaStack\data\media\tv\Attack on Titan\Season 04\Attack on Titan - S04E29 - The Final Chapters - Special 1.mp4,episode,Attack on Titan – Season 4 – Episode 29,unmatched,missing episode match metadata,,,,0
local://22768,F:\MediaStack\data\media\tv\Attack on Titan\Season 04\Attack on Titan - S04E30 - The Final Chapters Special 2.mp4,episode,Attack on Titan – Season 4 – Episode 30,unmatched,missing episode match metadata,,,,0
imdb://tt2920128,F:\MediaStack\data\media\tv\The Blacklist\Season 01\The Blacklist - S01E01 - Pilot.mkv,episode,The Blacklist – Season 1 – Pilot,unmatched,missing episode match metadata,,,,0
imdb://tt3173404,F:\MediaStack\data\media\tv\The Blacklist\Season 01\The Blacklist - S01E02 - The Freelancer.mkv,episode,The Blacklist – Season 1 – The Freelancer,unmatched,missing episode match metadata,,,,0
imdb://tt3173406,F:\MediaStack\data\media\tv\The Blacklist\Season 01\The Blacklist - S01E03 - Wujing.mkv,episode,The Blacklist – Season 1 – Wujing,unmatched,missing episode match metadata,,,,0
imdb://tt8543946,F:\MediaStack\data\media\tv\Attack on Titan\Season 03\Attack on Titan - S03E03 - Old Story.mkv,episode,Attack on Titan – Season 3 – Old Story,unmatched,missing episode match metadata,,,,0
imdb://tt8543952,F:\MediaStack\data\media\tv\Attack on Titan\Season 03\Attack on Titan - S03E04 - Trust.mkv,episode,Attack on Titan – Season 3 – Trust,unmatched,missing episode match metadata,,,,0
imdb://tt8543956,F:\MediaStack\data\media\tv\Attack on Titan\Season 03\Attack on Titan - S03E05 - Reply.mkv,episode,Attack on Titan – Season 3 – Reply,unmatched,missing episode match metadata,,,,0
imdb://tt8543958,F:\MediaStack\data\media\tv\Attack on Titan\Season 03\Attack on Titan - S03E06 - Sin.mkv,episode,Attack on Titan – Season 3 – Sin,unmatched,missing episode match metadata,,,,0
imdb://tt8733180,F:\MediaStack\data\media\tv\Attack on Titan\Season 03\Attack on Titan - S03E07 - Wish.mkv,episode,Attack on Titan – Season 3 – Wish,unmatched,missing episode match metadata,,,,0
imdb://tt8733182,F:\MediaStack\data\media\tv\Attack on Titan\Season 03\Attack on Titan - S03E08 - Outside the Walls of Orvud District.mkv,episode,Attack on Titan – Season 3 – Outside the Walls of Orvud District,unmatched,missing episode match metadata,,,,0
imdb://tt8733184,F:\MediaStack\data\media\tv\Attack on Titan\Season 03\Attack on Titan - S03E09 - Ruler of the Walls.mkv,episode,Attack on Titan – Season 3 – Ruler of the Walls,unmatched,missing episode match metadata,,,,0
imdb://tt8733188,F:\MediaStack\data\media\tv\Attack on Titan\Season 03\Attack on Titan - S03E10 - Friends.mkv,episode,Attack on Titan – Season 3 – Friends,unmatched,missing episode match metadata,,,,0
imdb://tt8733190,F:\MediaStack\data\media\tv\Attack on Titan\Season 03\Attack on Titan - S03E11 - Bystander.mkv,episode,Attack on Titan – Season 3 – Bystander,unmatched,missing episode match metadata,,,,0
imdb://tt8733192,F:\MediaStack\data\media\tv\Attack on Titan\Season 03\Attack on Titan - S03E12 - Night of the Battle to Retake the Wall.mkv,episode,Attack on Titan – Season 3 – Night of the Battle to Retake the Wall,unmatched,missing episode match metadata,,,,0
imdb://tt9038682,F:\MediaStack\data\media\tv\Attack on Titan\Season 03\Attack on Titan - S03E13 - The Town Where Everything Began.mkv,episode,Attack on Titan – Season 3 – The Town Where Everything Began,unmatched,missing episode match metadata,,,,0
imdb://tt9790722,F:\MediaStack\data\media\tv\Attack on Titan\Season 03\Attack on Titan - S03E14 - Thunder Spears.mkv,episode,Attack on Titan – Season 3 – Thunder Spears,unmatched,missing episode match metadata,,,,0
imdb://tt9806162,F:\MediaStack\data\media\tv\Attack on Titan\Season 03\Attack on Titan - S03E15 - Descent.mkv,episode,Attack on Titan – Season 3 – Descent,unmatched,missing episode match metadata,,,,0
imdb://tt9898836,F:\MediaStack\data\media\tv\Attack on Titan\Season 03\Attack on Titan - S03E16 - Perfect Game.mkv,episode,Attack on Titan – Season 3 – Perfect Game,unmatched,missing episode match metadata,,,,0
imdb://tt9906260,F:\MediaStack\data\media\tv\Attack on Titan\Season 03\Attack on Titan - S03E17 - Hero.mkv,episode,Attack on Titan – Season 3 – Hero,unmatched,missing episode match metadata,,,,0
imdb://tt10023374,F:\MediaStack\data\media\tv\Attack on Titan\Season 03\Attack on Titan - S03E18 - Midnight Sun.mkv,episode,Attack on Titan – Season 3 – Midnight Sun,unmatched,missing episode match metadata,,,,0
imdb://tt10023452,F:\MediaStack\data\media\tv\Attack on Titan\Season 03\Attack on Titan - S03E19 - The Basement.mkv,episode,Attack on Titan – Season 3 – The Basement,unmatched,missing episode match metadata,,,,0
imdb://tt10034602,F:\MediaStack\data\media\tv\Attack on Titan\Season 03\Attack on Titan - S03E20 - That Day.mkv,episode,Attack on Titan – Season 3 – That Day,unmatched,missing episode match metadata,,,,0
imdb://tt10064964,F:\MediaStack\data\media\tv\Attack on Titan\Season 03\Attack on Titan - S03E21 - Attack Titan.mkv,episode,Attack on Titan – Season 3 – The Attack Titan,unmatched,missing episode match metadata,,,,0
imdb://tt10064968,F:\MediaStack\data\media\tv\Attack on Titan\Season 03\Attack on Titan - S03E22 - The Other Side of the Wall.mkv,episode,Attack on Titan – Season 3 – The Other Side of the Wall,unmatched,missing episode match metadata,,,,0
imdb://tt10783086,F:\MediaStack\data\media\tv\Attack on Titan\Season 04\Attack on Titan - S04E01 - The Other Side of the Sea.mp4,episode,Attack on Titan – Season 4 – The Other Side of the Sea,unmatched,missing episode match metadata,,,,0
imdb://tt13586908,F:\MediaStack\data\media\tv\Attack on Titan\Season 04\Attack on Titan - S04E02 - Midnight Train.mp4,episode,Attack on Titan – Season 4 – Midnight Train,unmatched,missing episode match metadata,,,,0
imdb://tt13611850,F:\MediaStack\data\media\tv\Attack on Titan\Season 04\Attack on Titan - S04E03 - The Door of Hope.mp4,episode,Attack on Titan – Season 4 – The Door of Hope,unmatched,missing episode match metadata,,,,0
imdb://tt13605712,F:\MediaStack\data\media\tv\Attack on Titan\Season 04\Attack on Titan - S04E04 - From One Hand to Another.mp4,episode,Attack on Titan – Season 4 – From One Hand to Another,unmatched,missing episode match metadata,,,,0
imdb://tt13605714,F:\MediaStack\data\media\tv\Attack on Titan\Season 04\Attack on Titan - S04E05 - Declaration of War.mp4,episode,Attack on Titan – Season 4 – Declaration of War,unmatched,missing episode match metadata,,,,0
imdb://tt6723672,F:\MediaStack\data\media\tv\Attack on Titan\Season 02\Attack on Titan - S02E03 - Southwestward.mkv,episode,Attack on Titan – Season 2 – Southwestward,unmatched,missing episode match metadata,,,,0
imdb://tt6723674,F:\MediaStack\data\media\tv\Attack on Titan\Season 02\Attack on Titan - S02E04 - Soldier.mkv,episode,Attack on Titan – Season 2 – Soldier,unmatched,missing episode match metadata,,,,0
imdb://tt6723678,F:\MediaStack\data\media\tv\Attack on Titan\Season 02\Attack on Titan - S02E05 - Historia.mkv,episode,Attack on Titan – Season 2 – Historia,unmatched,missing episode match metadata,,,,0
imdb://tt6723680,F:\MediaStack\data\media\tv\Attack on Titan\Season 02\Attack on Titan - S02E06 - Warrior.mkv,episode,Attack on Titan – Season 2 – Warrior,unmatched,missing episode match metadata,,,,0
imdb://tt6723686,F:\MediaStack\data\media\tv\Attack on Titan\Season 02\Attack on Titan - S02E07 - Close Combat.mkv,episode,Attack on Titan – Season 2 – Close Combat,unmatched,missing episode match metadata,,,,0
imdb://tt6723692,F:\MediaStack\data\media\tv\Attack on Titan\Season 02\Attack on Titan - S02E08 - The Hunters.mkv,episode,Attack on Titan – Season 2 – The Hunters,unmatched,missing episode match metadata,,,,0
imdb://tt6723698,F:\MediaStack\data\media\tv\Attack on Titan\Season 02\Attack on Titan - S02E09 - Opening.mkv,episode,Attack on Titan – Season 2 – Opening,unmatched,missing episode match metadata,,,,0
imdb://tt6723700,F:\MediaStack\data\media\tv\Attack on Titan\Season 02\Attack on Titan - S02E10 - Children.mkv,episode,Attack on Titan – Season 2 – Children,unmatched,missing episode match metadata,,,,0
imdb://tt6723708,F:\MediaStack\data\media\tv\Attack on Titan\Season 02\Attack on Titan - S02E11 - Charge.mkv,episode,Attack on Titan – Season 2 – Charge,unmatched,missing episode match metadata,,,,0
imdb://tt6723710,F:\MediaStack\data\media\tv\Attack on Titan\Season 02\Attack on Titan - S02E12 - Scream.mkv,episode,Attack on Titan – Season 2 – Scream,unmatched,missing episode match metadata,,,,0
imdb://tt7029252,F:\MediaStack\data\media\tv\Attack on Titan\Season 03\Attack on Titan - S03E01 - Smoke Signal.mkv,episode,Attack on Titan – Season 3 – Smoke Signal,unmatched,missing episode match metadata,,,,0
imdb://tt8517724,F:\MediaStack\data\media\tv\Attack on Titan\Season 03\Attack on Titan - S03E02 - Pain.mkv,episode,Attack on Titan – Season 3 – Pain,unmatched,missing episode match metadata,,,,0
imdb://tt2928458,F:\MediaStack\data\media\tv\Attack on Titan\Season 01\Attack on Titan - S01E07 - Small Blade - The Struggle for Trost (3).mkv,episode,Attack on Titan – Season 1 – Small Blade: The Struggle for Trost (3),unmatched,missing episode match metadata,,,,0
imdb://tt2928456,F:\MediaStack\data\media\tv\Attack on Titan\Season 01\Attack on Titan - S01E08 - I Can Hear His Heartbeat - The Struggle for Trost (4).mkv,episode,Attack on Titan – Season 1 – I Can Hear His Heartbeat: The Struggle for Trost (4),unmatched,missing episode match metadata,,,,0
imdb://tt2955788,F:\MediaStack\data\media\tv\Attack on Titan\Season 01\Attack on Titan - S01E09 - Whereabouts of His Left Arm - The Struggle for Trost (5).mkv,episode,Attack on Titan – Season 1 – Whereabouts of His Left Arm: The Struggle for Trost (5),unmatched,missing episode match metadata,,,,0
imdb://tt2955786,F:\MediaStack\data\media\tv\Attack on Titan\Season 01\Attack on Titan - S01E10 - Response - The Struggle for Trost (6).mkv,episode,Attack on Titan – Season 1 – Response: The Struggle for Trost (6),unmatched,missing episode match metadata,,,,0
imdb://tt2990156,F:\MediaStack\data\media\tv\Attack on Titan\Season 01\Attack on Titan - S01E11 - Idol - The Struggle for Trost (7).mkv,episode,Attack on Titan – Season 1 – Idol: The Struggle for Trost (7),unmatched,missing episode match metadata,,,,0
imdb://tt3005840,F:\MediaStack\data\media\tv\Attack on Titan\Season 01\Attack on Titan - S01E12 - Wound - The Struggle for Trost (8).mkv,episode,Attack on Titan – Season 1 – Wound: The Struggle for Trost (8),unmatched,missing episode match metadata,,,,0
imdb://tt3034014,F:\MediaStack\data\media\tv\Attack on Titan\Season 01\Attack on Titan - S01E13 - Primal Desire - The Struggle for Trost (9).mkv,episode,Attack on Titan – Season 1 – Primal Desire: The Struggle for Trost (9),unmatched,missing episode match metadata,,,,0
imdb://tt3038178,F:\MediaStack\data\media\tv\Attack on Titan\Season 01\Attack on Titan - S01E14 - Can't Look into His Eyes Yet - Eve of the Counterattack (1).mkv,episode,Attack on Titan – Season 1 – Can't Look Into His Eyes Yet: Eve of the Counterattack (1),unmatched,missing episode match metadata,,,,0
imdb://tt3069226,F:\MediaStack\data\media\tv\Attack on Titan\Season 01\Attack on Titan - S01E15 - Special Operations Squad - Eve of the Counterattack (2).mkv,episode,Attack on Titan – Season 1 – Special Operations Squad: Eve of the Counterattack (2),unmatched,missing episode match metadata,,,,0
imdb://tt3086098,F:\MediaStack\data\media\tv\Attack on Titan\Season 01\Attack on Titan - S01E16 - What Needs to Be Done Now - Eve of the Counterattack (3).mkv,episode,Attack on Titan – Season 1 – What Needs to be Done Now: Eve of the Counterattack (3),unmatched,missing episode match metadata,,,,0
imdb://tt3104218,F:\MediaStack\data\media\tv\Attack on Titan\Season 01\Attack on Titan - S01E17 - Female Titan - The 57th Exterior Scouting Mission (1).mkv,episode,Attack on Titan – Season 1 – Female Titan: The 57th Exterior Scouting Mission (1),unmatched,missing episode match metadata,,,,0
imdb://tt3104224,F:\MediaStack\data\media\tv\Attack on Titan\Season 01\Attack on Titan - S01E18 - Forest of Giant Trees - The 57th Exterior Scouting Mission (2).mkv,episode,Attack on Titan – Season 1 – Forest of Giant Trees: The 57th Expedition Scouting Mission (2),unmatched,missing episode match metadata,,,,0
imdb://tt3122060,F:\MediaStack\data\media\tv\Attack on Titan\Season 01\Attack on Titan - S01E19 - Bite - The 57th Exterior Scouting Mission (3).mkv,episode,Attack on Titan – Season 1 – Bite: The 57th Expedition Scouting Mission (3),unmatched,missing episode match metadata,,,,0
imdb://tt3134450,F:\MediaStack\data\media\tv\Attack on Titan\Season 01\Attack on Titan - S01E20 - Erwin Smith - The 57th Exterior Scouting Mission (4).mkv,episode,Attack on Titan – Season 1 – Erwin Smith: The 57th Exterior Scouting Mission (4),unmatched,missing episode match metadata,,,,0
imdb://tt3148020,F:\MediaStack\data\media\tv\Attack on Titan\Season 01\Attack on Titan - S01E21 - Crushing Blow - The 57th Exterior Scouting Mission (5).mkv,episode,Attack on Titan – Season 1 – Crushing Blow: The 57th Exterior Scouting Mission (5),unmatched,missing episode match metadata,,,,0
imdb://tt3158344,F:\MediaStack\data\media\tv\Attack on Titan\Season 01\Attack on Titan - S01E22 - The Defeated - The 57th Exterior Scouting Mission (6).mkv,episode,Attack on Titan – Season 1 – The Defeated: The 57th Expedition Scouting Mission (6),unmatched,missing episode match metadata,,,,0
imdb://tt3174238,F:\MediaStack\data\media\tv\Attack on Titan\Season 01\Attack on Titan - S01E23 - Smile - Assault on Stohess (1).mkv,episode,Attack on Titan – Season 1 – Smile: Assault on Stohess (1),unmatched,missing episode match metadata,,,,0
imdb://tt3174242,F:\MediaStack\data\media\tv\Attack on Titan\Season 01\Attack on Titan - S01E24 - Mercy - Assault on Stohess (2).mkv,episode,Attack on Titan – Season 1 – Mercy: Assault on Stohess (2),unmatched,missing episode match metadata,,,,0
imdb://tt3174248,F:\MediaStack\data\media\tv\Attack on Titan\Season 01\Attack on Titan - S01E25 - Wall - Assault on Stohess (3).mkv,episode,Attack on Titan – Season 1 – Wall: Assault on Stohess (3),unmatched,missing episode match metadata,,,,0
imdb://tt4228718,F:\MediaStack\data\media\tv\Attack on Titan\Season 02\Attack on Titan - S02E01 - Beast Titan.mkv,episode,Attack on Titan – Season 2 – Beast Titan,unmatched,missing episode match metadata,,,,0
imdb://tt6723670,F:\MediaStack\data\media\tv\Attack on Titan\Season 02\Attack on Titan - S02E02 - I'm Home.mkv,episode,Attack on Titan – Season 2 – I'm Home,unmatched,missing episode match metadata,,,,0
imdb://tt12071980,F:\MediaStack\data\media\tv\Ascendance of a Bookworm\Season 01\Ascendance of a Bookworm - S01E17 - Needs.mkv,episode,Ascendance of a Bookworm – Season 1 – Needs,unmatched,missing episode match metadata,,,,0
imdb://tt12071988,F:\MediaStack\data\media\tv\Ascendance of a Bookworm\Season 01\Ascendance of a Bookworm - S01E18 - Orphanage Reforms.mkv,episode,Ascendance of a Bookworm – Season 1 – Orphanage Reforms,unmatched,missing episode match metadata,,,,0
imdb://tt12071984,F:\MediaStack\data\media\tv\Ascendance of a Bookworm\Season 01\Ascendance of a Bookworm - S01E19 - Cleanups and Star Festivals.mkv,episode,Ascendance of a Bookworm – Season 1 – Cleanups and Star Festivals,unmatched,missing episode match metadata,,,,0
imdb://tt12071990,F:\MediaStack\data\media\tv\Ascendance of a Bookworm\Season 01\Ascendance of a Bookworm - S01E20 - The Path Ahead of Lutz.mkv,episode,Ascendance of a Bookworm – Season 1 – The Path Ahead of Lutz,unmatched,missing episode match metadata,,,,0
imdb://tt12291120,F:\MediaStack\data\media\tv\Ascendance of a Bookworm\Season 01\Ascendance of a Bookworm - S01E21 - New Retainers.mkv,episode,Ascendance of a Bookworm – Season 1 – New Retainers,unmatched,missing episode match metadata,,,,0
imdb://tt12291128,F:\MediaStack\data\media\tv\Ascendance of a Bookworm\Season 01\Ascendance of a Bookworm - S01E22 - Wilma and Holy Scriptures for Kids.mkv,episode,Ascendance of a Bookworm – Season 1 – Wilma and Holy Scriptures for Kids,unmatched,missing episode match metadata,,,,0
imdb://tt12332852,F:\MediaStack\data\media\tv\Ascendance of a Bookworm\Season 01\Ascendance of a Bookworm - S01E23 - Harvest Festivals and Staying Home.mkv,episode,Ascendance of a Bookworm – Season 1 – Harvest Festivals and Staying Home,unmatched,missing episode match metadata,,,,0
imdb://tt12412706,F:\MediaStack\data\media\tv\Ascendance of a Bookworm\Season 01\Ascendance of a Bookworm - S01E24 - Knight Orders and Requests.mkv,episode,Ascendance of a Bookworm – Season 1 – Knight Orders and Requests,unmatched,missing episode match metadata,,,,0
imdb://tt12412722,F:\MediaStack\data\media\tv\Ascendance of a Bookworm\Season 01\Ascendance of a Bookworm - S01E25 - Trombe and Battles.mkv,episode,Ascendance of a Bookworm – Season 1 – Trombe and Battles,unmatched,missing episode match metadata,,,,0
imdb://tt12412718,F:\MediaStack\data\media\tv\Ascendance of a Bookworm\Season 01\Ascendance of a Bookworm - S01E26 - Dreamlike World.mkv,episode,Ascendance of a Bookworm – Season 1 – Dreamlike World,unmatched,missing episode match metadata,,,,0
tmdb://3608753,F:\MediaStack\data\media\tv\Ascendance of a Bookworm\Season 01\Ascendance of a Bookworm - S01E27 - The Beginning of Winter.mkv,episode,Ascendance of a Bookworm – Season 1 – The Beginning of Winter,unmatched,missing episode match metadata,,,,0
tmdb://3638422,F:\MediaStack\data\media\tv\Ascendance of a Bookworm\Season 01\Ascendance of a Bookworm - S01E28 - The Story About Winter Stays and the Future.mkv,episode,Ascendance of a Bookworm – Season 1 – The Story About Winter Stays and the Future,unmatched,missing episode match metadata,,,,0
tmdb://3638424,F:\MediaStack\data\media\tv\Ascendance of a Bookworm\Season 01\Ascendance of a Bookworm - S01E29 - The Dedication Ceremony and Spring Arrives.mkv,episode,Ascendance of a Bookworm – Season 1 – The Dedication Ceremony and Spring Arrives,unmatched,missing episode match metadata,,,,0
imdb://tt19894602,F:\MediaStack\data\media\tv\Ascendance of a Bookworm\Season 01\Ascendance of a Bookworm - S01E30 - Spring Prayer.mkv,episode,Ascendance of a Bookworm – Season 1 – Spring Prayer,unmatched,missing episode match metadata,,,,0
imdb://tt19894624,F:\MediaStack\data\media\tv\Ascendance of a Bookworm\Season 01\Ascendance of a Bookworm - S01E31 - Gift From the Blue-Robed Priest and Going Home.mkv,episode,Ascendance of a Bookworm – Season 1 – Gift From the Blue-Robed Priest and Going Home,unmatched,missing episode match metadata,,,,0
imdb://tt20913510,F:\MediaStack\data\media\tv\Ascendance of a Bookworm\Season 01\Ascendance of a Bookworm - S01E32 - The Abandoned Child of the Cathedral and Making Colors.mkv,episode,Ascendance of a Bookworm – Season 1 – The Abandoned Child of the Cathedral and Making Colors,unmatched,missing episode match metadata,,,,0
imdb://tt20913512,F:\MediaStack\data\media\tv\Ascendance of a Bookworm\Season 01\Ascendance of a Bookworm - S01E33 - Delia and Dirk.mkv,episode,Ascendance of a Bookworm – Season 1 – Delia and Dirk,unmatched,missing episode match metadata,,,,0
imdb://tt20913514,F:\MediaStack\data\media\tv\Ascendance of a Bookworm\Season 01\Ascendance of a Bookworm - S01E34 - Ominous Developments.mkv,episode,Ascendance of a Bookworm – Season 1 – Ominous Developments,unmatched,missing episode match metadata,,,,0
imdb://tt20913520,F:\MediaStack\data\media\tv\Ascendance of a Bookworm\Season 01\Ascendance of a Bookworm - S01E35 - The Black Protective Charm.mkv,episode,Ascendance of a Bookworm – Season 1 – The Black Protective Charm,unmatched,missing episode match metadata,,,,0
imdb://tt20913524,F:\MediaStack\data\media\tv\Ascendance of a Bookworm\Season 01\Ascendance of a Bookworm - S01E36 - Blessing.mkv,episode,Ascendance of a Bookworm – Season 1 – Blessing,unmatched,missing episode match metadata,,,,0
imdb://tt2825724,"F:\MediaStack\data\media\tv\Attack on Titan\Season 01\Attack on Titan - S01E01 - To You, in 2,000 Years - The Fall of Shiganshina (1).mkv",episode,"Attack on Titan – Season 1 – To You, in 2000 Years: The Fall of Shiganshina (1)",unmatched,missing episode match metadata,,,,0
imdb://tt2844574,F:\MediaStack\data\media\tv\Attack on Titan\Season 01\Attack on Titan - S01E02 - That Day - The Fall of Shiganshina (2).mkv,episode,Attack on Titan – Season 1 – That Day: The Fall of Shiganshina (2),unmatched,missing episode match metadata,,,,0
imdb://tt2858742,F:\MediaStack\data\media\tv\Attack on Titan\Season 01\Attack on Titan - S01E03 - A Dim Light Amid Despair - Humanity's Comeback (1).mkv,episode,Attack on Titan – Season 1 – A Dim Light Amid Despair: Humanity's Comeback (1),unmatched,missing episode match metadata,,,,0
imdb://tt2858740,F:\MediaStack\data\media\tv\Attack on Titan\Season 01\Attack on Titan - S01E04 - The Night of the Closing Ceremony - Humanity's Comeback (2).mkv,episode,Attack on Titan – Season 1 – The Night of the Closing Ceremony: Humanity's Comeback (2),unmatched,missing episode match metadata,,,,0
imdb://tt2879076,F:\MediaStack\data\media\tv\Attack on Titan\Season 01\Attack on Titan - S01E05 - First Battle - The Struggle for Trost (1).mkv,episode,Attack on Titan – Season 1 – First Battle: The Struggle for Trost (1),unmatched,missing episode match metadata,,,,0
imdb://tt2899140,F:\MediaStack\data\media\tv\Attack on Titan\Season 01\Attack on Titan - S01E06 - The World the Girl Saw - The Struggle for Trost (2).mkv,episode,Attack on Titan – Season 1 – The World the Girl Saw: The Struggle for Trost (2),unmatched,missing episode match metadata,,,,0
imdb://tt4861470,F:\MediaStack\data\media\tv\Arrested Development\Season 05\Arrested Development - S05E08 - Premature Independence.mkv,episode,Arrested Development – Season 5 – Premature Independence,unmatched,missing episode match metadata,,,,0
imdb://tt4861472,F:\MediaStack\data\media\tv\Arrested Development\Season 05\Arrested Development - S05E09 - Unexpected Company.mkv,episode,Arrested Development – Season 5 – Unexpected Company,unmatched,missing episode match metadata,,,,0
imdb://tt4861478,F:\MediaStack\data\media\tv\Arrested Development\Season 05\Arrested Development - S05E10 - Taste Makers.mkv,episode,Arrested Development – Season 5 – Taste Makers,unmatched,missing episode match metadata,,,,0
imdb://tt4861482,F:\MediaStack\data\media\tv\Arrested Development\Season 05\Arrested Development - S05E11 - Chain Migration.mkv,episode,Arrested Development – Season 5 – Chain Migration,unmatched,missing episode match metadata,,,,0
imdb://tt4861486,F:\MediaStack\data\media\tv\Arrested Development\Season 05\Arrested Development - S05E12 - Check Mates.mkv,episode,Arrested Development – Season 5 – Check Mates,unmatched,missing episode match metadata,,,,0
imdb://tt4861484,F:\MediaStack\data\media\tv\Arrested Development\Season 05\Arrested Development - S05E13 - The Untethered Sole.mkv,episode,Arrested Development – Season 5 – The Untethered Sole,unmatched,missing episode match metadata,,,,0
imdb://tt4861490,F:\MediaStack\data\media\tv\Arrested Development\Season 05\Arrested Development - S05E14 - Saving for Arraignment Day.mkv,episode,Arrested Development – Season 5 – Saving for Arraignment Day,unmatched,missing episode match metadata,,,,0
imdb://tt4861494,F:\MediaStack\data\media\tv\Arrested Development\Season 05\Arrested Development - S05E15 - Courting Disasters.mkv,episode,Arrested Development – Season 5 – Courting Disasters,unmatched,missing episode match metadata,,,,0
imdb://tt4589904,F:\MediaStack\data\media\tv\Arrested Development\Season 05\Arrested Development - S05E16 - The Fallout.mkv,episode,Arrested Development – Season 5 – The Fallout,unmatched,missing episode match metadata,,,,0
imdb://tt10972968,F:\MediaStack\data\media\tv\Ascendance of a Bookworm\Season 01\Ascendance of a Bookworm - S01E01 - A World Without Books.mkv,episode,Ascendance of a Bookworm – Season 1 – A World Without Books,unmatched,missing episode match metadata,,,,0
imdb://tt11043480,F:\MediaStack\data\media\tv\Ascendance of a Bookworm\Season 01\Ascendance of a Bookworm - S01E02 - Life Improvements and Slates.mkv,episode,Ascendance of a Bookworm – Season 1 – Life Improvements and Slates,unmatched,missing episode match metadata,,,,0
imdb://tt11056362,F:\MediaStack\data\media\tv\Ascendance of a Bookworm\Season 01\Ascendance of a Bookworm - S01E03 - The Events of Winter.mkv,episode,Ascendance of a Bookworm – Season 1 – The Events of Winter,unmatched,missing episode match metadata,,,,0
imdb://tt11166904,F:\MediaStack\data\media\tv\Ascendance of a Bookworm\Season 01\Ascendance of a Bookworm - S01E04 - Forests and Clay Tablets.mkv,episode,Ascendance of a Bookworm – Season 1 – Forests and Clay Tablets,unmatched,missing episode match metadata,,,,0
imdb://tt11166906,F:\MediaStack\data\media\tv\Ascendance of a Bookworm\Season 01\Ascendance of a Bookworm - S01E05 - Baptisms and Strange Fevers.mkv,episode,Ascendance of a Bookworm – Season 1 – Baptisms and Strange Fevers,unmatched,missing episode match metadata,,,,0
imdb://tt11166912,F:\MediaStack\data\media\tv\Ascendance of a Bookworm\Season 01\Ascendance of a Bookworm - S01E06 - Meeting.mkv,episode,Ascendance of a Bookworm – Season 1 – Meeting,unmatched,missing episode match metadata,,,,0
imdb://tt11237920,F:\MediaStack\data\media\tv\Ascendance of a Bookworm\Season 01\Ascendance of a Bookworm - S01E07 - Seeds of Suspicion.mkv,episode,Ascendance of a Bookworm – Season 1 – Seeds of Suspicion,unmatched,missing episode match metadata,,,,0
imdb://tt11264640,F:\MediaStack\data\media\tv\Ascendance of a Bookworm\Season 01\Ascendance of a Bookworm - S01E08 - Lutz's Main.mkv,episode,Ascendance of a Bookworm – Season 1 – Lutz's Main,unmatched,missing episode match metadata,,,,0
imdb://tt11268876,F:\MediaStack\data\media\tv\Ascendance of a Bookworm\Season 01\Ascendance of a Bookworm - S01E09 - The Guild Master's Granddaughter.mkv,episode,Ascendance of a Bookworm – Season 1 – The Guild Master's Granddaughter,unmatched,missing episode match metadata,,,,0
imdb://tt11310650,F:\MediaStack\data\media\tv\Ascendance of a Bookworm\Season 01\Ascendance of a Bookworm - S01E10 - To the Second Winter.mkv,episode,Ascendance of a Bookworm – Season 1 – To the Second Winter,unmatched,missing episode match metadata,,,,0
imdb://tt11310652,F:\MediaStack\data\media\tv\Ascendance of a Bookworm\Season 01\Ascendance of a Bookworm - S01E11 - Life-or-Death Choices and Family Meetings.mkv,episode,Ascendance of a Bookworm – Season 1 – Life-or-Death Choices and Family Meetings,unmatched,missing episode match metadata,,,,0
imdb://tt11310656,F:\MediaStack\data\media\tv\Ascendance of a Bookworm\Season 01\Ascendance of a Bookworm - S01E12 - Baptism and Divine Paradises.mkv,episode,Ascendance of a Bookworm – Season 1 – Baptism and Divine Paradises,unmatched,missing episode match metadata,,,,0
imdb://tt11455732,F:\MediaStack\data\media\tv\Ascendance of a Bookworm\Season 01\Ascendance of a Bookworm - S01E13 - The Choice To Be an Apprentice Priestess.mkv,episode,Ascendance of a Bookworm – Season 1 – The Choice To Be an Apprentice Priestess,unmatched,missing episode match metadata,,,,0
imdb://tt11455734,F:\MediaStack\data\media\tv\Ascendance of a Bookworm\Season 01\Ascendance of a Bookworm - S01E14 - Conclusions.mkv,episode,Ascendance of a Bookworm – Season 1 – Conclusions,unmatched,missing episode match metadata,,,,0
imdb://tt11614574,F:\MediaStack\data\media\tv\Ascendance of a Bookworm\Season 01\Ascendance of a Bookworm - S01E15 - Apprentice Priestess.mkv,episode,Ascendance of a Bookworm – Season 1 – Apprentice Priestess,unmatched,missing episode match metadata,,,,0
imdb://tt12071978,F:\MediaStack\data\media\tv\Ascendance of a Bookworm\Season 01\Ascendance of a Bookworm - S01E16 - Blue Robes and Uncommon Sense.mkv,episode,Ascendance of a Bookworm – Season 1 – Blue Robes and Uncommon Sense,unmatched,missing episode match metadata,,,,0
imdb://tt0757386,F:\MediaStack\data\media\tv\Arrested Development\Season 03\Arrested Development - S03E13 - Development Arrested.mkv,episode,Arrested Development – Season 3 – Development Arrested,unmatched,missing episode match metadata,,,,0
imdb://tt2128813,F:\MediaStack\data\media\tv\Arrested Development\Season 04\Arrested Development - S04E01 - Flight of the Phoenix.mkv,episode,Arrested Development – Season 4 – Flight of the Phoenix,unmatched,missing episode match metadata,,,,0
imdb://tt2128815,F:\MediaStack\data\media\tv\Arrested Development\Season 04\Arrested Development - S04E02 - Borderline Personalities.mkv,episode,Arrested Development – Season 4 – Borderline Personalities,unmatched,missing episode match metadata,,,,0
imdb://tt2128816,F:\MediaStack\data\media\tv\Arrested Development\Season 04\Arrested Development - S04E03 - Indian Takers.mkv,episode,Arrested Development – Season 4 – Indian Takers,unmatched,missing episode match metadata,,,,0
imdb://tt2128817,F:\MediaStack\data\media\tv\Arrested Development\Season 04\Arrested Development - S04E04 - The B. Team.mkv,episode,Arrested Development – Season 4 – The B. Team,unmatched,missing episode match metadata,,,,0
imdb://tt2128818,F:\MediaStack\data\media\tv\Arrested Development\Season 04\Arrested Development - S04E05 - A New Start.mkv,episode,Arrested Development – Season 4 – A New Start,unmatched,missing episode match metadata,,,,0
imdb://tt2128819,F:\MediaStack\data\media\tv\Arrested Development\Season 04\Arrested Development - S04E06 - Double Crossers.mkv,episode,Arrested Development – Season 4 – Double Crossers,unmatched,missing episode match metadata,,,,0
imdb://tt2128820,F:\MediaStack\data\media\tv\Arrested Development\Season 04\Arrested Development - S04E07 - Colony Collapse.mkv,episode,Arrested Development – Season 4 – Colony Collapse,unmatched,missing episode match metadata,,,,0
imdb://tt2128821,F:\MediaStack\data\media\tv\Arrested Development\Season 04\Arrested Development - S04E08 - Red Hairing.mkv,episode,Arrested Development – Season 4 – Red Hairing,unmatched,missing episode match metadata,,,,0
imdb://tt2128822,F:\MediaStack\data\media\tv\Arrested Development\Season 04\Arrested Development - S04E09 - Smashed.mkv,episode,Arrested Development – Season 4 – Smashed,unmatched,missing episode match metadata,,,,0
imdb://tt2128814,F:\MediaStack\data\media\tv\Arrested Development\Season 04\Arrested Development - S04E10 - Queen B.mkv,episode,Arrested Development – Season 4 – Queen B.,unmatched,missing episode match metadata,,,,0
imdb://tt2495824,F:\MediaStack\data\media\tv\Arrested Development\Season 04\Arrested Development - S04E11 - A New Attitude.mkv,episode,Arrested Development – Season 4 – A New Attitude,unmatched,missing episode match metadata,,,,0
imdb://tt2604336,F:\MediaStack\data\media\tv\Arrested Development\Season 04\Arrested Development - S04E12 - Señoritis.mkv,episode,Arrested Development – Season 4 – Señoritis,unmatched,missing episode match metadata,,,,0
imdb://tt2604334,F:\MediaStack\data\media\tv\Arrested Development\Season 04\Arrested Development - S04E13 - It Gets Better.mkv,episode,Arrested Development – Season 4 – It Gets Better,unmatched,missing episode match metadata,,,,0
imdb://tt2604338,F:\MediaStack\data\media\tv\Arrested Development\Season 04\Arrested Development - S04E14 - Off the Hook.mkv,episode,Arrested Development – Season 4 – Off the Hook,unmatched,missing episode match metadata,,,,0
imdb://tt2826310,F:\MediaStack\data\media\tv\Arrested Development\Season 04\Arrested Development - S04E15 - Blockheads.mkv,episode,Arrested Development – Season 4 – Blockheads,unmatched,missing episode match metadata,,,,0
imdb://tt4589902,F:\MediaStack\data\media\tv\Arrested Development\Season 05\Arrested Development - S05E01 - Family Leave.mkv,episode,Arrested Development – Season 5 – Family Leave,unmatched,missing episode match metadata,,,,0
imdb://tt4861452,F:\MediaStack\data\media\tv\Arrested Development\Season 05\Arrested Development - S05E02 - Self-Deportation.mkv,episode,Arrested Development – Season 5 – Self-Deportation,unmatched,missing episode match metadata,,,,0
imdb://tt4861456,F:\MediaStack\data\media\tv\Arrested Development\Season 05\Arrested Development - S05E03 - Everyone Gets Atrophy.mkv,episode,Arrested Development – Season 5 – Everyone Gets Atrophy,unmatched,missing episode match metadata,,,,0
imdb://tt4861458,F:\MediaStack\data\media\tv\Arrested Development\Season 05\Arrested Development - S05E04 - An Old Start.mkv,episode,"Arrested Development – Season 5 – Old Start, An",unmatched,missing episode match metadata,,,,0
imdb://tt4861460,F:\MediaStack\data\media\tv\Arrested Development\Season 05\Arrested Development - S05E05 - Sinking Feelings.mkv,episode,Arrested Development – Season 5 – Sinking Feelings,unmatched,missing episode match metadata,,,,0
imdb://tt4861462,F:\MediaStack\data\media\tv\Arrested Development\Season 05\Arrested Development - S05E06 - Emotional Baggage.mkv,episode,Arrested Development – Season 5 – Emotional Baggage,unmatched,missing episode match metadata,,,,0
imdb://tt4861466,F:\MediaStack\data\media\tv\Arrested Development\Season 05\Arrested Development - S05E07 - Rom-Traum.mkv,episode,Arrested Development – Season 5 – Rom-Traum,unmatched,missing episode match metadata,,,,0
imdb://tt0515243,F:\MediaStack\data\media\tv\Arrested Development\Season 02\Arrested Development - S02E05 - Sad Sack.mkv,episode,Arrested Development – Season 2 – Sad Sack,unmatched,missing episode match metadata,,,,0
imdb://tt0515207,F:\MediaStack\data\media\tv\Arrested Development\Season 02\Arrested Development - S02E06 - Afternoon Delight.mkv,episode,Arrested Development – Season 2 – Afternoon Delight,unmatched,missing episode match metadata,,,,0
imdb://tt0515248,F:\MediaStack\data\media\tv\Arrested Development\Season 02\Arrested Development - S02E07 - Switch Hitter.mkv,episode,Arrested Development – Season 2 – Switch Hitter,unmatched,missing episode match metadata,,,,0
imdb://tt0515239,F:\MediaStack\data\media\tv\Arrested Development\Season 02\Arrested Development - S02E08 - Queen for a Day.mkv,episode,Arrested Development – Season 2 – Queen for a Day,unmatched,missing episode match metadata,,,,0
imdb://tt0515213,F:\MediaStack\data\media\tv\Arrested Development\Season 02\Arrested Development - S02E09 - Burning Love.mkv,episode,Arrested Development – Season 2 – Burning Love,unmatched,missing episode match metadata,,,,0
imdb://tt0515240,"F:\MediaStack\data\media\tv\Arrested Development\Season 02\Arrested Development - S02E10 - Ready, Aim, Marry Me!.mkv",episode,"Arrested Development – Season 2 – Ready, Aim, Marry Me",unmatched,missing episode match metadata,,,,0
imdb://tt0515234,F:\MediaStack\data\media\tv\Arrested Development\Season 02\Arrested Development - S02E11 - Out on a Limb.mkv,episode,Arrested Development – Season 2 – Out on a Limb,unmatched,missing episode match metadata,,,,0
imdb://tt0515220,F:\MediaStack\data\media\tv\Arrested Development\Season 02\Arrested Development - S02E12 - Hand to God.mkv,episode,Arrested Development – Season 2 – Hand to God,unmatched,missing episode match metadata,,,,0
imdb://tt0515229,F:\MediaStack\data\media\tv\Arrested Development\Season 02\Arrested Development - S02E13 - Motherboy XXX.mkv,episode,Arrested Development – Season 2 – Motherboy XXX,unmatched,missing episode match metadata,,,,0
imdb://tt0515251,F:\MediaStack\data\media\tv\Arrested Development\Season 02\Arrested Development - S02E14 - The Immaculate Election.mkv,episode,Arrested Development – Season 2 – The Immaculate Election,unmatched,missing episode match metadata,,,,0
imdb://tt0515255,F:\MediaStack\data\media\tv\Arrested Development\Season 02\Arrested Development - S02E15 - Sword of Destiny.mkv,episode,Arrested Development – Season 2 – Sword of Destiny,unmatched,missing episode match metadata,,,,0
imdb://tt0515227,F:\MediaStack\data\media\tv\Arrested Development\Season 02\Arrested Development - S02E16 - Meat the Veals.mkv,episode,Arrested Development – Season 2 – Meat the Veals,unmatched,missing episode match metadata,,,,0
imdb://tt0515245,F:\MediaStack\data\media\tv\Arrested Development\Season 02\Arrested Development - S02E17 - Spring Breakout.mkv,episode,Arrested Development – Season 2 – Spring Breakout,unmatched,missing episode match metadata,,,,0
imdb://tt0515241,F:\MediaStack\data\media\tv\Arrested Development\Season 02\Arrested Development - S02E18 - Righteous Brothers.mkv,episode,Arrested Development – Season 2 – The Righteous Brothers,unmatched,missing episode match metadata,,,,0
imdb://tt0515250,F:\MediaStack\data\media\tv\Arrested Development\Season 03\Arrested Development - S03E01 - The Cabin Show.mkv,episode,Arrested Development – Season 3 – The Cabin Show,unmatched,missing episode match metadata,,,,0
imdb://tt0515249,F:\MediaStack\data\media\tv\Arrested Development\Season 03\Arrested Development - S03E02 - For British Eyes Only.mkv,episode,Arrested Development – Season 3 – For British Eyes Only,unmatched,missing episode match metadata,,,,0
imdb://tt0515218,F:\MediaStack\data\media\tv\Arrested Development\Season 03\Arrested Development - S03E03 - Forget Me Now.mkv,episode,Arrested Development – Season 3 – Forget-Me-Now,unmatched,missing episode match metadata,,,,0
imdb://tt0515233,F:\MediaStack\data\media\tv\Arrested Development\Season 03\Arrested Development - S03E04 - Notapusy.mkv,episode,Arrested Development – Season 3 – Notapusy,unmatched,missing episode match metadata,,,,0
imdb://tt0515230,F:\MediaStack\data\media\tv\Arrested Development\Season 03\Arrested Development - S03E05 - Mr. F.mkv,episode,Arrested Development – Season 3 – Mr. F,unmatched,missing episode match metadata,,,,0
imdb://tt0515252,F:\MediaStack\data\media\tv\Arrested Development\Season 03\Arrested Development - S03E06 - The Ocean Walker.mkv,episode,Arrested Development – Season 3 – The Ocean Walker,unmatched,missing episode match metadata,,,,0
imdb://tt0515237,F:\MediaStack\data\media\tv\Arrested Development\Season 03\Arrested Development - S03E07 - Prison Break-In.mkv,episode,Arrested Development – Season 3 – Prison Break-In,unmatched,missing episode match metadata,,,,0
imdb://tt0515225,F:\MediaStack\data\media\tv\Arrested Development\Season 03\Arrested Development - S03E08 - Making a Stand.mkv,episode,Arrested Development – Season 3 – Making a Stand,unmatched,missing episode match metadata,,,,0
imdb://tt0515242,F:\MediaStack\data\media\tv\Arrested Development\Season 03\Arrested Development - S03E09 - S.O.B.s.mkv,episode,Arrested Development – Season 3 – S.O.B.s,unmatched,missing episode match metadata,,,,0
imdb://tt0515216,F:\MediaStack\data\media\tv\Arrested Development\Season 03\Arrested Development - S03E10 - Fakin' It.mkv,episode,Arrested Development – Season 3 – Fakin' It,unmatched,missing episode match metadata,,,,0
imdb://tt0515217,F:\MediaStack\data\media\tv\Arrested Development\Season 03\Arrested Development - S03E11 - Family Ties.mkv,episode,Arrested Development – Season 3 – Family Ties,unmatched,missing episode match metadata,,,,0
imdb://tt0515215,F:\MediaStack\data\media\tv\Arrested Development\Season 03\Arrested Development - S03E12 - Exit Strategy.mkv,episode,Arrested Development – Season 3 – Exit Strategy,unmatched,missing episode match metadata,,,,0
imdb://tt0515212,F:\MediaStack\data\media\tv\Arrested Development\Season 01\Arrested Development - S01E03 - Bringing Up Buster.mkv,episode,Arrested Development – Season 1 – Bringing Up Buster,unmatched,missing episode match metadata,,,,0
imdb://tt0515223,F:\MediaStack\data\media\tv\Arrested Development\Season 01\Arrested Development - S01E04 - Key Decisions.mkv,episode,Arrested Development – Season 1 – Key Decisions,unmatched,missing episode match metadata,,,,0
imdb://tt0515214,F:\MediaStack\data\media\tv\Arrested Development\Season 01\Arrested Development - S01E05 - Charity Drive.mkv,episode,Arrested Development – Season 1 – Charity Drive,unmatched,missing episode match metadata,,,,0
imdb://tt0515257,F:\MediaStack\data\media\tv\Arrested Development\Season 01\Arrested Development - S01E06 - Visiting Ours.mkv,episode,Arrested Development – Season 1 – Visiting Ours,unmatched,missing episode match metadata,,,,0
imdb://tt0515221,F:\MediaStack\data\media\tv\Arrested Development\Season 01\Arrested Development - S01E07 - In God We Trust.mkv,episode,Arrested Development – Season 1 – In God We Trust,unmatched,missing episode match metadata,,,,0
imdb://tt0515231,"F:\MediaStack\data\media\tv\Arrested Development\Season 01\Arrested Development - S01E08 - My Mother, The Car.mkv",episode,"Arrested Development – Season 1 – My Mother, the Car",unmatched,missing episode match metadata,,,,0
imdb://tt0515247,F:\MediaStack\data\media\tv\Arrested Development\Season 01\Arrested Development - S01E09 - Storming the Castle.mkv,episode,Arrested Development – Season 1 – Storming the Castle,unmatched,missing episode match metadata,,,,0
imdb://tt0515235,F:\MediaStack\data\media\tv\Arrested Development\Season 01\Arrested Development - S01E10 - Pier Pressure.mkv,episode,Arrested Development – Season 1 – Pier Pressure,unmatched,missing episode match metadata,,,,0
imdb://tt0515238,F:\MediaStack\data\media\tv\Arrested Development\Season 01\Arrested Development - S01E11 - Public Relations.mkv,episode,Arrested Development – Season 1 – Public Relations,unmatched,missing episode match metadata,,,,0
imdb://tt0515226,F:\MediaStack\data\media\tv\Arrested Development\Season 01\Arrested Development - S01E12 - Marta Complex.mkv,episode,Arrested Development – Season 1 – Marta Complex,unmatched,missing episode match metadata,,,,0
imdb://tt0515210,F:\MediaStack\data\media\tv\Arrested Development\Season 01\Arrested Development - S01E13 - Beef Consomme.mkv,episode,Arrested Development – Season 1 – Beef Consommé,unmatched,missing episode match metadata,,,,0
imdb://tt0515244,F:\MediaStack\data\media\tv\Arrested Development\Season 01\Arrested Development - S01E14 - Shock and Aww.mkv,episode,Arrested Development – Season 1 – Shock and Aww,unmatched,missing episode match metadata,,,,0
imdb://tt0515246,F:\MediaStack\data\media\tv\Arrested Development\Season 01\Arrested Development - S01E15 - Staff Infection.mkv,episode,Arrested Development – Season 1 – Staff Infection,unmatched,missing episode match metadata,,,,0
imdb://tt0515208,F:\MediaStack\data\media\tv\Arrested Development\Season 01\Arrested Development - S01E16 - Altar Egos.mkv,episode,Arrested Development – Season 1 – Altar Egos,unmatched,missing episode match metadata,,,,0
imdb://tt0515222,F:\MediaStack\data\media\tv\Arrested Development\Season 01\Arrested Development - S01E17 - Justice Is Blind.mkv,episode,Arrested Development – Season 1 – Justice Is Blind,unmatched,missing episode match metadata,,,,0
imdb://tt0515228,F:\MediaStack\data\media\tv\Arrested Development\Season 01\Arrested Development - S01E18 - Missing Kitty.mkv,episode,Arrested Development – Season 1 – Missing Kitty,unmatched,missing episode match metadata,,,,0
imdb://tt0515211,F:\MediaStack\data\media\tv\Arrested Development\Season 01\Arrested Development - S01E19 - Best Man for the Gob.mkv,episode,Arrested Development – Season 1 – Best Man for the Gob,unmatched,missing episode match metadata,,,,0
imdb://tt0515258,F:\MediaStack\data\media\tv\Arrested Development\Season 01\Arrested Development - S01E20 - Whistler's Mother.mkv,episode,Arrested Development – Season 1 – Whistler's Mother,unmatched,missing episode match metadata,,,,0
imdb://tt0515232,F:\MediaStack\data\media\tv\Arrested Development\Season 01\Arrested Development - S01E21 - Not Without My Daughter.mkv,episode,Arrested Development – Season 1 – Not Without My Daughter,unmatched,missing episode match metadata,,,,0
imdb://tt0515224,F:\MediaStack\data\media\tv\Arrested Development\Season 01\Arrested Development - S01E22 - Let 'Em Eat Cake.mkv,episode,Arrested Development – Season 1 – Let 'Em Eat Cake,unmatched,missing episode match metadata,,,,0
imdb://tt0515253,F:\MediaStack\data\media\tv\Arrested Development\Season 02\Arrested Development - S02E01 - The One Where Michael Leaves.mkv,episode,Arrested Development – Season 2 – The One Where Michael Leaves,unmatched,missing episode match metadata,,,,0
imdb://tt0515254,F:\MediaStack\data\media\tv\Arrested Development\Season 02\Arrested Development - S02E02 - The One Where They Build a House.mkv,episode,Arrested Development – Season 2 – The One Where They Build a House,unmatched,missing episode match metadata,,,,0
imdb://tt0515209,F:\MediaStack\data\media\tv\Arrested Development\Season 02\Arrested Development - S02E03 - ¡Amigos!.mkv,episode,Arrested Development – Season 2 – Amigos,unmatched,missing episode match metadata,,,,0
imdb://tt0515219,F:\MediaStack\data\media\tv\Arrested Development\Season 02\Arrested Development - S02E04 - Good Grief.mkv,episode,Arrested Development – Season 2 – Good Grief,unmatched,missing episode match metadata,,,,0
imdb://tt11198702,F:\MediaStack\data\media\tv\Adventure Time - Distant Lands\Season 01\Adventure Time - Distant Lands - S01E02 - Obsidian.mkv,episode,Adventure Time: Distant Lands – Season 1 – Obsidian,unmatched,missing episode match metadata,,,,0
imdb://tt11198708,F:\MediaStack\data\media\tv\Adventure Time - Distant Lands\Season 01\Adventure Time - Distant Lands - S01E03 - Together Again.mkv,episode,Adventure Time: Distant Lands – Season 1 – Together Again,unmatched,missing episode match metadata,,,,0
imdb://tt11198704,F:\MediaStack\data\media\tv\Adventure Time - Distant Lands\Season 01\Adventure Time - Distant Lands - S01E04 - Wizard City.mkv,episode,Adventure Time: Distant Lands – Season 1 – Wizard City,unmatched,missing episode match metadata,,,,0
imdb://tt15251002,F:\MediaStack\data\media\tv\Adventure Time - Fionna and Cake\Season 01\Adventure Time - Fionna and Cake - S01E01 - Fionna Campbell.mkv,episode,Adventure Time: Fionna and Cake – Season 1 – Fionna Campbell,unmatched,missing episode match metadata,,,,0
imdb://tt28811491,F:\MediaStack\data\media\tv\Adventure Time - Fionna and Cake\Season 01\Adventure Time - Fionna and Cake - S01E02 - Simon Petrikov.mkv,episode,Adventure Time: Fionna and Cake – Season 1 – Simon Petrikov,unmatched,missing episode match metadata,,,,0
imdb://tt28819058,F:\MediaStack\data\media\tv\Adventure Time - Fionna and Cake\Season 01\Adventure Time - Fionna and Cake - S01E03 - Cake the Cat.mkv,episode,Adventure Time: Fionna and Cake – Season 1 – Cake the Cat,unmatched,missing episode match metadata,,,,0
imdb://tt29005589,F:\MediaStack\data\media\tv\Adventure Time - Fionna and Cake\Season 01\Adventure Time - Fionna and Cake - S01E04 - Prismo the Wishmaster.mkv,episode,Adventure Time: Fionna and Cake – Season 1 – Prismo the Wishmaster,unmatched,missing episode match metadata,,,,0
imdb://tt29044692,F:\MediaStack\data\media\tv\Adventure Time - Fionna and Cake\Season 01\Adventure Time - Fionna and Cake - S01E05 - Destiny.mkv,episode,Adventure Time: Fionna and Cake – Season 1 – Destiny,unmatched,missing episode match metadata,,,,0
imdb://tt29044696,F:\MediaStack\data\media\tv\Adventure Time - Fionna and Cake\Season 01\Adventure Time - Fionna and Cake - S01E06 - The Winter King.mkv,episode,Adventure Time: Fionna and Cake – Season 1 – The Winter King,unmatched,missing episode match metadata,,,,0
imdb://tt29044699,F:\MediaStack\data\media\tv\Adventure Time - Fionna and Cake\Season 01\Adventure Time - Fionna and Cake - S01E07 - The Star.mkv,episode,Adventure Time: Fionna and Cake – Season 1 – The Star,unmatched,missing episode match metadata,,,,0
imdb://tt29044700,F:\MediaStack\data\media\tv\Adventure Time - Fionna and Cake\Season 01\Adventure Time - Fionna and Cake - S01E08 - Jerry.mkv,episode,Adventure Time: Fionna and Cake – Season 1 – Jerry,unmatched,missing episode match metadata,,,,0
imdb://tt29044703,F:\MediaStack\data\media\tv\Adventure Time - Fionna and Cake\Season 01\Adventure Time - Fionna and Cake - S01E09 - Casper & Nova.mkv,episode,Adventure Time: Fionna and Cake – Season 1 – Casper & Nova,unmatched,missing episode match metadata,,,,0
imdb://tt29044705,F:\MediaStack\data\media\tv\Adventure Time - Fionna and Cake\Season 01\Adventure Time - Fionna and Cake - S01E10 - Cheers.mkv,episode,Adventure Time: Fionna and Cake – Season 1 – Cheers,unmatched,missing episode match metadata,,,,0
imdb://tt30310514,F:\MediaStack\data\media\tv\Adventure Time - Fionna and Cake\Season 02\Adventure Time - Fionna and Cake - S02E01 - The Hare and the Sprout.mkv,episode,Adventure Time: Fionna and Cake – Season 2 – The Hare and the Sprout,unmatched,missing episode match metadata,,,,0
imdb://tt38773663,F:\MediaStack\data\media\tv\Adventure Time - Fionna and Cake\Season 02\Adventure Time - Fionna and Cake - S02E02 - The Crocodile Who Bit a Log.mkv,episode,Adventure Time: Fionna and Cake – Season 2 – The Crocodile Who Bit a Log,unmatched,missing episode match metadata,,,,0
imdb://tt38773662,F:\MediaStack\data\media\tv\Adventure Time - Fionna and Cake\Season 02\Adventure Time - Fionna and Cake - S02E03 - The Lion of Embers.mkv,episode,Adventure Time: Fionna and Cake – Season 2 – The Lion of Embers,unmatched,missing episode match metadata,,,,0
imdb://tt38773664,F:\MediaStack\data\media\tv\Adventure Time - Fionna and Cake\Season 02\Adventure Time - Fionna and Cake - S02E04 - The Cat Who Tipped the Box.mkv,episode,Adventure Time: Fionna and Cake – Season 2 – The Cat Who Tipped the Box,unmatched,missing episode match metadata,,,,0
imdb://tt38773667,F:\MediaStack\data\media\tv\Adventure Time - Fionna and Cake\Season 02\Adventure Time - Fionna and Cake - S02E05 - The Butterfly and the River.mkv,episode,Adventure Time: Fionna and Cake – Season 2 – The Butterfly and the River,unmatched,missing episode match metadata,,,,0
imdb://tt38773665,F:\MediaStack\data\media\tv\Adventure Time - Fionna and Cake\Season 02\Adventure Time - Fionna and Cake - S02E06 - The Bird in the Clock.mkv,episode,Adventure Time: Fionna and Cake – Season 2 – The Bird in the Clock,unmatched,missing episode match metadata,,,,0
imdb://tt38773666,F:\MediaStack\data\media\tv\Adventure Time - Fionna and Cake\Season 02\Adventure Time - Fionna and Cake - S02E07 - The Wolves Who Wandered.mkv,episode,Adventure Time: Fionna and Cake – Season 2 – The Wolves Who Wandered,unmatched,missing episode match metadata,,,,0
imdb://tt38773668,F:\MediaStack\data\media\tv\Adventure Time - Fionna and Cake\Season 02\Adventure Time - Fionna and Cake - S02E08 - The Insect That Sang.mkv,episode,Adventure Time: Fionna and Cake – Season 2 – The Insect that Sang,unmatched,missing episode match metadata,,,,0
imdb://tt38773669,F:\MediaStack\data\media\tv\Adventure Time - Fionna and Cake\Season 02\Adventure Time - Fionna and Cake - S02E09 - The Worm and his Orchard.mkv,episode,Adventure Time: Fionna and Cake – Season 2 – The Worm and his Orchard,unmatched,missing episode match metadata,,,,0
imdb://tt38773670,F:\MediaStack\data\media\tv\Adventure Time - Fionna and Cake\Season 02\Adventure Time - Fionna and Cake - S02E10 - The Bear and the Rose.mkv,episode,Adventure Time: Fionna and Cake – Season 2 – The Bear and the Rose,unmatched,missing episode match metadata,,,,0
imdb://tt0515236,F:\MediaStack\data\media\tv\Arrested Development\Season 01\Arrested Development - S01E01 - Pilot.mkv,episode,Arrested Development – Season 1 – Pilot,unmatched,missing episode match metadata,,,,0
imdb://tt0515256,F:\MediaStack\data\media\tv\Arrested Development\Season 01\Arrested Development - S01E02 - Top Banana.mkv,episode,Arrested Development – Season 1 – Top Banana,unmatched,missing episode match metadata,,,,0
imdb://tt6736250,F:\MediaStack\data\media\tv\Adventure Time\Season 09\Adventure Time - S09E02 - Elements - Skyhooks (1).mkv,episode,Adventure Time – Season 9 – Elements: Skyhooks (1),unmatched,missing episode match metadata,,,,0
imdb://tt6736252,F:\MediaStack\data\media\tv\Adventure Time\Season 09\Adventure Time - S09E03 - Elements - Bespoken For (2).mkv,episode,Adventure Time – Season 9 – Elements: Bespoken For (2),unmatched,missing episode match metadata,,,,0
imdb://tt6736254,F:\MediaStack\data\media\tv\Adventure Time\Season 09\Adventure Time - S09E04 - Elements - Winter Light (3).mkv,episode,Adventure Time – Season 9 – Elements: Winter Light (3),unmatched,missing episode match metadata,,,,0
imdb://tt6736256,F:\MediaStack\data\media\tv\Adventure Time\Season 09\Adventure Time - S09E05 - Elements - Cloudy (4).mkv,episode,Adventure Time – Season 9 – Elements: Cloudy (4),unmatched,missing episode match metadata,,,,0
imdb://tt6736258,F:\MediaStack\data\media\tv\Adventure Time\Season 09\Adventure Time - S09E06 - Elements - Slime Central (5).mkv,episode,Adventure Time – Season 9 – Elements: Slime Central (5),unmatched,missing episode match metadata,,,,0
imdb://tt6736260,F:\MediaStack\data\media\tv\Adventure Time\Season 09\Adventure Time - S09E07 - Elements - Happy Warrior (6).mkv,episode,Adventure Time – Season 9 – Elements: Happy Warrior (6),unmatched,missing episode match metadata,,,,0
imdb://tt6736262,F:\MediaStack\data\media\tv\Adventure Time\Season 09\Adventure Time - S09E08 - Elements - Hero Heart (7).mkv,episode,Adventure Time – Season 9 – Elements: Hero Heart (7),unmatched,missing episode match metadata,,,,0
imdb://tt6736264,F:\MediaStack\data\media\tv\Adventure Time\Season 09\Adventure Time - S09E09 - Elements - Skyhooks II (8).mkv,episode,Adventure Time – Season 9 – Elements: Skyhooks II (8),unmatched,missing episode match metadata,,,,0
imdb://tt7102620,F:\MediaStack\data\media\tv\Adventure Time\Season 09\Adventure Time - S09E10 - Abstract.mkv,episode,Adventure Time – Season 9 – Abstract,unmatched,missing episode match metadata,,,,0
imdb://tt7102622,F:\MediaStack\data\media\tv\Adventure Time\Season 09\Adventure Time - S09E11 - Ketchup.mkv,episode,Adventure Time – Season 9 – Ketchup,unmatched,missing episode match metadata,,,,0
imdb://tt7102626,F:\MediaStack\data\media\tv\Adventure Time\Season 09\Adventure Time - S09E12 - Fionna and Cake and Fionna.mkv,episode,Adventure Time – Season 9 – Fionna and Cake and Fionna,unmatched,missing episode match metadata,,,,0
imdb://tt7102628,F:\MediaStack\data\media\tv\Adventure Time\Season 09\Adventure Time - S09E13 - Whispers.mkv,episode,Adventure Time – Season 9 – Whispers,unmatched,missing episode match metadata,,,,0
imdb://tt7102630,F:\MediaStack\data\media\tv\Adventure Time\Season 09\Adventure Time - S09E14 - Three Buckets.mkv,episode,Adventure Time – Season 9 – Three Buckets,unmatched,missing episode match metadata,,,,0
imdb://tt7308394,F:\MediaStack\data\media\tv\Adventure Time\Season 10\Adventure Time - S10E01 - The Wild Hunt.mkv,episode,Adventure Time – Season 10 – The Wild Hunt,unmatched,missing episode match metadata,,,,0
imdb://tt7308416,F:\MediaStack\data\media\tv\Adventure Time\Season 10\Adventure Time - S10E03 - Son of Rap Bear.mkv,episode,Adventure Time – Season 10 – Son of Rap Bear,unmatched,missing episode match metadata,,,,0
imdb://tt7650228,F:\MediaStack\data\media\tv\Adventure Time\Season 10\Adventure Time - S10E05 - Seventeen.mkv,episode,Adventure Time – Season 10 – Seventeen,unmatched,missing episode match metadata,,,,0
imdb://tt7650230,F:\MediaStack\data\media\tv\Adventure Time\Season 10\Adventure Time - S10E06 - Ring of Fire.mkv,episode,Adventure Time – Season 10 – Ring of Fire,unmatched,missing episode match metadata,,,,0
imdb://tt7650234,F:\MediaStack\data\media\tv\Adventure Time\Season 10\Adventure Time - S10E07 - Marcy & Hunson.mkv,episode,Adventure Time – Season 10 – Marcy & Hunson,unmatched,missing episode match metadata,,,,0
imdb://tt7650238,F:\MediaStack\data\media\tv\Adventure Time\Season 10\Adventure Time - S10E08 - The First Investigation.mkv,episode,Adventure Time – Season 10 – The First Investigation,unmatched,missing episode match metadata,,,,0
imdb://tt8058684,F:\MediaStack\data\media\tv\Adventure Time\Season 10\Adventure Time - S10E09 - Blenanas.mkv,episode,Adventure Time – Season 10 – Blenanas,unmatched,missing episode match metadata,,,,0
imdb://tt8058686,F:\MediaStack\data\media\tv\Adventure Time\Season 10\Adventure Time - S10E10 - Jake the Starchild.mkv,episode,Adventure Time – Season 10 – Jake the Starchild,unmatched,missing episode match metadata,,,,0
imdb://tt8058682,F:\MediaStack\data\media\tv\Adventure Time\Season 10\Adventure Time - S10E11 - Temple of Mars.mkv,episode,Adventure Time – Season 10 – Temple of Mars,unmatched,missing episode match metadata,,,,0
imdb://tt8058688,F:\MediaStack\data\media\tv\Adventure Time\Season 10\Adventure Time - S10E12 - Gumbaldia.mkv,episode,Adventure Time – Season 10 – Gumbaldia,unmatched,missing episode match metadata,,,,0
imdb://tt11198700,F:\MediaStack\data\media\tv\Adventure Time - Distant Lands\Season 01\Adventure Time - Distant Lands - S01E01 - BMO.mkv,episode,Adventure Time: Distant Lands – Season 1 – BMO,unmatched,missing episode match metadata,,,,0
imdb://tt1698777,F:\MediaStack\data\media\tv\Adventure Time\Season 01\Adventure Time - S01E18 - Dungeon.mkv,episode,Adventure Time – Season 1 – Dungeon,unmatched,missing episode match metadata,,,,0
imdb://tt1698781,F:\MediaStack\data\media\tv\Adventure Time\Season 01\Adventure Time - S01E19 - The Duke.mkv,episode,Adventure Time – Season 1 – The Duke,unmatched,missing episode match metadata,,,,0
imdb://tt1698779,F:\MediaStack\data\media\tv\Adventure Time\Season 01\Adventure Time - S01E20 - Freak City.mkv,episode,Adventure Time – Season 1 – Freak City,unmatched,missing episode match metadata,,,,0
imdb://tt1901191,F:\MediaStack\data\media\tv\Adventure Time\Season 01\Adventure Time - S01E21 - Donny.mkv,episode,Adventure Time – Season 1 – Donny,unmatched,missing episode match metadata,,,,0
imdb://tt1698775,F:\MediaStack\data\media\tv\Adventure Time\Season 01\Adventure Time - S01E22 - Henchman.mkv,episode,Adventure Time – Season 1 – Henchman,unmatched,missing episode match metadata,,,,0
imdb://tt1748407,F:\MediaStack\data\media\tv\Adventure Time\Season 01\Adventure Time - S01E23 - Rainy Day Daydream.mkv,episode,Adventure Time – Season 1 – Rainy Day Daydream,unmatched,missing episode match metadata,,,,0
imdb://tt1763360,F:\MediaStack\data\media\tv\Adventure Time\Season 01\Adventure Time - S01E24 - What Have You Done.mkv,episode,Adventure Time – Season 1 – What Have You Done?,unmatched,missing episode match metadata,,,,0
imdb://tt1748408,F:\MediaStack\data\media\tv\Adventure Time\Season 01\Adventure Time - S01E25 - His Hero.mkv,episode,Adventure Time – Season 1 – His Hero,unmatched,missing episode match metadata,,,,0
imdb://tt1698773,F:\MediaStack\data\media\tv\Adventure Time\Season 01\Adventure Time - S01E26 - Gut Grinder.mkv,episode,Adventure Time – Season 1 – Gut Grinder,unmatched,missing episode match metadata,,,,0
imdb://tt5175672,F:\MediaStack\data\media\tv\Adventure Time\Season 07\Adventure Time - S07E06 - Stakes - Marceline the Vampire Queen (1).mkv,episode,Adventure Time – Season 7 – Stakes: Marceline the Vampire Queen (1),unmatched,missing episode match metadata,,,,0
imdb://tt5178356,F:\MediaStack\data\media\tv\Adventure Time\Season 07\Adventure Time - S07E08 - Stakes - Vamps About (3).mkv,episode,Adventure Time – Season 7 – Stakes: Vamps About (3),unmatched,missing episode match metadata,,,,0
imdb://tt5337588,F:\MediaStack\data\media\tv\Adventure Time\Season 07\Adventure Time - S07E23 - Crossover.mkv,episode,Adventure Time – Season 7 – Crossover,unmatched,missing episode match metadata,,,,0
imdb://tt5490178,F:\MediaStack\data\media\tv\Adventure Time\Season 07\Adventure Time - S07E24 - The Hall of Egress.mkv,episode,Adventure Time – Season 7 – The Hall of Egress,unmatched,missing episode match metadata,,,,0
imdb://tt5509092,F:\MediaStack\data\media\tv\Adventure Time\Season 07\Adventure Time - S07E25 - Flute Spell.mkv,episode,Adventure Time – Season 7 – Flute Spell,unmatched,missing episode match metadata,,,,0
imdb://tt5575862,F:\MediaStack\data\media\tv\Adventure Time\Season 08\Adventure Time - S08E01 - Broke His Crown.mkv,episode,Adventure Time – Season 8 – Broke His Crown,unmatched,missing episode match metadata,,,,0
imdb://tt5571800,F:\MediaStack\data\media\tv\Adventure Time\Season 08\Adventure Time - S08E02 - Don't Look.mkv,episode,Adventure Time – Season 8 – Don't Look,unmatched,missing episode match metadata,,,,0
imdb://tt5597954,F:\MediaStack\data\media\tv\Adventure Time\Season 08\Adventure Time - S08E03 - Beyond the Grotto.mkv,episode,Adventure Time – Season 8 – Beyond the Grotto,unmatched,missing episode match metadata,,,,0
imdb://tt5709708,F:\MediaStack\data\media\tv\Adventure Time\Season 08\Adventure Time - S08E04 - Lady Rainicorn of the Crystal Dimension.mkv,episode,Adventure Time – Season 8 – Lady Rainicorn of the Crystal Dimension,unmatched,missing episode match metadata,,,,0
imdb://tt5622154,F:\MediaStack\data\media\tv\Adventure Time\Season 08\Adventure Time - S08E05 - I Am a Sword.mkv,episode,Adventure Time – Season 8 – I am a Sword,unmatched,missing episode match metadata,,,,0
imdb://tt5700380,F:\MediaStack\data\media\tv\Adventure Time\Season 08\Adventure Time - S08E06 - Bun Bun.mkv,episode,Adventure Time – Season 8 – Bun Bun,unmatched,missing episode match metadata,,,,0
imdb://tt5654832,F:\MediaStack\data\media\tv\Adventure Time\Season 08\Adventure Time - S08E07 - Normal Man.mkv,episode,Adventure Time – Season 8 – Normal Man,unmatched,missing episode match metadata,,,,0
imdb://tt6186784,F:\MediaStack\data\media\tv\Adventure Time\Season 08\Adventure Time - S08E12 - Preboot.mkv,episode,Adventure Time – Season 8 – Preboot,unmatched,missing episode match metadata,,,,0
imdb://tt6355336,F:\MediaStack\data\media\tv\Adventure Time\Season 08\Adventure Time - S08E15 - Do No Harm.mkv,episode,Adventure Time – Season 8 – Do No Harm,unmatched,missing episode match metadata,,,,0
imdb://tt6355366,F:\MediaStack\data\media\tv\Adventure Time\Season 08\Adventure Time - S08E24 - Islands - Hide and Seek (5).mkv,episode,Adventure Time – Season 8 – Islands: Hide and Seek (5),unmatched,missing episode match metadata,,,,0
imdb://tt6355370,F:\MediaStack\data\media\tv\Adventure Time\Season 08\Adventure Time - S08E25 - Islands - Min & Marty (6).mkv,episode,Adventure Time – Season 8 – Islands: Min & Marty (6),unmatched,missing episode match metadata,,,,0
imdb://tt6355376,F:\MediaStack\data\media\tv\Adventure Time\Season 08\Adventure Time - S08E27 - Islands - The Light Cloud (8).mkv,episode,Adventure Time – Season 8 – Islands: The Light Cloud (8),unmatched,missing episode match metadata,,,,0
local://22437,F:\MediaStack\data\media\tv\A.M. Yoga for Your Week\Season 01\A.M. Yoga for Your Week - S01E02 - Twists.mkv,episode,A.M. Yoga for Your Week – Season 1 – Episode 2,unmatched,missing episode match metadata,,,,0
local://22438,F:\MediaStack\data\media\tv\A.M. Yoga for Your Week\Season 01\A.M. Yoga for Your Week - S01E03 - Backbends.mkv,episode,A.M. Yoga for Your Week – Season 1 – Episode 3,unmatched,missing episode match metadata,,,,0
local://22439,F:\MediaStack\data\media\tv\A.M. Yoga for Your Week\Season 01\A.M. Yoga for Your Week - S01E04 - Forward Bends.mkv,episode,A.M. Yoga for Your Week – Season 1 – Episode 4,unmatched,missing episode match metadata,,,,0
local://22440,F:\MediaStack\data\media\tv\A.M. Yoga for Your Week\Season 01\A.M. Yoga for Your Week - S01E05 - Hip Openers.mkv,episode,A.M. Yoga for Your Week – Season 1 – Episode 5,unmatched,missing episode match metadata,,,,0
imdb://tt1615520,F:\MediaStack\data\media\tv\Adventure Time\Season 01\Adventure Time - S01E01 - Slumber Party Panic.mkv,episode,Adventure Time – Season 1 – Slumber Party Panic,unmatched,missing episode match metadata,,,,0
imdb://tt1615521,F:\MediaStack\data\media\tv\Adventure Time\Season 01\Adventure Time - S01E02 - Trouble in Lumpy Space.mkv,episode,Adventure Time – Season 1 – Trouble in Lumpy Space,unmatched,missing episode match metadata,,,,0
imdb://tt1622039,F:\MediaStack\data\media\tv\Adventure Time\Season 01\Adventure Time - S01E03 - Prisoners of Love.mkv,episode,Adventure Time – Season 1 – Prisoners of Love,unmatched,missing episode match metadata,,,,0
imdb://tt1626279,F:\MediaStack\data\media\tv\Adventure Time\Season 01\Adventure Time - S01E04 - Tree Trunks.mkv,episode,Adventure Time – Season 1 – Tree Trunks,unmatched,missing episode match metadata,,,,0
imdb://tt1626278,F:\MediaStack\data\media\tv\Adventure Time\Season 01\Adventure Time - S01E05 - The Enchiridion!.mkv,episode,Adventure Time – Season 1 – The Enchiridion!,unmatched,missing episode match metadata,,,,0
imdb://tt2237922,F:\MediaStack\data\media\tv\Adventure Time\Season 01\Adventure Time - S01E06 - The Jiggler.mkv,episode,Adventure Time – Season 1 – The Jiggler,unmatched,missing episode match metadata,,,,0
imdb://tt1626280,F:\MediaStack\data\media\tv\Adventure Time\Season 01\Adventure Time - S01E07 - Ricardio the Heart Guy.mkv,episode,Adventure Time – Season 1 – Ricardio the Heart Guy,unmatched,missing episode match metadata,,,,0
imdb://tt2237940,F:\MediaStack\data\media\tv\Adventure Time\Season 01\Adventure Time - S01E08 - Business Time.mkv,episode,Adventure Time – Season 1 – Business Time,unmatched,missing episode match metadata,,,,0
imdb://tt2237954,F:\MediaStack\data\media\tv\Adventure Time\Season 01\Adventure Time - S01E09 - My Two Favorite People.mkv,episode,Adventure Time – Season 1 – My Two Favorite People,unmatched,missing episode match metadata,,,,0
imdb://tt1685055,F:\MediaStack\data\media\tv\Adventure Time\Season 01\Adventure Time - S01E10 - Memories of Boom Boom Mountain.mkv,episode,Adventure Time – Season 1 – Memories of Boom Boom Mountain,unmatched,missing episode match metadata,,,,0
imdb://tt1698778,F:\MediaStack\data\media\tv\Adventure Time\Season 01\Adventure Time - S01E11 - Wizard.mkv,episode,Adventure Time – Season 1 – Wizard,unmatched,missing episode match metadata,,,,0
imdb://tt2237972,F:\MediaStack\data\media\tv\Adventure Time\Season 01\Adventure Time - S01E12 - Evicted!.mkv,episode,Adventure Time – Season 1 – Evicted!,unmatched,missing episode match metadata,,,,0
imdb://tt1699254,F:\MediaStack\data\media\tv\Adventure Time\Season 01\Adventure Time - S01E13 - City of Thieves.mkv,episode,Adventure Time – Season 1 – City of Thieves,unmatched,missing episode match metadata,,,,0
imdb://tt1698782,F:\MediaStack\data\media\tv\Adventure Time\Season 01\Adventure Time - S01E14 - The Witch's Garden.mkv,episode,Adventure Time – Season 1 – The Witch's Garden,unmatched,missing episode match metadata,,,,0
imdb://tt1698784,F:\MediaStack\data\media\tv\Adventure Time\Season 01\Adventure Time - S01E15 - What is Life.mkv,episode,Adventure Time – Season 1 – What Is Life?,unmatched,missing episode match metadata,,,,0
imdb://tt1698780,F:\MediaStack\data\media\tv\Adventure Time\Season 01\Adventure Time - S01E16 - Ocean of Fear.mkv,episode,Adventure Time – Season 1 – Ocean of Fear,unmatched,missing episode match metadata,,,,0
imdb://tt1698783,F:\MediaStack\data\media\tv\Adventure Time\Season 01\Adventure Time - S01E17 - When Wedding Bells Thaw.mkv,episode,Adventure Time – Season 1 – When Wedding Bells Thaw,unmatched,missing episode match metadata,,,,0
local://22436,F:\MediaStack\data\media\tv\A.M. Yoga for Your Week\Season 01\A.M. Yoga for Your Week - S01E01 - Standing Poses.mkv,episode,A.M. Yoga for Your Week – Season 1 – Episode 1,unmatched,missing episode match metadata,,,,0
imdb://tt0040982,F:\MediaStack\data\media\movies\You Gotta Stay Happy (1948)\You Gotta Stay Happy (1948) [WEBDL-480p] {imdb-tt0040982}.mkv,movie,You Gotta Stay Happy,unmatched,no movie match,,,,0
imdb://tt0128853,F:\MediaStack\data\media\movies\You've Got Mail (1998)\Youve Got Mail (1998) [Bluray-1080p] {imdb-tt0128853}.mkv,movie,You've Got Mail,unmatched,no movie match,,,,0
imdb://tt0072431,F:\MediaStack\data\media\movies\Young Frankenstein (1974)\Young Frankenstein (1974) [Bluray-1080p] {imdb-tt0072431}.mkv,movie,Young Frankenstein,unmatched,no movie match,,,,0
local://20401,F:\MediaStack\data\media\movies\Your Name. (2016)\Your Name. (2016) [Bluray-1080p] {imdb-tt5311514}.mkv,movie,Your Name.,unmatched,no movie match,,,,0
imdb://tt0186726,F:\MediaStack\data\media\movies\Zenon - Girl of the 21st Century (1999)\Zenon Girl of the 21st Century (1999) [WEBRip-720p] {imdb-tt0186726}.mp4,movie,Zenon: Girl of the 21st Century,unmatched,no movie match,,,,0
imdb://tt0271271,F:\MediaStack\data\media\movies\Zenon - The Zequel (2001)\Zenon The Zequel (2001) [Bluray-720p] {imdb-tt0271271}.mp4,movie,Zenon: The Zequel,unmatched,no movie match,,,,0
imdb://tt2948356,F:\MediaStack\data\media\movies\Zootopia (2016)\Zootopia (2016) [Bluray-1080p] {imdb-tt2948356}.mp4,movie,Zootopia,unmatched,no movie match,,,,0
imdb://tt26443597,F:\MediaStack\data\media\movies\Zootopia 2 (2025)\Zootopia 2 (2025) [Bluray-1080p] {imdb-tt26443597}.mkv,movie,Zootopia 2,unmatched,no movie match,,,,0
imdb://tt1430132,F:\MediaStack\data\media\movies\The Wolverine (2013)\The Wolverine (2013) [Bluray-1080p Proper] {imdb-tt1430132}.mp4,movie,The Wolverine,unmatched,no movie match,,,,0
imdb://tt6428676,F:\MediaStack\data\media\movies\Wonder Park (2019)\Wonder Park (2019) [Bluray-1080p] {imdb-tt6428676}.mp4,movie,Wonder Park,unmatched,no movie match,,,,0
imdb://tt0451279,F:\MediaStack\data\media\movies\Wonder Woman (2017)\Wonder Woman (2017) [Bluray-1080p] {imdb-tt0451279}.mkv,movie,Wonder Woman,unmatched,no movie match,,,,0
imdb://tt7126948,F:\MediaStack\data\media\movies\Wonder Woman 1984 (2020)\Wonder Woman 1984 (2020) [Bluray-1080p] {imdb-tt7126948}.mp4,movie,Wonder Woman 1984,unmatched,no movie match,,,,0
imdb://tt6166392,F:\MediaStack\data\media\movies\Wonka (2023)\Wonka (2023) [Bluray-1080p] {imdb-tt6166392}.mkv,movie,Wonka,unmatched,no movie match,,,,0
imdb://tt0410454,F:\MediaStack\data\media\movies\The Work and the Glory (2004)\The Work and the Glory (2004) [WEBRip-1080p] {imdb-tt0410454}.mp4,movie,The Work and the Glory,unmatched,no movie match,,,,0
imdb://tt1213663,F:\MediaStack\data\media\movies\The World's End (2013)\The Worlds End (2013) [Bluray-1080p] {imdb-tt1213663}.mp4,movie,The World's End,unmatched,no movie match,,,,0
imdb://tt0412080,F:\MediaStack\data\media\movies\The World's Fastest Indian (2005)\The Worlds Fastest Indian (2005) [Bluray-1080p] {imdb-tt0412080}.mkv,movie,The World's Fastest Indian,unmatched,no movie match,,,,0
imdb://tt1646987,F:\MediaStack\data\media\movies\Wrath of the Titans (2012)\Wrath of the Titans (2012) [Bluray-1080p] {imdb-tt1646987}.mp4,movie,Wrath of the Titans,unmatched,no movie match,,,,0
imdb://tt1772341,F:\MediaStack\data\media\movies\Wreck-It Ralph (2012)\Wreck-It Ralph (2012) [Bluray-1080p] {imdb-tt1772341}.mkv,movie,Wreck-It Ralph,unmatched,no movie match,,,,0
imdb://tt0120903,F:\MediaStack\data\media\movies\X-Men (2000)\X-Men (2000) [Bluray-1080p] {imdb-tt0120903}.mkv,movie,X-Men,unmatched,no movie match,,,,0
imdb://tt0458525,F:\MediaStack\data\media\movies\X-Men Origins - Wolverine (2009)\X-Men Origins Wolverine (2009) [Bluray-1080p] {imdb-tt0458525}.mkv,movie,X-Men Origins: Wolverine,unmatched,no movie match,,,,0
imdb://tt3385516,F:\MediaStack\data\media\movies\X-Men - Apocalypse (2016)\X-Men Apocalypse (2016) [Bluray-1080p Proper] {imdb-tt3385516}.mp4,movie,X-Men: Apocalypse,unmatched,no movie match,,,,0
imdb://tt6565702,F:\MediaStack\data\media\movies\Dark Phoenix (2019)\Dark Phoenix (2019) [Bluray-1080p] {imdb-tt6565702}.mkv,movie,X-Men: Dark Phoenix,unmatched,no movie match,,,,0
imdb://tt1877832,F:\MediaStack\data\media\movies\X-Men - Days of Future Past (2014)\X-Men Days of Future Past (2014) [Bluray-1080p] {imdb-tt1877832}.mkv,movie,X-Men: Days of Future Past,unmatched,no movie match,,,,0
imdb://tt1270798,F:\MediaStack\data\media\movies\X-Men - First Class (2011)\X-Men First Class (2011) [Bluray-1080p] {imdb-tt1270798}.mp4,movie,X-Men: First Class,unmatched,no movie match,,,,0
imdb://tt0376994,F:\MediaStack\data\media\movies\X-Men - The Last Stand (2006)\X-Men The Last Stand (2006) [Bluray-1080p] {imdb-tt0376994}.mkv,movie,X-Men: The Last Stand,unmatched,no movie match,,,,0
imdb://tt0290334,F:\MediaStack\data\media\movies\X2 (2003)\X2 (2003) [Bluray-1080p] {imdb-tt0290334}.mp4,movie,X2: X-Men United,unmatched,no movie match,,,,0
imdb://tt1068680,F:\MediaStack\data\media\movies\Yes Man (2008)\Yes Man (2008) [Bluray-1080p Proper] {imdb-tt1068680}.mp4,movie,Yes Man,unmatched,no movie match,,,,0
imdb://tt0450345,F:\MediaStack\data\media\movies\The Wicker Man (2006)\The Wicker Man (2006) [Bluray-1080p] {imdb-tt0450345}.mkv,movie,The Wicker Man,unmatched,no movie match,,,,0
imdb://tt0405469,F:\MediaStack\data\media\movies\The Wild (2006)\The Wild (2006) [Bluray-1080p] {imdb-tt0405469}.mkv,movie,The Wild,unmatched,no movie match,,,,0
imdb://tt0486946,F:\MediaStack\data\media\movies\Wild Hogs (2007)\Wild Hogs (2007) [Bluray-1080p] {imdb-tt0486946}.mkv,movie,Wild Hogs,unmatched,no movie match,,,,0
imdb://tt0050986,F:\MediaStack\data\media\movies\Wild Strawberries (1957)\Wild Strawberries (1957) [Bluray-1080p] {imdb-tt0050986}.mkv,movie,Wild Strawberries,unmatched,no movie match,,,,0
imdb://tt0282120,F:\MediaStack\data\media\movies\The Wild Thornberrys Movie (2002)\The Wild Thornberrys Movie (2002) [WEBDL-1080p] {imdb-tt0282120}.mkv,movie,The Wild Thornberrys,unmatched,no movie match,,,,0
imdb://tt0096446,F:\MediaStack\data\media\movies\Willow (1988)\Willow (1988) [Bluray-1080p] {imdb-tt0096446}.mkv,movie,Willow,unmatched,no movie match,,,,0
imdb://tt0067992,F:\MediaStack\data\media\movies\Willy Wonka & the Chocolate Factory (1971)\Willy Wonka and the Chocolate Factory (1971) [Bluray-1080p] {imdb-tt0067992}.mkv,movie,Willy Wonka & the Chocolate Factory,unmatched,no movie match,,,,0
imdb://tt2013293,F:\MediaStack\data\media\movies\The Wind Rises (2013)\The Wind Rises (2013) [Bluray-1080p] {imdb-tt2013293}.mkv,movie,The Wind Rises,unmatched,no movie match,,,,0
imdb://tt0028510,F:\MediaStack\data\media\movies\Winds of the Wasteland (1936)\Winds of the Wasteland (1936) [WEBDL-480p] {imdb-tt0028510}.mkv,movie,Winds of the Wasteland,unmatched,no movie match,,,,0
imdb://tt1449283,F:\MediaStack\data\media\movies\Winnie the Pooh (2011)\Winnie the Pooh (2011) [Bluray-1080p] {imdb-tt1449283}.mkv,movie,Winnie the Pooh,unmatched,no movie match,,,,0
imdb://tt0384696,F:\MediaStack\data\media\movies\Winnie the Pooh - Springtime with Roo (2004)\Winnie the Pooh Springtime with Roo (2004) [Bluray-1080p] {imdb-tt0384696}.mkv,movie,Winnie the Pooh: Springtime with Roo,unmatched,no movie match,,,,0
imdb://tt1837709,F:\MediaStack\data\media\movies\Winter's Tale (2014)\Winters Tale (2014) [Bluray-1080p] {imdb-tt1837709}.mkv,movie,Winter's Tale,unmatched,no movie match,,,,0
imdb://tt11304740,F:\MediaStack\data\media\movies\Wish (2023)\Wish (2023) [Bluray-1080p] {imdb-tt11304740}.mp4,movie,Wish,unmatched,no movie match,,,,0
imdb://tt0118178,F:\MediaStack\data\media\movies\Wish Upon a Star (1996)\Wish Upon a Star (1996) [WEBRip-720p] {imdb-tt0118178}.mp4,movie,Wish Upon a Star,unmatched,no movie match,,,,0
imdb://tt0100944,F:\MediaStack\data\media\movies\The Witches (1990)\The Witches (1990) [WEBDL-1080p] {imdb-tt0100944}.mkv,movie,The Witches,unmatched,no movie match,,,,0
imdb://tt0364751,F:\MediaStack\data\media\movies\Without a Paddle (2004)\Without a Paddle (2004) [Bluray-1080p] {imdb-tt0364751}.mp4,movie,Without a Paddle,unmatched,no movie match,,,,0
imdb://tt0499097,F:\MediaStack\data\media\movies\Tom Clancy's Without Remorse (2021)\Tom Clancys Without Remorse (2021) [Bluray-1080p] {imdb-tt0499097}.mkv,movie,Without Remorse,unmatched,no movie match,,,,0
imdb://tt0051201,F:\MediaStack\data\media\movies\Witness for the Prosecution (1957)\Witness for the Prosecution (1957) [Bluray-1080p] {imdb-tt0051201}.mkv,movie,Witness for the Prosecution,unmatched,no movie match,,,,0
imdb://tt0032138,F:\MediaStack\data\media\movies\The Wizard of Oz (1939)\The Wizard of Oz (1939) [Bluray-1080p] {imdb-tt0032138}.mkv,movie,The Wizard of Oz,unmatched,no movie match,,,,0
imdb://tt2140203,F:\MediaStack\data\media\movies\Wolf Children (2012)\Wolf Children (2012) [WEBDL-1080p] {imdb-tt2140203}.mkv,movie,Wolf Children,unmatched,no movie match,,,,0
imdb://tt0103241,F:\MediaStack\data\media\movies\What About Bob! (1991)\What About Bob (1991) [WEBDL-1080p] {imdb-tt0103241}.mkv,movie,What About Bob?,unmatched,no movie match,,,,0
imdb://tt1033643,F:\MediaStack\data\media\movies\What Happens in Vegas (2008)\What Happens in Vegas (2008) [Bluray-1080p] {imdb-tt1033643}.mkv,movie,What Happens in Vegas,unmatched,no movie match,,,,0
imdb://tt0161081,F:\MediaStack\data\media\movies\What Lies Beneath (2000)\What Lies Beneath (2000) [Bluray-1080p] {imdb-tt0161081}.mkv,movie,What Lies Beneath,unmatched,no movie match,,,,0
imdb://tt1586265,F:\MediaStack\data\media\movies\What to Expect When You're Expecting (2012)\What to Expect When Youre Expecting (2012) [Bluray-1080p] {imdb-tt1586265}.mp4,movie,What to Expect When You're Expecting,unmatched,no movie match,,,,0
imdb://tt0108551,F:\MediaStack\data\media\movies\What's Love Got to Do with It (1993)\Whats Love Got to Do with It (1993) [Bluray-1080p] {imdb-tt0108551}.mkv,movie,What's Love Got to Do with It,unmatched,no movie match,,,,0
imdb://tt0098635,F:\MediaStack\data\media\movies\When Harry Met Sally. (1989)\When Harry Met Sally. (1989) [Bluray-1080p] {imdb-tt0098635}.mkv,movie,When Harry Met Sally...,unmatched,no movie match,,,,0
imdb://tt1185416,F:\MediaStack\data\media\movies\When in Rome (2010)\When in Rome (2010) [Bluray-1080p] {imdb-tt1185416}.mp4,movie,When in Rome,unmatched,no movie match,,,,0
imdb://tt3398268,F:\MediaStack\data\media\movies\When Marnie Was There (2014)\When Marnie Was There (2014) [Bluray-1080p] {imdb-tt3398268}.mkv,movie,When Marnie Was There,unmatched,no movie match,,,,0
imdb://tt0065207,F:\MediaStack\data\media\movies\Where Eagles Dare (1968)\Where Eagles Dare (1968) [Bluray-1080p] {imdb-tt0065207}.mkv,movie,Where Eagles Dare,unmatched,no movie match,,,,0
imdb://tt0386117,F:\MediaStack\data\media\movies\Where the Wild Things Are (2009)\Where the Wild Things Are (2009) [Bluray-1080p] {imdb-tt0386117}.mp4,movie,Where the Wild Things Are,unmatched,no movie match,,,,0
imdb://tt0114924,F:\MediaStack\data\media\movies\While You Were Sleeping (1995)\While You Were Sleeping (1995) [Bluray-1080p] {imdb-tt0114924}.mkv,movie,While You Were Sleeping,unmatched,no movie match,,,,0
imdb://tt0113824,F:\MediaStack\data\media\movies\Whisper of the Heart (1995)\Whisper of the Heart (1995) [Bluray-1080p] {imdb-tt0113824}.mkv,movie,Whisper of the Heart,unmatched,no movie match,,,,0
imdb://tt0105812,F:\MediaStack\data\media\movies\White Men Can't Jump (1992)\White Men Cant Jump (1992) [Bluray-1080p] {imdb-tt0105812}.mkv,movie,White Men Can't Jump,unmatched,no movie match,,,,0
imdb://tt12193804,F:\MediaStack\data\media\movies\Whitney Houston - I Wanna Dance with Somebody (2022)\Whitney Houston I Wanna Dance with Somebody (2022) [Bluray-1080p] {imdb-tt12193804}.mkv,movie,Whitney Houston: I Wanna Dance with Somebody,unmatched,no movie match,,,,0
imdb://tt0096438,F:\MediaStack\data\media\movies\Who Framed Roger Rabbit (1988)\Who Framed Roger Rabbit (1988) [Bluray-1080p] {imdb-tt0096438}.mp4,movie,Who Framed Roger Rabbit,unmatched,no movie match,,,,0
imdb://tt0061184,F:\MediaStack\data\media\movies\Who's Afraid of Virginia Woolf! (1966)\Whos Afraid of Virginia Woolf (1966) [Bluray-1080p] {imdb-tt0061184}.mkv,movie,Who's Afraid of Virginia Woolf?,unmatched,no movie match,,,,0
imdb://tt0098645,F:\MediaStack\data\media\movies\Who's Harry Crumb! (1989)\Whos Harry Crumb (1989) [Bluray-1080p] {imdb-tt0098645}.mp4,movie,Who's Harry Crumb?,unmatched,no movie match,,,,0
imdb://tt0190138,F:\MediaStack\data\media\movies\The Whole Nine Yards (2000)\The Whole Nine Yards (2000) [Bluray-1080p] {imdb-tt0190138}.mkv,movie,The Whole Nine Yards,unmatched,no movie match,,,,0
imdb://tt0358273,F:\MediaStack\data\media\movies\Walk the Line (2005)\Walk the Line (2005) [Bluray-1080p] {imdb-tt0358273}.mkv,movie,Walk the Line,unmatched,no movie match,,,,0
imdb://tt0281358,F:\MediaStack\data\media\movies\A Walk to Remember (2002)\A Walk to Remember (2002) [Bluray-1080p] {imdb-tt0281358}.mkv,movie,A Walk to Remember,unmatched,no movie match,,,,0
imdb://tt0312004,F:\MediaStack\data\media\movies\Wallace & Gromit - The Curse of the Were-Rabbit (2005)\Wallace and Gromit The Curse of the Were-Rabbit (2005) [Bluray-1080p] {imdb-tt0312004}.mkv,movie,Wallace & Gromit: The Curse of the Were-Rabbit,unmatched,no movie match,,,,0
imdb://tt17163970,F:\MediaStack\data\media\movies\Wallace & Gromit - Vengeance Most Fowl (2024)\Wallace and Gromit Vengeance Most Fowl (2024) [WEBDL-1080p] {imdb-tt17163970}.mkv,movie,Wallace & Gromit: Vengeance Most Fowl,unmatched,no movie match,,,,0
imdb://tt1223150,F:\MediaStack\data\media\movies\Walt & El Grupo (2008)\Walt and El Grupo (2008) [WEBDL-480p] {imdb-tt1223150}.mkv,movie,Walt & El Grupo,unmatched,no movie match,,,,0
imdb://tt3450958,F:\MediaStack\data\media\movies\War for the Planet of the Apes (2017)\War for the Planet of the Apes (2017) [WEBDL-2160p] {imdb-tt3450958}.mkv,movie,War for the Planet of the Apes,unmatched,no movie match,,,,0
imdb://tt0407304,F:\MediaStack\data\media\movies\War of the Worlds (2025)\War of the Worlds (2025) [Bluray-1080p] {imdb-tt13186306}.mp4,movie,War of the Worlds,unmatched,ambiguous movie title match,,,,0
imdb://tt1588173,F:\MediaStack\data\media\movies\Warm Bodies (2013)\Warm Bodies (2013) [Bluray-1080p] {imdb-tt1588173}.mkv,movie,Warm Bodies,unmatched,no movie match,,,,0
imdb://tt0120484,F:\MediaStack\data\media\movies\The Waterboy (1998)\The Waterboy (1998) [Bluray-1080p] {imdb-tt0120484}.mp4,movie,The Waterboy,unmatched,no movie match,,,,0
imdb://tt1023114,F:\MediaStack\data\media\movies\The Way Back (2010)\The Way Back (2010) [Bluray-1080p] {imdb-tt1023114}.mkv,movie,The Way Back,unmatched,no movie match,,,,0
imdb://tt8544498,F:\MediaStack\data\media\movies\The Way Back (2020)\The Way Back (2020) [Bluray-1080p] {imdb-tt8544498}.mkv,movie,The Way Back,unmatched,no movie match,,,,0
imdb://tt0070903,F:\MediaStack\data\media\movies\The Way We Were (1973)\The Way We Were (1973) [WEBRip-1080p] {imdb-tt0070903}.mkv,movie,The Way We Were,unmatched,no movie match,,,,0
imdb://tt0758794,F:\MediaStack\data\media\movies\We Are Marshall (2006)\We Are Marshall (2006) [Bluray-1080p] {imdb-tt0758794}.mkv,movie,We Are Marshall,unmatched,no movie match,,,,0
imdb://tt1389137,F:\MediaStack\data\media\movies\We Bought a Zoo (2011)\We Bought a Zoo (2011) [Bluray-1080p] {imdb-tt1389137}.mkv,movie,We Bought a Zoo,unmatched,no movie match,,,,0
imdb://tt0108526,F:\MediaStack\data\media\movies\We're Back! A Dinosaur's Story (1993)\Were Back! A Dinosaurs Story (1993) [Bluray-1080p] {imdb-tt0108526}.mp4,movie,We're Back! A Dinosaur's Story,unmatched,no movie match,,,,0
imdb://tt9426210,F:\MediaStack\data\media\movies\Weathering with You (2019)\Weathering with You (2019) [Bluray-1080p] {imdb-tt9426210}.mkv,movie,Weathering with You,unmatched,no movie match,,,,0
imdb://tt0396269,F:\MediaStack\data\media\movies\Wedding Crashers (2005)\Wedding Crashers (2005) [Bluray-1080p] {imdb-tt0396269}.mkv,movie,Wedding Crashers,unmatched,no movie match,,,,0
imdb://tt0209475,F:\MediaStack\data\media\movies\The Wedding Planner (2001)\The Wedding Planner (2001) [Bluray-1080p] {imdb-tt0209475}.mp4,movie,The Wedding Planner,unmatched,no movie match,,,,0
imdb://tt0120888,F:\MediaStack\data\media\movies\The Wedding Singer (1998)\The Wedding Singer (1998) [Bluray-1080p] {imdb-tt0120888}.mp4,movie,The Wedding Singer,unmatched,no movie match,,,,0
imdb://tt0025969,F:\MediaStack\data\media\movies\West of the Divide (1934)\West of the Divide (1934) [WEBDL-480p] {imdb-tt0025969}.mkv,movie,West of the Divide,unmatched,no movie match,,,,0
imdb://tt0055614,F:\MediaStack\data\media\movies\West Side Story (1961)\West Side Story (1961) [Bluray-1080p] {imdb-tt0055614}.mp4,movie,West Side Story,unmatched,no movie match,,,,0
imdb://tt3581652,F:\MediaStack\data\media\movies\West Side Story (2021)\West Side Story (2021) [Bluray-1080p] {imdb-tt3581652}.mp4,movie,West Side Story,unmatched,no movie match,,,,0
imdb://tt0286788,F:\MediaStack\data\media\movies\What a Girl Wants (2003)\What a Girl Wants (2003) [Bluray-1080p] {imdb-tt0286788}.mp4,movie,What a Girl Wants,unmatched,no movie match,,,,0
imdb://tt0263757,F:\MediaStack\data\media\movies\Uptown Girls (2003)\Uptown Girls (2003) [HDTV-720p] {imdb-tt0263757}.mp4,movie,Uptown Girls,unmatched,no movie match,,,,0
imdb://tt0114814,F:\MediaStack\data\media\movies\The Usual Suspects (1995)\The Usual Suspects (1995) [Bluray-1080p] {imdb-tt0114814}.mp4,movie,The Usual Suspects,unmatched,no movie match,,,,0
imdb://tt0434409,F:\MediaStack\data\media\movies\V for Vendetta (2006)\V for Vendetta (2006) [HDTV-1080p] {imdb-tt0434409}.mp4,movie,V for Vendetta,unmatched,no movie match,,,,0
imdb://tt0817230,F:\MediaStack\data\media\movies\Valentine's Day (2010)\Valentines Day (2010) [WEBDL-1080p] {imdb-tt0817230}.mkv,movie,Valentine's Day,unmatched,no movie match,,,,0
imdb://tt0985699,F:\MediaStack\data\media\movies\Valkyrie (2008)\Valkyrie (2008) [Bluray-1080p] {imdb-tt0985699}.mkv,movie,Valkyrie,unmatched,no movie match,,,,0
imdb://tt0443274,F:\MediaStack\data\media\movies\Vantage Point (2008)\Vantage Point (2008) [WEBDL-1080p] {imdb-tt0443274}.mkv,movie,Vantage Point,unmatched,no movie match,,,,0
imdb://tt0052357,F:\MediaStack\data\media\movies\Vertigo (1958)\Vertigo (1958) [Bluray-1080p] {imdb-tt0052357}.mkv,movie,Vertigo,unmatched,no movie match,,,,0
imdb://tt0118073,F:\MediaStack\data\media\movies\A Very Brady Sequel (1996)\A Very Brady Sequel (1996) [WEBDL-1080p] {imdb-tt0118073}.mkv,movie,A Very Brady Sequel,unmatched,no movie match,,,,0
imdb://tt0083284,F:\MediaStack\data\media\movies\Escape to Victory (1981)\Escape to Victory (1981) [Bluray-1080p] {imdb-tt0083284}.mp4,movie,Victory,unmatched,no movie match,,,,0
imdb://tt0368447,F:\MediaStack\data\media\movies\The Village (2004)\The Village (2004) [WEBDL-1080p] {imdb-tt0368447}.mkv,movie,The Village,unmatched,no movie match,,,,0
imdb://tt3567288,F:\MediaStack\data\media\movies\The Visit (2015)\The Visit (2015) [Bluray-1080p] {imdb-tt3567288}.mkv,movie,The Visit,unmatched,no movie match,,,,0
imdb://tt0046268,F:\MediaStack\data\media\movies\The Wages of Fear (1953)\The Wages of Fear (1953) [Bluray-720p] {imdb-tt0046268}.mkv,movie,The Wages of Fear,unmatched,no movie match,,,,0
imdb://tt0062467,F:\MediaStack\data\media\movies\Wait Until Dark (1967)\Wait Until Dark (1967) [Bluray-1080p] {imdb-tt0062467}.mp4,movie,Wait Until Dark,unmatched,no movie match,,,,0
imdb://tt3488710,F:\MediaStack\data\media\movies\The Walk (2015)\The Walk (2015) [Bluray-1080p] {imdb-tt3488710}.mkv,movie,The Walk,unmatched,no movie match,,,,0
imdb://tt0096320,F:\MediaStack\data\media\movies\Twins (1988)\Twins (1988) [Bluray-1080p] {imdb-tt0096320}.mkv,movie,Twins,unmatched,no movie match,,,,0
imdb://tt0117998,F:\MediaStack\data\media\movies\Twister (1996)\Twister (1996) [Bluray-1080p Proper] {imdb-tt0117998}.mkv,movie,Twister,unmatched,no movie match,,,,0
imdb://tt12584954,F:\MediaStack\data\media\movies\Twisters (2024)\Twisters (2024) [Bluray-1080p Proper] {imdb-tt12584954}.mkv,movie,Twisters,unmatched,no movie match,,,,0
imdb://tt0467421,F:\MediaStack\data\media\movies\Twitches (2005)\Twitches (2005) [WEBRip-720p] {imdb-tt0467421}.mp4,movie,Twitches,unmatched,no movie match,,,,0
imdb://tt0338512,F:\MediaStack\data\media\movies\Two Brothers (2004)\Two Brothers (2004) [Bluray-1080p] {imdb-tt0338512}.mkv,movie,Two Brothers,unmatched,no movie match,,,,0
imdb://tt0313737,F:\MediaStack\data\media\movies\Two Weeks Notice (2002)\Two Weeks Notice (2002) [Bluray-1080p] {imdb-tt0313737}.mp4,movie,Two Weeks Notice,unmatched,no movie match,,,,0
imdb://tt0120873,F:\MediaStack\data\media\movies\U.S. Marshals (1998)\U.S. Marshals (1998) [Bluray-1080p] {imdb-tt0120873}.mkv,movie,U.S. Marshals,unmatched,no movie match,,,,0
imdb://tt0370032,F:\MediaStack\data\media\movies\Ultraviolet (2006)\Ultraviolet (2006) [Bluray-1080p] {imdb-tt0370032}.mkv,movie,Ultraviolet,unmatched,no movie match,,,,0
imdb://tt0217869,F:\MediaStack\data\media\movies\Unbreakable (2000)\Unbreakable (2000) [WEBDL-1080p] {imdb-tt0217869}.mkv,movie,Unbreakable,unmatched,no movie match,,,,0
imdb://tt0065150,F:\MediaStack\data\media\movies\The Undefeated (1969)\The Undefeated (1969) [Bluray-1080p] {imdb-tt0065150}.mp4,movie,The Undefeated,unmatched,no movie match,,,,0
imdb://tt0086510,F:\MediaStack\data\media\movies\Under Fire (1983)\Under Fire (1983) [Bluray-1080p] {imdb-tt0086510}.mp4,movie,Under Fire,unmatched,no movie match,,,,0
imdb://tt10551654,F:\MediaStack\data\media\movies\Under the Boardwalk (2023)\Under the Boardwalk (2023) [WEBDL-1080p] {imdb-tt10551654}.mkv,movie,Under the Boardwalk,unmatched,no movie match,,,,0
imdb://tt0467110,F:\MediaStack\data\media\movies\Underdog (2007)\Underdog (2007) [Bluray-1080p] {imdb-tt0467110}.mp4,movie,Underdog,unmatched,no movie match,,,,0
imdb://tt0281322,F:\MediaStack\data\media\movies\Undisputed (2002)\Undisputed (2002) [Bluray-1080p] {imdb-tt0281322}.mkv,movie,Undisputed,unmatched,no movie match,,,,0
imdb://tt0815245,F:\MediaStack\data\media\movies\The Uninvited (2009)\The Uninvited (2009) [HDTV-720p] {imdb-tt0815245}.mp4,movie,The Uninvited,unmatched,no movie match,,,,0
imdb://tt1049413,F:\MediaStack\data\media\movies\Up (2009)\Up (2009) [Bluray-1080p] {imdb-tt1049413}.mkv,movie,Up,unmatched,no movie match,,,,0
imdb://tt0133240,F:\MediaStack\data\media\movies\Treasure Planet (2002)\Treasure Planet (2002) [Bluray-1080p] {imdb-tt0133240}.mkv,movie,Treasure Planet,unmatched,no movie match,,,,0
imdb://tt0100814,F:\MediaStack\data\media\movies\Tremors (1990)\Tremors (1990) [Bluray-1080p] {imdb-tt0100814}.mp4,movie,Tremors,unmatched,no movie match,,,,0
imdb://tt0114720,F:\MediaStack\data\media\movies\Tremors 2 - Aftershocks (1996)\Tremors 2 Aftershocks (1996) [Bluray-1080p] {imdb-tt0114720}.mp4,movie,Tremors II: Aftershocks,unmatched,no movie match,,,,0
imdb://tt1740707,F:\MediaStack\data\media\movies\Troll Hunter (2010)\Troll Hunter (2010) [Bluray-1080p] {imdb-tt1740707}.mkv,movie,Troll Hunter,unmatched,no movie match,,,,0
imdb://tt0108395,F:\MediaStack\data\media\movies\A Troll in Central Park (1994)\A Troll in Central Park (1994) [DVD] {imdb-tt0108395}.avi,movie,A Troll in Central Park,unmatched,no movie match,,,,0
imdb://tt14362112,F:\MediaStack\data\media\movies\Trolls Band Together (2023)\Trolls Band Together (2023) [Bluray-1080p] {imdb-tt14362112}.mkv,movie,Trolls Band Together,unmatched,no movie match,,,,0
imdb://tt15720718,F:\MediaStack\data\media\movies\Trolls Holiday in Harmony (2021)\Trolls Holiday in Harmony (2021) [WEBRip-1080p] {imdb-tt15720718}.mkv,movie,Trolls Holiday in Harmony,unmatched,no movie match,,,,0
imdb://tt6587640,F:\MediaStack\data\media\movies\Trolls World Tour (2020)\Trolls World Tour (2020) [Bluray-1080p] {imdb-tt6587640}.mkv,movie,Trolls World Tour,unmatched,no movie match,,,,0
imdb://tt0084827,F:\MediaStack\data\media\movies\Tron (1982)\Tron (1982) [Bluray-1080p] {imdb-tt0084827}.mkv,movie,Tron,unmatched,no movie match,,,,0
imdb://tt6604188,F:\MediaStack\data\media\movies\TRON - Ares (2025)\TRON Ares (2025) [Bluray-1080p] {imdb-tt6604188}.mkv,movie,Tron: Ares,unmatched,no movie match,,,,0
imdb://tt1104001,F:\MediaStack\data\media\movies\TRON - Legacy (2010)\TRON Legacy (2010) [Bluray-1080p Proper] {imdb-tt1104001}.mp4,movie,Tron: Legacy,unmatched,no movie match,,,,0
imdb://tt2083383,F:\MediaStack\data\media\movies\Trouble with the Curve (2012)\Trouble with the Curve (2012) [Bluray-1080p] {imdb-tt2083383}.mp4,movie,Trouble with the Curve,unmatched,no movie match,,,,0
imdb://tt0065126,F:\MediaStack\data\media\movies\True Grit (1969)\True Grit (1969) [Bluray-1080p Proper] {imdb-tt0065126}.mkv,movie,True Grit,unmatched,ambiguous movie title match,,,,0
imdb://tt1403865,F:\MediaStack\data\media\movies\True Grit (2010)\True Grit (2010) [Bluray-1080p] {imdb-tt1403865}.mkv,movie,True Grit,unmatched,ambiguous movie title match,,,,0
imdb://tt0283084,F:\MediaStack\data\media\movies\Tuck Everlasting (2002)\Tuck Everlasting (2002) [WEBDL-1080p] {imdb-tt0283084}.mkv,movie,Tuck Everlasting,unmatched,no movie match,,,,0
imdb://tt1860353,F:\MediaStack\data\media\movies\Turbo (2013)\Turbo (2013) [Bluray-1080p] {imdb-tt1860353}.mp4,movie,Turbo,unmatched,no movie match,,,,0
imdb://tt0098536,F:\MediaStack\data\media\movies\Turner & Hooch (1989)\Turner and Hooch (1989) [Bluray-1080p] {imdb-tt0098536}.mp4,movie,Turner & Hooch,unmatched,no movie match,,,,0
imdb://tt8097030,F:\MediaStack\data\media\movies\Turning Red (2022)\Turning Red (2022) [Bluray-1080p] {imdb-tt8097030}.mp4,movie,Turning Red,unmatched,no movie match,,,,0
imdb://tt0290095,F:\MediaStack\data\media\movies\The Tuxedo (2002)\The Tuxedo (2002) [WEBDL-720p] {imdb-tt0290095}.mkv,movie,The Tuxedo,unmatched,no movie match,,,,0
imdb://tt1673434,F:\MediaStack\data\media\movies\The Twilight Saga - Breaking Dawn - Part 2 (2012)\The Twilight Saga Breaking Dawn Part 2 (2012) [Bluray-1080p] {imdb-tt1673434}.mkv,movie,The Twilight Saga: Breaking Dawn - Part 2,unmatched,no movie match,,,,0
imdb://tt0084805,F:\MediaStack\data\media\movies\Tootsie (1982)\Tootsie (1982) [Bluray-1080p] {imdb-tt0084805}.mkv,movie,Tootsie,unmatched,no movie match,,,,0
imdb://tt0100802,F:\MediaStack\data\media\movies\Total Recall (1990)\Total Recall (1990) [Bluray-1080p] {imdb-tt0100802}.mp4,movie,Total Recall,unmatched,ambiguous movie title match,,,,0
imdb://tt1386703,F:\MediaStack\data\media\movies\Total Recall (2012)\Total Recall (2012) [Bluray-1080p] {imdb-tt1386703}.Clean.mp4,movie,Total Recall,unmatched,ambiguous movie title match,,,,0
imdb://tt0840361,F:\MediaStack\data\media\movies\The Town (2010)\The Town (2010) [Bluray-1080p] {imdb-tt0840361}.mkv,movie,The Town,unmatched,no movie match,,,,0
imdb://tt0114709,F:\MediaStack\data\media\movies\Toy Story (1995)\Toy Story (1995) [Bluray-1080p] {imdb-tt0114709}.mkv,movie,Toy Story,unmatched,no movie match,,,,0
imdb://tt0120363,F:\MediaStack\data\media\movies\Toy Story 2 (1999)\Toy Story 2 (1999) [Bluray-1080p Proper] {imdb-tt0120363}.mkv,movie,Toy Story 2,unmatched,no movie match,,,,0
imdb://tt0435761,F:\MediaStack\data\media\movies\Toy Story 3 (2010)\Toy Story 3 (2010) [Bluray-1080p] {imdb-tt0435761}.mkv,movie,Toy Story 3,unmatched,no movie match,,,,0
imdb://tt1979376,F:\MediaStack\data\media\movies\Toy Story 4 (2019)\Toy Story 4 (2019) [Bluray-1080p] {imdb-tt1979376}.mkv,movie,Toy Story 4,unmatched,no movie match,,,,0
imdb://tt5325248,F:\MediaStack\data\media\movies\Toy Story at 20 - To Infinity and Beyond (2015)\Toy Story at 20 To Infinity and Beyond (2015) [Bluray-1080p Proper] {imdb-tt5325248}.mp4,movie,Toy Story at 20: To Infinity and Beyond,unmatched,no movie match,,,,0
imdb://tt3473654,F:\MediaStack\data\media\movies\Toy Story That Time Forgot (2014)\Toy Story That Time Forgot (2014) [Bluray-1080p] {imdb-tt3473654}.mkv,movie,Toy Story That Time Forgot,unmatched,no movie match,,,,0
imdb://tt0025903,F:\MediaStack\data\media\movies\The Trail Beyond (1934)\The Trail Beyond (1934) [WEBDL-480p] {imdb-tt0025903}.mkv,movie,The Trail Beyond,unmatched,no movie match,,,,0
imdb://tt0293662,F:\MediaStack\data\media\movies\The Transporter (2002)\The Transporter (2002) [Bluray-1080p] {imdb-tt0293662}.mp4,movie,The Transporter,unmatched,no movie match,,,,0
imdb://tt0388482,F:\MediaStack\data\media\movies\Transporter 2 (2005)\Transporter 2 (2005) [Bluray-1080p] {imdb-tt0388482}.mp4,movie,Transporter 2,unmatched,no movie match,,,,0
imdb://tt1129442,F:\MediaStack\data\media\movies\Transporter 3 (2008)\Transporter 3 (2008) [Bluray-1080p] {imdb-tt1129442}.mkv,movie,Transporter 3,unmatched,no movie match,,,,0
imdb://tt26753003,F:\MediaStack\data\media\movies\Trap (2024)\Trap (2024) [Bluray-1080p] {imdb-tt26753003}.mkv,movie,Trap,unmatched,no movie match,,,,0
imdb://tt0040897,F:\MediaStack\data\media\movies\The Treasure of the Sierra Madre (1948)\The Treasure of the Sierra Madre (1948) [Bluray-1080p Proper] {imdb-tt0040897}.mkv,movie,The Treasure of the Sierra Madre,unmatched,no movie match,,,,0
imdb://tt5027774,"F:\MediaStack\data\media\movies\Three Billboards Outside Ebbing, Missouri (2017)\Three Billboards Outside Ebbing Missouri (2017) [Bluray-1080p] {imdb-tt5027774}.mkv",movie,"Three Billboards Outside Ebbing, Missouri",unmatched,no movie match,,,,0
imdb://tt0094137,F:\MediaStack\data\media\movies\3 Men and a Baby (1987)\3 Men and a Baby (1987) [WEBDL-1080p] {imdb-tt0094137}.mkv,movie,Three Men and a Baby,unmatched,no movie match,,,,0
imdb://tt0108333,F:\MediaStack\data\media\movies\The Three Musketeers (1993)\The Three Musketeers (1993) [Bluray-1080p] {imdb-tt0108333}.mp4,movie,The Three Musketeers,unmatched,no movie match,,,,0
imdb://tt0111419,F:\MediaStack\data\media\movies\Thumbelina (1994)\Thumbelina (1994) [Bluray-1080p] {imdb-tt0111419}.mkv,movie,Thumbelina,unmatched,no movie match,,,,0
imdb://tt0046425,F:\MediaStack\data\media\movies\Thunder Bay (1953)\Thunder Bay (1953) [WEBDL-480p] {imdb-tt0046425}.mkv,movie,Thunder Bay,unmatched,no movie match,,,,0
imdb://tt20969586,F:\MediaStack\data\media\movies\Thunderbolts- (2025)\Thunderbolts- (2025) [Bluray-1080p] {imdb-tt20969586}.mkv,movie,Thunderbolts*,unmatched,no movie match,,,,0
imdb://tt0268695,F:\MediaStack\data\media\movies\The Time Machine (2002)\The Time Machine (2002) [Bluray-1080p] {imdb-tt0268695}.mkv,movie,The Time Machine,unmatched,no movie match,,,,0
imdb://tt0117913,F:\MediaStack\data\media\movies\A Time to Kill (1996)\A Time to Kill (1996) [Bluray-1080p] {imdb-tt0117913}.mkv,movie,A Time to Kill,unmatched,no movie match,,,,0
imdb://tt0452694,F:\MediaStack\data\media\movies\The Time Traveler's Wife (2009)\The Time Travelers Wife (2009) [Bluray-1080p] {imdb-tt0452694}.mkv,movie,The Time Traveler's Wife,unmatched,no movie match,,,,0
imdb://tt0823671,F:\MediaStack\data\media\movies\Tinker Bell (2008)\Tinker Bell (2008) [Bluray-1080p] {imdb-tt0823671}.mkv,movie,Tinker Bell,unmatched,no movie match,,,,0
imdb://tt1216516,F:\MediaStack\data\media\movies\Tinker Bell and the Lost Treasure (2009)\Tinker Bell and the Lost Treasure (2009) [Bluray-1080p] {imdb-tt1216516}.mkv,movie,Tinker Bell and the Lost Treasure,unmatched,no movie match,,,,0
imdb://tt0120913,F:\MediaStack\data\media\movies\Titan A.E. (2000)\Titan A.E. (2000) [WEBRip-720p] {imdb-tt0120913}.mp4,movie,Titan A.E.,unmatched,no movie match,,,,0
local://25178,F:\MediaStack\data\media\movies\Titanic (1997)\Titanic (1997) [Bluray-1080P Proper] {Imdb-Tt0120338}.Clean.mp4,movie,Titanic,unmatched,no movie match,,,,0
imdb://tt0035446,F:\MediaStack\data\media\movies\To Be or Not to Be (1942)\To Be or Not to Be (1942) [Bluray-1080p] {imdb-tt0035446}.mkv,movie,To Be or Not to Be,unmatched,no movie match,,,,0
imdb://tt0048728,F:\MediaStack\data\media\movies\To Catch a Thief (1955)\To Catch a Thief (1955) [Bluray-1080p] {imdb-tt0048728}.mkv,movie,To Catch a Thief,unmatched,no movie match,,,,0
imdb://tt5116302,F:\MediaStack\data\media\movies\Togo (2019)\Togo (2019) [WEBRip-1080p] {imdb-tt5116302}.mp4,movie,Togo,unmatched,no movie match,,,,0
imdb://tt0112302,F:\MediaStack\data\media\movies\Tom and Huck (1995)\Tom and Huck (1995) [Bluray-720p] {imdb-tt0112302}.mp4,movie,Tom and Huck,unmatched,no movie match,,,,0
imdb://tt1365519,F:\MediaStack\data\media\movies\Tomb Raider (2018)\Tomb Raider (2018) [Bluray-1080p] {imdb-tt1365519}.mp4,movie,Tomb Raider,unmatched,no movie match,,,,0
imdb://tt1964418,F:\MediaStack\data\media\movies\Tomorrowland (2015)\Tomorrowland (2015) [Bluray-1080p] {imdb-tt1964418}.mp4,movie,Tomorrowland,unmatched,no movie match,,,,0
imdb://tt0014532,F:\MediaStack\data\media\movies\The Ten Commandments (1923)\The Ten Commandments (1923) [Bluray-1080p] {imdb-tt0014532}.mkv,movie,The Ten Commandments,unmatched,no movie match,,,,0
imdb://tt0049833,F:\MediaStack\data\media\movies\The Ten Commandments (1956)\The Ten Commandments (1956) [Bluray-1080p] {imdb-tt0049833}.mkv,movie,The Ten Commandments,unmatched,no movie match,,,,0
imdb://tt6723592,F:\MediaStack\data\media\movies\Tenet (2020)\Tenet (2020) [Bluray-1080p] {imdb-tt6723592}.mp4,movie,Tenet,unmatched,no movie match,,,,0
imdb://tt0103064,F:\MediaStack\data\media\movies\Terminator 2 - Judgment Day (1991)\Terminator 2 Judgment Day (1991) [Bluray-1080p] {imdb-tt0103064}.mkv,movie,Terminator 2: Judgment Day,unmatched,no movie match,,,,0
imdb://tt0181852,F:\MediaStack\data\media\movies\Terminator 3 - Rise of the Machines (2003)\Terminator 3 Rise of the Machines (2003) [Bluray-1080p] {imdb-tt0181852}.mkv,movie,Terminator 3: Rise of the Machines,unmatched,no movie match,,,,0
imdb://tt0438488,F:\MediaStack\data\media\movies\Terminator Salvation (2009)\Terminator Salvation (2009) [Bluray-1080p] {imdb-tt0438488}.mp4,movie,Terminator Salvation,unmatched,no movie match,,,,0
imdb://tt6450804,F:\MediaStack\data\media\movies\Terminator - Dark Fate (2019)\Terminator Dark Fate (2019) [Bluray-1080p] {imdb-tt6450804}.mkv,movie,Terminator: Dark Fate,unmatched,no movie match,,,,0
imdb://tt0258247,F:\MediaStack\data\media\movies\The Testaments of One Fold and One Shepherd (2000)\The Testaments of One Fold and One Shepherd (2000) [WEBDL-480p] {imdb-tt0258247}.mkv,movie,The Testaments of One Fold and One Shepherd,unmatched,no movie match,,,,0
imdb://tt0027087,F:\MediaStack\data\media\movies\Texas Terror (1935)\Texas Terror (1935) [WEBDL-480p] {imdb-tt0027087}.mkv,movie,Texas Terror,unmatched,no movie match,,,,0
imdb://tt0120317,F:\MediaStack\data\media\movies\That Darn Cat (1997)\That Darn Cat (1997) [WEBDL-1080p] {imdb-tt0120317}.mkv,movie,That Darn Cat,unmatched,no movie match,,,,0
imdb://tt0059793,F:\MediaStack\data\media\movies\That Darn Cat! (1965)\That Darn Cat! (1965) [WEBDL-1080p] {imdb-tt0059793}.mkv,movie,That Darn Cat!,unmatched,no movie match,,,,0
imdb://tt0117887,F:\MediaStack\data\media\movies\That Thing You Do! (1996)\That Thing You Do! (1996) [Bluray-720p] {imdb-tt0117887}.mp4,movie,That Thing You Do!,unmatched,no movie match,,,,0
imdb://tt1232200,F:\MediaStack\data\media\movies\That's My Boy (2012)\Thats My Boy (2012) [Bluray-1080p] {imdb-tt1232200}.mp4,movie,That's My Boy,unmatched,no movie match,,,,0
imdb://tt2980516,F:\MediaStack\data\media\movies\The Theory of Everything (2014)\The Theory of Everything (2014) [Bluray-1080p] {imdb-tt2980516}.mkv,movie,The Theory of Everything,unmatched,no movie match,,,,0
imdb://tt0112389,F:\MediaStack\data\media\movies\The Thief and the Cobbler (1993)\The Thief and the Cobbler (1993) [WEBRip-1080p] {imdb-tt0112389}.mp4,movie,The Thief and the Cobbler,unmatched,no movie match,,,,0
imdb://tt0120863,F:\MediaStack\data\media\movies\The Thin Red Line (1998)\The Thin Red Line (1998) [Bluray-1080p] {imdb-tt0120863}.mkv,movie,The Thin Red Line,unmatched,no movie match,,,,0
imdb://tt0084787,F:\MediaStack\data\media\movies\The Thing (1982)\The Thing (1982) [Bluray-1080p] {imdb-tt0084787}.mkv,movie,The Thing,unmatched,ambiguous movie title match,,,,0
imdb://tt0041959,F:\MediaStack\data\media\movies\The Third Man (1949)\The Third Man (1949) [Bluray-1080p] {imdb-tt0041959}.mkv,movie,The Third Man,unmatched,no movie match,,,,0
imdb://tt0146309,F:\MediaStack\data\media\movies\Thirteen Days (2000)\Thirteen Days (2000) [Bluray-1080p] {imdb-tt0146309}.mkv,movie,Thirteen Days,unmatched,no movie match,,,,0
imdb://tt0200208,F:\MediaStack\data\media\movies\The Thirteenth Year (1999)\The Thirteenth Year (1999) [WEBRip-720p] {imdb-tt0200208}.mp4,movie,The Thirteenth Year,unmatched,no movie match,,,,0
imdb://tt1477715,F:\MediaStack\data\media\movies\This Is It (2009)\This Is It (2009) [Bluray-1080p] {imdb-tt1477715}.mp4,movie,This Is It,unmatched,no movie match,,,,0
imdb://tt0800369,F:\MediaStack\data\media\movies\Thor (2011)\Thor (2011) [Bluray-1080p] {imdb-tt0800369}.mp4,movie,Thor,unmatched,no movie match,,,,0
imdb://tt10648342,F:\MediaStack\data\media\movies\Thor - Love and Thunder (2022)\Thor Love and Thunder (2022) [Bluray-1080p] {imdb-tt10648342}.mp4,movie,Thor: Love and Thunder,unmatched,no movie match,,,,0
imdb://tt3501632,F:\MediaStack\data\media\movies\Thor - Ragnarok (2017)\Thor Ragnarok (2017) [Bluray-1080p] {imdb-tt3501632}.mkv,movie,Thor: Ragnarok,unmatched,no movie match,,,,0
imdb://tt1981115,F:\MediaStack\data\media\movies\Thor - The Dark World (2013)\Thor The Dark World (2013) [Bluray-1080p Proper] {imdb-tt1981115}.mkv,movie,Thor: The Dark World,unmatched,no movie match,,,,0
imdb://tt0092086,F:\MediaStack\data\media\movies\¡Three Amigos! (1986)\¡Three Amigos! (1986) [Bluray-1080p] {imdb-tt0092086}.mp4,movie,Three Amigos!,unmatched,no movie match,,,,0
imdb://tt0256415,F:\MediaStack\data\media\movies\Sweet Home Alabama (2002)\Sweet Home Alabama (2002) [Bluray-1080p] {imdb-tt0256415}.mkv,movie,Sweet Home Alabama,unmatched,no movie match,,,,0
imdb://tt0039003,F:\MediaStack\data\media\movies\Swing Parade of 1946 (1946)\Swing Parade of 1946 (1946) [Unknown] {imdb-tt0039003}.mkv,movie,Swing Parade of 1946,unmatched,no movie match,,,,0
imdb://tt4034354,F:\MediaStack\data\media\movies\Swiss Army Man (2016)\Swiss Army Man (2016) [Bluray-1080p] {imdb-tt4034354}.mkv,movie,Swiss Army Man,unmatched,no movie match,,,,0
imdb://tt0054357,F:\MediaStack\data\media\movies\Swiss Family Robinson (1960)\Swiss Family Robinson (1960) [Bluray-1080p] {imdb-tt0054357}.mp4,movie,Swiss Family Robinson,unmatched,no movie match,,,,0
imdb://tt0057546,F:\MediaStack\data\media\movies\The Sword in the Stone (1963)\The Sword in the Stone (1963) [Bluray-1080p] {imdb-tt0057546}.mp4,movie,The Sword in the Stone,unmatched,no movie match,,,,0
imdb://tt0446046,F:\MediaStack\data\media\movies\Take the Lead (2006)\Take the Lead (2006) [WEBRip-1080p] {imdb-tt0446046}.mp4,movie,Take the Lead,unmatched,no movie match,,,,0
imdb://tt0936501,F:\MediaStack\data\media\movies\Taken (2008)\Taken (2008) [Bluray-1080p] {imdb-tt0936501}.mp4,movie,Taken,unmatched,no movie match,,,,0
imdb://tt1397280,F:\MediaStack\data\media\movies\Taken 2 (2012)\Taken 2 (2012) [Bluray-1080p] {imdb-tt1397280}.mp4,movie,Taken 2,unmatched,no movie match,,,,0
imdb://tt2446042,F:\MediaStack\data\media\movies\Taken 3 (2014)\Taken 3 (2014) [Bluray-1080p] {imdb-tt2446042}.mkv,movie,Taken 3,unmatched,no movie match,,,,0
imdb://tt1111422,F:\MediaStack\data\media\movies\The Taking of Pelham 1 2 3 (2009)\The Taking of Pelham 1 2 3 (2009) [Bluray-1080p] {imdb-tt1111422}.mp4,movie,The Taking of Pelham 123,unmatched,no movie match,,,,0
imdb://tt0420238,F:\MediaStack\data\media\movies\The Tale of Despereaux (2008)\The Tale of Despereaux (2008) [Bluray-1080p] {imdb-tt0420238}.mp4,movie,The Tale of Despereaux,unmatched,no movie match,,,,0
imdb://tt2576852,F:\MediaStack\data\media\movies\The Tale of The Princess Kaguya (2013)\The Tale of The Princess Kaguya (2013) [Bluray-1080p] {imdb-tt2576852}.mkv,movie,The Tale of The Princess Kaguya,unmatched,no movie match,,,,0
imdb://tt0134119,F:\MediaStack\data\media\movies\The Talented Mr. Ripley (1999)\The Talented Mr. Ripley (1999) [Bluray-1080p] {imdb-tt0134119}.mkv,movie,The Talented Mr. Ripley,unmatched,no movie match,,,,0
imdb://tt0495596,F:\MediaStack\data\media\movies\Tales from Earthsea (2006)\Tales from Earthsea (2006) [Bluray-1080p] {imdb-tt0495596}.mkv,movie,Tales from Earthsea,unmatched,no movie match,,,,0
imdb://tt0061407,F:\MediaStack\data\media\movies\The Taming of the Shrew (1967)\The Taming of the Shrew (1967) [Bluray-1080p] {imdb-tt0061407}.mp4,movie,The Taming of The Shrew,unmatched,no movie match,,,,0
imdb://tt0398286,F:\MediaStack\data\media\movies\Tangled (2010)\Tangled (2010) [Bluray-1080p] {imdb-tt0398286}.mkv,movie,Tangled,unmatched,no movie match,,,,0
imdb://tt0090142,F:\MediaStack\data\media\movies\Teen Wolf (1985)\Teen Wolf (1985) [Bluray-1080p] {imdb-tt0090142}.mkv,movie,Teen Wolf,unmatched,no movie match,,,,0
imdb://tt10298840,F:\MediaStack\data\media\movies\Strange World (2022)\Strange World (2022) [Bluray-1080p] {imdb-tt10298840}.mp4,movie,Strange World,unmatched,no movie match,,,,0
imdb://tt0044079,F:\MediaStack\data\media\movies\Strangers on a Train (1951)\Strangers on a Train (1951) [Bluray-1080p] {imdb-tt0044079}.mkv,movie,Strangers on a Train,unmatched,no movie match,,,,0
imdb://tt0044081,F:\MediaStack\data\media\movies\A Streetcar Named Desire (1951)\A Streetcar Named Desire (1951) [Bluray-1080p] {imdb-tt0044081}.mp4,movie,A Streetcar Named Desire,unmatched,no movie match,,,,0
imdb://tt0105488,F:\MediaStack\data\media\movies\Strictly Ballroom (1992)\Strictly Ballroom (1992) [Bluray-1080p] {imdb-tt0105488}.mkv,movie,Strictly Ballroom,unmatched,no movie match,,,,0
imdb://tt0243585,F:\MediaStack\data\media\movies\Stuart Little 2 (2002)\Stuart Little 2 (2002) [WEBDL-1080p] {imdb-tt0243585}.mkv,movie,Stuart Little 2,unmatched,no movie match,,,,0
imdb://tt0491175,F:\MediaStack\data\media\movies\Suburbicon (2017)\Suburbicon (2017) [Bluray-1080p] {imdb-tt0491175}.mkv,movie,Suburbicon,unmatched,no movie match,,,,0
imdb://tt0053318,"F:\MediaStack\data\media\movies\Suddenly, Last Summer (1959)\Suddenly Last Summer (1959) [Bluray-1080p] {imdb-tt0053318}.mkv",movie,"Suddenly, Last Summer",unmatched,no movie match,,,,0
imdb://tt1386697,F:\MediaStack\data\media\movies\Suicide Squad (2016)\Suicide Squad (2016) [Bluray-1080p] {imdb-tt1386697}.mkv,movie,Suicide Squad,unmatched,no movie match,,,,0
imdb://tt6334354,F:\MediaStack\data\media\movies\The Suicide Squad (2021)\The Suicide Squad (2021) [Bluray-1080p Proper] {imdb-tt6334354}.mkv,movie,The Suicide Squad,unmatched,no movie match,,,,0
imdb://tt3263904,F:\MediaStack\data\media\movies\Sully (2016)\Sully (2016) [Bluray-1080p] {imdb-tt3263904}.mkv,movie,Sully,unmatched,no movie match,,,,0
imdb://tt0043014,F:\MediaStack\data\media\movies\Sunset Boulevard (1950)\Sunset Boulevard (1950) [Bluray-1080p] {imdb-tt0043014}.mp4,movie,Sunset Boulevard,unmatched,no movie match,,,,0
imdb://tt7178640,F:\MediaStack\data\media\movies\Superintelligence (2020)\Superintelligence (2020) [WEBRip-1080p] {imdb-tt7178640}.mp4,movie,Superintelligence,unmatched,no movie match,,,,0
imdb://tt5950044,F:\MediaStack\data\media\movies\Superman (2025)\Superman (2025) [Bluray-1080p] {imdb-tt5950044}.mp4,movie,Superman,unmatched,no movie match,,,,0
imdb://tt0348150,F:\MediaStack\data\media\movies\Superman Returns (2006)\Superman Returns (2006) [Bluray-1080p] {imdb-tt0348150}.mkv,movie,Superman Returns,unmatched,no movie match,,,,0
imdb://tt0423294,F:\MediaStack\data\media\movies\Surf's Up (2007)\Surfs Up (2007) [Bluray-1080p] {imdb-tt0423294}.mkv,movie,Surf's Up,unmatched,no movie match,,,,0
imdb://tt5513260,F:\MediaStack\data\media\movies\Surf's Up 2 - WaveMania (2017)\Surfs Up 2 WaveMania (2017) [WEBDL-1080p] {imdb-tt5513260}.mkv,movie,Surf's Up 2: WaveMania,unmatched,no movie match,,,,0
imdb://tt0986263,F:\MediaStack\data\media\movies\Surrogates (2009)\Surrogates (2009) [Bluray-1080p] {imdb-tt0986263}.mkv,movie,Surrogates,unmatched,no movie match,,,,0
imdb://tt0117794,F:\MediaStack\data\media\movies\Susie Q (1996)\Susie Q (1996) [Bluray-1080p] {imdb-tt0117794}.mp4,movie,Susie Q,unmatched,no movie match,,,,0
imdb://tt16428256,F:\MediaStack\data\media\movies\Suzume (2022)\Suzume (2022) [Bluray-1080p] {imdb-tt16428256}.mkv,movie,Suzume,unmatched,no movie match,,,,0
imdb://tt0111333,F:\MediaStack\data\media\movies\The Swan Princess (1994)\The Swan Princess (1994) [Bluray-1080p] {imdb-tt0111333}.mp4,movie,The Swan Princess,unmatched,no movie match,,,,0
imdb://tt0408236,F:\MediaStack\data\media\movies\Sweeney Todd - The Demon Barber of Fleet Street (2007)\Sweeney Todd The Demon Barber of Fleet Street (2007) [Bluray-1080p Proper] {imdb-tt0408236}.mkv,movie,Sweeney Todd: The Demon Barber of Fleet Street,unmatched,no movie match,,,,0
imdb://tt0120915,F:\MediaStack\data\media\movies\Star Wars - Episode I - The Phantom Menace (1999)\Star Wars Episode I The Phantom Menace (1999) [Bluray-1080p] {imdb-tt0120915}.mp4,movie,Star Wars: Episode I - The Phantom Menace,unmatched,no movie match,,,,0
imdb://tt0121765,F:\MediaStack\data\media\movies\Star Wars - Episode II - Attack of the Clones (2002)\Star Wars Episode II Attack of the Clones (2002) [Bluray-1080p] {imdb-tt0121765}.mkv,movie,Star Wars: Episode II - Attack of the Clones,unmatched,no movie match,,,,0
imdb://tt0121766,F:\MediaStack\data\media\movies\Star Wars - Episode III - Revenge of the Sith (2005)\Star Wars Episode III Revenge of the Sith (2005) [Bluray-1080p] {imdb-tt0121766}.mkv,movie,Star Wars: Episode III - Revenge of the Sith,unmatched,no movie match,,,,0
imdb://tt0076759,F:\MediaStack\data\media\movies\Star Wars (1977)\Star Wars (1977) [Bluray-1080p Proper] {imdb-tt0076759}.mkv,movie,Star Wars: Episode IV - A New Hope,unmatched,no movie match,,,,0
imdb://tt0080684,F:\MediaStack\data\media\movies\The Empire Strikes Back (1980)\The Empire Strikes Back (1980) [Bluray-1080p] {imdb-tt0080684}.mkv,movie,Star Wars: Episode V - The Empire Strikes Back,unmatched,no movie match,,,,0
imdb://tt0086190,F:\MediaStack\data\media\movies\Return of the Jedi (1983)\Return of the Jedi (1983) [Bluray-1080p] {imdb-tt0086190}.mp4,movie,Star Wars: Episode VI - Return of the Jedi,unmatched,no movie match,,,,0
imdb://tt2527336,F:\MediaStack\data\media\movies\Star Wars - The Last Jedi (2017)\Star Wars The Last Jedi (2017) [Bluray-1080p] {imdb-tt2527336}.mp4,movie,Star Wars: Episode VIII - The Last Jedi,unmatched,no movie match,,,,0
imdb://tt29895037,F:\MediaStack\data\media\movies\Star Wars - The Force Awakens (2015)\Star Wars The Force Awakens (2015) [Bluray-1080p] {imdb-tt2488496}.mkv,movie,Star Wars: The Force Awakens,unmatched,no movie match,,,,0
imdb://tt2527338,F:\MediaStack\data\media\movies\Star Wars - The Rise of Skywalker (2019)\Star Wars The Rise of Skywalker (2019) [Bluray-1080p Proper] {imdb-tt2527338}.mp4,movie,Star Wars: The Rise Of Skywalker,unmatched,no movie match,,,,0
imdb://tt0486655,F:\MediaStack\data\media\movies\Stardust (2007)\Stardust (2007) [Bluray-1080p] {imdb-tt0486655}.mkv,movie,Stardust,unmatched,no movie match,,,,0
imdb://tt4858674,F:\MediaStack\data\media\movies\Stargirl (2020)\Stargirl (2020) [WEBDL-2160p] {imdb-tt4858674}.mkv,movie,Stargirl,unmatched,no movie match,,,,0
imdb://tt0088172,F:\MediaStack\data\media\movies\Starman (1984)\Starman (1984) [Bluray-1080p] {imdb-tt0088172}.mkv,movie,Starman,unmatched,no movie match,,,,0
imdb://tt0120201,F:\MediaStack\data\media\movies\Starship Troopers (1997)\Starship Troopers (1997) [Bluray-1080p] {imdb-tt0120201}.mkv,movie,Starship Troopers,unmatched,no movie match,,,,0
imdb://tt0335438,F:\MediaStack\data\media\movies\Starsky & Hutch (2004)\Starsky and Hutch (2004) [Bluray-1080p] {imdb-tt0335438}.mkv,movie,Starsky & Hutch,unmatched,no movie match,,,,0
imdb://tt0100685,F:\MediaStack\data\media\movies\State of Grace (1990)\State of Grace (1990) [Bluray-1080p] {imdb-tt0100685}.mkv,movie,State of Grace,unmatched,no movie match,,,,0
imdb://tt0462590,F:\MediaStack\data\media\movies\Step Up (2006)\Step Up (2006) [Bluray-1080p] {imdb-tt0462590}.mkv,movie,Step Up,unmatched,no movie match,,,,0
imdb://tt1023481,F:\MediaStack\data\media\movies\Step Up 2 - The Streets (2008)\Step Up 2 The Streets (2008) [Bluray-1080p Proper] {imdb-tt1023481}.mkv,movie,Step Up 2 the Streets,unmatched,no movie match,,,,0
imdb://tt1193631,F:\MediaStack\data\media\movies\Step Up 3D (2010)\Step Up 3D (2010) [Bluray-1080p] {imdb-tt1193631}.mkv,movie,Step Up 3D,unmatched,no movie match,,,,0
imdb://tt1800741,F:\MediaStack\data\media\movies\Step Up Revolution (2012)\Step Up Revolution (2012) [Bluray-1080p] {imdb-tt1800741}.mkv,movie,Step Up: Revolution,unmatched,no movie match,,,,0
imdb://tt0120686,F:\MediaStack\data\media\movies\Stepmom (1998)\Stepmom (1998) [Bluray-1080p] {imdb-tt0120686}.mp4,movie,Stepmom,unmatched,no movie match,,,,0
imdb://tt0430634,F:\MediaStack\data\media\movies\Stick It (2006)\Stick It (2006) [WEBRip-1080p] {imdb-tt0430634}.mp4,movie,Stick It,unmatched,no movie match,,,,0
imdb://tt4624424,F:\MediaStack\data\media\movies\Storks (2016)\Storks (2016) [Bluray-1080p] {imdb-tt4624424}.mkv,movie,Storks,unmatched,no movie match,,,,0
imdb://tt4191054,F:\MediaStack\data\media\movies\Strange Magic (2015)\Strange Magic (2015) [WEBDL-1080p] {imdb-tt4191054}.mkv,movie,Strange Magic,unmatched,no movie match,,,,0
imdb://tt0245429,F:\MediaStack\data\media\movies\Spirited Away (2001)\Spirited Away (2001) [Bluray-1080p Proper] {imdb-tt0245429}.mkv,movie,Spirited Away,unmatched,no movie match,,,,0
imdb://tt0088161,F:\MediaStack\data\media\movies\Splash (1984)\Splash (1984) [Bluray-1080p] {imdb-tt0088161}.Clean.mp4,movie,Splash,unmatched,no movie match,,,,0
imdb://tt4972582,F:\MediaStack\data\media\movies\Split (2017)\Split (2017) [HDTV-1080p] {imdb-tt4972582}.mp4,movie,Split,unmatched,no movie match,,,,0
imdb://tt4823776,F:\MediaStack\data\media\movies\The SpongeBob Movie - Sponge on the Run (2020)\The SpongeBob Movie Sponge on the Run (2020) [Bluray-1080p] {imdb-tt4823776}.mkv,movie,The SpongeBob Movie: Sponge on the Run,unmatched,no movie match,,,,0
imdb://tt0345950,F:\MediaStack\data\media\movies\The SpongeBob SquarePants Movie (2004)\The SpongeBob SquarePants Movie (2004) [Bluray-1080p] {imdb-tt0345950}.mkv,movie,The SpongeBob SquarePants Movie,unmatched,no movie match,,,,0
imdb://tt0227538,F:\MediaStack\data\media\movies\Spy Kids (2001)\Spy Kids (2001) [Bluray-1080p] {imdb-tt0227538}.mkv,movie,Spy Kids,unmatched,no movie match,,,,0
imdb://tt0287717,F:\MediaStack\data\media\movies\Spy Kids 2 - The Island of Lost Dreams (2002)\Spy Kids 2 The Island of Lost Dreams (2002) [Bluray-1080p] {imdb-tt0287717}.mkv,movie,Spy Kids 2: Island of Lost Dreams,unmatched,no movie match,,,,0
imdb://tt0338459,F:\MediaStack\data\media\movies\Spy Kids 3-D - Game Over (2003)\Spy Kids 3-D Game Over (2003) [Bluray-1080p] {imdb-tt0338459}.mp4,movie,Spy Kids 3: Game Over,unmatched,no movie match,,,,0
imdb://tt1273678,F:\MediaStack\data\media\movies\The Spy Next Door (2010)\The Spy Next Door (2010) [Bluray-1080p] {imdb-tt1273678}.mp4,movie,The Spy Next Door,unmatched,no movie match,,,,0
imdb://tt0090060,F:\MediaStack\data\media\movies\St. Elmo's Fire (1985)\St. Elmos Fire (1985) [Bluray-1080p] {imdb-tt0090060}.mkv,movie,St. Elmo's Fire,unmatched,no movie match,,,,0
imdb://tt0031971,F:\MediaStack\data\media\movies\Stagecoach (1939)\Stagecoach (1939) [Bluray-1080p] {imdb-tt0031971}.mp4,movie,Stagecoach,unmatched,no movie match,,,,0
imdb://tt4587656,F:\MediaStack\data\media\movies\The Star (2017)\The Star (2017) [Bluray-1080p] {imdb-tt4587656}.mkv,movie,The Star,unmatched,no movie match,,,,0
imdb://tt0025830,F:\MediaStack\data\media\movies\The Star Packer (1934)\The Star Packer (1934) [WEBDL-480p] {imdb-tt0025830}.mkv,movie,The Star Packer,unmatched,no movie match,,,,0
imdb://tt0120844,F:\MediaStack\data\media\movies\Star Trek - Insurrection (1998)\Star Trek Insurrection (1998) [Bluray-1080p] {imdb-tt0120844}.mkv,movie,Star Trek: Insurrection,unmatched,no movie match,,,,0
imdb://tt0079945,F:\MediaStack\data\media\movies\Star Trek - The Motion Picture (1979)\Star Trek The Motion Picture (1979) [Bluray-1080p] {imdb-tt0079945}.mkv,movie,Star Trek: The Motion Picture,unmatched,no movie match,,,,0
imdb://tt0117705,F:\MediaStack\data\media\movies\Space Jam (1996)\Space Jam (1996) [Bluray-1080p] {imdb-tt0117705}.mkv,movie,Space Jam,unmatched,no movie match,,,,0
imdb://tt3554046,F:\MediaStack\data\media\movies\Space Jam - A New Legacy (2021)\Space Jam A New Legacy (2021) [Bluray-1080p] {imdb-tt3554046}.mp4,movie,Space Jam: A New Legacy,unmatched,no movie match,,,,0
imdb://tt0114508,F:\MediaStack\data\media\movies\Species (1995)\Species (1995) [Bluray-1080p] {imdb-tt0114508}.mkv,movie,Species,unmatched,no movie match,,,,0
imdb://tt0120841,F:\MediaStack\data\media\movies\Species II (1998)\Species II (1998) [Bluray-1080p] {imdb-tt0120841}.mkv,movie,Species II,unmatched,no movie match,,,,0
imdb://tt0111257,F:\MediaStack\data\media\movies\Speed (1994)\Speed (1994) [Bluray-1080p] {imdb-tt0111257}.mp4,movie,Speed,unmatched,no movie match,,,,0
imdb://tt0811080,F:\MediaStack\data\media\movies\Speed Racer (2008)\Speed Racer (2008) [Bluray-1080p] {imdb-tt0811080}.mkv,movie,Speed Racer,unmatched,no movie match,,,,0
imdb://tt2250912,F:\MediaStack\data\media\movies\Spider-Man - Homecoming (2017)\Spider-Man Homecoming (2017) [Bluray-1080p] {imdb-tt2250912}.mkv,movie,Spider-Man: Homecoming,unmatched,no movie match,,,,0
imdb://tt5814534,F:\MediaStack\data\media\movies\Spies in Disguise (2019)\Spies in Disguise (2019) [Bluray-1080p Proper] {imdb-tt5814534}.mkv,movie,Spies in Disguise,unmatched,no movie match,,,,0
imdb://tt11084896,F:\MediaStack\data\media\movies\Spirit Untamed (2021)\Spirit Untamed (2021) [Bluray-1080p] {imdb-tt11084896}.mkv,movie,Spirit Untamed,unmatched,no movie match,,,,0
imdb://tt0166813,F:\MediaStack\data\media\movies\Spirit - Stallion of the Cimarron (2002)\Spirit Stallion of the Cimarron (2002) [Bluray-1080p] {imdb-tt0166813}.mp4,movie,Spirit: Stallion of the Cimarron,unmatched,no movie match,,,,0
imdb://tt2398241,F:\MediaStack\data\media\movies\Smurfs - The Lost Village (2017)\Smurfs The Lost Village (2017) [WEBDL-1080p] {imdb-tt2398241}.mkv,movie,Smurfs: The Lost Village,unmatched,no movie match,,,,0
imdb://tt8404256,F:\MediaStack\data\media\movies\Snake Eyes - G.I. Joe Origins (2021)\Snake Eyes G.I. Joe Origins (2021) [Bluray-1080p] {imdb-tt8404256}.mkv,movie,Snake Eyes,unmatched,no movie match,,,,0
imdb://tt0184907,F:\MediaStack\data\media\movies\Snow Day (2000)\Snow Day (2000) [DVD] {imdb-tt0184907}.mkv,movie,Snow Day,unmatched,no movie match,,,,0
imdb://tt0281373,F:\MediaStack\data\media\movies\Snow Dogs (2002)\Snow Dogs (2002) [Bluray-1080p] {imdb-tt0281373}.mp4,movie,Snow Dogs,unmatched,no movie match,,,,0
imdb://tt6208148,F:\MediaStack\data\media\movies\Snow White (2025)\Snow White (2025) [Bluray-1080p] {imdb-tt6208148}.mp4,movie,Snow White,unmatched,no movie match,,,,0
imdb://tt0029583,F:\MediaStack\data\media\movies\Snow White and the Seven Dwarfs (1938)\Snow White and the Seven Dwarfs (1938) [Bluray-1080p] {imdb-tt0029583}.mkv,movie,Snow White and the Seven Dwarfs,unmatched,no movie match,,,,0
imdb://tt3778644,F:\MediaStack\data\media\movies\Solo - A Star Wars Story (2018)\Solo A Star Wars Story (2018) [Bluray-1080p Proper] {imdb-tt3778644}.mkv,movie,Solo: A Star Wars Story,unmatched,no movie match,,,,0
imdb://tt0821642,F:\MediaStack\data\media\movies\The Soloist (2009)\The Soloist (2009) [Bluray-1080p] {imdb-tt0821642}.mkv,movie,The Soloist,unmatched,no movie match,,,,0
imdb://tt0094006,F:\MediaStack\data\media\movies\Some Kind of Wonderful (1987)\Some Kind of Wonderful (1987) [Bluray-1080p] {imdb-tt0094006}.mkv,movie,Some Kind of Wonderful,unmatched,no movie match,,,,0
imdb://tt0053291,F:\MediaStack\data\media\movies\Some Like It Hot (1959)\Some Like It Hot (1959) [Bluray-1080p Proper] {imdb-tt0053291}.mkv,movie,Some Like It Hot,unmatched,no movie match,,,,0
imdb://tt0086336,F:\MediaStack\data\media\movies\Something Wicked This Way Comes (1983)\Something Wicked This Way Comes (1983) [HDTV-720p] {imdb-tt0086336}.mkv,movie,Something Wicked This Way Comes,unmatched,no movie match,,,,0
imdb://tt0963966,F:\MediaStack\data\media\movies\The Sorcerer's Apprentice (2010)\The Sorcerers Apprentice (2010) [WEBDL-1080p] {imdb-tt0963966}.mkv,movie,The Sorcerer's Apprentice,unmatched,no movie match,,,,0
imdb://tt2948372,F:\MediaStack\data\media\movies\Soul (2020)\Soul (2020) [Bluray-1080p] {imdb-tt2948372}.mp4,movie,Soul,unmatched,no movie match,,,,0
imdb://tt0059742,F:\MediaStack\data\media\movies\The Sound of Music (1965)\The Sound of Music (1965) [Bluray-1080p Proper] {imdb-tt0059742}.mkv,movie,The Sound of Music,unmatched,no movie match,,,,0
imdb://tt0186566,F:\MediaStack\data\media\movies\Space Cowboys (2000)\Space Cowboys (2000) [Bluray-1080p] {imdb-tt0186566}.mp4,movie,Space Cowboys,unmatched,no movie match,,,,0
imdb://tt0165982,F:\MediaStack\data\media\movies\Sinbad - Legend of the Seven Seas (2003)\Sinbad Legend of the Seven Seas (2003) [Bluray-1080p] {imdb-tt0165982}.mkv,movie,Sinbad: Legend of the Seven Seas,unmatched,no movie match,,,,0
imdb://tt6467266,F:\MediaStack\data\media\movies\Sing 2 (2021)\Sing 2 (2021) [Bluray-1080p] {imdb-tt6467266}.mkv,movie,Sing 2,unmatched,no movie match,,,,0
imdb://tt0045152,F:\MediaStack\data\media\movies\Singin' in the Rain (1952)\Singin in the Rain (1952) [Bluray-1080p] {imdb-tt0045152}.mkv,movie,Singin' in the Rain,unmatched,no movie match,,,,0
imdb://tt0306069,F:\MediaStack\data\media\movies\The Singles Ward (2002)\The Singles Ward (2002) [SDTV] {imdb-tt0306069}.m4v,movie,The Singles Ward,unmatched,no movie match,,,,0
imdb://tt0105417,F:\MediaStack\data\media\movies\Sister Act (1992)\Sister Act (1992) [Bluray-1080p] {imdb-tt0105417}.mp4,movie,Sister Act,unmatched,no movie match,,,,0
imdb://tt0108147,F:\MediaStack\data\media\movies\Sister Act 2 - Back in the Habit (1993)\Sister Act 2 Back in the Habit (1993) [Bluray-1080p] {imdb-tt0108147}.mkv,movie,Sister Act 2: Back in the Habit,unmatched,no movie match,,,,0
imdb://tt0403508,F:\MediaStack\data\media\movies\The Sisterhood of the Traveling Pants (2005)\The Sisterhood of the Traveling Pants (2005) [WEBRip-1080p] {imdb-tt0403508}.mkv,movie,The Sisterhood of the Traveling Pants,unmatched,no movie match,,,,0
imdb://tt1018785,F:\MediaStack\data\media\movies\The Sisterhood of the Traveling Pants 2 (2008)\The Sisterhood of the Traveling Pants 2 (2008) [DVD] {imdb-tt1018785}.avi,movie,The Sisterhood of the Traveling Pants 2,unmatched,no movie match,,,,0
imdb://tt0167404,F:\MediaStack\data\media\movies\The Sixth Sense (1999)\The Sixth Sense (1999) [Bluray-1080p] {imdb-tt0167404}.mp4,movie,The Sixth Sense,unmatched,no movie match,,,,0
imdb://tt0346156,F:\MediaStack\data\media\movies\Sky Captain and the World of Tomorrow (2004)\Sky Captain and the World of Tomorrow (2004) [Bluray-1080p] {imdb-tt0346156}.mp4,movie,Sky Captain and the World of Tomorrow,unmatched,no movie match,,,,0
imdb://tt0053285,F:\MediaStack\data\media\movies\Sleeping Beauty (1959)\Sleeping Beauty (1959) [Bluray-1080p] {imdb-tt0053285}.mkv,movie,Sleeping Beauty,unmatched,no movie match,,,,0
imdb://tt0120148,F:\MediaStack\data\media\movies\Sliding Doors (1998)\Sliding Doors (1998) [Bluray-1080p] {imdb-tt0120148}.mp4,movie,Sliding Doors,unmatched,no movie match,,,,0
imdb://tt0122718,F:\MediaStack\data\media\movies\Small Soldiers (1998)\Small Soldiers (1998) [Bluray-1080p] {imdb-tt0122718}.mp4,movie,Small Soldiers,unmatched,no movie match,,,,0
imdb://tt0475394,F:\MediaStack\data\media\movies\Smokin' Aces (2006)\Smokin Aces (2006) [Bluray-1080p] {imdb-tt0475394}.mkv,movie,Smokin' Aces,unmatched,no movie match,,,,0
imdb://tt18069420,F:\MediaStack\data\media\movies\Smurfs (2025)\Smurfs (2025) [Bluray-1080p] {imdb-tt18069420}.mkv,movie,Smurfs,unmatched,no movie match,,,,0
imdb://tt2062677,F:\MediaStack\data\media\movies\The Smurfs - A Christmas Carol (2011)\The Smurfs A Christmas Carol (2011) [WEBRip-720p] {imdb-tt2062677}.mp4,movie,The Smurfs: A Christmas Carol,unmatched,no movie match,,,,0
imdb://tt0160862,F:\MediaStack\data\media\movies\She's All That (1999)\Shes All That (1999) [Bluray-1080p] {imdb-tt0160862}.mp4,movie,She's All That,unmatched,no movie match,,,,0
imdb://tt0059711,F:\MediaStack\data\media\movies\Shenandoah (1965)\Shenandoah (1965) [WEBDL-480p] {imdb-tt0059711}.mkv,movie,Shenandoah,unmatched,no movie match,,,,0
imdb://tt0988045,F:\MediaStack\data\media\movies\Sherlock Holmes (2009)\Sherlock Holmes (2009) [Bluray-1080p] {imdb-tt0988045}.mkv,movie,Sherlock Holmes,unmatched,no movie match,,,,0
imdb://tt1515091,F:\MediaStack\data\media\movies\Sherlock Holmes - A Game of Shadows (2011)\Sherlock Holmes A Game of Shadows (2011) [Bluray-1080p] {imdb-tt1515091}.mkv,movie,Sherlock Holmes: A Game of Shadows,unmatched,no movie match,,,,0
imdb://tt0120118,F:\MediaStack\data\media\movies\Shiloh (1996)\Shiloh (1996) [Bluray-1080p] {imdb-tt0120118}.mkv,movie,Shiloh,unmatched,no movie match,,,,0
imdb://tt4262980,F:\MediaStack\data\media\movies\Shin Godzilla (2016)\Shin Godzilla (2016) [Bluray-1080p] {imdb-tt4262980}.mkv,movie,Shin Godzilla,unmatched,no movie match,,,,0
imdb://tt0117631,F:\MediaStack\data\media\movies\Shine (1996)\Shine (1996) [Bluray-1080p] {imdb-tt0117631}.mkv,movie,Shine,unmatched,no movie match,,,,0
imdb://tt0081505,F:\MediaStack\data\media\movies\The Shining (1980)\The Shining (1980) [Bluray-1080p] {imdb-tt0081505}.mp4,movie,The Shining,unmatched,no movie match,,,,0
imdb://tt0033045,F:\MediaStack\data\media\movies\The Shop Around the Corner (1940)\The Shop Around the Corner (1940) [WEBRip-720p] {imdb-tt0033045}.mkv,movie,The Shop Around the Corner,unmatched,no movie match,,,,0
imdb://tt0897387,F:\MediaStack\data\media\movies\Shrek the Halls (2007)\Shrek the Halls (2007) [Bluray-1080p] {imdb-tt0897387}.mkv,movie,Shrek the Halls,unmatched,no movie match,,,,0
imdb://tt0286106,F:\MediaStack\data\media\movies\Signs (2002)\Signs (2002) [Bluray-1080p] {imdb-tt0286106}.mkv,movie,Signs,unmatched,no movie match,,,,0
imdb://tt5323662,F:\MediaStack\data\media\movies\A Silent Voice - The Movie (2016)\A Silent Voice The Movie (2016) [Bluray-1080p] {imdb-tt5323662}.mkv,movie,A Silent Voice: The Movie,unmatched,no movie match,,,,0
imdb://tt0124879,F:\MediaStack\data\media\movies\Simon Birch (1998)\Simon Birch (1998) [WEBDL-1080p] {imdb-tt0124879}.mkv,movie,Simon Birch,unmatched,no movie match,,,,0
imdb://tt0120133,F:\MediaStack\data\media\movies\A Simple Wish (1997)\A Simple Wish (1997) [Bluray-720p] {imdb-tt0120133}.mp4,movie,A Simple Wish,unmatched,no movie match,,,,0
imdb://tt0462538,F:\MediaStack\data\media\movies\The Simpsons Movie (2007)\The Simpsons Movie (2007) [Bluray-1080p] {imdb-tt0462538}.mp4,movie,The Simpsons Movie,unmatched,no movie match,,,,0
imdb://tt0114388,F:\MediaStack\data\media\movies\Sense and Sensibility (1995)\Sense and Sensibility (1995) [Bluray-1080p] {imdb-tt0114388}.mkv,movie,Sense and Sensibility,unmatched,no movie match,,,,0
imdb://tt1832382,F:\MediaStack\data\media\movies\A Separation (2011)\A Separation (2011) [Bluray-1080p] {imdb-tt1832382}.mkv,movie,A Separation,unmatched,no movie match,,,,0
imdb://tt0240890,F:\MediaStack\data\media\movies\Serendipity (2001)\Serendipity (2001) [Bluray-1080p] {imdb-tt0240890}.mkv,movie,Serendipity,unmatched,no movie match,,,,0
imdb://tt0339291,F:\MediaStack\data\media\movies\Lemony Snicket's A Series of Unfortunate Events (2004)\Lemony Snickets A Series of Unfortunate Events (2004) [Bluray-1080p] {imdb-tt0339291}.mkv,movie,A Series of Unfortunate Events,unmatched,no movie match,,,,0
imdb://tt0261289,F:\MediaStack\data\media\movies\Serving Sara (2002)\Serving Sara (2002) [WEBDL-1080p] {imdb-tt0261289}.mkv,movie,Serving Sara,unmatched,no movie match,,,,0
imdb://tt0041859,F:\MediaStack\data\media\movies\The Set-Up (1949)\The Set-Up (1949) [Bluray-1080p] {imdb-tt0041859}.mkv,movie,The Set-Up,unmatched,no movie match,,,,0
imdb://tt0047472,F:\MediaStack\data\media\movies\Seven Brides for Seven Brothers (1954)\Seven Brides for Seven Brothers (1954) [Bluray-1080p] {imdb-tt0047472}.mkv,movie,Seven Brides for Seven Brothers,unmatched,no movie match,,,,0
imdb://tt0047478,F:\MediaStack\data\media\movies\Seven Samurai (1954)\Seven Samurai (1954) [Bluray-1080p] {imdb-tt0047478}.mp4,movie,Seven Samurai,unmatched,no movie match,,,,0
imdb://tt0048605,F:\MediaStack\data\media\movies\The Seven Year Itch (1955)\The Seven Year Itch (1955) [Bluray-1080p] {imdb-tt0048605}.mkv,movie,The Seven Year Itch,unmatched,no movie match,,,,0
imdb://tt0023456,F:\MediaStack\data\media\movies\The Shadow of the Eagle (1932)\The Shadow of the Eagle (1932) [WEBDL-480p] {imdb-tt0023456}.mkv,movie,The Shadow of the Eagle,unmatched,no movie match,,,,0
imdb://tt0053271,F:\MediaStack\data\media\movies\The Shaggy Dog (1959)\The Shaggy Dog (1959) [WEBDL-1080p] {imdb-tt0053271}.mkv,movie,The Shaggy Dog,unmatched,no movie match,,,,0
imdb://tt0393735,F:\MediaStack\data\media\movies\The Shaggy Dog (2006)\The Shaggy Dog (2006) [WEBDL-720p] {imdb-tt0393735}.mkv,movie,The Shaggy Dog,unmatched,no movie match,,,,0
imdb://tt9376612,F:\MediaStack\data\media\movies\Shang-Chi and the Legend of the Ten Rings (2021)\Shang-Chi and the Legend of the Ten Rings (2021) [Bluray-1080p] {imdb-tt9376612}.mp4,movie,Shang-Chi and the Legend of the Ten Rings,unmatched,no movie match,,,,0
imdb://tt0300471,F:\MediaStack\data\media\movies\Shanghai Knights (2003)\Shanghai Knights (2003) [Bluray-1080p] {imdb-tt0300471}.mp4,movie,Shanghai Knights,unmatched,no movie match,,,,0
imdb://tt0184894,F:\MediaStack\data\media\movies\Shanghai Noon (2000)\Shanghai Noon (2000) [Bluray-1080p Proper] {imdb-tt0184894}.mp4,movie,Shanghai Noon,unmatched,no movie match,,,,0
imdb://tt2872750,F:\MediaStack\data\media\movies\Shaun the Sheep Movie (2015)\Shaun the Sheep Movie (2015) [Bluray-1080p] {imdb-tt2872750}.mkv,movie,Shaun the Sheep Movie,unmatched,no movie match,,,,0
imdb://tt0111161,F:\MediaStack\data\media\movies\The Shawshank Redemption (1994)\The Shawshank Redemption (1994) [Bluray-1080p] {imdb-tt0111161}.mkv,movie,The Shawshank Redemption,unmatched,no movie match,,,,0
imdb://tt0448115,F:\MediaStack\data\media\movies\Shazam! (2019)\Shazam! (2019) [Bluray-1080p] {imdb-tt0448115}.mp4,movie,Shazam!,unmatched,no movie match,,,,0
imdb://tt10151854,F:\MediaStack\data\media\movies\Shazam! Fury of the Gods (2023)\Shazam! Fury of the Gods (2023) [Bluray-1080p] {imdb-tt10151854}.mkv,movie,Shazam! Fury of the Gods,unmatched,no movie match,,,,0
imdb://tt0331632,F:\MediaStack\data\media\movies\Scooby-Doo 2 - Monsters Unleashed (2004)\Scooby-Doo 2 Monsters Unleashed (2004) [Bluray-1080p] {imdb-tt0331632}.mp4,movie,Scooby-Doo 2: Monsters Unleashed,unmatched,no movie match,,,,0
imdb://tt0277296,F:\MediaStack\data\media\movies\The Scorpion King (2002)\The Scorpion King (2002) [Bluray-1080p] {imdb-tt0277296}.mp4,movie,The Scorpion King,unmatched,no movie match,,,,0
imdb://tt0117571,F:\MediaStack\data\media\movies\Scream (1996)\Scream (1996) [Bluray-1080p] {imdb-tt0117571}.mkv,movie,Scream,unmatched,ambiguous movie title match,,,,0
imdb://tt0114369,F:\MediaStack\data\media\movies\Se7en (1995)\Se7en (1995) [Bluray-1080p] {imdb-tt0114369}.mkv,movie,Se7en,unmatched,no movie match,,,,0
imdb://tt0329575,F:\MediaStack\data\media\movies\Seabiscuit (2003)\Seabiscuit (2003) [Bluray-1080p] {imdb-tt0329575}.mkv,movie,Seabiscuit,unmatched,no movie match,,,,0
imdb://tt0049730,F:\MediaStack\data\media\movies\The Searchers (1956)\The Searchers (1956) [Bluray-1080p] {imdb-tt0049730}.mp4,movie,The Searchers,unmatched,no movie match,,,,0
imdb://tt0327137,F:\MediaStack\data\media\movies\Secondhand Lions (2003)\Secondhand Lions (2003) [Bluray-1080p] {imdb-tt0327137}.mkv,movie,Secondhand Lions,unmatched,no movie match,,,,0
imdb://tt0108071,F:\MediaStack\data\media\movies\The Secret Garden (1993)\The Secret Garden (1993) [Bluray-1080p] {imdb-tt0108071}.mp4,movie,The Secret Garden,unmatched,no movie match,,,,0
imdb://tt2702920,F:\MediaStack\data\media\movies\The Secret Garden (2020)\The Secret Garden (2020) [Bluray-1080p] {imdb-tt2702920}.mkv,movie,The Secret Garden,unmatched,no movie match,,,,0
imdb://tt5113040,F:\MediaStack\data\media\movies\The Secret Life of Pets 2 (2019)\The Secret Life of Pets 2 (2019) [WEBRip-1080p] {imdb-tt5113040}.mp4,movie,The Secret Life of Pets 2,unmatched,no movie match,,,,0
imdb://tt0359950,F:\MediaStack\data\media\movies\The Secret Life of Walter Mitty (2013)\The Secret Life of Walter Mitty (2013) [Bluray-1080p] {imdb-tt0359950}.mp4,movie,The Secret Life of Walter Mitty,unmatched,no movie match,,,,0
imdb://tt0084649,F:\MediaStack\data\media\movies\The Secret of NIMH (1982)\The Secret of NIMH (1982) [Bluray-1080p] {imdb-tt0084649}.mp4,movie,The Secret of NIMH,unmatched,no movie match,,,,0
imdb://tt0171725,F:\MediaStack\data\media\movies\The Secret of NIMH 2 - Timmy to the Rescue (1998)\The Secret of NIMH 2 Timmy to the Rescue (1998) [WEBRip-1080p] {imdb-tt0171725}.mp4,movie,The Secret of NIMH 2: Timmy to the Rescue,unmatched,no movie match,,,,0
imdb://tt0111112,F:\MediaStack\data\media\movies\The Secret of Roan Inish (1994)\The Secret of Roan Inish (1994) [WEBRip-1080p] {imdb-tt0111112}.mp4,movie,The Secret of Roan Inish,unmatched,no movie match,,,,0
imdb://tt1568921,F:\MediaStack\data\media\movies\The Secret World of Arrietty (2010)\The Secret World of Arrietty (2010) [Bluray-1080p] {imdb-tt1568921}.m4v,movie,The Secret World of Arrietty,unmatched,no movie match,,,,0
imdb://tt1028576,F:\MediaStack\data\media\movies\Secretariat (2010)\Secretariat (2010) [Bluray-1080p] {imdb-tt1028576}.mp4,movie,Secretariat,unmatched,no movie match,,,,0
imdb://tt0250720,F:\MediaStack\data\media\movies\See Spot Run (2001)\See Spot Run (2001) [WEBDL-720p] {imdb-tt0250720}.mkv,movie,See Spot Run,unmatched,no movie match,,,,0
imdb://tt0120094,F:\MediaStack\data\media\movies\Selena (1997)\Selena (1997) [Bluray-1080p] {imdb-tt0120094}.mp4,movie,Selena,unmatched,no movie match,,,,0
imdb://tt0839980,F:\MediaStack\data\media\movies\Semi-Pro (2008)\Semi-Pro (2008) [Bluray-1080p] {imdb-tt0839980}.mp4,movie,Semi-Pro,unmatched,no movie match,,,,0
imdb://tt1424432,F:\MediaStack\data\media\movies\Senna (2010)\Senna (2010) [Bluray-1080p] {imdb-tt1424432}.mkv,movie,Senna,unmatched,no movie match,,,,0
imdb://tt2126355,F:\MediaStack\data\media\movies\San Andreas (2015)\San Andreas (2015) [Bluray-1080p] {imdb-tt2126355}.mp4,movie,San Andreas,unmatched,no movie match,,,,0
imdb://tt0108037,F:\MediaStack\data\media\movies\The Sandlot (1993)\The Sandlot (1993) [Bluray-1080p] {imdb-tt0108037}.mp4,movie,The Sandlot,unmatched,no movie match,,,,0
imdb://tt0066327,F:\MediaStack\data\media\movies\Santa Claus Is Comin' to Town (1970)\Santa Claus Is Comin to Town (1970) [Bluray-1080p] {imdb-tt0066327}.mp4,movie,Santa Claus Is Comin' to Town,unmatched,no movie match,,,,0
imdb://tt0111070,F:\MediaStack\data\media\movies\The Santa Clause (1994)\The Santa Clause (1994) [Bluray-1080p] {imdb-tt0111070}.mp4,movie,The Santa Clause,unmatched,no movie match,,,,0
imdb://tt0304669,F:\MediaStack\data\media\movies\The Santa Clause 2 (2002)\The Santa Clause 2 (2002) [Bluray-1080p] {imdb-tt0304669}.mkv,movie,The Santa Clause 2,unmatched,no movie match,,,,0
imdb://tt0452681,F:\MediaStack\data\media\movies\The Santa Clause 3 - The Escape Clause (2006)\The Santa Clause 3 The Escape Clause (2006) [Bluray-1080p] {imdb-tt0452681}.mkv,movie,The Santa Clause 3: The Escape Clause,unmatched,no movie match,,,,0
imdb://tt0500100,F:\MediaStack\data\media\movies\Saturday Night Live - The Best of Chris Farley (2003)\Saturday Night Live The Best of Chris Farley (2003) [WEBDL-480p] {imdb-tt0500100}.mkv,movie,Saturday Night Live: The Best of Chris Farley,unmatched,no movie match,,,,0
imdb://tt0382275,F:\MediaStack\data\media\movies\Saturday Night Live - The Best of Will Ferrell (2002)\Saturday Night Live The Best of Will Ferrell (2002) [WEBDL-480p] {imdb-tt0382275}.mkv,movie,Saturday Night Live: The Best of Will Ferrell,unmatched,no movie match,,,,0
imdb://tt0477851,F:\MediaStack\data\media\movies\Saturday Night Live - The Best of Will Ferrell - Volume 2 (2004)\Saturday Night Live The Best of Will Ferrell Volume 2 (2004) [WEBDL-480p] {imdb-tt0477851}.mkv,movie,Saturday Night Live: The Best of Will Ferrell - Volume 2,unmatched,no movie match,,,,0
imdb://tt0206275,F:\MediaStack\data\media\movies\Save the Last Dance (2001)\Save the Last Dance (2001) [Bluray-1080p] {imdb-tt0206275}.mp4,movie,Save the Last Dance,unmatched,no movie match,,,,0
imdb://tt2140373,F:\MediaStack\data\media\movies\Saving Mr. Banks (2013)\Saving Mr. Banks (2013) [Bluray-1080p] {imdb-tt2140373}.mkv,movie,Saving Mr. Banks,unmatched,no movie match,,,,0
imdb://tt0239948,F:\MediaStack\data\media\movies\Saving Silverman (2001)\Saving Silverman (2001) [WEBRip-720p] {imdb-tt0239948}.mp4,movie,Saving Silverman,unmatched,no movie match,,,,0
imdb://tt0267913,F:\MediaStack\data\media\movies\Scooby-Doo (2002)\Scooby-Doo (2002) [Bluray-1080p] {imdb-tt0267913}.mp4,movie,Scooby-Doo,unmatched,no movie match,,,,0
imdb://tt0040746,F:\MediaStack\data\media\movies\Rope (1948)\Rope (1948) [Bluray-1080p] {imdb-tt0040746}.mkv,movie,Rope,unmatched,no movie match,,,,0
imdb://tt0102813,F:\MediaStack\data\media\movies\Rover Dangerfield (1991)\Rover Dangerfield (1991) [Bluray-720p] {imdb-tt0102813}.mp4,movie,Rover Dangerfield,unmatched,no movie match,,,,0
imdb://tt1276419,F:\MediaStack\data\media\movies\A Royal Affair (2012)\A Royal Affair (2012) [Bluray-1080p] {imdb-tt1276419}.mkv,movie,A Royal Affair,unmatched,no movie match,,,,0
imdb://tt0265666,F:\MediaStack\data\media\movies\The Royal Tenenbaums (2001)\The Royal Tenenbaums (2001) [Bluray-1080p] {imdb-tt0265666}.mp4,movie,The Royal Tenenbaums,unmatched,no movie match,,,,0
imdb://tt27155038,"F:\MediaStack\data\media\movies\Ruby Gillman, Teenage Kraken (2023)\Ruby Gillman Teenage Kraken (2023) [WEBRip-1080p] {imdb-tt27155038}.mkv",movie,Ruby Gillman: Teenage Kraken,unmatched,no movie match,,,,0
imdb://tt0058536,F:\MediaStack\data\media\movies\Rudolph the Red-Nosed Reindeer (1964)\Rudolph the Red-Nosed Reindeer (1964) [Bluray-1080p] {imdb-tt0058536}.mp4,movie,Rudolph the Red-Nosed Reindeer,unmatched,no movie match,,,,0
imdb://tt0213203,F:\MediaStack\data\media\movies\Rugrats in Paris - The Movie (2000)\Rugrats in Paris The Movie (2000) [WEBRip-1080p] {imdb-tt0213203}.mkv,movie,Rugrats in Paris,unmatched,no movie match,,,,0
imdb://tt0134067,F:\MediaStack\data\media\movies\The Rugrats Movie (1998)\The Rugrats Movie (1998) [WEBDL-1080p] {imdb-tt0134067}.mkv,movie,The Rugrats Movie,unmatched,no movie match,,,,0
imdb://tt8337158,F:\MediaStack\data\media\movies\Rumble (2021)\Rumble (2021) [Bluray-1080p] {imdb-tt8337158}.mkv,movie,Rumble,unmatched,no movie match,,,,0
imdb://tt0163187,F:\MediaStack\data\media\movies\Runaway Bride (1999)\Runaway Bride (1999) [Bluray-1080p] {imdb-tt0163187}.mkv,movie,Runaway Bride,unmatched,no movie match,,,,0
imdb://tt0313542,F:\MediaStack\data\media\movies\Runaway Jury (2003)\Runaway Jury (2003) [Bluray-1080p] {imdb-tt0313542}.mp4,movie,Runaway Jury,unmatched,no movie match,,,,0
imdb://tt0093894,F:\MediaStack\data\media\movies\The Running Man (1987)\The Running Man (1987) [Bluray-1080p] {imdb-tt0093894}.mkv,movie,The Running Man,unmatched,ambiguous movie title match,,,,0
imdb://tt14107334,F:\MediaStack\data\media\movies\The Running Man (2025)\The Running Man (2025) [Bluray-1080p] {imdb-tt14107334}.mkv,movie,The Running Man,unmatched,ambiguous movie title match,,,,0
imdb://tt0404390,F:\MediaStack\data\media\movies\Running Scared (2006)\Running Scared (2006) [Bluray-1080p] {imdb-tt0404390}.mkv,movie,Running Scared,unmatched,no movie match,,,,0
imdb://tt1979320,F:\MediaStack\data\media\movies\Rush (2013)\Rush (2013) [Bluray-1080p] {imdb-tt1979320}.mkv,movie,Rush,unmatched,ambiguous movie title match,,,,0
imdb://tt0120812,F:\MediaStack\data\media\movies\Rush Hour (1998)\Rush Hour (1998) [Bluray-1080p Proper] {imdb-tt0120812}.mp4,movie,Rush Hour,unmatched,no movie match,,,,0
imdb://tt0266915,F:\MediaStack\data\media\movies\Rush Hour 2 (2001)\Rush Hour 2 (2001) [Bluray-1080p] {imdb-tt0266915}.mkv,movie,Rush Hour 2,unmatched,no movie match,,,,0
imdb://tt0293564,F:\MediaStack\data\media\movies\Rush Hour 3 (2007)\Rush Hour 3 (2007) [Bluray-1080p] {imdb-tt0293564}.mp4,movie,Rush Hour 3,unmatched,no movie match,,,,0
imdb://tt0128445,F:\MediaStack\data\media\movies\Rushmore (1998)\Rushmore (1998) [Bluray-1080p] {imdb-tt0128445}.mp4,movie,Rushmore,unmatched,no movie match,,,,0
imdb://tt1294207,F:\MediaStack\data\media\movies\Russell Brand - Doing Life Live (2007)\Russell Brand Doing Life Live (2007) [SDTV] {imdb-tt1294207}.avi,movie,Russell Brand: Doing Life - Live,unmatched,no movie match,,,,0
imdb://tt0257076,F:\MediaStack\data\media\movies\S.W.A.T. (2003)\S.W.A.T. (2003) [Bluray-1080p] {imdb-tt0257076}.mp4,movie,S.W.A.T.,unmatched,no movie match,,,,0
imdb://tt0047437,F:\MediaStack\data\media\movies\Sabrina (1954)\Sabrina (1954) [Bluray-1080p] {imdb-tt0047437}.mkv,movie,Sabrina,unmatched,ambiguous movie title match,,,,0
imdb://tt0114319,F:\MediaStack\data\media\movies\Sabrina (1995)\Sabrina (1995) [Bluray-1080p] {imdb-tt0114319}.mkv,movie,Sabrina,unmatched,ambiguous movie title match,,,,0
imdb://tt0117534,F:\MediaStack\data\media\movies\Sabrina the Teenage Witch (1996)\Sabrina the Teenage Witch (1996) [WEBRip-1080p] {imdb-tt0117534}.mkv,movie,Sabrina the Teenage Witch,unmatched,no movie match,,,,0
imdb://tt0024516,F:\MediaStack\data\media\movies\Sagebrush Trail (1933)\Sagebrush Trail (1933) [WEBDL-480p] {imdb-tt0024516}.mkv,movie,Sagebrush Trail,unmatched,no movie match,,,,0
imdb://tt0107977,F:\MediaStack\data\media\movies\Robin Hood - Men in Tights (1993)\Robin Hood Men in Tights (1993) [Bluray-1080p] {imdb-tt0107977}.mp4,movie,Robin Hood: Men in Tights,unmatched,no movie match,,,,0
imdb://tt0100502,F:\MediaStack\data\media\movies\RoboCop 2 (1990)\RoboCop 2 (1990) [Bluray-1080p] {imdb-tt0100502}.mp4,movie,RoboCop 2,unmatched,no movie match,,,,0
imdb://tt0358082,F:\MediaStack\data\media\movies\Robots (2005)\Robots (2005) [Bluray-1080p] {imdb-tt0358082}.mkv,movie,Robots,unmatched,no movie match,,,,0
imdb://tt0117500,F:\MediaStack\data\media\movies\The Rock (1996)\The Rock (1996) [Bluray-1080p] {imdb-tt0117500}.mkv,movie,The Rock,unmatched,no movie match,,,,0
imdb://tt2822672,F:\MediaStack\data\media\movies\Rock Dog (2016)\Rock Dog (2016) [Bluray-1080p] {imdb-tt2822672}.mp4,movie,Rock Dog,unmatched,no movie match,,,,0
imdb://tt1336608,F:\MediaStack\data\media\movies\Rock of Ages (2012)\Rock of Ages (2012) [Bluray-1080p] {imdb-tt1336608}.mp4,movie,Rock of Ages,unmatched,no movie match,,,,0
imdb://tt0102802,F:\MediaStack\data\media\movies\Rock-A-Doodle (1991)\Rock-A-Doodle (1991) [Bluray-1080p] {imdb-tt0102802}.mp4,movie,Rock-A-Doodle,unmatched,no movie match,,,,0
imdb://tt1031969,F:\MediaStack\data\media\movies\The Rocker (2008)\The Rocker (2008) [Bluray-1080p] {imdb-tt1031969}.mp4,movie,The Rocker,unmatched,no movie match,,,,0
tmdb://448816,F:\MediaStack\data\media\movies\Rodney Yee Intermediate Yoga (2004)\Rodney Yee Intermediate Yoga (2004) [Unknown].mkv,movie,Rodney Yee Intermediate Yoga,unmatched,no movie match,,,,0
imdb://tt3748528,F:\MediaStack\data\media\movies\Rogue One - A Star Wars Story (2016)\Rogue One A Star Wars Story (2016) [Bluray-1080p] {imdb-tt3748528}.mkv,movie,Rogue One: A Star Wars Story,unmatched,no movie match,,,,0
imdb://tt7504818,F:\MediaStack\data\media\movies\Ron's Gone Wrong (2021)\Rons Gone Wrong (2021) [Bluray-1080p] {imdb-tt7504818}.mkv,movie,Ron's Gone Wrong,unmatched,no movie match,,,,0
imdb://tt0265662,F:\MediaStack\data\media\movies\The Rookie (2002)\The Rookie (2002) [Bluray-1080p] {imdb-tt0265662}.mkv,movie,The Rookie,unmatched,no movie match,,,,0
imdb://tt0107985,F:\MediaStack\data\media\movies\Rookie of the Year (1993)\Rookie of the Year (1993) [WEBDL-1080p] {imdb-tt0107985}.mkv,movie,Rookie of the Year,unmatched,no movie match,,,,0
imdb://tt1411250,F:\MediaStack\data\media\movies\Riddick (2013)\Riddick (2013) [Bluray-1080p] {imdb-tt1411250}.mkv,movie,Riddick,unmatched,no movie match,,,,0
imdb://tt0024500,F:\MediaStack\data\media\movies\Riders of Destiny (1933)\Riders of Destiny (1933) [HDTV-720p] {imdb-tt0024500}.mp4,movie,Riders of Destiny,unmatched,no movie match,,,,0
imdb://tt0200027,F:\MediaStack\data\media\movies\Riding in Cars with Boys (2001)\Riding in Cars with Boys (2001) [Bluray-1080p] {imdb-tt0200027}.mkv,movie,Riding in Cars with Boys,unmatched,no movie match,,,,0
imdb://tt0086197,F:\MediaStack\data\media\movies\The Right Stuff (1983)\The Right Stuff (1983) [Bluray-1080p] {imdb-tt0086197}.mkv,movie,The Right Stuff,unmatched,no movie match,,,,0
imdb://tt0377109,F:\MediaStack\data\media\movies\The Ring Two (2005)\The Ring Two (2005) [Bluray-1080p Proper] {imdb-tt0377109}.mkv,movie,The Ring Two,unmatched,no movie match,,,,0
imdb://tt0498381,F:\MediaStack\data\media\movies\Rings (2017)\Rings (2017) [Bluray-1080p] {imdb-tt0498381}.mkv,movie,Rings,unmatched,no movie match,,,,0
imdb://tt1436562,F:\MediaStack\data\media\movies\Rio (2011)\Rio (2011) [Bluray-1080p] {imdb-tt1436562}.mp4,movie,Rio,unmatched,no movie match,,,,0
imdb://tt2357291,F:\MediaStack\data\media\movies\Rio 2 (2014)\Rio 2 (2014) [Bluray-1080p] {imdb-tt2357291}.mkv,movie,Rio 2,unmatched,no movie match,,,,0
imdb://tt0053221,F:\MediaStack\data\media\movies\Rio Bravo (1959)\Rio Bravo (1959) [WEBDL-1080p] {imdb-tt0053221}.mkv,movie,Rio Bravo,unmatched,no movie match,,,,0
imdb://tt11242162,F:\MediaStack\data\media\movies\Rise (2022)\Rise (2022) [WEBDL-1080p] {imdb-tt11242162}.mkv,movie,Rise,unmatched,no movie match,,,,0
imdb://tt1446192,F:\MediaStack\data\media\movies\Rise of the Guardians (2012)\Rise of the Guardians (2012) [Bluray-1080p] {imdb-tt1446192}.mp4,movie,Rise of the Guardians,unmatched,no movie match,,,,0
imdb://tt1318514,F:\MediaStack\data\media\movies\Rise of the Planet of the Apes (2011)\Rise of the Planet of the Apes (2011) [WEBDL-2160p] {imdb-tt1318514}.mkv,movie,Rise of the Planet of the Apes,unmatched,no movie match,,,,0
imdb://tt0138749,F:\MediaStack\data\media\movies\The Road to El Dorado (2000)\The Road to El Dorado (2000) [Bluray-1080p] {imdb-tt0138749}.mkv,movie,The Road to El Dorado,unmatched,no movie match,,,,0
imdb://tt0257044,F:\MediaStack\data\media\movies\Road to Perdition (2002)\Road to Perdition (2002) [Bluray-1080p] {imdb-tt0257044}.mkv,movie,Road to Perdition,unmatched,no movie match,,,,0
imdb://tt0082694,F:\MediaStack\data\media\movies\Mad Max 2 (1981)\Mad Max 2 (1981) [Bluray-1080p] {imdb-tt0082694}.mkv,movie,The Road Warrior,unmatched,no movie match,,,,0
imdb://tt1821694,F:\MediaStack\data\media\movies\RED 2 (2013)\RED 2 (2013) [Bluray-1080p] {imdb-tt1821694}.mkv,movie,RED 2,unmatched,no movie match,,,,0
imdb://tt0087985,F:\MediaStack\data\media\movies\Red Dawn (1984)\Red Dawn (1984) [Bluray-1080p] {imdb-tt0087985}.mp4,movie,Red Dawn,unmatched,ambiguous movie title match,,,,0
imdb://tt0199753,F:\MediaStack\data\media\movies\Red Planet (2000)\Red Planet (2000) [Bluray-1080p] {imdb-tt0199753}.mp4,movie,Red Planet,unmatched,no movie match,,,,0
imdb://tt0040724,F:\MediaStack\data\media\movies\Red River (1948)\Red River (1948) [Bluray-1080p] {imdb-tt0040724}.mkv,movie,Red River,unmatched,no movie match,,,,0
imdb://tt0089893,F:\MediaStack\data\media\movies\Red Sonja (1985)\Red Sonja (1985) [Bluray-1080p] {imdb-tt0089893}.mkv,movie,Red Sonja,unmatched,no movie match,,,,0
imdb://tt3666024,F:\MediaStack\data\media\movies\The Red Turtle (2016)\The Red Turtle (2016) [WEBDL-1080p] {imdb-tt3666024}.mkv,movie,The Red Turtle,unmatched,no movie match,,,,0
imdb://tt0102768,F:\MediaStack\data\media\movies\Regarding Henry (1991)\Regarding Henry (1991) [WEBRip-1080p] {imdb-tt0102768}.mp4,movie,Regarding Henry,unmatched,no movie match,,,,0
imdb://tt0253556,F:\MediaStack\data\media\movies\Reign of Fire (2002)\Reign of Fire (2002) [Bluray-1080p] {imdb-tt0253556}.mkv,movie,Reign of Fire,unmatched,no movie match,,,,0
imdb://tt0107943,F:\MediaStack\data\media\movies\The Remains of the Day (1993)\The Remains of the Day (1993) [Bluray-1080p] {imdb-tt0107943}.mkv,movie,The Remains of the Day,unmatched,no movie match,,,,0
imdb://tt0210945,F:\MediaStack\data\media\movies\Remember the Titans (2000)\Remember the Titans (2000) [Bluray-1080p] {imdb-tt0210945}.mkv,movie,Remember the Titans,unmatched,no movie match,,,,0
imdb://tt0056406,F:\MediaStack\data\media\movies\Requiem for a Heavyweight (1962)\Requiem for a Heavyweight (1962) [WEBRip-1080p] {imdb-tt0056406}.mkv,movie,Requiem for a Heavyweight,unmatched,no movie match,,,,0
imdb://tt0076618,F:\MediaStack\data\media\movies\The Rescuers (1977)\The Rescuers (1977) [Bluray-1080p] {imdb-tt0076618}.mkv,movie,The Rescuers,unmatched,no movie match,,,,0
imdb://tt0100477,F:\MediaStack\data\media\movies\The Rescuers Down Under (1990)\The Rescuers Down Under (1990) [Bluray-1080p] {imdb-tt0100477}.mp4,movie,The Rescuers Down Under,unmatched,no movie match,,,,0
imdb://tt2142925,F:\MediaStack\data\media\movies\The Restoration (2004)\The Restoration (2004) [SDTV] {imdb-tt2142925}.m4v,movie,The Restoration,unmatched,no movie match,,,,0
imdb://tt0107952,F:\MediaStack\data\media\movies\The Return of Jafar (1994)\The Return of Jafar (1994) [Bluray-1080p] {imdb-tt0107952}.mkv,movie,The Return of Jafar,unmatched,no movie match,,,,0
imdb://tt0079802,F:\MediaStack\data\media\movies\The Return of the King (1980)\The Return of the King (1980) [WEBRip-1080p] {imdb-tt0079802}.mp4,movie,The Return of the King,unmatched,no movie match,,,,0
imdb://tt0816520,F:\MediaStack\data\media\movies\Return to Halloweentown (2006)\Return to Halloweentown (2006) [WEBRip-1080p] {imdb-tt0816520}.mkv,movie,Return to Halloweentown,unmatched,no movie match,,,,0
imdb://tt0122459,F:\MediaStack\data\media\movies\Return to Me (2000)\Return to Me (2000) [Bluray-1080p] {imdb-tt0122459}.mkv,movie,Return to Me,unmatched,no movie match,,,,0
imdb://tt0280030,F:\MediaStack\data\media\movies\Return to Never Land (2002)\Return to Never Land (2002) [Bluray-1080p] {imdb-tt0280030}.mkv,movie,Return to Never Land,unmatched,no movie match,,,,0
imdb://tt0089908,F:\MediaStack\data\media\movies\Return to Oz (1985)\Return to Oz (1985) [Bluray-1080p] {imdb-tt0089908}.mp4,movie,Return to Oz,unmatched,no movie match,,,,0
imdb://tt5848272,F:\MediaStack\data\media\movies\Ralph Breaks the Internet (2018)\Ralph Breaks the Internet (2018) [Bluray-1080p] {imdb-tt5848272}.mkv,movie,Ralph Breaks the Internet,unmatched,no movie match,,,,0
imdb://tt2231461,F:\MediaStack\data\media\movies\Rampage (2018)\Rampage (2018) [Bluray-1080p] {imdb-tt2231461}.mp4,movie,Rampage,unmatched,no movie match,,,,0
imdb://tt0089881,F:\MediaStack\data\media\movies\Ran (1985)\Ran (1985) [Bluray-1080p] {imdb-tt0089881}.mkv,movie,Ran,unmatched,no movie match,,,,0
imdb://tt0025699,F:\MediaStack\data\media\movies\Randy Rides Alone (1934)\Randy Rides Alone (1934) [WEBDL-480p] {imdb-tt0025699}.mkv,movie,Randy Rides Alone,unmatched,no movie match,,,,0
imdb://tt0117438,F:\MediaStack\data\media\movies\Ransom (1996)\Ransom (1996) [Bluray-1080p Proper] {imdb-tt0117438}.mkv,movie,Ransom,unmatched,no movie match,,,,0
imdb://tt0382932,F:\MediaStack\data\media\movies\Ratatouille (2007)\Ratatouille (2007) [Bluray-1080p] {imdb-tt0382932}.mp4,movie,Ratatouille,unmatched,no movie match,,,,0
imdb://tt0350258,F:\MediaStack\data\media\movies\Ray (2004)\Ray (2004) [Bluray-1080p] {imdb-tt0350258}.mkv,movie,Ray,unmatched,no movie match,,,,0
imdb://tt5109280,F:\MediaStack\data\media\movies\Raya and the Last Dragon (2021)\Raya and the Last Dragon (2021) [Bluray-1080p] {imdb-tt5109280}.mkv,movie,Raya and the Last Dragon,unmatched,no movie match,,,,0
imdb://tt1677720,F:\MediaStack\data\media\movies\Ready Player One (2018)\Ready Player One (2018) [Bluray-1080p] {imdb-tt1677720}.mp4,movie,Ready Player One,unmatched,no movie match,,,,0
imdb://tt0047396,F:\MediaStack\data\media\movies\Rear Window (1954)\Rear Window (1954) [Bluray-1080p] {imdb-tt0047396}.mkv,movie,Rear Window,unmatched,no movie match,,,,0
imdb://tt0048545,F:\MediaStack\data\media\movies\Rebel Without a Cause (1955)\Rebel Without a Cause (1955) [Bluray-1080p] {imdb-tt0048545}.mkv,movie,Rebel Without a Cause,unmatched,no movie match,,,,0
imdb://tt0265632,F:\MediaStack\data\media\movies\Recess - School's Out (2001)\Recess Schools Out (2001) [WEBDL-1080p] {imdb-tt0265632}.mkv,movie,Recess: School's Out,unmatched,no movie match,,,,0
imdb://tt0292506,F:\MediaStack\data\media\movies\The Recruit (2003)\The Recruit (2003) [Bluray-1080p] {imdb-tt0292506}.mkv,movie,The Recruit,unmatched,no movie match,,,,0
imdb://tt1041829,F:\MediaStack\data\media\movies\The Proposal (2009)\The Proposal (2009) [Bluray-1080p] {imdb-tt1041829}.mp4,movie,The Proposal,unmatched,no movie match,,,,0
imdb://tt0054215,F:\MediaStack\data\media\movies\Psycho (1960)\Psycho (1960) [Bluray-1080p] {imdb-tt0054215}.mkv,movie,Psycho,unmatched,no movie match,,,,0
imdb://tt0448694,F:\MediaStack\data\media\movies\Puss in Boots (2011)\Puss in Boots (2011) [Bluray-1080p] {imdb-tt0448694}.mp4,movie,Puss in Boots,unmatched,no movie match,,,,0
imdb://tt0436697,F:\MediaStack\data\media\movies\The Queen (2006)\The Queen (2006) [Bluray-1080p Proper] {imdb-tt0436697}.mkv,movie,The Queen,unmatched,no movie match,,,,0
imdb://tt4341582,F:\MediaStack\data\media\movies\Queen of Katwe (2016)\Queen of Katwe (2016) [WEBDL-1080p] {imdb-tt4341582}.mkv,movie,Queen of Katwe,unmatched,no movie match,,,,0
imdb://tt0120800,F:\MediaStack\data\media\movies\Quest for Camelot (1998)\Quest for Camelot (1998) [WEBRip-1080p] {imdb-tt0120800}.mp4,movie,Quest for Camelot,unmatched,no movie match,,,,0
imdb://tt0045061,F:\MediaStack\data\media\movies\The Quiet Man (1952)\The Quiet Man (1952) [Bluray-1080p] {imdb-tt0045061}.mkv,movie,The Quiet Man,unmatched,no movie match,,,,0
imdb://tt0341540,F:\MediaStack\data\media\movies\The R.M. (2003)\The R.M. (2003) [WEBDL-1080p] {imdb-tt0341540}.mkv,movie,The R.M.,unmatched,no movie match,,,,0
imdb://tt1075417,F:\MediaStack\data\media\movies\Race to Witch Mountain (2009)\Race to Witch Mountain (2009) [WEBDL-1080p] {imdb-tt1075417}.mkv,movie,Race to Witch Mountain,unmatched,no movie match,,,,0
imdb://tt0081398,F:\MediaStack\data\media\movies\Raging Bull (1980)\Raging Bull (1980) [Bluray-1080p] {imdb-tt0081398}.mkv,movie,Raging Bull,unmatched,no movie match,,,,0
imdb://tt0082971,F:\MediaStack\data\media\movies\Raiders of the Lost Ark (1981)\Raiders of the Lost Ark (1981) [Bluray-1080p] {imdb-tt0082971}.mp4,movie,Raiders of the Lost Ark,unmatched,no movie match,,,,0
imdb://tt0095953,F:\MediaStack\data\media\movies\Rain Man (1988)\Rain Man (1988) [Bluray-1080p] {imdb-tt0095953}.mp4,movie,Rain Man,unmatched,no movie match,,,,0
imdb://tt0093822,F:\MediaStack\data\media\movies\Raising Arizona (1987)\Raising Arizona (1987) [Bluray-1080p] {imdb-tt0093822}.mkv,movie,Raising Arizona,unmatched,no movie match,,,,0
imdb://tt0350028,F:\MediaStack\data\media\movies\Raising Helen (2004)\Raising Helen (2004) [WEBRip-720p] {imdb-tt0350028}.mkv,movie,Raising Helen,unmatched,no movie match,,,,0
imdb://tt1424381,F:\MediaStack\data\media\movies\Predators (2010)\Predators (2010) [Bluray-1080p] {imdb-tt1424381}.mp4,movie,Predators,unmatched,no movie match,,,,0
imdb://tt1547234,F:\MediaStack\data\media\movies\Premium Rush (2012)\Premium Rush (2012) [Bluray-1080p] {imdb-tt1547234}.mp4,movie,Premium Rush,unmatched,no movie match,,,,0
imdb://tt0477071,F:\MediaStack\data\media\movies\Premonition (2007)\Premonition (2007) [Bluray-1080p] {imdb-tt0477071}.mkv,movie,Premonition,unmatched,no movie match,,,,0
imdb://tt0482571,F:\MediaStack\data\media\movies\The Prestige (2006)\The Prestige (2006) [Bluray-1080p] {imdb-tt0482571}.mkv,movie,The Prestige,unmatched,no movie match,,,,0
imdb://tt0100405,F:\MediaStack\data\media\movies\Pretty Woman (1990)\Pretty Woman (1990) [Bluray-1080p] {imdb-tt0100405}.mkv,movie,Pretty Woman,unmatched,no movie match,,,,0
imdb://tt0366920,F:\MediaStack\data\media\movies\Pride and Prejudice (2003)\Pride and Prejudice (2003) [DVD] {imdb-tt0366920}.mkv,movie,Pride and Prejudice,unmatched,no movie match,,,,0
imdb://tt0120794,F:\MediaStack\data\media\movies\The Prince of Egypt (1998)\The Prince of Egypt (1998) [Bluray-1080p] {imdb-tt0120794}.mkv,movie,The Prince of Egypt,unmatched,no movie match,,,,0
imdb://tt0473075,F:\MediaStack\data\media\movies\Prince of Persia - The Sands of Time (2010)\Prince of Persia The Sands of Time (2010) [Bluray-1080p] {imdb-tt0473075}.mkv,movie,Prince of Persia: The Sands of Time,unmatched,no movie match,,,,0
imdb://tt0780521,F:\MediaStack\data\media\movies\The Princess and the Frog (2009)\The Princess and the Frog (2009) [Bluray-1080p Proper] {imdb-tt0780521}.mkv,movie,The Princess and the Frog,unmatched,no movie match,,,,0
imdb://tt0093779,F:\MediaStack\data\media\movies\The Princess Bride (1987)\The Princess Bride (1987) [Bluray-1080p] {imdb-tt0093779}.mp4,movie,The Princess Bride,unmatched,no movie match,,,,0
imdb://tt0247638,F:\MediaStack\data\media\movies\The Princess Diaries (2001)\The Princess Diaries (2001) [Bluray-1080p] {imdb-tt0247638}.mkv,movie,The Princess Diaries,unmatched,no movie match,,,,0
imdb://tt0368933,F:\MediaStack\data\media\movies\The Princess Diaries 2 - Royal Engagement (2004)\The Princess Diaries 2 Royal Engagement (2004) [Bluray-1080p] {imdb-tt0368933}.mkv,movie,The Princess Diaries 2: Royal Engagement,unmatched,no movie match,,,,0
imdb://tt0119698,F:\MediaStack\data\media\movies\Princess Mononoke (1997)\Princess Mononoke (1997) [Bluray-1080p] {imdb-tt0119698}.mp4,movie,Princess Mononoke,unmatched,no movie match,,,,0
imdb://tt1392214,F:\MediaStack\data\media\movies\Prisoners (2013)\Prisoners (2013) [Bluray-1080p] {imdb-tt1392214}.mkv,movie,Prisoners,unmatched,no movie match,,,,0
imdb://tt0100419,F:\MediaStack\data\media\movies\Problem Child (1990)\Problem Child (1990) [Bluray-1080p] {imdb-tt0100419}.mp4,movie,Problem Child,unmatched,no movie match,,,,0
imdb://tt1446714,F:\MediaStack\data\media\movies\Prometheus (2012)\Prometheus (2012) [Bluray-1080p] {imdb-tt1446714}.mkv,movie,Prometheus,unmatched,no movie match,,,,0
imdb://tt0114194,F:\MediaStack\data\media\movies\The Prophecy (1995)\The Prophecy (1995) [Bluray-1080p] {imdb-tt0114194}.mp4,movie,The Prophecy,unmatched,no movie match,,,,0
imdb://tt0183678,F:\MediaStack\data\media\movies\The Prophecy 3 - The Ascent (2000)\The Prophecy 3 The Ascent (2000) [Bluray-1080p] {imdb-tt0183678}.mp4,movie,The Prophecy 3: The Ascent,unmatched,no movie match,,,,0
imdb://tt0118643,F:\MediaStack\data\media\movies\The Prophecy II (1998)\The Prophecy II (1998) [Bluray-1080p] {imdb-tt0118643}.mkv,movie,The Prophecy II,unmatched,no movie match,,,,0
imdb://tt5889204,F:\MediaStack\data\media\movies\Pokémon the Movie - Volcanion and the Mechanical Marvel (2016)\Pokemon the Movie Volcanion and the Mechanical Marvel (2016) [Bluray-1080p] {imdb-tt5889204}.mp4,movie,Pokémon the Movie: Volcanion and the Mechanical Marvel,unmatched,no movie match,,,,0
imdb://tt1739212,F:\MediaStack\data\media\movies\Pokémon the Movie - White - Victini and Zekrom (2011)\Pokemon the Movie White Victini and Zekrom (2011) [Bluray-1080p] {imdb-tt1739212}.mkv,movie,Pokémon the Movie: White - Victini and Zekrom,unmatched,no movie match,,,,0
imdb://tt1468843,F:\MediaStack\data\media\movies\Pokémon - Arceus and the Jewel of Life (2009)\Pokemon Arceus and the Jewel of Life (2009) [Bluray-1080p] {imdb-tt1468843}.mp4,movie,Pokémon: Arceus and the Jewel of Life,unmatched,no movie match,,,,0
imdb://tt5884052,F:\MediaStack\data\media\movies\Pokémon Detective Pikachu (2019)\Pokemon Detective Pikachu (2019) [Bluray-1080p] {imdb-tt5884052}.mp4,movie,Pokémon: Detective Pikachu,unmatched,no movie match,,,,0
imdb://tt0190641,F:\MediaStack\data\media\movies\Pokémon - The First Movie (1998)\Pokemon The First Movie (1998) [WEBDL-1080p] {imdb-tt0190641}.mkv,movie,Pokémon: The First Movie,unmatched,no movie match,,,,0
imdb://tt1690470,F:\MediaStack\data\media\movies\Pokémon - Zoroark - Master of Illusions (2010)\Pokemon Zoroark Master of Illusions (2010) [Bluray-1080p] {imdb-tt1690470}.mkv,movie,Pokémon: Zoroark - Master of Illusions,unmatched,no movie match,,,,0
imdb://tt0338348,F:\MediaStack\data\media\movies\The Polar Express (2004)\The Polar Express (2004) [Bluray-1080p] {imdb-tt0338348}.mkv,movie,The Polar Express,unmatched,no movie match,,,,0
imdb://tt0183659,F:\MediaStack\data\media\movies\Pollock (2000)\Pollock (2000) [Bluray-1080p] {imdb-tt0183659}.mkv,movie,Pollock,unmatched,no movie match,,,,0
imdb://tt0054195,F:\MediaStack\data\media\movies\Pollyanna (1960)\Pollyanna (1960) [Bluray-1080p] {imdb-tt0054195}.mp4,movie,Pollyanna,unmatched,no movie match,,,,0
imdb://tt0084516,F:\MediaStack\data\media\movies\Poltergeist (1982)\Poltergeist (1982) [WEBDL-1080p] {imdb-tt0084516}.mkv,movie,Poltergeist,unmatched,no movie match,,,,0
imdb://tt0091778,F:\MediaStack\data\media\movies\Poltergeist II - The Other Side (1986)\Poltergeist II The Other Side (1986) [Bluray-1080p] {imdb-tt0091778}.mp4,movie,Poltergeist II: The Other Side,unmatched,no movie match,,,,0
imdb://tt0110008,F:\MediaStack\data\media\movies\Pom Poko (1994)\Pom Poko (1994) [Bluray-1080p] {imdb-tt0110008}.mp4,movie,Pom Poko,unmatched,no movie match,,,,0
imdb://tt1921064,F:\MediaStack\data\media\movies\Pompeii (2014)\Pompeii (2014) [Bluray-1080p] {imdb-tt1921064}.mp4,movie,Pompeii,unmatched,no movie match,,,,0
imdb://tt0876563,F:\MediaStack\data\media\movies\Ponyo (2008)\Ponyo (2008) [Bluray-1080p Proper] {imdb-tt0876563}.mkv,movie,Ponyo,unmatched,no movie match,,,,0
imdb://tt0104652,F:\MediaStack\data\media\movies\Porco Rosso (1992)\Porco Rosso (1992) [Bluray-1080p Proper] {imdb-tt0104652}.mkv,movie,Porco Rosso,unmatched,no movie match,,,,0
imdb://tt6294822,F:\MediaStack\data\media\movies\The Post (2017)\The Post (2017) [Bluray-1080p] {imdb-tt6294822}.mkv,movie,The Post,unmatched,no movie match,,,,0
imdb://tt0120791,F:\MediaStack\data\media\movies\Practical Magic (1998)\Practical Magic (1998) [Bluray-1080p] {imdb-tt0120791}.mkv,movie,Practical Magic,unmatched,no movie match,,,,0
imdb://tt0117372,F:\MediaStack\data\media\movies\The Preacher's Wife (1996)\The Preachers Wife (1996) [Bluray-1080p] {imdb-tt0117372}.mp4,movie,The Preacher's Wife,unmatched,no movie match,,,,0
imdb://tt0093773,F:\MediaStack\data\media\movies\Predator (1987)\Predator (1987) [Bluray-1080p Proper] {imdb-tt0093773}.mkv,movie,Predator,unmatched,no movie match,,,,0
imdb://tt0100403,F:\MediaStack\data\media\movies\Predator 2 (1990)\Predator 2 (1990) [Bluray-1080p] {imdb-tt0100403}.mp4,movie,Predator 2,unmatched,no movie match,,,,0
imdb://tt31227572,F:\MediaStack\data\media\movies\Predator - Badlands (2025)\Predator Badlands (2025) [Bluray-1080p] {imdb-tt31227572}.mkv,movie,Predator: Badlands,unmatched,no movie match,,,,0
imdb://tt36463894,F:\MediaStack\data\media\movies\Predator - Killer of Killers (2025)\Predator Killer of Killers (2025) [WEBDL-1080p] {imdb-tt36463894}.mkv,movie,Predator: Killer of Killers,unmatched,no movie match,,,,0
imdb://tt0043924,F:\MediaStack\data\media\movies\A Place in the Sun (1951)\A Place in the Sun (1951) [Bluray-1080p] {imdb-tt0043924}.mkv,movie,A Place in the Sun,unmatched,no movie match,,,,0
imdb://tt0087921,F:\MediaStack\data\media\movies\Places in the Heart (1984)\Places in the Heart (1984) [Bluray-1080p] {imdb-tt0087921}.mp4,movie,Places in the Heart,unmatched,no movie match,,,,0
imdb://tt1691917,F:\MediaStack\data\media\movies\Planes (2013)\Planes (2013) [Bluray-1080p] {imdb-tt1691917}.mp4,movie,Planes,unmatched,no movie match,,,,0
imdb://tt2980706,F:\MediaStack\data\media\movies\Planes - Fire & Rescue (2014)\Planes Fire and Rescue (2014) [Bluray-1080p] {imdb-tt2980706}.mp4,movie,Planes: Fire & Rescue,unmatched,no movie match,,,,0
imdb://tt0762125,F:\MediaStack\data\media\movies\Planet 51 (2009)\Planet 51 (2009) [Bluray-1080p] {imdb-tt0762125}.mp4,movie,Planet 51,unmatched,no movie match,,,,0
imdb://tt1077258,F:\MediaStack\data\media\movies\Planet Terror (2007)\Planet Terror (2007) [Bluray-1080p] {imdb-tt1077258}.mkv,movie,Planet Terror,unmatched,no movie match,,,,0
imdb://tt0091763,F:\MediaStack\data\media\movies\Platoon (1986)\Platoon (1986) [Bluray-1080p Proper] {imdb-tt0091763}.mkv,movie,Platoon,unmatched,no movie match,,,,0
imdb://tt0114148,F:\MediaStack\data\media\movies\Pocahontas (1995)\Pocahontas (1995) [Bluray-1080p] {imdb-tt0114148}.mp4,movie,Pocahontas,unmatched,no movie match,,,,0
imdb://tt0143808,F:\MediaStack\data\media\movies\Pocahontas II - Journey to a New World (1998)\Pocahontas II Journey to a New World (1998) [Bluray-1080p] {imdb-tt0143808}.mp4,movie,Pocahontas 2: Journey to a New World (1998) (V),unmatched,no movie match,,,,0
imdb://tt0235679,F:\MediaStack\data\media\movies\Pokémon 3 - The Movie (2000)\Pokemon 3 The Movie (2000) [Bluray-720p] {imdb-tt0235679}.mp4,movie,Pokémon 3: The Movie,unmatched,no movie match,,,,0
imdb://tt0287635,F:\MediaStack\data\media\movies\Pokémon 4Ever (2001)\Pokemon 4Ever (2001) [Bluray-1080p] {imdb-tt0287635}.mkv,movie,Pokémon 4Ever,unmatched,no movie match,,,,0
imdb://tt0210234,F:\MediaStack\data\media\movies\Pokémon the Movie 2000 (1999)\Pokemon the Movie 2000 (1999) [Bluray-1080p] {imdb-tt0210234}.mkv,movie,Pokémon the Movie 2000,unmatched,no movie match,,,,0
imdb://tt1961324,F:\MediaStack\data\media\movies\Pokémon the Movie - Black - Victini and Reshiram (2011)\Pokemon the Movie Black Victini and Reshiram (2011) [Bluray-1080p] {imdb-tt1961324}.mkv,movie,Pokémon the Movie: Black - Victini and Reshiram,unmatched,no movie match,,,,0
imdb://tt3257582,F:\MediaStack\data\media\movies\Pokémon the Movie - Genesect and the Legend Awakened (2013)\Pokemon the Movie Genesect and the Legend Awakened (2013) [Bluray-1080p] {imdb-tt3257582}.mkv,movie,Pokémon the Movie: Genesect and the Legend Awakened,unmatched,no movie match,,,,0
imdb://tt4503906,F:\MediaStack\data\media\movies\Pokémon the Movie - Hoopa and the Clash of Ages (2015)\Pokemon the Movie Hoopa and the Clash of Ages (2015) [DVD] {imdb-tt4503906}.mkv,movie,Pokémon the Movie: Hoopa and the Clash of Ages,unmatched,no movie match,,,,0
imdb://tt2549540,F:\MediaStack\data\media\movies\Pokémon the Movie - Kyurem vs. the Sword of Justice (2012)\Pokemon the Movie Kyurem vs. the Sword of Justice (2012) [Bluray-1080p] {imdb-tt2549540}.mkv,movie,Pokémon the Movie: Kyurem vs. the Sword of Justice,unmatched,no movie match,,,,0
imdb://tt8856470,F:\MediaStack\data\media\movies\Pokémon the Movie - Mewtwo Strikes Back - Evolution (2019)\Pokemon the Movie Mewtwo Strikes Back Evolution (2019) [WEBRip-1080p] {imdb-tt8856470}.mp4,movie,Pokémon the Movie: Mewtwo Strikes Back - Evolution,unmatched,no movie match,,,,0
imdb://tt11819890,F:\MediaStack\data\media\movies\Pokémon the Movie - Secrets of the Jungle (2020)\Pokemon the Movie Secrets of the Jungle (2020) [Bluray-1080p] {imdb-tt11819890}.mkv,movie,Pokémon the Movie: Secrets of the Jungle,unmatched,no movie match,,,,0
imdb://tt8108230,F:\MediaStack\data\media\movies\Pokémon the Movie - The Power of Us (2018)\Pokemon the Movie The Power of Us (2018) [Bluray-1080p] {imdb-tt8108230}.mp4,movie,Pokémon the Movie: The Power of Us,unmatched,no movie match,,,,0
imdb://tt2788732,F:\MediaStack\data\media\movies\Pete's Dragon (2016)\Petes Dragon (2016) [Bluray-1080p] {imdb-tt2788732}.mp4,movie,Pete's Dragon,unmatched,no movie match,,,,0
imdb://tt0046183,F:\MediaStack\data\media\movies\Peter Pan (1953)\Peter Pan (1953) [Bluray-1080p] {imdb-tt0046183}.mkv,movie,Peter Pan,unmatched,no movie match,,,,0
imdb://tt0316396,F:\MediaStack\data\media\movies\Peter Pan (2003)\Peter Pan (2003) [Bluray-1080p] {imdb-tt0316396}.mkv,movie,Peter Pan,unmatched,no movie match,,,,0
imdb://tt5635026,F:\MediaStack\data\media\movies\Peter Pan & Wendy (2023)\Peter Pan and Wendy (2023) [WEBDL-1080p] {imdb-tt5635026}.mkv,movie,Peter Pan & Wendy,unmatched,no movie match,,,,0
imdb://tt8376234,F:\MediaStack\data\media\movies\Peter Rabbit 2 - The Runaway (2021)\Peter Rabbit 2 The Runaway (2021) [Bluray-1080p] {imdb-tt8376234}.mp4,movie,Peter Rabbit 2: The Runaway,unmatched,no movie match,,,,0
imdb://tt0293508,F:\MediaStack\data\media\movies\The Phantom of the Opera (2004)\The Phantom of the Opera (2004) [Bluray-1080p] {imdb-tt0293508}.mkv,movie,The Phantom of the Opera,unmatched,no movie match,,,,0
imdb://tt0117333,F:\MediaStack\data\media\movies\Phenomenon (1996)\Phenomenon (1996) [Bluray-1080p] {imdb-tt0117333}.mkv,movie,Phenomenon,unmatched,no movie match,,,,0
imdb://tt0107818,F:\MediaStack\data\media\movies\Philadelphia (1993)\Philadelphia (1993) [Bluray-1080p] {imdb-tt0107818}.mkv,movie,Philadelphia,unmatched,no movie match,,,,0
imdb://tt0032904,F:\MediaStack\data\media\movies\The Philadelphia Story (1940)\The Philadelphia Story (1940) [Bluray-1080p] {imdb-tt0032904}.mkv,movie,The Philadelphia Story,unmatched,no movie match,,,,0
imdb://tt0053172,F:\MediaStack\data\media\movies\Pillow Talk (1959)\Pillow Talk (1959) [Bluray-1080p] {imdb-tt0053172}.mp4,movie,Pillow Talk,unmatched,no movie match,,,,0
imdb://tt0383216,F:\MediaStack\data\media\movies\The Pink Panther (2006)\The Pink Panther (2006) [Bluray-1080p] {imdb-tt0383216}.mkv,movie,The Pink Panther,unmatched,no movie match,,,,0
imdb://tt0838232,F:\MediaStack\data\media\movies\The Pink Panther 2 (2009)\The Pink Panther 2 (2009) [Bluray-1080p] {imdb-tt0838232}.mkv,movie,The Pink Panther 2,unmatched,no movie match,,,,0
imdb://tt0032910,F:\MediaStack\data\media\movies\Pinocchio (1940)\Pinocchio (1940) [Bluray-1080p] {imdb-tt0032910}.mkv,movie,Pinocchio,unmatched,no movie match,,,,0
imdb://tt4593060,F:\MediaStack\data\media\movies\Pinocchio (2022)\Pinocchio (2022) [WEBDL-1080p] {imdb-tt4593060}.mkv,movie,Pinocchio,unmatched,no movie match,,,,0
imdb://tt0449088,F:\MediaStack\data\media\movies\Pirates of the Caribbean - At World's End (2007)\Pirates of the Caribbean At Worlds End (2007) [Bluray-1080p] {imdb-tt0449088}.mp4,movie,Pirates of the Caribbean: At World's End,unmatched,no movie match,,,,0
imdb://tt0383574,F:\MediaStack\data\media\movies\Pirates of the Caribbean - Dead Man's Chest (2006)\Pirates of the Caribbean Dead Mans Chest (2006) [Bluray-1080p] {imdb-tt0383574}.mp4,movie,Pirates of the Caribbean: Dead Man's Chest,unmatched,no movie match,,,,0
imdb://tt1790809,F:\MediaStack\data\media\movies\Pirates of the Caribbean - Dead Men Tell No Tales (2017)\Pirates of the Caribbean Dead Men Tell No Tales (2017) [Bluray-1080p] {imdb-tt1790809}.mkv,movie,Pirates of the Caribbean: Dead Men Tell No Tales,unmatched,no movie match,,,,0
imdb://tt1298650,F:\MediaStack\data\media\movies\Pirates of the Caribbean - On Stranger Tides (2011)\Pirates of the Caribbean On Stranger Tides (2011) [Bluray-1080p] {imdb-tt1298650}.mkv,movie,Pirates of the Caribbean: On Stranger Tides,unmatched,no movie match,,,,0
imdb://tt0325980,F:\MediaStack\data\media\movies\Pirates of the Caribbean - The Curse of the Black Pearl (2003)\Pirates of the Caribbean The Curse of the Black Pearl (2003) [Bluray-1080p] {imdb-tt0325980}.mp4,movie,Pirates of the Caribbean: The Curse of the Black Pearl,unmatched,no movie match,,,,0
imdb://tt1430626,F:\MediaStack\data\media\movies\The Pirates! In an Adventure with Scientists! (2012)\The Pirates! In an Adventure with Scientists! (2012) [Bluray-1080p] {imdb-tt1430626}.mp4,movie,The Pirates! Band of Misfits,unmatched,no movie match,,,,0
imdb://tt0134847,F:\MediaStack\data\media\movies\Pitch Black (2000)\Pitch Black (2000) [Bluray-1080p] {imdb-tt0134847}.mkv,movie,Pitch Black,unmatched,no movie match,,,,0
imdb://tt0335345,F:\MediaStack\data\media\movies\The Passion of the Christ (2004)\The Passion of the Christ (2004) [Bluray-1080p] {imdb-tt0335345}.mkv,movie,The Passion of the Christ,unmatched,no movie match,,,,0
imdb://tt0050825,F:\MediaStack\data\media\movies\Paths of Glory (1957)\Paths of Glory (1957) [Bluray-1080p] {imdb-tt0050825}.mp4,movie,Paths of Glory,unmatched,no movie match,,,,0
imdb://tt0125454,F:\MediaStack\data\media\movies\Paulie (1998)\Paulie (1998) [WEBRip-1080p] {imdb-tt0125454}.mkv,movie,Paulie,unmatched,no movie match,,,,0
imdb://tt15837338,F:\MediaStack\data\media\movies\PAW Patrol - The Mighty Movie (2023)\PAW Patrol The Mighty Movie (2023) [WEBDL-1080p] {imdb-tt15837338}.mkv,movie,PAW Patrol: The Mighty Movie,unmatched,no movie match,,,,0
imdb://tt11832046,F:\MediaStack\data\media\movies\PAW Patrol - The Movie (2021)\PAW Patrol The Movie (2021) [Bluray-1080p] {imdb-tt11832046}.mkv,movie,PAW Patrol: The Movie,unmatched,no movie match,,,,0
imdb://tt4428398,F:\MediaStack\data\media\movies\Paws of Fury - The Legend of Hank (2022)\Paws of Fury The Legend of Hank (2022) [Bluray-1080p] {imdb-tt4428398}.mkv,movie,Paws of Fury: The Legend of Hank,unmatched,no movie match,,,,0
imdb://tt0120784,F:\MediaStack\data\media\movies\Payback (1999)\Payback (1999) [Bluray-1080p] {imdb-tt0120784}.mkv,movie,Payback,unmatched,ambiguous movie title match,,,,0
imdb://tt0119874,F:\MediaStack\data\media\movies\The Peacemaker (1997)\The Peacemaker (1997) [Bluray-1080p] {imdb-tt0119874}.mp4,movie,The Peacemaker,unmatched,no movie match,,,,0
imdb://tt2452042,F:\MediaStack\data\media\movies\The Peanuts Movie (2015)\The Peanuts Movie (2015) [Bluray-1080p] {imdb-tt2452042}.mp4,movie,The Peanuts Movie,unmatched,no movie match,,,,0
imdb://tt0213149,F:\MediaStack\data\media\movies\Pearl Harbor (2001)\Pearl Harbor (2001) [Bluray-1080p] {imdb-tt0213149}.mkv,movie,Pearl Harbor,unmatched,no movie match,,,,0
imdb://tt0114108,F:\MediaStack\data\media\movies\The Pebble and the Penguin (1995)\The Pebble and the Penguin (1995) [WEBDL-1080p] {imdb-tt0114108}.mkv,movie,The Pebble and the Penguin,unmatched,no movie match,,,,0
imdb://tt8076344,F:\MediaStack\data\media\movies\Penguin Highway (2018)\Penguin Highway (2018) [Bluray-1080p] {imdb-tt8076344}.mkv,movie,Penguin Highway,unmatched,no movie match,,,,0
imdb://tt8080302,F:\MediaStack\data\media\movies\Penguins (2019)\Penguins (2019) [WEBDL-1080p] {imdb-tt8080302}.mkv,movie,Penguins,unmatched,no movie match,,,,0
imdb://tt1716777,F:\MediaStack\data\media\movies\People Like Us (2012)\People Like Us (2012) [Bluray-1080p] {imdb-tt1716777}.mkv,movie,People Like Us,unmatched,no movie match,,,,0
imdb://tt0117318,F:\MediaStack\data\media\movies\The People vs. Larry Flynt (1996)\The People vs. Larry Flynt (1996) [Bluray-1080p] {imdb-tt0117318}.mkv,movie,The People vs. Larry Flynt,unmatched,no movie match,,,,0
imdb://tt0043915,F:\MediaStack\data\media\movies\People Will Talk (1951)\People Will Talk (1951) [WEBDL-720p] {imdb-tt0043915}.mkv,movie,People Will Talk,unmatched,no movie match,,,,0
imdb://tt0177971,F:\MediaStack\data\media\movies\The Perfect Storm (2000)\The Perfect Storm (2000) [Bluray-1080p] {imdb-tt0177971}.mkv,movie,The Perfect Storm,unmatched,no movie match,,,,0
imdb://tt0076538,F:\MediaStack\data\media\movies\Pete's Dragon (1977)\Petes Dragon (1977) [Bluray-1080p] {imdb-tt0076538}.mp4,movie,Pete's Dragon,unmatched,no movie match,,,,0
imdb://tt0253798,F:\MediaStack\data\media\movies\Out Cold (2001)\Out Cold (2001) [WEBRip-1080p] {imdb-tt0253798}.mp4,movie,Out Cold,unmatched,no movie match,,,,0
imdb://tt0066193,F:\MediaStack\data\media\movies\The Out-of-Towners (1970)\The Out-of-Towners (1970) [WEBDL-1080p] {imdb-tt0066193}.mkv,movie,The Out of Towners,unmatched,no movie match,,,,0
imdb://tt0129280,F:\MediaStack\data\media\movies\The Out-of-Towners (1999)\The Out-of-Towners (1999) [WEBDL-1080p] {imdb-tt0129280}.mkv,movie,The Out-of-Towners,unmatched,no movie match,,,,0
imdb://tt0093693,F:\MediaStack\data\media\movies\Overboard (1987)\Overboard (1987) [Bluray-1080p] {imdb-tt0093693}.mkv,movie,Overboard,unmatched,ambiguous movie title match,,,,0
imdb://tt0431308,F:\MediaStack\data\media\movies\P.S. I Love You (2007)\P.S. I Love You (2007) [Bluray-1080p] {imdb-tt0431308}.mkv,movie,P.S. I Love You,unmatched,no movie match,,,,0
imdb://tt1663662,F:\MediaStack\data\media\movies\Pacific Rim (2013)\Pacific Rim (2013) [Bluray-1080p] {imdb-tt1663662}.mkv,movie,Pacific Rim,unmatched,no movie match,,,,0
imdb://tt0395699,F:\MediaStack\data\media\movies\The Pacifier (2005)\The Pacifier (2005) [WEBRip-1080p] {imdb-tt0395699}.ts,movie,The Pacifier,unmatched,no movie match,,,,0
imdb://tt1109624,F:\MediaStack\data\media\movies\Paddington (2014)\Paddington (2014) [Bluray-1080p] {imdb-tt1109624}.mp4,movie,Paddington,unmatched,no movie match,,,,0
imdb://tt0110763,F:\MediaStack\data\media\movies\The Pagemaster (1994)\The Pagemaster (1994) [Bluray-1080p] {imdb-tt0110763}.mkv,movie,The Pagemaster,unmatched,no movie match,,,,0
imdb://tt14472156,F:\MediaStack\data\media\movies\Paint (2023)\Paint (2023) [WEBRip-1080p] {imdb-tt14472156}.mkv,movie,Paint,unmatched,no movie match,,,,0
imdb://tt0446755,F:\MediaStack\data\media\movies\The Painted Veil (2006)\The Painted Veil (2006) [Bluray-1080p] {imdb-tt0446755}.mp4,movie,The Painted Veil,unmatched,no movie match,,,,0
imdb://tt0457430,F:\MediaStack\data\media\movies\Pan's Labyrinth (2006)\Pans Labyrinth (2006) [Bluray-1080p] {imdb-tt0457430}.mp4,movie,Pan's Labyrinth,unmatched,no movie match,,,,0
imdb://tt0117287,F:\MediaStack\data\media\movies\The Paper Brigade (1996)\The Paper Brigade (1996) [DVD] {imdb-tt0117287}.avi,movie,The Paper Brigade,unmatched,no movie match,,,,0
imdb://tt1496422,F:\MediaStack\data\media\movies\The Paperboy (2012)\The Paperboy (2012) [Bluray-1080p] {imdb-tt1496422}.mp4,movie,The Paperboy,unmatched,no movie match,,,,0
imdb://tt0098061,F:\MediaStack\data\media\movies\Paperhouse (1988)\Paperhouse (1988) [Bluray-1080p] {imdb-tt0098061}.mp4,movie,Paperhouse,unmatched,no movie match,,,,0
imdb://tt0026846,F:\MediaStack\data\media\movies\Paradise Canyon (1935)\Paradise Canyon (1935) [WEBDL-480p] {imdb-tt0026846}.mkv,movie,Paradise Canyon,unmatched,no movie match,,,,0
imdb://tt0055277,F:\MediaStack\data\media\movies\The Parent Trap (1961)\The Parent Trap (1961) [Bluray-1080p] {imdb-tt0055277}.mkv,movie,The Parent Trap,unmatched,no movie match,,,,0
imdb://tt0120783,F:\MediaStack\data\media\movies\The Parent Trap (1998)\The Parent Trap (1998) [Bluray-1080p] {imdb-tt0120783}.mkv,movie,The Parent Trap,unmatched,no movie match,,,,0
imdb://tt0063385,F:\MediaStack\data\media\movies\Oliver! (1968)\Oliver! (1968) [Bluray-1080p Proper] {imdb-tt0063385}.mkv,movie,Oliver!,unmatched,no movie match,,,,0
imdb://tt0047296,F:\MediaStack\data\media\movies\On the Waterfront (1954)\On the Waterfront (1954) [Bluray-1080p] {imdb-tt0047296}.mkv,movie,On the Waterfront,unmatched,no movie match,,,,0
imdb://tt0907657,F:\MediaStack\data\media\movies\Once (2007)\Once (2007) [Bluray-1080p] {imdb-tt0907657}.mkv,movie,Once,unmatched,no movie match,,,,0
imdb://tt0087843,F:\MediaStack\data\media\movies\Once Upon a Time in America (1984)\Once Upon a Time in America (1984) [Bluray-1080p] {imdb-tt0087843}.mp4,movie,Once Upon a Time in America,unmatched,no movie match,,,,0
imdb://tt0064116,F:\MediaStack\data\media\movies\Once Upon a Time in the West (1968)\Once Upon a Time in the West (1968) [Bluray-1080p] {imdb-tt0064116}.mkv,movie,Once Upon a Time in the West,unmatched,no movie match,,,,0
imdb://tt1563738,F:\MediaStack\data\media\movies\One Day (2011)\One Day (2011) [Bluray-1080p] {imdb-tt1563738}.mkv,movie,One Day,unmatched,no movie match,,,,0
imdb://tt0073486,F:\MediaStack\data\media\movies\One Flew Over the Cuckoo's Nest (1975)\One Flew Over the Cuckoos Nest (1975) [Bluray-1080p] {imdb-tt0073486}.mp4,movie,One Flew Over the Cuckoo's Nest,unmatched,no movie match,,,,0
imdb://tt0265459,F:\MediaStack\data\media\movies\One Hour Photo (2002)\One Hour Photo (2002) [Bluray-1080p] {imdb-tt0265459}.mkv,movie,One Hour Photo,unmatched,no movie match,,,,0
imdb://tt0055254,F:\MediaStack\data\media\movies\One Hundred and One Dalmatians (1961)\One Hundred and One Dalmatians (1961) [Bluray-1080p] {imdb-tt0055254}.mkv,movie,One Hundred and One Dalmatians,unmatched,no movie match,,,,0
imdb://tt0479968,F:\MediaStack\data\media\movies\One Missed Call (2008)\One Missed Call (2008) [Bluray-1080p] {imdb-tt0479968}.mp4,movie,One Missed Call,unmatched,no movie match,,,,0
imdb://tt0102587,F:\MediaStack\data\media\movies\Only Yesterday (1991)\Only Yesterday (1991) [Bluray-1080p] {imdb-tt0102587}.mp4,movie,Only Yesterday,unmatched,no movie match,,,,0
imdb://tt0110737,F:\MediaStack\data\media\movies\Only You (1994)\Only You (1994) [WEBDL-720p] {imdb-tt0110737}.mkv,movie,Only You,unmatched,no movie match,,,,0
imdb://tt7146812,F:\MediaStack\data\media\movies\Onward (2020)\Onward (2020) [Bluray-1080p] {imdb-tt7146812}.mp4,movie,Onward,unmatched,no movie match,,,,0
imdb://tt0400717,F:\MediaStack\data\media\movies\Open Season (2006)\Open Season (2006) [Bluray-1080p] {imdb-tt0400717}.mp4,movie,Open Season,unmatched,no movie match,,,,0
imdb://tt1107365,F:\MediaStack\data\media\movies\Open Season 2 (2008)\Open Season 2 (2008) [Bluray-1080p] {imdb-tt1107365}.mp4,movie,Open Season 2,unmatched,no movie match,,,,0
imdb://tt1646926,F:\MediaStack\data\media\movies\Open Season 3 (2010)\Open Season 3 (2010) [Bluray-720p] {imdb-tt1646926}.mp4,movie,Open Season 3,unmatched,no movie match,,,,0
imdb://tt4938374,F:\MediaStack\data\media\movies\Open Season - Scared Silly (2015)\Open Season Scared Silly (2015) [Bluray-1080p] {imdb-tt4938374}.mkv,movie,Open Season: Scared Silly!,unmatched,no movie match,,,,0
imdb://tt0102603,F:\MediaStack\data\media\movies\Oscar (1991)\Oscar (1991) [Bluray-1080p] {imdb-tt0102603}.mp4,movie,Oscar,unmatched,no movie match,,,,0
imdb://tt0181739,F:\MediaStack\data\media\movies\Osmosis Jones (2001)\Osmosis Jones (2001) [WEBDL-720p] {imdb-tt0181739}.mkv,movie,Osmosis Jones,unmatched,no movie match,,,,0
imdb://tt0467200,F:\MediaStack\data\media\movies\The Other Boleyn Girl (2008)\The Other Boleyn Girl (2008) [Bluray-1080p] {imdb-tt0467200}.mkv,movie,The Other Boleyn Girl,unmatched,no movie match,,,,0
imdb://tt0332280,F:\MediaStack\data\media\movies\The Notebook (2004)\The Notebook (2004) [Bluray-1080p] {imdb-tt0332280}.Clean.mp4,movie,The Notebook,unmatched,no movie match,,,,0
imdb://tt0038787,F:\MediaStack\data\media\movies\Notorious (1946)\Notorious (1946) [Bluray-1080p] {imdb-tt0038787}.mkv,movie,Notorious,unmatched,no movie match,,,,0
imdb://tt0114011,F:\MediaStack\data\media\movies\Now and Then (1995)\Now and Then (1995) [WEBDL-1080p] {imdb-tt0114011}.mkv,movie,Now and Then,unmatched,no movie match,,,,0
imdb://tt0481369,F:\MediaStack\data\media\movies\The Number 23 (2007)\The Number 23 (2007) [Bluray-1080p] {imdb-tt0481369}.mp4,movie,The Number 23,unmatched,no movie match,,,,0
imdb://tt0100281,F:\MediaStack\data\media\movies\The Nutcracker Prince (1990)\The Nutcracker Prince (1990) [SDTV] {imdb-tt0100281}.avi,movie,The Nutcracker Prince,unmatched,no movie match,,,,0
imdb://tt0190590,"F:\MediaStack\data\media\movies\O Brother, Where Art Thou! (2000)\O Brother Where Art Thou (2000) [Bluray-1080p] {imdb-tt0190590}.mkv",movie,"O Brother, Where Art Thou?",unmatched,no movie match,,,,0
imdb://tt0108432,F:\MediaStack\data\media\movies\Ocean Waves (1993)\Ocean Waves (1993) [WEBRip-720p] {imdb-tt0108432}.mkv,movie,Ocean Waves,unmatched,no movie match,,,,0
imdb://tt5164214,F:\MediaStack\data\media\movies\Ocean's Eight (2018)\Oceans Eight (2018) [Bluray-1080p] {imdb-tt5164214}.mkv,movie,Ocean's Eight,unmatched,no movie match,,,,0
imdb://tt0240772,F:\MediaStack\data\media\movies\Ocean's Eleven (2001)\Oceans Eleven (2001) [Bluray-1080p] {imdb-tt0240772}.mkv,movie,Ocean's Eleven,unmatched,no movie match,,,,0
imdb://tt0496806,F:\MediaStack\data\media\movies\Ocean's Thirteen (2007)\Oceans Thirteen (2007) [Bluray-1080p] {imdb-tt0496806}.mkv,movie,Ocean's Thirteen,unmatched,no movie match,,,,0
imdb://tt0349903,F:\MediaStack\data\media\movies\Ocean's Twelve (2004)\Oceans Twelve (2004) [Bluray-1080p] {imdb-tt0349903}.mkv,movie,Ocean's Twelve,unmatched,no movie match,,,,0
imdb://tt0063374,F:\MediaStack\data\media\movies\The Odd Couple (1968)\The Odd Couple (1968) [Bluray-1080p] {imdb-tt0063374}.mkv,movie,The Odd Couple,unmatched,no movie match,,,,0
imdb://tt0120773,F:\MediaStack\data\media\movies\The Odd Couple II (1998)\The Odd Couple II (1998) [Bluray-1080p] {imdb-tt0120773}.mkv,movie,The Odd Couple II,unmatched,no movie match,,,,0
imdb://tt0976238,F:\MediaStack\data\media\movies\Old Dogs (2009)\Old Dogs (2009) [Bluray-1080p] {imdb-tt0976238}.mp4,movie,Old Dogs,unmatched,no movie match,,,,0
imdb://tt0095776,F:\MediaStack\data\media\movies\Oliver & Company (1988)\Oliver and Company (1988) [Bluray-1080p] {imdb-tt0095776}.mp4,movie,Oliver & Company,unmatched,no movie match,,,,0
imdb://tt0100240,F:\MediaStack\data\media\movies\The NeverEnding Story II - The Next Chapter (1990)\The NeverEnding Story II The Next Chapter (1990) [Bluray-1080p] {imdb-tt0100240}.mp4,movie,The NeverEnding Story II: The Next Chapter,unmatched,no movie match,,,,0
imdb://tt4682266,F:\MediaStack\data\media\movies\The New Mutants (2020)\The New Mutants (2020) [Bluray-1080p] {imdb-tt4682266}.mkv,movie,The New Mutants,unmatched,no movie match,,,,0
imdb://tt0402399,F:\MediaStack\data\media\movies\The New World (2005)\The New World (2005) [Bluray-1080p] {imdb-tt0402399}.mkv,movie,The New World,unmatched,no movie match,,,,0
imdb://tt0104990,F:\MediaStack\data\media\movies\Newsies (1992)\Newsies (1992) [Bluray-1080p] {imdb-tt0104990}.mp4,movie,Newsies,unmatched,no movie match,,,,0
imdb://tt0435705,F:\MediaStack\data\media\movies\Next (2007)\Next (2007) [Bluray-1080p] {imdb-tt0435705}.mp4,movie,Next,unmatched,no movie match,,,,0
imdb://tt0028029,F:\MediaStack\data\media\movies\Next Time We Love (1936)\Next Time We Love (1936) [WEBDL-480p] {imdb-tt0028029}.mkv,movie,Next Time We Love,unmatched,no movie match,,,,0
imdb://tt0046126,F:\MediaStack\data\media\movies\Niagara (1953)\Niagara (1953) [Bluray-1080p] {imdb-tt0046126}.mkv,movie,Niagara,unmatched,no movie match,,,,0
imdb://tt3799694,F:\MediaStack\data\media\movies\The Nice Guys (2016)\The Nice Guys (2016) [Bluray-1080p] {imdb-tt3799694}.mkv,movie,The Nice Guys,unmatched,no movie match,,,,0
imdb://tt0981227,F:\MediaStack\data\media\movies\Nick and Norah's Infinite Playlist (2008)\Nick and Norahs Infinite Playlist (2008) [Bluray-1080p] {imdb-tt0981227}.mkv,movie,Nick and Norah's Infinite Playlist,unmatched,no movie match,,,,0
imdb://tt0477347,F:\MediaStack\data\media\movies\Night at the Museum (2006)\Night at the Museum (2006) [Bluray-1080p] {imdb-tt0477347}.mkv,movie,Night at the Museum,unmatched,no movie match,,,,0
imdb://tt1078912,F:\MediaStack\data\media\movies\Night at the Museum - Battle of the Smithsonian (2009)\Night at the Museum Battle of the Smithsonian (2009) [Bluray-1080p] {imdb-tt1078912}.mkv,movie,Night at the Museum: Battle of the Smithsonian,unmatched,no movie match,,,,0
imdb://tt2692250,F:\MediaStack\data\media\movies\Night at the Museum - Secret of the Tomb (2014)\Night at the Museum Secret of the Tomb (2014) [Bluray-1080p] {imdb-tt2692250}.mkv,movie,Night at the Museum: Secret of the Tomb,unmatched,no movie match,,,,0
imdb://tt0107688,F:\MediaStack\data\media\movies\The Nightmare Before Christmas (1993)\The Nightmare Before Christmas (1993) [Bluray-1080p] {imdb-tt0107688}.mkv,movie,The Nightmare Before Christmas,unmatched,no movie match,,,,0
imdb://tt0956038,F:\MediaStack\data\media\movies\Nights in Rodanthe (2008)\Nights in Rodanthe (2008) [Bluray-1080p] {imdb-tt0956038}.mp4,movie,Nights in Rodanthe,unmatched,no movie match,,,,0
imdb://tt0410377,F:\MediaStack\data\media\movies\Nim's Island (2008)\Nims Island (2008) [Bluray-1080p] {imdb-tt0410377}.mkv,movie,Nim's Island,unmatched,no movie match,,,,0
imdb://tt0113987,F:\MediaStack\data\media\movies\Nixon (1995)\Nixon (1995) [Bluray-1080p Proper] {imdb-tt0113987}.mkv,movie,Nixon,unmatched,no movie match,,,,0
local://21489,F:\MediaStack\data\media\movies\No Direction Home - Bob Dylan (2005)\No Direction Home Bob Dylan (2005) [WEBDL-720p] {imdb-tt0367555}.mkv,movie,No Direction Home Bob Dylan,unmatched,no movie match,,,,0
imdb://tt0481141,F:\MediaStack\data\media\movies\No Reservations (2007)\No Reservations (2007) [Bluray-1080p] {imdb-tt0481141}.mp4,movie,No Reservations,unmatched,no movie match,,,,0
imdb://tt5097410,F:\MediaStack\data\media\movies\Noelle (2019)\Noelle (2019) [WEBDL-1080p] {imdb-tt5097410}.mkv,movie,Noelle,unmatched,no movie match,,,,0
imdb://tt0053125,F:\MediaStack\data\media\movies\North by Northwest (1959)\North by Northwest (1959) [Bluray-1080p] {imdb-tt0053125}.mkv,movie,North by Northwest,unmatched,no movie match,,,,0
imdb://tt0110622,F:\MediaStack\data\media\movies\Naked Gun 33⅓ - The Final Insult (1994)\Naked Gun 33⅓ The Final Insult (1994) [Bluray-1080p] {imdb-tt0110622}.mp4,movie,Naked Gun 33 1/3: The Final Insult,unmatched,no movie match,,,,0
imdb://tt1415283,F:\MediaStack\data\media\movies\Nanny McPhee and the Big Bang (2010)\Nanny McPhee and the Big Bang (2010) [WEBDL-1080p] {imdb-tt1415283}.mkv,movie,Nanny McPhee Returns,unmatched,no movie match,,,,0
imdb://tt0374900,F:\MediaStack\data\media\movies\Napoleon Dynamite (2004)\Napoleon Dynamite (2004) [Bluray-1080p] {imdb-tt0374900}.mp4,movie,Napoleon Dynamite,unmatched,no movie match,,,,0
imdb://tt0368891,F:\MediaStack\data\media\movies\National Treasure (2004)\National Treasure (2004) [Bluray-1080p] {imdb-tt0368891}.mkv,movie,National Treasure,unmatched,no movie match,,,,0
imdb://tt0465234,F:\MediaStack\data\media\movies\National Treasure - Book of Secrets (2007)\National Treasure Book of Secrets (2007) [Bluray-1080p] {imdb-tt0465234}.mkv,movie,National Treasure: Book of Secrets,unmatched,no movie match,,,,0
imdb://tt0762121,F:\MediaStack\data\media\movies\The Nativity Story (2006)\The Nativity Story (2006) [Bluray-1080p] {imdb-tt0762121}.mkv,movie,The Nativity Story,unmatched,no movie match,,,,0
imdb://tt0087781,F:\MediaStack\data\media\movies\The Natural (1984)\The Natural (1984) [Bluray-1080p] {imdb-tt0087781}.mkv,movie,The Natural,unmatched,no movie match,,,,0
imdb://tt0110632,F:\MediaStack\data\media\movies\Natural Born Killers (1994)\Natural Born Killers (1994) [Bluray-1080p Proper] {imdb-tt0110632}.mkv,movie,Natural Born Killers,unmatched,no movie match,,,,0
imdb://tt0087544,F:\MediaStack\data\media\movies\Nausicaä of the Valley of the Wind (1984)\Nausicaa of the Valley of the Wind (1984) [Bluray-1080p] {imdb-tt0087544}.mkv,movie,Nausicaä of the Valley of the Wind,unmatched,no movie match,,,,0
imdb://tt0024805,F:\MediaStack\data\media\movies\'Neath the Arizona Skies (1934)\'Neath the Arizona Skies (1934) [WEBDL-480p] {imdb-tt0024805}.mkv,movie,'Neath the Arizona Skies,unmatched,no movie match,,,,0
imdb://tt0102517,F:\MediaStack\data\media\movies\Necessary Roughness (1991)\Necessary Roughness (1991) [WEBRip-720p] {imdb-tt0102517}.mkv,movie,Necessary Roughness,unmatched,no movie match,,,,0
imdb://tt2369135,F:\MediaStack\data\media\movies\Need for Speed (2014)\Need for Speed (2014) [Bluray-1080p] {imdb-tt2369135}.mp4,movie,Need for Speed,unmatched,no movie match,,,,0
imdb://tt0120768,F:\MediaStack\data\media\movies\The Negotiator (1998)\The Negotiator (1998) [Bluray-1080p] {imdb-tt0120768}.mkv,movie,The Negotiator,unmatched,no movie match,,,,0
imdb://tt0151738,F:\MediaStack\data\media\movies\Never Been Kissed (1999)\Never Been Kissed (1999) [Bluray-1080p] {imdb-tt0151738}.mp4,movie,Never Been Kissed,unmatched,no movie match,,,,0
imdb://tt0088323,F:\MediaStack\data\media\movies\The NeverEnding Story (1984)\The NeverEnding Story (1984) [Bluray-1080p] {imdb-tt0088323}.mp4,movie,The NeverEnding Story,unmatched,no movie match,,,,0
imdb://tt0209163,F:\MediaStack\data\media\movies\The Mummy Returns (2001)\The Mummy Returns (2001) [Bluray-1080p] {imdb-tt0209163}.mkv,movie,The Mummy Returns,unmatched,no movie match,,,,0
imdb://tt0859163,F:\MediaStack\data\media\movies\The Mummy - Tomb of the Dragon Emperor (2008)\The Mummy Tomb of the Dragon Emperor (2008) [Bluray-1080p] {imdb-tt0859163}.mkv,movie,The Mummy: Tomb of the Dragon Emperor,unmatched,no movie match,,,,0
imdb://tt0408306,F:\MediaStack\data\media\movies\Munich (2005)\Munich (2005) [Bluray-1080p] {imdb-tt0408306}.mkv,movie,Munich,unmatched,no movie match,,,,0
imdb://tt0104940,F:\MediaStack\data\media\movies\The Muppet Christmas Carol (1992)\The Muppet Christmas Carol (1992) [Bluray-1080p] {imdb-tt0104940}.mkv,movie,The Muppet Christmas Carol,unmatched,no movie match,,,,0
imdb://tt0079588,F:\MediaStack\data\media\movies\The Muppet Movie (1979)\The Muppet Movie (1979) [Bluray-1080p] {imdb-tt0079588}.mkv,movie,The Muppet Movie,unmatched,no movie match,,,,0
imdb://tt0117110,F:\MediaStack\data\media\movies\Muppet Treasure Island (1996)\Muppet Treasure Island (1996) [Bluray-1080p Proper] {imdb-tt0117110}.mkv,movie,Muppet Treasure Island,unmatched,no movie match,,,,0
imdb://tt1204342,F:\MediaStack\data\media\movies\The Muppets (2011)\The Muppets (2011) [Bluray-1080p] {imdb-tt1204342}.mkv,movie,The Muppets,unmatched,no movie match,,,,0
imdb://tt1292569,F:\MediaStack\data\media\movies\A Muppets Christmas - Letters to Santa (2008)\A Muppets Christmas Letters to Santa (2008) [WEBDL-480p] {imdb-tt1292569}.mp4,movie,A Muppets Christmas: Letters to Santa,unmatched,no movie match,,,,0
imdb://tt0158811,F:\MediaStack\data\media\movies\Muppets from Space (1999)\Muppets from Space (1999) [Bluray-1080p] {imdb-tt0158811}.mp4,movie,Muppets from Space,unmatched,no movie match,,,,0
imdb://tt14602326,F:\MediaStack\data\media\movies\Muppets Haunted Mansion (2021)\Muppets Haunted Mansion (2021) [WEBDL-1080p] {imdb-tt14602326}.mkv,movie,Muppets Haunted Mansion,unmatched,no movie match,,,,0
imdb://tt2281587,F:\MediaStack\data\media\movies\Muppets Most Wanted (2014)\Muppets Most Wanted (2014) [Bluray-1080p] {imdb-tt2281587}.mkv,movie,Muppets Most Wanted,unmatched,no movie match,,,,0
imdb://tt0087755,F:\MediaStack\data\media\movies\The Muppets Take Manhattan (1984)\The Muppets Take Manhattan (1984) [Bluray-1080p] {imdb-tt0087755}.mp4,movie,The Muppets Take Manhattan,unmatched,no movie match,,,,0
imdb://tt0422778,F:\MediaStack\data\media\movies\The Muppets' Wizard of Oz (2005)\The Muppets Wizard of Oz (2005) [WEBRip-1080p] {imdb-tt0422778}.mp4,movie,The Muppets' Wizard of Oz,unmatched,no movie match,,,,0
imdb://tt0074937,F:\MediaStack\data\media\movies\Murder by Death (1976)\Murder by Death (1976) [Bluray-1080p] {imdb-tt0074937}.mp4,movie,Murder by Death,unmatched,no movie match,,,,0
imdb://tt0758766,F:\MediaStack\data\media\movies\Music and Lyrics (2007)\Music and Lyrics (2007) [Bluray-1080p] {imdb-tt0758766}.mp4,movie,Music and Lyrics,unmatched,no movie match,,,,0
imdb://tt0259446,F:\MediaStack\data\media\movies\My Big Fat Greek Wedding (2002)\My Big Fat Greek Wedding (2002) [Bluray-1080p] {imdb-tt0259446}.mp4,movie,My Big Fat Greek Wedding,unmatched,no movie match,,,,0
imdb://tt0104952,F:\MediaStack\data\media\movies\My Cousin Vinny (1992)\My Cousin Vinny (1992) [Bluray-1080p] {imdb-tt0104952}.mkv,movie,My Cousin Vinny,unmatched,no movie match,,,,0
imdb://tt0058385,F:\MediaStack\data\media\movies\My Fair Lady (1964)\My Fair Lady (1964) [Bluray-1080p] {imdb-tt0058385}.mkv,movie,My Fair Lady,unmatched,no movie match,,,,0
imdb://tt0120764,F:\MediaStack\data\media\movies\My Favorite Martian (1999)\My Favorite Martian (1999) [WEBDL-720p] {imdb-tt0120764}.mkv,movie,My Favorite Martian,unmatched,no movie match,,,,0
imdb://tt0096283,F:\MediaStack\data\media\movies\My Neighbor Totoro (1988)\My Neighbor Totoro (1988) [Bluray-1080p] {imdb-tt0096283}.mkv,movie,My Neighbor Totoro,unmatched,no movie match,,,,0
imdb://tt0206013,F:\MediaStack\data\media\movies\My Neighbors the Yamadas (1999)\My Neighbors the Yamadas (1999) [Bluray-1080p] {imdb-tt0206013}.mkv,movie,My Neighbors the Yamadas,unmatched,no movie match,,,,0
imdb://tt1078588,F:\MediaStack\data\media\movies\My Sister's Keeper (2009)\My Sisters Keeper (2009) [Bluray-1080p] {imdb-tt1078588}.mkv,movie,My Sister's Keeper,unmatched,no movie match,,,,0
imdb://tt2177771,F:\MediaStack\data\media\movies\The Monuments Men (2014)\The Monuments Men (2014) [Bluray-1080p] {imdb-tt2177771}.mp4,movie,The Monuments Men,unmatched,no movie match,,,,0
imdb://tt0119715,F:\MediaStack\data\media\movies\MouseHunt (1997)\MouseHunt (1997) [WEBRip-1080p] {imdb-tt0119715}.mp4,movie,Mousehunt,unmatched,no movie match,,,,0
imdb://tt0356910,F:\MediaStack\data\media\movies\Mr. & Mrs. Smith (2005)\Mr. and Mrs. Smith (2005) [Bluray-1080p] {imdb-tt0356910}.mp4,movie,Mr. & Mrs. Smith,unmatched,no movie match,,,,0
imdb://tt0113862,F:\MediaStack\data\media\movies\Mr. Holland's Opus (1995)\Mr. Hollands Opus (1995) [Bluray-1080p] {imdb-tt0113862}.mkv,movie,Mr. Holland's Opus,unmatched,no movie match,,,,0
imdb://tt0119718,F:\MediaStack\data\media\movies\Mr. Magoo (1997)\Mr. Magoo (1997) [WEBDL-1080p] {imdb-tt0119718}.mkv,movie,Mr. Magoo,unmatched,no movie match,,,,0
imdb://tt1396218,F:\MediaStack\data\media\movies\Mr. Popper's Penguins (2011)\Mr. Poppers Penguins (2011) [WEBDL-1080p] {imdb-tt1396218}.mkv,movie,Mr. Popper's Penguins,unmatched,no movie match,,,,0
imdb://tt0031679,F:\MediaStack\data\media\movies\Mr. Smith Goes to Washington (1939)\Mr. Smith Goes to Washington (1939) [Bluray-1080p] {imdb-tt0031679}.mkv,movie,Mr. Smith Goes to Washington,unmatched,no movie match,,,,0
imdb://tt0107614,F:\MediaStack\data\media\movies\Mrs. Doubtfire (1993)\Mrs. Doubtfire (1993) [Bluray-1080p] {imdb-tt0107614}.mp4,movie,Mrs. Doubtfire,unmatched,no movie match,,,,0
imdb://tt13186482,F:\MediaStack\data\media\movies\Mufasa - The Lion King (2024)\Mufasa The Lion King (2024) [Bluray-1080p] {imdb-tt13186482}.mkv,movie,Mufasa: The Lion King,unmatched,no movie match,,,,0
imdb://tt0120762,F:\MediaStack\data\media\movies\Mulan (1998)\Mulan (1998) [Bluray-1080p] {imdb-tt0120762}.mp4,movie,Mulan,unmatched,no movie match,,,,0
imdb://tt4566758,F:\MediaStack\data\media\movies\Mulan (2020)\Mulan (2020) [Bluray-1080p] {imdb-tt4566758}.mkv,movie,Mulan,unmatched,no movie match,,,,0
imdb://tt0279967,F:\MediaStack\data\media\movies\Mulan II (2004)\Mulan II (2004) [Bluray-1080p] {imdb-tt0279967}.mkv,movie,Mulan II,unmatched,no movie match,,,,0
imdb://tt3521164,F:\MediaStack\data\media\movies\Moana (2016)\Moana (2016) [Bluray-1080p] {imdb-tt3521164}.mkv,movie,Moana,unmatched,no movie match,,,,0
imdb://tt13622970,F:\MediaStack\data\media\movies\Moana 2 (2024)\Moana 2 (2024) [Bluray-1080p Proper] {imdb-tt13622970}.mp4,movie,Moana 2,unmatched,no movie match,,,,0
imdb://tt0027977,F:\MediaStack\data\media\movies\Modern Times (1936)\Modern Times (1936) [Bluray-1080p] {imdb-tt0027977}.mp4,movie,Modern Times,unmatched,no movie match,,,,0
imdb://tt0304415,F:\MediaStack\data\media\movies\Mona Lisa Smile (2003)\Mona Lisa Smile (2003) [Bluray-720p] {imdb-tt0304415}.mp4,movie,Mona Lisa Smile,unmatched,no movie match,,,,0
imdb://tt0110557,F:\MediaStack\data\media\movies\Monkey Trouble (1994)\Monkey Trouble (1994) [WEBDL-480p] {imdb-tt0110557}.mp4,movie,Monkey Trouble,unmatched,no movie match,,,,0
imdb://tt6572702,F:\MediaStack\data\media\movies\Monster Family (2017)\Monster Family (2017) [Bluray-1080p] {imdb-tt6572702}.mkv,movie,Monster Family,unmatched,no movie match,,,,0
imdb://tt15096796,F:\MediaStack\data\media\movies\Monster Family 2 (2021)\Monster Family 2 (2021) [Bluray-1080p] {imdb-tt15096796}.mp4,movie,Monster Family 2,unmatched,no movie match,,,,0
imdb://tt1453405,F:\MediaStack\data\media\movies\Monsters University (2013)\Monsters University (2013) [Bluray-1080p] {imdb-tt1453405}.mp4,movie,Monsters University,unmatched,no movie match,,,,0
imdb://tt0892782,F:\MediaStack\data\media\movies\Monsters vs Aliens (2009)\Monsters vs Aliens (2009) [Bluray-1080p] {imdb-tt0892782}.mkv,movie,Monsters vs. Aliens,unmatched,no movie match,,,,0
imdb://tt0198781,"F:\MediaStack\data\media\movies\Monsters, Inc. (2001)\Monsters Inc. (2001) [Bluray-1080p Proper] {imdb-tt0198781}.mp4",movie,"Monsters, Inc.",unmatched,no movie match,,,,0
imdb://tt1067774,F:\MediaStack\data\media\movies\Monte Carlo (2011)\Monte Carlo (2011) [Bluray-1080p] {imdb-tt1067774}.mp4,movie,Monte Carlo,unmatched,no movie match,,,,0
imdb://tt0113820,F:\MediaStack\data\media\movies\Mighty Morphin Power Rangers - The Movie (1995)\Mighty Morphin Power Rangers The Movie (1995) [Bluray-720p] {imdb-tt0113820}.mkv,movie,Mighty Morphin Power Rangers,unmatched,no movie match,,,,0
imdb://tt6495056,F:\MediaStack\data\media\movies\Migration (2023)\Migration (2023) [Bluray-1080p] {imdb-tt6495056}.mkv,movie,Migration,unmatched,no movie match,,,,0
imdb://tt0291350,F:\MediaStack\data\media\movies\Millennium Actress (2002)\Millennium Actress (2002) [WEBDL-1080p] {imdb-tt0291350}.mkv,movie,Millennium Actress,unmatched,no movie match,,,,0
imdb://tt1647668,F:\MediaStack\data\media\movies\Million Dollar Arm (2014)\Million Dollar Arm (2014) [Bluray-1080p] {imdb-tt1647668}.mkv,movie,Million Dollar Arm,unmatched,no movie match,,,,0
imdb://tt0405159,F:\MediaStack\data\media\movies\Million Dollar Baby (2004)\Million Dollar Baby (2004) [Bluray-1080p] {imdb-tt0405159}.mkv,movie,Million Dollar Baby,unmatched,no movie match,,,,0
imdb://tt3566834,F:\MediaStack\data\media\movies\A Minecraft Movie (2025)\A Minecraft Movie (2025) [Bluray-1080p] {imdb-tt3566834}.mp4,movie,A Minecraft Movie,unmatched,no movie match,,,,0
imdb://tt0181689,F:\MediaStack\data\media\movies\Minority Report (2002)\Minority Report (2002) [Bluray-1080p] {imdb-tt0181689}.mkv,movie,Minority Report,unmatched,no movie match,,,,0
imdb://tt1072755,F:\MediaStack\data\media\movies\Minutemen (2008)\Minutemen (2008) [WEBRip-1080p] {imdb-tt1072755}.mp4,movie,Minutemen,unmatched,no movie match,,,,0
imdb://tt0349825,F:\MediaStack\data\media\movies\Miracle (2004)\Miracle (2004) [Bluray-1080p] {imdb-tt0349825}.mkv,movie,Miracle,unmatched,no movie match,,,,0
imdb://tt1667353,F:\MediaStack\data\media\movies\Mirror Mirror (2012)\Mirror Mirror (2012) [Bluray-1080p] {imdb-tt1667353}.mp4,movie,Mirror Mirror,unmatched,no movie match,,,,0
imdb://tt0212346,F:\MediaStack\data\media\movies\Miss Congeniality (2000)\Miss Congeniality (2000) [WEBDL-1080p] {imdb-tt0212346}.mkv,movie,Miss Congeniality,unmatched,no movie match,,,,0
imdb://tt0385307,F:\MediaStack\data\media\movies\Miss Congeniality 2 - Armed and Fabulous (2005)\Miss Congeniality 2 Armed and Fabulous (2005) [Bluray-1080p] {imdb-tt0385307}.mkv,movie,Miss Congeniality 2: Armed & Fabulous,unmatched,no movie match,,,,0
imdb://tt0482546,F:\MediaStack\data\media\movies\Miss Potter (2006)\Miss Potter (2006) [Bluray-1080p] {imdb-tt0482546}.mp4,movie,Miss Potter,unmatched,no movie match,,,,0
imdb://tt1229238,F:\MediaStack\data\media\movies\Mission - Impossible - Ghost Protocol (2011)\Mission Impossible Ghost Protocol (2011) [Bluray-1080p] {imdb-tt1229238}.mkv,movie,Mission: Impossible - Ghost Protocol,unmatched,no movie match,,,,0
imdb://tt0377092,F:\MediaStack\data\media\movies\Mean Girls (2004)\Mean Girls (2004) [Bluray-1080p] {imdb-tt0377092}.mkv,movie,Mean Girls,unmatched,ambiguous movie title match,,,,0
imdb://tt0765476,F:\MediaStack\data\media\movies\Meet Dave (2008)\Meet Dave (2008) [Bluray-1080p] {imdb-tt0765476}.mkv,movie,Meet Dave,unmatched,no movie match,,,,0
imdb://tt0120645,F:\MediaStack\data\media\movies\Meet the Deedles (1998)\Meet the Deedles (1998) [WEBRip-1080p] {imdb-tt0120645}.mp4,movie,Meet the Deedles,unmatched,no movie match,,,,0
imdb://tt0396555,F:\MediaStack\data\media\movies\Meet the Robinsons (2007)\Meet the Robinsons (2007) [Bluray-1080p] {imdb-tt0396555}.mkv,movie,Meet the Robinsons,unmatched,no movie match,,,,0
imdb://tt1001526,F:\MediaStack\data\media\movies\Megamind (2010)\Megamind (2010) [Bluray-1080p] {imdb-tt1001526}.mkv,movie,Megamind,unmatched,no movie match,,,,0
imdb://tt31122323,F:\MediaStack\data\media\movies\Megamind vs. the Doom Syndicate (2024)\Megamind vs. the Doom Syndicate (2024) [WEBRip-1080p] {imdb-tt31122323}.mkv,movie,Megamind vs. The Doom Syndicate,unmatched,no movie match,,,,0
imdb://tt0397535,F:\MediaStack\data\media\movies\Memoirs of a Geisha (2005)\Memoirs of a Geisha (2005) [WEBDL-1080p] {imdb-tt0397535}.mkv,movie,Memoirs of a Geisha,unmatched,no movie match,,,,0
imdb://tt0203019,F:\MediaStack\data\media\movies\Men of Honor (2000)\Men of Honor (2000) [Bluray-1080p] {imdb-tt0203019}.mp4,movie,Men of Honor,unmatched,no movie match,,,,0
imdb://tt1526300,F:\MediaStack\data\media\movies\Merry Madagascar (2009)\Merry Madagascar (2009) [Bluray-1080p] {imdb-tt1526300}.mkv,movie,Merry Madagascar,unmatched,no movie match,,,,0
imdb://tt0017136,F:\MediaStack\data\media\movies\Metropolis (1927)\Metropolis (1927) [Bluray-1080p] {imdb-tt0017136}.mkv,movie,Metropolis,unmatched,no movie match,,,,0
imdb://tt0236493,F:\MediaStack\data\media\movies\The Mexican (2001)\The Mexican (2001) [Bluray-1080p Proper] {imdb-tt0236493}.mkv,movie,The Mexican,unmatched,no movie match,,,,0
imdb://tt0371823,"F:\MediaStack\data\media\movies\Mickey, Donald, Goofy - The Three Musketeers (2004)\Mickey Donald Goofy The Three Musketeers (2004) [Bluray-1080p] {imdb-tt0371823}.mkv",movie,"Mickey, Donald, Goofy: The Three Musketeers",unmatched,no movie match,,,,0
imdb://tt0140379,F:\MediaStack\data\media\movies\A Midsummer Night's Dream (1999)\A Midsummer Nights Dream (1999) [Bluray-1080p] {imdb-tt0140379}.mp4,movie,A Midsummer Night's Dream,unmatched,no movie match,,,,0
imdb://tt0104868,F:\MediaStack\data\media\movies\The Mighty Ducks (1992)\The Mighty Ducks (1992) [Bluray-1080p] {imdb-tt0104868}.mkv,movie,The Mighty Ducks,unmatched,no movie match,,,,0
imdb://tt0120751,F:\MediaStack\data\media\movies\Mighty Joe Young (1998)\Mighty Joe Young (1998) [Bluray-1080p] {imdb-tt0120751}.mp4,movie,Mighty Joe Young,unmatched,no movie match,,,,0
imdb://tt1155592,F:\MediaStack\data\media\movies\Man on Wire (2008)\Man on Wire (2008) [WEBDL-1080p] {imdb-tt1155592}.mkv,movie,Man on Wire,unmatched,no movie match,,,,0
imdb://tt0120483,F:\MediaStack\data\media\movies\The Man Who Knew Too Little (1997)\The Man Who Knew Too Little (1997) [Bluray-1080p] {imdb-tt0120483}.mp4,movie,The Man Who Knew Too Little,unmatched,no movie match,,,,0
imdb://tt0049470,F:\MediaStack\data\media\movies\The Man Who Knew Too Much (1956)\The Man Who Knew Too Much (1956) [WEBDL-1080p] {imdb-tt0049470}.mkv,movie,The Man Who Knew Too Much,unmatched,no movie match,,,,0
imdb://tt0056217,F:\MediaStack\data\media\movies\The Man Who Shot Liberty Valance (1962)\The Man Who Shot Liberty Valance (1962) [Bluray-1080p] {imdb-tt0056217}.mkv,movie,The Man Who Shot Liberty Valance,unmatched,no movie match,,,,0
imdb://tt0076363,F:\MediaStack\data\media\movies\The Many Adventures of Winnie the Pooh (1977)\The Many Adventures of Winnie the Pooh (1977) [Bluray-1080p] {imdb-tt0076363}.mp4,movie,The Many Adventures of Winnie the Pooh,unmatched,no movie match,,,,0
imdb://tt0822832,F:\MediaStack\data\media\movies\Marley & Me (2008)\Marley and Me (2008) [Bluray-1080p] {imdb-tt0822832}.mkv,movie,Marley & Me,unmatched,no movie match,,,,0
imdb://tt1392197,F:\MediaStack\data\media\movies\Marmaduke (2010)\Marmaduke (2010) [Bluray-720p] {imdb-tt1392197}.mp4,movie,Marmaduke,unmatched,no movie match,,,,0
imdb://tt3659388,F:\MediaStack\data\media\movies\The Martian (2015)\The Martian (2015) [Bluray-1080p] {imdb-tt3659388}.mkv,movie,The Martian,unmatched,no movie match,,,,0
imdb://tt0415965,F:\MediaStack\data\media\movies\Martian Child (2007)\Martian Child (2007) [WEBDL-1080p] {imdb-tt0415965}.mkv,movie,Martian Child,unmatched,no movie match,,,,0
imdb://tt10676048,F:\MediaStack\data\media\movies\The Marvels (2023)\The Marvels (2023) [Bluray-1080p] {imdb-tt10676048}.mkv,movie,The Marvels,unmatched,no movie match,,,,0
imdb://tt6336356,F:\MediaStack\data\media\movies\Mary and The Witch's Flower (2017)\Mary and The Witchs Flower (2017) [Bluray-1080p] {imdb-tt6336356}.mkv,movie,Mary and The Witch's Flower,unmatched,no movie match,,,,0
imdb://tt0058331,F:\MediaStack\data\media\movies\Mary Poppins (1964)\Mary Poppins (1964) [Bluray-1080p] {imdb-tt0058331}.mkv,movie,Mary Poppins,unmatched,no movie match,,,,0
imdb://tt5028340,F:\MediaStack\data\media\movies\Mary Poppins Returns (2018)\Mary Poppins Returns (2018) [Bluray-1080p] {imdb-tt5028340}.mkv,movie,Mary Poppins Returns,unmatched,no movie match,,,,0
imdb://tt0110475,F:\MediaStack\data\media\movies\The Mask (1994)\The Mask (1994) [Bluray-1080p] {imdb-tt0110475}.mp4,movie,The Mask,unmatched,no movie match,,,,0
imdb://tt11389748,F:\MediaStack\data\media\movies\Mass (2021)\Mass (2021) [Bluray-1080p] {imdb-tt11389748}.mkv,movie,Mass,unmatched,no movie match,,,,0
imdb://tt0311113,F:\MediaStack\data\media\movies\Master and Commander - The Far Side of the World (2003)\Master and Commander The Far Side of the World (2003) [Bluray-1080p] {imdb-tt0311113}.mkv,movie,Master and Commander: The Far Side of the World,unmatched,no movie match,,,,0
imdb://tt0295427,F:\MediaStack\data\media\movies\The Master of Disguise (2002)\The Master of Disguise (2002) [WEBDL-1080p] {imdb-tt0295427}.mkv,movie,The Master of Disguise,unmatched,no movie match,,,,0
imdb://tt0416320,F:\MediaStack\data\media\movies\Match Point (2005)\Match Point (2005) [Bluray-1080p] {imdb-tt0416320}.mkv,movie,Match Point,unmatched,no movie match,,,,0
imdb://tt0133093,F:\MediaStack\data\media\movies\The Matrix (1999)\The Matrix (1999) [Bluray-1080p] {imdb-tt0133093}.mkv,movie,The Matrix,unmatched,no movie match,,,,0
imdb://tt0234215,F:\MediaStack\data\media\movies\The Matrix Reloaded (2003)\The Matrix Reloaded (2003) [Bluray-1080p] {imdb-tt0234215}.mkv,movie,The Matrix Reloaded,unmatched,no movie match,,,,0
imdb://tt10838180,F:\MediaStack\data\media\movies\The Matrix Resurrections (2021)\The Matrix Resurrections (2021) [Bluray-1080p] {imdb-tt10838180}.mp4,movie,The Matrix Resurrections,unmatched,no movie match,,,,0
imdb://tt0242653,F:\MediaStack\data\media\movies\The Matrix Revolutions (2003)\The Matrix Revolutions (2003) [Bluray-1080p] {imdb-tt0242653}.mkv,movie,The Matrix Revolutions,unmatched,no movie match,,,,0
imdb://tt0273799,F:\MediaStack\data\media\movies\Max Keeble's Big Move (2001)\Max Keebles Big Move (2001) [WEBDL-1080p] {imdb-tt0273799}.mkv,movie,Max Keeble's Big Move,unmatched,no movie match,,,,0
imdb://tt2097298,"F:\MediaStack\data\media\movies\McFarland, USA (2015)\McFarland USA (2015) [Bluray-1080p] {imdb-tt2097298}.mp4",movie,"McFarland, USA",unmatched,no movie match,,,,0
imdb://tt0057298,F:\MediaStack\data\media\movies\McLintock! (1963)\McLintock! (1963) [WEBDL-480p] {imdb-tt0057298}.mkv,movie,McLintock!,unmatched,no movie match,,,,0
imdb://tt1392190,F:\MediaStack\data\media\movies\Mad Max - Fury Road (2015)\Mad Max Fury Road (2015) [Bluray-1080p] {imdb-tt1392190}.mkv,movie,Mad Max: Fury Road,unmatched,no movie match,,,,0
imdb://tt11057302,F:\MediaStack\data\media\movies\Madame Web (2024)\Madame Web (2024) [WEBDL-1080p] {imdb-tt11057302}.mkv,movie,Madame Web,unmatched,no movie match,,,,0
imdb://tt0123987,F:\MediaStack\data\media\movies\Madeline (1998)\Madeline (1998) [WEBRip-1080p] {imdb-tt0123987}.mp4,movie,Madeline,unmatched,no movie match,,,,0
imdb://tt0054047,F:\MediaStack\data\media\movies\The Magnificent Seven (1960)\The Magnificent Seven (1960) [Bluray-1080p] {imdb-tt0054047}.mkv,movie,The Magnificent Seven,unmatched,no movie match,,,,0
imdb://tt2404435,F:\MediaStack\data\media\movies\The Magnificent Seven (2016)\The Magnificent Seven (2016) [Bluray-1080p] {imdb-tt2404435}.mkv,movie,The Magnificent Seven,unmatched,no movie match,,,,0
imdb://tt0175880,F:\MediaStack\data\media\movies\Magnolia (1999)\Magnolia (1999) [Bluray-1080p] {imdb-tt0175880}.mp4,movie,Magnolia,unmatched,no movie match,,,,0
imdb://tt0268995,F:\MediaStack\data\media\movies\The Majestic (2001)\The Majestic (2001) [Bluray-1080p] {imdb-tt0268995}.mkv,movie,The Majestic,unmatched,no movie match,,,,0
imdb://tt1587310,F:\MediaStack\data\media\movies\Maleficent (2014)\Maleficent (2014) [Bluray-1080p] {imdb-tt1587310}.mp4,movie,Maleficent,unmatched,no movie match,,,,0
imdb://tt4777008,F:\MediaStack\data\media\movies\Maleficent - Mistress of Evil (2019)\Maleficent Mistress of Evil (2019) [Bluray-1080p] {imdb-tt4777008}.mp4,movie,Maleficent: Mistress of Evil,unmatched,no movie match,,,,0
imdb://tt0033870,F:\MediaStack\data\media\movies\The Maltese Falcon (1941)\The Maltese Falcon (1941) [Bluray-1080p] {imdb-tt0033870}.mp4,movie,The Maltese Falcon,unmatched,no movie match,,,,0
imdb://tt6911608,F:\MediaStack\data\media\movies\Mamma Mia! Here We Go Again (2018)\Mamma Mia! Here We Go Again (2018) [Bluray-1080p] {imdb-tt6911608}.mkv,movie,Mamma Mia! Here We Go Again,unmatched,no movie match,,,,0
imdb://tt0084296,F:\MediaStack\data\media\movies\The Man from Snowy River (1982)\The Man from Snowy River (1982) [Bluray-1080p] {imdb-tt0084296}.mp4,movie,The Man from Snowy River,unmatched,no movie match,,,,0
imdb://tt1638355,F:\MediaStack\data\media\movies\The Man from U.N.C.L.E. (2015)\The Man from U.N.C.L.E. (2015) [WEBDL-1080p] {imdb-tt1638355}.mkv,movie,The Man from U.N.C.L.E.,unmatched,no movie match,,,,0
imdb://tt0025455,F:\MediaStack\data\media\movies\The Man from Utah (1934)\The Man from Utah (1934) [WEBDL-480p] {imdb-tt0025455}.mkv,movie,The Man from Utah,unmatched,no movie match,,,,0
imdb://tt0770828,F:\MediaStack\data\media\movies\Man of Steel (2013)\Man of Steel (2013) [Bluray-1080p] {imdb-tt0770828}.mkv,movie,Man of Steel,unmatched,no movie match,,,,0
imdb://tt0113755,F:\MediaStack\data\media\movies\Man of the House (1995)\Man of the House (1995) [DVD] {imdb-tt0113755}.avi,movie,Man of the House,unmatched,no movie match,,,,0
imdb://tt0328107,F:\MediaStack\data\media\movies\Man on Fire (2004)\Man on Fire (2004) [Bluray-1080p Proper] {imdb-tt0328107}.mp4,movie,Man on Fire,unmatched,no movie match,,,,0
imdb://tt0097778,F:\MediaStack\data\media\movies\Look Who's Talking (1989)\Look Whos Talking (1989) [WEBRip-1080p] {imdb-tt0097778}.mp4,movie,Look Who's Talking,unmatched,no movie match,,,,0
imdb://tt1482459,F:\MediaStack\data\media\movies\The Lorax (2012)\The Lorax (2012) [Bluray-1080p] {imdb-tt1482459}.mp4,movie,The Lorax,unmatched,no movie match,,,,0
imdb://tt0077869,F:\MediaStack\data\media\movies\The Lord of the Rings (1978)\The Lord of the Rings (1978) [Bluray-1080p] {imdb-tt0077869}.mkv,movie,The Lord of the Rings,unmatched,no movie match,,,,0
imdb://tt0120737,F:\MediaStack\data\media\movies\The Lord of the Rings - The Fellowship of the Ring (2001)\The Lord of the Rings The Fellowship of the Ring (2001) [Bluray-1080p] {imdb-tt0120737}.mkv,movie,The Lord of the Rings: The Fellowship of the Ring,unmatched,no movie match,,,,0
imdb://tt0167260,F:\MediaStack\data\media\movies\The Lord of the Rings - The Return of the King (2003)\The Lord of the Rings The Return of the King (2003) [Bluray-1080p] {imdb-tt0167260}.mkv,movie,The Lord of the Rings: The Return of the King,unmatched,no movie match,,,,0
imdb://tt0167261,F:\MediaStack\data\media\movies\The Lord of the Rings - The Two Towers (2002)\The Lord of the Rings The Two Towers (2002) [Bluray-1080p Proper] {imdb-tt0167261}.mp4,movie,The Lord of the Rings: The Two Towers,unmatched,no movie match,,,,0
imdb://tt14824600,F:\MediaStack\data\media\movies\The Lord of the Rings - The War of the Rohirrim (2024)\The Lord of the Rings The War of the Rohirrim (2024) [Bluray-1080p] {imdb-tt14824600}.mkv,movie,The Lord of the Rings: The War of the Rohirrim,unmatched,no movie match,,,,0
imdb://tt0199725,F:\MediaStack\data\media\movies\Love & Basketball (2000)\Love and Basketball (2000) [Bluray-1080p] {imdb-tt0199725}.mkv,movie,Love & Basketball,unmatched,no movie match,,,,0
imdb://tt0380510,F:\MediaStack\data\media\movies\The Lovely Bones (2009)\The Lovely Bones (2009) [Bluray-1080p] {imdb-tt0380510}.mkv,movie,The Lovely Bones,unmatched,no movie match,,,,0
imdb://tt12801262,F:\MediaStack\data\media\movies\Luca (2021)\Luca (2021) [Bluray-1080p] {imdb-tt12801262}.mp4,movie,Luca,unmatched,no movie match,,,,0
imdb://tt0274636,F:\MediaStack\data\media\movies\The Luck of the Irish (2001)\The Luck of the Irish (2001) [Bluray-720p] {imdb-tt0274636}.mp4,movie,The Luck of the Irish,unmatched,no movie match,,,,0
imdb://tt0025440,F:\MediaStack\data\media\movies\The Lucky Texan (1934)\The Lucky Texan (1934) [WEBDL-480p] {imdb-tt0025440}.mkv,movie,The Lucky Texan,unmatched,no movie match,,,,0
imdb://tt0066026,F:\MediaStack\data\media\movies\M-A-S-H (1970)\M-A-S-H (1970) [WEBDL-1080p] {imdb-tt0066026}.mkv,movie,M*A*S*H,unmatched,no movie match,,,,0
imdb://tt0079501,F:\MediaStack\data\media\movies\Mad Max (1979)\Mad Max (1979) [Bluray-1080p] {imdb-tt0079501}.mkv,movie,Mad Max,unmatched,no movie match,,,,0
imdb://tt0089530,F:\MediaStack\data\media\movies\Mad Max Beyond Thunderdome (1985)\Mad Max Beyond Thunderdome (1985) [Bluray-1080p] {imdb-tt0089530}.mkv,movie,Mad Max Beyond Thunderdome,unmatched,no movie match,,,,0
imdb://tt0110364,F:\MediaStack\data\media\movies\Little Giants (1994)\Little Giants (1994) [WEBDL-1080p] {imdb-tt0110364}.mkv,movie,Little Giants,unmatched,no movie match,,,,0
imdb://tt0412922,F:\MediaStack\data\media\movies\Little Manhattan (2005)\Little Manhattan (2005) [WEBDL-1080p] {imdb-tt0412922}.mkv,movie,Little Manhattan,unmatched,no movie match,,,,0
imdb://tt0097757,F:\MediaStack\data\media\movies\The Little Mermaid (1989)\The Little Mermaid (1989) [Bluray-1080p] {imdb-tt0097757}.mkv,movie,The Little Mermaid,unmatched,no movie match,,,,0
imdb://tt5971474,F:\MediaStack\data\media\movies\The Little Mermaid (2023)\The Little Mermaid (2023) [Bluray-1080p] {imdb-tt5971474}.mkv,movie,The Little Mermaid,unmatched,no movie match,,,,0
imdb://tt0449059,F:\MediaStack\data\media\movies\Little Miss Sunshine (2006)\Little Miss Sunshine (2006) [Bluray-1080p] {imdb-tt0449059}.mkv,movie,Little Miss Sunshine,unmatched,no movie match,,,,0
imdb://tt0097758,F:\MediaStack\data\media\movies\Little Monsters (1989)\Little Monsters (1989) [Bluray-1080p] {imdb-tt0097758}.mkv,movie,Little Monsters,unmatched,no movie match,,,,0
imdb://tt0104740,F:\MediaStack\data\media\movies\Little Nemo - Adventures in Slumberland (1989)\Little Nemo Adventures in Slumberland (1989) [Bluray-1080p] {imdb-tt0104740}.mkv,movie,Little Nemo: Adventures in Slumberland,unmatched,no movie match,,,,0
imdb://tt1754656,F:\MediaStack\data\media\movies\The Little Prince (2015)\The Little Prince (2015) [Bluray-1080p] {imdb-tt1754656}.mkv,movie,The Little Prince,unmatched,no movie match,,,,0
imdb://tt0113670,F:\MediaStack\data\media\movies\A Little Princess (1995)\A Little Princess (1995) [WEBDL-1080p] {imdb-tt0113670}.mkv,movie,A Little Princess,unmatched,no movie match,,,,0
imdb://tt0091419,F:\MediaStack\data\media\movies\Little Shop of Horrors (1986)\Little Shop of Horrors (1986) [Bluray-1080p] {imdb-tt0091419}.mp4,movie,Little Shop of Horrors,unmatched,no movie match,,,,0
imdb://tt0192255,F:\MediaStack\data\media\movies\The Little Vampire (2000)\The Little Vampire (2000) [WEBRip-720p] {imdb-tt0192255}.mkv,movie,The Little Vampire,unmatched,no movie match,,,,0
imdb://tt0110367,F:\MediaStack\data\media\movies\Little Women (1994)\Little Women (1994) [Bluray-1080p] {imdb-tt0110367}.mkv,movie,Little Women,unmatched,ambiguous movie title match,,,,0
imdb://tt3281548,F:\MediaStack\data\media\movies\Little Women (2019)\Little Women (2019) [Bluray-1080p] {imdb-tt3281548}.mkv,movie,Little Women,unmatched,ambiguous movie title match,,,,0
imdb://tt0337978,F:\MediaStack\data\media\movies\Live Free or Die Hard (2007)\Live Free or Die Hard (2007) [Bluray-1080p] {imdb-tt0337978}.mp4,movie,Live Free or Die Hard,unmatched,no movie match,,,,0
imdb://tt0405094,F:\MediaStack\data\media\movies\The Lives of Others (2006)\The Lives of Others (2006) [Bluray-1080p] {imdb-tt0405094}.mp4,movie,The Lives of Others,unmatched,no movie match,,,,0
imdb://tt0306841,F:\MediaStack\data\media\movies\The Lizzie McGuire Movie (2003)\The Lizzie McGuire Movie (2003) [WEBRip-1080p] {imdb-tt0306841}.mp4,movie,The Lizzie McGuire Movie,unmatched,no movie match,,,,0
imdb://tt3315342,F:\MediaStack\data\media\movies\Logan (2017)\Logan (2017) [Bluray-1080p] {imdb-tt3315342}.mkv,movie,Logan,unmatched,no movie match,,,,0
imdb://tt5439796,F:\MediaStack\data\media\movies\Logan Lucky (2017)\Logan Lucky (2017) [Bluray-1080p] {imdb-tt5439796}.mkv,movie,Logan Lucky,unmatched,no movie match,,,,0
imdb://tt1210819,F:\MediaStack\data\media\movies\The Lone Ranger (2013)\The Lone Ranger (2013) [Bluray-1080p] {imdb-tt1210819}.mp4,movie,The Lone Ranger,unmatched,no movie match,,,,0
imdb://tt0056197,F:\MediaStack\data\media\movies\The Longest Day (1962)\The Longest Day (1962) [Bluray-1080p] {imdb-tt0056197}.mkv,movie,The Longest Day,unmatched,no movie match,,,,0
imdb://tt1055292,F:\MediaStack\data\media\movies\Life As We Know It (2010)\Life As We Know It (2010) [Bluray-1080p] {imdb-tt1055292}.mp4,movie,Life as We Know It,unmatched,no movie match,,,,0
imdb://tt0118799,F:\MediaStack\data\media\movies\Life Is Beautiful (1997)\Life Is Beautiful (1997) [Bluray-1080p] {imdb-tt0118799}.mp4,movie,Life Is Beautiful,unmatched,no movie match,,,,0
imdb://tt0454876,F:\MediaStack\data\media\movies\Life of Pi (2012)\Life of Pi (2012) [Bluray-1080p] {imdb-tt0454876}.mkv,movie,Life of Pi,unmatched,no movie match,,,,0
imdb://tt5619332,F:\MediaStack\data\media\movies\Life of the Party (2018)\Life of the Party (2018) [Bluray-1080p] {imdb-tt5619332}.mkv,movie,Life of the Party,unmatched,no movie match,,,,0
imdb://tt0037017,F:\MediaStack\data\media\movies\Lifeboat (1944)\Lifeboat (1944) [Bluray-1080p] {imdb-tt0037017}.mkv,movie,Lifeboat,unmatched,no movie match,,,,0
imdb://tt2265534,F:\MediaStack\data\media\movies\The Lifeguard (2013)\The Lifeguard (2013) [WEBDL-480p] {imdb-tt2265534}.mkv,movie,The Lifeguard,unmatched,no movie match,,,,0
imdb://tt2547584,F:\MediaStack\data\media\movies\The Light Between Oceans (2016)\The Light Between Oceans (2016) [Bluray-1080p] {imdb-tt2547584}.mkv,movie,The Light Between Oceans,unmatched,no movie match,,,,0
imdb://tt4786282,F:\MediaStack\data\media\movies\Lights Out (2016)\Lights Out (2016) [Bluray-1080p] {imdb-tt4786282}.mp4,movie,Lights Out,unmatched,no movie match,,,,0
imdb://tt10298810,F:\MediaStack\data\media\movies\Lightyear (2022)\Lightyear (2022) [Bluray-1080p] {imdb-tt10298810}.mp4,movie,Lightyear,unmatched,no movie match,,,,0
imdb://tt0308506,F:\MediaStack\data\media\movies\Like Mike (2002)\Like Mike (2002) [WEBRip-1080p] {imdb-tt0308506}.mp4,movie,Like Mike,unmatched,no movie match,,,,0
imdb://tt0986264,F:\MediaStack\data\media\movies\Like Stars on Earth (2007)\Like Stars on Earth (2007) [Bluray-1080p] {imdb-tt0986264}.mp4,movie,Like Stars on Earth,unmatched,no movie match,,,,0
imdb://tt0275847,F:\MediaStack\data\media\movies\Lilo & Stitch (2002)\Lilo and Stitch (2002) [Bluray-1080p Proper] {imdb-tt0275847}.mkv,movie,Lilo & Stitch,unmatched,no movie match,,,,0
imdb://tt11655566,F:\MediaStack\data\media\movies\Lilo & Stitch (2025)\Lilo and Stitch (2025) [Bluray-1080p] {imdb-tt11655566}.mkv,movie,Lilo & Stitch,unmatched,no movie match,,,,0
imdb://tt0457993,F:\MediaStack\data\media\movies\Lilo & Stitch 2 - Stitch Has a Glitch (2005)\Lilo and Stitch 2 Stitch Has a Glitch (2005) [Bluray-1080p] {imdb-tt0457993}.mkv,movie,Lilo & Stitch 2: Stitch Has a Glitch,unmatched,no movie match,,,,0
imdb://tt0443272,F:\MediaStack\data\media\movies\Lincoln (2012)\Lincoln (2012) [WEBDL-1080p] {imdb-tt0443272}.mkv,movie,Lincoln,unmatched,no movie match,,,,0
imdb://tt0110357,F:\MediaStack\data\media\movies\The Lion King (1994)\The Lion King (1994) [Bluray-1080p] {imdb-tt0110357}.mp4,movie,The Lion King,unmatched,no movie match,,,,0
imdb://tt6105098,F:\MediaStack\data\media\movies\The Lion King (2019)\The Lion King (2019) [Bluray-1080p] {imdb-tt6105098}.mkv,movie,The Lion King,unmatched,no movie match,,,,0
imdb://tt0120131,F:\MediaStack\data\media\movies\The Lion King II - Simba's Pride (1998)\The Lion King II Simbas Pride (1998) [Bluray-1080p] {imdb-tt0120131}.mkv,movie,The Lion King II: Simba's Pride,unmatched,no movie match,,,,0
imdb://tt0063230,F:\MediaStack\data\media\movies\The Little Drummer Boy (1968)\The Little Drummer Boy (1968) [Bluray-1080p] {imdb-tt0063230}.mkv,movie,The Little Drummer Boy,unmatched,no movie match,,,,0
imdb://tt1197624,F:\MediaStack\data\media\movies\Law Abiding Citizen (2009)\Law Abiding Citizen (2009) [Bluray-1080p] {imdb-tt1197624}.mkv,movie,Law Abiding Citizen,unmatched,no movie match,,,,0
imdb://tt0025373,F:\MediaStack\data\media\movies\The Lawless Frontier (1934)\The Lawless Frontier (1934) [Unknown] {imdb-tt0025373}.mkv,movie,The Lawless Frontier,unmatched,no movie match,,,,0
imdb://tt0056172,F:\MediaStack\data\media\movies\Lawrence of Arabia (1962)\Lawrence of Arabia (1962) [Bluray-1080p] {imdb-tt0056172}.mkv,movie,Lawrence of Arabia,unmatched,no movie match,,,,0
imdb://tt4778988,F:\MediaStack\data\media\movies\LBJ (2017)\LBJ (2017) [WEBDL-1080p] {imdb-tt4778988}.mkv,movie,LBJ,unmatched,no movie match,,,,0
imdb://tt0067334,F:\MediaStack\data\media\movies\Le Mans (1971)\Le Mans (1971) [Bluray-1080p] {imdb-tt0067334}.mkv,movie,Le Mans,unmatched,no movie match,,,,0
imdb://tt0311429,F:\MediaStack\data\media\movies\The League of Extraordinary Gentlemen (2003)\The League of Extraordinary Gentlemen (2003) [Bluray-1080p] {imdb-tt0311429}.mkv,movie,The League of Extraordinary Gentlemen,unmatched,no movie match,,,,0
imdb://tt0119509,F:\MediaStack\data\media\movies\Leave It to Beaver (1997)\Leave It to Beaver (1997) [WEBDL-1080p] {imdb-tt0119509}.mkv,movie,Leave It to Beaver,unmatched,no movie match,,,,0
imdb://tt0099996,F:\MediaStack\data\media\movies\Legacy (1993)\Legacy (1993) [WEBDL-480p] {imdb-tt0099996}.mkv,movie,Legacy,unmatched,no movie match,,,,0
imdb://tt0091396,F:\MediaStack\data\media\movies\Legal Eagles (1986)\Legal Eagles (1986) [Bluray-1080p] {imdb-tt0091396}.mkv,movie,Legal Eagles,unmatched,no movie match,,,,0
imdb://tt0146984,F:\MediaStack\data\media\movies\The Legend of Bagger Vance (2000)\The Legend of Bagger Vance (2000) [Bluray-1080p] {imdb-tt0146984}.mp4,movie,The Legend of Bagger Vance,unmatched,no movie match,,,,0
imdb://tt0918940,F:\MediaStack\data\media\movies\The Legend of Tarzan (2016)\The Legend of Tarzan (2016) [Bluray-1080p] {imdb-tt0918940}.mkv,movie,The Legend of Tarzan,unmatched,no movie match,,,,0
imdb://tt1219342,F:\MediaStack\data\media\movies\Legend of the Guardians - The Owls of Ga'Hoole (2010)\Legend of the Guardians The Owls of Ga'Hoole (2010) [Bluray-1080p] {imdb-tt1219342}.mkv,movie,Legend of the Guardians: The Owls of Ga'Hoole,unmatched,no movie match,,,,0
imdb://tt4116284,F:\MediaStack\data\media\movies\The Lego Batman Movie (2017)\The Lego Batman Movie (2017) [Bluray-1080p] {imdb-tt4116284}.mkv,movie,The Lego Batman Movie,unmatched,no movie match,,,,0
imdb://tt1490017,F:\MediaStack\data\media\movies\The Lego Movie (2014)\The Lego Movie (2014) [Bluray-1080p] {imdb-tt1490017}.mkv,movie,The Lego Movie,unmatched,no movie match,,,,0
imdb://tt3513498,F:\MediaStack\data\media\movies\The Lego Movie 2 - The Second Part (2019)\The Lego Movie 2 The Second Part (2019) [Bluray-1080p] {imdb-tt3513498}.mkv,movie,The Lego Movie 2: The Second Part,unmatched,no movie match,,,,0
imdb://tt3014284,F:\MediaStack\data\media\movies\The Lego Ninjago Movie (2017)\The Lego Ninjago Movie (2017) [Bluray-1080p Proper] {imdb-tt3014284}.mkv,movie,The Lego Ninjago Movie,unmatched,no movie match,,,,0
imdb://tt0762114,F:\MediaStack\data\media\movies\License to Wed (2007)\License to Wed (2007) [Bluray-1080p] {imdb-tt0762114}.mkv,movie,License to Wed,unmatched,no movie match,,,,0
imdb://tt5442430,F:\MediaStack\data\media\movies\Life (2017)\Life (2017) [Bluray-1080p] {imdb-tt5442430}.mkv,movie,Life,unmatched,ambiguous movie title match,,,,0
imdb://tt0362270,F:\MediaStack\data\media\movies\The Life Aquatic with Steve Zissou (2004)\The Life Aquatic with Steve Zissou (2004) [Bluray-1080p] {imdb-tt0362270}.mp4,movie,The Life Aquatic with Steve Zissou,unmatched,no movie match,,,,0
imdb://tt1702433,F:\MediaStack\data\media\movies\Kung Fu Panda Holiday (2010)\Kung Fu Panda Holiday (2010) [Bluray-1080p] {imdb-tt1702433}.mkv,movie,Kung Fu Panda Holiday,unmatched,no movie match,,,,0
imdb://tt0091369,F:\MediaStack\data\media\movies\Labyrinth (1986)\Labyrinth (1986) [Bluray-1080p] {imdb-tt0091369}.mkv,movie,Labyrinth,unmatched,no movie match,,,,0
imdb://tt0349710,F:\MediaStack\data\media\movies\Ladder 49 (2004)\Ladder 49 (2004) [Bluray-1080p] {imdb-tt0349710}.mkv,movie,Ladder 49,unmatched,no movie match,,,,0
imdb://tt0048280,F:\MediaStack\data\media\movies\Lady and the Tramp (1955)\Lady and the Tramp (1955) [Bluray-1080p] {imdb-tt0048280}.mp4,movie,Lady and the Tramp,unmatched,no movie match,,,,0
imdb://tt0452637,F:\MediaStack\data\media\movies\Lady in the Water (2006)\Lady in the Water (2006) [Bluray-1080p] {imdb-tt0452637}.mkv,movie,Lady in the Water,unmatched,no movie match,,,,0
imdb://tt0089457,F:\MediaStack\data\media\movies\Ladyhawke (1985)\Ladyhawke (1985) [Bluray-1080p] {imdb-tt0089457}.mp4,movie,Ladyhawke,unmatched,no movie match,,,,0
imdb://tt0410297,F:\MediaStack\data\media\movies\The Lake House (2006)\The Lake House (2006) [Bluray-1080p] {imdb-tt0410297}.mkv,movie,The Lake House,unmatched,no movie match,,,,0
imdb://tt0095489,F:\MediaStack\data\media\movies\The Land Before Time (1988)\The Land Before Time (1988) [Bluray-1080p] {imdb-tt0095489}.mkv,movie,The Land Before Time,unmatched,no movie match,,,,0
imdb://tt0110300,F:\MediaStack\data\media\movies\The Land Before Time II - The Great Valley Adventure (1994)\The Land Before Time II The Great Valley Adventure (1994) [WEBRip-1080p] {imdb-tt0110300}.mp4,movie,The Land Before Time II: The Great Valley Adventure,unmatched,no movie match,,,,0
imdb://tt0113596,F:\MediaStack\data\media\movies\The Land Before Time III - The Time of the Great Giving (1995)\The Land Before Time III The Time of the Great Giving (1995) [WEBRip-1080p] {imdb-tt0113596}.mp4,movie,The Land Before Time III: The Time of the Great Giving,unmatched,no movie match,,,,0
imdb://tt0325703,F:\MediaStack\data\media\movies\Lara Croft - Tomb Raider - The Cradle of Life (2003)\Lara Croft Tomb Raider The Cradle of Life (2003) [Bluray-1080p] {imdb-tt0325703}.mkv,movie,Lara Croft: Tomb Raider - The Cradle of Life,unmatched,no movie match,,,,0
imdb://tt0805564,F:\MediaStack\data\media\movies\Lars and the Real Girl (2007)\Lars and the Real Girl (2007) [Bluray-1080p] {imdb-tt0805564}.mp4,movie,Lars and the Real Girl,unmatched,no movie match,,,,0
imdb://tt0110305,F:\MediaStack\data\media\movies\Lassie (1994)\Lassie (1994) [Bluray-576p] {imdb-tt0110305}.mkv,movie,Lassie,unmatched,no movie match,,,,0
imdb://tt0938283,F:\MediaStack\data\media\movies\The Last Airbender (2010)\The Last Airbender (2010) [Bluray-1080p] {imdb-tt0938283}.mkv,movie,The Last Airbender,unmatched,no movie match,,,,0
imdb://tt0455590,F:\MediaStack\data\media\movies\The Last King of Scotland (2006)\The Last King of Scotland (2006) [Bluray-1080p] {imdb-tt0455590}.mkv,movie,The Last King of Scotland,unmatched,no movie match,,,,0
imdb://tt0768212,F:\MediaStack\data\media\movies\The Last Mimzy (2007)\The Last Mimzy (2007) [WEBRip-720p] {imdb-tt0768212}.mp4,movie,The Last Mimzy,unmatched,no movie match,,,,0
imdb://tt0104691,F:\MediaStack\data\media\movies\The Last of the Mohicans (1992)\The Last of the Mohicans (1992) [Bluray-1080p] {imdb-tt0104691}.mp4,movie,The Last of the Mohicans,unmatched,no movie match,,,,0
imdb://tt0325710,F:\MediaStack\data\media\movies\The Last Samurai (2003)\The Last Samurai (2003) [Bluray-1080p] {imdb-tt0325710}.mkv,movie,The Last Samurai,unmatched,no movie match,,,,0
imdb://tt1294226,F:\MediaStack\data\media\movies\The Last Song (2010)\The Last Song (2010) [Bluray-1080p] {imdb-tt1294226}.mp4,movie,The Last Song,unmatched,no movie match,,,,0
imdb://tt1566946,F:\MediaStack\data\media\movies\The Killers - Live from the Royal Albert Hall (2009)\The Killers Live from the Royal Albert Hall (2009) [Bluray-1080p] {imdb-tt1566946}.mkv,movie,The Killers: Live from the Royal Albert Hall,unmatched,no movie match,,,,0
imdb://tt0160429,F:\MediaStack\data\media\movies\The King and I (1999)\The King and I (1999) [WEBDL-480p] {imdb-tt0160429}.mkv,movie,The King and I,unmatched,no movie match,,,,0
imdb://tt1972591,F:\MediaStack\data\media\movies\King Arthur - Legend of the Sword (2017)\King Arthur Legend of the Sword (2017) [Bluray-1080p] {imdb-tt1972591}.mkv,movie,King Arthur: Legend of the Sword,unmatched,no movie match,,,,0
imdb://tt0360717,F:\MediaStack\data\media\movies\King Kong (2005)\King Kong (2005) [Bluray-1080p] {imdb-tt0360717}.mkv,movie,King Kong,unmatched,ambiguous movie title match,,,,0
imdb://tt6856242,F:\MediaStack\data\media\movies\The King's Man (2021)\The Kings Man (2021) [WEBDL-1080p] {imdb-tt6856242}.mkv,movie,The King's Man,unmatched,no movie match,,,,0
imdb://tt0320661,F:\MediaStack\data\media\movies\Kingdom of Heaven (2005)\Kingdom of Heaven (2005) [Bluray-1080p] {imdb-tt0320661}.mkv,movie,Kingdom of Heaven,unmatched,no movie match,,,,0
imdb://tt0116778,F:\MediaStack\data\media\movies\Kingpin (1996)\Kingpin (1996) [Bluray-1080p] {imdb-tt0116778}.mkv,movie,Kingpin,unmatched,no movie match,,,,0
imdb://tt4649466,F:\MediaStack\data\media\movies\Kingsman - The Golden Circle (2017)\Kingsman The Golden Circle (2017) [Bluray-1080p] {imdb-tt4649466}.mkv,movie,Kingsman: The Golden Circle,unmatched,no movie match,,,,0
imdb://tt2802144,F:\MediaStack\data\media\movies\Kingsman - The Secret Service (2015)\Kingsman The Secret Service (2015) [Bluray-1080p] {imdb-tt2802144}.mkv,movie,Kingsman: The Secret Service,unmatched,no movie match,,,,0
imdb://tt0846308,F:\MediaStack\data\media\movies\Kit Kittredge - An American Girl (2008)\Kit Kittredge An American Girl (2008) [HDTV-1080p] {imdb-tt0846308}.mp4,movie,Kit Kittredge: An American Girl,unmatched,no movie match,,,,0
imdb://tt0419887,F:\MediaStack\data\media\movies\The Kite Runner (2007)\The Kite Runner (2007) [Bluray-1080p] {imdb-tt0419887}.mp4,movie,The Kite Runner,unmatched,no movie match,,,,0
imdb://tt1013743,F:\MediaStack\data\media\movies\Knight and Day (2010)\Knight and Day (2010) [Bluray-1080p] {imdb-tt1013743}.mp4,movie,Knight and Day,unmatched,no movie match,,,,0
imdb://tt3731562,F:\MediaStack\data\media\movies\Kong - Skull Island (2017)\Kong Skull Island (2017) [Bluray-1080p] {imdb-tt3731562}.mkv,movie,Kong: Skull Island,unmatched,no movie match,,,,0
imdb://tt0401398,F:\MediaStack\data\media\movies\Kronk's New Groove (2005)\Kronks New Groove (2005) [Bluray-1080p] {imdb-tt0401398}.mkv,movie,Kronk's New Groove,unmatched,no movie match,,,,0
imdb://tt4302938,F:\MediaStack\data\media\movies\Kubo and the Two Strings (2016)\Kubo and the Two Strings (2016) [Bluray-1080p] {imdb-tt4302938}.mkv,movie,Kubo and the Two Strings,unmatched,no movie match,,,,0
imdb://tt0397078,F:\MediaStack\data\media\movies\Just My Luck (2006)\Just My Luck (2006) [Bluray-720p] {imdb-tt0397078}.mp4,movie,Just My Luck,unmatched,no movie match,,,,0
imdb://tt0097637,F:\MediaStack\data\media\movies\K-9 (1989)\K-9 (1989) [Bluray-720p] {imdb-tt0097637}.mp4,movie,K-9,unmatched,no movie match,,,,0
imdb://tt0267626,F:\MediaStack\data\media\movies\K-19 - The Widowmaker (2002)\K-19 The Widowmaker (2002) [Bluray-1080p] {imdb-tt0267626}.mkv,movie,K-19: The Widowmaker,unmatched,no movie match,,,,0
imdb://tt0102178,F:\MediaStack\data\media\movies\K2 (1991)\K2 (1991) [HDTV-720p] {imdb-tt0102178}.mkv,movie,K2,unmatched,no movie match,,,,0
imdb://tt0257568,F:\MediaStack\data\media\movies\Kangaroo Jack (2003)\Kangaroo Jack (2003) [WEBRip-1080p] {imdb-tt0257568}.mp4,movie,Kangaroo Jack,unmatched,no movie match,,,,0
imdb://tt0087538,F:\MediaStack\data\media\movies\The Karate Kid (1984)\The Karate Kid (1984) [Bluray-1080p] {imdb-tt0087538}.mkv,movie,The Karate Kid,unmatched,ambiguous movie title match,,,,0
imdb://tt0035423,F:\MediaStack\data\media\movies\Kate & Leopold (2001)\Kate and Leopold (2001) [Bluray-1080p] {imdb-tt0035423}.mkv,movie,Kate & Leopold,unmatched,no movie match,,,,0
imdb://tt0116756,F:\MediaStack\data\media\movies\Kazaam (1996)\Kazaam (1996) [WEBRip-1080p] {imdb-tt0116756}.mkv,movie,Kazaam,unmatched,no movie match,,,,0
imdb://tt4139124,F:\MediaStack\data\media\movies\Keanu (2016)\Keanu (2016) [WEBRip-720p] {imdb-tt4139124}.mkv,movie,Keanu,unmatched,no movie match,,,,0
imdb://tt0065938,F:\MediaStack\data\media\movies\Kelly's Heroes (1970)\Kellys Heroes (1970) [Bluray-1080p] {imdb-tt0065938}.mp4,movie,Kelly's Heroes,unmatched,no movie match,,,,0
imdb://tt0076257,F:\MediaStack\data\media\movies\The Kentucky Fried Movie (1977)\The Kentucky Fried Movie (1977) [Bluray-1080p] {imdb-tt0076257}.mkv,movie,The Kentucky Fried Movie,unmatched,no movie match,,,,0
imdb://tt0040506,F:\MediaStack\data\media\movies\Key Largo (1948)\Key Largo (1948) [Bluray-1080p] {imdb-tt0040506}.mp4,movie,Key Largo,unmatched,no movie match,,,,0
imdb://tt0113538,F:\MediaStack\data\media\movies\A Kid in King Arthur's Court (1995)\A Kid in King Arthurs Court (1995) [WEBDL-1080p] {imdb-tt0113538}.mkv,movie,A Kid in King Arthur's Court,unmatched,no movie match,,,,0
imdb://tt0097814,F:\MediaStack\data\media\movies\Kiki's Delivery Service (1989)\Kikis Delivery Service (1989) [Bluray-1080p Proper] {imdb-tt0097814}.mkv,movie,Kiki's Delivery Service,unmatched,no movie match,,,,0
imdb://tt2584384,F:\MediaStack\data\media\movies\Jojo Rabbit (2019)\Jojo Rabbit (2019) [Bluray-1080p] {imdb-tt2584384}.mp4,movie,Jojo Rabbit,unmatched,no movie match,,,,0
imdb://tt0298388,F:\MediaStack\data\media\movies\Jonah - A VeggieTales Movie (2002)\Jonah A VeggieTales Movie (2002) [Bluray-720p] {imdb-tt0298388}.mp4,movie,Jonah: A VeggieTales Movie,unmatched,no movie match,,,,0
imdb://tt0264734,F:\MediaStack\data\media\movies\Joseph - King of Dreams (2000)\Joseph King of Dreams (2000) [Bluray-1080p] {imdb-tt0264734}.mp4,movie,Joseph: King of Dreams,unmatched,no movie match,,,,0
imdb://tt0236348,F:\MediaStack\data\media\movies\Josie and the Pussycats (2001)\Josie and the Pussycats (2001) [WEBRip-1080p] {imdb-tt0236348}.mp4,movie,Josie and the Pussycats,unmatched,no movie match,,,,0
imdb://tt0373051,F:\MediaStack\data\media\movies\Journey to the Center of the Earth (2008)\Journey to the Center of the Earth (2008) [Bluray-1080p] {imdb-tt0373051}.mkv,movie,Journey to the Center of the Earth,unmatched,no movie match,,,,0
imdb://tt0424205,F:\MediaStack\data\media\movies\Joyeux Noel (2005)\Joyeux Noel (2005) [Bluray-1080p] {imdb-tt0424205}.mkv,movie,Joyeux Noel,unmatched,no movie match,,,,0
imdb://tt1872194,F:\MediaStack\data\media\movies\The Judge (2014)\The Judge (2014) [Bluray-1080p] {imdb-tt1872194}.mp4,movie,The Judge,unmatched,no movie match,,,,0
imdb://tt0055031,F:\MediaStack\data\media\movies\Judgment at Nuremberg (1961)\Judgment at Nuremberg (1961) [Bluray-1080p] {imdb-tt0055031}.mkv,movie,Judgment at Nuremberg,unmatched,no movie match,,,,0
imdb://tt7549996,F:\MediaStack\data\media\movies\Judy (2019)\Judy (2019) [Bluray-1080p] {imdb-tt7549996}.mp4,movie,Judy,unmatched,no movie match,,,,0
imdb://tt14331144,F:\MediaStack\data\media\movies\Jujutsu Kaisen 0 (2021)\Jujutsu Kaisen 0 (2021) [Bluray-1080p] {imdb-tt14331144}.mkv,movie,Jujutsu Kaisen 0,unmatched,no movie match,,,,0
imdb://tt0489099,F:\MediaStack\data\media\movies\Jumper (2008)\Jumper (2008) [Bluray-1080p] {imdb-tt0489099}.mkv,movie,Jumper,unmatched,no movie match,,,,0
imdb://tt0119432,F:\MediaStack\data\media\movies\Jungle 2 Jungle (1997)\Jungle 2 Jungle (1997) [Bluray-1080p] {imdb-tt0119432}.mp4,movie,Jungle 2 Jungle,unmatched,no movie match,,,,0
imdb://tt0061852,F:\MediaStack\data\media\movies\The Jungle Book (1967)\The Jungle Book (1967) [Bluray-1080p] {imdb-tt0061852}.mkv,movie,The Jungle Book,unmatched,no movie match,,,,0
imdb://tt0110213,F:\MediaStack\data\media\movies\The Jungle Book (1994)\The Jungle Book (1994) [WEBRip-1080p] {imdb-tt0110213}.mp4,movie,The Jungle Book,unmatched,no movie match,,,,0
imdb://tt3040964,F:\MediaStack\data\media\movies\The Jungle Book (2016)\The Jungle Book (2016) [Bluray-1080p] {imdb-tt3040964}.mkv,movie,The Jungle Book,unmatched,no movie match,,,,0
imdb://tt0870154,F:\MediaStack\data\media\movies\Jungle Cruise (2021)\Jungle Cruise (2021) [Bluray-1080p] {imdb-tt0870154}.mp4,movie,Jungle Cruise,unmatched,no movie match,,,,0
imdb://tt0110216,F:\MediaStack\data\media\movies\Junior (1994)\Junior (1994) [Bluray-1080p] {imdb-tt0110216}.mkv,movie,Junior,unmatched,no movie match,,,,0
imdb://tt0467406,F:\MediaStack\data\media\movies\Juno (2007)\Juno (2007) [Bluray-1080p] {imdb-tt0467406}.mp4,movie,Juno,unmatched,no movie match,,,,0
imdb://tt1617661,F:\MediaStack\data\media\movies\Jupiter Ascending (2015)\Jupiter Ascending (2015) [Bluray-1080p] {imdb-tt1617661}.mkv,movie,Jupiter Ascending,unmatched,no movie match,,,,0
imdb://tt0116683,F:\MediaStack\data\media\movies\James and the Giant Peach (1996)\James and the Giant Peach (1996) [Bluray-1080p] {imdb-tt0116683}.mkv,movie,James and the Giant Peach,unmatched,no movie match,,,,0
imdb://tt0116684,F:\MediaStack\data\media\movies\Jane Eyre (1996)\Jane Eyre (1996) [Bluray-1080p] {imdb-tt0116684}.mp4,movie,Jane Eyre,unmatched,no movie match,,,,0
imdb://tt0119404,F:\MediaStack\data\media\movies\Jane Eyre (1997)\Jane Eyre (1997) [WEBDL-480p] {imdb-tt0119404}.mkv,movie,Jane Eyre,unmatched,no movie match,,,,0
imdb://tt0068762,F:\MediaStack\data\media\movies\Jeremiah Johnson (1972)\Jeremiah Johnson (1972) [Bluray-1080p] {imdb-tt0068762}.mp4,movie,Jeremiah Johnson,unmatched,no movie match,,,,0
imdb://tt0381290,F:\MediaStack\data\media\movies\Jerks of All Trades (1949)\Jerks of All Trades (1949) [Unknown] {imdb-tt0381290}.mkv,movie,Jerks of All Trades,unmatched,no movie match,,,,0
imdb://tt8323668,F:\MediaStack\data\media\movies\Jerry & Marge Go Large (2022)\Jerry and Marge Go Large (2022) [Bluray-1080p] {imdb-tt8323668}.mkv,movie,Jerry and Marge Go Large,unmatched,no movie match,,,,0
imdb://tt0102138,F:\MediaStack\data\media\movies\JFK (1991)\JFK (1991) [Bluray-1080p] {imdb-tt0102138}.mkv,movie,JFK,unmatched,no movie match,,,,0
tmdb://265211,F:\MediaStack\data\media\movies\Jimi Hendrix - Live at the Isle of Wight (1970)\Jimi Hendrix Live at the Isle of Wight (1970) [Unknown].mkv,movie,Jimi Hendrix - Live at the Isle of Wight,unmatched,no movie match,,,,0
imdb://tt0268397,F:\MediaStack\data\media\movies\Jimmy Neutron - Boy Genius (2001)\Jimmy Neutron Boy Genius (2001) [WEBDL-1080p] {imdb-tt0268397}.mkv,movie,Jimmy Neutron: Boy Genius,unmatched,no movie match,,,,0
imdb://tt0116705,F:\MediaStack\data\media\movies\Jingle All the Way (1996)\Jingle All the Way (1996) [Bluray-1080p] {imdb-tt0116705}.mkv,movie,Jingle All the Way,unmatched,no movie match,,,,0
imdb://tt0279889,F:\MediaStack\data\media\movies\Joe Somebody (2001)\Joe Somebody (2001) [Bluray-1080p] {imdb-tt0279889}.mp4,movie,Joe Somebody,unmatched,no movie match,,,,0
imdb://tt0099892,F:\MediaStack\data\media\movies\Joe Versus the Volcano (1990)\Joe Versus the Volcano (1990) [Bluray-1080p] {imdb-tt0099892}.mkv,movie,Joe Versus the Volcano,unmatched,no movie match,,,,0
imdb://tt0401729,F:\MediaStack\data\media\movies\John Carter (2012)\John Carter (2012) [Bluray-1080p] {imdb-tt0401729}.mkv,movie,John Carter,unmatched,no movie match,,,,0
imdb://tt0251160,F:\MediaStack\data\media\movies\John Q (2002)\John Q (2002) [Bluray-1080p] {imdb-tt0251160}.mkv,movie,John Q,unmatched,no movie match,,,,0
imdb://tt0206064,F:\MediaStack\data\media\movies\Johnny Tsunami (1999)\Johnny Tsunami (1999) [Bluray-1080p] {imdb-tt0206064}.mp4,movie,Johnny Tsunami,unmatched,no movie match,,,,0
imdb://tt0445990,F:\MediaStack\data\media\movies\Invincible (2006)\Invincible (2006) [Bluray-1080p] {imdb-tt0445990}.mkv,movie,Invincible,unmatched,no movie match,,,,0
imdb://tt1220719,F:\MediaStack\data\media\movies\Ip Man (2008)\Ip Man (2008) [Bluray-1080p] {imdb-tt1220719}.mkv,movie,Ip Man,unmatched,no movie match,,,,0
imdb://tt1386932,F:\MediaStack\data\media\movies\Ip Man 2 (2010)\Ip Man 2 (2010) [Bluray-1080p] {imdb-tt1386932}.mp4,movie,Ip Man 2,unmatched,no movie match,,,,0
imdb://tt2888046,F:\MediaStack\data\media\movies\Ip Man 3 (2015)\Ip Man 3 (2015) [Bluray-1080p] {imdb-tt2888046}.mkv,movie,Ip Man 3,unmatched,no movie match,,,,0
imdb://tt2076298,F:\MediaStack\data\media\movies\Ip Man 4 - The Finale (2019)\Ip Man 4 The Finale (2019) [WEBRip-1080p] {imdb-tt2076298}.mp4,movie,Ip Man 4: The Finale,unmatched,no movie match,,,,0
imdb://tt0129167,F:\MediaStack\data\media\movies\The Iron Giant (1999)\The Iron Giant (1999) [Bluray-1080p Proper] {imdb-tt0129167}.mp4,movie,The Iron Giant,unmatched,no movie match,,,,0
imdb://tt0371746,F:\MediaStack\data\media\movies\Iron Man (2008)\Iron Man (2008) [Bluray-1080p Proper] {imdb-tt0371746}.mkv,movie,Iron Man,unmatched,no movie match,,,,0
imdb://tt1228705,F:\MediaStack\data\media\movies\Iron Man 2 (2010)\Iron Man 2 (2010) [Bluray-1080p Proper] {imdb-tt1228705}.mkv,movie,Iron Man 2,unmatched,no movie match,,,,0
imdb://tt1300854,F:\MediaStack\data\media\movies\Iron Man 3 (2013)\Iron Man 3 (2013) [Bluray-1080p] {imdb-tt1300854}.mkv,movie,Iron Man 3,unmatched,no movie match,,,,0
imdb://tt0110157,F:\MediaStack\data\media\movies\Iron Will (1994)\Iron Will (1994) [WEBDL-1080p] {imdb-tt0110157}.mkv,movie,Iron Will,unmatched,no movie match,,,,0
imdb://tt0399201,F:\MediaStack\data\media\movies\The Island (2005)\The Island (2005) [Bluray-1080p] {imdb-tt0399201}.mkv,movie,The Island,unmatched,no movie match,,,,0
imdb://tt5104604,F:\MediaStack\data\media\movies\Isle of Dogs (2018)\Isle of Dogs (2018) [Bluray-1080p] {imdb-tt5104604}.mkv,movie,Isle of Dogs,unmatched,no movie match,,,,0
imdb://tt0025316,F:\MediaStack\data\media\movies\It Happened One Night (1934)\It Happened One Night (1934) [Bluray-1080p] {imdb-tt0025316}.mp4,movie,It Happened One Night,unmatched,no movie match,,,,0
imdb://tt0113442,F:\MediaStack\data\media\movies\It Takes Two (1995)\It Takes Two (1995) [SDTV] {imdb-tt0113442}.avi,movie,It Takes Two,unmatched,no movie match,,,,0
imdb://tt0057193,"F:\MediaStack\data\media\movies\It's a Mad, Mad, Mad, Mad World (1963)\Its a Mad Mad Mad Mad World (1963) [Bluray-1080p] {imdb-tt0057193}.mkv",movie,It's a Mad Mad Mad Mad World,unmatched,no movie match,,,,0
imdb://tt0038650,F:\MediaStack\data\media\movies\It's a Wonderful Life (1946)\Its a Wonderful Life (1946) [Bluray-1080p] {imdb-tt0038650}.mkv,movie,It's a Wonderful Life,unmatched,no movie match,,,,0
imdb://tt1616195,F:\MediaStack\data\media\movies\J. Edgar (2011)\J. Edgar (2011) [Bluray-1080p] {imdb-tt1616195}.mkv,movie,J. Edgar,unmatched,no movie match,,,,0
imdb://tt0116669,F:\MediaStack\data\media\movies\Jack (1996)\Jack (1996) [WEBDL-1080p] {imdb-tt0116669}.mkv,movie,Jack,unmatched,no movie match,,,,0
imdb://tt0141109,F:\MediaStack\data\media\movies\Jack Frost (1998)\Jack Frost (1998) [WEBRip-1080p] {imdb-tt0141109}.mp4,movie,Jack Frost,unmatched,no movie match,,,,0
imdb://tt1351685,F:\MediaStack\data\media\movies\Jack the Giant Slayer (2013)\Jack the Giant Slayer (2013) [Bluray-1080p] {imdb-tt1351685}.mkv,movie,Jack the Giant Slayer,unmatched,no movie match,,,,0
imdb://tt31050620,F:\MediaStack\data\media\movies\Inheritance (2025)\Inheritance (2025) [WEBRip-1080p] {imdb-tt31050620}.mp4,movie,Inheritance,unmatched,no movie match,,,,0
imdb://tt0494238,F:\MediaStack\data\media\movies\Inkheart (2008)\Inkheart (2008) [Bluray-1080p] {imdb-tt0494238}.mkv,movie,Inkheart,unmatched,no movie match,,,,0
imdb://tt0093260,F:\MediaStack\data\media\movies\Innerspace (1987)\Innerspace (1987) [Bluray-1080p] {imdb-tt0093260}.mp4,movie,Innerspace,unmatched,no movie match,,,,0
imdb://tt2096673,F:\MediaStack\data\media\movies\Inside Out (2015)\Inside Out (2015) [Bluray-1080p] {imdb-tt2096673}.mp4,movie,Inside Out,unmatched,no movie match,,,,0
imdb://tt22022452,F:\MediaStack\data\media\movies\Inside Out 2 (2024)\Inside Out 2 (2024) [Bluray-1080p] {imdb-tt22022452}.mp4,movie,Inside Out 2,unmatched,no movie match,,,,0
imdb://tt5726086,F:\MediaStack\data\media\movies\Insidious - The Last Key (2018)\Insidious The Last Key (2018) [Bluray-1080p] {imdb-tt5726086}.mp4,movie,Insidious: The Last Key,unmatched,no movie match,,,,0
imdb://tt13405778,F:\MediaStack\data\media\movies\Insidious - The Red Door (2023)\Insidious The Red Door (2023) [Bluray-1080p] {imdb-tt13405778}.mkv,movie,Insidious: The Red Door,unmatched,no movie match,,,,0
imdb://tt0141369,F:\MediaStack\data\media\movies\Inspector Gadget (1999)\Inspector Gadget (1999) [WEBDL-1080p] {imdb-tt0141369}.mkv,movie,Inspector Gadget,unmatched,no movie match,,,,0
imdb://tt0301454,F:\MediaStack\data\media\movies\Inspector Gadget 2 (2003)\Inspector Gadget 2 (2003) [WEBDL-1080p] {imdb-tt0301454}.mkv,movie,Inspector Gadget 2,unmatched,no movie match,,,,0
imdb://tt2361509,F:\MediaStack\data\media\movies\The Intern (2015)\The Intern (2015) [Bluray-1080p] {imdb-tt2361509}.mkv,movie,The Intern,unmatched,no movie match,,,,0
imdb://tt2234155,F:\MediaStack\data\media\movies\The Internship (2013)\The Internship (2013) [Bluray-1080p] {imdb-tt2234155}.mp4,movie,The Internship,unmatched,no movie match,,,,0
imdb://tt0816692,F:\MediaStack\data\media\movies\Interstellar (2014)\Interstellar (2014) [WEBDL-2160p] {imdb-tt0816692}.mkv,movie,Interstellar,unmatched,no movie match,,,,0
imdb://tt0110148,F:\MediaStack\data\media\movies\Interview with the Vampire (1994)\Interview with the Vampire (1994) [Bluray-1080p] {imdb-tt0110148}.mkv,movie,Interview with the Vampire,unmatched,no movie match,,,,0
imdb://tt2106361,F:\MediaStack\data\media\movies\Into the Storm (2014)\Into the Storm (2014) [Bluray-1080p] {imdb-tt2106361}.mkv,movie,Into the Storm,unmatched,no movie match,,,,0
imdb://tt2180411,F:\MediaStack\data\media\movies\Into the Woods (2014)\Into the Woods (2014) [Bluray-1080p] {imdb-tt2180411}.mp4,movie,Into the Woods,unmatched,no movie match,,,,0
imdb://tt1675434,F:\MediaStack\data\media\movies\The Intouchables (2011)\The Intouchables (2011) [Bluray-1080p] {imdb-tt1675434}.mkv,movie,The Intouchables,unmatched,no movie match,,,,0
imdb://tt10540510,F:\MediaStack\data\media\movies\Inu-Oh (2022)\Inu-Oh (2022) [Bluray-1080p] {imdb-tt10540510}.mkv,movie,Inu-Oh,unmatched,no movie match,,,,0
imdb://tt0427392,F:\MediaStack\data\media\movies\The Invasion (2007)\The Invasion (2007) [Bluray-1080p] {imdb-tt0427392}.mkv,movie,The Invasion,unmatched,no movie match,,,,0
imdb://tt1124035,F:\MediaStack\data\media\movies\The Ides of March (2011)\The Ides of March (2011) [Bluray-1080p] {imdb-tt1124035}.mkv,movie,The Ides of March,unmatched,no movie match,,,,0
imdb://tt1355630,F:\MediaStack\data\media\movies\If I Stay (2014)\If I Stay (2014) [Bluray-1080p] {imdb-tt1355630}.mkv,movie,If I Stay,unmatched,no movie match,,,,0
imdb://tt0443543,F:\MediaStack\data\media\movies\The Illusionist (2006)\The Illusionist (2006) [Bluray-1080p] {imdb-tt0443543}.mkv,movie,The Illusionist,unmatched,no movie match,,,,0
imdb://tt16369708,F:\MediaStack\data\media\movies\The Imaginary (2023)\The Imaginary (2023) [WEBDL-1080p] {imdb-tt16369708}.mkv,movie,The Imaginary,unmatched,no movie match,,,,0
imdb://tt8851148,F:\MediaStack\data\media\movies\The In Between (2022)\The In Between (2022) [WEBRip-1080p] {imdb-tt8851148}.mkv,movie,The In Between,unmatched,no movie match,,,,0
imdb://tt1390411,F:\MediaStack\data\media\movies\In the Heart of the Sea (2015)\In the Heart of the Sea (2015) [Bluray-1080p] {imdb-tt1390411}.mkv,movie,In the Heart of the Sea,unmatched,no movie match,,,,0
imdb://tt4769824,F:\MediaStack\data\media\movies\In This Corner of the World (2016)\In This Corner of the World (2016) [Bluray-1080p] {imdb-tt4769824}.mkv,movie,In This Corner of the World,unmatched,no movie match,,,,0
imdb://tt1637688,F:\MediaStack\data\media\movies\In Time (2011)\In Time (2011) [Bluray-1080p] {imdb-tt1637688}.mkv,movie,In Time,unmatched,no movie match,,,,0
imdb://tt1255953,F:\MediaStack\data\media\movies\Incendies (2010)\Incendies (2010) [Bluray-1080p] {imdb-tt1255953}.mkv,movie,Incendies,unmatched,no movie match,,,,0
imdb://tt1375666,F:\MediaStack\data\media\movies\Inception (2010)\Inception (2010) [Bluray-1080p] {imdb-tt1375666}.mp4,movie,Inception,unmatched,no movie match,,,,0
imdb://tt0790628,F:\MediaStack\data\media\movies\The Incredible Burt Wonderstone (2013)\The Incredible Burt Wonderstone (2013) [Bluray-1080p] {imdb-tt0790628}.mp4,movie,The Incredible Burt Wonderstone,unmatched,no movie match,,,,0
imdb://tt0800080,F:\MediaStack\data\media\movies\The Incredible Hulk (2008)\The Incredible Hulk (2008) [Bluray-1080p] {imdb-tt0800080}.mp4,movie,The Incredible Hulk,unmatched,no movie match,,,,0
imdb://tt0317705,F:\MediaStack\data\media\movies\The Incredibles (2004)\The Incredibles (2004) [Bluray-1080p] {imdb-tt0317705}.mkv,movie,The Incredibles,unmatched,no movie match,,,,0
imdb://tt3606756,F:\MediaStack\data\media\movies\Incredibles 2 (2018)\Incredibles 2 (2018) [Bluray-1080p] {imdb-tt3606756}.mkv,movie,Incredibles 2,unmatched,no movie match,,,,0
imdb://tt0116629,F:\MediaStack\data\media\movies\Independence Day (1996)\Independence Day (1996) [Bluray-1080p] {imdb-tt0116629}.mkv,movie,Independence Day,unmatched,no movie match,,,,0
imdb://tt1462764,F:\MediaStack\data\media\movies\Indiana Jones and the Dial of Destiny (2023)\Indiana Jones and the Dial of Destiny (2023) [Bluray-1080p] {imdb-tt1462764}.mkv,movie,Indiana Jones and the Dial of Destiny,unmatched,no movie match,,,,0
imdb://tt0367882,F:\MediaStack\data\media\movies\Indiana Jones and the Kingdom of the Crystal Skull (2008)\Indiana Jones and the Kingdom of the Crystal Skull (2008) [Bluray-1080p] {imdb-tt0367882}.mkv,movie,Indiana Jones and the Kingdom of the Crystal Skull,unmatched,no movie match,,,,0
imdb://tt0097576,F:\MediaStack\data\media\movies\Indiana Jones and the Last Crusade (1989)\Indiana Jones and the Last Crusade (1989) [Bluray-1080p] {imdb-tt0097576}.mp4,movie,Indiana Jones and the Last Crusade,unmatched,no movie match,,,,0
imdb://tt0087469,F:\MediaStack\data\media\movies\Indiana Jones and the Temple of Doom (1984)\Indiana Jones and the Temple of Doom (1984) [Bluray-1080p Proper] {imdb-tt0087469}.mkv,movie,Indiana Jones and the Temple of Doom,unmatched,no movie match,,,,0
imdb://tt3062096,F:\MediaStack\data\media\movies\Inferno (2016)\Inferno (2016) [Bluray-1080p] {imdb-tt3062096}.mkv,movie,Inferno,unmatched,no movie match,,,,0
imdb://tt0116583,F:\MediaStack\data\media\movies\The Hunchback of Notre Dame (1996)\The Hunchback of Notre Dame (1996) [Bluray-1080p] {imdb-tt0116583}.mkv,movie,The Hunchback of Notre Dame,unmatched,no movie match,,,,0
imdb://tt0257778,F:\MediaStack\data\media\movies\The Hunchback of Notre Dame II (2002)\The Hunchback of Notre Dame II (2002) [WEBDL-1080p] {imdb-tt0257778}.mkv,movie,The Hunchback of Notre Dame II,unmatched,no movie match,,,,0
imdb://tt0174856,F:\MediaStack\data\media\movies\The Hurricane (1999)\The Hurricane (1999) [Bluray-1080p] {imdb-tt0174856}.mkv,movie,The Hurricane,unmatched,no movie match,,,,0
imdb://tt0023038,F:\MediaStack\data\media\movies\The Hurricane Express (1932)\The Hurricane Express (1932) [WEBDL-480p] {imdb-tt0023038}.mkv,movie,The Hurricane Express,unmatched,no movie match,,,,0
imdb://tt0480249,F:\MediaStack\data\media\movies\I Am Legend (2007)\I Am Legend (2007) [Bluray-1080p] {imdb-tt0480249}.mkv,movie,I Am Legend,unmatched,no movie match,,,,0
imdb://tt1464540,F:\MediaStack\data\media\movies\I Am Number Four (2011)\I Am Number Four (2011) [Bluray-1080p] {imdb-tt1464540}.mkv,movie,I Am Number Four,unmatched,no movie match,,,,0
imdb://tt0277027,F:\MediaStack\data\media\movies\I Am Sam (2001)\I Am Sam (2001) [Bluray-1080p] {imdb-tt0277027}.mp4,movie,I Am Sam,unmatched,no movie match,,,,0
imdb://tt0343818,"F:\MediaStack\data\media\movies\I, Robot (2004)\I Robot (2004) [Bluray-1080p Proper] {imdb-tt0343818}.mkv",movie,"I, Robot",unmatched,no movie match,,,,0
imdb://tt0268380,F:\MediaStack\data\media\movies\Ice Age (2002)\Ice Age (2002) [Bluray-1080p] {imdb-tt0268380}.mp4,movie,Ice Age,unmatched,no movie match,,,,0
imdb://tt2100546,F:\MediaStack\data\media\movies\Ice Age - A Mammoth Christmas (2011)\Ice Age A Mammoth Christmas (2011) [Bluray-1080p] {imdb-tt2100546}.mkv,movie,Ice Age: A Mammoth Christmas,unmatched,no movie match,,,,0
imdb://tt3416828,F:\MediaStack\data\media\movies\Ice Age - Collision Course (2016)\Ice Age Collision Course (2016) [Bluray-1080p] {imdb-tt3416828}.mkv,movie,Ice Age: Collision Course,unmatched,no movie match,,,,0
imdb://tt1667889,F:\MediaStack\data\media\movies\Ice Age - Continental Drift (2012)\Ice Age Continental Drift (2012) [Bluray-1080p] {imdb-tt1667889}.mkv,movie,Ice Age: Continental Drift,unmatched,no movie match,,,,0
imdb://tt1080016,F:\MediaStack\data\media\movies\Ice Age - Dawn of the Dinosaurs (2009)\Ice Age Dawn of the Dinosaurs (2009) [Bluray-1080p] {imdb-tt1080016}.mp4,movie,Ice Age: Dawn of the Dinosaurs,unmatched,no movie match,,,,0
imdb://tt0438097,F:\MediaStack\data\media\movies\Ice Age - The Meltdown (2006)\Ice Age The Meltdown (2006) [Bluray-1080p] {imdb-tt0438097}.mkv,movie,Ice Age: The Meltdown,unmatched,no movie match,,,,0
imdb://tt0396652,F:\MediaStack\data\media\movies\Ice Princess (2005)\Ice Princess (2005) [WEBDL-1080p] {imdb-tt0396652}.mkv,movie,Ice Princess,unmatched,no movie match,,,,0
imdb://tt0116571,F:\MediaStack\data\media\movies\House Arrest (1996)\House Arrest (1996) [WEBRip-1080p] {imdb-tt0116571}.mp4,movie,House Arrest,unmatched,no movie match,,,,0
imdb://tt0852713,F:\MediaStack\data\media\movies\The House Bunny (2008)\The House Bunny (2008) [Bluray-1080p] {imdb-tt0852713}.Clean.mp4,movie,The House Bunny,unmatched,no movie match,,,,0
imdb://tt0462346,F:\MediaStack\data\media\movies\How to Eat Fried Worms (2006)\How to Eat Fried Worms (2006) [WEBDL-1080p] {imdb-tt0462346}.mkv,movie,How to Eat Fried Worms,unmatched,no movie match,,,,0
imdb://tt0892769,F:\MediaStack\data\media\movies\How to Train Your Dragon (2010)\How to Train Your Dragon (2010) [Bluray-1080p] {imdb-tt0892769}.mkv,movie,How to Train Your Dragon,unmatched,ambiguous movie title match,,,,0
imdb://tt26743210,F:\MediaStack\data\media\movies\How to Train Your Dragon (2025)\How to Train Your Dragon (2025) [Bluray-1080p] {imdb-tt26743210}.mkv,movie,How to Train Your Dragon,unmatched,ambiguous movie title match,,,,0
imdb://tt0347149,F:\MediaStack\data\media\movies\Howl's Moving Castle (2004)\Howls Moving Castle (2004) [Bluray-1080p] {imdb-tt0347149}.mkv,movie,Howl's Moving Castle,unmatched,no movie match,,,,0
imdb://tt0057163,F:\MediaStack\data\media\movies\Hud (1963)\Hud (1963) [Bluray-1080p] {imdb-tt0057163}.mp4,movie,Hud,unmatched,no movie match,,,,0
imdb://tt0107120,F:\MediaStack\data\media\movies\Hocus Pocus (1993)\Hocus Pocus (1993) [Bluray-1080p Proper] {imdb-tt0107120}.mkv,movie,Hocus Pocus,unmatched,no movie match,,,,0
imdb://tt11909878,F:\MediaStack\data\media\movies\Hocus Pocus 2 (2022)\Hocus Pocus 2 (2022) [WEBDL-1080p] {imdb-tt11909878}.mkv,movie,Hocus Pocus 2,unmatched,no movie match,,,,0
imdb://tt0311289,F:\MediaStack\data\media\movies\Holes (2003)\Holes (2003) [WEBDL-1080p] {imdb-tt0311289}.mp4,movie,Holes,unmatched,no movie match,,,,0
imdb://tt2224026,F:\MediaStack\data\media\movies\Home (2015)\Home (2015) [Bluray-1080p] {imdb-tt2224026}.mkv,movie,Home,unmatched,no movie match,,,,0
imdb://tt0099785,F:\MediaStack\data\media\movies\Home Alone (1990)\Home Alone (1990) [Bluray-1080p] {imdb-tt0099785}.mkv,movie,Home Alone,unmatched,no movie match,,,,0
imdb://tt0104431,F:\MediaStack\data\media\movies\Home Alone 2 - Lost in New York (1992)\Home Alone 2 Lost in New York (1992) [Bluray-1080p] {imdb-tt0104431}.mkv,movie,Home Alone 2: Lost in New York,unmatched,no movie match,,,,0
imdb://tt0116552,F:\MediaStack\data\media\movies\Homeward Bound II - Lost in San Francisco (1996)\Homeward Bound II Lost in San Francisco (1996) [WEBRip-1080p] {imdb-tt0116552}.mkv,movie,Homeward Bound II: Lost in San Francisco,unmatched,no movie match,,,,0
imdb://tt0107131,F:\MediaStack\data\media\movies\Homeward Bound - The Incredible Journey (1993)\Homeward Bound The Incredible Journey (1993) [WEBRip-1080p] {imdb-tt0107131}.mkv,movie,Homeward Bound: The Incredible Journey,unmatched,no movie match,,,,0
imdb://tt0104437,"F:\MediaStack\data\media\movies\Honey, I Blew Up the Kid (1992)\Honey I Blew Up the Kid (1992) [Bluray-1080p] {imdb-tt0104437}.mp4",movie,"Honey, I Blew Up the Kid",unmatched,no movie match,,,,0
imdb://tt0097523,"F:\MediaStack\data\media\movies\Honey, I Shrunk the Kids (1989)\Honey I Shrunk the Kids (1989) [Bluray-1080p] {imdb-tt0097523}.mp4",movie,"Honey, I Shrunk the Kids",unmatched,no movie match,,,,0
imdb://tt0119310,"F:\MediaStack\data\media\movies\Honey, We Shrunk Ourselves (1997)\Honey We Shrunk Ourselves (1997) [WEBDL-1080p] {imdb-tt0119310}.mkv",movie,"Honey, We Shrunk Ourselves!",unmatched,no movie match,,,,0
imdb://tt0102057,F:\MediaStack\data\media\movies\Hook (1991)\Hook (1991) [Bluray-1080p] {imdb-tt0102057}.mkv,movie,Hook,unmatched,no movie match,,,,0
imdb://tt0091217,F:\MediaStack\data\media\movies\Hoosiers (1986)\Hoosiers (1986) [Bluray-1080p] {imdb-tt0091217}.mkv,movie,Hoosiers,unmatched,no movie match,,,,0
imdb://tt0453494,F:\MediaStack\data\media\movies\Hoot (2006)\Hoot (2006) [WEBDL-720p] {imdb-tt0453494}.mkv,movie,Hoot,unmatched,no movie match,,,,0
imdb://tt1411704,F:\MediaStack\data\media\movies\Hop (2011)\Hop (2011) [Bluray-1080p] {imdb-tt1411704}.mp4,movie,Hop,unmatched,no movie match,,,,0
imdb://tt1535438,F:\MediaStack\data\media\movies\Hope Springs (2012)\Hope Springs (2012) [Bluray-1080p] {imdb-tt1535438}.mp4,movie,Hope Springs,unmatched,no movie match,,,,0
imdb://tt1499658,F:\MediaStack\data\media\movies\Horrible Bosses (2011)\Horrible Bosses (2011) [Bluray-1080p] {imdb-tt1499658}.mp4,movie,Horrible Bosses,unmatched,no movie match,,,,0
imdb://tt2170439,F:\MediaStack\data\media\movies\Horrible Bosses 2 (2014)\Horrible Bosses 2 (2014) [Bluray-1080p] {imdb-tt2170439}.mp4,movie,Horrible Bosses 2,unmatched,no movie match,,,,0
imdb://tt0119314,F:\MediaStack\data\media\movies\The Horse Whisperer (1998)\The Horse Whisperer (1998) [WEBDL-1080p] {imdb-tt0119314}.mkv,movie,The Horse Whisperer,unmatched,no movie match,,,,0
imdb://tt0451079,F:\MediaStack\data\media\movies\Horton Hears a Who! (2008)\Horton Hears a Who! (2008) [Bluray-1080p] {imdb-tt0451079}.mkv,movie,Horton Hears a Who!,unmatched,no movie match,,,,0
imdb://tt2967224,F:\MediaStack\data\media\movies\Hot Pursuit (2015)\Hot Pursuit (2015) [Bluray-1080p] {imdb-tt2967224}.mkv,movie,Hot Pursuit,unmatched,no movie match,,,,0
imdb://tt0411477,F:\MediaStack\data\media\movies\Hellboy II - The Golden Army (2008)\Hellboy II The Golden Army (2008) [Bluray-1080p] {imdb-tt0411477}.mkv,movie,Hellboy II: The Golden Army,unmatched,no movie match,,,,0
imdb://tt0314166,F:\MediaStack\data\media\movies\Hey Arnold! The Movie (2002)\Hey Arnold! The Movie (2002) [WEBRip-1080p] {imdb-tt0314166}.mp4,movie,Hey Arnold! The Movie,unmatched,no movie match,,,,0
imdb://tt0317648,F:\MediaStack\data\media\movies\Hidalgo (2004)\Hidalgo (2004) [WEBDL-1080p] {imdb-tt0317648}.mkv,movie,Hidalgo,unmatched,no movie match,,,,0
imdb://tt4846340,F:\MediaStack\data\media\movies\Hidden Figures (2016)\Hidden Figures (2016) [Bluray-1080p Proper] {imdb-tt4846340}.mp4,movie,Hidden Figures,unmatched,no movie match,,,,0
imdb://tt0257756,F:\MediaStack\data\media\movies\High Crimes (2002)\High Crimes (2002) [Bluray-1080p] {imdb-tt0257756}.mkv,movie,High Crimes,unmatched,no movie match,,,,0
imdb://tt0146882,F:\MediaStack\data\media\movies\High Fidelity (2000)\High Fidelity (2000) [Bluray-1080p] {imdb-tt0146882}.mkv,movie,High Fidelity,unmatched,no movie match,,,,0
imdb://tt0475293,F:\MediaStack\data\media\movies\High School Musical (2006)\High School Musical (2006) [WEBDL-1080p] {imdb-tt0475293}.mkv,movie,High School Musical,unmatched,no movie match,,,,0
imdb://tt0810900,F:\MediaStack\data\media\movies\High School Musical 2 (2007)\High School Musical 2 (2007) [Bluray-1080p] {imdb-tt0810900}.mkv,movie,High School Musical 2,unmatched,no movie match,,,,0
imdb://tt0962726,F:\MediaStack\data\media\movies\High School Musical 3 - Senior Year (2008)\High School Musical 3 Senior Year (2008) [Bluray-1080p] {imdb-tt0962726}.mkv,movie,High School Musical 3: Senior Year,unmatched,no movie match,,,,0
imdb://tt0032599,F:\MediaStack\data\media\movies\His Girl Friday (1940)\His Girl Friday (1940) [Bluray-1080p] {imdb-tt0032599}.mkv,movie,His Girl Friday,unmatched,no movie match,,,,0
imdb://tt0024124,F:\MediaStack\data\media\movies\His Private Secretary (1933)\His Private Secretary (1933) [WEBDL-480p] {imdb-tt0024124}.mkv,movie,His Private Secretary,unmatched,no movie match,,,,0
imdb://tt0399146,F:\MediaStack\data\media\movies\A History of Violence (2005)\A History of Violence (2005) [Bluray-1080p] {imdb-tt0399146}.mkv,movie,A History of Violence,unmatched,no movie match,,,,0
imdb://tt0371724,F:\MediaStack\data\media\movies\The Hitchhiker's Guide to the Galaxy (2005)\The Hitchhikers Guide to the Galaxy (2005) [Bluray-1080p] {imdb-tt0371724}.mkv,movie,The Hitchhiker's Guide to the Galaxy,unmatched,no movie match,,,,0
imdb://tt0465494,F:\MediaStack\data\media\movies\Hitman (2007)\Hitman (2007) [Bluray-1080p] {imdb-tt0465494}.mkv,movie,Hitman,unmatched,no movie match,,,,0
imdb://tt13176330,F:\MediaStack\data\media\movies\Hitpig! (2024)\Hitpig! (2024) [WEBRip-1080p] {imdb-tt13176330}.mkv,movie,Hitpig,unmatched,no movie match,,,,0
imdb://tt0077687,F:\MediaStack\data\media\movies\The Hobbit (1977)\The Hobbit (1977) [WEBRip-1080p] {imdb-tt0077687}.mp4,movie,The Hobbit,unmatched,no movie match,,,,0
imdb://tt0903624,F:\MediaStack\data\media\movies\The Hobbit - An Unexpected Journey (2012)\The Hobbit An Unexpected Journey (2012) [Bluray-1080p] {imdb-tt0903624}.mkv,movie,The Hobbit: An Unexpected Journey,unmatched,no movie match,,,,0
imdb://tt2310332,F:\MediaStack\data\media\movies\The Hobbit - The Battle of the Five Armies (2014)\The Hobbit The Battle of the Five Armies (2014) [Bluray-1080p] {imdb-tt2310332}.mkv,movie,The Hobbit: The Battle of the Five Armies,unmatched,no movie match,,,,0
imdb://tt1170358,F:\MediaStack\data\media\movies\The Hobbit - The Desolation of Smaug (2013)\The Hobbit The Desolation of Smaug (2013) [WEBDL-1080p] {imdb-tt1170358}.mkv,movie,The Hobbit: The Desolation of Smaug,unmatched,no movie match,,,,0
imdb://tt0056058,F:\MediaStack\data\media\movies\Harakiri (1962)\Harakiri (1962) [Bluray-1080p Proper] {imdb-tt0056058}.mkv,movie,Harakiri,unmatched,no movie match,,,,0
imdb://tt0058182,F:\MediaStack\data\media\movies\A Hard Day's Night (1964)\A Hard Days Night (1964) [Bluray-1080p] {imdb-tt0058182}.mkv,movie,A Hard Day's Night,unmatched,no movie match,,,,0
imdb://tt0180734,F:\MediaStack\data\media\movies\Hardball (2001)\Hardball (2001) [WEBDL-1080p] {imdb-tt0180734}.mkv,movie,Hardball,unmatched,no movie match,,,,0
imdb://tt1609486,F:\MediaStack\data\media\movies\Harold and the Purple Crayon (2024)\Harold and the Purple Crayon (2024) [Bluray-1080p] {imdb-tt1609486}.mkv,movie,Harold and the Purple Crayon,unmatched,no movie match,,,,0
imdb://tt0116493,F:\MediaStack\data\media\movies\Harriet the Spy (1996)\Harriet the Spy (1996) [WEBRip-720p] {imdb-tt0116493}.mp4,movie,Harriet the Spy,unmatched,no movie match,,,,0
imdb://tt16116174,F:\MediaStack\data\media\movies\Harry Potter 20th Anniversary - Return to Hogwarts (2022)\Harry Potter 20th Anniversary Return to Hogwarts (2022) [Bluray-1080p] {imdb-tt16116174}.mkv,movie,Harry Potter 20th Anniversary: Return to Hogwarts,unmatched,no movie match,,,,0
imdb://tt0295297,F:\MediaStack\data\media\movies\Harry Potter and the Chamber of Secrets (2002)\Harry Potter and the Chamber of Secrets (2002) [Bluray-1080p Proper] {imdb-tt0295297}.mkv,movie,Harry Potter and the Chamber of Secrets,unmatched,no movie match,,,,0
imdb://tt0926084,F:\MediaStack\data\media\movies\Harry Potter and the Deathly Hallows - Part 1 (2010)\Harry Potter and the Deathly Hallows Part 1 (2010) [Bluray-1080p] {imdb-tt0926084}.mp4,movie,Harry Potter and the Deathly Hallows: Part 1,unmatched,no movie match,,,,0
imdb://tt1201607,F:\MediaStack\data\media\movies\Harry Potter and the Deathly Hallows - Part 2 (2011)\Harry Potter and the Deathly Hallows Part 2 (2011) [Bluray-1080p] {imdb-tt1201607}.mkv,movie,Harry Potter and the Deathly Hallows: Part 2,unmatched,no movie match,,,,0
imdb://tt0330373,F:\MediaStack\data\media\movies\Harry Potter and the Goblet of Fire (2005)\Harry Potter and the Goblet of Fire (2005) [Bluray-1080p] {imdb-tt0330373}.mkv,movie,Harry Potter and the Goblet of Fire,unmatched,no movie match,,,,0
imdb://tt0417741,F:\MediaStack\data\media\movies\Harry Potter and the Half-Blood Prince (2009)\Harry Potter and the Half-Blood Prince (2009) [Bluray-1080p] {imdb-tt0417741}.mp4,movie,Harry Potter and the Half-Blood Prince,unmatched,no movie match,,,,0
imdb://tt0373889,F:\MediaStack\data\media\movies\Harry Potter and the Order of the Phoenix (2007)\Harry Potter and the Order of the Phoenix (2007) [Bluray-1080p] {imdb-tt0373889}.mkv,movie,Harry Potter and the Order of the Phoenix,unmatched,no movie match,,,,0
imdb://tt0304141,F:\MediaStack\data\media\movies\Harry Potter and the Prisoner of Azkaban (2004)\Harry Potter and the Prisoner of Azkaban (2004) [Bluray-1080p] {imdb-tt0304141}.mkv,movie,Harry Potter and the Prisoner of Azkaban,unmatched,no movie match,,,,0
imdb://tt0241527,F:\MediaStack\data\media\movies\Harry Potter and the Philosopher's Stone (2001)\Harry Potter and the Philosophers Stone (2001) [Bluray-1080p] {imdb-tt0241527}.mp4,movie,Harry Potter and the Sorcerer's Stone,unmatched,no movie match,,,,0
imdb://tt7783322,F:\MediaStack\data\media\movies\Harry Potter - A History Of Magic (2017)\Harry Potter A History Of Magic (2017) [WEBDL-1080p] {imdb-tt7783322}.mkv,movie,Harry Potter: A History of Magic,unmatched,no movie match,,,,0
imdb://tt0042546,F:\MediaStack\data\media\movies\Harvey (1950)\Harvey (1950) [Bluray-1080p] {imdb-tt0042546}.mkv,movie,Harvey,unmatched,no movie match,,,,0
imdb://tt0171363,F:\MediaStack\data\media\movies\The Haunting (1999)\The Haunting (1999) [Bluray-1080p] {imdb-tt0171363}.mkv,movie,The Haunting,unmatched,no movie match,,,,0
imdb://tt0124718,F:\MediaStack\data\media\movies\He Got Game (1998)\He Got Game (1998) [Bluray-1080p] {imdb-tt0124718}.mkv,movie,He Got Game,unmatched,no movie match,,,,0
imdb://tt0252501,F:\MediaStack\data\media\movies\Hearts in Atlantis (2001)\Hearts in Atlantis (2001) [Bluray-1080p] {imdb-tt0252501}.mkv,movie,Hearts in Atlantis,unmatched,no movie match,,,,0
imdb://tt0113277,F:\MediaStack\data\media\movies\Heat (1995)\Heat (1995) [Bluray-1080p] {imdb-tt0113277}.mkv,movie,Heat,unmatched,no movie match,,,,0
imdb://tt0110006,F:\MediaStack\data\media\movies\Heavyweights (1995)\Heavyweights (1995) [WEBDL-1080p] {imdb-tt0110006}.mkv,movie,Heavyweights,unmatched,no movie match,,,,0
imdb://tt0391198,F:\MediaStack\data\media\movies\The Grudge (2004)\The Grudge (2004) [Bluray-1080p] {imdb-tt0391198}.mp4,movie,The Grudge,unmatched,no movie match,,,,0
imdb://tt0433386,F:\MediaStack\data\media\movies\The Grudge 2 (2006)\The Grudge 2 (2006) [Bluray-720p] {imdb-tt0433386}.mp4,movie,The Grudge 2,unmatched,no movie match,,,,0
imdb://tt0107050,F:\MediaStack\data\media\movies\Grumpy Old Men (1993)\Grumpy Old Men (1993) [Bluray-1080p] {imdb-tt0107050}.mp4,movie,Grumpy Old Men,unmatched,no movie match,,,,0
imdb://tt0406816,F:\MediaStack\data\media\movies\The Guardian (2006)\The Guardian (2006) [Bluray-1080p] {imdb-tt0406816}.mkv,movie,The Guardian,unmatched,no movie match,,,,0
imdb://tt2015381,F:\MediaStack\data\media\movies\Guardians of the Galaxy (2014)\Guardians of the Galaxy (2014) [Bluray-1080p] {imdb-tt2015381}.mkv,movie,Guardians of the Galaxy,unmatched,no movie match,,,,0
imdb://tt13623136,F:\MediaStack\data\media\movies\The Guardians of the Galaxy Holiday Special (2022)\The Guardians of the Galaxy Holiday Special (2022) [WEBDL-1080p] {imdb-tt13623136}.mkv,movie,The Guardians of the Galaxy Holiday Special,unmatched,no movie match,,,,0
imdb://tt3896198,F:\MediaStack\data\media\movies\Guardians of the Galaxy Vol. 2 (2017)\Guardians of the Galaxy Vol. 2 (2017) [Bluray-1080p Proper] {imdb-tt3896198}.mkv,movie,Guardians of the Galaxy Vol. 2,unmatched,no movie match,,,,0
imdb://tt6791350,F:\MediaStack\data\media\movies\Guardians of the Galaxy Vol. 3 (2023)\Guardians of the Galaxy Vol. 3 (2023) [Bluray-1080p] {imdb-tt6791350}.mkv,movie,Guardians of the Galaxy Vol. 3,unmatched,no movie match,,,,0
imdb://tt0061735,F:\MediaStack\data\media\movies\Guess Who's Coming to Dinner (1967)\Guess Whos Coming to Dinner (1967) [Bluray-1080p] {imdb-tt0061735}.mp4,movie,Guess Who's Coming to Dinner,unmatched,no movie match,,,,0
imdb://tt0048140,F:\MediaStack\data\media\movies\Guys and Dolls (1955)\Guys and Dolls (1955) [Bluray-1080p] {imdb-tt0048140}.mkv,movie,Guys and Dolls,unmatched,no movie match,,,,0
imdb://tt1028532,F:\MediaStack\data\media\movies\Hachi - A Dog's Tale (2009)\Hachi A Dogs Tale (2009) [Bluray-1080p] {imdb-tt1028532}.mkv,movie,Hachi: A Dog's Tale,unmatched,no movie match,,,,0
imdb://tt0427327,F:\MediaStack\data\media\movies\Hairspray (2007)\Hairspray (2007) [Bluray-1080p] {imdb-tt0427327}.mp4,movie,Hairspray,unmatched,no movie match,,,,0
imdb://tt0468489,F:\MediaStack\data\media\movies\Half Nelson (2006)\Half Nelson (2006) [Bluray-1080p] {imdb-tt0468489}.mkv,movie,Half Nelson,unmatched,no movie match,,,,0
imdb://tt0173886,F:\MediaStack\data\media\movies\Halloweentown (1998)\Halloweentown (1998) [Bluray-1080p] {imdb-tt0173886}.mp4,movie,Halloweentown,unmatched,no movie match,,,,0
imdb://tt0414078,F:\MediaStack\data\media\movies\Halloweentown High (2004)\Halloweentown High (2004) [WEBDL-1080p] {imdb-tt0414078}.mkv,movie,Halloweentown High,unmatched,no movie match,,,,0
imdb://tt0274761,F:\MediaStack\data\media\movies\Halloweentown II - Kalabar's Revenge (2001)\Halloweentown II Kalabars Revenge (2001) [DVD] {imdb-tt0274761}.mkv,movie,Halloweentown II: Kalabar's Revenge,unmatched,no movie match,,,,0
imdb://tt0949731,F:\MediaStack\data\media\movies\The Happening (2008)\The Happening (2008) [Bluray-1080p] {imdb-tt0949731}.mp4,movie,The Happening,unmatched,no movie match,,,,0
imdb://tt0366548,F:\MediaStack\data\media\movies\Happy Feet (2006)\Happy Feet (2006) [Bluray-1080p] {imdb-tt0366548}.mkv,movie,Happy Feet,unmatched,no movie match,,,,0
imdb://tt1402488,F:\MediaStack\data\media\movies\Happy Feet Two (2011)\Happy Feet Two (2011) [Bluray-1080p] {imdb-tt1402488}.mkv,movie,Happy Feet Two,unmatched,no movie match,,,,0
imdb://tt1205489,F:\MediaStack\data\media\movies\Gran Torino (2008)\Gran Torino (2008) [Bluray-1080p] {imdb-tt1205489}.mkv,movie,Gran Torino,unmatched,no movie match,,,,0
imdb://tt2278388,F:\MediaStack\data\media\movies\The Grand Budapest Hotel (2014)\The Grand Budapest Hotel (2014) [Bluray-1080p Proper] {imdb-tt2278388}.mp4,movie,The Grand Budapest Hotel,unmatched,no movie match,,,,0
imdb://tt0032551,F:\MediaStack\data\media\movies\The Grapes of Wrath (1940)\The Grapes of Wrath (1940) [Bluray-1080p] {imdb-tt0032551}.mkv,movie,The Grapes of Wrath,unmatched,no movie match,,,,0
imdb://tt0095327,F:\MediaStack\data\media\movies\Grave of the Fireflies (1988)\Grave of the Fireflies (1988) [Bluray-1080p] {imdb-tt0095327}.mkv,movie,Grave of the Fireflies,unmatched,no movie match,,,,0
imdb://tt1454468,F:\MediaStack\data\media\movies\Gravity (2013)\Gravity (2013) [Bluray-1080p] {imdb-tt1454468}.mkv,movie,Gravity,unmatched,no movie match,,,,0
imdb://tt0084021,F:\MediaStack\data\media\movies\Grease 2 (1982)\Grease 2 (1982) [Bluray-1080p] {imdb-tt0084021}.mkv,movie,Grease 2,unmatched,no movie match,,,,0
imdb://tt0032553,F:\MediaStack\data\media\movies\The Great Dictator (1940)\The Great Dictator (1940) [Bluray-1080p Proper] {imdb-tt0032553}.mkv,movie,The Great Dictator,unmatched,no movie match,,,,0
imdb://tt0057115,F:\MediaStack\data\media\movies\The Great Escape (1963)\The Great Escape (1963) [Bluray-1080p] {imdb-tt0057115}.mkv,movie,The Great Escape,unmatched,no movie match,,,,0
imdb://tt0071577,F:\MediaStack\data\media\movies\The Great Gatsby (1974)\The Great Gatsby (1974) [Bluray-1080p] {imdb-tt0071577}.mkv,movie,The Great Gatsby,unmatched,no movie match,,,,0
imdb://tt1343092,F:\MediaStack\data\media\movies\The Great Gatsby (2013)\The Great Gatsby (2013) [Bluray-1080p] {imdb-tt1343092}.mkv,movie,The Great Gatsby,unmatched,no movie match,,,,0
imdb://tt0091149,F:\MediaStack\data\media\movies\The Great Mouse Detective (1986)\The Great Mouse Detective (1986) [Bluray-1080p] {imdb-tt0091149}.mp4,movie,The Great Mouse Detective,unmatched,no movie match,,,,0
imdb://tt0082474,F:\MediaStack\data\media\movies\The Great Muppet Caper (1981)\The Great Muppet Caper (1981) [Bluray-1080p] {imdb-tt0082474}.mkv,movie,The Great Muppet Caper,unmatched,no movie match,,,,0
imdb://tt0388980,F:\MediaStack\data\media\movies\The Greatest Game Ever Played (2005)\The Greatest Game Ever Played (2005) [Bluray-1080p] {imdb-tt0388980}.mkv,movie,The Greatest Game Ever Played,unmatched,no movie match,,,,0
imdb://tt1485796,F:\MediaStack\data\media\movies\The Greatest Showman (2017)\The Greatest Showman (2017) [Bluray-1080p] {imdb-tt1485796}.mkv,movie,The Greatest Showman,unmatched,no movie match,,,,0
imdb://tt0120689,F:\MediaStack\data\media\movies\The Green Mile (1999)\The Green Mile (1999) [Bluray-1080p] {imdb-tt0120689}.mkv,movie,The Green Mile,unmatched,no movie match,,,,0
imdb://tt0087363,F:\MediaStack\data\media\movies\Gremlins (1984)\Gremlins (1984) [Bluray-1080p] {imdb-tt0087363}.mp4,movie,Gremlins,unmatched,no movie match,,,,0
imdb://tt0099700,F:\MediaStack\data\media\movies\Gremlins 2 - The New Batch (1990)\Gremlins 2 The New Batch (1990) [Bluray-1080p] {imdb-tt0099700}.mp4,movie,Gremlins 2: The New Batch,unmatched,no movie match,,,,0
imdb://tt0338077,F:\MediaStack\data\media\movies\Grind (2003)\Grind (2003) [WEBDL-1080p] {imdb-tt0338077}.mp4,movie,Grind,unmatched,no movie match,,,,0
imdb://tt0377981,F:\MediaStack\data\media\movies\Gnomeo & Juliet (2011)\Gnomeo and Juliet (2011) [Bluray-1080p] {imdb-tt0377981}.mp4,movie,Gnomeo & Juliet,unmatched,no movie match,,,,0
imdb://tt0380389,F:\MediaStack\data\media\movies\Goal! (2005)\Goal! (2005) [Bluray-1080p] {imdb-tt0380389}.mp4,movie,Goal! The Dream Begins,unmatched,no movie match,,,,0
imdb://tt5034838,F:\MediaStack\data\media\movies\Godzilla vs. Kong (2021)\Godzilla vs. Kong (2021) [Bluray-1080p] {imdb-tt5034838}.mkv,movie,Godzilla vs. Kong,unmatched,no movie match,,,,0
imdb://tt14539740,F:\MediaStack\data\media\movies\Godzilla x Kong - The New Empire (2024)\Godzilla x Kong The New Empire (2024) [Bluray-1080p] {imdb-tt14539740}.mkv,movie,Godzilla x Kong: The New Empire,unmatched,no movie match,,,,0
imdb://tt3741700,F:\MediaStack\data\media\movies\Godzilla - King of the Monsters (2019)\Godzilla King of the Monsters (2019) [Bluray-1080p] {imdb-tt3741700}.mkv,movie,Godzilla: King of the Monsters,unmatched,no movie match,,,,0
imdb://tt2568862,F:\MediaStack\data\media\movies\Going in Style (2017)\Going in Style (2017) [Bluray-1080p] {imdb-tt2568862}.mkv,movie,Going in Style,unmatched,no movie match,,,,0
imdb://tt0385752,F:\MediaStack\data\media\movies\The Golden Compass (2007)\The Golden Compass (2007) [Bluray-1080p] {imdb-tt0385752}.mp4,movie,The Golden Compass,unmatched,no movie match,,,,0
imdb://tt0452623,F:\MediaStack\data\media\movies\Gone Baby Gone (2007)\Gone Baby Gone (2007) [Bluray-1080p] {imdb-tt0452623}.mkv,movie,Gone Baby Gone,unmatched,no movie match,,,,0
imdb://tt2267998,F:\MediaStack\data\media\movies\Gone Girl (2014)\Gone Girl (2014) [Bluray-1080p] {imdb-tt2267998}.mkv,movie,Gone Girl,unmatched,no movie match,,,,0
imdb://tt0187078,F:\MediaStack\data\media\movies\Gone in Sixty Seconds (2000)\Gone in Sixty Seconds (2000) [Bluray-1080p] {imdb-tt0187078}.mkv,movie,Gone in 60 Seconds,unmatched,no movie match,,,,0
imdb://tt0031381,F:\MediaStack\data\media\movies\Gone with the Wind (1939)\Gone with the Wind (1939) [Bluray-1080p] {imdb-tt0031381}.mkv,movie,Gone with the Wind,unmatched,no movie match,,,,0
imdb://tt0119215,F:\MediaStack\data\media\movies\Good Burger (1997)\Good Burger (1997) [WEBDL-1080p] {imdb-tt0119215}.mkv,movie,Good Burger,unmatched,no movie match,,,,0
imdb://tt1606378,F:\MediaStack\data\media\movies\A Good Day to Die Hard (2013)\A Good Day to Die Hard (2013) [Bluray-1080p] {imdb-tt1606378}.mp4,movie,A Good Day to Die Hard,unmatched,no movie match,,,,0
imdb://tt1979388,F:\MediaStack\data\media\movies\The Good Dinosaur (2015)\The Good Dinosaur (2015) [Bluray-1080p] {imdb-tt1979388}.mkv,movie,The Good Dinosaur,unmatched,no movie match,,,,0
imdb://tt5563334,F:\MediaStack\data\media\movies\The Good Liar (2019)\The Good Liar (2019) [Bluray-1080p Proper] {imdb-tt5563334}.mkv,movie,The Good Liar,unmatched,no movie match,,,,0
imdb://tt0452625,F:\MediaStack\data\media\movies\Good Luck Chuck (2007)\Good Luck Chuck (2007) [Bluray-1080p] {imdb-tt0452625}.mp4,movie,Good Luck Chuck,unmatched,no movie match,,,,0
imdb://tt0093105,"F:\MediaStack\data\media\movies\Good Morning, Vietnam (1987)\Good Morning Vietnam (1987) [WEBDL-720p] {imdb-tt0093105}.mkv",movie,"Good Morning, Vietnam",unmatched,no movie match,,,,0
imdb://tt14179942,F:\MediaStack\data\media\movies\Good Night Oppy (2022)\Good Night Oppy (2022) [WEBDL-720p] {imdb-tt14179942}.mkv,movie,Good Night Oppy,unmatched,no movie match,,,,0
imdb://tt0060196,"F:\MediaStack\data\media\movies\The Good, the Bad and the Ugly (1966)\The Good the Bad and the Ugly (1966) [Bluray-1080p] {imdb-tt0060196}.mp4",movie,"The Good, the Bad and the Ugly",unmatched,no movie match,,,,0
imdb://tt0099685,F:\MediaStack\data\media\movies\GoodFellas (1990)\GoodFellas (1990) [Bluray-1080p] {imdb-tt0099685}.mp4,movie,GoodFellas,unmatched,no movie match,,,,0
imdb://tt0113198,F:\MediaStack\data\media\movies\A Goofy Movie (1995)\A Goofy Movie (1995) [Bluray-1080p] {imdb-tt0113198}.mkv,movie,A Goofy Movie,unmatched,no movie match,,,,0
imdb://tt0089218,F:\MediaStack\data\media\movies\The Goonies (1985)\The Goonies (1985) [Bluray-1080p] {imdb-tt0089218}.mkv,movie,The Goonies,unmatched,no movie match,,,,0
imdb://tt0430308,F:\MediaStack\data\media\movies\Get Rich or Die Tryin' (2005)\Get Rich or Die Tryin (2005) [Bluray-1080p] {imdb-tt0430308}.mkv,movie,Get Rich or Die Tryin',unmatched,no movie match,,,,0
imdb://tt0425061,F:\MediaStack\data\media\movies\Get Smart (2008)\Get Smart (2008) [Bluray-1080p] {imdb-tt0425061}.mp4,movie,Get Smart,unmatched,no movie match,,,,0
imdb://tt0068638,F:\MediaStack\data\media\movies\The Getaway (1972)\The Getaway (1972) [Bluray-1080p] {imdb-tt0068638}.mkv,movie,The Getaway,unmatched,no movie match,,,,0
imdb://tt0259324,F:\MediaStack\data\media\movies\Ghost Rider (2007)\Ghost Rider (2007) [Bluray-1080p] {imdb-tt0259324}.mkv,movie,Ghost Rider,unmatched,no movie match,,,,0
imdb://tt1071875,F:\MediaStack\data\media\movies\Ghost Rider - Spirit of Vengeance (2011)\Ghost Rider Spirit of Vengeance (2011) [Bluray-1080p] {imdb-tt1071875}.mp4,movie,Ghost Rider: Spirit of Vengeance,unmatched,no movie match,,,,0
imdb://tt0087332,F:\MediaStack\data\media\movies\Ghostbusters (1984)\Ghostbusters (1984) [Bluray-1080p] {imdb-tt0087332}.mkv,movie,Ghostbusters,unmatched,no movie match,,,,0
imdb://tt0097428,F:\MediaStack\data\media\movies\Ghostbusters II (1989)\Ghostbusters II (1989) [Bluray-1080p] {imdb-tt0097428}.mkv,movie,Ghostbusters II,unmatched,no movie match,,,,0
imdb://tt4513678,F:\MediaStack\data\media\movies\Ghostbusters - Afterlife (2021)\Ghostbusters Afterlife (2021) [Bluray-1080p] {imdb-tt4513678}.mp4,movie,Ghostbusters: Afterlife,unmatched,no movie match,,,,0
imdb://tt1289401,F:\MediaStack\data\media\movies\Ghostbusters (2016)\Ghostbusters (2016) [Bluray-1080p] {imdb-tt1289401}.mkv,movie,Ghostbusters: Answer the Call,unmatched,no movie match,,,,0
imdb://tt0821640,F:\MediaStack\data\media\movies\Ghosts of Girlfriends Past (2009)\Ghosts of Girlfriends Past (2009) [Bluray-1080p] {imdb-tt0821640}.mp4,movie,Ghosts of Girlfriends Past,unmatched,no movie match,,,,0
imdb://tt0049261,F:\MediaStack\data\media\movies\Giant (1956)\Giant (1956) [Bluray-1080p] {imdb-tt0049261}.mkv,movie,Giant,unmatched,no movie match,,,,0
imdb://tt6823368,F:\MediaStack\data\media\movies\Glass (2019)\Glass (2019) [Bluray-1080p] {imdb-tt6823368}.mkv,movie,Glass,unmatched,no movie match,,,,0
imdb://tt11564570,F:\MediaStack\data\media\movies\Glass Onion - A Knives Out Mystery (2022)\Glass Onion A Knives Out Mystery (2022) [WEBDL-1080p] {imdb-tt11564570}.mkv,movie,Glass Onion,unmatched,no movie match,,,,0
imdb://tt0104348,F:\MediaStack\data\media\movies\Glengarry Glen Ross (1992)\Glengarry Glen Ross (1992) [Bluray-1080p] {imdb-tt0104348}.mp4,movie,Glengarry Glen Ross,unmatched,no movie match,,,,0
imdb://tt0047030,F:\MediaStack\data\media\movies\The Glenn Miller Story (1954)\The Glenn Miller Story (1954) [WEBDL-480p] {imdb-tt0047030}.mkv,movie,The Glenn Miller Story,unmatched,no movie match,,,,0
imdb://tt0385726,F:\MediaStack\data\media\movies\Glory Road (2006)\Glory Road (2006) [Bluray-1080p] {imdb-tt0385726}.mkv,movie,Glory Road,unmatched,no movie match,,,,0
imdb://tt2334649,F:\MediaStack\data\media\movies\Fruitvale Station (2013)\Fruitvale Station (2013) [Bluray-1080p] {imdb-tt2334649}.mkv,movie,Fruitvale Station,unmatched,no movie match,,,,0
imdb://tt0106977,F:\MediaStack\data\media\movies\The Fugitive (1993)\The Fugitive (1993) [Bluray-1080p] {imdb-tt0106977}.mkv,movie,The Fugitive,unmatched,no movie match,,,,0
imdb://tt0050419,F:\MediaStack\data\media\movies\Funny Face (1957)\Funny Face (1957) [Bluray-1080p] {imdb-tt0050419}.mp4,movie,Funny Face,unmatched,no movie match,,,,0
imdb://tt12037194,F:\MediaStack\data\media\movies\Furiosa - A Mad Max Saga (2024)\Furiosa A Mad Max Saga (2024) [Bluray-1080p Proper] {imdb-tt12037194}.mkv,movie,Furiosa: A Mad Max Saga,unmatched,no movie match,,,,0
imdb://tt2820852,F:\MediaStack\data\media\movies\Furious 7 (2015)\Furious 7 (2015) [Bluray-1080p Proper] {imdb-tt2820852}.mp4,movie,Furious 7,unmatched,no movie match,,,,0
imdb://tt32214143,F:\MediaStack\data\media\movies\Gabby's Dollhouse - The Movie (2025)\Gabbys Dollhouse The Movie (2025) [Bluray-1080p] {imdb-tt32214143}.mkv,movie,Gabby's Dollhouse: The Movie,unmatched,no movie match,,,,0
imdb://tt0492956,F:\MediaStack\data\media\movies\The Game Plan (2007)\The Game Plan (2007) [Bluray-1080p] {imdb-tt0492956}.mp4,movie,The Game Plan,unmatched,no movie match,,,,0
imdb://tt0083987,F:\MediaStack\data\media\movies\Gandhi (1982)\Gandhi (1982) [Bluray-1080p] {imdb-tt0083987}.mkv,movie,Gandhi,unmatched,no movie match,,,,0
imdb://tt0217505,F:\MediaStack\data\media\movies\Gangs of New York (2002)\Gangs of New York (2002) [Bluray-1080p] {imdb-tt0217505}.mkv,movie,Gangs of New York,unmatched,no movie match,,,,0
imdb://tt0333766,F:\MediaStack\data\media\movies\Garden State (2004)\Garden State (2004) [Bluray-1080p] {imdb-tt0333766}.mp4,movie,Garden State,unmatched,no movie match,,,,0
imdb://tt5779228,F:\MediaStack\data\media\movies\The Garfield Movie (2024)\The Garfield Movie (2024) [Bluray-1080p] {imdb-tt5779228}.mkv,movie,The Garfield Movie,unmatched,no movie match,,,,0
imdb://tt0356634,F:\MediaStack\data\media\movies\Garfield (2004)\Garfield (2004) [Bluray-1080p] {imdb-tt0356634}.mkv,movie,Garfield: The Movie,unmatched,no movie match,,,,0
imdb://tt0144214,F:\MediaStack\data\media\movies\The General's Daughter (1999)\The Generals Daughter (1999) [Bluray-1080p] {imdb-tt0144214}.mkv,movie,The General's Daughter,unmatched,no movie match,,,,0
imdb://tt0045810,F:\MediaStack\data\media\movies\Gentlemen Prefer Blondes (1953)\Gentlemen Prefer Blondes (1953) [Bluray-1080p] {imdb-tt0045810}.mkv,movie,Gentlemen Prefer Blondes,unmatched,no movie match,,,,0
imdb://tt0119190,F:\MediaStack\data\media\movies\George of the Jungle (1997)\George of the Jungle (1997) [Bluray-1080p] {imdb-tt0119190}.mkv,movie,George of the Jungle,unmatched,no movie match,,,,0
imdb://tt0322389,F:\MediaStack\data\media\movies\George of the Jungle 2 (2003)\George of the Jungle 2 (2003) [WEBDL-1080p] {imdb-tt0322389}.mkv,movie,George of the Jungle 2,unmatched,no movie match,,,,0
imdb://tt0282521,F:\MediaStack\data\media\movies\Get a Clue (2002)\Get a Clue (2002) [WEBRip-480p] {imdb-tt0282521}.mp4,movie,Get a Clue,unmatched,no movie match,,,,0
imdb://tt0465997,F:\MediaStack\data\media\movies\The Fox and the Hound 2 (2006)\The Fox and the Hound 2 (2006) [Bluray-1080p] {imdb-tt0465997}.mkv,movie,The Fox and the Hound 2,unmatched,no movie match,,,,0
imdb://tt0488120,F:\MediaStack\data\media\movies\Fracture (2007)\Fracture (2007) [Bluray-1080p Proper] {imdb-tt0488120}.mkv,movie,Fracture,unmatched,no movie match,,,,0
imdb://tt1142977,F:\MediaStack\data\media\movies\Frankenweenie (2012)\Frankenweenie (2012) [Bluray-1080p] {imdb-tt1142977}.mkv,movie,Frankenweenie,unmatched,no movie match,,,,0
imdb://tt31956415,F:\MediaStack\data\media\movies\Freakier Friday (2025)\Freakier Friday (2025) [Bluray-1080p] {imdb-tt31956415}.mp4,movie,Freakier Friday,unmatched,no movie match,,,,0
imdb://tt0076054,F:\MediaStack\data\media\movies\Freaky Friday (1976)\Freaky Friday (1976) [Bluray-1080p] {imdb-tt0076054}.mp4,movie,Freaky Friday,unmatched,no movie match,,,,0
imdb://tt0322330,F:\MediaStack\data\media\movies\Freaky Friday (2003)\Freaky Friday (2003) [Bluray-1080p] {imdb-tt0322330}.mkv,movie,Freaky Friday,unmatched,no movie match,,,,0
imdb://tt0329101,F:\MediaStack\data\media\movies\Freddy vs. Jason (2003)\Freddy vs. Jason (2003) [Bluray-1080p] {imdb-tt0329101}.mkv,movie,Freddy vs. Jason,unmatched,no movie match,,,,0
imdb://tt6264654,F:\MediaStack\data\media\movies\Free Guy (2021)\Free Guy (2021) [Bluray-1080p] {imdb-tt6264654}.mkv,movie,Free Guy,unmatched,no movie match,,,,0
imdb://tt0106965,F:\MediaStack\data\media\movies\Free Willy (1993)\Free Willy (1993) [Bluray-1080p] {imdb-tt0106965}.mp4,movie,Free Willy,unmatched,no movie match,,,,0
imdb://tt0113114,F:\MediaStack\data\media\movies\Free Willy 2 - The Adventure Home (1995)\Free Willy 2 The Adventure Home (1995) [WEBRip-1080p] {imdb-tt0113114}.ts,movie,Free Willy 2: The Adventure Home,unmatched,no movie match,,,,0
imdb://tt0119152,F:\MediaStack\data\media\movies\Free Willy 3 - The Rescue (1997)\Free Willy 3 The Rescue (1997) [WEBDL-1080p] {imdb-tt0119152}.mkv,movie,Free Willy 3: The Rescue,unmatched,no movie match,,,,0
imdb://tt0116361,F:\MediaStack\data\media\movies\Freeway (1996)\Freeway (1996) [WEBDL-1080p] {imdb-tt0116361}.mkv,movie,Freeway,unmatched,no movie match,,,,0
imdb://tt8847712,"F:\MediaStack\data\media\movies\The French Dispatch of the Liberty, Kansas Evening Sun (2021)\The French Dispatch of the Liberty Kansas Evening Sun (2021) [WEBDL-1080p] {imdb-tt8847712}.mkv",movie,The French Dispatch,unmatched,no movie match,,,,0
imdb://tt0186151,F:\MediaStack\data\media\movies\Frequency (2000)\Frequency (2000) [Bluray-1080p] {imdb-tt0186151}.mkv,movie,Frequency,unmatched,no movie match,,,,0
imdb://tt0049233,F:\MediaStack\data\media\movies\Friendly Persuasion (1956)\Friendly Persuasion (1956) [Bluray-720p] {imdb-tt0049233}.mp4,movie,Friendly Persuasion,unmatched,no movie match,,,,0
imdb://tt0045793,F:\MediaStack\data\media\movies\From Here to Eternity (1953)\From Here to Eternity (1953) [Bluray-1080p] {imdb-tt0045793}.mp4,movie,From Here to Eternity,unmatched,no movie match,,,,0
imdb://tt1798188,F:\MediaStack\data\media\movies\From Up on Poppy Hill (2011)\From Up on Poppy Hill (2011) [Bluray-1080p] {imdb-tt1798188}.mkv,movie,From Up on Poppy Hill,unmatched,no movie match,,,,0
imdb://tt0870111,F:\MediaStack\data\media\movies\Frost+Nixon (2008)\Frost Nixon (2008) [Bluray-1080p] {imdb-tt0870111}.mp4,movie,Frost/Nixon,unmatched,no movie match,,,,0
imdb://tt0064349,F:\MediaStack\data\media\movies\Frosty the Snowman (1969)\Frosty the Snowman (1969) [Bluray-1080p] {imdb-tt0064349}.mkv,movie,Frosty the Snowman,unmatched,no movie match,,,,0
imdb://tt2294629,F:\MediaStack\data\media\movies\Frozen (2013)\Frozen (2013) [Bluray-1080p] {imdb-tt2294629}.mp4,movie,Frozen,unmatched,no movie match,,,,0
imdb://tt4520988,F:\MediaStack\data\media\movies\Frozen II (2019)\Frozen II (2019) [Bluray-1080p] {imdb-tt4520988}.mp4,movie,Frozen II,unmatched,no movie match,,,,0
imdb://tt0083951,F:\MediaStack\data\media\movies\The Flight of Dragons (1982)\The Flight of Dragons (1982) [Bluray-1080p] {imdb-tt0083951}.mkv,movie,The Flight of Dragons,unmatched,no movie match,,,,0
imdb://tt0408790,F:\MediaStack\data\media\movies\Flightplan (2005)\Flightplan (2005) [Bluray-1080p] {imdb-tt0408790}.mp4,movie,Flightplan,unmatched,no movie match,,,,0
imdb://tt0109813,F:\MediaStack\data\media\movies\The Flintstones (1994)\The Flintstones (1994) [Bluray-1080p] {imdb-tt0109813}.mp4,movie,The Flintstones,unmatched,no movie match,,,,0
tmdb://58876,F:\MediaStack\data\media\movies\Flip - Really Sorry (2003)\Flip Really Sorry (2003) [Unknown].mkv,movie,Flip - Really Sorry,unmatched,no movie match,,,,0
imdb://tt0116322,F:\MediaStack\data\media\movies\Flipper (1996)\Flipper (1996) [Bluray-1080p] {imdb-tt0116322}.mp4,movie,Flipper,unmatched,no movie match,,,,0
imdb://tt4136084,F:\MediaStack\data\media\movies\Florence Foster Jenkins (2016)\Florence Foster Jenkins (2016) [Bluray-1080p] {imdb-tt4136084}.mkv,movie,Florence Foster Jenkins,unmatched,no movie match,,,,0
imdb://tt4772188,F:\MediaStack\data\media\movies\Flow (2024)\Flow (2024) [Bluray-1080p] {imdb-tt4772188}.mkv,movie,Flow,unmatched,no movie match,,,,0
imdb://tt0119137,F:\MediaStack\data\media\movies\Flubber (1997)\Flubber (1997) [WEBDL-1080p] {imdb-tt0119137}.mkv,movie,Flubber,unmatched,no movie match,,,,0
imdb://tt0424095,F:\MediaStack\data\media\movies\Flushed Away (2006)\Flushed Away (2006) [Bluray-1080p] {imdb-tt0424095}.mkv,movie,Flushed Away,unmatched,no movie match,,,,0
imdb://tt0116329,F:\MediaStack\data\media\movies\Fly Away Home (1996)\Fly Away Home (1996) [Bluray-1080p] {imdb-tt0116329}.mkv,movie,Fly Away Home,unmatched,no movie match,,,,0
imdb://tt0087277,F:\MediaStack\data\media\movies\Footloose (1984)\Footloose (1984) [Bluray-1080p] {imdb-tt0087277}.mkv,movie,Footloose,unmatched,ambiguous movie title match,,,,0
imdb://tt1068242,F:\MediaStack\data\media\movies\Footloose (2011)\Footloose (2011) [Bluray-1080p Proper] {imdb-tt1068242}.mkv,movie,Footloose,unmatched,ambiguous movie title match,,,,0
imdb://tt0059578,F:\MediaStack\data\media\movies\For a Few Dollars More (1965)\For a Few Dollars More (1965) [Bluray-1080p] {imdb-tt0059578}.mp4,movie,For a Few Dollars More,unmatched,no movie match,,,,0
imdb://tt0126916,F:\MediaStack\data\media\movies\For Love of the Game (1999)\For Love of the Game (1999) [Bluray-1080p] {imdb-tt0126916}.mp4,movie,For Love of the Game,unmatched,no movie match,,,,0
imdb://tt0141098,F:\MediaStack\data\media\movies\Forces of Nature (1999)\Forces of Nature (1999) [WEBRip-720p] {imdb-tt0141098}.mp4,movie,Forces of Nature,unmatched,no movie match,,,,0
imdb://tt1950186,F:\MediaStack\data\media\movies\Ford v Ferrari (2019)\Ford v Ferrari (2019) [Bluray-1080p] {imdb-tt1950186}.mp4,movie,Ford v Ferrari,unmatched,no movie match,,,,0
imdb://tt0414993,F:\MediaStack\data\media\movies\The Fountain (2006)\The Fountain (2006) [Bluray-1080p] {imdb-tt0414993}.mkv,movie,The Fountain,unmatched,no movie match,,,,0
imdb://tt0369436,F:\MediaStack\data\media\movies\Four Christmases (2008)\Four Christmases (2008) [Bluray-1080p] {imdb-tt0369436}.mkv,movie,Four Christmases,unmatched,no movie match,,,,0
imdb://tt0082406,F:\MediaStack\data\media\movies\The Fox and the Hound (1981)\The Fox and the Hound (1981) [Bluray-1080p] {imdb-tt0082406}.mkv,movie,The Fox and the Hound,unmatched,no movie match,,,,0
imdb://tt0137523,F:\MediaStack\data\media\movies\Fight Club (1999)\Fight Club (1999) [Bluray-1080p] {imdb-tt0137523}.mkv,movie,Fight Club,unmatched,no movie match,,,,0
imdb://tt0385700,F:\MediaStack\data\media\movies\Final Fantasy VII - Advent Children (2005)\Final Fantasy VII Advent Children (2005) [Bluray-1080p] {imdb-tt0385700}.mkv,movie,Final Fantasy VII: Advent Children,unmatched,no movie match,,,,0
imdb://tt2277860,F:\MediaStack\data\media\movies\Finding Dory (2016)\Finding Dory (2016) [Bluray-1080p] {imdb-tt2277860}.mkv,movie,Finding Dory,unmatched,no movie match,,,,0
imdb://tt0181536,F:\MediaStack\data\media\movies\Finding Forrester (2000)\Finding Forrester (2000) [WEBDL-1080p] {imdb-tt0181536}.mkv,movie,Finding Forrester,unmatched,no movie match,,,,0
imdb://tt0266543,F:\MediaStack\data\media\movies\Finding Nemo (2003)\Finding Nemo (2003) [Bluray-1080p] {imdb-tt0266543}.mkv,movie,Finding Nemo,unmatched,no movie match,,,,0
imdb://tt0308644,F:\MediaStack\data\media\movies\Finding Neverland (2004)\Finding Neverland (2004) [Bluray-1080p] {imdb-tt0308644}.mkv,movie,Finding Neverland,unmatched,no movie match,,,,0
imdb://tt2025690,F:\MediaStack\data\media\movies\The Finest Hours (2016)\The Finest Hours (2016) [Bluray-1080p] {imdb-tt2025690}.mkv,movie,The Finest Hours,unmatched,no movie match,,,,0
imdb://tt0083944,F:\MediaStack\data\media\movies\First Blood (1982)\First Blood (1982) [Bluray-1080p] {imdb-tt0083944}.mp4,movie,First Blood,unmatched,no movie match,,,,0
imdb://tt0116311,F:\MediaStack\data\media\movies\First Kid (1996)\First Kid (1996) [WEBRip-1080p] {imdb-tt0116311}.mp4,movie,First Kid,unmatched,no movie match,,,,0
imdb://tt1213641,F:\MediaStack\data\media\movies\First Man (2018)\First Man (2018) [Bluray-1080p Proper] {imdb-tt1213641}.mkv,movie,First Man,unmatched,no movie match,,,,0
imdb://tt15242330,F:\MediaStack\data\media\movies\The First Slam Dunk (2022)\The First Slam Dunk (2022) [Bluray-1080p] {imdb-tt15242330}.mp4,movie,The First Slam Dunk,unmatched,no movie match,,,,0
imdb://tt0116313,F:\MediaStack\data\media\movies\The First Wives Club (1996)\The First Wives Club (1996) [WEBDL-1080p] {imdb-tt0116313}.mkv,movie,The First Wives Club,unmatched,no movie match,,,,0
imdb://tt0058461,F:\MediaStack\data\media\movies\A Fistful of Dollars (1964)\A Fistful of Dollars (1964) [Bluray-1080p] {imdb-tt0058461}.mp4,movie,A Fistful of Dollars,unmatched,no movie match,,,,0
imdb://tt0418689,F:\MediaStack\data\media\movies\Flags of Our Fathers (2006)\Flags of Our Fathers (2006) [Bluray-1080p] {imdb-tt0418689}.mkv,movie,Flags of Our Fathers,unmatched,no movie match,,,,0
imdb://tt0434215,F:\MediaStack\data\media\movies\Flicka (2006)\Flicka (2006) [Bluray-1080p] {imdb-tt0434215}.mp4,movie,Flicka,unmatched,no movie match,,,,0
imdb://tt0068575,F:\MediaStack\data\media\movies\Fat City (1972)\Fat City (1972) [Bluray-1080p] {imdb-tt0068575}.mkv,movie,Fat City,unmatched,no movie match,,,,0
imdb://tt10272386,F:\MediaStack\data\media\movies\The Father (2020)\The Father (2020) [Bluray-1080p] {imdb-tt10272386}.mkv,movie,The Father,unmatched,no movie match,,,,0
imdb://tt0101862,F:\MediaStack\data\media\movies\Father of the Bride (1991)\Father of the Bride (1991) [Bluray-1080p] {imdb-tt0101862}.mkv,movie,Father of the Bride,unmatched,no movie match,,,,0
imdb://tt0113041,F:\MediaStack\data\media\movies\Father of the Bride Part II (1995)\Father of the Bride Part II (1995) [WEBDL-1080p] {imdb-tt0113041}.mkv,movie,Father of the Bride Part II,unmatched,no movie match,,,,0
imdb://tt2582846,F:\MediaStack\data\media\movies\The Fault in Our Stars (2014)\The Fault in Our Stars (2014) [Bluray-1080p] {imdb-tt2582846}.mkv,movie,The Fault in Our Stars,unmatched,no movie match,,,,0
imdb://tt0116289,F:\MediaStack\data\media\movies\Feeling Minnesota (1996)\Feeling Minnesota (1996) [WEBRip-1080p] {imdb-tt0116289}.mp4,movie,Feeling Minnesota,unmatched,no movie match,,,,0
imdb://tt3411444,F:\MediaStack\data\media\movies\Ferdinand (2017)\Ferdinand (2017) [Bluray-1080p Proper] {imdb-tt3411444}.mp4,movie,Ferdinand,unmatched,no movie match,,,,0
imdb://tt0129924,F:\MediaStack\data\media\movies\FernGully 2 - The Magical Rescue (1998)\FernGully 2 The Magical Rescue (1998) [DVD-R] {imdb-tt0129924}.mp4,movie,FernGully 2: The Magical Rescue,unmatched,no movie match,,,,0
imdb://tt0104254,F:\MediaStack\data\media\movies\FernGully - The Last Rainforest (1992)\FernGully The Last Rainforest (1992) [Bluray-1080p] {imdb-tt0104254}.mkv,movie,FernGully: The Last Rainforest,unmatched,no movie match,,,,0
imdb://tt0332047,F:\MediaStack\data\media\movies\Fever Pitch (2005)\Fever Pitch (2005) [WEBDL-1080p] {imdb-tt0332047}.mkv,movie,Fever Pitch,unmatched,no movie match,,,,0
imdb://tt0104257,F:\MediaStack\data\media\movies\A Few Good Men (1992)\A Few Good Men (1992) [Bluray-1080p] {imdb-tt0104257}.mkv,movie,A Few Good Men,unmatched,no movie match,,,,0
imdb://tt0097351,F:\MediaStack\data\media\movies\Field of Dreams (1989)\Field of Dreams (1989) [Bluray-1080p] {imdb-tt0097351}.mkv,movie,Field of Dreams,unmatched,no movie match,,,,0
imdb://tt1837703,F:\MediaStack\data\media\movies\The Fifth Estate (2013)\The Fifth Estate (2013) [Bluray-1080p] {imdb-tt1837703}.mp4,movie,The Fifth Estate,unmatched,no movie match,,,,0
imdb://tt0469903,F:\MediaStack\data\media\movies\The Express (2008)\The Express (2008) [Bluray-1080p] {imdb-tt0469903}.mkv,movie,The Express,unmatched,no movie match,,,,0
imdb://tt0208185,F:\MediaStack\data\media\movies\An Extremely Goofy Movie (2000)\An Extremely Goofy Movie (2000) [Bluray-1080p] {imdb-tt0208185}.mkv,movie,An Extremely Goofy Movie,unmatched,no movie match,,,,0
imdb://tt5433138,F:\MediaStack\data\media\movies\F9 (2021)\F9 (2021) [Bluray-1080p] {imdb-tt5433138}.mkv,movie,F9: The Fast Saga,unmatched,no movie match,,,,0
imdb://tt0119094,F:\MediaStack\data\media\movies\Face+Off (1997)\Face Off (1997) [Bluray-1080p] {imdb-tt0119094}.mkv,movie,Face/Off,unmatched,no movie match,,,,0
imdb://tt0977855,F:\MediaStack\data\media\movies\Fair Game (2010)\Fair Game (2010) [Bluray-1080p] {imdb-tt0977855}.mkv,movie,Fair Game,unmatched,no movie match,,,,0
imdb://tt0119095,F:\MediaStack\data\media\movies\FairyTale - A True Story (1997)\FairyTale A True Story (1997) [SDTV] {imdb-tt0119095}.avi,movie,FairyTale: A True Story,unmatched,no movie match,,,,0
imdb://tt0080716,F:\MediaStack\data\media\movies\Fame (1980)\Fame (1980) [Bluray-1080p] {imdb-tt0080716}.mp4,movie,Fame,unmatched,no movie match,,,,0
imdb://tt0032455,F:\MediaStack\data\media\movies\Fantasia (1940)\Fantasia (1940) [Bluray-1080p] {imdb-tt0032455}.mkv,movie,Fantasia,unmatched,no movie match,,,,0
imdb://tt0120910,F:\MediaStack\data\media\movies\Fantasia 2000 (2000)\Fantasia 2000 (2000) [Bluray-1080p] {imdb-tt0120910}.mkv,movie,Fantasia 2000,unmatched,no movie match,,,,0
imdb://tt3183660,F:\MediaStack\data\media\movies\Fantastic Beasts and Where to Find Them (2016)\Fantastic Beasts and Where to Find Them (2016) [WEBDL-1080p] {imdb-tt3183660}.mkv,movie,Fantastic Beasts and Where to Find Them,unmatched,no movie match,,,,0
imdb://tt4123430,F:\MediaStack\data\media\movies\Fantastic Beasts - The Crimes of Grindelwald (2018)\Fantastic Beasts The Crimes of Grindelwald (2018) [Bluray-1080p] {imdb-tt4123430}.mkv,movie,Fantastic Beasts: The Crimes of Grindelwald,unmatched,no movie match,,,,0
imdb://tt4123432,F:\MediaStack\data\media\movies\Fantastic Beasts - The Secrets of Dumbledore (2022)\Fantastic Beasts The Secrets of Dumbledore (2022) [Bluray-1080p] {imdb-tt4123432}.mkv,movie,Fantastic Beasts: The Secrets of Dumbledore,unmatched,no movie match,,,,0
imdb://tt0120667,F:\MediaStack\data\media\movies\Fantastic Four (2005)\Fantastic Four (2005) [WEBDL-1080p] {imdb-tt0120667}.mkv,movie,Fantastic Four,unmatched,no movie match,,,,0
imdb://tt1502712,F:\MediaStack\data\media\movies\Fantastic Four (2015)\Fantastic Four (2015) [Bluray-1080p] {imdb-tt1502712}.mp4,movie,Fantastic Four,unmatched,no movie match,,,,0
imdb://tt10676052,F:\MediaStack\data\media\movies\The Fantastic 4 - First Steps (2025)\The Fantastic 4 First Steps (2025) [Bluray-1080p] {imdb-tt10676052}.mkv,movie,The Fantastic Four: First Steps,unmatched,no movie match,,,,0
imdb://tt0486576,F:\MediaStack\data\media\movies\Fantastic Four - Rise of the Silver Surfer (2007)\Fantastic Four Rise of the Silver Surfer (2007) [Bluray-1080p] {imdb-tt0486576}.mkv,movie,Fantastic Four: Rise of the Silver Surfer,unmatched,no movie match,,,,0
imdb://tt0432283,F:\MediaStack\data\media\movies\Fantastic Mr. Fox (2009)\Fantastic Mr. Fox (2009) [Bluray-1080p] {imdb-tt0432283}.mp4,movie,Fantastic Mr. Fox,unmatched,no movie match,,,,0
imdb://tt0120660,F:\MediaStack\data\media\movies\Enemy of the State (1998)\Enemy of the State (1998) [Bluray-1080p] {imdb-tt0120660}.mkv,movie,Enemy of the State,unmatched,no movie match,,,,0
imdb://tt0116209,F:\MediaStack\data\media\movies\The English Patient (1996)\The English Patient (1996) [Bluray-1080p] {imdb-tt0116209}.mkv,movie,The English Patient,unmatched,no movie match,,,,0
imdb://tt0137494,F:\MediaStack\data\media\movies\Entrapment (1999)\Entrapment (1999) [Bluray-1080p] {imdb-tt0137494}.mp4,movie,Entrapment,unmatched,no movie match,,,,0
imdb://tt2509298,F:\MediaStack\data\media\movies\Ephraim's Rescue (2013)\Ephraims Rescue (2013) [WEBDL-480p] {imdb-tt2509298}.mkv,movie,Ephraim's Rescue,unmatched,no movie match,,,,0
imdb://tt0848537,F:\MediaStack\data\media\movies\Epic (2013)\Epic (2013) [Bluray-1080p Proper] {imdb-tt0848537}.mkv,movie,Epic,unmatched,no movie match,,,,0
imdb://tt0449010,F:\MediaStack\data\media\movies\Eragon (2006)\Eragon (2006) [Bluray-1080p] {imdb-tt0449010}.mp4,movie,Eragon,unmatched,no movie match,,,,0
imdb://tt0092974,F:\MediaStack\data\media\movies\Ernest Goes to Camp (1987)\Ernest Goes to Camp (1987) [Bluray-1080p] {imdb-tt0092974}.mp4,movie,Ernest Goes to Camp,unmatched,no movie match,,,,0
imdb://tt0099512,F:\MediaStack\data\media\movies\Ernest Goes to Jail (1990)\Ernest Goes to Jail (1990) [Bluray-1080p] {imdb-tt0099512}.mp4,movie,Ernest Goes to Jail,unmatched,no movie match,,,,0
imdb://tt0095107,F:\MediaStack\data\media\movies\Ernest Saves Christmas (1988)\Ernest Saves Christmas (1988) [WEBDL-1080p] {imdb-tt0095107}.mkv,movie,Ernest Saves Christmas,unmatched,no movie match,,,,0
imdb://tt0101821,F:\MediaStack\data\media\movies\Ernest Scared Stupid (1991)\Ernest Scared Stupid (1991) [Bluray-1080p] {imdb-tt0101821}.mp4,movie,Ernest Scared Stupid,unmatched,no movie match,,,,0
imdb://tt5886046,F:\MediaStack\data\media\movies\Escape Room (2019)\Escape Room (2019) [Bluray-1080p Proper] {imdb-tt5886046}.mkv,movie,Escape Room,unmatched,ambiguous movie title match,,,,0
imdb://tt9032400,F:\MediaStack\data\media\movies\Eternals (2021)\Eternals (2021) [Bluray-1080p] {imdb-tt9032400}.mp4,movie,Eternals,unmatched,no movie match,,,,0
imdb://tt0120631,F:\MediaStack\data\media\movies\EverAfter (1998)\EverAfter (1998) [Bluray-1080p] {imdb-tt0120631}.mkv,movie,Ever After: A Cinderella Story,unmatched,no movie match,,,,0
imdb://tt0070047,F:\MediaStack\data\media\movies\The Exorcist (1973)\The Exorcist (1973) [Bluray-1080p Proper] {imdb-tt0070047}.mp4,movie,The Exorcist,unmatched,no movie match,,,,0
imdb://tt5013056,F:\MediaStack\data\media\movies\Dunkirk (2017)\Dunkirk (2017) [Bluray-1080p] {imdb-tt5013056}.mkv,movie,Dunkirk,unmatched,no movie match,,,,0
imdb://tt0116151,F:\MediaStack\data\media\movies\Dunston Checks In (1996)\Dunston Checks In (1996) [WEBRip-1080p] {imdb-tt0116151}.mp4,movie,Dunston Checks In,unmatched,no movie match,,,,0
imdb://tt0083866,F:\MediaStack\data\media\movies\E.T. the Extra-Terrestrial (1982)\E.T. the Extra-Terrestrial (1982) [Bluray-1080p] {imdb-tt0083866}.mkv,movie,E.T.,unmatched,no movie match,,,,0
imdb://tt0048028,F:\MediaStack\data\media\movies\East of Eden (1955)\East of Eden (1955) [Bluray-1080p] {imdb-tt0048028}.mkv,movie,East of Eden,unmatched,no movie match,,,,0
imdb://tt1083452,F:\MediaStack\data\media\movies\Eddie the Eagle (2016)\Eddie the Eagle (2016) [Bluray-1080p] {imdb-tt1083452}.mkv,movie,Eddie the Eagle,unmatched,no movie match,,,,0
tmdb://1361358,F:\MediaStack\data\media\movies\Edge of the Wall (1980)\Edge of the Wall (1980) [Bluray-1080p].mp4,movie,Edge of the Wall,unmatched,no movie match,,,,0
imdb://tt1631867,F:\MediaStack\data\media\movies\Edge of Tomorrow (2014)\Edge of Tomorrow (2014) [Bluray-1080p] {imdb-tt1631867}.mkv,movie,Edge of Tomorrow,unmatched,no movie match,,,,0
imdb://tt0099487,F:\MediaStack\data\media\movies\Edward Scissorhands (1990)\Edward Scissorhands (1990) [Bluray-1080p] {imdb-tt0099487}.mkv,movie,Edward Scissorhands,unmatched,no movie match,,,,0
imdb://tt0397313,F:\MediaStack\data\media\movies\Eight Below (2006)\Eight Below (2006) [Bluray-1080p] {imdb-tt0397313}.mkv,movie,Eight Below,unmatched,no movie match,,,,0
imdb://tt0271263,F:\MediaStack\data\media\movies\Eight Crazy Nights (2002)\Eight Crazy Nights (2002) [WEBDL-1080p] {imdb-tt0271263}.mkv,movie,Eight Crazy Nights,unmatched,no movie match,,,,0
imdb://tt0080678,F:\MediaStack\data\media\movies\The Elephant Man (1980)\The Elephant Man (1980) [Bluray-1080p] {imdb-tt0080678}.mp4,movie,The Elephant Man,unmatched,no movie match,,,,0
imdb://tt0319343,F:\MediaStack\data\media\movies\Elf (2003)\Elf (2003) [Bluray-1080p] {imdb-tt0319343}.mp4,movie,Elf,unmatched,no movie match,,,,0
imdb://tt4900148,F:\MediaStack\data\media\movies\Elio (2025)\Elio (2025) [Bluray-1080p] {imdb-tt4900148}.mkv,movie,Elio,unmatched,no movie match,,,,0
imdb://tt0368709,F:\MediaStack\data\media\movies\Elizabethtown (2005)\Elizabethtown (2005) [Bluray-1080p] {imdb-tt0368709}.mkv,movie,Elizabethtown,unmatched,no movie match,,,,0
imdb://tt0327679,F:\MediaStack\data\media\movies\Ella Enchanted (2004)\Ella Enchanted (2004) [Bluray-1080p] {imdb-tt0327679}.mkv,movie,Ella Enchanted,unmatched,no movie match,,,,0
imdb://tt1535108,F:\MediaStack\data\media\movies\Elysium (2013)\Elysium (2013) [Bluray-1080p] {imdb-tt1535108}.mkv,movie,Elysium,unmatched,no movie match,,,,0
imdb://tt0120917,F:\MediaStack\data\media\movies\The Emperor's New Groove (2000)\The Emperors New Groove (2000) [Bluray-1080p] {imdb-tt0120917}.mkv,movie,The Emperor's New Groove,unmatched,no movie match,,,,0
imdb://tt0092965,F:\MediaStack\data\media\movies\Empire of the Sun (1987)\Empire of the Sun (1987) [WEBDL-1080p] {imdb-tt0092965}.mkv,movie,Empire of the Sun,unmatched,no movie match,,,,0
imdb://tt0112950,F:\MediaStack\data\media\movies\Empire Records (1995)\Empire Records (1995) [WEBDL-1080p] {imdb-tt0112950}.mkv,movie,Empire Records,unmatched,no movie match,,,,0
imdb://tt2953050,F:\MediaStack\data\media\movies\Encanto (2021)\Encanto (2021) [Bluray-1080p] {imdb-tt2953050}.mkv,movie,Encanto,unmatched,no movie match,,,,0
imdb://tt0461770,F:\MediaStack\data\media\movies\Enchanted (2007)\Enchanted (2007) [Bluray-1080p Proper] {imdb-tt0461770}.mkv,movie,Enchanted,unmatched,no movie match,,,,0
imdb://tt0275309,F:\MediaStack\data\media\movies\Dogtown and Z-Boys (2002)\Dogtown and Z-Boys (2002) [WEBDL-1080p] {imdb-tt0275309}.mkv,movie,Dogtown and Z-Boys,unmatched,no movie match,,,,0
imdb://tt0260866,F:\MediaStack\data\media\movies\Don't Say a Word (2001)\Dont Say a Word (2001) [WEBDL-1080p] {imdb-tt0260866}.mkv,movie,Don't Say a Word,unmatched,no movie match,,,,0
imdb://tt32621553,F:\MediaStack\data\media\movies\Dora and the Search for Sol Dorado (2025)\Dora and the Search for Sol Dorado (2025) [WEBDL-1080p] {imdb-tt32621553}.mkv,movie,Dora and the Search for Sol Dorado,unmatched,no movie match,,,,0
imdb://tt0036775,F:\MediaStack\data\media\movies\Double Indemnity (1944)\Double Indemnity (1944) [Bluray-1080p] {imdb-tt0036775}.mkv,movie,Double Indemnity,unmatched,no movie match,,,,0
imdb://tt0240462,F:\MediaStack\data\media\movies\Dr. Dolittle 2 (2001)\Dr. Dolittle 2 (2001) [WEBDL-1080p] {imdb-tt0240462}.mkv,movie,Dr. Dolittle 2,unmatched,no movie match,,,,0
imdb://tt2223990,F:\MediaStack\data\media\movies\Draft Day (2014)\Draft Day (2014) [Bluray-1080p] {imdb-tt2223990}.mp4,movie,Draft Day,unmatched,no movie match,,,,0
imdb://tt0116136,F:\MediaStack\data\media\movies\DragonHeart (1996)\DragonHeart (1996) [Bluray-1080p] {imdb-tt0116136}.mkv,movie,DragonHeart,unmatched,no movie match,,,,0
imdb://tt0443489,F:\MediaStack\data\media\movies\Dreamgirls (2006)\Dreamgirls (2006) [Bluray-1080p] {imdb-tt0443489}.mp4,movie,Dreamgirls,unmatched,no movie match,,,,0
imdb://tt0817538,F:\MediaStack\data\media\movies\Drillbit Taylor (2008)\Drillbit Taylor (2008) [Bluray-1080p] {imdb-tt0817538}.mp4,movie,Drillbit Taylor,unmatched,no movie match,,,,0
imdb://tt0099472,F:\MediaStack\data\media\movies\DuckTales - The Movie - Treasure of the Lost Lamp (1990)\DuckTales The Movie Treasure of the Lost Lamp (1990) [WEBRip-1080p] {imdb-tt0099472}.mp4,movie,DuckTales the Movie: Treasure of the Lost Lamp,unmatched,no movie match,,,,0
imdb://tt0109686,F:\MediaStack\data\media\movies\Dumb and Dumber (1994)\Dumb and Dumber (1994) [Bluray-1080p] {imdb-tt0109686}.Clean.mp4,movie,Dumb and Dumber,unmatched,no movie match,,,,0
imdb://tt0033563,F:\MediaStack\data\media\movies\Dumbo (1941)\Dumbo (1941) [Bluray-1080p] {imdb-tt0033563}.mkv,movie,Dumbo,unmatched,no movie match,,,,0
imdb://tt3861390,F:\MediaStack\data\media\movies\Dumbo (2019)\Dumbo (2019) [Bluray-1080p] {imdb-tt3861390}.mp4,movie,Dumbo,unmatched,no movie match,,,,0
imdb://tt1160419,F:\MediaStack\data\media\movies\Dune (2021)\Dune (2021) [Bluray-1080p] {imdb-tt1160419}.mkv,movie,Dune: Part One,unmatched,no movie match,,,,0
imdb://tt15239678,F:\MediaStack\data\media\movies\Dune - Part Two (2024)\Dune Part Two (2024) [Bluray-1080p] {imdb-tt15239678}.mp4,movie,Dune: Part Two,unmatched,no movie match,,,,0
imdb://tt0099422,F:\MediaStack\data\media\movies\Dick Tracy (1990)\Dick Tracy (1990) [Bluray-1080p] {imdb-tt0099422}.mp4,movie,Dick Tracy,unmatched,no movie match,,,,0
imdb://tt0246460,F:\MediaStack\data\media\movies\Die Another Day (2002)\Die Another Day (2002) [Bluray-1080p] {imdb-tt0246460}.mp4,movie,Die Another Day,unmatched,no movie match,,,,0
imdb://tt0095016,F:\MediaStack\data\media\movies\Die Hard (1988)\Die Hard (1988) [Bluray-1080p] {imdb-tt0095016}.mkv,movie,Die Hard,unmatched,no movie match,,,,0
imdb://tt0099423,F:\MediaStack\data\media\movies\Die Hard 2 (1990)\Die Hard 2 (1990) [Bluray-1080p] {imdb-tt0099423}.mp4,movie,Die Hard 2,unmatched,no movie match,,,,0
imdb://tt0112864,F:\MediaStack\data\media\movies\Die Hard - With a Vengeance (1995)\Die Hard With a Vengeance (1995) [Bluray-1080p] {imdb-tt0112864}.mp4,movie,Die Hard with a Vengeance,unmatched,no movie match,,,,0
imdb://tt0130623,F:\MediaStack\data\media\movies\Dinosaur (2000)\Dinosaur (2000) [Bluray-1080p] {imdb-tt0130623}.mkv,movie,Dinosaur,unmatched,no movie match,,,,0
imdb://tt0061578,F:\MediaStack\data\media\movies\The Dirty Dozen (1967)\The Dirty Dozen (1967) [Bluray-1080p] {imdb-tt0061578}.mkv,movie,The Dirty Dozen,unmatched,no movie match,,,,0
imdb://tt0066999,F:\MediaStack\data\media\movies\Dirty Harry (1971)\Dirty Harry (1971) [Bluray-1080p] {imdb-tt0066999}.mp4,movie,Dirty Harry,unmatched,no movie match,,,,0
imdb://tt1596342,F:\MediaStack\data\media\movies\Disenchanted (2022)\Disenchanted (2022) [WEBDL-1080p] {imdb-tt1596342}.mkv,movie,Disenchanted,unmatched,no movie match,,,,0
imdb://tt1136608,F:\MediaStack\data\media\movies\District 9 (2009)\District 9 (2009) [Bluray-1080p Proper] {imdb-tt1136608}.mp4,movie,District 9,unmatched,no movie match,,,,0
imdb://tt0279778,F:\MediaStack\data\media\movies\Divine Secrets of the Ya-Ya Sisterhood (2002)\Divine Secrets of the Ya-Ya Sisterhood (2002) [WEBDL-1080p] {imdb-tt0279778}.mkv,movie,Divine Secrets of the Ya-Ya Sisterhood,unmatched,no movie match,,,,0
local://25074,F:\MediaStack\data\media\movies\Doc Hollywood (1991)\Doc Hollywood (1991) [Bluray-1080P] {Imdb-Tt0101745}.Clean.mp4,movie,Doc Hollywood,unmatched,no movie match,,,,0
imdb://tt0061584,F:\MediaStack\data\media\movies\Doctor Dolittle (1967)\Doctor Dolittle (1967) [Bluray-1080p] {imdb-tt0061584}.mp4,movie,Doctor Dolittle,unmatched,no movie match,,,,0
imdb://tt0118998,F:\MediaStack\data\media\movies\Doctor Dolittle (1998)\Doctor Dolittle (1998) [Bluray-1080p] {imdb-tt0118998}.mp4,movie,Doctor Dolittle,unmatched,no movie match,,,,0
imdb://tt1211837,F:\MediaStack\data\media\movies\Doctor Strange (2016)\Doctor Strange (2016) [Bluray-1080p] {imdb-tt1211837}.mkv,movie,Doctor Strange,unmatched,no movie match,,,,0
imdb://tt9419884,F:\MediaStack\data\media\movies\Doctor Strange in the Multiverse of Madness (2022)\Doctor Strange in the Multiverse of Madness (2022) [Bluray-1080p] {imdb-tt9419884}.mp4,movie,Doctor Strange in the Multiverse of Madness,unmatched,no movie match,,,,0
imdb://tt0059113,F:\MediaStack\data\media\movies\Doctor Zhivago (1965)\Doctor Zhivago (1965) [Bluray-1080p] {imdb-tt0059113}.mp4,movie,Doctor Zhivago,unmatched,no movie match,,,,0
imdb://tt7365604,F:\MediaStack\data\media\movies\Dog Days (2018)\Dog Days (2018) [Bluray-720p] {imdb-tt7365604}.mp4,movie,Dog Days,unmatched,no movie match,,,,0
imdb://tt10954718,F:\MediaStack\data\media\movies\Dog Man (2025)\Dog Man (2025) [Bluray-1080p] {imdb-tt10954718}.mkv,movie,Dog Man,unmatched,no movie match,,,,0
imdb://tt8385474,F:\MediaStack\data\media\movies\A Dog's Journey (2019)\A Dogs Journey (2019) [Bluray-1080p] {imdb-tt8385474}.mkv,movie,A Dog's Journey,unmatched,no movie match,,,,0
imdb://tt1753383,F:\MediaStack\data\media\movies\A Dog's Purpose (2017)\A Dogs Purpose (2017) [WEBDL-1080p] {imdb-tt1753383}.mkv,movie,A Dog's Purpose,unmatched,no movie match,,,,0
imdb://tt0453467,F:\MediaStack\data\media\movies\Déjà Vu (2006)\Deja Vu (2006) [Bluray-1080p] {imdb-tt0453467}.mp4,movie,Deja Vu,unmatched,no movie match,,,,0
imdb://tt2387559,F:\MediaStack\data\media\movies\Delivery Man (2013)\Delivery Man (2013) [Bluray-1080p] {imdb-tt2387559}.mp4,movie,Delivery Man,unmatched,no movie match,,,,0
imdb://tt32820897,F:\MediaStack\data\media\movies\Demon Slayer - Kimetsu no Yaiba Infinity Castle (2025)\Demon Slayer Kimetsu no Yaiba Infinity Castle (2025) [WEBDL-1080p] {imdb-tt32820897}.mkv,movie,Demon Slayer: Kimetsu no Yaiba Infinity Castle,unmatched,no movie match,,,,0
imdb://tt0106701,F:\MediaStack\data\media\movies\Dennis the Menace (1993)\Dennis the Menace (1993) [WEBDL-1080p] {imdb-tt0106701}.mkv,movie,Dennis the Menace,unmatched,no movie match,,,,0
imdb://tt0407887,F:\MediaStack\data\media\movies\The Departed (2006)\The Departed (2006) [Bluray-1080p] {imdb-tt0407887}.mkv,movie,The Departed,unmatched,no movie match,,,,0
imdb://tt1033575,F:\MediaStack\data\media\movies\The Descendants (2011)\The Descendants (2011) [Bluray-1080p] {imdb-tt1033575}.mkv,movie,The Descendants,unmatched,no movie match,,,,0
imdb://tt3440298,F:\MediaStack\data\media\movies\Descendants (2015)\Descendants (2015) [WEBRip-1080p] {imdb-tt3440298}.mp4,movie,Descendants,unmatched,no movie match,,,,0
imdb://tt0038466,F:\MediaStack\data\media\movies\Desert Command (1946)\Desert Command (1946) [WEBDL-480p] {imdb-tt0038466}.mkv,movie,Desert Command,unmatched,no movie match,,,,0
imdb://tt0026273,F:\MediaStack\data\media\movies\The Desert Trail (1935)\The Desert Trail (1935) [WEBDL-480p] {imdb-tt0026273}.mkv,movie,The Desert Trail,unmatched,no movie match,,,,0
imdb://tt1690953,F:\MediaStack\data\media\movies\Despicable Me 2 (2013)\Despicable Me 2 (2013) [Bluray-1080p] {imdb-tt1690953}.mkv,movie,Despicable Me 2,unmatched,no movie match,,,,0
imdb://tt0458352,F:\MediaStack\data\media\movies\The Devil Wears Prada (2006)\The Devil Wears Prada (2006) [Bluray-1080p Proper] {imdb-tt0458352}.mp4,movie,The Devil Wears Prada,unmatched,no movie match,,,,0
imdb://tt0118971,F:\MediaStack\data\media\movies\The Devil's Advocate (1997)\The Devils Advocate (1997) [Bluray-1080p] {imdb-tt0118971}.mkv,movie,The Devil's Advocate,unmatched,no movie match,,,,0
imdb://tt0046912,F:\MediaStack\data\media\movies\Dial M for Murder (1954)\Dial M for Murder (1954) [Bluray-1080p] {imdb-tt0046912}.mkv,movie,Dial M for Murder,unmatched,no movie match,,,,0
imdb://tt1196141,F:\MediaStack\data\media\movies\Diary of a Wimpy Kid (2010)\Diary of a Wimpy Kid (2010) [Bluray-1080p] {imdb-tt1196141}.mp4,movie,Diary of a Wimpy Kid,unmatched,no movie match,,,,0
imdb://tt13834480,F:\MediaStack\data\media\movies\Diary of a Wimpy Kid (2021)\Diary of a Wimpy Kid (2021) [WEBDL-1080p] {imdb-tt13834480}.mkv,movie,Diary of a Wimpy Kid,unmatched,no movie match,,,,0
imdb://tt37751253,F:\MediaStack\data\media\movies\Diary of a Wimpy Kid - The Last Straw (2025)\Diary of a Wimpy Kid The Last Straw (2025) [WEBDL-1080p] {imdb-tt37751253}.mkv,movie,Diary of A Wimpy Kid: The Last Straw,unmatched,no movie match,,,,0
imdb://tt0052722,F:\MediaStack\data\media\movies\Darby O'Gill and the Little People (1959)\Darby O'Gill and the Little People (1959) [WEBDL-480p] {imdb-tt0052722}.mkv,movie,Darby O'Gill and the Little People,unmatched,no movie match,,,,0
imdb://tt0838221,F:\MediaStack\data\media\movies\The Darjeeling Limited (2007)\The Darjeeling Limited (2007) [Bluray-1080p] {imdb-tt0838221}.mp4,movie,The Darjeeling Limited,unmatched,no movie match,,,,0
imdb://tt0083791,F:\MediaStack\data\media\movies\The Dark Crystal (1982)\The Dark Crystal (1982) [Bluray-1080p] {imdb-tt0083791}.mkv,movie,The Dark Crystal,unmatched,no movie match,,,,0
imdb://tt0468569,F:\MediaStack\data\media\movies\The Dark Knight (2008)\The Dark Knight (2008) [WEBDL-1080p] {imdb-tt0468569}.mkv,movie,The Dark Knight,unmatched,no movie match,,,,0
imdb://tt1345836,F:\MediaStack\data\media\movies\The Dark Knight Rises (2012)\The Dark Knight Rises (2012) [Bluray-1080p] {imdb-tt1345836}.mkv,movie,The Dark Knight Rises,unmatched,no movie match,,,,0
imdb://tt1077368,F:\MediaStack\data\media\movies\Dark Shadows (2012)\Dark Shadows (2012) [Bluray-1080p] {imdb-tt1077368}.mkv,movie,Dark Shadows,unmatched,no movie match,,,,0
imdb://tt0363547,F:\MediaStack\data\media\movies\Dawn of the Dead (2004)\Dawn of the Dead (2004) [Bluray-1080p] {imdb-tt0363547}.mkv,movie,Dawn of the Dead,unmatched,no movie match,,,,0
imdb://tt2103281,F:\MediaStack\data\media\movies\Dawn of the Planet of the Apes (2014)\Dawn of the Planet of the Apes (2014) [WEBDL-2160p] {imdb-tt2103281}.mkv,movie,Dawn of the Planet of the Apes,unmatched,no movie match,,,,0
imdb://tt0026267,F:\MediaStack\data\media\movies\The Dawn Rider (1935)\The Dawn Rider (1935) [WEBDL-480p] {imdb-tt0026267}.mkv,movie,The Dawn Rider,unmatched,no movie match,,,,0
imdb://tt0319262,F:\MediaStack\data\media\movies\The Day After Tomorrow (2004)\The Day After Tomorrow (2004) [Bluray-1080p Proper] {imdb-tt0319262}.mkv,movie,The Day After Tomorrow,unmatched,no movie match,,,,0
imdb://tt0097165,F:\MediaStack\data\media\movies\Dead Poets Society (1989)\Dead Poets Society (1989) [Bluray-1080p] {imdb-tt0097165}.mp4,movie,Dead Poets Society,unmatched,no movie match,,,,0
imdb://tt1431045,F:\MediaStack\data\media\movies\Deadpool (2016)\Deadpool (2016) [Bluray-1080p Proper] {imdb-tt1431045}.mp4,movie,Deadpool,unmatched,no movie match,,,,0
imdb://tt6263850,F:\MediaStack\data\media\movies\Deadpool & Wolverine (2024)\Deadpool and Wolverine (2024) [Bluray-1080p] {imdb-tt6263850}.mkv,movie,Deadpool & Wolverine,unmatched,no movie match,,,,0
imdb://tt5463162,F:\MediaStack\data\media\movies\Deadpool 2 (2018)\Deadpool 2 (2018) [Bluray-1080p] {imdb-tt5463162}.mkv,movie,Deadpool 2,unmatched,no movie match,,,,0
imdb://tt0104070,F:\MediaStack\data\media\movies\Death Becomes Her (1992)\Death Becomes Her (1992) [Bluray-1080p] {imdb-tt0104070}.mkv,movie,Death Becomes Her,unmatched,no movie match,,,,0
imdb://tt7657566,F:\MediaStack\data\media\movies\Death on the Nile (2022)\Death on the Nile (2022) [Bluray-1080p] {imdb-tt7657566}.mkv,movie,Death on the Nile,unmatched,no movie match,,,,0
imdb://tt1028528,F:\MediaStack\data\media\movies\Death Proof (2007)\Death Proof (2007) [Bluray-1080p] {imdb-tt1028528}.mkv,movie,Death Proof,unmatched,no movie match,,,,0
imdb://tt0112740,F:\MediaStack\data\media\movies\Crimson Tide (1995)\Crimson Tide (1995) [Bluray-1080p] {imdb-tt0112740}.mp4,movie,Crimson Tide,unmatched,no movie match,,,,0
imdb://tt0090887,F:\MediaStack\data\media\movies\Critters (1986)\Critters (1986) [Bluray-1080p] {imdb-tt0090887}.mp4,movie,Critters,unmatched,no movie match,,,,0
imdb://tt0094919,F:\MediaStack\data\media\movies\Critters 2 (1988)\Critters 2 (1988) [WEBDL-1080p] {imdb-tt0094919}.Clean.mkv,movie,Critters 2,unmatched,no movie match,,,,0
imdb://tt0101627,F:\MediaStack\data\media\movies\Critters 3 (1991)\Critters 3 (1991) [WEBDL-1080p] {imdb-tt0101627}.mkv,movie,Critters 3,unmatched,no movie match,,,,0
imdb://tt0231402,F:\MediaStack\data\media\movies\Crocodile Dundee in Los Angeles (2001)\Crocodile Dundee in Los Angeles (2001) [Bluray-1080p] {imdb-tt0231402}.mp4,movie,Crocodile Dundee in Los Angeles,unmatched,no movie match,,,,0
imdb://tt0481499,F:\MediaStack\data\media\movies\The Croods (2013)\The Croods (2013) [Bluray-1080p Proper] {imdb-tt0481499}.mp4,movie,The Croods,unmatched,no movie match,,,,0
imdb://tt2850386,F:\MediaStack\data\media\movies\The Croods - A New Age (2020)\The Croods A New Age (2020) [Bluray-1080p] {imdb-tt2850386}.mkv,movie,The Croods: A New Age,unmatched,no movie match,,,,0
imdb://tt3228774,F:\MediaStack\data\media\movies\Cruella (2021)\Cruella (2021) [Bluray-1080p] {imdb-tt3228774}.mkv,movie,Cruella,unmatched,no movie match,,,,0
imdb://tt0104036,F:\MediaStack\data\media\movies\The Crying Game (1992)\The Crying Game (1992) [Bluray-1080p] {imdb-tt0104036}.mkv,movie,The Crying Game,unmatched,no movie match,,,,0
imdb://tt0421715,F:\MediaStack\data\media\movies\The Curious Case of Benjamin Button (2008)\The Curious Case of Benjamin Button (2008) [Bluray-1080p] {imdb-tt0421715}.mp4,movie,The Curious Case of Benjamin Button,unmatched,no movie match,,,,0
imdb://tt0381971,F:\MediaStack\data\media\movies\Curious George (2006)\Curious George (2006) [WEBDL-1080p] {imdb-tt0381971}.mkv,movie,Curious George,unmatched,no movie match,,,,0
imdb://tt1350484,F:\MediaStack\data\media\movies\Curious George 2 - Follow That Monkey! (2009)\Curious George 2 Follow That Monkey! (2009) [WEBRip-720p] {imdb-tt1350484}.mp4,movie,Curious George 2: Follow That Monkey!,unmatched,no movie match,,,,0
imdb://tt0101635,F:\MediaStack\data\media\movies\Curly Sue (1991)\Curly Sue (1991) [WEBDL-720p] {imdb-tt0101635}.mkv,movie,Curly Sue,unmatched,no movie match,,,,0
imdb://tt0387541,F:\MediaStack\data\media\movies\Ring of the Nibelungs (2004)\Ring of the Nibelungs (2004) [WEBDL-480p] {imdb-tt0387541}.mkv,movie,Curse of the Ring,unmatched,no movie match,,,,0
imdb://tt0109520,F:\MediaStack\data\media\movies\D2 - The Mighty Ducks (1994)\D2 The Mighty Ducks (1994) [Bluray-1080p] {imdb-tt0109520}.mkv,movie,D2: The Mighty Ducks,unmatched,no movie match,,,,0
imdb://tt0116000,F:\MediaStack\data\media\movies\D3 - The Mighty Ducks (1996)\D3 The Mighty Ducks (1996) [Bluray-1080p] {imdb-tt0116000}.mkv,movie,D3: The Mighty Ducks,unmatched,no movie match,,,,0
imdb://tt0480242,F:\MediaStack\data\media\movies\Dan in Real Life (2007)\Dan in Real Life (2007) [Bluray-1080p] {imdb-tt0480242}.mp4,movie,Dan in Real Life,unmatched,no movie match,,,,0
imdb://tt5074352,F:\MediaStack\data\media\movies\Dangal (2016)\Dangal (2016) [Bluray-1080p] {imdb-tt5074352}.mp4,movie,Dangal,unmatched,no movie match,,,,0
imdb://tt0112792,F:\MediaStack\data\media\movies\Dangerous Minds (1995)\Dangerous Minds (1995) [WEBDL-1080p] {imdb-tt0112792}.mkv,movie,Dangerous Minds,unmatched,no movie match,,,,0
imdb://tt0106598,F:\MediaStack\data\media\movies\Coneheads (1993)\Coneheads (1993) [Bluray-1080p] {imdb-tt0106598}.mkv,movie,Coneheads,unmatched,no movie match,,,,0
imdb://tt0270288,F:\MediaStack\data\media\movies\Confessions of a Dangerous Mind (2002)\Confessions of a Dangerous Mind (2002) [Bluray-1080p] {imdb-tt0270288}.mp4,movie,Confessions of a Dangerous Mind,unmatched,no movie match,,,,0
imdb://tt1093908,F:\MediaStack\data\media\movies\Confessions of a Shopaholic (2009)\Confessions of a Shopaholic (2009) [Bluray-720p] {imdb-tt1093908}.mkv,movie,Confessions of a Shopaholic,unmatched,no movie match,,,,0
imdb://tt0361467,F:\MediaStack\data\media\movies\Confessions of a Teenage Drama Queen (2004)\Confessions of a Teenage Drama Queen (2004) [WEBRip-1080p] {imdb-tt0361467}.mp4,movie,Confessions of a Teenage Drama Queen,unmatched,no movie match,,,,0
imdb://tt0112715,F:\MediaStack\data\media\movies\Congo (1995)\Congo (1995) [Bluray-1080p] {imdb-tt0112715}.mkv,movie,Congo,unmatched,no movie match,,,,0
imdb://tt1457767,F:\MediaStack\data\media\movies\The Conjuring (2013)\The Conjuring (2013) [Bluray-1080p Proper] {imdb-tt1457767}.mkv,movie,The Conjuring,unmatched,no movie match,,,,0
imdb://tt3065204,F:\MediaStack\data\media\movies\The Conjuring 2 (2016)\The Conjuring 2 (2016) [Bluray-1080p] {imdb-tt3065204}.mkv,movie,The Conjuring 2,unmatched,no movie match,,,,0
imdb://tt0360486,F:\MediaStack\data\media\movies\Constantine (2005)\Constantine (2005) [Bluray-1080p] {imdb-tt0360486}.mkv,movie,Constantine,unmatched,no movie match,,,,0
imdb://tt0118884,F:\MediaStack\data\media\movies\Contact (1997)\Contact (1997) [Bluray-1080p] {imdb-tt0118884}.mkv,movie,Contact,unmatched,no movie match,,,,0
imdb://tt0208874,F:\MediaStack\data\media\movies\The Contender (2000)\The Contender (2000) [WEBRip-1080p] {imdb-tt0208874}.mp4,movie,The Contender,unmatched,no movie match,,,,0
imdb://tt0061512,F:\MediaStack\data\media\movies\Cool Hand Luke (1967)\Cool Hand Luke (1967) [Bluray-1080p] {imdb-tt0061512}.mp4,movie,Cool Hand Luke,unmatched,no movie match,,,,0
imdb://tt0106611,F:\MediaStack\data\media\movies\Cool Runnings (1993)\Cool Runnings (1993) [Bluray-1080p] {imdb-tt0106611}.mkv,movie,Cool Runnings,unmatched,no movie match,,,,0
imdb://tt0298814,F:\MediaStack\data\media\movies\The Core (2003)\The Core (2003) [Bluray-1080p] {imdb-tt0298814}.mp4,movie,The Core,unmatched,no movie match,,,,0
imdb://tt0245844,F:\MediaStack\data\media\movies\The Count of Monte Cristo (2002)\The Count of Monte Cristo (2002) [Bluray-1080p] {imdb-tt0245844}.mp4,movie,The Count of Monte Cristo,unmatched,no movie match,,,,0
imdb://tt4873118,F:\MediaStack\data\media\movies\Guy Ritchie's The Covenant (2023)\Guy Ritchies The Covenant (2023) [WEBRip-1080p] {imdb-tt4873118}.mkv,movie,The Covenant,unmatched,no movie match,,,,0
imdb://tt0489007,F:\MediaStack\data\media\movies\Cow Belles (2006)\Cow Belles (2006) [WEBDL-1080p] {imdb-tt0489007}.mkv,movie,Cow Belles,unmatched,no movie match,,,,0
imdb://tt0200550,F:\MediaStack\data\media\movies\Coyote Ugly (2000)\Coyote Ugly (2000) [Bluray-1080p] {imdb-tt0200550}.mkv,movie,Coyote Ugly,unmatched,no movie match,,,,0
imdb://tt4685762,F:\MediaStack\data\media\movies\The Craft - Legacy (2020)\The Craft Legacy (2020) [Bluray-1080p] {imdb-tt4685762}.mkv,movie,The Craft: Legacy,unmatched,no movie match,,,,0
imdb://tt5264838,F:\MediaStack\data\media\movies\Crater (2023)\Crater (2023) [WEBDL-1080p] {imdb-tt5264838}.mkv,movie,Crater,unmatched,no movie match,,,,0
imdb://tt1570728,"F:\MediaStack\data\media\movies\Crazy, Stupid, Love. (2011)\Crazy Stupid Love. (2011) [Bluray-1080p] {imdb-tt1570728}.mkv",movie,"Crazy, Stupid, Love.",unmatched,no movie match,,,,0
imdb://tt3076658,F:\MediaStack\data\media\movies\Creed (2015)\Creed (2015) [Bluray-1080p] {imdb-tt3076658}.mkv,movie,Creed,unmatched,no movie match,,,,0
imdb://tt6343314,F:\MediaStack\data\media\movies\Creed II (2018)\Creed II (2018) [Bluray-1080p] {imdb-tt6343314}.mp4,movie,Creed II,unmatched,no movie match,,,,0
imdb://tt0157472,F:\MediaStack\data\media\movies\Clockstoppers (2002)\Clockstoppers (2002) [Bluray-1080p] {imdb-tt0157472}.mkv,movie,Clockstoppers,unmatched,no movie match,,,,0
imdb://tt1371111,F:\MediaStack\data\media\movies\Cloud Atlas (2012)\Cloud Atlas (2012) [Bluray-1080p] {imdb-tt1371111}.mkv,movie,Cloud Atlas,unmatched,no movie match,,,,0
imdb://tt0393162,F:\MediaStack\data\media\movies\Coach Carter (2005)\Coach Carter (2005) [WEBDL-1080p] {imdb-tt0393162}.mkv,movie,Coach Carter,unmatched,no movie match,,,,0
imdb://tt3203616,F:\MediaStack\data\media\movies\The Cobbler (2014)\The Cobbler (2014) [Bluray-1080p] {imdb-tt3203616}.mkv,movie,The Cobbler,unmatched,no movie match,,,,0
imdb://tt2380307,F:\MediaStack\data\media\movies\Coco (2017)\Coco (2017) [Remux-1080p] {imdb-tt2380307}.mkv,movie,Coco,unmatched,no movie match,,,,0
imdb://tt0159365,F:\MediaStack\data\media\movies\Cold Mountain (2003)\Cold Mountain (2003) [Bluray-1080p] {imdb-tt0159365}.mp4,movie,Cold Mountain,unmatched,no movie match,,,,0
imdb://tt4682786,F:\MediaStack\data\media\movies\Collateral Beauty (2016)\Collateral Beauty (2016) [Bluray-1080p] {imdb-tt4682786}.mkv,movie,Collateral Beauty,unmatched,no movie match,,,,0
imdb://tt0090863,F:\MediaStack\data\media\movies\The Color of Money (1986)\The Color of Money (1986) [Bluray-1080p] {imdb-tt0090863}.mkv,movie,The Color of Money,unmatched,no movie match,,,,0
imdb://tt0088939,F:\MediaStack\data\media\movies\The Color Purple (1985)\The Color Purple (1985) [Bluray-1080p] {imdb-tt0088939}.mp4,movie,The Color Purple,unmatched,no movie match,,,,0
imdb://tt1200263,F:\MediaStack\data\media\movies\The Color Purple (2023)\The Color Purple (2023) [WEBDL-1080p] {imdb-tt1200263}.mkv,movie,The Color Purple,unmatched,no movie match,,,,0
imdb://tt23951384,F:\MediaStack\data\media\movies\The Colors Within (2024)\The Colors Within (2024) [Bluray-1080p] {imdb-tt23951384}.mkv,movie,The Colors Within,unmatched,no movie match,,,,0
imdb://tt0790804,F:\MediaStack\data\media\movies\The Comebacks (2007)\The Comebacks (2007) [HDTV-1080p] {imdb-tt0790804}.mp4,movie,The Comebacks,unmatched,no movie match,,,,0
imdb://tt0082198,F:\MediaStack\data\media\movies\Conan the Barbarian (1982)\Conan the Barbarian (1982) [Bluray-1080p] {imdb-tt0082198}.mkv,movie,Conan the Barbarian,unmatched,ambiguous movie title match,,,,0
imdb://tt0087078,F:\MediaStack\data\media\movies\Conan the Destroyer (1984)\Conan the Destroyer (1984) [Bluray-1080p] {imdb-tt0087078}.mkv,movie,Conan the Destroyer,unmatched,no movie match,,,,0
imdb://tt0363771,"F:\MediaStack\data\media\movies\The Chronicles of Narnia - The Lion, the Witch and the Wardrobe (2005)\The Chronicles of Narnia The Lion the Witch and the Wardrobe (2005) [Bluray-1080p] {imdb-tt0363771}.mkv",movie,"The Chronicles of Narnia: The Lion, the Witch and the Wardrobe",unmatched,no movie match,,,,0
imdb://tt0980970,F:\MediaStack\data\media\movies\The Chronicles of Narnia - The Voyage of the Dawn Treader (2010)\The Chronicles of Narnia The Voyage of the Dawn Treader (2010) [Bluray-1080p] {imdb-tt0980970}.mkv,movie,The Chronicles of Narnia: The Voyage of the Dawn Treader,unmatched,no movie match,,,,0
imdb://tt0457303,F:\MediaStack\data\media\movies\Church Ball (2006)\Church Ball (2006) [WEBDL-480p] {imdb-tt0457303}.mkv,movie,Church Ball,unmatched,no movie match,,,,0
imdb://tt0356470,F:\MediaStack\data\media\movies\A Cinderella Story (2004)\A Cinderella Story (2004) [Bluray-1080p] {imdb-tt0356470}.mp4,movie,A Cinderella Story,unmatched,no movie match,,,,0
imdb://tt0095765,F:\MediaStack\data\media\movies\Cinema Paradiso (1988)\Cinema Paradiso (1988) [Bluray-1080p] {imdb-tt0095765}.mp4,movie,Cinema Paradiso,unmatched,no movie match,,,,0
imdb://tt1641975,F:\MediaStack\data\media\movies\Citadel (2012)\Citadel (2012) [Bluray-1080p] {imdb-tt1641975}.mp4,movie,Citadel,unmatched,no movie match,,,,0
imdb://tt0033467,F:\MediaStack\data\media\movies\Citizen Kane (1941)\Citizen Kane (1941) [Bluray-1080p] {imdb-tt0033467}.mkv,movie,Citizen Kane,unmatched,no movie match,,,,0
imdb://tt0021749,F:\MediaStack\data\media\movies\City Lights (1931)\City Lights (1931) [Bluray-1080p] {imdb-tt0021749}.mp4,movie,City Lights,unmatched,no movie match,,,,0
imdb://tt0120632,F:\MediaStack\data\media\movies\City of Angels (1998)\City of Angels (1998) [Bluray-1080p] {imdb-tt0120632}.mp4,movie,City of Angels,unmatched,no movie match,,,,0
imdb://tt0317248,F:\MediaStack\data\media\movies\City of God (2002)\City of God (2002) [Bluray-1080p] {imdb-tt0317248}.mkv,movie,City of God,unmatched,no movie match,,,,0
imdb://tt0101587,F:\MediaStack\data\media\movies\City Slickers (1991)\City Slickers (1991) [Bluray-1080p] {imdb-tt0101587}.mp4,movie,City Slickers,unmatched,no movie match,,,,0
imdb://tt0120633,F:\MediaStack\data\media\movies\A Civil Action (1998)\A Civil Action (1998) [Bluray-1080p] {imdb-tt0120633}.mp4,movie,A Civil Action,unmatched,no movie match,,,,0
imdb://tt0800320,F:\MediaStack\data\media\movies\Clash of the Titans (2010)\Clash of the Titans (2010) [Bluray-1080p] {imdb-tt0800320}.mp4,movie,Clash of the Titans,unmatched,no movie match,,,,0
imdb://tt0056937,F:\MediaStack\data\media\movies\Cleopatra (1963)\Cleopatra (1963) [Bluray-1080p] {imdb-tt0056937}.mkv,movie,Cleopatra,unmatched,no movie match,,,,0
imdb://tt0109446,F:\MediaStack\data\media\movies\The Client (1994)\The Client (1994) [Bluray-1080p] {imdb-tt0109446}.mkv,movie,The Client,unmatched,no movie match,,,,0
imdb://tt0109447,F:\MediaStack\data\media\movies\Clifford (1994)\Clifford (1994) [WEBRip-1080p] {imdb-tt0109447}.mp4,movie,Clifford,unmatched,no movie match,,,,0
imdb://tt2397461,F:\MediaStack\data\media\movies\Clifford the Big Red Dog (2021)\Clifford the Big Red Dog (2021) [Bluray-1080p] {imdb-tt2397461}.mkv,movie,Clifford the Big Red Dog,unmatched,no movie match,,,,0
imdb://tt0413895,F:\MediaStack\data\media\movies\Charlotte's Web (2006)\Charlottes Web (2006) [Bluray-1080p] {imdb-tt0413895}.mp4,movie,Charlotte's Web,unmatched,no movie match,,,,0
imdb://tt0118842,F:\MediaStack\data\media\movies\Chasing Amy (1997)\Chasing Amy (1997) [Bluray-1080p] {imdb-tt0118842}.mkv,movie,Chasing Amy,unmatched,no movie match,,,,0
imdb://tt0349205,F:\MediaStack\data\media\movies\Cheaper by the Dozen (2003)\Cheaper by the Dozen (2003) [WEBDL-1080p] {imdb-tt0349205}.mkv,movie,Cheaper by the Dozen,unmatched,no movie match,,,,0
imdb://tt6705162,F:\MediaStack\data\media\movies\Cheaper by the Dozen (2022)\Cheaper by the Dozen (2022) [WEBRip-1080p] {imdb-tt6705162}.mp4,movie,Cheaper by the Dozen,unmatched,no movie match,,,,0
imdb://tt0452598,F:\MediaStack\data\media\movies\Cheaper by the Dozen 2 (2005)\Cheaper by the Dozen 2 (2005) [Bluray-1080p] {imdb-tt0452598}.mp4,movie,Cheaper by the Dozen 2,unmatched,no movie match,,,,0
imdb://tt0299658,F:\MediaStack\data\media\movies\Chicago (2002)\Chicago (2002) [Bluray-1080p Proper] {imdb-tt0299658}.mkv,movie,Chicago,unmatched,no movie match,,,,0
tmdb://397636,F:\MediaStack\data\media\movies\Chichagof - The Hook (2004)\Chichagof The Hook (2004) [Unknown].mkv,movie,Chichagof: The Hook,unmatched,no movie match,,,,0
imdb://tt0371606,F:\MediaStack\data\media\movies\Chicken Little (2005)\Chicken Little (2005) [Bluray-1080p] {imdb-tt0371606}.mp4,movie,Chicken Little,unmatched,no movie match,,,,0
imdb://tt0120630,F:\MediaStack\data\media\movies\Chicken Run (2000)\Chicken Run (2000) [Bluray-1080p] {imdb-tt0120630}.mkv,movie,Chicken Run,unmatched,no movie match,,,,0
imdb://tt0078966,F:\MediaStack\data\media\movies\The China Syndrome (1979)\The China Syndrome (1979) [Bluray-1080p] {imdb-tt0078966}.mp4,movie,The China Syndrome,unmatched,no movie match,,,,0
imdb://tt3513500,F:\MediaStack\data\media\movies\Chip 'n Dale - Rescue Rangers (2022)\Chip 'n Dale Rescue Rangers (2022) [WEBDL-1080p] {imdb-tt3513500}.mkv,movie,Chip 'n Dale: Rescue Rangers,unmatched,no movie match,,,,0
imdb://tt0087056,F:\MediaStack\data\media\movies\A Christmas Carol (1984)\A Christmas Carol (1984) [Bluray-1080p] {imdb-tt0087056}.mp4,movie,A Christmas Carol,unmatched,no movie match,,,,0
imdb://tt0216621,F:\MediaStack\data\media\movies\A Christmas Carol (1999)\A Christmas Carol (1999) [DVD] {imdb-tt0216621}.avi,movie,A Christmas Carol,unmatched,no movie match,,,,0
imdb://tt1067106,F:\MediaStack\data\media\movies\A Christmas Carol (2009)\A Christmas Carol (2009) [Bluray-1080p] {imdb-tt1067106}.mkv,movie,A Christmas Carol,unmatched,no movie match,,,,0
imdb://tt0085334,F:\MediaStack\data\media\movies\A Christmas Story (1983)\A Christmas Story (1983) [Bluray-1080p] {imdb-tt0085334}.mkv,movie,A Christmas Story,unmatched,no movie match,,,,0
imdb://tt0097958,F:\MediaStack\data\media\movies\National Lampoon's Christmas Vacation (1989)\National Lampoons Christmas Vacation (1989) [Bluray-1080p] {imdb-tt0097958}.mkv,movie,Christmas Vacation,unmatched,no movie match,,,,0
imdb://tt0499448,F:\MediaStack\data\media\movies\The Chronicles of Narnia - Prince Caspian (2008)\The Chronicles of Narnia Prince Caspian (2008) [Bluray-1080p] {imdb-tt0499448}.mkv,movie,The Chronicles of Narnia: Prince Caspian,unmatched,no movie match,,,,0
imdb://tt0034583,F:\MediaStack\data\media\movies\Casablanca (1943)\Casablanca (1943) [WEBDL-1080p] {imdb-tt0034583}.mkv,movie,Casablanca,unmatched,no movie match,,,,0
imdb://tt0112642,F:\MediaStack\data\media\movies\Casper (1995)\Casper (1995) [Bluray-1080p] {imdb-tt0112642}.mkv,movie,Casper,unmatched,no movie match,,,,0
imdb://tt0162222,F:\MediaStack\data\media\movies\Cast Away (2000)\Cast Away (2000) [Bluray-1080p] {imdb-tt0162222}.mkv,movie,Cast Away,unmatched,no movie match,,,,0
imdb://tt0092067,F:\MediaStack\data\media\movies\Castle in the Sky (1986)\Castle in the Sky (1986) [Bluray-1080p] {imdb-tt0092067}.mp4,movie,Castle in the Sky,unmatched,no movie match,,,,0
imdb://tt0312528,F:\MediaStack\data\media\movies\The Cat in the Hat (2003)\The Cat in the Hat (2003) [Bluray-1080p] {imdb-tt0312528}.mp4,movie,The Cat in the Hat,unmatched,no movie match,,,,0
imdb://tt0051459,F:\MediaStack\data\media\movies\Cat on a Hot Tin Roof (1958)\Cat on a Hot Tin Roof (1958) [Bluray-1080p] {imdb-tt0051459}.mp4,movie,Cat on a Hot Tin Roof,unmatched,no movie match,,,,0
imdb://tt0347618,F:\MediaStack\data\media\movies\The Cat Returns (2002)\The Cat Returns (2002) [Bluray-1080p] {imdb-tt0347618}.mkv,movie,The Cat Returns,unmatched,no movie match,,,,0
imdb://tt0337917,F:\MediaStack\data\media\movies\Catch That Kid (2004)\Catch That Kid (2004) [WEBRip-1080p] {imdb-tt0337917}.mp4,movie,Catch That Kid,unmatched,no movie match,,,,0
imdb://tt0239395,F:\MediaStack\data\media\movies\Cats & Dogs (2001)\Cats and Dogs (2001) [Bluray-1080p] {imdb-tt0239395}.mp4,movie,Cats & Dogs,unmatched,no movie match,,,,0
imdb://tt0118829,F:\MediaStack\data\media\movies\Cats Don't Dance (1997)\Cats Dont Dance (1997) [Bluray-720p] {imdb-tt0118829}.mp4,movie,Cats Don't Dance,unmatched,no movie match,,,,0
imdb://tt0209958,F:\MediaStack\data\media\movies\The Cell (2000)\The Cell (2000) [Bluray-1080p] {imdb-tt0209958}.mkv,movie,The Cell,unmatched,no movie match,,,,0
imdb://tt1489889,F:\MediaStack\data\media\movies\Central Intelligence (2016)\Central Intelligence (2016) [Bluray-1080p] {imdb-tt1489889}.mkv,movie,Central Intelligence,unmatched,no movie match,,,,0
imdb://tt0140888,F:\MediaStack\data\media\movies\Central Station (1998)\Central Station (1998) [Bluray-1080p] {imdb-tt0140888}.mkv,movie,Central Station,unmatched,no movie match,,,,0
imdb://tt0824747,F:\MediaStack\data\media\movies\Changeling (2008)\Changeling (2008) [Bluray-1080p] {imdb-tt0824747}.mkv,movie,Changeling,unmatched,no movie match,,,,0
imdb://tt0367594,F:\MediaStack\data\media\movies\Charlie and the Chocolate Factory (2005)\Charlie and the Chocolate Factory (2005) [Bluray-1080p] {imdb-tt0367594}.mkv,movie,Charlie and the Chocolate Factory,unmatched,no movie match,,,,0
imdb://tt0160127,F:\MediaStack\data\media\movies\Charlie's Angels (2000)\Charlies Angels (2000) [Bluray-1080p] {imdb-tt0160127}.mp4,movie,Charlie's Angels,unmatched,no movie match,,,,0
imdb://tt5033998,F:\MediaStack\data\media\movies\Charlie's Angels (2019)\Charlies Angels (2019) [Bluray-1080p] {imdb-tt5033998}.mp4,movie,Charlie's Angels,unmatched,no movie match,,,,0
imdb://tt0056891,F:\MediaStack\data\media\movies\Bye Bye Birdie (1963)\Bye Bye Birdie (1963) [Bluray-720p] {imdb-tt0056891}.mkv,movie,Bye Bye Birdie,unmatched,no movie match,,,,0
imdb://tt0115798,F:\MediaStack\data\media\movies\The Cable Guy (1996)\The Cable Guy (1996) [Bluray-1080p] {imdb-tt0115798}.mkv,movie,The Cable Guy,unmatched,no movie match,,,,0
imdb://tt0080487,F:\MediaStack\data\media\movies\Caddyshack (1980)\Caddyshack (1980) [Bluray-1080p] {imdb-tt0080487}.mp4,movie,Caddyshack,unmatched,no movie match,,,,0
imdb://tt7504726,F:\MediaStack\data\media\movies\The Call of the Wild (2020)\The Call of the Wild (2020) [Bluray-1080p] {imdb-tt7504726}.mp4,movie,The Call of the Wild,unmatched,no movie match,,,,0
imdb://tt1790886,F:\MediaStack\data\media\movies\The Campaign (2012)\The Campaign (2012) [Bluray-1080p] {imdb-tt1790886}.mkv,movie,The Campaign,unmatched,no movie match,,,,0
imdb://tt0055824,F:\MediaStack\data\media\movies\Cape Fear (1962)\Cape Fear (1962) [Bluray-1080p] {imdb-tt0055824}.mp4,movie,Cape Fear,unmatched,no movie match,,,,0
imdb://tt0101540,F:\MediaStack\data\media\movies\Cape Fear (1991)\Cape Fear (1991) [WEBDL-720p] {imdb-tt0101540}.mkv,movie,Cape Fear,unmatched,no movie match,,,,0
imdb://tt8267604,F:\MediaStack\data\media\movies\Capernaum (2018)\Capernaum (2018) [Bluray-1080p] {imdb-tt8267604}.mkv,movie,Capernaum,unmatched,no movie match,,,,0
imdb://tt14513804,F:\MediaStack\data\media\movies\Captain America - Brave New World (2025)\Captain America Brave New World (2025) [Bluray-1080p] {imdb-tt14513804}.mkv,movie,Captain America: Brave New World,unmatched,no movie match,,,,0
imdb://tt3498820,F:\MediaStack\data\media\movies\Captain America - Civil War (2016)\Captain America Civil War (2016) [Bluray-1080p] {imdb-tt3498820}.mkv,movie,Captain America: Civil War,unmatched,no movie match,,,,0
imdb://tt0458339,F:\MediaStack\data\media\movies\Captain America - The First Avenger (2011)\Captain America The First Avenger (2011) [Bluray-1080p] {imdb-tt0458339}.mkv,movie,Captain America: The First Avenger,unmatched,no movie match,,,,0
imdb://tt4154664,F:\MediaStack\data\media\movies\Captain Marvel (2019)\Captain Marvel (2019) [Bluray-1080p] {imdb-tt4154664}.mkv,movie,Captain Marvel,unmatched,no movie match,,,,0
imdb://tt3268668,F:\MediaStack\data\media\movies\Captive (2015)\Captive (2015) [Bluray-1080p] {imdb-tt3268668}.mkv,movie,Captive,unmatched,no movie match,,,,0
imdb://tt0317219,F:\MediaStack\data\media\movies\Cars (2006)\Cars (2006) [Bluray-1080p] {imdb-tt0317219}.mkv,movie,Cars,unmatched,no movie match,,,,0
imdb://tt1216475,F:\MediaStack\data\media\movies\Cars 2 (2011)\Cars 2 (2011) [Bluray-1080p] {imdb-tt1216475}.mkv,movie,Cars 2,unmatched,no movie match,,,,0
imdb://tt3606752,F:\MediaStack\data\media\movies\Cars 3 (2017)\Cars 3 (2017) [Bluray-1080p] {imdb-tt3606752}.mkv,movie,Cars 3,unmatched,no movie match,,,,0
imdb://tt0112579,F:\MediaStack\data\media\movies\The Bridges of Madison County (1995)\The Bridges of Madison County (1995) [Bluray-1080p] {imdb-tt0112579}.mkv,movie,The Bridges of Madison County,unmatched,no movie match,,,,0
imdb://tt0305669,F:\MediaStack\data\media\movies\Bringing Down the House (2003)\Bringing Down the House (2003) [WEBDL-1080p] {imdb-tt0305669}.mkv,movie,Bringing Down the House,unmatched,no movie match,,,,0
imdb://tt0162212,F:\MediaStack\data\media\movies\Brink! (1998)\Brink! (1998) [WEBRip-480p] {imdb-tt0162212}.mkv,movie,Brink!,unmatched,no movie match,,,,0
imdb://tt0120620,F:\MediaStack\data\media\movies\Brokedown Palace (1999)\Brokedown Palace (1999) [Bluray-1080p] {imdb-tt0120620}.mp4,movie,Brokedown Palace,unmatched,no movie match,,,,0
imdb://tt0412019,F:\MediaStack\data\media\movies\Broken Flowers (2005)\Broken Flowers (2005) [HDTV-1080p] {imdb-tt0412019}.mp4,movie,Broken Flowers,unmatched,no movie match,,,,0
imdb://tt2381111,F:\MediaStack\data\media\movies\Brooklyn (2015)\Brooklyn (2015) [Bluray-1080p] {imdb-tt2381111}.mkv,movie,Brooklyn,unmatched,no movie match,,,,0
imdb://tt0328880,F:\MediaStack\data\media\movies\Brother Bear (2003)\Brother Bear (2003) [Bluray-1080p] {imdb-tt0328880}.mkv,movie,Brother Bear,unmatched,no movie match,,,,0
imdb://tt0465925,F:\MediaStack\data\media\movies\Brother Bear 2 (2006)\Brother Bear 2 (2006) [Bluray-1080p] {imdb-tt0465925}.mkv,movie,Brother Bear 2,unmatched,no movie match,,,,0
imdb://tt0355295,F:\MediaStack\data\media\movies\The Brothers Grimm (2005)\The Brothers Grimm (2005) [Bluray-1080p] {imdb-tt0355295}.mkv,movie,The Brothers Grimm,unmatched,no movie match,,,,0
imdb://tt0258470,F:\MediaStack\data\media\movies\Bubble Boy (2001)\Bubble Boy (2001) [WEBDL-1080p] {imdb-tt0258470}.mp4,movie,Bubble Boy,unmatched,no movie match,,,,0
imdb://tt0825232,F:\MediaStack\data\media\movies\The Bucket List (2007)\The Bucket List (2007) [Bluray-1080p] {imdb-tt0825232}.mp4,movie,The Bucket List,unmatched,no movie match,,,,0
imdb://tt0118787,F:\MediaStack\data\media\movies\Buddy (1997)\Buddy (1997) [WEBDL-720p] {imdb-tt0118787}.mkv,movie,Buddy,unmatched,no movie match,,,,0
imdb://tt0120623,F:\MediaStack\data\media\movies\A Bug's Life (1998)\A Bugs Life (1998) [Bluray-1080p Proper] {imdb-tt0120623}.mp4,movie,A Bug's Life,unmatched,no movie match,,,,0
imdb://tt0094812,F:\MediaStack\data\media\movies\Bull Durham (1988)\Bull Durham (1988) [Bluray-1080p] {imdb-tt0094812}.mkv,movie,Bull Durham,unmatched,no movie match,,,,0
imdb://tt0062765,F:\MediaStack\data\media\movies\Bullitt (1968)\Bullitt (1968) [Bluray-1080p] {imdb-tt0062765}.mp4,movie,Bullitt,unmatched,no movie match,,,,0
imdb://tt0064115,F:\MediaStack\data\media\movies\Butch Cassidy and the Sundance Kid (1969)\Butch Cassidy and the Sundance Kid (1969) [Bluray-1080p] {imdb-tt0064115}.mp4,movie,Butch Cassidy and the Sundance Kid,unmatched,no movie match,,,,0
imdb://tt0289879,F:\MediaStack\data\media\movies\The Butterfly Effect (2004)\The Butterfly Effect (2004) [Bluray-1080p] {imdb-tt0289879}.mp4,movie,The Butterfly Effect,unmatched,no movie match,,,,0
imdb://tt6932874,F:\MediaStack\data\media\movies\The Boss Baby - Family Business (2021)\The Boss Baby Family Business (2021) [Bluray-1080p] {imdb-tt6932874}.mkv,movie,The Boss Baby: Family Business,unmatched,no movie match,,,,0
imdb://tt0118760,F:\MediaStack\data\media\movies\The Boxer (1997)\The Boxer (1997) [Bluray-1080p] {imdb-tt0118760}.mp4,movie,The Boxer,unmatched,no movie match,,,,0
imdb://tt4272866,F:\MediaStack\data\media\movies\The Boy and the Beast (2015)\The Boy and the Beast (2015) [Bluray-1080p] {imdb-tt4272866}.mkv,movie,The Boy and the Beast,unmatched,no movie match,,,,0
imdb://tt6587046,F:\MediaStack\data\media\movies\The Boy and the Heron (2023)\The Boy and the Heron (2023) [Bluray-1080p] {imdb-tt6587046}.mp4,movie,The Boy and the Heron,unmatched,no movie match,,,,0
imdb://tt0914798,F:\MediaStack\data\media\movies\The Boy in the Striped Pyjamas (2008)\The Boy in the Striped Pyjamas (2008) [Bluray-1080p] {imdb-tt0914798}.mp4,movie,The Boy in the Striped Pajamas,unmatched,no movie match,,,,0
imdb://tt0112572,F:\MediaStack\data\media\movies\The Brady Bunch Movie (1995)\The Brady Bunch Movie (1995) [Bluray-1080p] {imdb-tt0112572}.mkv,movie,The Brady Bunch Movie,unmatched,no movie match,,,,0
imdb://tt1217209,F:\MediaStack\data\media\movies\Brave (2012)\Brave (2012) [Bluray-1080p] {imdb-tt1217209}.mp4,movie,Brave,unmatched,no movie match,,,,0
imdb://tt0092695,F:\MediaStack\data\media\movies\The Brave Little Toaster (1987)\The Brave Little Toaster (1987) [WEBDL-1080p] {imdb-tt0092695}.mkv,movie,The Brave Little Toaster,unmatched,no movie match,,,,0
imdb://tt0452594,F:\MediaStack\data\media\movies\The Break-Up (2006)\The Break-Up (2006) [Bluray-1080p] {imdb-tt0452594}.mp4,movie,The Break-Up,unmatched,no movie match,,,,0
imdb://tt0808179,F:\MediaStack\data\media\movies\Brian Regan - I Walked on the Moon (2004)\Brian Regan I Walked on the Moon (2004) [SDTV] {imdb-tt0808179}.avi,movie,Brian Regan: I Walked on the Moon,unmatched,no movie match,,,,0
imdb://tt0901476,F:\MediaStack\data\media\movies\Bride Wars (2009)\Bride Wars (2009) [Bluray-1080p] {imdb-tt0901476}.mkv,movie,Bride Wars,unmatched,no movie match,,,,0
imdb://tt0039219,F:\MediaStack\data\media\movies\Brideless Groom (1947)\Brideless Groom (1947) [Unknown] {imdb-tt0039219}.mkv,movie,Brideless Groom,unmatched,no movie match,,,,0
imdb://tt3682448,F:\MediaStack\data\media\movies\Bridge of Spies (2015)\Bridge of Spies (2015) [Bluray-1080p] {imdb-tt3682448}.mkv,movie,Bridge of Spies,unmatched,no movie match,,,,0
imdb://tt0398808,F:\MediaStack\data\media\movies\Bridge to Terabithia (2007)\Bridge to Terabithia (2007) [Bluray-1080p] {imdb-tt0398808}.mkv,movie,Bridge to Terabithia,unmatched,no movie match,,,,0
imdb://tt0075784,F:\MediaStack\data\media\movies\A Bridge Too Far (1977)\A Bridge Too Far (1977) [Bluray-1080p] {imdb-tt0075784}.mkv,movie,A Bridge Too Far,unmatched,no movie match,,,,0
imdb://tt9114286,F:\MediaStack\data\media\movies\Black Panther - Wakanda Forever (2022)\Black Panther Wakanda Forever (2022) [Bluray-1080p] {imdb-tt9114286}.mp4,movie,Black Panther: Wakanda Forever,unmatched,no movie match,,,,0
imdb://tt0115697,F:\MediaStack\data\media\movies\Black Sheep (1996)\Black Sheep (1996) [Bluray-1080p] {imdb-tt0115697}.mkv,movie,Black Sheep,unmatched,no movie match,,,,0
imdb://tt3480822,F:\MediaStack\data\media\movies\Black Widow (2021)\Black Widow (2021) [Bluray-1080p] {imdb-tt3480822}.mkv,movie,Black Widow,unmatched,no movie match,,,,0
imdb://tt0120611,F:\MediaStack\data\media\movies\Blade (1998)\Blade (1998) [Bluray-1080p] {imdb-tt0120611}.mkv,movie,Blade,unmatched,no movie match,,,,0
imdb://tt0187738,F:\MediaStack\data\media\movies\Blade II (2002)\Blade II (2002) [Bluray-1080p] {imdb-tt0187738}.mkv,movie,Blade II,unmatched,no movie match,,,,0
imdb://tt0083658,F:\MediaStack\data\media\movies\Blade Runner (1982)\Blade Runner (1982) [Bluray-1080p Proper] {imdb-tt0083658}.mkv,movie,Blade Runner,unmatched,no movie match,,,,0
imdb://tt1856101,F:\MediaStack\data\media\movies\Blade Runner 2049 (2017)\Blade Runner 2049 (2017) [Bluray-1080p] {imdb-tt1856101}.mp4,movie,Blade Runner 2049,unmatched,no movie match,,,,0
imdb://tt0359013,F:\MediaStack\data\media\movies\Blade - Trinity (2004)\Blade Trinity (2004) [Bluray-1080p] {imdb-tt0359013}.mp4,movie,Blade: Trinity,unmatched,no movie match,,,,0
imdb://tt0109287,F:\MediaStack\data\media\movies\Blank Check (1994)\Blank Check (1994) [WEBRip-1080p] {imdb-tt0109287}.mkv,movie,Blank Check,unmatched,no movie match,,,,0
imdb://tt0878804,F:\MediaStack\data\media\movies\The Blind Side (2009)\The Blind Side (2009) [Bluray-1080p] {imdb-tt0878804}.mkv,movie,The Blind Side,unmatched,no movie match,,,,0
imdb://tt0094761,F:\MediaStack\data\media\movies\The Blob (1988)\The Blob (1988) [Bluray-1080p] {imdb-tt0094761}.mkv,movie,The Blob,unmatched,no movie match,,,,0
imdb://tt0450259,F:\MediaStack\data\media\movies\Blood Diamond (2006)\Blood Diamond (2006) [Bluray-1080p] {imdb-tt0450259}.mp4,movie,Blood Diamond,unmatched,no movie match,,,,0
imdb://tt0383222,F:\MediaStack\data\media\movies\BloodRayne (2005)\BloodRayne (2005) [Bluray-1080p] {imdb-tt0383222}.mp4,movie,BloodRayne,unmatched,no movie match,,,,0
imdb://tt0024902,F:\MediaStack\data\media\movies\Blue Steel (1934)\Blue Steel (1934) [WEBDL-480p] {imdb-tt0024902}.mkv,movie,Blue Steel,unmatched,no movie match,,,,0
imdb://tt1131729,F:\MediaStack\data\media\movies\The Boat That Rocked (2009)\The Boat That Rocked (2009) [Bluray-1080p] {imdb-tt1131729}.mkv,movie,The Boat That Rocked,unmatched,no movie match,,,,0
local://19842,F:\MediaStack\data\media\movies\Bob Dylan - MTV Unplugged (1994)\Bob Dylan MTV Unplugged (1994) [WEBDL-480p] {imdb-tt0737264}.mkv,movie,Bob Dylan MTV Unplugged,unmatched,no movie match,,,,0
imdb://tt0039204,F:\MediaStack\data\media\movies\Body and Soul (1947)\Body and Soul (1947) [Bluray-1080p] {imdb-tt0039204}.mkv,movie,Body and Soul,unmatched,no movie match,,,,0
imdb://tt0397892,F:\MediaStack\data\media\movies\Bolt (2008)\Bolt (2008) [Bluray-1080p Proper] {imdb-tt0397892}.mp4,movie,Bolt,unmatched,no movie match,,,,0
imdb://tt22866358,F:\MediaStack\data\media\movies\The Book of Clarence (2024)\The Book of Clarence (2024) [WEBDL-1080p] {imdb-tt22866358}.mkv,movie,The Book of Clarence,unmatched,no movie match,,,,0
imdb://tt1037705,F:\MediaStack\data\media\movies\The Book of Eli (2010)\The Book of Eli (2010) [Bluray-1080p] {imdb-tt1037705}.mkv,movie,The Book of Eli,unmatched,no movie match,,,,0
imdb://tt2262227,F:\MediaStack\data\media\movies\The Book of Life (2014)\The Book of Life (2014) [Bluray-1080p] {imdb-tt2262227}.mp4,movie,The Book of Life,unmatched,no movie match,,,,0
imdb://tt0816442,F:\MediaStack\data\media\movies\The Book Thief (2013)\The Book Thief (2013) [WEBDL-480p] {imdb-tt0816442}.mkv,movie,The Book Thief,unmatched,no movie match,,,,0
imdb://tt0082096,F:\MediaStack\data\media\movies\Das Boot (1981)\Das Boot (1981) [Bluray-1080p] {imdb-tt0082096}.mkv,movie,Das Boot,unmatched,no movie match,,,,0
imdb://tt0443453,F:\MediaStack\data\media\movies\Borat - Cultural Learnings of America for Make Benefit Glorious Nation of Kazakhstan (2006)\Borat Cultural Learnings of America for Make Benefit Glorious Nation of Kazakhstan (2006) [Bluray-1080p] {imdb-tt0443453}.mp4,movie,Borat,unmatched,no movie match,,,,0
imdb://tt0028653,F:\MediaStack\data\media\movies\Hell Town (1937)\Hell Town (1937) [WEBDL-480p].mkv,movie,Born to the West,unmatched,no movie match,,,,0
imdb://tt0118755,F:\MediaStack\data\media\movies\The Borrowers (1997)\The Borrowers (1997) [Bluray-1080p] {imdb-tt0118755}.mkv,movie,The Borrowers,unmatched,no movie match,,,,0
imdb://tt0377038,F:\MediaStack\data\media\movies\The Best Two Years (2004)\The Best Two Years (2004) [WEBDL-480p] {imdb-tt0377038}.mkv,movie,The Best Two Years,unmatched,no movie match,,,,0
imdb://tt3691740,F:\MediaStack\data\media\movies\The BFG (2016)\The BFG (2016) [Bluray-1080p] {imdb-tt3691740}.mkv,movie,The BFG,unmatched,no movie match,,,,0
imdb://tt0182789,F:\MediaStack\data\media\movies\Bicentennial Man (1999)\Bicentennial Man (1999) [WEBRip-1080p] {imdb-tt0182789}.mkv,movie,Bicentennial Man,unmatched,no movie match,,,,0
imdb://tt0040522,F:\MediaStack\data\media\movies\Bicycle Thieves (1948)\Bicycle Thieves (1948) [Bluray-1080p] {imdb-tt0040522}.mkv,movie,Bicycle Thieves,unmatched,no movie match,,,,0
imdb://tt0265298,F:\MediaStack\data\media\movies\Big Fat Liar (2002)\Big Fat Liar (2002) [Bluray-1080p] {imdb-tt0265298}.mp4,movie,Big Fat Liar,unmatched,no movie match,,,,0
imdb://tt0112499,F:\MediaStack\data\media\movies\The Big Green (1995)\The Big Green (1995) [Bluray-1080p] {imdb-tt0112499}.mkv,movie,The Big Green,unmatched,no movie match,,,,0
imdb://tt2245084,F:\MediaStack\data\media\movies\Big Hero 6 (2014)\Big Hero 6 (2014) [Bluray-1080p] {imdb-tt2245084}.mp4,movie,Big Hero 6,unmatched,no movie match,,,,0
imdb://tt0066831,F:\MediaStack\data\media\movies\Big Jake (1971)\Big Jake (1971) [Bluray-1080p] {imdb-tt0066831}.mp4,movie,Big Jake,unmatched,no movie match,,,,0
imdb://tt0090728,F:\MediaStack\data\media\movies\Big Trouble in Little China (1986)\Big Trouble in Little China (1986) [Bluray-1080p] {imdb-tt0090728}.mkv,movie,Big Trouble in Little China,unmatched,no movie match,,,,0
imdb://tt2562232,F:\MediaStack\data\media\movies\Birdman or (The Unexpected Virtue of Ignorance) (2014)\Birdman or The Unexpected Virtue of Ignorance (2014) [WEBDL-1080p] {imdb-tt2562232}.mkv,movie,Birdman or (The Unexpected Virtue of Ignorance),unmatched,no movie match,,,,0
imdb://tt0056869,F:\MediaStack\data\media\movies\The Birds (1963)\The Birds (1963) [Bluray-1080p] {imdb-tt0056869}.mkv,movie,The Birds,unmatched,no movie match,,,,0
imdb://tt0086969,F:\MediaStack\data\media\movies\Birdy (1984)\Birdy (1984) [Bluray-1080p] {imdb-tt0086969}.mkv,movie,Birdy,unmatched,no movie match,,,,0
imdb://tt6443346,F:\MediaStack\data\media\movies\Black Adam (2022)\Black Adam (2022) [Bluray-1080p] {imdb-tt6443346}.mkv,movie,Black Adam,unmatched,no movie match,,,,0
imdb://tt0109279,F:\MediaStack\data\media\movies\Black Beauty (1994)\Black Beauty (1994) [Bluray-1080p] {imdb-tt0109279}.mp4,movie,Black Beauty,unmatched,no movie match,,,,0
imdb://tt0088814,F:\MediaStack\data\media\movies\The Black Cauldron (1985)\The Black Cauldron (1985) [Bluray-1080p] {imdb-tt0088814}.mkv,movie,The Black Cauldron,unmatched,no movie match,,,,0
imdb://tt0387877,F:\MediaStack\data\media\movies\The Black Dahlia (2006)\The Black Dahlia (2006) [Bluray-1080p] {imdb-tt0387877}.mp4,movie,The Black Dahlia,unmatched,no movie match,,,,0
imdb://tt1825683,F:\MediaStack\data\media\movies\Black Panther (2018)\Black Panther (2018) [Bluray-1080p Proper] {imdb-tt1825683}.mkv,movie,Black Panther,unmatched,no movie match,,,,0
imdb://tt0101414,F:\MediaStack\data\media\movies\Beauty and the Beast (1991)\Beauty and the Beast (1991) [Bluray-1080p] {imdb-tt0101414}.mkv,movie,Beauty and the Beast,unmatched,no movie match,,,,0
imdb://tt2771200,F:\MediaStack\data\media\movies\Beauty and the Beast (2017)\Beauty and the Beast (2017) [Bluray-1080p] {imdb-tt2771200}.mkv,movie,Beauty and the Beast,unmatched,no movie match,,,,0
imdb://tt0317132,F:\MediaStack\data\media\movies\Because of Winn-Dixie (2005)\Because of Winn-Dixie (2005) [Bluray-1080p] {imdb-tt0317132}.mkv,movie,Because of Winn-Dixie,unmatched,no movie match,,,,0
imdb://tt0057877,F:\MediaStack\data\media\movies\Becket (1964)\Becket (1964) [Bluray-1080p Proper] {imdb-tt0057877}.mkv,movie,Becket,unmatched,no movie match,,,,0
imdb://tt0416508,F:\MediaStack\data\media\movies\Becoming Jane (2007)\Becoming Jane (2007) [Bluray-1080p] {imdb-tt0416508}.mkv,movie,Becoming Jane,unmatched,no movie match,,,,0
imdb://tt0066817,F:\MediaStack\data\media\movies\Bedknobs and Broomsticks (1971)\Bedknobs and Broomsticks (1971) [Bluray-1080p] {imdb-tt0066817}.mp4,movie,Bedknobs and Broomsticks,unmatched,no movie match,,,,0
imdb://tt0960731,F:\MediaStack\data\media\movies\Bedtime Stories (2008)\Bedtime Stories (2008) [Bluray-1080p] {imdb-tt0960731}.mp4,movie,Bedtime Stories,unmatched,no movie match,,,,0
imdb://tt0389790,F:\MediaStack\data\media\movies\Bee Movie (2007)\Bee Movie (2007) [Bluray-1080p] {imdb-tt0389790}.mp4,movie,Bee Movie,unmatched,no movie match,,,,0
imdb://tt0103786,F:\MediaStack\data\media\movies\Beethoven (1992)\Beethoven (1992) [Bluray-1080p] {imdb-tt0103786}.mp4,movie,Beethoven,unmatched,no movie match,,,,0
imdb://tt0106375,F:\MediaStack\data\media\movies\Beethoven's 2nd (1993)\Beethovens 2nd (1993) [Bluray-1080p] {imdb-tt0106375}.mp4,movie,Beethoven's 2nd,unmatched,no movie match,,,,0
imdb://tt0094721,F:\MediaStack\data\media\movies\Beetlejuice (1988)\Beetlejuice (1988) [Bluray-1080p] {imdb-tt0094721}.mkv,movie,Beetlejuice,unmatched,no movie match,,,,0
imdb://tt2049403,F:\MediaStack\data\media\movies\Beetlejuice Beetlejuice (2024)\Beetlejuice Beetlejuice (2024) [Bluray-1080p] {imdb-tt2049403}.mp4,movie,Beetlejuice Beetlejuice,unmatched,no movie match,,,,0
imdb://tt0112471,F:\MediaStack\data\media\movies\Before Sunrise (1995)\Before Sunrise (1995) [Bluray-1080p] {imdb-tt0112471}.mp4,movie,Before Sunrise,unmatched,no movie match,,,,0
imdb://tt0159273,F:\MediaStack\data\media\movies\Behind Enemy Lines (2001)\Behind Enemy Lines (2001) [Bluray-1080p] {imdb-tt0159273}.mp4,movie,Behind Enemy Lines,unmatched,no movie match,,,,0
imdb://tt13651628,F:\MediaStack\data\media\movies\Belle (2021)\Belle (2021) [Bluray-1080p] {imdb-tt13651628}.mkv,movie,Belle,unmatched,no movie match,,,,0
imdb://tt0052618,F:\MediaStack\data\media\movies\Ben-Hur (1959)\Ben-Hur (1959) [Bluray-1080p] {imdb-tt0052618}.mp4,movie,Ben-Hur,unmatched,no movie match,,,,0
imdb://tt2638144,F:\MediaStack\data\media\movies\Ben-Hur (2016)\Ben-Hur (2016) [Bluray-1080p] {imdb-tt2638144}.mkv,movie,Ben-Hur,unmatched,no movie match,,,,0
imdb://tt0442933,F:\MediaStack\data\media\movies\Beowulf (2007)\Beowulf (2007) [Bluray-1080p] {imdb-tt0442933}.mkv,movie,Beowulf,unmatched,no movie match,,,,0
imdb://tt0112453,F:\MediaStack\data\media\movies\Balto (1995)\Balto (1995) [Bluray-1080p Proper] {imdb-tt0112453}.mkv,movie,Balto,unmatched,no movie match,,,,0
imdb://tt0281634,F:\MediaStack\data\media\movies\Balto - Wolf Quest (2002)\Balto Wolf Quest (2002) [Bluray-1080p] {imdb-tt0281634}.mkv,movie,Balto: Wolf Quest,unmatched,no movie match,,,,0
imdb://tt0034492,F:\MediaStack\data\media\movies\Bambi (1942)\Bambi (1942) [Bluray-1080p] {imdb-tt0034492}.mp4,movie,Bambi,unmatched,no movie match,,,,0
imdb://tt0219965,F:\MediaStack\data\media\movies\Bandits (2001)\Bandits (2001) [Bluray-1080p] {imdb-tt0219965}.mkv,movie,Bandits,unmatched,no movie match,,,,0
imdb://tt0200465,F:\MediaStack\data\media\movies\The Bank Job (2008)\The Bank Job (2008) [Bluray-1080p] {imdb-tt0200465}.mkv,movie,The Bank Job,unmatched,no movie match,,,,0
imdb://tt1517268,F:\MediaStack\data\media\movies\Barbie (2023)\Barbie (2023) [Bluray-1080p] {imdb-tt1517268}.mkv,movie,Barbie,unmatched,no movie match,,,,0
imdb://tt0414853,F:\MediaStack\data\media\movies\Barnyard (2006)\Barnyard (2006) [Bluray-1080p] {imdb-tt0414853}.mkv,movie,Barnyard,unmatched,no movie match,,,,0
imdb://tt1861279,F:\MediaStack\data\media\movies\Barricade (2012)\Barricade (2012) [WEBDL-480p] {imdb-tt1861279}.mkv,movie,Barricade,unmatched,no movie match,,,,0
local://25082,F:\MediaStack\data\media\movies\Barry Lyndon (1975)\Barry Lyndon (1975) [Bluray-1080P] {Imdb-Tt0072684}.Clean.mp4,movie,Barry Lyndon,unmatched,no movie match,,,,0
imdb://tt0197273,F:\MediaStack\data\media\movies\Bartok the Magnificent (1999)\Bartok the Magnificent (1999) [Bluray-1080p] {imdb-tt0197273}.mkv,movie,Bartok the Magnificent,unmatched,no movie match,,,,0
imdb://tt0096895,F:\MediaStack\data\media\movies\Batman (1989)\Batman (1989) [Bluray-1080p] {imdb-tt0096895}.mp4,movie,Batman,unmatched,no movie match,,,,0
imdb://tt1877830,F:\MediaStack\data\media\movies\The Batman (2022)\The Batman (2022) [Bluray-1080p Proper] {imdb-tt1877830}.mkv,movie,The Batman,unmatched,no movie match,,,,0
imdb://tt0118688,F:\MediaStack\data\media\movies\Batman & Robin (1997)\Batman and Robin (1997) [WEBDL-1080p] {imdb-tt0118688}.mkv,movie,Batman & Robin,unmatched,no movie match,,,,0
imdb://tt0372784,F:\MediaStack\data\media\movies\Batman Begins (2005)\Batman Begins (2005) [Bluray-1080p] {imdb-tt0372784}.mkv,movie,Batman Begins,unmatched,no movie match,,,,0
imdb://tt2975590,F:\MediaStack\data\media\movies\Batman v Superman - Dawn of Justice (2016)\Batman v Superman Dawn of Justice (2016) [Bluray-1080p] {imdb-tt2975590}.mkv,movie,Batman v Superman: Dawn of Justice,unmatched,no movie match,,,,0
imdb://tt0041163,F:\MediaStack\data\media\movies\Battleground (1949)\Battleground (1949) [Bluray-1080p] {imdb-tt0041163}.mkv,movie,Battleground,unmatched,no movie match,,,,0
imdb://tt0799934,F:\MediaStack\data\media\movies\Be Kind Rewind (2008)\Be Kind Rewind (2008) [Bluray-1080p] {imdb-tt0799934}.mkv,movie,Be Kind Rewind,unmatched,no movie match,,,,0
imdb://tt0118689,F:\MediaStack\data\media\movies\Bean (1997)\Bean (1997) [Bluray-1080p] {imdb-tt0118689}.mp4,movie,Bean,unmatched,no movie match,,,,0
imdb://tt0268978,F:\MediaStack\data\media\movies\A Beautiful Mind (2001)\A Beautiful Mind (2001) [Bluray-1080p] {imdb-tt0268978}.mp4,movie,A Beautiful Mind,unmatched,no movie match,,,,0
imdb://tt0145660,F:\MediaStack\data\media\movies\Austin Powers - The Spy Who Shagged Me (1999)\Austin Powers The Spy Who Shagged Me (1999) [Bluray-1080p] {imdb-tt0145660}.mp4,movie,Austin Powers: The Spy Who Shagged Me,unmatched,no movie match,,,,0
imdb://tt0455824,F:\MediaStack\data\media\movies\Australia (2008)\Australia (2008) [Bluray-1080p] {imdb-tt0455824}.mp4,movie,Australia,unmatched,no movie match,,,,0
imdb://tt0077711,F:\MediaStack\data\media\movies\Autumn Sonata (1978)\Autumn Sonata (1978) [Bluray-1080p] {imdb-tt0077711}.mkv,movie,Autumn Sonata,unmatched,no movie match,,,,0
plex://movie/5d776d057a53e9001e74ed5d,F:\MediaStack\data\media\movies\Avatar (2009)\Avatar (2009) [Bluray-1080p] {imdb-tt0499549}.mkv,movie,Avatar,unmatched,no movie match,,,,0
imdb://tt1630029,F:\MediaStack\data\media\movies\Avatar - The Way of Water (2022)\Avatar The Way of Water (2022) [Bluray-1080p] {imdb-tt1630029}.mp4,movie,Avatar: The Way of Water,unmatched,no movie match,,,,0
imdb://tt0848228,F:\MediaStack\data\media\movies\The Avengers (2012)\The Avengers (2012) [Bluray-1080p Proper] {imdb-tt0848228}.mkv,movie,The Avengers,unmatched,no movie match,,,,0
imdb://tt2395427,F:\MediaStack\data\media\movies\Avengers - Age of Ultron (2015)\Avengers Age of Ultron (2015) [Bluray-1080p] {imdb-tt2395427}.mkv,movie,Avengers: Age of Ultron,unmatched,no movie match,,,,0
imdb://tt4154796,F:\MediaStack\data\media\movies\Avengers - Endgame (2019)\Avengers Endgame (2019) [Bluray-1080p] {imdb-tt4154796}.mkv,movie,Avengers: Endgame,unmatched,no movie match,,,,0
imdb://tt4154756,F:\MediaStack\data\media\movies\Avengers - Infinity War (2018)\Avengers Infinity War (2018) [Bluray-1080p Proper] {imdb-tt4154756}.mkv,movie,Avengers: Infinity War,unmatched,no movie match,,,,0
imdb://tt0338751,F:\MediaStack\data\media\movies\The Aviator (2004)\The Aviator (2004) [Bluray-1080p] {imdb-tt0338751}.mkv,movie,The Aviator,unmatched,no movie match,,,,0
imdb://tt0120595,F:\MediaStack\data\media\movies\Babe - Pig in the City (1998)\Babe Pig in the City (1998) [Bluray-1080p Proper] {imdb-tt0120595}.mp4,movie,Babe: Pig in the City,unmatched,no movie match,,,,0
imdb://tt0118665,F:\MediaStack\data\media\movies\Baby Geniuses (1999)\Baby Geniuses (1999) [WEBDL-720p] {imdb-tt0118665}.mkv,movie,Baby Geniuses,unmatched,no movie match,,,,0
imdb://tt0112435,F:\MediaStack\data\media\movies\The Baby-Sitters Club (1995)\The Baby-Sitters Club (1995) [WEBRip-1080p] {imdb-tt0112435}.mkv,movie,The Baby-Sitters Club,unmatched,no movie match,,,,0
imdb://tt0112442,F:\MediaStack\data\media\movies\Bad Boys (1995)\Bad Boys (1995) [Bluray-1080p] {imdb-tt0112442}.mkv,movie,Bad Boys,unmatched,ambiguous movie title match,,,,0
imdb://tt0280486,F:\MediaStack\data\media\movies\Bad Company (2002)\Bad Company (2002) [WEBRip-1080p] {imdb-tt0280486}.mp4,movie,Bad Company,unmatched,no movie match,,,,0
imdb://tt0472043,F:\MediaStack\data\media\movies\Apocalypto (2006)\Apocalypto (2006) [Bluray-1080p] {imdb-tt0472043}.mp4,movie,Apocalypto,unmatched,no movie match,,,,0
imdb://tt0112384,F:\MediaStack\data\media\movies\Apollo 13 (1995)\Apollo 13 (1995) [Bluray-1080p] {imdb-tt0112384}.mkv,movie,Apollo 13,unmatched,no movie match,,,,0
imdb://tt1477834,F:\MediaStack\data\media\movies\Aquaman (2018)\Aquaman (2018) [Bluray-1080p] {imdb-tt1477834}.mkv,movie,Aquaman,unmatched,no movie match,,,,0
imdb://tt9663764,F:\MediaStack\data\media\movies\Aquaman and the Lost Kingdom (2023)\Aquaman and the Lost Kingdom (2023) [Bluray-1080p] {imdb-tt9663764}.mp4,movie,Aquaman and the Lost Kingdom,unmatched,no movie match,,,,0
imdb://tt0429591,F:\MediaStack\data\media\movies\Aquamarine (2006)\Aquamarine (2006) [Bluray-1080p] {imdb-tt0429591}.mkv,movie,Aquamarine,unmatched,no movie match,,,,0
imdb://tt0099052,F:\MediaStack\data\media\movies\Arachnophobia (1990)\Arachnophobia (1990) [Bluray-1080p] {imdb-tt0099052}.mkv,movie,Arachnophobia,unmatched,no movie match,,,,0
imdb://tt0065421,F:\MediaStack\data\media\movies\The Aristocats (1970)\The Aristocats (1970) [Bluray-1080p] {imdb-tt0065421}.mkv,movie,The AristoCats,unmatched,no movie match,,,,0
imdb://tt0120591,F:\MediaStack\data\media\movies\Armageddon (1998)\Armageddon (1998) [Bluray-1080p] {imdb-tt0120591}.mkv,movie,Armageddon,unmatched,no movie match,,,,0
imdb://tt0036613,F:\MediaStack\data\media\movies\Arsenic and Old Lace (1944)\Arsenic and Old Lace (1944) [Bluray-1080p] {imdb-tt0036613}.mp4,movie,Arsenic and Old Lace,unmatched,no movie match,,,,0
imdb://tt0443680,F:\MediaStack\data\media\movies\The Assassination of Jesse James by the Coward Robert Ford (2007)\The Assassination of Jesse James by the Coward Robert Ford (2007) [Bluray-1080p] {imdb-tt0443680}.mkv,movie,The Assassination of Jesse James by the Coward Robert Ford,unmatched,no movie match,,,,0
imdb://tt0344864,F:\MediaStack\data\media\movies\Atlantis - Milo's Return (2003)\Atlantis Milos Return (2003) [Bluray-1080p] {imdb-tt0344864}.mkv,movie,Atlantis: Milo's Return,unmatched,no movie match,,,,0
imdb://tt0230011,F:\MediaStack\data\media\movies\Atlantis - The Lost Empire (2001)\Atlantis The Lost Empire (2001) [Bluray-1080p] {imdb-tt0230011}.mkv,movie,Atlantis: The Lost Empire,unmatched,no movie match,,,,0
imdb://tt0426931,F:\MediaStack\data\media\movies\August Rush (2007)\August Rush (2007) [Bluray-1080p] {imdb-tt0426931}.mkv,movie,August Rush,unmatched,no movie match,,,,0
imdb://tt0295178,F:\MediaStack\data\media\movies\Austin Powers in Goldmember (2002)\Austin Powers in Goldmember (2002) [Bluray-1080p] {imdb-tt0295178}.mp4,movie,Austin Powers in Goldmember,unmatched,no movie match,,,,0
imdb://tt0118655,F:\MediaStack\data\media\movies\Austin Powers - International Man of Mystery (1997)\Austin Powers International Man of Mystery (1997) [Bluray-1080p] {imdb-tt0118655}.mp4,movie,Austin Powers: International Man of Mystery,unmatched,no movie match,,,,0
imdb://tt0166973,F:\MediaStack\data\media\movies\An American Tail - The Treasure of Manhattan Island (1998)\An American Tail The Treasure of Manhattan Island (1998) [WEBDL-1080p] {imdb-tt0166973}.mkv,movie,An American Tail: The Treasure of Manhattan Island,unmatched,no movie match,,,,0
imdb://tt11729298,F:\MediaStack\data\media\movies\American Underdog (2021)\American Underdog (2021) [Bluray-1080p] {imdb-tt11729298}.mkv,movie,American Underdog,unmatched,no movie match,,,,0
imdb://tt0066759,F:\MediaStack\data\media\movies\The American West of John Ford (1971)\The American West of John Ford (1971) [WEBDL-480p] {imdb-tt0066759}.mkv,movie,The American West of John Ford,unmatched,no movie match,,,,0
imdb://tt0118617,F:\MediaStack\data\media\movies\Anastasia (1997)\Anastasia (1997) [Bluray-1080p] {imdb-tt0118617}.mp4,movie,Anastasia,unmatched,no movie match,,,,0
imdb://tt0052561,F:\MediaStack\data\media\movies\Anatomy of a Murder (1959)\Anatomy of a Murder (1959) [Bluray-1080p] {imdb-tt0052561}.mkv,movie,Anatomy of a Murder,unmatched,no movie match,,,,0
imdb://tt0109120,F:\MediaStack\data\media\movies\Andre (1994)\Andre (1994) [DVD] {imdb-tt0109120}.mp4,movie,Andre,unmatched,no movie match,,,,0
imdb://tt0039152,F:\MediaStack\data\media\movies\Angel and the Badman (1947)\Angel and the Badman (1947) [WEBDL-480p] {imdb-tt0039152}.mkv,movie,Angel and the Badman,unmatched,no movie match,,,,0
imdb://tt0808151,F:\MediaStack\data\media\movies\Angels & Demons (2009)\Angels and Demons (2009) [Bluray-1080p] {imdb-tt0808151}.mp4,movie,Angels & Demons,unmatched,no movie match,,,,0
imdb://tt0109127,F:\MediaStack\data\media\movies\Angels in the Outfield (1994)\Angels in the Outfield (1994) [WEBDL-1080p] {imdb-tt0109127}.mkv,movie,Angels in the Outfield,unmatched,no movie match,,,,0
imdb://tt0963743,"F:\MediaStack\data\media\movies\Angus, Thongs and Perfect Snogging (2008)\Angus Thongs and Perfect Snogging (2008) [WEBDL-720p] {imdb-tt0963743}.mkv",movie,"Angus, Thongs and Perfect Snogging",unmatched,no movie match,,,,0
imdb://tt0417433,F:\MediaStack\data\media\movies\Annapolis (2006)\Annapolis (2006) [Bluray-1080p] {imdb-tt0417433}.mp4,movie,Annapolis,unmatched,no movie match,,,,0
imdb://tt0083564,F:\MediaStack\data\media\movies\Annie (1982)\Annie (1982) [Bluray-1080p] {imdb-tt0083564}.mkv,movie,Annie,unmatched,ambiguous movie title match,,,,0
imdb://tt1823664,F:\MediaStack\data\media\movies\Annie (2014)\Annie (2014) [Bluray-1080p] {imdb-tt1823664}.mp4,movie,Annie,unmatched,ambiguous movie title match,,,,0
imdb://tt0478970,F:\MediaStack\data\media\movies\Ant-Man (2015)\Ant-Man (2015) [Bluray-1080p] {imdb-tt0478970}.mkv,movie,Ant-Man,unmatched,no movie match,,,,0
imdb://tt5095030,F:\MediaStack\data\media\movies\Ant-Man and the Wasp (2018)\Ant-Man and the Wasp (2018) [Bluray-1080p] {imdb-tt5095030}.mp4,movie,Ant-Man and the Wasp,unmatched,no movie match,,,,0
imdb://tt10954600,F:\MediaStack\data\media\movies\Ant-Man and the Wasp - Quantumania (2023)\Ant-Man and the Wasp Quantumania (2023) [Bluray-1080p] {imdb-tt10954600}.mkv,movie,Ant-Man and the Wasp: Quantumania,unmatched,no movie match,,,,0
imdb://tt0120587,F:\MediaStack\data\media\movies\Antz (1998)\Antz (1998) [Bluray-1080p] {imdb-tt0120587}.mp4,movie,Antz,unmatched,no movie match,,,,0
imdb://tt0146838,F:\MediaStack\data\media\movies\Any Given Sunday (1999)\Any Given Sunday (1999) [WEBDL-1080p] {imdb-tt0146838}.mkv,movie,Any Given Sunday,unmatched,no movie match,,,,0
imdb://tt0053604,F:\MediaStack\data\media\movies\The Apartment (1960)\The Apartment (1960) [Bluray-1080p] {imdb-tt0053604}.mkv,movie,The Apartment,unmatched,no movie match,,,,0
imdb://tt0405676,F:\MediaStack\data\media\movies\All the King's Men (2006)\All the Kings Men (2006) [Bluray-1080p] {imdb-tt0405676}.mp4,movie,All the King's Men,unmatched,no movie match,,,,0
imdb://tt0074119,F:\MediaStack\data\media\movies\All the President's Men (1976)\All the Presidents Men (1976) [Bluray-1080p] {imdb-tt0074119}.mp4,movie,All the President's Men,unmatched,no movie match,,,,0
imdb://tt0085154,F:\MediaStack\data\media\movies\All the Right Moves (1983)\All the Right Moves (1983) [Bluray-1080p] {imdb-tt0085154}.mp4,movie,All the Right Moves,unmatched,no movie match,,,,0
imdb://tt0952640,F:\MediaStack\data\media\movies\Alvin and the Chipmunks (2007)\Alvin and the Chipmunks (2007) [Bluray-1080p] {imdb-tt0952640}.mp4,movie,Alvin and the Chipmunks,unmatched,no movie match,,,,0
imdb://tt1231580,F:\MediaStack\data\media\movies\Alvin and the Chipmunks - The Squeakquel (2009)\Alvin and the Chipmunks The Squeakquel (2009) [Bluray-1080p] {imdb-tt1231580}.mp4,movie,Alvin and the Chipmunks: The Squeakquel,unmatched,no movie match,,,,0
imdb://tt0096794,F:\MediaStack\data\media\movies\Always (1989)\Always (1989) [Bluray-1080p] {imdb-tt0096794}.mp4,movie,Always,unmatched,no movie match,,,,0
imdb://tt0086879,F:\MediaStack\data\media\movies\Amadeus (1984)\Amadeus (1984) [Bluray-1080p] {imdb-tt0086879}.mkv,movie,Amadeus,unmatched,no movie match,,,,0
imdb://tt0211915,F:\MediaStack\data\media\movies\Amélie (2001)\Amelie (2001) [Bluray-1080p] {imdb-tt0211915}.mkv,movie,Amélie,unmatched,no movie match,,,,0
imdb://tt0265029,F:\MediaStack\data\media\movies\America's Sweethearts (2001)\Americas Sweethearts (2001) [Bluray-1080p] {imdb-tt0265029}.mkv,movie,America's Sweethearts,unmatched,no movie match,,,,0
imdb://tt0112346,F:\MediaStack\data\media\movies\The American President (1995)\The American President (1995) [Bluray-1080p] {imdb-tt0112346}.mkv,movie,The American President,unmatched,no movie match,,,,0
imdb://tt2179136,F:\MediaStack\data\media\movies\American Sniper (2014)\American Sniper (2014) [Bluray-1080p] {imdb-tt2179136}.mp4,movie,American Sniper,unmatched,no movie match,,,,0
imdb://tt0090633,F:\MediaStack\data\media\movies\An American Tail (1986)\An American Tail (1986) [Bluray-1080p] {imdb-tt0090633}.mp4,movie,An American Tail,unmatched,no movie match,,,,0
imdb://tt0101329,F:\MediaStack\data\media\movies\An American Tail - Fievel Goes West (1991)\An American Tail Fievel Goes West (1991) [Bluray-1080p] {imdb-tt0101329}.mkv,movie,An American Tail: Fievel Goes West,unmatched,no movie match,,,,0
imdb://tt0197230,F:\MediaStack\data\media\movies\An American Tail - The Mystery of the Night Monster (1999)\An American Tail The Mystery of the Night Monster (1999) [WEBDL-1080p] {imdb-tt0197230}.mkv,movie,An American Tail: The Mystery of the Night Monster,unmatched,no movie match,,,,0
imdb://tt0118570,F:\MediaStack\data\media\movies\Air Bud (1997)\Air Bud (1997) [WEBDL-1080p] {imdb-tt0118570}.mkv,movie,Air Bud,unmatched,no movie match,,,,0
imdb://tt0140796,F:\MediaStack\data\media\movies\Air Bud - Golden Receiver (1998)\Air Bud Golden Receiver (1998) [HDTV-720p] {imdb-tt0140796}.mp4,movie,Air Bud: Golden Receiver,unmatched,no movie match,,,,0
imdb://tt0337812,F:\MediaStack\data\media\movies\Air Bud - Spikes Back (2003)\Air Bud Spikes Back (2003) [WEBDL-1080p] {imdb-tt0337812}.mkv,movie,Air Bud: Spikes Back,unmatched,no movie match,,,,0
imdb://tt0161220,F:\MediaStack\data\media\movies\Air Bud - World Pup (2001)\Air Bud World Pup (2001) [WEBDL-1080p] {imdb-tt0161220}.mkv,movie,Air Bud: World Pup,unmatched,no movie match,,,,0
imdb://tt0118571,F:\MediaStack\data\media\movies\Air Force One (1997)\Air Force One (1997) [Bluray-1080p] {imdb-tt0118571}.mp4,movie,Air Force One,unmatched,no movie match,,,,0
imdb://tt0103639,F:\MediaStack\data\media\movies\Aladdin (1992)\Aladdin (1992) [Bluray-1080p Proper] {imdb-tt0103639}.mp4,movie,Aladdin,unmatched,no movie match,,,,0
imdb://tt6139732,F:\MediaStack\data\media\movies\Aladdin (2019)\Aladdin (2019) [Bluray-1080p] {imdb-tt6139732}.mkv,movie,Aladdin,unmatched,no movie match,,,,0
imdb://tt0115493,F:\MediaStack\data\media\movies\Alaska (1996)\Alaska (1996) [DVD] {imdb-tt0115493}.avi,movie,Alaska,unmatched,no movie match,,,,0
imdb://tt1712170,F:\MediaStack\data\media\movies\Alex Cross (2012)\Alex Cross (2012) [Bluray-1080p] {imdb-tt1712170}.mp4,movie,Alex Cross,unmatched,no movie match,,,,0
imdb://tt0346491,F:\MediaStack\data\media\movies\Alexander (2004)\Alexander (2004) [Bluray-1080p] {imdb-tt0346491}.mkv,movie,Alexander,unmatched,no movie match,,,,0
imdb://tt1698641,"F:\MediaStack\data\media\movies\Alexander and the Terrible, Horrible, No Good, Very Bad Day (2014)\Alexander and the Terrible Horrible No Good Very Bad Day (2014) [Bluray-1080p] {imdb-tt1698641}.mkv",movie,"Alexander and the Terrible, Horrible, No Good, Very Bad Day",unmatched,no movie match,,,,0
imdb://tt0043274,F:\MediaStack\data\media\movies\Alice in Wonderland (1951)\Alice in Wonderland (1951) [Bluray-1080p] {imdb-tt0043274}.mkv,movie,Alice in Wonderland,unmatched,no movie match,,,,0
imdb://tt1014759,F:\MediaStack\data\media\movies\Alice in Wonderland (2010)\Alice in Wonderland (2010) [Bluray-1080p] {imdb-tt1014759}.mp4,movie,Alice in Wonderland,unmatched,no movie match,,,,0
imdb://tt0078748,F:\MediaStack\data\media\movies\Alien (1979)\Alien (1979) [Bluray-1080p] {imdb-tt0078748}.mp4,movie,Alien,unmatched,no movie match,,,,0
imdb://tt0370263,F:\MediaStack\data\media\movies\AVP - Alien vs. Predator (2004)\AVP Alien vs. Predator (2004) [Bluray-1080p] {imdb-tt0370263}.mkv,movie,Alien vs. Predator,unmatched,no movie match,,,,0
imdb://tt2316204,F:\MediaStack\data\media\movies\Alien - Covenant (2017)\Alien Covenant (2017) [Bluray-1080p] {imdb-tt2316204}.mkv,movie,Alien: Covenant,unmatched,no movie match,,,,0
imdb://tt0118583,F:\MediaStack\data\media\movies\Alien Resurrection (1997)\Alien Resurrection (1997) [Bluray-1080p] {imdb-tt0118583}.mkv,movie,Alien: Resurrection,unmatched,no movie match,,,,0
imdb://tt18412256,F:\MediaStack\data\media\movies\Alien - Romulus (2024)\Alien Romulus (2024) [Bluray-1080p] {imdb-tt18412256}.mkv,movie,Alien: Romulus,unmatched,no movie match,,,,0
imdb://tt0103644,F:\MediaStack\data\media\movies\Alien³ (1992)\Alien³ (1992) [Bluray-1080p] {imdb-tt0103644}.mp4,movie,Alien³,unmatched,no movie match,,,,0
imdb://tt0090605,F:\MediaStack\data\media\movies\Aliens (1986)\Aliens (1986) [Bluray-1080p] {imdb-tt0090605}.mp4,movie,Aliens,unmatched,no movie match,,,,0
imdb://tt0775552,F:\MediaStack\data\media\movies\Aliens in the Attic (2009)\Aliens in the Attic (2009) [Bluray-1080p] {imdb-tt0775552}.mp4,movie,Aliens in the Attic,unmatched,no movie match,,,,0
imdb://tt0042192,F:\MediaStack\data\media\movies\All About Eve (1950)\All About Eve (1950) [Bluray-1080p] {imdb-tt0042192}.mkv,movie,All About Eve,unmatched,no movie match,,,,0
imdb://tt0115509,F:\MediaStack\data\media\movies\All Dogs Go to Heaven 2 (1996)\All Dogs Go to Heaven 2 (1996) [Bluray-1080p] {imdb-tt0115509}.mkv,movie,All Dogs Go to Heaven 2,unmatched,no movie match,,,,0
imdb://tt2017038,F:\MediaStack\data\media\movies\All Is Lost (2013)\All Is Lost (2013) [Bluray-1080p] {imdb-tt2017038}.mkv,movie,All Is Lost,unmatched,no movie match,,,,0
imdb://tt0212720,F:\MediaStack\data\media\movies\A.I. Artificial Intelligence (2001)\A.I. Artificial Intelligence (2001) [Bluray-1080p] {imdb-tt0212720}.mkv,movie,A.I. Artificial Intelligence,unmatched,no movie match,,,,0
imdb://tt0109040,F:\MediaStack\data\media\movies\Ace Ventura - Pet Detective (1994)\Ace Ventura Pet Detective (1994) [Bluray-1080p] {imdb-tt0109040}.mkv,movie,Ace Ventura: Pet Detective,unmatched,no movie match,,,,0
local://25179,F:\MediaStack\data\media\movies\Across the Universe (2007)\Across The Universe (2007) [Bluray-1080P] {Imdb-Tt0445922}.Clean.mp4,movie,Across the Universe,unmatched,no movie match,,,,0
imdb://tt0106223,F:\MediaStack\data\media\movies\The Adventures of Huck Finn (1993)\The Adventures of Huck Finn (1993) [WEBDL-1080p] {imdb-tt0106223}.mkv,movie,The Adventures of Huck Finn,unmatched,no movie match,,,,0
imdb://tt0097050,F:\MediaStack\data\media\movies\The Adventures of Milo and Otis (1986)\The Adventures of Milo and Otis (1986) [Bluray-1080p] {imdb-tt0097050}.mkv,movie,The Adventures of Milo and Otis,unmatched,no movie match,,,,0
imdb://tt0424774,F:\MediaStack\data\media\movies\The Adventures of Sharkboy and Lavagirl (2005)\The Adventures of Sharkboy and Lavagirl (2005) [Bluray-1080p] {imdb-tt0424774}.mkv,movie,The Adventures of Sharkboy and Lavagirl 3-D,unmatched,no movie match,,,,0
imdb://tt0983193,F:\MediaStack\data\media\movies\The Adventures of Tintin (2011)\The Adventures of Tintin (2011) [Bluray-1080p] {imdb-tt0983193}.mkv,movie,The Adventures of Tintin,unmatched,no movie match,,,,0
imdb://tt0402022,F:\MediaStack\data\media\movies\Æon Flux (2005)\AEon Flux (2005) [WEBDL-1080p] {imdb-tt0402022}.mkv,movie,Aeon Flux,unmatched,no movie match,,,,0
imdb://tt0050105,F:\MediaStack\data\media\movies\An Affair to Remember (1957)\An Affair to Remember (1957) [Bluray-1080p] {imdb-tt0050105}.mp4,movie,An Affair to Remember,unmatched,no movie match,,,,0
imdb://tt0367479,F:\MediaStack\data\media\movies\After the Sunset (2004)\After the Sunset (2004) [Bluray-1080p] {imdb-tt0367479}.mp4,movie,After the Sunset,unmatched,no movie match,,,,0
imdb://tt0106226,F:\MediaStack\data\media\movies\The Age of Innocence (1993)\The Age of Innocence (1993) [Bluray-1080p] {imdb-tt0106226}.mkv,movie,The Age of Innocence,unmatched,no movie match,,,,0
imdb://tt0313911,F:\MediaStack\data\media\movies\Agent Cody Banks (2003)\Agent Cody Banks (2003) [DVD] {imdb-tt0313911}.mkv,movie,Agent Cody Banks,unmatched,no movie match,,,,0
imdb://tt0358349,F:\MediaStack\data\media\movies\Agent Cody Banks 2 - Destination London (2004)\Agent Cody Banks 2 Destination London (2004) [Bluray-1080p] {imdb-tt0358349}.mp4,movie,Agent Cody Banks 2: Destination London,unmatched,no movie match,,,,0
imdb://tt16419074,F:\MediaStack\data\media\movies\Air (2023)\Air (2023) [Bluray-1080p] {imdb-tt16419074}.mkv,movie,Air,unmatched,ambiguous movie title match,,,,0
imdb://tt2024544,F:\MediaStack\data\media\movies\12 Years a Slave (2013)\12 Years a Slave (2013) [Bluray-1080p] {imdb-tt2024544}.mkv,movie,12 Years a Slave,unmatched,no movie match,,,,0
imdb://tt23849204,F:\MediaStack\data\media\movies\12th Fail (2023)\12th Fail (2023) [WEBRip-1080p] {imdb-tt23849204}.mp4,movie,12th Fail,unmatched,no movie match,,,,0
imdb://tt4172430,F:\MediaStack\data\media\movies\13 Hours - The Secret Soldiers of Benghazi (2016)\13 Hours The Secret Soldiers of Benghazi (2016) [Bluray-1080p] {imdb-tt4172430}.mkv,movie,13 Hours,unmatched,no movie match,,,,0
imdb://tt0120657,F:\MediaStack\data\media\movies\The 13th Warrior (1999)\The 13th Warrior (1999) [Bluray-1080p] {imdb-tt0120657}.mkv,movie,The 13th Warrior,unmatched,no movie match,,,,0
imdb://tt6802308,F:\MediaStack\data\media\movies\The 15-17 to Paris (2018)\The 15-17 to Paris (2018) [WEBDL-1080p] {imdb-tt6802308}.mkv,movie,The 15:17 to Paris,unmatched,no movie match,,,,0
imdb://tt0974661,F:\MediaStack\data\media\movies\17 Again (2009)\17 Again (2009) [Bluray-1080p] {imdb-tt0974661}.mp4,movie,17 Again,unmatched,no movie match,,,,0
imdb://tt1909270,F:\MediaStack\data\media\movies\17 Miracles (2011)\17 Miracles (2011) [Bluray-1080p] {imdb-tt1909270}.mp4,movie,17 Miracles,unmatched,no movie match,,,,0
imdb://tt0988595,F:\MediaStack\data\media\movies\27 Dresses (2008)\27 Dresses (2008) [WEBDL-1080p] {imdb-tt0988595}.mkv,movie,27 Dresses,unmatched,no movie match,,,,0
imdb://tt2006295,F:\MediaStack\data\media\movies\The 33 (2015)\The 33 (2015) [Bluray-1080p] {imdb-tt2006295}.mp4,movie,The 33,unmatched,no movie match,,,,0
imdb://tt0453562,F:\MediaStack\data\media\movies\42 (2013)\42 (2013) [Bluray-1080p] {imdb-tt0453562}.mp4,movie,42,unmatched,no movie match,,,,0
imdb://tt0115433,F:\MediaStack\data\media\movies\101 Dalmatians (1996)\101 Dalmatians (1996) [WEBDL-1080p] {imdb-tt0115433}.mkv,movie,101 Dalmatians,unmatched,no movie match,,,,0
imdb://tt0324941,F:\MediaStack\data\media\movies\101 Dalmatians II - Patch's London Adventure (2003)\101 Dalmatians II Patchs London Adventure (2003) [Bluray-1080p] {imdb-tt0324941}.mkv,movie,101 Dalmatians 2: Patch's London Adventure,unmatched,no movie match,,,,0
imdb://tt0211181,F:\MediaStack\data\media\movies\102 Dalmatians (2000)\102 Dalmatians (2000) [WEBDL-1080p] {imdb-tt0211181}.mkv,movie,102 Dalmatians,unmatched,no movie match,,,,0
imdb://tt1542344,F:\MediaStack\data\media\movies\127 Hours (2010)\127 Hours (2010) [Bluray-1080p] {imdb-tt1542344}.mkv,movie,127 Hours,unmatched,no movie match,,,,0
imdb://tt1022603,F:\MediaStack\data\media\movies\(500) Days of Summer (2009)\500 Days of Summer (2009) [Bluray-1080p] {imdb-tt1022603}.mkv,movie,500 Days of Summer,unmatched,no movie match,,,,0
imdb://tt0062622,F:\MediaStack\data\media\movies\2001 - A Space Odyssey (1968)\2001 A Space Odyssey (1968) [Bluray-1080p] {imdb-tt0062622}.mkv,movie,2001: A Space Odyssey,unmatched,no movie match,,,,0
imdb://tt1187043,F:\MediaStack\data\media\movies\3 Idiots (2009)\3 Idiots (2009) [Bluray-1080p] {imdb-tt1187043}.mp4,movie,3 Idiots,unmatched,no movie match,,,,0
imdb://tt0109021,F:\MediaStack\data\media\movies\8 Seconds (1994)\8 Seconds (1994) [WEBDL-1080p] {imdb-tt0109021}.mkv,movie,8 Seconds,unmatched,no movie match,,,,0
imdb://tt11540284,F:\MediaStack\data\media\movies\8-Bit Christmas (2021)\8-Bit Christmas (2021) [WEBDL-1080p] {imdb-tt11540284}.mkv,movie,8-Bit Christmas,unmatched,no movie match,,,,0
imdb://tt0472033,F:\MediaStack\data\media\movies\9 (2009)\9 (2009) [Bluray-1080p] {imdb-tt0472033}.mp4,movie,9,unmatched,no movie match,,,,0
imdb://tt0147800,F:\MediaStack\data\media\movies\10 Things I Hate About You (1999)\10 Things I Hate About You (1999) [Bluray-1080p] {imdb-tt0147800}.mp4,movie,10 Things I Hate About You,unmatched,no movie match,,,,0
imdb://tt0443649,"F:\MediaStack\data\media\movies\10,000 BC (2008)\10,000 BC (2008) [Bluray-1080p] {imdb-tt0443649}.mkv",movie,"10,000 BC",unmatched,no movie match,,,,0
imdb://tt0050083,F:\MediaStack\data\media\movies\12 Angry Men (1957)\12 Angry Men (1957) [Bluray-1080p] {imdb-tt0050083}.mkv,movie,12 Angry Men,unmatched,no movie match,,,,0
